2026-08-26 14:55:53.775 | INFO     | winwatt_automation.live_ui.app_connector:get_cached_main_window:597 - DBG_WINWATT_CACHE_GET reason_code=cache_missing_resolving_fresh diagnostic_fast_mode=False
2026-08-26 14:55:53.999 | DEBUG    | winwatt_automation.live_ui.app_connector:list_candidate_windows:180 - Discovered 0 WinWatt-like windows on backend=win32
2026-08-26 14:55:54.008 | INFO     | winwatt_automation.live_ui.app_connector:_connect_with_win32_handle:276 - DBG_WINWATT_CONNECT_WIN32_CANDIDATES locator=backend=win32 ranked_candidates=[] 
2026-08-26 14:55:54.013 | WARNING  | winwatt_automation.runtime_mapping.program_mapper:_safe_capture_snapshot:191 - snapshot_capture_failed state_id=startup_after_relaunch error=No WinWatt-like windows were found
2026-08-26 14:55:54.514 | INFO     | winwatt_automation.live_ui.app_connector:get_cached_main_window:597 - DBG_WINWATT_CACHE_GET reason_code=cache_missing_resolving_fresh diagnostic_fast_mode=False
2026-08-26 14:55:57.108 | DEBUG    | winwatt_automation.live_ui.app_connector:list_candidate_windows:180 - Discovered 0 WinWatt-like windows on backend=win32
2026-08-26 14:55:57.108 | INFO     | winwatt_automation.live_ui.app_connector:_connect_with_win32_handle:276 - DBG_WINWATT_CONNECT_WIN32_CANDIDATES locator=backend=win32 ranked_candidates=[] 
2026-08-26 14:55:57.108 | WARNING  | winwatt_automation.runtime_mapping.program_mapper:_safe_capture_snapshot:191 - snapshot_capture_failed state_id=startup_after_relaunch error=No WinWatt-like windows were found
2026-08-26 14:55:57.624 | INFO     | winwatt_automation.live_ui.app_connector:get_cached_main_window:597 - DBG_WINWATT_CACHE_GET reason_code=cache_missing_resolving_fresh diagnostic_fast_mode=False
2026-08-26 14:55:59.248 | DEBUG    | winwatt_automation.live_ui.app_connector:list_candidate_windows:180 - Discovered 0 WinWatt-like windows on backend=win32
2026-08-26 14:55:59.248 | INFO     | winwatt_automation.live_ui.app_connector:_connect_with_win32_handle:276 - DBG_WINWATT_CONNECT_WIN32_CANDIDATES locator=backend=win32 ranked_candidates=[] 
2026-08-26 14:55:59.248 | WARNING  | winwatt_automation.runtime_mapping.program_mapper:_safe_capture_snapshot:191 - snapshot_capture_failed state_id=startup_after_relaunch error=No WinWatt-like windows were found
2026-08-26 14:55:59.754 | INFO     | winwatt_automation.live_ui.app_connector:get_cached_main_window:597 - DBG_WINWATT_CACHE_GET reason_code=cache_missing_resolving_fresh diagnostic_fast_mode=False
2026-08-26 14:55:59.841 | DEBUG    | winwatt_automation.live_ui.app_connector:list_candidate_windows:180 - Discovered 0 WinWatt-like windows on backend=win32
2026-08-26 14:55:59.841 | INFO     | winwatt_automation.live_ui.app_connector:_connect_with_win32_handle:276 - DBG_WINWATT_CONNECT_WIN32_CANDIDATES locator=backend=win32 ranked_candidates=[] 
2026-08-26 14:55:59.841 | WARNING  | winwatt_automation.runtime_mapping.program_mapper:_safe_capture_snapshot:191 - snapshot_capture_failed state_id=startup_after_relaunch error=No WinWatt-like windows were found
2026-08-26 14:56:00.358 | INFO     | winwatt_automation.live_ui.app_connector:get_cached_main_window:597 - DBG_WINWATT_CACHE_GET reason_code=cache_missing_resolving_fresh diagnostic_fast_mode=False
2026-08-26 14:56:00.441 | DEBUG    | winwatt_automation.live_ui.app_connector:list_candidate_windows:180 - Discovered 0 WinWatt-like windows on backend=win32
2026-08-26 14:56:00.441 | INFO     | winwatt_automation.live_ui.app_connector:_connect_with_win32_handle:276 - DBG_WINWATT_CONNECT_WIN32_CANDIDATES locator=backend=win32 ranked_candidates=[] 
2026-08-26 14:56:00.441 | WARNING  | winwatt_automation.runtime_mapping.program_mapper:_safe_capture_snapshot:191 - snapshot_capture_failed state_id=startup_after_relaunch error=No WinWatt-like windows were found
2026-08-26 14:56:00.958 | INFO     | winwatt_automation.live_ui.app_connector:get_cached_main_window:597 - DBG_WINWATT_CACHE_GET reason_code=cache_missing_resolving_fresh diagnostic_fast_mode=False
2026-08-26 14:56:01.026 | DEBUG    | winwatt_automation.live_ui.app_connector:list_candidate_windows:180 - Discovered 0 WinWatt-like windows on backend=win32
2026-08-26 14:56:01.026 | INFO     | winwatt_automation.live_ui.app_connector:_connect_with_win32_handle:276 - DBG_WINWATT_CONNECT_WIN32_CANDIDATES locator=backend=win32 ranked_candidates=[] 
2026-08-26 14:56:01.026 | WARNING  | winwatt_automation.runtime_mapping.program_mapper:_safe_capture_snapshot:191 - snapshot_capture_failed state_id=startup_after_relaunch error=No WinWatt-like windows were found
2026-08-26 14:56:01.535 | INFO     | winwatt_automation.live_ui.app_connector:get_cached_main_window:597 - DBG_WINWATT_CACHE_GET reason_code=cache_missing_resolving_fresh diagnostic_fast_mode=False
2026-08-26 14:56:01.593 | DEBUG    | winwatt_automation.live_ui.app_connector:list_candidate_windows:180 - Discovered 0 WinWatt-like windows on backend=win32
2026-08-26 14:56:01.593 | INFO     | winwatt_automation.live_ui.app_connector:_connect_with_win32_handle:276 - DBG_WINWATT_CONNECT_WIN32_CANDIDATES locator=backend=win32 ranked_candidates=[] 
2026-08-26 14:56:01.593 | WARNING  | winwatt_automation.runtime_mapping.program_mapper:_safe_capture_snapshot:191 - snapshot_capture_failed state_id=startup_after_relaunch error=No WinWatt-like windows were found
2026-08-26 14:56:02.104 | INFO     | winwatt_automation.live_ui.app_connector:get_cached_main_window:597 - DBG_WINWATT_CACHE_GET reason_code=cache_missing_resolving_fresh diagnostic_fast_mode=False
2026-08-26 14:56:02.191 | DEBUG    | winwatt_automation.live_ui.app_connector:list_candidate_windows:180 - Discovered 0 WinWatt-like windows on backend=win32
2026-08-26 14:56:02.191 | INFO     | winwatt_automation.live_ui.app_connector:_connect_with_win32_handle:276 - DBG_WINWATT_CONNECT_WIN32_CANDIDATES locator=backend=win32 ranked_candidates=[] 
2026-08-26 14:56:02.191 | WARNING  | winwatt_automation.runtime_mapping.program_mapper:_safe_capture_snapshot:191 - snapshot_capture_failed state_id=startup_after_relaunch error=No WinWatt-like windows were found
2026-08-26 14:56:02.701 | INFO     | winwatt_automation.live_ui.app_connector:get_cached_main_window:597 - DBG_WINWATT_CACHE_GET reason_code=cache_missing_resolving_fresh diagnostic_fast_mode=False
2026-08-26 14:56:02.790 | DEBUG    | winwatt_automation.live_ui.app_connector:list_candidate_windows:180 - Discovered 0 WinWatt-like windows on backend=win32
2026-08-26 14:56:02.791 | INFO     | winwatt_automation.live_ui.app_connector:_connect_with_win32_handle:276 - DBG_WINWATT_CONNECT_WIN32_CANDIDATES locator=backend=win32 ranked_candidates=[] 
2026-08-26 14:56:02.791 | WARNING  | winwatt_automation.runtime_mapping.program_mapper:_safe_capture_snapshot:191 - snapshot_capture_failed state_id=startup_after_relaunch error=No WinWatt-like windows were found
2026-08-26 14:56:03.293 | INFO     | winwatt_automation.live_ui.app_connector:get_cached_main_window:597 - DBG_WINWATT_CACHE_GET reason_code=cache_missing_resolving_fresh diagnostic_fast_mode=False
2026-08-26 14:56:03.358 | DEBUG    | winwatt_automation.live_ui.app_connector:list_candidate_windows:180 - Discovered 0 WinWatt-like windows on backend=win32
2026-08-26 14:56:03.358 | INFO     | winwatt_automation.live_ui.app_connector:_connect_with_win32_handle:276 - DBG_WINWATT_CONNECT_WIN32_CANDIDATES locator=backend=win32 ranked_candidates=[] 
2026-08-26 14:56:03.358 | WARNING  | winwatt_automation.runtime_mapping.program_mapper:_safe_capture_snapshot:191 - snapshot_capture_failed state_id=startup_after_relaunch error=No WinWatt-like windows were found
2026-08-26 14:56:03.863 | INFO     | winwatt_automation.live_ui.app_connector:get_cached_main_window:597 - DBG_WINWATT_CACHE_GET reason_code=cache_missing_resolving_fresh diagnostic_fast_mode=False
2026-08-26 14:56:03.925 | DEBUG    | winwatt_automation.live_ui.app_connector:list_candidate_windows:180 - Discovered 0 WinWatt-like windows on backend=win32
2026-08-26 14:56:03.925 | INFO     | winwatt_automation.live_ui.app_connector:_connect_with_win32_handle:276 - DBG_WINWATT_CONNECT_WIN32_CANDIDATES locator=backend=win32 ranked_candidates=[] 
2026-08-26 14:56:03.925 | WARNING  | winwatt_automation.runtime_mapping.program_mapper:_safe_capture_snapshot:191 - snapshot_capture_failed state_id=startup_after_relaunch error=No WinWatt-like windows were found
2026-08-26 14:56:04.434 | INFO     | winwatt_automation.live_ui.app_connector:get_cached_main_window:597 - DBG_WINWATT_CACHE_GET reason_code=cache_missing_resolving_fresh diagnostic_fast_mode=False
2026-08-26 14:56:04.499 | DEBUG    | winwatt_automation.live_ui.app_connector:list_candidate_windows:180 - Discovered 0 WinWatt-like windows on backend=win32
2026-08-26 14:56:04.503 | INFO     | winwatt_automation.live_ui.app_connector:_connect_with_win32_handle:276 - DBG_WINWATT_CONNECT_WIN32_CANDIDATES locator=backend=win32 ranked_candidates=[] 
2026-08-26 14:56:04.503 | WARNING  | winwatt_automation.runtime_mapping.program_mapper:_safe_capture_snapshot:191 - snapshot_capture_failed state_id=startup_after_relaunch error=No WinWatt-like windows were found
2026-08-26 14:56:05.005 | INFO     | winwatt_automation.live_ui.app_connector:get_cached_main_window:597 - DBG_WINWATT_CACHE_GET reason_code=cache_missing_resolving_fresh diagnostic_fast_mode=False
2026-08-26 14:56:05.058 | DEBUG    | winwatt_automation.live_ui.app_connector:list_candidate_windows:180 - Discovered 0 WinWatt-like windows on backend=win32
2026-08-26 14:56:05.076 | INFO     | winwatt_automation.live_ui.app_connector:_connect_with_win32_handle:276 - DBG_WINWATT_CONNECT_WIN32_CANDIDATES locator=backend=win32 ranked_candidates=[] 
2026-08-26 14:56:05.077 | WARNING  | winwatt_automation.runtime_mapping.program_mapper:_safe_capture_snapshot:191 - snapshot_capture_failed state_id=startup_after_relaunch error=No WinWatt-like windows were found
2026-08-26 14:56:05.579 | INFO     | winwatt_automation.live_ui.app_connector:get_cached_main_window:597 - DBG_WINWATT_CACHE_GET reason_code=cache_missing_resolving_fresh diagnostic_fast_mode=False
2026-08-26 14:56:05.675 | DEBUG    | winwatt_automation.live_ui.app_connector:list_candidate_windows:180 - Discovered 1 WinWatt-like windows on backend=win32
2026-08-26 14:56:05.682 | DEBUG    | winwatt_automation.live_ui.app_connector:list_candidate_windows:182 - Candidate[win32]: {'title': 'WinWatt gólya - C:\\Users\\Admin\\Documents\\GitHub\\autowinwatt\\winwatt_automation\\data\\runtime_maps\\full_authorized_sandbox\\20260826T123933Z\\testwwp.wwp', 'window_text': 'WinWatt gólya - C:\\Users\\Admin\\Documents\\GitHub\\autowinwatt\\winwatt_automation\\data\\runtime_maps\\full_authorized_sandbox\\20260826T123933Z\\testwwp.wwp', 'class_name': 'TMainForm', 'control_type': None, 'process_id': 8200, 'handle': None, 'is_visible': True, 'is_enabled': True, 'rectangle': {'left': -10, 'top': -10, 'right': 1930, 'bottom': 1030, 'width': 1940, 'height': 1040}, 'size': {'width': 1940, 'height': 1040}}
2026-08-26 14:56:05.682 | INFO     | winwatt_automation.live_ui.app_connector:_connect_with_win32_handle:276 - DBG_WINWATT_CONNECT_WIN32_CANDIDATES locator=backend=win32 ranked_candidates=[{'rank': 1, 'score': (1, 1, 1, 1, 2017600), 'process_id': 8200, 'handle': None, 'class_name': 'TMainForm', 'title': 'WinWatt gólya - C:\\Users\\Admin\\Documents\\GitHub\\autowinwatt\\winwatt_automation\\data\\runtime_maps\\full_authorized_sandbox\\20260826T123933Z\\testwwp.wwp', 'visible': True, 'enabled': True}] 
2026-08-26 14:56:05.682 | INFO     | winwatt_automation.live_ui.app_connector:select_main_window:224 - Candidate ranking score=(1, 1, 1, 1, 2017600) data={'title': 'WinWatt gólya - C:\\Users\\Admin\\Documents\\GitHub\\autowinwatt\\winwatt_automation\\data\\runtime_maps\\full_authorized_sandbox\\20260826T123933Z\\testwwp.wwp', 'window_text': 'WinWatt gólya - C:\\Users\\Admin\\Documents\\GitHub\\autowinwatt\\winwatt_automation\\data\\runtime_maps\\full_authorized_sandbox\\20260826T123933Z\\testwwp.wwp', 'class_name': 'TMainForm', 'control_type': None, 'process_id': 8200, 'handle': None, 'is_visible': True, 'is_enabled': True, 'rectangle': {'left': -10, 'top': -10, 'right': 1930, 'bottom': 1030, 'width': 1940, 'height': 1040}, 'size': {'width': 1940, 'height': 1040}}
2026-08-26 14:56:05.682 | INFO     | winwatt_automation.live_ui.app_connector:select_main_window:234 - Selected main window process_id=8200 handle=None score=(1, 1, 1, 1, 2017600) reasons=['has_process_id=True', 'has_handle=False', 'visible=True', 'enabled=True', 'title_has_winwatt=True', 'area=2017600']
2026-08-26 14:56:05.682 | INFO     | winwatt_automation.live_ui.app_connector:_connect_with_win32_handle:293 - DBG_WINWATT_CONNECT_WIN32_SELECTED selected_payload={'title': 'WinWatt gólya - C:\\Users\\Admin\\Documents\\GitHub\\autowinwatt\\winwatt_automation\\data\\runtime_maps\\full_authorized_sandbox\\20260826T123933Z\\testwwp.wwp', 'window_text': 'WinWatt gólya - C:\\Users\\Admin\\Documents\\GitHub\\autowinwatt\\winwatt_automation\\data\\runtime_maps\\full_authorized_sandbox\\20260826T123933Z\\testwwp.wwp', 'class_name': 'TMainForm', 'control_type': None, 'process_id': 8200, 'handle': None, 'is_visible': True, 'is_enabled': True, 'rectangle': {'left': -10, 'top': -10, 'right': 1930, 'bottom': 1030, 'width': 1940, 'height': 1040}, 'size': {'width': 1940, 'height': 1040}} selected_handle_is_none=True
2026-08-26 14:56:05.682 | INFO     | winwatt_automation.live_ui.app_connector:_connect_with_win32_handle:336 - Connected to WinWatt backend=win32 attach_mode=process candidate={'process_id': 8200, 'handle': None, 'class_name': 'TMainForm', 'title': 'WinWatt gólya - C:\\Users\\Admin\\Documents\\GitHub\\autowinwatt\\winwatt_automation\\data\\runtime_maps\\full_authorized_sandbox\\20260826T123933Z\\testwwp.wwp'}
2026-08-26 14:56:05.692 | INFO     | winwatt_automation.live_ui.app_connector:_connect_with_win32_handle:350 - DBG_WINWATT_CONNECT_WIN32_RESOLVED process_id=8200 resolved_handle=None selected_payload={'title': 'WinWatt gólya - C:\\Users\\Admin\\Documents\\GitHub\\autowinwatt\\winwatt_automation\\data\\runtime_maps\\full_authorized_sandbox\\20260826T123933Z\\testwwp.wwp', 'window_text': 'WinWatt gólya - C:\\Users\\Admin\\Documents\\GitHub\\autowinwatt\\winwatt_automation\\data\\runtime_maps\\full_authorized_sandbox\\20260826T123933Z\\testwwp.wwp', 'class_name': 'TMainForm', 'control_type': None, 'process_id': 8200, 'handle': None, 'is_visible': True, 'is_enabled': True, 'rectangle': {'left': -10, 'top': -10, 'right': 1930, 'bottom': 1030, 'width': 1940, 'height': 1040}, 'size': {'width': 1940, 'height': 1040}}
2026-08-26 14:56:05.692 | INFO     | winwatt_automation.live_ui.app_connector:_resolve_uia_main_window:382 - DBG_WINWATT_RESOLVE_UIA_WIN32_SELECTED selected_payload={'title': 'WinWatt gólya - C:\\Users\\Admin\\Documents\\GitHub\\autowinwatt\\winwatt_automation\\data\\runtime_maps\\full_authorized_sandbox\\20260826T123933Z\\testwwp.wwp', 'window_text': 'WinWatt gólya - C:\\Users\\Admin\\Documents\\GitHub\\autowinwatt\\winwatt_automation\\data\\runtime_maps\\full_authorized_sandbox\\20260826T123933Z\\testwwp.wwp', 'class_name': 'TMainForm', 'control_type': None, 'process_id': 8200, 'handle': None, 'is_visible': True, 'is_enabled': True, 'rectangle': {'left': -10, 'top': -10, 'right': 1930, 'bottom': 1030, 'width': 1940, 'height': 1040}, 'size': {'width': 1940, 'height': 1040}}
2026-08-26 14:56:05.692 | INFO     | winwatt_automation.live_ui.app_connector:_resolve_uia_main_window:388 - Connected to WinWatt backend=uia process_id=8200
2026-08-26 14:56:05.692 | INFO     | winwatt_automation.live_ui.app_connector:_resolve_uia_main_window:390 - Resolving main WinWatt window backend=uia class_name=TMainForm title_re=.*WinWatt.*
2026-08-26 14:56:06.096 | INFO     | winwatt_automation.live_ui.app_connector:_resolve_uia_main_window:400 - DBG_WINWATT_RESOLVE_UIA_PRIMARY selected_payload={'title': 'WinWatt gólya - C:\\Users\\Admin\\Documents\\GitHub\\autowinwatt\\winwatt_automation\\data\\runtime_maps\\full_authorized_sandbox\\20260826T123933Z\\testwwp.wwp', 'window_text': 'WinWatt gólya - C:\\Users\\Admin\\Documents\\GitHub\\autowinwatt\\winwatt_automation\\data\\runtime_maps\\full_authorized_sandbox\\20260826T123933Z\\testwwp.wwp', 'class_name': 'TMainForm', 'control_type': None, 'process_id': 8200, 'handle': None, 'is_visible': True, 'is_enabled': True, 'rectangle': {'left': -10, 'top': -10, 'right': 1930, 'bottom': 1030, 'width': 1940, 'height': 1040}, 'size': {'width': 1940, 'height': 1040}} primary_result={'wrapper_type': 'UIAWrapper', 'handle': 1901766, 'process_id': 8200, 'title': 'WinWatt gólya - C:\\Users\\Admin\\Documents\\GitHub\\autowinwatt\\winwatt_automation\\data\\runtime_maps\\full_authorized_sandbox\\20260826T123933Z\\testwwp.wwp', 'class_name': 'TMainForm', 'control_type': 'Window'} identity_match_with_win32=None
2026-08-26 14:56:06.096 | DEBUG    | winwatt_automation.live_ui.app_connector:get_cached_main_window:606 - DBG_PHASE_TIMING phase=get_cached_main_window elapsed_ms=515.000 reason_code=fresh_resolve
2026-08-26 14:56:06.238 | DEBUG    | winwatt_automation.live_ui.app_connector:get_cached_main_window:565 - DBG_WINWATT_CACHE_GET reason_code=cache_reused_without_validation payload={'wrapper_type': 'UIAWrapper', 'handle': 1901766, 'process_id': 8200, 'title': 'WinWatt gólya - C:\\Users\\Admin\\Documents\\GitHub\\autowinwatt\\winwatt_automation\\data\\runtime_maps\\full_authorized_sandbox\\20260826T123933Z\\testwwp.wwp', 'class_name': 'TMainForm', 'control_type': 'Window'} last_validation_age_s=0.14100000000325963 diagnostic_fast_mode=False
2026-08-26 14:56:06.253 | DEBUG    | winwatt_automation.live_ui.app_connector:get_cached_main_window:566 - DBG_PHASE_TIMING phase=get_cached_main_window elapsed_ms=16.000 reason_code=cache_reused_without_validation
2026-08-26 14:56:06.253 | DEBUG    | winwatt_automation.live_ui.app_connector:get_cached_main_window:565 - DBG_WINWATT_CACHE_GET reason_code=cache_reused_without_validation payload={'wrapper_type': 'UIAWrapper', 'handle': 1901766, 'process_id': 8200, 'title': 'WinWatt gólya - C:\\Users\\Admin\\Documents\\GitHub\\autowinwatt\\winwatt_automation\\data\\runtime_maps\\full_authorized_sandbox\\20260826T123933Z\\testwwp.wwp', 'class_name': 'TMainForm', 'control_type': 'Window'} last_validation_age_s=0.15700000000651926 diagnostic_fast_mode=False
2026-08-26 14:56:06.253 | DEBUG    | winwatt_automation.live_ui.app_connector:get_cached_main_window:566 - DBG_PHASE_TIMING phase=get_cached_main_window elapsed_ms=0.000 reason_code=cache_reused_without_validation
2026-08-26 14:56:06.771 | INFO     | winwatt_automation.live_ui.menu_helpers:_menu_items:1101 - DBG_MENU_ITEMS_SUMMARY total_items=7 visible_items=7 topbar_band=(0, 0, 392, 53) topbar_band_visible_count=7 popup_region_visible_count=0 force_refresh=True handle=1901766
2026-08-26 14:56:06.771 | DEBUG    | winwatt_automation.live_ui.menu_helpers:_menu_items:1111 - Discovered 7 MenuItem controls
2026-08-26 14:56:06.771 | DEBUG    | winwatt_automation.live_ui.menu_helpers:_log_phase_timing:83 - DBG_PHASE_TIMING phase=_menu_items elapsed_ms=531.000 force_refresh=True total_items=7 visible_items=7
2026-08-26 14:56:06.851 | INFO     | winwatt_automation.live_ui.menu_helpers:list_top_menu_items:1141 - Top-level menu items (raw): ['Rendszer', 'Fájl', 'Jegyzékek', 'Eszközök', 'Beállítások', 'Ablak', 'Súgó']
2026-08-26 14:56:06.867 | DEBUG    | winwatt_automation.live_ui.menu_helpers:_log_phase_timing:83 - DBG_PHASE_TIMING phase=list_top_menu_items elapsed_ms=625.000 count=7
2026-08-26 14:56:06.867 | INFO     | winwatt_automation.live_ui.app_connector:prepare_main_window_for_menu_interaction:1008 - Preparing WinWatt window for menu interaction
2026-08-26 14:56:06.867 | DEBUG    | winwatt_automation.live_ui.app_connector:get_cached_main_window:565 - DBG_WINWATT_CACHE_GET reason_code=cache_reused_without_validation payload={'wrapper_type': 'UIAWrapper', 'handle': 1901766, 'process_id': 8200, 'title': 'WinWatt gólya - C:\\Users\\Admin\\Documents\\GitHub\\autowinwatt\\winwatt_automation\\data\\runtime_maps\\full_authorized_sandbox\\20260826T123933Z\\testwwp.wwp', 'class_name': 'TMainForm', 'control_type': 'Window'} last_validation_age_s=0.7660000000032596 diagnostic_fast_mode=False
2026-08-26 14:56:06.867 | DEBUG    | winwatt_automation.live_ui.app_connector:get_cached_main_window:566 - DBG_PHASE_TIMING phase=get_cached_main_window elapsed_ms=0.000 reason_code=cache_reused_without_validation
2026-08-26 14:56:06.867 | INFO     | winwatt_automation.live_ui.app_connector:prepare_main_window_for_menu_interaction:1028 - Window state before: maximized
2026-08-26 14:56:06.867 | INFO     | winwatt_automation.live_ui.app_connector:prepare_main_window_for_menu_interaction:1049 - Window maximized
2026-08-26 14:56:06.867 | INFO     | winwatt_automation.live_ui.app_connector:prepare_main_window_for_menu_interaction:1058 - Focus confirmed
2026-08-26 14:56:06.882 | DEBUG    | winwatt_automation.live_ui.app_connector:get_cached_main_window:565 - DBG_WINWATT_CACHE_GET reason_code=cache_reused_without_validation payload={'wrapper_type': 'UIAWrapper', 'handle': 1901766, 'process_id': 8200, 'title': 'WinWatt gólya - C:\\Users\\Admin\\Documents\\GitHub\\autowinwatt\\winwatt_automation\\data\\runtime_maps\\full_authorized_sandbox\\20260826T123933Z\\testwwp.wwp', 'class_name': 'TMainForm', 'control_type': 'Window'} last_validation_age_s=0.7820000000065193 diagnostic_fast_mode=False
2026-08-26 14:56:06.885 | DEBUG    | winwatt_automation.live_ui.app_connector:get_cached_main_window:566 - DBG_PHASE_TIMING phase=get_cached_main_window elapsed_ms=0.000 reason_code=cache_reused_without_validation
2026-08-26 14:56:06.886 | INFO     | winwatt_automation.live_ui.app_connector:ensure_main_window_foreground_before_click:1217 - DBG_WINWATT_FOCUS_GUARD_PRECHECK action_label=open_top_menu:jegyzékek wrapper_type=UIAWrapper cached_handle=1901766 cached_pid=8200 cached_title=WinWatt gólya - C:\Users\Admin\Documents\GitHub\autowinwatt\winwatt_automation\data\runtime_maps\full_authorized_sandbox\20260826T123933Z\testwwp.wwp cached_class=TMainForm precheck_exists=False precheck_visible=True precheck_enabled=True rect={'left': -10, 'top': -10, 'right': 1930, 'bottom': 1030, 'width': 1940, 'height': 1040}
2026-08-26 14:56:06.886 | WARNING  | winwatt_automation.live_ui.app_connector:ensure_main_window_foreground_before_click:1306 - DBG_WINWATT_FOCUS_GUARD_OPEN_TOP_MENU_OVERRIDE action_label=open_top_menu:jegyzékek reason=exists_false_but_identity_strong wrapper_type=UIAWrapper identity_reasons=['handle', 'process_id', 'title', 'class_name', 'rect', 'visible', 'enabled'] cached_identity={'wrapper_type': 'UIAWrapper', 'handle': 1901766, 'process_id': 8200, 'title': 'WinWatt gólya - C:\\Users\\Admin\\Documents\\GitHub\\autowinwatt\\winwatt_automation\\data\\runtime_maps\\full_authorized_sandbox\\20260826T123933Z\\testwwp.wwp', 'class_name': 'TMainForm', 'control_type': 'Window'} rect={'left': -10, 'top': -10, 'right': 1930, 'bottom': 1030, 'width': 1940, 'height': 1040}
2026-08-26 14:56:06.886 | INFO     | winwatt_automation.live_ui.app_connector:is_winwatt_foreground_context:1161 - DBG_WINWATT_FOREGROUND_CONTEXT expected_handle=1901766 expected_process_id=8200 expected_title=WinWatt gólya - C:\Users\Admin\Documents\GitHub\autowinwatt\winwatt_automation\data\runtime_maps\full_authorized_sandbox\20260826T123933Z\testwwp.wwp expected_class_name=TMainForm actual_foreground_handle=1901766 actual_foreground_process_id=8200 actual_foreground_title=WinWatt gólya - C:\Users\Admin\Documents\GitHub\autowinwatt\winwatt_automation\data\runtime_maps\full_authorized_sandbox\20260826T123933Z\testwwp.wwp actual_foreground_class_name=TMainForm allow_dialog=False result_reason=handle_match
2026-08-26 14:56:06.886 | INFO     | winwatt_automation.live_ui.app_connector:ensure_main_window_foreground_before_click:1378 - DBG_WINWATT_FOCUS_GUARD_RESULT action_label=open_top_menu:jegyzékek status=focus_ok reason=handle_match foreground={'handle': 1901766, 'title': 'WinWatt gólya - C:\\Users\\Admin\\Documents\\GitHub\\autowinwatt\\winwatt_automation\\data\\runtime_maps\\full_authorized_sandbox\\20260826T123933Z\\testwwp.wwp', 'class_name': 'TMainForm', 'process_id': 8200} same_context_as_cached_main=True win32_uia_identity_match=True
2026-08-26 14:56:06.898 | DEBUG    | winwatt_automation.live_ui.app_connector:get_cached_main_window:565 - DBG_WINWATT_CACHE_GET reason_code=cache_reused_without_validation payload={'wrapper_type': 'UIAWrapper', 'handle': 1901766, 'process_id': 8200, 'title': 'WinWatt gólya - C:\\Users\\Admin\\Documents\\GitHub\\autowinwatt\\winwatt_automation\\data\\runtime_maps\\full_authorized_sandbox\\20260826T123933Z\\testwwp.wwp', 'class_name': 'TMainForm', 'control_type': 'Window'} last_validation_age_s=0.7820000000065193 diagnostic_fast_mode=False
2026-08-26 14:56:06.898 | DEBUG    | winwatt_automation.live_ui.app_connector:get_cached_main_window:566 - DBG_PHASE_TIMING phase=get_cached_main_window elapsed_ms=15.000 reason_code=cache_reused_without_validation
2026-08-26 14:56:06.898 | DEBUG    | winwatt_automation.live_ui.app_connector:get_cached_main_window:565 - DBG_WINWATT_CACHE_GET reason_code=cache_reused_without_validation payload={'wrapper_type': 'UIAWrapper', 'handle': 1901766, 'process_id': 8200, 'title': 'WinWatt gólya - C:\\Users\\Admin\\Documents\\GitHub\\autowinwatt\\winwatt_automation\\data\\runtime_maps\\full_authorized_sandbox\\20260826T123933Z\\testwwp.wwp', 'class_name': 'TMainForm', 'control_type': 'Window'} last_validation_age_s=0.7969999999913853 diagnostic_fast_mode=False
2026-08-26 14:56:06.898 | DEBUG    | winwatt_automation.live_ui.app_connector:get_cached_main_window:566 - DBG_PHASE_TIMING phase=get_cached_main_window elapsed_ms=0.000 reason_code=cache_reused_without_validation
2026-08-26 14:56:06.961 | INFO     | winwatt_automation.live_ui.menu_helpers:_menu_items:1101 - DBG_MENU_ITEMS_SUMMARY total_items=7 visible_items=7 topbar_band=(0, 0, 392, 53) topbar_band_visible_count=7 popup_region_visible_count=0 force_refresh=False handle=1901766
2026-08-26 14:56:06.961 | DEBUG    | winwatt_automation.live_ui.menu_helpers:_menu_items:1111 - Discovered 7 MenuItem controls
2026-08-26 14:56:06.977 | DEBUG    | winwatt_automation.live_ui.menu_helpers:_log_phase_timing:83 - DBG_PHASE_TIMING phase=_menu_items elapsed_ms=93.000 force_refresh=False total_items=7 visible_items=7
2026-08-26 14:56:07.074 | DEBUG    | winwatt_automation.live_ui.app_connector:get_cached_main_window:565 - DBG_WINWATT_CACHE_GET reason_code=cache_reused_without_validation payload={'wrapper_type': 'UIAWrapper', 'handle': 1901766, 'process_id': 8200, 'title': 'WinWatt gólya - C:\\Users\\Admin\\Documents\\GitHub\\autowinwatt\\winwatt_automation\\data\\runtime_maps\\full_authorized_sandbox\\20260826T123933Z\\testwwp.wwp', 'class_name': 'TMainForm', 'control_type': 'Window'} last_validation_age_s=0.9690000000118744 diagnostic_fast_mode=False
2026-08-26 14:56:07.075 | DEBUG    | winwatt_automation.live_ui.app_connector:get_cached_main_window:566 - DBG_PHASE_TIMING phase=get_cached_main_window elapsed_ms=16.000 reason_code=cache_reused_without_validation
2026-08-26 14:56:07.078 | DEBUG    | winwatt_automation.live_ui.app_connector:get_cached_main_window:565 - DBG_WINWATT_CACHE_GET reason_code=cache_reused_without_validation payload={'wrapper_type': 'UIAWrapper', 'handle': 1901766, 'process_id': 8200, 'title': 'WinWatt gólya - C:\\Users\\Admin\\Documents\\GitHub\\autowinwatt\\winwatt_automation\\data\\runtime_maps\\full_authorized_sandbox\\20260826T123933Z\\testwwp.wwp', 'class_name': 'TMainForm', 'control_type': 'Window'} last_validation_age_s=0.9849999999860302 diagnostic_fast_mode=False
2026-08-26 14:56:07.078 | DEBUG    | winwatt_automation.live_ui.app_connector:get_cached_main_window:566 - DBG_PHASE_TIMING phase=get_cached_main_window elapsed_ms=0.000 reason_code=cache_reused_without_validation
2026-08-26 14:56:07.078 | DEBUG    | winwatt_automation.live_ui.app_connector:get_cached_main_window:565 - DBG_WINWATT_CACHE_GET reason_code=cache_reused_without_validation payload={'wrapper_type': 'UIAWrapper', 'handle': 1901766, 'process_id': 8200, 'title': 'WinWatt gólya - C:\\Users\\Admin\\Documents\\GitHub\\autowinwatt\\winwatt_automation\\data\\runtime_maps\\full_authorized_sandbox\\20260826T123933Z\\testwwp.wwp', 'class_name': 'TMainForm', 'control_type': 'Window'} last_validation_age_s=0.9849999999860302 diagnostic_fast_mode=False
2026-08-26 14:56:07.078 | DEBUG    | winwatt_automation.live_ui.app_connector:get_cached_main_window:566 - DBG_PHASE_TIMING phase=get_cached_main_window elapsed_ms=0.000 reason_code=cache_reused_without_validation
2026-08-26 14:56:07.078 | INFO     | winwatt_automation.live_ui.menu_helpers:_menu_items:1101 - DBG_MENU_ITEMS_SUMMARY total_items=7 visible_items=7 topbar_band=(0, 0, 392, 53) topbar_band_visible_count=7 popup_region_visible_count=0 force_refresh=False handle=1901766
2026-08-26 14:56:07.078 | DEBUG    | winwatt_automation.live_ui.menu_helpers:_menu_items:1111 - Discovered 7 MenuItem controls
2026-08-26 14:56:07.085 | DEBUG    | winwatt_automation.live_ui.menu_helpers:_log_phase_timing:83 - DBG_PHASE_TIMING phase=_menu_items elapsed_ms=0.000 force_refresh=False total_items=7 visible_items=7
2026-08-26 14:56:07.086 | DEBUG    | winwatt_automation.live_ui.menu_helpers:_log_popup_fragment:499 - DBG_MENU_FRAGMENT_MAIN_WINDOW source_scope=main_window control_type=MenuItem class_name= text='Rendszer' rectangle={'left': 0, 'top': 0, 'right': 28, 'bottom': 28} center=(14, 14) process_id=8200 native_handle=None topbar_candidate=True popup_candidate=False
2026-08-26 14:56:07.086 | DEBUG    | winwatt_automation.live_ui.menu_helpers:_log_popup_fragment:499 - DBG_MENU_FRAGMENT_MAIN_WINDOW source_scope=main_window control_type=MenuItem class_name= text='Fájl' rectangle={'left': 0, 'top': 29, 'right': 40, 'bottom': 53} center=(20, 41) process_id=8200 native_handle=None topbar_candidate=True popup_candidate=False
2026-08-26 14:56:07.087 | DEBUG    | winwatt_automation.live_ui.menu_helpers:_log_popup_fragment:499 - DBG_MENU_FRAGMENT_MAIN_WINDOW source_scope=main_window control_type=MenuItem class_name= text='Jegyzékek' rectangle={'left': 40, 'top': 29, 'right': 123, 'bottom': 53} center=(81, 41) process_id=8200 native_handle=None topbar_candidate=True popup_candidate=False
2026-08-26 14:56:07.087 | DEBUG    | winwatt_automation.live_ui.menu_helpers:_log_popup_fragment:499 - DBG_MENU_FRAGMENT_MAIN_WINDOW source_scope=main_window control_type=MenuItem class_name= text='Eszközök' rectangle={'left': 123, 'top': 29, 'right': 199, 'bottom': 53} center=(161, 41) process_id=8200 native_handle=None topbar_candidate=True popup_candidate=False
2026-08-26 14:56:07.087 | DEBUG    | winwatt_automation.live_ui.menu_helpers:_log_popup_fragment:499 - DBG_MENU_FRAGMENT_MAIN_WINDOW source_scope=main_window control_type=MenuItem class_name= text='Beállítások' rectangle={'left': 199, 'top': 29, 'right': 287, 'bottom': 53} center=(243, 41) process_id=8200 native_handle=None topbar_candidate=True popup_candidate=False
2026-08-26 14:56:07.087 | DEBUG    | winwatt_automation.live_ui.menu_helpers:_log_popup_fragment:499 - DBG_MENU_FRAGMENT_MAIN_WINDOW source_scope=main_window control_type=MenuItem class_name= text='Ablak' rectangle={'left': 286, 'top': 29, 'right': 341, 'bottom': 53} center=(313, 41) process_id=8200 native_handle=None topbar_candidate=True popup_candidate=False
2026-08-26 14:56:07.087 | DEBUG    | winwatt_automation.live_ui.menu_helpers:_log_popup_fragment:499 - DBG_MENU_FRAGMENT_MAIN_WINDOW source_scope=main_window control_type=MenuItem class_name= text='Súgó' rectangle={'left': 341, 'top': 29, 'right': 392, 'bottom': 53} center=(366, 41) process_id=8200 native_handle=None topbar_candidate=True popup_candidate=False
2026-08-26 14:56:07.087 | DEBUG    | winwatt_automation.live_ui.menu_helpers:_menu_like_controls_from_main_window:1599 - DBG_MENU_FRAGMENT_SOURCE_SUMMARY source_scope=main_window count=7
2026-08-26 14:56:07.087 | DEBUG    | winwatt_automation.live_ui.app_connector:get_cached_main_window:565 - DBG_WINWATT_CACHE_GET reason_code=cache_reused_without_validation payload={'wrapper_type': 'UIAWrapper', 'handle': 1901766, 'process_id': 8200, 'title': 'WinWatt gólya - C:\\Users\\Admin\\Documents\\GitHub\\autowinwatt\\winwatt_automation\\data\\runtime_maps\\full_authorized_sandbox\\20260826T123933Z\\testwwp.wwp', 'class_name': 'TMainForm', 'control_type': 'Window'} last_validation_age_s=0.9849999999860302 diagnostic_fast_mode=False
2026-08-26 14:56:07.087 | DEBUG    | winwatt_automation.live_ui.app_connector:get_cached_main_window:566 - DBG_PHASE_TIMING phase=get_cached_main_window elapsed_ms=0.000 reason_code=cache_reused_without_validation
2026-08-26 14:56:07.087 | DEBUG    | winwatt_automation.live_ui.app_connector:get_cached_main_window:565 - DBG_WINWATT_CACHE_GET reason_code=cache_reused_without_validation payload={'wrapper_type': 'UIAWrapper', 'handle': 1901766, 'process_id': 8200, 'title': 'WinWatt gólya - C:\\Users\\Admin\\Documents\\GitHub\\autowinwatt\\winwatt_automation\\data\\runtime_maps\\full_authorized_sandbox\\20260826T123933Z\\testwwp.wwp', 'class_name': 'TMainForm', 'control_type': 'Window'} last_validation_age_s=0.9849999999860302 diagnostic_fast_mode=False
2026-08-26 14:56:07.087 | DEBUG    | winwatt_automation.live_ui.app_connector:get_cached_main_window:566 - DBG_PHASE_TIMING phase=get_cached_main_window elapsed_ms=0.000 reason_code=cache_reused_without_validation
2026-08-26 14:56:07.270 | DEBUG    | winwatt_automation.live_ui.menu_helpers:_log_popup_fragment:499 - DBG_MENU_FRAGMENT_GLOBAL_SCAN source_scope=global_process_scan control_type=MenuItem class_name= text='Rendszer' rectangle={'left': 0, 'top': 0, 'right': 28, 'bottom': 28} center=(14, 14) process_id=8200 native_handle=None topbar_candidate=True popup_candidate=False
2026-08-26 14:56:07.270 | DEBUG    | winwatt_automation.live_ui.menu_helpers:_log_popup_fragment:499 - DBG_MENU_FRAGMENT_GLOBAL_SCAN source_scope=global_process_scan control_type=MenuItem class_name= text='Fájl' rectangle={'left': 0, 'top': 29, 'right': 40, 'bottom': 53} center=(20, 41) process_id=8200 native_handle=None topbar_candidate=True popup_candidate=False
2026-08-26 14:56:07.270 | DEBUG    | winwatt_automation.live_ui.menu_helpers:_log_popup_fragment:499 - DBG_MENU_FRAGMENT_GLOBAL_SCAN source_scope=global_process_scan control_type=MenuItem class_name= text='Jegyzékek' rectangle={'left': 40, 'top': 29, 'right': 123, 'bottom': 53} center=(81, 41) process_id=8200 native_handle=None topbar_candidate=True popup_candidate=False
2026-08-26 14:56:07.270 | DEBUG    | winwatt_automation.live_ui.menu_helpers:_log_popup_fragment:499 - DBG_MENU_FRAGMENT_GLOBAL_SCAN source_scope=global_process_scan control_type=MenuItem class_name= text='Eszközök' rectangle={'left': 123, 'top': 29, 'right': 199, 'bottom': 53} center=(161, 41) process_id=8200 native_handle=None topbar_candidate=True popup_candidate=False
2026-08-26 14:56:07.286 | DEBUG    | winwatt_automation.live_ui.menu_helpers:_log_popup_fragment:499 - DBG_MENU_FRAGMENT_GLOBAL_SCAN source_scope=global_process_scan control_type=MenuItem class_name= text='Beállítások' rectangle={'left': 199, 'top': 29, 'right': 287, 'bottom': 53} center=(243, 41) process_id=8200 native_handle=None topbar_candidate=True popup_candidate=False
2026-08-26 14:56:07.287 | DEBUG    | winwatt_automation.live_ui.menu_helpers:_log_popup_fragment:499 - DBG_MENU_FRAGMENT_GLOBAL_SCAN source_scope=global_process_scan control_type=MenuItem class_name= text='Ablak' rectangle={'left': 286, 'top': 29, 'right': 341, 'bottom': 53} center=(313, 41) process_id=8200 native_handle=None topbar_candidate=True popup_candidate=False
2026-08-26 14:56:07.287 | DEBUG    | winwatt_automation.live_ui.menu_helpers:_log_popup_fragment:499 - DBG_MENU_FRAGMENT_GLOBAL_SCAN source_scope=global_process_scan control_type=MenuItem class_name= text='Súgó' rectangle={'left': 341, 'top': 29, 'right': 392, 'bottom': 53} center=(366, 41) process_id=8200 native_handle=None topbar_candidate=True popup_candidate=False
2026-08-26 14:56:07.287 | DEBUG    | winwatt_automation.live_ui.menu_helpers:_menu_like_controls_from_global_process_scan:1631 - DBG_MENU_FRAGMENT_SOURCE_SUMMARY source_scope=global_process_scan count=7 process_id=8200
2026-08-26 14:56:07.287 | DEBUG    | winwatt_automation.live_ui.app_connector:get_cached_main_window:565 - DBG_WINWATT_CACHE_GET reason_code=cache_reused_without_validation payload={'wrapper_type': 'UIAWrapper', 'handle': 1901766, 'process_id': 8200, 'title': 'WinWatt gólya - C:\\Users\\Admin\\Documents\\GitHub\\autowinwatt\\winwatt_automation\\data\\runtime_maps\\full_authorized_sandbox\\20260826T123933Z\\testwwp.wwp', 'class_name': 'TMainForm', 'control_type': 'Window'} last_validation_age_s=1.187999999994645 diagnostic_fast_mode=False
2026-08-26 14:56:07.287 | DEBUG    | winwatt_automation.live_ui.app_connector:get_cached_main_window:566 - DBG_PHASE_TIMING phase=get_cached_main_window elapsed_ms=0.000 reason_code=cache_reused_without_validation
2026-08-26 14:56:07.287 | DEBUG    | winwatt_automation.live_ui.menu_helpers:capture_menu_popup_snapshot:1682 - DBG_POPUP_ROW_DEDUPE rect={'left': 0, 'top': 0, 'right': 28, 'bottom': 28} normalized_text=rendszer class_name= source_scope=main_window deduplicated=False
2026-08-26 14:56:07.301 | DEBUG    | winwatt_automation.live_ui.menu_helpers:capture_menu_popup_snapshot:1682 - DBG_POPUP_ROW_DEDUPE rect={'left': 0, 'top': 29, 'right': 40, 'bottom': 53} normalized_text=fájl class_name= source_scope=main_window deduplicated=False
2026-08-26 14:56:07.302 | DEBUG    | winwatt_automation.live_ui.menu_helpers:capture_menu_popup_snapshot:1682 - DBG_POPUP_ROW_DEDUPE rect={'left': 40, 'top': 29, 'right': 123, 'bottom': 53} normalized_text=jegyzékek class_name= source_scope=main_window deduplicated=False
2026-08-26 14:56:07.302 | DEBUG    | winwatt_automation.live_ui.menu_helpers:capture_menu_popup_snapshot:1682 - DBG_POPUP_ROW_DEDUPE rect={'left': 123, 'top': 29, 'right': 199, 'bottom': 53} normalized_text=eszközök class_name= source_scope=main_window deduplicated=False
2026-08-26 14:56:07.302 | DEBUG    | winwatt_automation.live_ui.menu_helpers:capture_menu_popup_snapshot:1682 - DBG_POPUP_ROW_DEDUPE rect={'left': 199, 'top': 29, 'right': 287, 'bottom': 53} normalized_text=beállítások class_name= source_scope=main_window deduplicated=False
2026-08-26 14:56:07.302 | DEBUG    | winwatt_automation.live_ui.menu_helpers:capture_menu_popup_snapshot:1682 - DBG_POPUP_ROW_DEDUPE rect={'left': 286, 'top': 29, 'right': 341, 'bottom': 53} normalized_text=ablak class_name= source_scope=main_window deduplicated=False
2026-08-26 14:56:07.302 | DEBUG    | winwatt_automation.live_ui.menu_helpers:capture_menu_popup_snapshot:1682 - DBG_POPUP_ROW_DEDUPE rect={'left': 341, 'top': 29, 'right': 392, 'bottom': 53} normalized_text=súgó class_name= source_scope=main_window deduplicated=False
2026-08-26 14:56:07.302 | DEBUG    | winwatt_automation.live_ui.menu_helpers:capture_menu_popup_snapshot:1682 - DBG_POPUP_ROW_DEDUPE rect={'left': 0, 'top': 0, 'right': 28, 'bottom': 28} normalized_text=rendszer class_name= source_scope=global_process_scan deduplicated=False
2026-08-26 14:56:07.302 | DEBUG    | winwatt_automation.live_ui.menu_helpers:capture_menu_popup_snapshot:1682 - DBG_POPUP_ROW_DEDUPE rect={'left': 0, 'top': 29, 'right': 40, 'bottom': 53} normalized_text=fájl class_name= source_scope=global_process_scan deduplicated=False
2026-08-26 14:56:07.302 | DEBUG    | winwatt_automation.live_ui.menu_helpers:capture_menu_popup_snapshot:1682 - DBG_POPUP_ROW_DEDUPE rect={'left': 40, 'top': 29, 'right': 123, 'bottom': 53} normalized_text=jegyzékek class_name= source_scope=global_process_scan deduplicated=False
2026-08-26 14:56:07.302 | DEBUG    | winwatt_automation.live_ui.menu_helpers:capture_menu_popup_snapshot:1682 - DBG_POPUP_ROW_DEDUPE rect={'left': 123, 'top': 29, 'right': 199, 'bottom': 53} normalized_text=eszközök class_name= source_scope=global_process_scan deduplicated=False
2026-08-26 14:56:07.302 | DEBUG    | winwatt_automation.live_ui.menu_helpers:capture_menu_popup_snapshot:1682 - DBG_POPUP_ROW_DEDUPE rect={'left': 199, 'top': 29, 'right': 287, 'bottom': 53} normalized_text=beállítások class_name= source_scope=global_process_scan deduplicated=False
2026-08-26 14:56:07.302 | DEBUG    | winwatt_automation.live_ui.menu_helpers:capture_menu_popup_snapshot:1682 - DBG_POPUP_ROW_DEDUPE rect={'left': 286, 'top': 29, 'right': 341, 'bottom': 53} normalized_text=ablak class_name= source_scope=global_process_scan deduplicated=False
2026-08-26 14:56:07.302 | DEBUG    | winwatt_automation.live_ui.menu_helpers:capture_menu_popup_snapshot:1682 - DBG_POPUP_ROW_DEDUPE rect={'left': 341, 'top': 29, 'right': 392, 'bottom': 53} normalized_text=súgó class_name= source_scope=global_process_scan deduplicated=False
2026-08-26 14:56:07.302 | INFO     | winwatt_automation.live_ui.menu_helpers:capture_menu_popup_snapshot:1724 - POPUP_SNAPSHOT_SUMMARY main_window_fragments=7 global_scan_fragments=7 deduped_fragments=14 topbar_like=12 popup_like=0 empty_text=0 topbar_band=(0, 29, 392, 53) empty_text_vertical_cluster_detected=False accepted_popup_rows=0 popup_heuristic=candidate_count_below_threshold
2026-08-26 14:56:07.302 | DEBUG    | winwatt_automation.live_ui.menu_helpers:capture_menu_popup_snapshot:1737 - Captured menu snapshot rows=14
2026-08-26 14:56:07.302 | DEBUG    | winwatt_automation.live_ui.menu_helpers:_log_phase_timing:83 - DBG_PHASE_TIMING phase=capture_menu_popup_snapshot elapsed_ms=235.000 main_rows=7 global_rows=7 unique_rows=14 diagnostic_fast_mode=False
2026-08-26 14:56:07.480 | INFO     | winwatt_automation.live_ui.menu_helpers:_validate_post_menu_open_foreground:962 - post_click_foreground_validation title=Jegyzékek foreground={'handle': 1901766, 'title': 'WinWatt gólya - C:\\Users\\Admin\\Documents\\GitHub\\autowinwatt\\winwatt_automation\\data\\runtime_maps\\full_authorized_sandbox\\20260826T123933Z\\testwwp.wwp', 'class_name': 'TMainForm', 'process_id': 8200}
2026-08-26 14:56:07.508 | INFO     | winwatt_automation.live_ui.app_connector:is_winwatt_foreground_context:1161 - DBG_WINWATT_FOREGROUND_CONTEXT expected_handle=1901766 expected_process_id=8200 expected_title=WinWatt gólya - C:\Users\Admin\Documents\GitHub\autowinwatt\winwatt_automation\data\runtime_maps\full_authorized_sandbox\20260826T123933Z\testwwp.wwp expected_class_name=TMainForm actual_foreground_handle=1901766 actual_foreground_process_id=8200 actual_foreground_title=WinWatt gólya - C:\Users\Admin\Documents\GitHub\autowinwatt\winwatt_automation\data\runtime_maps\full_authorized_sandbox\20260826T123933Z\testwwp.wwp actual_foreground_class_name=TMainForm allow_dialog=True result_reason=handle_match
2026-08-26 14:56:07.508 | DEBUG    | winwatt_automation.live_ui.app_connector:get_cached_main_window:565 - DBG_WINWATT_CACHE_GET reason_code=cache_reused_without_validation payload={'wrapper_type': 'UIAWrapper', 'handle': 1901766, 'process_id': 8200, 'title': 'WinWatt gólya - C:\\Users\\Admin\\Documents\\GitHub\\autowinwatt\\winwatt_automation\\data\\runtime_maps\\full_authorized_sandbox\\20260826T123933Z\\testwwp.wwp', 'class_name': 'TMainForm', 'control_type': 'Window'} last_validation_age_s=1.4070000000065193 diagnostic_fast_mode=False
2026-08-26 14:56:07.508 | DEBUG    | winwatt_automation.live_ui.app_connector:get_cached_main_window:566 - DBG_PHASE_TIMING phase=get_cached_main_window elapsed_ms=0.000 reason_code=cache_reused_without_validation
2026-08-26 14:56:08.000 | DEBUG    | winwatt_automation.live_ui.app_connector:get_cached_main_window:565 - DBG_WINWATT_CACHE_GET reason_code=cache_reused_without_validation payload={'wrapper_type': 'UIAWrapper', 'handle': 1901766, 'process_id': 8200, 'title': 'WinWatt gólya - C:\\Users\\Admin\\Documents\\GitHub\\autowinwatt\\winwatt_automation\\data\\runtime_maps\\full_authorized_sandbox\\20260826T123933Z\\testwwp.wwp', 'class_name': 'TMainForm', 'control_type': 'Window'} last_validation_age_s=1.9070000000065193 diagnostic_fast_mode=False
2026-08-26 14:56:08.000 | DEBUG    | winwatt_automation.live_ui.app_connector:get_cached_main_window:566 - DBG_PHASE_TIMING phase=get_cached_main_window elapsed_ms=0.000 reason_code=cache_reused_without_validation
2026-08-26 14:56:08.016 | DEBUG    | winwatt_automation.live_ui.app_connector:get_cached_main_window:565 - DBG_WINWATT_CACHE_GET reason_code=cache_reused_without_validation payload={'wrapper_type': 'UIAWrapper', 'handle': 1901766, 'process_id': 8200, 'title': 'WinWatt gólya - C:\\Users\\Admin\\Documents\\GitHub\\autowinwatt\\winwatt_automation\\data\\runtime_maps\\full_authorized_sandbox\\20260826T123933Z\\testwwp.wwp', 'class_name': 'TMainForm', 'control_type': 'Window'} last_validation_age_s=1.9070000000065193 diagnostic_fast_mode=False
2026-08-26 14:56:08.016 | DEBUG    | winwatt_automation.live_ui.app_connector:get_cached_main_window:566 - DBG_PHASE_TIMING phase=get_cached_main_window elapsed_ms=15.000 reason_code=cache_reused_without_validation
2026-08-26 14:56:08.479 | INFO     | winwatt_automation.live_ui.menu_helpers:_menu_items:1101 - DBG_MENU_ITEMS_SUMMARY total_items=21 visible_items=21 topbar_band=(0, 0, 392, 464) topbar_band_visible_count=21 popup_region_visible_count=0 force_refresh=False handle=1901766
2026-08-26 14:56:08.490 | DEBUG    | winwatt_automation.live_ui.menu_helpers:_menu_items:1111 - Discovered 21 MenuItem controls
2026-08-26 14:56:08.490 | DEBUG    | winwatt_automation.live_ui.menu_helpers:_log_phase_timing:83 - DBG_PHASE_TIMING phase=_menu_items elapsed_ms=484.000 force_refresh=False total_items=21 visible_items=21
2026-08-26 14:56:08.495 | INFO     | winwatt_automation.live_ui.menu_helpers:_menu_row_from_wrapper:1545 - TEXT_EXTRACTION_FALLBACK_USED source=legacy_text confidence=medium rect={'left': 44, 'top': 56, 'right': 318, 'bottom': 84}
2026-08-26 14:56:08.511 | DEBUG    | winwatt_automation.live_ui.menu_helpers:_log_popup_fragment:499 - DBG_MENU_FRAGMENT_MAIN_WINDOW source_scope=main_window control_type=MenuItem class_name= text='Végrehajtás' rectangle={'left': 44, 'top': 56, 'right': 318, 'bottom': 84} center=(181, 70) process_id=8200 native_handle=None topbar_candidate=True popup_candidate=False
2026-08-26 14:56:08.511 | INFO     | winwatt_automation.live_ui.menu_helpers:_menu_row_from_wrapper:1545 - TEXT_EXTRACTION_FALLBACK_USED source=legacy_text confidence=medium rect={'left': 44, 'top': 84, 'right': 318, 'bottom': 112}
2026-08-26 14:56:08.511 | DEBUG    | winwatt_automation.live_ui.menu_helpers:_log_popup_fragment:499 - DBG_MENU_FRAGMENT_MAIN_WINDOW source_scope=main_window control_type=MenuItem class_name= text='Végrehajtás' rectangle={'left': 44, 'top': 84, 'right': 318, 'bottom': 112} center=(181, 98) process_id=8200 native_handle=None topbar_candidate=True popup_candidate=False
2026-08-26 14:56:08.527 | INFO     | winwatt_automation.live_ui.menu_helpers:_menu_row_from_wrapper:1545 - TEXT_EXTRACTION_FALLBACK_USED source=legacy_text confidence=medium rect={'left': 44, 'top': 111, 'right': 318, 'bottom': 139}
2026-08-26 14:56:08.527 | DEBUG    | winwatt_automation.live_ui.menu_helpers:_log_popup_fragment:499 - DBG_MENU_FRAGMENT_MAIN_WINDOW source_scope=main_window control_type=MenuItem class_name= text='Végrehajtás' rectangle={'left': 44, 'top': 111, 'right': 318, 'bottom': 139} center=(181, 125) process_id=8200 native_handle=None topbar_candidate=True popup_candidate=False
2026-08-26 14:56:08.527 | INFO     | winwatt_automation.live_ui.menu_helpers:_menu_row_from_wrapper:1545 - TEXT_EXTRACTION_FALLBACK_USED source=legacy_text confidence=medium rect={'left': 44, 'top': 139, 'right': 318, 'bottom': 167}
2026-08-26 14:56:08.527 | DEBUG    | winwatt_automation.live_ui.menu_helpers:_log_popup_fragment:499 - DBG_MENU_FRAGMENT_MAIN_WINDOW source_scope=main_window control_type=MenuItem class_name= text='Végrehajtás' rectangle={'left': 44, 'top': 139, 'right': 318, 'bottom': 167} center=(181, 153) process_id=8200 native_handle=None topbar_candidate=True popup_candidate=False
2026-08-26 14:56:08.543 | INFO     | winwatt_automation.live_ui.menu_helpers:_menu_row_from_wrapper:1545 - TEXT_EXTRACTION_FALLBACK_USED source=legacy_text confidence=medium rect={'left': 44, 'top': 166, 'right': 318, 'bottom': 194}
2026-08-26 14:56:08.543 | DEBUG    | winwatt_automation.live_ui.menu_helpers:_log_popup_fragment:499 - DBG_MENU_FRAGMENT_MAIN_WINDOW source_scope=main_window control_type=MenuItem class_name= text='Végrehajtás' rectangle={'left': 44, 'top': 166, 'right': 318, 'bottom': 194} center=(181, 180) process_id=8200 native_handle=None topbar_candidate=True popup_candidate=False
2026-08-26 14:56:08.558 | INFO     | winwatt_automation.live_ui.menu_helpers:_menu_row_from_wrapper:1545 - TEXT_EXTRACTION_FALLBACK_USED source=legacy_text confidence=medium rect={'left': 44, 'top': 201, 'right': 318, 'bottom': 229}
2026-08-26 14:56:08.558 | DEBUG    | winwatt_automation.live_ui.menu_helpers:_log_popup_fragment:499 - DBG_MENU_FRAGMENT_MAIN_WINDOW source_scope=main_window control_type=MenuItem class_name= text='Végrehajtás' rectangle={'left': 44, 'top': 201, 'right': 318, 'bottom': 229} center=(181, 215) process_id=8200 native_handle=None topbar_candidate=True popup_candidate=False
2026-08-26 14:56:08.558 | INFO     | winwatt_automation.live_ui.menu_helpers:_menu_row_from_wrapper:1545 - TEXT_EXTRACTION_FALLBACK_USED source=legacy_text confidence=medium rect={'left': 44, 'top': 229, 'right': 318, 'bottom': 257}
2026-08-26 14:56:08.574 | DEBUG    | winwatt_automation.live_ui.menu_helpers:_log_popup_fragment:499 - DBG_MENU_FRAGMENT_MAIN_WINDOW source_scope=main_window control_type=MenuItem class_name= text='Végrehajtás' rectangle={'left': 44, 'top': 229, 'right': 318, 'bottom': 257} center=(181, 243) process_id=8200 native_handle=None topbar_candidate=True popup_candidate=False
2026-08-26 14:56:08.574 | INFO     | winwatt_automation.live_ui.menu_helpers:_menu_row_from_wrapper:1545 - TEXT_EXTRACTION_FALLBACK_USED source=legacy_text confidence=medium rect={'left': 44, 'top': 256, 'right': 318, 'bottom': 284}
2026-08-26 14:56:08.574 | DEBUG    | winwatt_automation.live_ui.menu_helpers:_log_popup_fragment:499 - DBG_MENU_FRAGMENT_MAIN_WINDOW source_scope=main_window control_type=MenuItem class_name= text='Végrehajtás' rectangle={'left': 44, 'top': 256, 'right': 318, 'bottom': 284} center=(181, 270) process_id=8200 native_handle=None topbar_candidate=True popup_candidate=False
2026-08-26 14:56:08.590 | INFO     | winwatt_automation.live_ui.menu_helpers:_menu_row_from_wrapper:1545 - TEXT_EXTRACTION_FALLBACK_USED source=legacy_text confidence=medium rect={'left': 44, 'top': 284, 'right': 318, 'bottom': 312}
2026-08-26 14:56:08.590 | DEBUG    | winwatt_automation.live_ui.menu_helpers:_log_popup_fragment:499 - DBG_MENU_FRAGMENT_MAIN_WINDOW source_scope=main_window control_type=MenuItem class_name= text='Végrehajtás' rectangle={'left': 44, 'top': 284, 'right': 318, 'bottom': 312} center=(181, 298) process_id=8200 native_handle=None topbar_candidate=True popup_candidate=False
2026-08-26 14:56:08.590 | INFO     | winwatt_automation.live_ui.menu_helpers:_menu_row_from_wrapper:1545 - TEXT_EXTRACTION_FALLBACK_USED source=legacy_text confidence=medium rect={'left': 44, 'top': 319, 'right': 318, 'bottom': 347}
2026-08-26 14:56:08.606 | DEBUG    | winwatt_automation.live_ui.menu_helpers:_log_popup_fragment:499 - DBG_MENU_FRAGMENT_MAIN_WINDOW source_scope=main_window control_type=MenuItem class_name= text='Végrehajtás' rectangle={'left': 44, 'top': 319, 'right': 318, 'bottom': 347} center=(181, 333) process_id=8200 native_handle=None topbar_candidate=True popup_candidate=False
2026-08-26 14:56:08.606 | INFO     | winwatt_automation.live_ui.menu_helpers:_menu_row_from_wrapper:1545 - TEXT_EXTRACTION_FALLBACK_USED source=legacy_text confidence=medium rect={'left': 44, 'top': 346, 'right': 318, 'bottom': 374}
2026-08-26 14:56:08.606 | DEBUG    | winwatt_automation.live_ui.menu_helpers:_log_popup_fragment:499 - DBG_MENU_FRAGMENT_MAIN_WINDOW source_scope=main_window control_type=MenuItem class_name= text='Végrehajtás' rectangle={'left': 44, 'top': 346, 'right': 318, 'bottom': 374} center=(181, 360) process_id=8200 native_handle=None topbar_candidate=True popup_candidate=False
2026-08-26 14:56:08.621 | INFO     | winwatt_automation.live_ui.menu_helpers:_menu_row_from_wrapper:1545 - TEXT_EXTRACTION_FALLBACK_USED source=legacy_text confidence=medium rect={'left': 44, 'top': 374, 'right': 318, 'bottom': 402}
2026-08-26 14:56:08.621 | DEBUG    | winwatt_automation.live_ui.menu_helpers:_log_popup_fragment:499 - DBG_MENU_FRAGMENT_MAIN_WINDOW source_scope=main_window control_type=MenuItem class_name= text='Végrehajtás' rectangle={'left': 44, 'top': 374, 'right': 318, 'bottom': 402} center=(181, 388) process_id=8200 native_handle=None topbar_candidate=True popup_candidate=False
2026-08-26 14:56:08.621 | INFO     | winwatt_automation.live_ui.menu_helpers:_menu_row_from_wrapper:1545 - TEXT_EXTRACTION_FALLBACK_USED source=legacy_text confidence=medium rect={'left': 44, 'top': 401, 'right': 318, 'bottom': 429}
2026-08-26 14:56:08.621 | DEBUG    | winwatt_automation.live_ui.menu_helpers:_log_popup_fragment:499 - DBG_MENU_FRAGMENT_MAIN_WINDOW source_scope=main_window control_type=MenuItem class_name= text='Végrehajtás' rectangle={'left': 44, 'top': 401, 'right': 318, 'bottom': 429} center=(181, 415) process_id=8200 native_handle=None topbar_candidate=True popup_candidate=False
2026-08-26 14:56:08.637 | INFO     | winwatt_automation.live_ui.menu_helpers:_menu_row_from_wrapper:1545 - TEXT_EXTRACTION_FALLBACK_USED source=legacy_text confidence=medium rect={'left': 44, 'top': 436, 'right': 318, 'bottom': 464}
2026-08-26 14:56:08.637 | DEBUG    | winwatt_automation.live_ui.menu_helpers:_log_popup_fragment:499 - DBG_MENU_FRAGMENT_MAIN_WINDOW source_scope=main_window control_type=MenuItem class_name= text='Végrehajtás' rectangle={'left': 44, 'top': 436, 'right': 318, 'bottom': 464} center=(181, 450) process_id=8200 native_handle=None topbar_candidate=True popup_candidate=False
2026-08-26 14:56:08.637 | DEBUG    | winwatt_automation.live_ui.menu_helpers:_log_popup_fragment:499 - DBG_MENU_FRAGMENT_MAIN_WINDOW source_scope=main_window control_type=MenuItem class_name= text='Rendszer' rectangle={'left': 0, 'top': 0, 'right': 28, 'bottom': 28} center=(14, 14) process_id=8200 native_handle=None topbar_candidate=True popup_candidate=False
2026-08-26 14:56:08.637 | DEBUG    | winwatt_automation.live_ui.menu_helpers:_log_popup_fragment:499 - DBG_MENU_FRAGMENT_MAIN_WINDOW source_scope=main_window control_type=MenuItem class_name= text='Fájl' rectangle={'left': 0, 'top': 29, 'right': 40, 'bottom': 53} center=(20, 41) process_id=8200 native_handle=None topbar_candidate=True popup_candidate=False
2026-08-26 14:56:08.637 | DEBUG    | winwatt_automation.live_ui.menu_helpers:_log_popup_fragment:499 - DBG_MENU_FRAGMENT_MAIN_WINDOW source_scope=main_window control_type=MenuItem class_name= text='Jegyzékek' rectangle={'left': 40, 'top': 29, 'right': 123, 'bottom': 53} center=(81, 41) process_id=8200 native_handle=None topbar_candidate=True popup_candidate=False
2026-08-26 14:56:08.637 | DEBUG    | winwatt_automation.live_ui.menu_helpers:_log_popup_fragment:499 - DBG_MENU_FRAGMENT_MAIN_WINDOW source_scope=main_window control_type=MenuItem class_name= text='Eszközök' rectangle={'left': 123, 'top': 29, 'right': 199, 'bottom': 53} center=(161, 41) process_id=8200 native_handle=None topbar_candidate=True popup_candidate=False
2026-08-26 14:56:08.637 | DEBUG    | winwatt_automation.live_ui.menu_helpers:_log_popup_fragment:499 - DBG_MENU_FRAGMENT_MAIN_WINDOW source_scope=main_window control_type=MenuItem class_name= text='Beállítások' rectangle={'left': 199, 'top': 29, 'right': 287, 'bottom': 53} center=(243, 41) process_id=8200 native_handle=None topbar_candidate=True popup_candidate=False
2026-08-26 14:56:08.637 | DEBUG    | winwatt_automation.live_ui.menu_helpers:_log_popup_fragment:499 - DBG_MENU_FRAGMENT_MAIN_WINDOW source_scope=main_window control_type=MenuItem class_name= text='Ablak' rectangle={'left': 286, 'top': 29, 'right': 341, 'bottom': 53} center=(313, 41) process_id=8200 native_handle=None topbar_candidate=True popup_candidate=False
2026-08-26 14:56:08.637 | DEBUG    | winwatt_automation.live_ui.menu_helpers:_log_popup_fragment:499 - DBG_MENU_FRAGMENT_MAIN_WINDOW source_scope=main_window control_type=MenuItem class_name= text='Súgó' rectangle={'left': 341, 'top': 29, 'right': 392, 'bottom': 53} center=(366, 41) process_id=8200 native_handle=None topbar_candidate=True popup_candidate=False
2026-08-26 14:56:08.637 | DEBUG    | winwatt_automation.live_ui.menu_helpers:_menu_like_controls_from_main_window:1599 - DBG_MENU_FRAGMENT_SOURCE_SUMMARY source_scope=main_window count=21
2026-08-26 14:56:08.653 | DEBUG    | winwatt_automation.live_ui.app_connector:get_cached_main_window:565 - DBG_WINWATT_CACHE_GET reason_code=cache_reused_without_validation payload={'wrapper_type': 'UIAWrapper', 'handle': 1901766, 'process_id': 8200, 'title': 'WinWatt gólya - C:\\Users\\Admin\\Documents\\GitHub\\autowinwatt\\winwatt_automation\\data\\runtime_maps\\full_authorized_sandbox\\20260826T123933Z\\testwwp.wwp', 'class_name': 'TMainForm', 'control_type': 'Window'} last_validation_age_s=2.5469999999913853 diagnostic_fast_mode=False
2026-08-26 14:56:08.653 | DEBUG    | winwatt_automation.live_ui.app_connector:get_cached_main_window:566 - DBG_PHASE_TIMING phase=get_cached_main_window elapsed_ms=0.000 reason_code=cache_reused_without_validation
2026-08-26 14:56:08.653 | DEBUG    | winwatt_automation.live_ui.app_connector:get_cached_main_window:565 - DBG_WINWATT_CACHE_GET reason_code=cache_reused_without_validation payload={'wrapper_type': 'UIAWrapper', 'handle': 1901766, 'process_id': 8200, 'title': 'WinWatt gólya - C:\\Users\\Admin\\Documents\\GitHub\\autowinwatt\\winwatt_automation\\data\\runtime_maps\\full_authorized_sandbox\\20260826T123933Z\\testwwp.wwp', 'class_name': 'TMainForm', 'control_type': 'Window'} last_validation_age_s=2.5469999999913853 diagnostic_fast_mode=False
2026-08-26 14:56:08.653 | DEBUG    | winwatt_automation.live_ui.app_connector:get_cached_main_window:566 - DBG_PHASE_TIMING phase=get_cached_main_window elapsed_ms=0.000 reason_code=cache_reused_without_validation
2026-08-26 14:56:09.542 | INFO     | winwatt_automation.live_ui.menu_helpers:_menu_row_from_wrapper:1545 - TEXT_EXTRACTION_FALLBACK_USED source=legacy_text confidence=medium rect={'left': 44, 'top': 56, 'right': 318, 'bottom': 84}
2026-08-26 14:56:09.542 | DEBUG    | winwatt_automation.live_ui.menu_helpers:_log_popup_fragment:499 - DBG_MENU_FRAGMENT_GLOBAL_SCAN source_scope=global_process_scan control_type=MenuItem class_name= text='Végrehajtás' rectangle={'left': 44, 'top': 56, 'right': 318, 'bottom': 84} center=(181, 70) process_id=8200 native_handle=None topbar_candidate=True popup_candidate=False
2026-08-26 14:56:09.542 | INFO     | winwatt_automation.live_ui.menu_helpers:_menu_row_from_wrapper:1545 - TEXT_EXTRACTION_FALLBACK_USED source=legacy_text confidence=medium rect={'left': 44, 'top': 84, 'right': 318, 'bottom': 112}
2026-08-26 14:56:09.558 | DEBUG    | winwatt_automation.live_ui.menu_helpers:_log_popup_fragment:499 - DBG_MENU_FRAGMENT_GLOBAL_SCAN source_scope=global_process_scan control_type=MenuItem class_name= text='Végrehajtás' rectangle={'left': 44, 'top': 84, 'right': 318, 'bottom': 112} center=(181, 98) process_id=8200 native_handle=None topbar_candidate=True popup_candidate=False
2026-08-26 14:56:09.558 | INFO     | winwatt_automation.live_ui.menu_helpers:_menu_row_from_wrapper:1545 - TEXT_EXTRACTION_FALLBACK_USED source=legacy_text confidence=medium rect={'left': 44, 'top': 111, 'right': 318, 'bottom': 139}
2026-08-26 14:56:09.558 | DEBUG    | winwatt_automation.live_ui.menu_helpers:_log_popup_fragment:499 - DBG_MENU_FRAGMENT_GLOBAL_SCAN source_scope=global_process_scan control_type=MenuItem class_name= text='Végrehajtás' rectangle={'left': 44, 'top': 111, 'right': 318, 'bottom': 139} center=(181, 125) process_id=8200 native_handle=None topbar_candidate=True popup_candidate=False
2026-08-26 14:56:09.574 | INFO     | winwatt_automation.live_ui.menu_helpers:_menu_row_from_wrapper:1545 - TEXT_EXTRACTION_FALLBACK_USED source=legacy_text confidence=medium rect={'left': 44, 'top': 139, 'right': 318, 'bottom': 167}
2026-08-26 14:56:09.574 | DEBUG    | winwatt_automation.live_ui.menu_helpers:_log_popup_fragment:499 - DBG_MENU_FRAGMENT_GLOBAL_SCAN source_scope=global_process_scan control_type=MenuItem class_name= text='Végrehajtás' rectangle={'left': 44, 'top': 139, 'right': 318, 'bottom': 167} center=(181, 153) process_id=8200 native_handle=None topbar_candidate=True popup_candidate=False
2026-08-26 14:56:09.590 | INFO     | winwatt_automation.live_ui.menu_helpers:_menu_row_from_wrapper:1545 - TEXT_EXTRACTION_FALLBACK_USED source=legacy_text confidence=medium rect={'left': 44, 'top': 166, 'right': 318, 'bottom': 194}
2026-08-26 14:56:09.590 | DEBUG    | winwatt_automation.live_ui.menu_helpers:_log_popup_fragment:499 - DBG_MENU_FRAGMENT_GLOBAL_SCAN source_scope=global_process_scan control_type=MenuItem class_name= text='Végrehajtás' rectangle={'left': 44, 'top': 166, 'right': 318, 'bottom': 194} center=(181, 180) process_id=8200 native_handle=None topbar_candidate=True popup_candidate=False
2026-08-26 14:56:09.590 | INFO     | winwatt_automation.live_ui.menu_helpers:_menu_row_from_wrapper:1545 - TEXT_EXTRACTION_FALLBACK_USED source=legacy_text confidence=medium rect={'left': 44, 'top': 201, 'right': 318, 'bottom': 229}
2026-08-26 14:56:09.605 | DEBUG    | winwatt_automation.live_ui.menu_helpers:_log_popup_fragment:499 - DBG_MENU_FRAGMENT_GLOBAL_SCAN source_scope=global_process_scan control_type=MenuItem class_name= text='Végrehajtás' rectangle={'left': 44, 'top': 201, 'right': 318, 'bottom': 229} center=(181, 215) process_id=8200 native_handle=None topbar_candidate=True popup_candidate=False
2026-08-26 14:56:09.605 | INFO     | winwatt_automation.live_ui.menu_helpers:_menu_row_from_wrapper:1545 - TEXT_EXTRACTION_FALLBACK_USED source=legacy_text confidence=medium rect={'left': 44, 'top': 229, 'right': 318, 'bottom': 257}
2026-08-26 14:56:09.605 | DEBUG    | winwatt_automation.live_ui.menu_helpers:_log_popup_fragment:499 - DBG_MENU_FRAGMENT_GLOBAL_SCAN source_scope=global_process_scan control_type=MenuItem class_name= text='Végrehajtás' rectangle={'left': 44, 'top': 229, 'right': 318, 'bottom': 257} center=(181, 243) process_id=8200 native_handle=None topbar_candidate=True popup_candidate=False
2026-08-26 14:56:09.621 | INFO     | winwatt_automation.live_ui.menu_helpers:_menu_row_from_wrapper:1545 - TEXT_EXTRACTION_FALLBACK_USED source=legacy_text confidence=medium rect={'left': 44, 'top': 256, 'right': 318, 'bottom': 284}
2026-08-26 14:56:09.621 | DEBUG    | winwatt_automation.live_ui.menu_helpers:_log_popup_fragment:499 - DBG_MENU_FRAGMENT_GLOBAL_SCAN source_scope=global_process_scan control_type=MenuItem class_name= text='Végrehajtás' rectangle={'left': 44, 'top': 256, 'right': 318, 'bottom': 284} center=(181, 270) process_id=8200 native_handle=None topbar_candidate=True popup_candidate=False
2026-08-26 14:56:09.621 | INFO     | winwatt_automation.live_ui.menu_helpers:_menu_row_from_wrapper:1545 - TEXT_EXTRACTION_FALLBACK_USED source=legacy_text confidence=medium rect={'left': 44, 'top': 284, 'right': 318, 'bottom': 312}
2026-08-26 14:56:09.637 | DEBUG    | winwatt_automation.live_ui.menu_helpers:_log_popup_fragment:499 - DBG_MENU_FRAGMENT_GLOBAL_SCAN source_scope=global_process_scan control_type=MenuItem class_name= text='Végrehajtás' rectangle={'left': 44, 'top': 284, 'right': 318, 'bottom': 312} center=(181, 298) process_id=8200 native_handle=None topbar_candidate=True popup_candidate=False
2026-08-26 14:56:09.637 | INFO     | winwatt_automation.live_ui.menu_helpers:_menu_row_from_wrapper:1545 - TEXT_EXTRACTION_FALLBACK_USED source=legacy_text confidence=medium rect={'left': 44, 'top': 319, 'right': 318, 'bottom': 347}
2026-08-26 14:56:09.637 | DEBUG    | winwatt_automation.live_ui.menu_helpers:_log_popup_fragment:499 - DBG_MENU_FRAGMENT_GLOBAL_SCAN source_scope=global_process_scan control_type=MenuItem class_name= text='Végrehajtás' rectangle={'left': 44, 'top': 319, 'right': 318, 'bottom': 347} center=(181, 333) process_id=8200 native_handle=None topbar_candidate=True popup_candidate=False
2026-08-26 14:56:09.653 | INFO     | winwatt_automation.live_ui.menu_helpers:_menu_row_from_wrapper:1545 - TEXT_EXTRACTION_FALLBACK_USED source=legacy_text confidence=medium rect={'left': 44, 'top': 346, 'right': 318, 'bottom': 374}
2026-08-26 14:56:09.653 | DEBUG    | winwatt_automation.live_ui.menu_helpers:_log_popup_fragment:499 - DBG_MENU_FRAGMENT_GLOBAL_SCAN source_scope=global_process_scan control_type=MenuItem class_name= text='Végrehajtás' rectangle={'left': 44, 'top': 346, 'right': 318, 'bottom': 374} center=(181, 360) process_id=8200 native_handle=None topbar_candidate=True popup_candidate=False
2026-08-26 14:56:09.669 | INFO     | winwatt_automation.live_ui.menu_helpers:_menu_row_from_wrapper:1545 - TEXT_EXTRACTION_FALLBACK_USED source=legacy_text confidence=medium rect={'left': 44, 'top': 374, 'right': 318, 'bottom': 402}
2026-08-26 14:56:09.669 | DEBUG    | winwatt_automation.live_ui.menu_helpers:_log_popup_fragment:499 - DBG_MENU_FRAGMENT_GLOBAL_SCAN source_scope=global_process_scan control_type=MenuItem class_name= text='Végrehajtás' rectangle={'left': 44, 'top': 374, 'right': 318, 'bottom': 402} center=(181, 388) process_id=8200 native_handle=None topbar_candidate=True popup_candidate=False
2026-08-26 14:56:09.669 | INFO     | winwatt_automation.live_ui.menu_helpers:_menu_row_from_wrapper:1545 - TEXT_EXTRACTION_FALLBACK_USED source=legacy_text confidence=medium rect={'left': 44, 'top': 401, 'right': 318, 'bottom': 429}
2026-08-26 14:56:09.685 | DEBUG    | winwatt_automation.live_ui.menu_helpers:_log_popup_fragment:499 - DBG_MENU_FRAGMENT_GLOBAL_SCAN source_scope=global_process_scan control_type=MenuItem class_name= text='Végrehajtás' rectangle={'left': 44, 'top': 401, 'right': 318, 'bottom': 429} center=(181, 415) process_id=8200 native_handle=None topbar_candidate=True popup_candidate=False
2026-08-26 14:56:09.693 | INFO     | winwatt_automation.live_ui.menu_helpers:_menu_row_from_wrapper:1545 - TEXT_EXTRACTION_FALLBACK_USED source=legacy_text confidence=medium rect={'left': 44, 'top': 436, 'right': 318, 'bottom': 464}
2026-08-26 14:56:09.693 | DEBUG    | winwatt_automation.live_ui.menu_helpers:_log_popup_fragment:499 - DBG_MENU_FRAGMENT_GLOBAL_SCAN source_scope=global_process_scan control_type=MenuItem class_name= text='Végrehajtás' rectangle={'left': 44, 'top': 436, 'right': 318, 'bottom': 464} center=(181, 450) process_id=8200 native_handle=None topbar_candidate=True popup_candidate=False
2026-08-26 14:56:09.693 | DEBUG    | winwatt_automation.live_ui.menu_helpers:_log_popup_fragment:499 - DBG_MENU_FRAGMENT_GLOBAL_SCAN source_scope=global_process_scan control_type=MenuItem class_name= text='Rendszer' rectangle={'left': 0, 'top': 0, 'right': 28, 'bottom': 28} center=(14, 14) process_id=8200 native_handle=None topbar_candidate=True popup_candidate=False
2026-08-26 14:56:09.693 | DEBUG    | winwatt_automation.live_ui.menu_helpers:_log_popup_fragment:499 - DBG_MENU_FRAGMENT_GLOBAL_SCAN source_scope=global_process_scan control_type=MenuItem class_name= text='Fájl' rectangle={'left': 0, 'top': 29, 'right': 40, 'bottom': 53} center=(20, 41) process_id=8200 native_handle=None topbar_candidate=True popup_candidate=False
2026-08-26 14:56:09.693 | DEBUG    | winwatt_automation.live_ui.menu_helpers:_log_popup_fragment:499 - DBG_MENU_FRAGMENT_GLOBAL_SCAN source_scope=global_process_scan control_type=MenuItem class_name= text='Jegyzékek' rectangle={'left': 40, 'top': 29, 'right': 123, 'bottom': 53} center=(81, 41) process_id=8200 native_handle=None topbar_candidate=True popup_candidate=False
2026-08-26 14:56:09.702 | DEBUG    | winwatt_automation.live_ui.menu_helpers:_log_popup_fragment:499 - DBG_MENU_FRAGMENT_GLOBAL_SCAN source_scope=global_process_scan control_type=MenuItem class_name= text='Eszközök' rectangle={'left': 123, 'top': 29, 'right': 199, 'bottom': 53} center=(161, 41) process_id=8200 native_handle=None topbar_candidate=True popup_candidate=False
2026-08-26 14:56:09.702 | DEBUG    | winwatt_automation.live_ui.menu_helpers:_log_popup_fragment:499 - DBG_MENU_FRAGMENT_GLOBAL_SCAN source_scope=global_process_scan control_type=MenuItem class_name= text='Beállítások' rectangle={'left': 199, 'top': 29, 'right': 287, 'bottom': 53} center=(243, 41) process_id=8200 native_handle=None topbar_candidate=True popup_candidate=False
2026-08-26 14:56:09.702 | DEBUG    | winwatt_automation.live_ui.menu_helpers:_log_popup_fragment:499 - DBG_MENU_FRAGMENT_GLOBAL_SCAN source_scope=global_process_scan control_type=MenuItem class_name= text='Ablak' rectangle={'left': 286, 'top': 29, 'right': 341, 'bottom': 53} center=(313, 41) process_id=8200 native_handle=None topbar_candidate=True popup_candidate=False
2026-08-26 14:56:09.702 | DEBUG    | winwatt_automation.live_ui.menu_helpers:_log_popup_fragment:499 - DBG_MENU_FRAGMENT_GLOBAL_SCAN source_scope=global_process_scan control_type=MenuItem class_name= text='Súgó' rectangle={'left': 341, 'top': 29, 'right': 392, 'bottom': 53} center=(366, 41) process_id=8200 native_handle=None topbar_candidate=True popup_candidate=False
2026-08-26 14:56:09.702 | DEBUG    | winwatt_automation.live_ui.menu_helpers:_menu_like_controls_from_global_process_scan:1631 - DBG_MENU_FRAGMENT_SOURCE_SUMMARY source_scope=global_process_scan count=21 process_id=8200
2026-08-26 14:56:09.708 | DEBUG    | winwatt_automation.live_ui.app_connector:get_cached_main_window:565 - DBG_WINWATT_CACHE_GET reason_code=cache_reused_without_validation payload={'wrapper_type': 'UIAWrapper', 'handle': 1901766, 'process_id': 8200, 'title': 'WinWatt gólya - C:\\Users\\Admin\\Documents\\GitHub\\autowinwatt\\winwatt_automation\\data\\runtime_maps\\full_authorized_sandbox\\20260826T123933Z\\testwwp.wwp', 'class_name': 'TMainForm', 'control_type': 'Window'} last_validation_age_s=3.60999999998603 diagnostic_fast_mode=False
2026-08-26 14:56:09.708 | DEBUG    | winwatt_automation.live_ui.app_connector:get_cached_main_window:566 - DBG_PHASE_TIMING phase=get_cached_main_window elapsed_ms=0.000 reason_code=cache_reused_without_validation
2026-08-26 14:56:10.355 | DEBUG    | winwatt_automation.live_ui.menu_helpers:capture_menu_popup_snapshot:1682 - DBG_POPUP_ROW_DEDUPE rect={'left': 44, 'top': 56, 'right': 318, 'bottom': 84} normalized_text=végrehajtás class_name= source_scope=main_window deduplicated=False
2026-08-26 14:56:10.355 | DEBUG    | winwatt_automation.live_ui.menu_helpers:capture_menu_popup_snapshot:1682 - DBG_POPUP_ROW_DEDUPE rect={'left': 44, 'top': 84, 'right': 318, 'bottom': 112} normalized_text=végrehajtás class_name= source_scope=main_window deduplicated=False
2026-08-26 14:56:10.355 | DEBUG    | winwatt_automation.live_ui.menu_helpers:capture_menu_popup_snapshot:1682 - DBG_POPUP_ROW_DEDUPE rect={'left': 44, 'top': 111, 'right': 318, 'bottom': 139} normalized_text=végrehajtás class_name= source_scope=main_window deduplicated=False
2026-08-26 14:56:10.355 | DEBUG    | winwatt_automation.live_ui.menu_helpers:capture_menu_popup_snapshot:1682 - DBG_POPUP_ROW_DEDUPE rect={'left': 44, 'top': 139, 'right': 318, 'bottom': 167} normalized_text=végrehajtás class_name= source_scope=main_window deduplicated=False
2026-08-26 14:56:10.355 | DEBUG    | winwatt_automation.live_ui.menu_helpers:capture_menu_popup_snapshot:1682 - DBG_POPUP_ROW_DEDUPE rect={'left': 44, 'top': 166, 'right': 318, 'bottom': 194} normalized_text=végrehajtás class_name= source_scope=main_window deduplicated=False
2026-08-26 14:56:10.371 | DEBUG    | winwatt_automation.live_ui.menu_helpers:capture_menu_popup_snapshot:1682 - DBG_POPUP_ROW_DEDUPE rect={'left': 44, 'top': 201, 'right': 318, 'bottom': 229} normalized_text=végrehajtás class_name= source_scope=main_window deduplicated=False
2026-08-26 14:56:10.371 | DEBUG    | winwatt_automation.live_ui.menu_helpers:capture_menu_popup_snapshot:1682 - DBG_POPUP_ROW_DEDUPE rect={'left': 44, 'top': 229, 'right': 318, 'bottom': 257} normalized_text=végrehajtás class_name= source_scope=main_window deduplicated=False
2026-08-26 14:56:10.371 | DEBUG    | winwatt_automation.live_ui.menu_helpers:capture_menu_popup_snapshot:1682 - DBG_POPUP_ROW_DEDUPE rect={'left': 44, 'top': 256, 'right': 318, 'bottom': 284} normalized_text=végrehajtás class_name= source_scope=main_window deduplicated=False
2026-08-26 14:56:10.371 | DEBUG    | winwatt_automation.live_ui.menu_helpers:capture_menu_popup_snapshot:1682 - DBG_POPUP_ROW_DEDUPE rect={'left': 44, 'top': 284, 'right': 318, 'bottom': 312} normalized_text=végrehajtás class_name= source_scope=main_window deduplicated=False
2026-08-26 14:56:10.371 | DEBUG    | winwatt_automation.live_ui.menu_helpers:capture_menu_popup_snapshot:1682 - DBG_POPUP_ROW_DEDUPE rect={'left': 44, 'top': 319, 'right': 318, 'bottom': 347} normalized_text=végrehajtás class_name= source_scope=main_window deduplicated=False
2026-08-26 14:56:10.371 | DEBUG    | winwatt_automation.live_ui.menu_helpers:capture_menu_popup_snapshot:1682 - DBG_POPUP_ROW_DEDUPE rect={'left': 44, 'top': 346, 'right': 318, 'bottom': 374} normalized_text=végrehajtás class_name= source_scope=main_window deduplicated=False
2026-08-26 14:56:10.371 | DEBUG    | winwatt_automation.live_ui.menu_helpers:capture_menu_popup_snapshot:1682 - DBG_POPUP_ROW_DEDUPE rect={'left': 44, 'top': 374, 'right': 318, 'bottom': 402} normalized_text=végrehajtás class_name= source_scope=main_window deduplicated=False
2026-08-26 14:56:10.371 | DEBUG    | winwatt_automation.live_ui.menu_helpers:capture_menu_popup_snapshot:1682 - DBG_POPUP_ROW_DEDUPE rect={'left': 44, 'top': 401, 'right': 318, 'bottom': 429} normalized_text=végrehajtás class_name= source_scope=main_window deduplicated=False
2026-08-26 14:56:10.371 | DEBUG    | winwatt_automation.live_ui.menu_helpers:capture_menu_popup_snapshot:1682 - DBG_POPUP_ROW_DEDUPE rect={'left': 44, 'top': 436, 'right': 318, 'bottom': 464} normalized_text=végrehajtás class_name= source_scope=main_window deduplicated=False
2026-08-26 14:56:10.371 | DEBUG    | winwatt_automation.live_ui.menu_helpers:capture_menu_popup_snapshot:1682 - DBG_POPUP_ROW_DEDUPE rect={'left': 0, 'top': 0, 'right': 28, 'bottom': 28} normalized_text=rendszer class_name= source_scope=main_window deduplicated=False
2026-08-26 14:56:10.371 | DEBUG    | winwatt_automation.live_ui.menu_helpers:capture_menu_popup_snapshot:1682 - DBG_POPUP_ROW_DEDUPE rect={'left': 0, 'top': 29, 'right': 40, 'bottom': 53} normalized_text=fájl class_name= source_scope=main_window deduplicated=False
2026-08-26 14:56:10.371 | DEBUG    | winwatt_automation.live_ui.menu_helpers:capture_menu_popup_snapshot:1682 - DBG_POPUP_ROW_DEDUPE rect={'left': 40, 'top': 29, 'right': 123, 'bottom': 53} normalized_text=jegyzékek class_name= source_scope=main_window deduplicated=False
2026-08-26 14:56:10.377 | DEBUG    | winwatt_automation.live_ui.menu_helpers:capture_menu_popup_snapshot:1682 - DBG_POPUP_ROW_DEDUPE rect={'left': 123, 'top': 29, 'right': 199, 'bottom': 53} normalized_text=eszközök class_name= source_scope=main_window deduplicated=False
2026-08-26 14:56:10.377 | DEBUG    | winwatt_automation.live_ui.menu_helpers:capture_menu_popup_snapshot:1682 - DBG_POPUP_ROW_DEDUPE rect={'left': 199, 'top': 29, 'right': 287, 'bottom': 53} normalized_text=beállítások class_name= source_scope=main_window deduplicated=False
2026-08-26 14:56:10.377 | DEBUG    | winwatt_automation.live_ui.menu_helpers:capture_menu_popup_snapshot:1682 - DBG_POPUP_ROW_DEDUPE rect={'left': 286, 'top': 29, 'right': 341, 'bottom': 53} normalized_text=ablak class_name= source_scope=main_window deduplicated=False
2026-08-26 14:56:10.377 | DEBUG    | winwatt_automation.live_ui.menu_helpers:capture_menu_popup_snapshot:1682 - DBG_POPUP_ROW_DEDUPE rect={'left': 341, 'top': 29, 'right': 392, 'bottom': 53} normalized_text=súgó class_name= source_scope=main_window deduplicated=False
2026-08-26 14:56:10.377 | DEBUG    | winwatt_automation.live_ui.menu_helpers:capture_menu_popup_snapshot:1682 - DBG_POPUP_ROW_DEDUPE rect={'left': 44, 'top': 56, 'right': 318, 'bottom': 84} normalized_text=végrehajtás class_name= source_scope=global_process_scan deduplicated=False
2026-08-26 14:56:10.377 | DEBUG    | winwatt_automation.live_ui.menu_helpers:capture_menu_popup_snapshot:1682 - DBG_POPUP_ROW_DEDUPE rect={'left': 44, 'top': 84, 'right': 318, 'bottom': 112} normalized_text=végrehajtás class_name= source_scope=global_process_scan deduplicated=False
2026-08-26 14:56:10.377 | DEBUG    | winwatt_automation.live_ui.menu_helpers:capture_menu_popup_snapshot:1682 - DBG_POPUP_ROW_DEDUPE rect={'left': 44, 'top': 111, 'right': 318, 'bottom': 139} normalized_text=végrehajtás class_name= source_scope=global_process_scan deduplicated=False
2026-08-26 14:56:10.377 | DEBUG    | winwatt_automation.live_ui.menu_helpers:capture_menu_popup_snapshot:1682 - DBG_POPUP_ROW_DEDUPE rect={'left': 44, 'top': 139, 'right': 318, 'bottom': 167} normalized_text=végrehajtás class_name= source_scope=global_process_scan deduplicated=False
2026-08-26 14:56:10.377 | DEBUG    | winwatt_automation.live_ui.menu_helpers:capture_menu_popup_snapshot:1682 - DBG_POPUP_ROW_DEDUPE rect={'left': 44, 'top': 166, 'right': 318, 'bottom': 194} normalized_text=végrehajtás class_name= source_scope=global_process_scan deduplicated=False
2026-08-26 14:56:10.377 | DEBUG    | winwatt_automation.live_ui.menu_helpers:capture_menu_popup_snapshot:1682 - DBG_POPUP_ROW_DEDUPE rect={'left': 44, 'top': 201, 'right': 318, 'bottom': 229} normalized_text=végrehajtás class_name= source_scope=global_process_scan deduplicated=False
2026-08-26 14:56:10.377 | DEBUG    | winwatt_automation.live_ui.menu_helpers:capture_menu_popup_snapshot:1682 - DBG_POPUP_ROW_DEDUPE rect={'left': 44, 'top': 229, 'right': 318, 'bottom': 257} normalized_text=végrehajtás class_name= source_scope=global_process_scan deduplicated=False
2026-08-26 14:56:10.377 | DEBUG    | winwatt_automation.live_ui.menu_helpers:capture_menu_popup_snapshot:1682 - DBG_POPUP_ROW_DEDUPE rect={'left': 44, 'top': 256, 'right': 318, 'bottom': 284} normalized_text=végrehajtás class_name= source_scope=global_process_scan deduplicated=False
2026-08-26 14:56:10.377 | DEBUG    | winwatt_automation.live_ui.menu_helpers:capture_menu_popup_snapshot:1682 - DBG_POPUP_ROW_DEDUPE rect={'left': 44, 'top': 284, 'right': 318, 'bottom': 312} normalized_text=végrehajtás class_name= source_scope=global_process_scan deduplicated=False
2026-08-26 14:56:10.377 | DEBUG    | winwatt_automation.live_ui.menu_helpers:capture_menu_popup_snapshot:1682 - DBG_POPUP_ROW_DEDUPE rect={'left': 44, 'top': 319, 'right': 318, 'bottom': 347} normalized_text=végrehajtás class_name= source_scope=global_process_scan deduplicated=False
2026-08-26 14:56:10.377 | DEBUG    | winwatt_automation.live_ui.menu_helpers:capture_menu_popup_snapshot:1682 - DBG_POPUP_ROW_DEDUPE rect={'left': 44, 'top': 346, 'right': 318, 'bottom': 374} normalized_text=végrehajtás class_name= source_scope=global_process_scan deduplicated=False
2026-08-26 14:56:10.377 | DEBUG    | winwatt_automation.live_ui.menu_helpers:capture_menu_popup_snapshot:1682 - DBG_POPUP_ROW_DEDUPE rect={'left': 44, 'top': 374, 'right': 318, 'bottom': 402} normalized_text=végrehajtás class_name= source_scope=global_process_scan deduplicated=False
2026-08-26 14:56:10.377 | DEBUG    | winwatt_automation.live_ui.menu_helpers:capture_menu_popup_snapshot:1682 - DBG_POPUP_ROW_DEDUPE rect={'left': 44, 'top': 401, 'right': 318, 'bottom': 429} normalized_text=végrehajtás class_name= source_scope=global_process_scan deduplicated=False
2026-08-26 14:56:10.377 | DEBUG    | winwatt_automation.live_ui.menu_helpers:capture_menu_popup_snapshot:1682 - DBG_POPUP_ROW_DEDUPE rect={'left': 44, 'top': 436, 'right': 318, 'bottom': 464} normalized_text=végrehajtás class_name= source_scope=global_process_scan deduplicated=False
2026-08-26 14:56:10.377 | DEBUG    | winwatt_automation.live_ui.menu_helpers:capture_menu_popup_snapshot:1682 - DBG_POPUP_ROW_DEDUPE rect={'left': 0, 'top': 0, 'right': 28, 'bottom': 28} normalized_text=rendszer class_name= source_scope=global_process_scan deduplicated=False
2026-08-26 14:56:10.377 | DEBUG    | winwatt_automation.live_ui.menu_helpers:capture_menu_popup_snapshot:1682 - DBG_POPUP_ROW_DEDUPE rect={'left': 0, 'top': 29, 'right': 40, 'bottom': 53} normalized_text=fájl class_name= source_scope=global_process_scan deduplicated=False
2026-08-26 14:56:10.377 | DEBUG    | winwatt_automation.live_ui.menu_helpers:capture_menu_popup_snapshot:1682 - DBG_POPUP_ROW_DEDUPE rect={'left': 40, 'top': 29, 'right': 123, 'bottom': 53} normalized_text=jegyzékek class_name= source_scope=global_process_scan deduplicated=False
2026-08-26 14:56:10.377 | DEBUG    | winwatt_automation.live_ui.menu_helpers:capture_menu_popup_snapshot:1682 - DBG_POPUP_ROW_DEDUPE rect={'left': 123, 'top': 29, 'right': 199, 'bottom': 53} normalized_text=eszközök class_name= source_scope=global_process_scan deduplicated=False
2026-08-26 14:56:10.377 | DEBUG    | winwatt_automation.live_ui.menu_helpers:capture_menu_popup_snapshot:1682 - DBG_POPUP_ROW_DEDUPE rect={'left': 199, 'top': 29, 'right': 287, 'bottom': 53} normalized_text=beállítások class_name= source_scope=global_process_scan deduplicated=False
2026-08-26 14:56:10.377 | DEBUG    | winwatt_automation.live_ui.menu_helpers:capture_menu_popup_snapshot:1682 - DBG_POPUP_ROW_DEDUPE rect={'left': 286, 'top': 29, 'right': 341, 'bottom': 53} normalized_text=ablak class_name= source_scope=global_process_scan deduplicated=False
2026-08-26 14:56:10.377 | DEBUG    | winwatt_automation.live_ui.menu_helpers:capture_menu_popup_snapshot:1682 - DBG_POPUP_ROW_DEDUPE rect={'left': 341, 'top': 29, 'right': 392, 'bottom': 53} normalized_text=súgó class_name= source_scope=global_process_scan deduplicated=False
2026-08-26 14:56:10.386 | INFO     | winwatt_automation.live_ui.menu_helpers:capture_menu_popup_snapshot:1724 - POPUP_SNAPSHOT_SUMMARY main_window_fragments=21 global_scan_fragments=21 deduped_fragments=42 topbar_like=12 popup_like=28 empty_text=0 topbar_band=(0, 29, 392, 53) empty_text_vertical_cluster_detected=False accepted_popup_rows=0 popup_heuristic=candidate_count_below_threshold
2026-08-26 14:56:10.386 | DEBUG    | winwatt_automation.live_ui.menu_helpers:capture_menu_popup_snapshot:1737 - Captured menu snapshot rows=42
2026-08-26 14:56:10.386 | DEBUG    | winwatt_automation.live_ui.menu_helpers:_log_phase_timing:83 - DBG_PHASE_TIMING phase=capture_menu_popup_snapshot elapsed_ms=2875.000 main_rows=21 global_rows=21 unique_rows=42 diagnostic_fast_mode=False
2026-08-26 14:56:10.386 | DEBUG    | winwatt_automation.live_ui.menu_helpers:did_any_new_menu_popup_appear:2272 - Menu popup snapshot diff: before=14 after=42 new=28
2026-08-26 14:56:10.386 | INFO     | winwatt_automation.live_ui.app_connector:is_winwatt_foreground_context:1161 - DBG_WINWATT_FOREGROUND_CONTEXT expected_handle=1901766 expected_process_id=8200 expected_title=WinWatt gólya - C:\Users\Admin\Documents\GitHub\autowinwatt\winwatt_automation\data\runtime_maps\full_authorized_sandbox\20260826T123933Z\testwwp.wwp expected_class_name=TMainForm actual_foreground_handle=1901766 actual_foreground_process_id=8200 actual_foreground_title=WinWatt gólya - C:\Users\Admin\Documents\GitHub\autowinwatt\winwatt_automation\data\runtime_maps\full_authorized_sandbox\20260826T123933Z\testwwp.wwp actual_foreground_class_name=TMainForm allow_dialog=True result_reason=handle_match
2026-08-26 14:56:10.386 | INFO     | winwatt_automation.live_ui.app_connector:_cached_window_health_status:489 - DBG_WINWATT_CACHE_HEALTH reason_code=healthy payload={'wrapper_type': 'UIAWrapper', 'handle': 1901766, 'process_id': 8200, 'title': 'WinWatt gólya - C:\\Users\\Admin\\Documents\\GitHub\\autowinwatt\\winwatt_automation\\data\\runtime_maps\\full_authorized_sandbox\\20260826T123933Z\\testwwp.wwp', 'class_name': 'TMainForm', 'control_type': 'Window'}
2026-08-26 14:56:10.386 | DEBUG    | winwatt_automation.live_ui.app_connector:get_cached_main_window:574 - DBG_WINWATT_CACHE_GET reason_code=cache_validated_ok payload={'wrapper_type': 'UIAWrapper', 'handle': 1901766, 'process_id': 8200, 'title': 'WinWatt gólya - C:\\Users\\Admin\\Documents\\GitHub\\autowinwatt\\winwatt_automation\\data\\runtime_maps\\full_authorized_sandbox\\20260826T123933Z\\testwwp.wwp', 'class_name': 'TMainForm', 'control_type': 'Window'} last_validation_age_s=4.282000000006519 diagnostic_fast_mode=False
2026-08-26 14:56:10.386 | DEBUG    | winwatt_automation.live_ui.app_connector:get_cached_main_window:575 - DBG_PHASE_TIMING phase=get_cached_main_window elapsed_ms=0.000 reason_code=cache_validated_ok
2026-08-26 14:56:10.985 | DEBUG    | winwatt_automation.live_ui.app_connector:get_cached_main_window:565 - DBG_WINWATT_CACHE_GET reason_code=cache_reused_without_validation payload={'wrapper_type': 'UIAWrapper', 'handle': 1901766, 'process_id': 8200, 'title': 'WinWatt gólya - C:\\Users\\Admin\\Documents\\GitHub\\autowinwatt\\winwatt_automation\\data\\runtime_maps\\full_authorized_sandbox\\20260826T123933Z\\testwwp.wwp', 'class_name': 'TMainForm', 'control_type': 'Window'} last_validation_age_s=0.6089999999967404 diagnostic_fast_mode=False
2026-08-26 14:56:10.993 | DEBUG    | winwatt_automation.live_ui.app_connector:get_cached_main_window:566 - DBG_PHASE_TIMING phase=get_cached_main_window elapsed_ms=0.000 reason_code=cache_reused_without_validation
2026-08-26 14:56:10.993 | DEBUG    | winwatt_automation.live_ui.app_connector:get_cached_main_window:565 - DBG_WINWATT_CACHE_GET reason_code=cache_reused_without_validation payload={'wrapper_type': 'UIAWrapper', 'handle': 1901766, 'process_id': 8200, 'title': 'WinWatt gólya - C:\\Users\\Admin\\Documents\\GitHub\\autowinwatt\\winwatt_automation\\data\\runtime_maps\\full_authorized_sandbox\\20260826T123933Z\\testwwp.wwp', 'class_name': 'TMainForm', 'control_type': 'Window'} last_validation_age_s=0.6089999999967404 diagnostic_fast_mode=False
2026-08-26 14:56:11.000 | DEBUG    | winwatt_automation.live_ui.app_connector:get_cached_main_window:566 - DBG_PHASE_TIMING phase=get_cached_main_window elapsed_ms=16.000 reason_code=cache_reused_without_validation
2026-08-26 14:56:12.191 | INFO     | winwatt_automation.live_ui.menu_helpers:_menu_items:1101 - DBG_MENU_ITEMS_SUMMARY total_items=21 visible_items=21 topbar_band=(0, 0, 392, 464) topbar_band_visible_count=21 popup_region_visible_count=0 force_refresh=False handle=1901766
2026-08-26 14:56:12.191 | DEBUG    | winwatt_automation.live_ui.menu_helpers:_menu_items:1111 - Discovered 21 MenuItem controls
2026-08-26 14:56:12.191 | DEBUG    | winwatt_automation.live_ui.menu_helpers:_log_phase_timing:83 - DBG_PHASE_TIMING phase=_menu_items elapsed_ms=1203.000 force_refresh=False total_items=21 visible_items=21
2026-08-26 14:56:12.210 | INFO     | winwatt_automation.live_ui.menu_helpers:_menu_row_from_wrapper:1545 - TEXT_EXTRACTION_FALLBACK_USED source=legacy_text confidence=medium rect={'left': 44, 'top': 56, 'right': 318, 'bottom': 84}
2026-08-26 14:56:12.218 | DEBUG    | winwatt_automation.live_ui.menu_helpers:_log_popup_fragment:499 - DBG_MENU_FRAGMENT_MAIN_WINDOW source_scope=main_window control_type=MenuItem class_name= text='Végrehajtás' rectangle={'left': 44, 'top': 56, 'right': 318, 'bottom': 84} center=(181, 70) process_id=8200 native_handle=None topbar_candidate=True popup_candidate=False
2026-08-26 14:56:12.252 | INFO     | winwatt_automation.live_ui.menu_helpers:_menu_row_from_wrapper:1545 - TEXT_EXTRACTION_FALLBACK_USED source=legacy_text confidence=medium rect={'left': 44, 'top': 84, 'right': 318, 'bottom': 112}
2026-08-26 14:56:12.253 | DEBUG    | winwatt_automation.live_ui.menu_helpers:_log_popup_fragment:499 - DBG_MENU_FRAGMENT_MAIN_WINDOW source_scope=main_window control_type=MenuItem class_name= text='Végrehajtás' rectangle={'left': 44, 'top': 84, 'right': 318, 'bottom': 112} center=(181, 98) process_id=8200 native_handle=None topbar_candidate=True popup_candidate=False
2026-08-26 14:56:12.269 | INFO     | winwatt_automation.live_ui.menu_helpers:_menu_row_from_wrapper:1545 - TEXT_EXTRACTION_FALLBACK_USED source=legacy_text confidence=medium rect={'left': 44, 'top': 111, 'right': 318, 'bottom': 139}
2026-08-26 14:56:12.281 | DEBUG    | winwatt_automation.live_ui.menu_helpers:_log_popup_fragment:499 - DBG_MENU_FRAGMENT_MAIN_WINDOW source_scope=main_window control_type=MenuItem class_name= text='Végrehajtás' rectangle={'left': 44, 'top': 111, 'right': 318, 'bottom': 139} center=(181, 125) process_id=8200 native_handle=None topbar_candidate=True popup_candidate=False
2026-08-26 14:56:12.301 | INFO     | winwatt_automation.live_ui.menu_helpers:_menu_row_from_wrapper:1545 - TEXT_EXTRACTION_FALLBACK_USED source=legacy_text confidence=medium rect={'left': 44, 'top': 139, 'right': 318, 'bottom': 167}
2026-08-26 14:56:12.301 | DEBUG    | winwatt_automation.live_ui.menu_helpers:_log_popup_fragment:499 - DBG_MENU_FRAGMENT_MAIN_WINDOW source_scope=main_window control_type=MenuItem class_name= text='Végrehajtás' rectangle={'left': 44, 'top': 139, 'right': 318, 'bottom': 167} center=(181, 153) process_id=8200 native_handle=None topbar_candidate=True popup_candidate=False
2026-08-26 14:56:12.318 | INFO     | winwatt_automation.live_ui.menu_helpers:_menu_row_from_wrapper:1545 - TEXT_EXTRACTION_FALLBACK_USED source=legacy_text confidence=medium rect={'left': 44, 'top': 166, 'right': 318, 'bottom': 194}
2026-08-26 14:56:12.318 | DEBUG    | winwatt_automation.live_ui.menu_helpers:_log_popup_fragment:499 - DBG_MENU_FRAGMENT_MAIN_WINDOW source_scope=main_window control_type=MenuItem class_name= text='Végrehajtás' rectangle={'left': 44, 'top': 166, 'right': 318, 'bottom': 194} center=(181, 180) process_id=8200 native_handle=None topbar_candidate=True popup_candidate=False
2026-08-26 14:56:12.355 | INFO     | winwatt_automation.live_ui.menu_helpers:_menu_row_from_wrapper:1545 - TEXT_EXTRACTION_FALLBACK_USED source=legacy_text confidence=medium rect={'left': 44, 'top': 201, 'right': 318, 'bottom': 229}
2026-08-26 14:56:12.368 | DEBUG    | winwatt_automation.live_ui.menu_helpers:_log_popup_fragment:499 - DBG_MENU_FRAGMENT_MAIN_WINDOW source_scope=main_window control_type=MenuItem class_name= text='Végrehajtás' rectangle={'left': 44, 'top': 201, 'right': 318, 'bottom': 229} center=(181, 215) process_id=8200 native_handle=None topbar_candidate=True popup_candidate=False
2026-08-26 14:56:12.375 | INFO     | winwatt_automation.live_ui.menu_helpers:_menu_row_from_wrapper:1545 - TEXT_EXTRACTION_FALLBACK_USED source=legacy_text confidence=medium rect={'left': 44, 'top': 229, 'right': 318, 'bottom': 257}
2026-08-26 14:56:12.390 | DEBUG    | winwatt_automation.live_ui.menu_helpers:_log_popup_fragment:499 - DBG_MENU_FRAGMENT_MAIN_WINDOW source_scope=main_window control_type=MenuItem class_name= text='Végrehajtás' rectangle={'left': 44, 'top': 229, 'right': 318, 'bottom': 257} center=(181, 243) process_id=8200 native_handle=None topbar_candidate=True popup_candidate=False
2026-08-26 14:56:12.409 | INFO     | winwatt_automation.live_ui.menu_helpers:_menu_row_from_wrapper:1545 - TEXT_EXTRACTION_FALLBACK_USED source=legacy_text confidence=medium rect={'left': 44, 'top': 256, 'right': 318, 'bottom': 284}
2026-08-26 14:56:12.421 | DEBUG    | winwatt_automation.live_ui.menu_helpers:_log_popup_fragment:499 - DBG_MENU_FRAGMENT_MAIN_WINDOW source_scope=main_window control_type=MenuItem class_name= text='Végrehajtás' rectangle={'left': 44, 'top': 256, 'right': 318, 'bottom': 284} center=(181, 270) process_id=8200 native_handle=None topbar_candidate=True popup_candidate=False
2026-08-26 14:56:12.436 | INFO     | winwatt_automation.live_ui.menu_helpers:_menu_row_from_wrapper:1545 - TEXT_EXTRACTION_FALLBACK_USED source=legacy_text confidence=medium rect={'left': 44, 'top': 284, 'right': 318, 'bottom': 312}
2026-08-26 14:56:12.443 | DEBUG    | winwatt_automation.live_ui.menu_helpers:_log_popup_fragment:499 - DBG_MENU_FRAGMENT_MAIN_WINDOW source_scope=main_window control_type=MenuItem class_name= text='Végrehajtás' rectangle={'left': 44, 'top': 284, 'right': 318, 'bottom': 312} center=(181, 298) process_id=8200 native_handle=None topbar_candidate=True popup_candidate=False
2026-08-26 14:56:12.453 | INFO     | winwatt_automation.live_ui.menu_helpers:_menu_row_from_wrapper:1545 - TEXT_EXTRACTION_FALLBACK_USED source=legacy_text confidence=medium rect={'left': 44, 'top': 319, 'right': 318, 'bottom': 347}
2026-08-26 14:56:12.473 | DEBUG    | winwatt_automation.live_ui.menu_helpers:_log_popup_fragment:499 - DBG_MENU_FRAGMENT_MAIN_WINDOW source_scope=main_window control_type=MenuItem class_name= text='Végrehajtás' rectangle={'left': 44, 'top': 319, 'right': 318, 'bottom': 347} center=(181, 333) process_id=8200 native_handle=None topbar_candidate=True popup_candidate=False
2026-08-26 14:56:12.484 | INFO     | winwatt_automation.live_ui.menu_helpers:_menu_row_from_wrapper:1545 - TEXT_EXTRACTION_FALLBACK_USED source=legacy_text confidence=medium rect={'left': 44, 'top': 346, 'right': 318, 'bottom': 374}
2026-08-26 14:56:12.484 | DEBUG    | winwatt_automation.live_ui.menu_helpers:_log_popup_fragment:499 - DBG_MENU_FRAGMENT_MAIN_WINDOW source_scope=main_window control_type=MenuItem class_name= text='Végrehajtás' rectangle={'left': 44, 'top': 346, 'right': 318, 'bottom': 374} center=(181, 360) process_id=8200 native_handle=None topbar_candidate=True popup_candidate=False
2026-08-26 14:56:12.516 | INFO     | winwatt_automation.live_ui.menu_helpers:_menu_row_from_wrapper:1545 - TEXT_EXTRACTION_FALLBACK_USED source=legacy_text confidence=medium rect={'left': 44, 'top': 374, 'right': 318, 'bottom': 402}
2026-08-26 14:56:12.516 | DEBUG    | winwatt_automation.live_ui.menu_helpers:_log_popup_fragment:499 - DBG_MENU_FRAGMENT_MAIN_WINDOW source_scope=main_window control_type=MenuItem class_name= text='Végrehajtás' rectangle={'left': 44, 'top': 374, 'right': 318, 'bottom': 402} center=(181, 388) process_id=8200 native_handle=None topbar_candidate=True popup_candidate=False
2026-08-26 14:56:12.531 | INFO     | winwatt_automation.live_ui.menu_helpers:_menu_row_from_wrapper:1545 - TEXT_EXTRACTION_FALLBACK_USED source=legacy_text confidence=medium rect={'left': 44, 'top': 401, 'right': 318, 'bottom': 429}
2026-08-26 14:56:12.543 | DEBUG    | winwatt_automation.live_ui.menu_helpers:_log_popup_fragment:499 - DBG_MENU_FRAGMENT_MAIN_WINDOW source_scope=main_window control_type=MenuItem class_name= text='Végrehajtás' rectangle={'left': 44, 'top': 401, 'right': 318, 'bottom': 429} center=(181, 415) process_id=8200 native_handle=None topbar_candidate=True popup_candidate=False
2026-08-26 14:56:12.563 | INFO     | winwatt_automation.live_ui.menu_helpers:_menu_row_from_wrapper:1545 - TEXT_EXTRACTION_FALLBACK_USED source=legacy_text confidence=medium rect={'left': 44, 'top': 436, 'right': 318, 'bottom': 464}
2026-08-26 14:56:12.573 | DEBUG    | winwatt_automation.live_ui.menu_helpers:_log_popup_fragment:499 - DBG_MENU_FRAGMENT_MAIN_WINDOW source_scope=main_window control_type=MenuItem class_name= text='Végrehajtás' rectangle={'left': 44, 'top': 436, 'right': 318, 'bottom': 464} center=(181, 450) process_id=8200 native_handle=None topbar_candidate=True popup_candidate=False
2026-08-26 14:56:12.573 | DEBUG    | winwatt_automation.live_ui.menu_helpers:_log_popup_fragment:499 - DBG_MENU_FRAGMENT_MAIN_WINDOW source_scope=main_window control_type=MenuItem class_name= text='Rendszer' rectangle={'left': 0, 'top': 0, 'right': 28, 'bottom': 28} center=(14, 14) process_id=8200 native_handle=None topbar_candidate=True popup_candidate=False
2026-08-26 14:56:12.576 | DEBUG    | winwatt_automation.live_ui.menu_helpers:_log_popup_fragment:499 - DBG_MENU_FRAGMENT_MAIN_WINDOW source_scope=main_window control_type=MenuItem class_name= text='Fájl' rectangle={'left': 0, 'top': 29, 'right': 40, 'bottom': 53} center=(20, 41) process_id=8200 native_handle=None topbar_candidate=True popup_candidate=False
2026-08-26 14:56:12.576 | DEBUG    | winwatt_automation.live_ui.menu_helpers:_log_popup_fragment:499 - DBG_MENU_FRAGMENT_MAIN_WINDOW source_scope=main_window control_type=MenuItem class_name= text='Jegyzékek' rectangle={'left': 40, 'top': 29, 'right': 123, 'bottom': 53} center=(81, 41) process_id=8200 native_handle=None topbar_candidate=True popup_candidate=False
2026-08-26 14:56:12.579 | DEBUG    | winwatt_automation.live_ui.menu_helpers:_log_popup_fragment:499 - DBG_MENU_FRAGMENT_MAIN_WINDOW source_scope=main_window control_type=MenuItem class_name= text='Eszközök' rectangle={'left': 123, 'top': 29, 'right': 199, 'bottom': 53} center=(161, 41) process_id=8200 native_handle=None topbar_candidate=True popup_candidate=False
2026-08-26 14:56:12.579 | DEBUG    | winwatt_automation.live_ui.menu_helpers:_log_popup_fragment:499 - DBG_MENU_FRAGMENT_MAIN_WINDOW source_scope=main_window control_type=MenuItem class_name= text='Beállítások' rectangle={'left': 199, 'top': 29, 'right': 287, 'bottom': 53} center=(243, 41) process_id=8200 native_handle=None topbar_candidate=True popup_candidate=False
2026-08-26 14:56:12.579 | DEBUG    | winwatt_automation.live_ui.menu_helpers:_log_popup_fragment:499 - DBG_MENU_FRAGMENT_MAIN_WINDOW source_scope=main_window control_type=MenuItem class_name= text='Ablak' rectangle={'left': 286, 'top': 29, 'right': 341, 'bottom': 53} center=(313, 41) process_id=8200 native_handle=None topbar_candidate=True popup_candidate=False
2026-08-26 14:56:12.579 | DEBUG    | winwatt_automation.live_ui.menu_helpers:_log_popup_fragment:499 - DBG_MENU_FRAGMENT_MAIN_WINDOW source_scope=main_window control_type=MenuItem class_name= text='Súgó' rectangle={'left': 341, 'top': 29, 'right': 392, 'bottom': 53} center=(366, 41) process_id=8200 native_handle=None topbar_candidate=True popup_candidate=False
2026-08-26 14:56:12.579 | DEBUG    | winwatt_automation.live_ui.menu_helpers:_menu_like_controls_from_main_window:1599 - DBG_MENU_FRAGMENT_SOURCE_SUMMARY source_scope=main_window count=21
2026-08-26 14:56:12.579 | DEBUG    | winwatt_automation.live_ui.app_connector:get_cached_main_window:565 - DBG_WINWATT_CACHE_GET reason_code=cache_reused_without_validation payload={'wrapper_type': 'UIAWrapper', 'handle': 1901766, 'process_id': 8200, 'title': 'WinWatt gólya - C:\\Users\\Admin\\Documents\\GitHub\\autowinwatt\\winwatt_automation\\data\\runtime_maps\\full_authorized_sandbox\\20260826T123933Z\\testwwp.wwp', 'class_name': 'TMainForm', 'control_type': 'Window'} last_validation_age_s=2.202999999979511 diagnostic_fast_mode=False
2026-08-26 14:56:12.579 | DEBUG    | winwatt_automation.live_ui.app_connector:get_cached_main_window:566 - DBG_PHASE_TIMING phase=get_cached_main_window elapsed_ms=0.000 reason_code=cache_reused_without_validation
2026-08-26 14:56:12.579 | DEBUG    | winwatt_automation.live_ui.app_connector:get_cached_main_window:565 - DBG_WINWATT_CACHE_GET reason_code=cache_reused_without_validation payload={'wrapper_type': 'UIAWrapper', 'handle': 1901766, 'process_id': 8200, 'title': 'WinWatt gólya - C:\\Users\\Admin\\Documents\\GitHub\\autowinwatt\\winwatt_automation\\data\\runtime_maps\\full_authorized_sandbox\\20260826T123933Z\\testwwp.wwp', 'class_name': 'TMainForm', 'control_type': 'Window'} last_validation_age_s=2.202999999979511 diagnostic_fast_mode=False
2026-08-26 14:56:12.579 | DEBUG    | winwatt_automation.live_ui.app_connector:get_cached_main_window:566 - DBG_PHASE_TIMING phase=get_cached_main_window elapsed_ms=0.000 reason_code=cache_reused_without_validation
2026-08-26 14:56:13.501 | INFO     | winwatt_automation.live_ui.menu_helpers:_menu_row_from_wrapper:1545 - TEXT_EXTRACTION_FALLBACK_USED source=legacy_text confidence=medium rect={'left': 44, 'top': 56, 'right': 318, 'bottom': 84}
2026-08-26 14:56:13.501 | DEBUG    | winwatt_automation.live_ui.menu_helpers:_log_popup_fragment:499 - DBG_MENU_FRAGMENT_GLOBAL_SCAN source_scope=global_process_scan control_type=MenuItem class_name= text='Végrehajtás' rectangle={'left': 44, 'top': 56, 'right': 318, 'bottom': 84} center=(181, 70) process_id=8200 native_handle=None topbar_candidate=True popup_candidate=False
2026-08-26 14:56:13.519 | INFO     | winwatt_automation.live_ui.menu_helpers:_menu_row_from_wrapper:1545 - TEXT_EXTRACTION_FALLBACK_USED source=legacy_text confidence=medium rect={'left': 44, 'top': 84, 'right': 318, 'bottom': 112}
2026-08-26 14:56:13.519 | DEBUG    | winwatt_automation.live_ui.menu_helpers:_log_popup_fragment:499 - DBG_MENU_FRAGMENT_GLOBAL_SCAN source_scope=global_process_scan control_type=MenuItem class_name= text='Végrehajtás' rectangle={'left': 44, 'top': 84, 'right': 318, 'bottom': 112} center=(181, 98) process_id=8200 native_handle=None topbar_candidate=True popup_candidate=False
2026-08-26 14:56:13.533 | INFO     | winwatt_automation.live_ui.menu_helpers:_menu_row_from_wrapper:1545 - TEXT_EXTRACTION_FALLBACK_USED source=legacy_text confidence=medium rect={'left': 44, 'top': 111, 'right': 318, 'bottom': 139}
2026-08-26 14:56:13.539 | DEBUG    | winwatt_automation.live_ui.menu_helpers:_log_popup_fragment:499 - DBG_MENU_FRAGMENT_GLOBAL_SCAN source_scope=global_process_scan control_type=MenuItem class_name= text='Végrehajtás' rectangle={'left': 44, 'top': 111, 'right': 318, 'bottom': 139} center=(181, 125) process_id=8200 native_handle=None topbar_candidate=True popup_candidate=False
2026-08-26 14:56:13.551 | INFO     | winwatt_automation.live_ui.menu_helpers:_menu_row_from_wrapper:1545 - TEXT_EXTRACTION_FALLBACK_USED source=legacy_text confidence=medium rect={'left': 44, 'top': 139, 'right': 318, 'bottom': 167}
2026-08-26 14:56:13.551 | DEBUG    | winwatt_automation.live_ui.menu_helpers:_log_popup_fragment:499 - DBG_MENU_FRAGMENT_GLOBAL_SCAN source_scope=global_process_scan control_type=MenuItem class_name= text='Végrehajtás' rectangle={'left': 44, 'top': 139, 'right': 318, 'bottom': 167} center=(181, 153) process_id=8200 native_handle=None topbar_candidate=True popup_candidate=False
2026-08-26 14:56:13.570 | INFO     | winwatt_automation.live_ui.menu_helpers:_menu_row_from_wrapper:1545 - TEXT_EXTRACTION_FALLBACK_USED source=legacy_text confidence=medium rect={'left': 44, 'top': 166, 'right': 318, 'bottom': 194}
2026-08-26 14:56:13.570 | DEBUG    | winwatt_automation.live_ui.menu_helpers:_log_popup_fragment:499 - DBG_MENU_FRAGMENT_GLOBAL_SCAN source_scope=global_process_scan control_type=MenuItem class_name= text='Végrehajtás' rectangle={'left': 44, 'top': 166, 'right': 318, 'bottom': 194} center=(181, 180) process_id=8200 native_handle=None topbar_candidate=True popup_candidate=False
2026-08-26 14:56:13.580 | INFO     | winwatt_automation.live_ui.menu_helpers:_menu_row_from_wrapper:1545 - TEXT_EXTRACTION_FALLBACK_USED source=legacy_text confidence=medium rect={'left': 44, 'top': 201, 'right': 318, 'bottom': 229}
2026-08-26 14:56:13.580 | DEBUG    | winwatt_automation.live_ui.menu_helpers:_log_popup_fragment:499 - DBG_MENU_FRAGMENT_GLOBAL_SCAN source_scope=global_process_scan control_type=MenuItem class_name= text='Végrehajtás' rectangle={'left': 44, 'top': 201, 'right': 318, 'bottom': 229} center=(181, 215) process_id=8200 native_handle=None topbar_candidate=True popup_candidate=False
2026-08-26 14:56:13.596 | INFO     | winwatt_automation.live_ui.menu_helpers:_menu_row_from_wrapper:1545 - TEXT_EXTRACTION_FALLBACK_USED source=legacy_text confidence=medium rect={'left': 44, 'top': 229, 'right': 318, 'bottom': 257}
2026-08-26 14:56:13.596 | DEBUG    | winwatt_automation.live_ui.menu_helpers:_log_popup_fragment:499 - DBG_MENU_FRAGMENT_GLOBAL_SCAN source_scope=global_process_scan control_type=MenuItem class_name= text='Végrehajtás' rectangle={'left': 44, 'top': 229, 'right': 318, 'bottom': 257} center=(181, 243) process_id=8200 native_handle=None topbar_candidate=True popup_candidate=False
2026-08-26 14:56:13.612 | INFO     | winwatt_automation.live_ui.menu_helpers:_menu_row_from_wrapper:1545 - TEXT_EXTRACTION_FALLBACK_USED source=legacy_text confidence=medium rect={'left': 44, 'top': 256, 'right': 318, 'bottom': 284}
2026-08-26 14:56:13.616 | DEBUG    | winwatt_automation.live_ui.menu_helpers:_log_popup_fragment:499 - DBG_MENU_FRAGMENT_GLOBAL_SCAN source_scope=global_process_scan control_type=MenuItem class_name= text='Végrehajtás' rectangle={'left': 44, 'top': 256, 'right': 318, 'bottom': 284} center=(181, 270) process_id=8200 native_handle=None topbar_candidate=True popup_candidate=False
2026-08-26 14:56:13.620 | INFO     | winwatt_automation.live_ui.menu_helpers:_menu_row_from_wrapper:1545 - TEXT_EXTRACTION_FALLBACK_USED source=legacy_text confidence=medium rect={'left': 44, 'top': 284, 'right': 318, 'bottom': 312}
2026-08-26 14:56:13.628 | DEBUG    | winwatt_automation.live_ui.menu_helpers:_log_popup_fragment:499 - DBG_MENU_FRAGMENT_GLOBAL_SCAN source_scope=global_process_scan control_type=MenuItem class_name= text='Végrehajtás' rectangle={'left': 44, 'top': 284, 'right': 318, 'bottom': 312} center=(181, 298) process_id=8200 native_handle=None topbar_candidate=True popup_candidate=False
2026-08-26 14:56:13.628 | INFO     | winwatt_automation.live_ui.menu_helpers:_menu_row_from_wrapper:1545 - TEXT_EXTRACTION_FALLBACK_USED source=legacy_text confidence=medium rect={'left': 44, 'top': 319, 'right': 318, 'bottom': 347}
2026-08-26 14:56:13.628 | DEBUG    | winwatt_automation.live_ui.menu_helpers:_log_popup_fragment:499 - DBG_MENU_FRAGMENT_GLOBAL_SCAN source_scope=global_process_scan control_type=MenuItem class_name= text='Végrehajtás' rectangle={'left': 44, 'top': 319, 'right': 318, 'bottom': 347} center=(181, 333) process_id=8200 native_handle=None topbar_candidate=True popup_candidate=False
2026-08-26 14:56:13.643 | INFO     | winwatt_automation.live_ui.menu_helpers:_menu_row_from_wrapper:1545 - TEXT_EXTRACTION_FALLBACK_USED source=legacy_text confidence=medium rect={'left': 44, 'top': 346, 'right': 318, 'bottom': 374}
2026-08-26 14:56:13.643 | DEBUG    | winwatt_automation.live_ui.menu_helpers:_log_popup_fragment:499 - DBG_MENU_FRAGMENT_GLOBAL_SCAN source_scope=global_process_scan control_type=MenuItem class_name= text='Végrehajtás' rectangle={'left': 44, 'top': 346, 'right': 318, 'bottom': 374} center=(181, 360) process_id=8200 native_handle=None topbar_candidate=True popup_candidate=False
2026-08-26 14:56:13.659 | INFO     | winwatt_automation.live_ui.menu_helpers:_menu_row_from_wrapper:1545 - TEXT_EXTRACTION_FALLBACK_USED source=legacy_text confidence=medium rect={'left': 44, 'top': 374, 'right': 318, 'bottom': 402}
2026-08-26 14:56:13.659 | DEBUG    | winwatt_automation.live_ui.menu_helpers:_log_popup_fragment:499 - DBG_MENU_FRAGMENT_GLOBAL_SCAN source_scope=global_process_scan control_type=MenuItem class_name= text='Végrehajtás' rectangle={'left': 44, 'top': 374, 'right': 318, 'bottom': 402} center=(181, 388) process_id=8200 native_handle=None topbar_candidate=True popup_candidate=False
2026-08-26 14:56:13.659 | INFO     | winwatt_automation.live_ui.menu_helpers:_menu_row_from_wrapper:1545 - TEXT_EXTRACTION_FALLBACK_USED source=legacy_text confidence=medium rect={'left': 44, 'top': 401, 'right': 318, 'bottom': 429}
2026-08-26 14:56:13.679 | DEBUG    | winwatt_automation.live_ui.menu_helpers:_log_popup_fragment:499 - DBG_MENU_FRAGMENT_GLOBAL_SCAN source_scope=global_process_scan control_type=MenuItem class_name= text='Végrehajtás' rectangle={'left': 44, 'top': 401, 'right': 318, 'bottom': 429} center=(181, 415) process_id=8200 native_handle=None topbar_candidate=True popup_candidate=False
2026-08-26 14:56:13.685 | INFO     | winwatt_automation.live_ui.menu_helpers:_menu_row_from_wrapper:1545 - TEXT_EXTRACTION_FALLBACK_USED source=legacy_text confidence=medium rect={'left': 44, 'top': 436, 'right': 318, 'bottom': 464}
2026-08-26 14:56:13.693 | DEBUG    | winwatt_automation.live_ui.menu_helpers:_log_popup_fragment:499 - DBG_MENU_FRAGMENT_GLOBAL_SCAN source_scope=global_process_scan control_type=MenuItem class_name= text='Végrehajtás' rectangle={'left': 44, 'top': 436, 'right': 318, 'bottom': 464} center=(181, 450) process_id=8200 native_handle=None topbar_candidate=True popup_candidate=False
2026-08-26 14:56:13.693 | DEBUG    | winwatt_automation.live_ui.menu_helpers:_log_popup_fragment:499 - DBG_MENU_FRAGMENT_GLOBAL_SCAN source_scope=global_process_scan control_type=MenuItem class_name= text='Rendszer' rectangle={'left': 0, 'top': 0, 'right': 28, 'bottom': 28} center=(14, 14) process_id=8200 native_handle=None topbar_candidate=True popup_candidate=False
2026-08-26 14:56:13.693 | DEBUG    | winwatt_automation.live_ui.menu_helpers:_log_popup_fragment:499 - DBG_MENU_FRAGMENT_GLOBAL_SCAN source_scope=global_process_scan control_type=MenuItem class_name= text='Fájl' rectangle={'left': 0, 'top': 29, 'right': 40, 'bottom': 53} center=(20, 41) process_id=8200 native_handle=None topbar_candidate=True popup_candidate=False
2026-08-26 14:56:13.693 | DEBUG    | winwatt_automation.live_ui.menu_helpers:_log_popup_fragment:499 - DBG_MENU_FRAGMENT_GLOBAL_SCAN source_scope=global_process_scan control_type=MenuItem class_name= text='Jegyzékek' rectangle={'left': 40, 'top': 29, 'right': 123, 'bottom': 53} center=(81, 41) process_id=8200 native_handle=None topbar_candidate=True popup_candidate=False
2026-08-26 14:56:13.693 | DEBUG    | winwatt_automation.live_ui.menu_helpers:_log_popup_fragment:499 - DBG_MENU_FRAGMENT_GLOBAL_SCAN source_scope=global_process_scan control_type=MenuItem class_name= text='Eszközök' rectangle={'left': 123, 'top': 29, 'right': 199, 'bottom': 53} center=(161, 41) process_id=8200 native_handle=None topbar_candidate=True popup_candidate=False
2026-08-26 14:56:13.693 | DEBUG    | winwatt_automation.live_ui.menu_helpers:_log_popup_fragment:499 - DBG_MENU_FRAGMENT_GLOBAL_SCAN source_scope=global_process_scan control_type=MenuItem class_name= text='Beállítások' rectangle={'left': 199, 'top': 29, 'right': 287, 'bottom': 53} center=(243, 41) process_id=8200 native_handle=None topbar_candidate=True popup_candidate=False
2026-08-26 14:56:13.693 | DEBUG    | winwatt_automation.live_ui.menu_helpers:_log_popup_fragment:499 - DBG_MENU_FRAGMENT_GLOBAL_SCAN source_scope=global_process_scan control_type=MenuItem class_name= text='Ablak' rectangle={'left': 286, 'top': 29, 'right': 341, 'bottom': 53} center=(313, 41) process_id=8200 native_handle=None topbar_candidate=True popup_candidate=False
2026-08-26 14:56:13.693 | DEBUG    | winwatt_automation.live_ui.menu_helpers:_log_popup_fragment:499 - DBG_MENU_FRAGMENT_GLOBAL_SCAN source_scope=global_process_scan control_type=MenuItem class_name= text='Súgó' rectangle={'left': 341, 'top': 29, 'right': 392, 'bottom': 53} center=(366, 41) process_id=8200 native_handle=None topbar_candidate=True popup_candidate=False
2026-08-26 14:56:13.693 | DEBUG    | winwatt_automation.live_ui.menu_helpers:_menu_like_controls_from_global_process_scan:1631 - DBG_MENU_FRAGMENT_SOURCE_SUMMARY source_scope=global_process_scan count=21 process_id=8200
2026-08-26 14:56:13.693 | DEBUG    | winwatt_automation.live_ui.app_connector:get_cached_main_window:565 - DBG_WINWATT_CACHE_GET reason_code=cache_reused_without_validation payload={'wrapper_type': 'UIAWrapper', 'handle': 1901766, 'process_id': 8200, 'title': 'WinWatt gólya - C:\\Users\\Admin\\Documents\\GitHub\\autowinwatt\\winwatt_automation\\data\\runtime_maps\\full_authorized_sandbox\\20260826T123933Z\\testwwp.wwp', 'class_name': 'TMainForm', 'control_type': 'Window'} last_validation_age_s=3.312000000005355 diagnostic_fast_mode=False
2026-08-26 14:56:13.693 | DEBUG    | winwatt_automation.live_ui.app_connector:get_cached_main_window:566 - DBG_PHASE_TIMING phase=get_cached_main_window elapsed_ms=0.000 reason_code=cache_reused_without_validation
2026-08-26 14:56:14.244 | DEBUG    | winwatt_automation.live_ui.menu_helpers:capture_menu_popup_snapshot:1682 - DBG_POPUP_ROW_DEDUPE rect={'left': 44, 'top': 56, 'right': 318, 'bottom': 84} normalized_text=végrehajtás class_name= source_scope=main_window deduplicated=False
2026-08-26 14:56:14.244 | DEBUG    | winwatt_automation.live_ui.menu_helpers:capture_menu_popup_snapshot:1682 - DBG_POPUP_ROW_DEDUPE rect={'left': 44, 'top': 84, 'right': 318, 'bottom': 112} normalized_text=végrehajtás class_name= source_scope=main_window deduplicated=False
2026-08-26 14:56:14.244 | DEBUG    | winwatt_automation.live_ui.menu_helpers:capture_menu_popup_snapshot:1682 - DBG_POPUP_ROW_DEDUPE rect={'left': 44, 'top': 111, 'right': 318, 'bottom': 139} normalized_text=végrehajtás class_name= source_scope=main_window deduplicated=False
2026-08-26 14:56:14.244 | DEBUG    | winwatt_automation.live_ui.menu_helpers:capture_menu_popup_snapshot:1682 - DBG_POPUP_ROW_DEDUPE rect={'left': 44, 'top': 139, 'right': 318, 'bottom': 167} normalized_text=végrehajtás class_name= source_scope=main_window deduplicated=False
2026-08-26 14:56:14.244 | DEBUG    | winwatt_automation.live_ui.menu_helpers:capture_menu_popup_snapshot:1682 - DBG_POPUP_ROW_DEDUPE rect={'left': 44, 'top': 166, 'right': 318, 'bottom': 194} normalized_text=végrehajtás class_name= source_scope=main_window deduplicated=False
2026-08-26 14:56:14.244 | DEBUG    | winwatt_automation.live_ui.menu_helpers:capture_menu_popup_snapshot:1682 - DBG_POPUP_ROW_DEDUPE rect={'left': 44, 'top': 201, 'right': 318, 'bottom': 229} normalized_text=végrehajtás class_name= source_scope=main_window deduplicated=False
2026-08-26 14:56:14.244 | DEBUG    | winwatt_automation.live_ui.menu_helpers:capture_menu_popup_snapshot:1682 - DBG_POPUP_ROW_DEDUPE rect={'left': 44, 'top': 229, 'right': 318, 'bottom': 257} normalized_text=végrehajtás class_name= source_scope=main_window deduplicated=False
2026-08-26 14:56:14.244 | DEBUG    | winwatt_automation.live_ui.menu_helpers:capture_menu_popup_snapshot:1682 - DBG_POPUP_ROW_DEDUPE rect={'left': 44, 'top': 256, 'right': 318, 'bottom': 284} normalized_text=végrehajtás class_name= source_scope=main_window deduplicated=False
2026-08-26 14:56:14.244 | DEBUG    | winwatt_automation.live_ui.menu_helpers:capture_menu_popup_snapshot:1682 - DBG_POPUP_ROW_DEDUPE rect={'left': 44, 'top': 284, 'right': 318, 'bottom': 312} normalized_text=végrehajtás class_name= source_scope=main_window deduplicated=False
2026-08-26 14:56:14.244 | DEBUG    | winwatt_automation.live_ui.menu_helpers:capture_menu_popup_snapshot:1682 - DBG_POPUP_ROW_DEDUPE rect={'left': 44, 'top': 319, 'right': 318, 'bottom': 347} normalized_text=végrehajtás class_name= source_scope=main_window deduplicated=False
2026-08-26 14:56:14.244 | DEBUG    | winwatt_automation.live_ui.menu_helpers:capture_menu_popup_snapshot:1682 - DBG_POPUP_ROW_DEDUPE rect={'left': 44, 'top': 346, 'right': 318, 'bottom': 374} normalized_text=végrehajtás class_name= source_scope=main_window deduplicated=False
2026-08-26 14:56:14.244 | DEBUG    | winwatt_automation.live_ui.menu_helpers:capture_menu_popup_snapshot:1682 - DBG_POPUP_ROW_DEDUPE rect={'left': 44, 'top': 374, 'right': 318, 'bottom': 402} normalized_text=végrehajtás class_name= source_scope=main_window deduplicated=False
2026-08-26 14:56:14.244 | DEBUG    | winwatt_automation.live_ui.menu_helpers:capture_menu_popup_snapshot:1682 - DBG_POPUP_ROW_DEDUPE rect={'left': 44, 'top': 401, 'right': 318, 'bottom': 429} normalized_text=végrehajtás class_name= source_scope=main_window deduplicated=False
2026-08-26 14:56:14.244 | DEBUG    | winwatt_automation.live_ui.menu_helpers:capture_menu_popup_snapshot:1682 - DBG_POPUP_ROW_DEDUPE rect={'left': 44, 'top': 436, 'right': 318, 'bottom': 464} normalized_text=végrehajtás class_name= source_scope=main_window deduplicated=False
2026-08-26 14:56:14.244 | DEBUG    | winwatt_automation.live_ui.menu_helpers:capture_menu_popup_snapshot:1682 - DBG_POPUP_ROW_DEDUPE rect={'left': 0, 'top': 0, 'right': 28, 'bottom': 28} normalized_text=rendszer class_name= source_scope=main_window deduplicated=False
2026-08-26 14:56:14.244 | DEBUG    | winwatt_automation.live_ui.menu_helpers:capture_menu_popup_snapshot:1682 - DBG_POPUP_ROW_DEDUPE rect={'left': 0, 'top': 29, 'right': 40, 'bottom': 53} normalized_text=fájl class_name= source_scope=main_window deduplicated=False
2026-08-26 14:56:14.244 | DEBUG    | winwatt_automation.live_ui.menu_helpers:capture_menu_popup_snapshot:1682 - DBG_POPUP_ROW_DEDUPE rect={'left': 40, 'top': 29, 'right': 123, 'bottom': 53} normalized_text=jegyzékek class_name= source_scope=main_window deduplicated=False
2026-08-26 14:56:14.244 | DEBUG    | winwatt_automation.live_ui.menu_helpers:capture_menu_popup_snapshot:1682 - DBG_POPUP_ROW_DEDUPE rect={'left': 123, 'top': 29, 'right': 199, 'bottom': 53} normalized_text=eszközök class_name= source_scope=main_window deduplicated=False
2026-08-26 14:56:14.244 | DEBUG    | winwatt_automation.live_ui.menu_helpers:capture_menu_popup_snapshot:1682 - DBG_POPUP_ROW_DEDUPE rect={'left': 199, 'top': 29, 'right': 287, 'bottom': 53} normalized_text=beállítások class_name= source_scope=main_window deduplicated=False
2026-08-26 14:56:14.244 | DEBUG    | winwatt_automation.live_ui.menu_helpers:capture_menu_popup_snapshot:1682 - DBG_POPUP_ROW_DEDUPE rect={'left': 286, 'top': 29, 'right': 341, 'bottom': 53} normalized_text=ablak class_name= source_scope=main_window deduplicated=False
2026-08-26 14:56:14.244 | DEBUG    | winwatt_automation.live_ui.menu_helpers:capture_menu_popup_snapshot:1682 - DBG_POPUP_ROW_DEDUPE rect={'left': 341, 'top': 29, 'right': 392, 'bottom': 53} normalized_text=súgó class_name= source_scope=main_window deduplicated=False
2026-08-26 14:56:14.244 | DEBUG    | winwatt_automation.live_ui.menu_helpers:capture_menu_popup_snapshot:1682 - DBG_POPUP_ROW_DEDUPE rect={'left': 44, 'top': 56, 'right': 318, 'bottom': 84} normalized_text=végrehajtás class_name= source_scope=global_process_scan deduplicated=False
2026-08-26 14:56:14.244 | DEBUG    | winwatt_automation.live_ui.menu_helpers:capture_menu_popup_snapshot:1682 - DBG_POPUP_ROW_DEDUPE rect={'left': 44, 'top': 84, 'right': 318, 'bottom': 112} normalized_text=végrehajtás class_name= source_scope=global_process_scan deduplicated=False
2026-08-26 14:56:14.260 | DEBUG    | winwatt_automation.live_ui.menu_helpers:capture_menu_popup_snapshot:1682 - DBG_POPUP_ROW_DEDUPE rect={'left': 44, 'top': 111, 'right': 318, 'bottom': 139} normalized_text=végrehajtás class_name= source_scope=global_process_scan deduplicated=False
2026-08-26 14:56:14.260 | DEBUG    | winwatt_automation.live_ui.menu_helpers:capture_menu_popup_snapshot:1682 - DBG_POPUP_ROW_DEDUPE rect={'left': 44, 'top': 139, 'right': 318, 'bottom': 167} normalized_text=végrehajtás class_name= source_scope=global_process_scan deduplicated=False
2026-08-26 14:56:14.260 | DEBUG    | winwatt_automation.live_ui.menu_helpers:capture_menu_popup_snapshot:1682 - DBG_POPUP_ROW_DEDUPE rect={'left': 44, 'top': 166, 'right': 318, 'bottom': 194} normalized_text=végrehajtás class_name= source_scope=global_process_scan deduplicated=False
2026-08-26 14:56:14.260 | DEBUG    | winwatt_automation.live_ui.menu_helpers:capture_menu_popup_snapshot:1682 - DBG_POPUP_ROW_DEDUPE rect={'left': 44, 'top': 201, 'right': 318, 'bottom': 229} normalized_text=végrehajtás class_name= source_scope=global_process_scan deduplicated=False
2026-08-26 14:56:14.260 | DEBUG    | winwatt_automation.live_ui.menu_helpers:capture_menu_popup_snapshot:1682 - DBG_POPUP_ROW_DEDUPE rect={'left': 44, 'top': 229, 'right': 318, 'bottom': 257} normalized_text=végrehajtás class_name= source_scope=global_process_scan deduplicated=False
2026-08-26 14:56:14.260 | DEBUG    | winwatt_automation.live_ui.menu_helpers:capture_menu_popup_snapshot:1682 - DBG_POPUP_ROW_DEDUPE rect={'left': 44, 'top': 256, 'right': 318, 'bottom': 284} normalized_text=végrehajtás class_name= source_scope=global_process_scan deduplicated=False
2026-08-26 14:56:14.260 | DEBUG    | winwatt_automation.live_ui.menu_helpers:capture_menu_popup_snapshot:1682 - DBG_POPUP_ROW_DEDUPE rect={'left': 44, 'top': 284, 'right': 318, 'bottom': 312} normalized_text=végrehajtás class_name= source_scope=global_process_scan deduplicated=False
2026-08-26 14:56:14.260 | DEBUG    | winwatt_automation.live_ui.menu_helpers:capture_menu_popup_snapshot:1682 - DBG_POPUP_ROW_DEDUPE rect={'left': 44, 'top': 319, 'right': 318, 'bottom': 347} normalized_text=végrehajtás class_name= source_scope=global_process_scan deduplicated=False
2026-08-26 14:56:14.260 | DEBUG    | winwatt_automation.live_ui.menu_helpers:capture_menu_popup_snapshot:1682 - DBG_POPUP_ROW_DEDUPE rect={'left': 44, 'top': 346, 'right': 318, 'bottom': 374} normalized_text=végrehajtás class_name= source_scope=global_process_scan deduplicated=False
2026-08-26 14:56:14.260 | DEBUG    | winwatt_automation.live_ui.menu_helpers:capture_menu_popup_snapshot:1682 - DBG_POPUP_ROW_DEDUPE rect={'left': 44, 'top': 374, 'right': 318, 'bottom': 402} normalized_text=végrehajtás class_name= source_scope=global_process_scan deduplicated=False
2026-08-26 14:56:14.260 | DEBUG    | winwatt_automation.live_ui.menu_helpers:capture_menu_popup_snapshot:1682 - DBG_POPUP_ROW_DEDUPE rect={'left': 44, 'top': 401, 'right': 318, 'bottom': 429} normalized_text=végrehajtás class_name= source_scope=global_process_scan deduplicated=False
2026-08-26 14:56:14.260 | DEBUG    | winwatt_automation.live_ui.menu_helpers:capture_menu_popup_snapshot:1682 - DBG_POPUP_ROW_DEDUPE rect={'left': 44, 'top': 436, 'right': 318, 'bottom': 464} normalized_text=végrehajtás class_name= source_scope=global_process_scan deduplicated=False
2026-08-26 14:56:14.260 | DEBUG    | winwatt_automation.live_ui.menu_helpers:capture_menu_popup_snapshot:1682 - DBG_POPUP_ROW_DEDUPE rect={'left': 0, 'top': 0, 'right': 28, 'bottom': 28} normalized_text=rendszer class_name= source_scope=global_process_scan deduplicated=False
2026-08-26 14:56:14.260 | DEBUG    | winwatt_automation.live_ui.menu_helpers:capture_menu_popup_snapshot:1682 - DBG_POPUP_ROW_DEDUPE rect={'left': 0, 'top': 29, 'right': 40, 'bottom': 53} normalized_text=fájl class_name= source_scope=global_process_scan deduplicated=False
2026-08-26 14:56:14.260 | DEBUG    | winwatt_automation.live_ui.menu_helpers:capture_menu_popup_snapshot:1682 - DBG_POPUP_ROW_DEDUPE rect={'left': 40, 'top': 29, 'right': 123, 'bottom': 53} normalized_text=jegyzékek class_name= source_scope=global_process_scan deduplicated=False
2026-08-26 14:56:14.260 | DEBUG    | winwatt_automation.live_ui.menu_helpers:capture_menu_popup_snapshot:1682 - DBG_POPUP_ROW_DEDUPE rect={'left': 123, 'top': 29, 'right': 199, 'bottom': 53} normalized_text=eszközök class_name= source_scope=global_process_scan deduplicated=False
2026-08-26 14:56:14.260 | DEBUG    | winwatt_automation.live_ui.menu_helpers:capture_menu_popup_snapshot:1682 - DBG_POPUP_ROW_DEDUPE rect={'left': 199, 'top': 29, 'right': 287, 'bottom': 53} normalized_text=beállítások class_name= source_scope=global_process_scan deduplicated=False
2026-08-26 14:56:14.260 | DEBUG    | winwatt_automation.live_ui.menu_helpers:capture_menu_popup_snapshot:1682 - DBG_POPUP_ROW_DEDUPE rect={'left': 286, 'top': 29, 'right': 341, 'bottom': 53} normalized_text=ablak class_name= source_scope=global_process_scan deduplicated=False
2026-08-26 14:56:14.260 | DEBUG    | winwatt_automation.live_ui.menu_helpers:capture_menu_popup_snapshot:1682 - DBG_POPUP_ROW_DEDUPE rect={'left': 341, 'top': 29, 'right': 392, 'bottom': 53} normalized_text=súgó class_name= source_scope=global_process_scan deduplicated=False
2026-08-26 14:56:14.260 | INFO     | winwatt_automation.live_ui.menu_helpers:capture_menu_popup_snapshot:1724 - POPUP_SNAPSHOT_SUMMARY main_window_fragments=21 global_scan_fragments=21 deduped_fragments=42 topbar_like=12 popup_like=28 empty_text=0 topbar_band=(0, 29, 392, 53) empty_text_vertical_cluster_detected=False accepted_popup_rows=0 popup_heuristic=candidate_count_below_threshold
2026-08-26 14:56:14.260 | DEBUG    | winwatt_automation.live_ui.menu_helpers:capture_menu_popup_snapshot:1737 - Captured menu snapshot rows=42
2026-08-26 14:56:14.260 | DEBUG    | winwatt_automation.live_ui.menu_helpers:_log_phase_timing:83 - DBG_PHASE_TIMING phase=capture_menu_popup_snapshot elapsed_ms=3875.000 main_rows=21 global_rows=21 unique_rows=42 diagnostic_fast_mode=False
2026-08-26 14:56:14.260 | DEBUG    | winwatt_automation.live_ui.menu_helpers:did_any_new_menu_popup_appear:2272 - Menu popup snapshot diff: before=14 after=42 new=28
2026-08-26 14:56:14.260 | DEBUG    | winwatt_automation.live_ui.app_connector:get_cached_main_window:565 - DBG_WINWATT_CACHE_GET reason_code=cache_reused_without_validation payload={'wrapper_type': 'UIAWrapper', 'handle': 1901766, 'process_id': 8200, 'title': 'WinWatt gólya - C:\\Users\\Admin\\Documents\\GitHub\\autowinwatt\\winwatt_automation\\data\\runtime_maps\\full_authorized_sandbox\\20260826T123933Z\\testwwp.wwp', 'class_name': 'TMainForm', 'control_type': 'Window'} last_validation_age_s=3.875 diagnostic_fast_mode=False
2026-08-26 14:56:14.260 | DEBUG    | winwatt_automation.live_ui.app_connector:get_cached_main_window:566 - DBG_PHASE_TIMING phase=get_cached_main_window elapsed_ms=0.000 reason_code=cache_reused_without_validation
2026-08-26 14:56:14.260 | DEBUG    | winwatt_automation.live_ui.app_connector:get_cached_main_window:565 - DBG_WINWATT_CACHE_GET reason_code=cache_reused_without_validation payload={'wrapper_type': 'UIAWrapper', 'handle': 1901766, 'process_id': 8200, 'title': 'WinWatt gólya - C:\\Users\\Admin\\Documents\\GitHub\\autowinwatt\\winwatt_automation\\data\\runtime_maps\\full_authorized_sandbox\\20260826T123933Z\\testwwp.wwp', 'class_name': 'TMainForm', 'control_type': 'Window'} last_validation_age_s=3.875 diagnostic_fast_mode=False
2026-08-26 14:56:14.260 | DEBUG    | winwatt_automation.live_ui.app_connector:get_cached_main_window:566 - DBG_PHASE_TIMING phase=get_cached_main_window elapsed_ms=0.000 reason_code=cache_reused_without_validation
2026-08-26 14:56:14.775 | INFO     | winwatt_automation.live_ui.menu_helpers:_menu_items:1101 - DBG_MENU_ITEMS_SUMMARY total_items=21 visible_items=21 topbar_band=(0, 0, 392, 464) topbar_band_visible_count=21 popup_region_visible_count=0 force_refresh=False handle=1901766
2026-08-26 14:56:14.775 | DEBUG    | winwatt_automation.live_ui.menu_helpers:_menu_items:1111 - Discovered 21 MenuItem controls
2026-08-26 14:56:14.775 | DEBUG    | winwatt_automation.live_ui.menu_helpers:_log_phase_timing:83 - DBG_PHASE_TIMING phase=_menu_items elapsed_ms=515.000 force_refresh=False total_items=21 visible_items=21
2026-08-26 14:56:14.977 | INFO     | winwatt_automation.live_ui.app_connector:is_winwatt_foreground_context:1161 - DBG_WINWATT_FOREGROUND_CONTEXT expected_handle=1901766 expected_process_id=8200 expected_title=WinWatt gólya - C:\Users\Admin\Documents\GitHub\autowinwatt\winwatt_automation\data\runtime_maps\full_authorized_sandbox\20260826T123933Z\testwwp.wwp expected_class_name=TMainForm actual_foreground_handle=1901766 actual_foreground_process_id=8200 actual_foreground_title=WinWatt gólya - C:\Users\Admin\Documents\GitHub\autowinwatt\winwatt_automation\data\runtime_maps\full_authorized_sandbox\20260826T123933Z\testwwp.wwp actual_foreground_class_name=TMainForm allow_dialog=True result_reason=handle_match
2026-08-26 14:56:14.983 | INFO     | winwatt_automation.live_ui.app_connector:_cached_window_health_status:489 - DBG_WINWATT_CACHE_HEALTH reason_code=healthy payload={'wrapper_type': 'UIAWrapper', 'handle': 1901766, 'process_id': 8200, 'title': 'WinWatt gólya - C:\\Users\\Admin\\Documents\\GitHub\\autowinwatt\\winwatt_automation\\data\\runtime_maps\\full_authorized_sandbox\\20260826T123933Z\\testwwp.wwp', 'class_name': 'TMainForm', 'control_type': 'Window'}
2026-08-26 14:56:14.983 | DEBUG    | winwatt_automation.live_ui.app_connector:get_cached_main_window:574 - DBG_WINWATT_CACHE_GET reason_code=cache_validated_ok payload={'wrapper_type': 'UIAWrapper', 'handle': 1901766, 'process_id': 8200, 'title': 'WinWatt gólya - C:\\Users\\Admin\\Documents\\GitHub\\autowinwatt\\winwatt_automation\\data\\runtime_maps\\full_authorized_sandbox\\20260826T123933Z\\testwwp.wwp', 'class_name': 'TMainForm', 'control_type': 'Window'} last_validation_age_s=4.592999999993481 diagnostic_fast_mode=False
2026-08-26 14:56:14.983 | DEBUG    | winwatt_automation.live_ui.app_connector:get_cached_main_window:575 - DBG_PHASE_TIMING phase=get_cached_main_window elapsed_ms=16.000 reason_code=cache_validated_ok
2026-08-26 14:56:14.983 | DEBUG    | winwatt_automation.live_ui.app_connector:get_cached_main_window:565 - DBG_WINWATT_CACHE_GET reason_code=cache_reused_without_validation payload={'wrapper_type': 'UIAWrapper', 'handle': 1901766, 'process_id': 8200, 'title': 'WinWatt gólya - C:\\Users\\Admin\\Documents\\GitHub\\autowinwatt\\winwatt_automation\\data\\runtime_maps\\full_authorized_sandbox\\20260826T123933Z\\testwwp.wwp', 'class_name': 'TMainForm', 'control_type': 'Window'} last_validation_age_s=0.01600000000325963 diagnostic_fast_mode=False
2026-08-26 14:56:14.983 | DEBUG    | winwatt_automation.live_ui.app_connector:get_cached_main_window:566 - DBG_PHASE_TIMING phase=get_cached_main_window elapsed_ms=0.000 reason_code=cache_reused_without_validation
2026-08-26 14:56:15.476 | INFO     | winwatt_automation.live_ui.menu_helpers:_menu_items:1101 - DBG_MENU_ITEMS_SUMMARY total_items=21 visible_items=21 topbar_band=(0, 0, 392, 464) topbar_band_visible_count=21 popup_region_visible_count=0 force_refresh=False handle=1901766
2026-08-26 14:56:15.480 | DEBUG    | winwatt_automation.live_ui.menu_helpers:_menu_items:1111 - Discovered 21 MenuItem controls
2026-08-26 14:56:15.480 | DEBUG    | winwatt_automation.live_ui.menu_helpers:_log_phase_timing:83 - DBG_PHASE_TIMING phase=_menu_items elapsed_ms=500.000 force_refresh=False total_items=21 visible_items=21
2026-08-26 14:56:15.679 | DEBUG    | winwatt_automation.live_ui.menu_helpers:_structured_popup_rows_from_snapshots:1890 - Popup row dedupe: rect={'left': 44, 'top': 56, 'right': 318, 'bottom': 84} text='Végrehajtás' control_type=MenuItem chosen preferred source=main_window
2026-08-26 14:56:15.679 | DEBUG    | winwatt_automation.live_ui.menu_helpers:_structured_popup_rows_from_snapshots:1905 - Popup row dedupe: rect={'left': 44, 'top': 56, 'right': 318, 'bottom': 84} text='Végrehajtás' control_type=MenuItem chosen preferred source=main_window dropped source=global_process_scan
2026-08-26 14:56:15.695 | DEBUG    | winwatt_automation.live_ui.menu_helpers:_structured_popup_rows_from_snapshots:1890 - Popup row dedupe: rect={'left': 44, 'top': 84, 'right': 318, 'bottom': 112} text='Végrehajtás' control_type=MenuItem chosen preferred source=main_window
2026-08-26 14:56:15.695 | DEBUG    | winwatt_automation.live_ui.menu_helpers:_structured_popup_rows_from_snapshots:1905 - Popup row dedupe: rect={'left': 44, 'top': 84, 'right': 318, 'bottom': 112} text='Végrehajtás' control_type=MenuItem chosen preferred source=main_window dropped source=global_process_scan
2026-08-26 14:56:15.695 | DEBUG    | winwatt_automation.live_ui.menu_helpers:_structured_popup_rows_from_snapshots:1890 - Popup row dedupe: rect={'left': 44, 'top': 111, 'right': 318, 'bottom': 139} text='Végrehajtás' control_type=MenuItem chosen preferred source=main_window
2026-08-26 14:56:15.695 | DEBUG    | winwatt_automation.live_ui.menu_helpers:_structured_popup_rows_from_snapshots:1905 - Popup row dedupe: rect={'left': 44, 'top': 111, 'right': 318, 'bottom': 139} text='Végrehajtás' control_type=MenuItem chosen preferred source=main_window dropped source=global_process_scan
2026-08-26 14:56:15.695 | DEBUG    | winwatt_automation.live_ui.menu_helpers:_structured_popup_rows_from_snapshots:1890 - Popup row dedupe: rect={'left': 44, 'top': 139, 'right': 318, 'bottom': 167} text='Végrehajtás' control_type=MenuItem chosen preferred source=main_window
2026-08-26 14:56:15.695 | DEBUG    | winwatt_automation.live_ui.menu_helpers:_structured_popup_rows_from_snapshots:1905 - Popup row dedupe: rect={'left': 44, 'top': 139, 'right': 318, 'bottom': 167} text='Végrehajtás' control_type=MenuItem chosen preferred source=main_window dropped source=global_process_scan
2026-08-26 14:56:15.695 | DEBUG    | winwatt_automation.live_ui.menu_helpers:_structured_popup_rows_from_snapshots:1890 - Popup row dedupe: rect={'left': 44, 'top': 166, 'right': 318, 'bottom': 194} text='Végrehajtás' control_type=MenuItem chosen preferred source=main_window
2026-08-26 14:56:15.695 | DEBUG    | winwatt_automation.live_ui.menu_helpers:_structured_popup_rows_from_snapshots:1905 - Popup row dedupe: rect={'left': 44, 'top': 166, 'right': 318, 'bottom': 194} text='Végrehajtás' control_type=MenuItem chosen preferred source=main_window dropped source=global_process_scan
2026-08-26 14:56:15.695 | DEBUG    | winwatt_automation.live_ui.menu_helpers:_structured_popup_rows_from_snapshots:1890 - Popup row dedupe: rect={'left': 44, 'top': 201, 'right': 318, 'bottom': 229} text='Végrehajtás' control_type=MenuItem chosen preferred source=main_window
2026-08-26 14:56:15.695 | DEBUG    | winwatt_automation.live_ui.menu_helpers:_structured_popup_rows_from_snapshots:1905 - Popup row dedupe: rect={'left': 44, 'top': 201, 'right': 318, 'bottom': 229} text='Végrehajtás' control_type=MenuItem chosen preferred source=main_window dropped source=global_process_scan
2026-08-26 14:56:15.695 | DEBUG    | winwatt_automation.live_ui.menu_helpers:_structured_popup_rows_from_snapshots:1890 - Popup row dedupe: rect={'left': 44, 'top': 229, 'right': 318, 'bottom': 257} text='Végrehajtás' control_type=MenuItem chosen preferred source=main_window
2026-08-26 14:56:15.695 | DEBUG    | winwatt_automation.live_ui.menu_helpers:_structured_popup_rows_from_snapshots:1905 - Popup row dedupe: rect={'left': 44, 'top': 229, 'right': 318, 'bottom': 257} text='Végrehajtás' control_type=MenuItem chosen preferred source=main_window dropped source=global_process_scan
2026-08-26 14:56:15.695 | DEBUG    | winwatt_automation.live_ui.menu_helpers:_structured_popup_rows_from_snapshots:1890 - Popup row dedupe: rect={'left': 44, 'top': 256, 'right': 318, 'bottom': 284} text='Végrehajtás' control_type=MenuItem chosen preferred source=main_window
2026-08-26 14:56:15.695 | DEBUG    | winwatt_automation.live_ui.menu_helpers:_structured_popup_rows_from_snapshots:1905 - Popup row dedupe: rect={'left': 44, 'top': 256, 'right': 318, 'bottom': 284} text='Végrehajtás' control_type=MenuItem chosen preferred source=main_window dropped source=global_process_scan
2026-08-26 14:56:15.695 | DEBUG    | winwatt_automation.live_ui.menu_helpers:_structured_popup_rows_from_snapshots:1890 - Popup row dedupe: rect={'left': 44, 'top': 284, 'right': 318, 'bottom': 312} text='Végrehajtás' control_type=MenuItem chosen preferred source=main_window
2026-08-26 14:56:15.695 | DEBUG    | winwatt_automation.live_ui.menu_helpers:_structured_popup_rows_from_snapshots:1905 - Popup row dedupe: rect={'left': 44, 'top': 284, 'right': 318, 'bottom': 312} text='Végrehajtás' control_type=MenuItem chosen preferred source=main_window dropped source=global_process_scan
2026-08-26 14:56:15.695 | DEBUG    | winwatt_automation.live_ui.menu_helpers:_structured_popup_rows_from_snapshots:1890 - Popup row dedupe: rect={'left': 44, 'top': 319, 'right': 318, 'bottom': 347} text='Végrehajtás' control_type=MenuItem chosen preferred source=main_window
2026-08-26 14:56:15.695 | DEBUG    | winwatt_automation.live_ui.menu_helpers:_structured_popup_rows_from_snapshots:1905 - Popup row dedupe: rect={'left': 44, 'top': 319, 'right': 318, 'bottom': 347} text='Végrehajtás' control_type=MenuItem chosen preferred source=main_window dropped source=global_process_scan
2026-08-26 14:56:15.695 | DEBUG    | winwatt_automation.live_ui.menu_helpers:_structured_popup_rows_from_snapshots:1890 - Popup row dedupe: rect={'left': 44, 'top': 346, 'right': 318, 'bottom': 374} text='Végrehajtás' control_type=MenuItem chosen preferred source=main_window
2026-08-26 14:56:15.695 | DEBUG    | winwatt_automation.live_ui.menu_helpers:_structured_popup_rows_from_snapshots:1905 - Popup row dedupe: rect={'left': 44, 'top': 346, 'right': 318, 'bottom': 374} text='Végrehajtás' control_type=MenuItem chosen preferred source=main_window dropped source=global_process_scan
2026-08-26 14:56:15.695 | DEBUG    | winwatt_automation.live_ui.menu_helpers:_structured_popup_rows_from_snapshots:1890 - Popup row dedupe: rect={'left': 44, 'top': 374, 'right': 318, 'bottom': 402} text='Végrehajtás' control_type=MenuItem chosen preferred source=main_window
2026-08-26 14:56:15.711 | DEBUG    | winwatt_automation.live_ui.menu_helpers:_structured_popup_rows_from_snapshots:1905 - Popup row dedupe: rect={'left': 44, 'top': 374, 'right': 318, 'bottom': 402} text='Végrehajtás' control_type=MenuItem chosen preferred source=main_window dropped source=global_process_scan
2026-08-26 14:56:15.711 | DEBUG    | winwatt_automation.live_ui.menu_helpers:_structured_popup_rows_from_snapshots:1890 - Popup row dedupe: rect={'left': 44, 'top': 401, 'right': 318, 'bottom': 429} text='Végrehajtás' control_type=MenuItem chosen preferred source=main_window
2026-08-26 14:56:15.711 | DEBUG    | winwatt_automation.live_ui.menu_helpers:_structured_popup_rows_from_snapshots:1905 - Popup row dedupe: rect={'left': 44, 'top': 401, 'right': 318, 'bottom': 429} text='Végrehajtás' control_type=MenuItem chosen preferred source=main_window dropped source=global_process_scan
2026-08-26 14:56:15.711 | DEBUG    | winwatt_automation.live_ui.menu_helpers:_structured_popup_rows_from_snapshots:1890 - Popup row dedupe: rect={'left': 44, 'top': 436, 'right': 318, 'bottom': 464} text='Végrehajtás' control_type=MenuItem chosen preferred source=main_window
2026-08-26 14:56:15.711 | DEBUG    | winwatt_automation.live_ui.menu_helpers:_structured_popup_rows_from_snapshots:1905 - Popup row dedupe: rect={'left': 44, 'top': 436, 'right': 318, 'bottom': 464} text='Végrehajtás' control_type=MenuItem chosen preferred source=main_window dropped source=global_process_scan
2026-08-26 14:56:15.711 | INFO     | winwatt_automation.live_ui.menu_helpers:_group_popup_fragments_into_logical_rows:2013 - POPUP_TEXT_RECOVERY_SOURCE_SELECTED row_index=0 source=legacy_text confidence=medium text='Végrehajtás'
2026-08-26 14:56:15.711 | INFO     | winwatt_automation.live_ui.menu_helpers:_group_popup_fragments_into_logical_rows:2013 - POPUP_TEXT_RECOVERY_SOURCE_SELECTED row_index=1 source=legacy_text confidence=medium text='Végrehajtás'
2026-08-26 14:56:15.711 | INFO     | winwatt_automation.live_ui.menu_helpers:_group_popup_fragments_into_logical_rows:2013 - POPUP_TEXT_RECOVERY_SOURCE_SELECTED row_index=2 source=legacy_text confidence=medium text='Végrehajtás'
2026-08-26 14:56:15.711 | INFO     | winwatt_automation.live_ui.menu_helpers:_group_popup_fragments_into_logical_rows:2013 - POPUP_TEXT_RECOVERY_SOURCE_SELECTED row_index=3 source=legacy_text confidence=medium text='Végrehajtás'
2026-08-26 14:56:15.711 | INFO     | winwatt_automation.live_ui.menu_helpers:_group_popup_fragments_into_logical_rows:2013 - POPUP_TEXT_RECOVERY_SOURCE_SELECTED row_index=4 source=legacy_text confidence=medium text='Végrehajtás'
2026-08-26 14:56:15.711 | INFO     | winwatt_automation.live_ui.menu_helpers:_group_popup_fragments_into_logical_rows:2013 - POPUP_TEXT_RECOVERY_SOURCE_SELECTED row_index=5 source=legacy_text confidence=medium text='Végrehajtás'
2026-08-26 14:56:15.711 | INFO     | winwatt_automation.live_ui.menu_helpers:_group_popup_fragments_into_logical_rows:2013 - POPUP_TEXT_RECOVERY_SOURCE_SELECTED row_index=6 source=legacy_text confidence=medium text='Végrehajtás'
2026-08-26 14:56:15.711 | INFO     | winwatt_automation.live_ui.menu_helpers:_group_popup_fragments_into_logical_rows:2013 - POPUP_TEXT_RECOVERY_SOURCE_SELECTED row_index=7 source=legacy_text confidence=medium text='Végrehajtás'
2026-08-26 14:56:15.711 | INFO     | winwatt_automation.live_ui.menu_helpers:_group_popup_fragments_into_logical_rows:2013 - POPUP_TEXT_RECOVERY_SOURCE_SELECTED row_index=8 source=legacy_text confidence=medium text='Végrehajtás'
2026-08-26 14:56:15.711 | INFO     | winwatt_automation.live_ui.menu_helpers:_group_popup_fragments_into_logical_rows:2013 - POPUP_TEXT_RECOVERY_SOURCE_SELECTED row_index=9 source=legacy_text confidence=medium text='Végrehajtás'
2026-08-26 14:56:15.711 | INFO     | winwatt_automation.live_ui.menu_helpers:_group_popup_fragments_into_logical_rows:2013 - POPUP_TEXT_RECOVERY_SOURCE_SELECTED row_index=10 source=legacy_text confidence=medium text='Végrehajtás'
2026-08-26 14:56:15.711 | INFO     | winwatt_automation.live_ui.menu_helpers:_group_popup_fragments_into_logical_rows:2013 - POPUP_TEXT_RECOVERY_SOURCE_SELECTED row_index=11 source=legacy_text confidence=medium text='Végrehajtás'
2026-08-26 14:56:15.711 | INFO     | winwatt_automation.live_ui.menu_helpers:_group_popup_fragments_into_logical_rows:2013 - POPUP_TEXT_RECOVERY_SOURCE_SELECTED row_index=12 source=legacy_text confidence=medium text='Végrehajtás'
2026-08-26 14:56:15.711 | INFO     | winwatt_automation.live_ui.menu_helpers:_group_popup_fragments_into_logical_rows:2013 - POPUP_TEXT_RECOVERY_SOURCE_SELECTED row_index=13 source=legacy_text confidence=medium text='Végrehajtás'
2026-08-26 14:56:15.722 | DEBUG    | winwatt_automation.live_ui.app_connector:get_cached_main_window:565 - DBG_WINWATT_CACHE_GET reason_code=cache_reused_without_validation payload={'wrapper_type': 'UIAWrapper', 'handle': 1901766, 'process_id': 8200, 'title': 'WinWatt gólya - C:\\Users\\Admin\\Documents\\GitHub\\autowinwatt\\winwatt_automation\\data\\runtime_maps\\full_authorized_sandbox\\20260826T123933Z\\testwwp.wwp', 'class_name': 'TMainForm', 'control_type': 'Window'} last_validation_age_s=0.7349999999860302 diagnostic_fast_mode=False
2026-08-26 14:56:15.723 | DEBUG    | winwatt_automation.live_ui.app_connector:get_cached_main_window:566 - DBG_PHASE_TIMING phase=get_cached_main_window elapsed_ms=15.000 reason_code=cache_reused_without_validation
2026-08-26 14:56:16.228 | INFO     | winwatt_automation.live_ui.menu_helpers:_adjust_popup_row_text_confidence:1359 - POPUP_ROW_TEXT_CONFIDENCE_ADJUSTED row_index=0 source=legacy_text old_confidence=medium new_confidence=low text='Végrehajtás'
2026-08-26 14:56:16.228 | INFO     | winwatt_automation.live_ui.menu_helpers:_group_popup_fragments_into_logical_rows:2081 - DBG_MENU_GROUP_ROW row_index=0 representative_text='Végrehajtás' fragment_count=1 fragment_texts=['Végrehajtás'] row_rectangle={'left': 44, 'top': 56, 'right': 318, 'bottom': 84} source_scope_summary=['main_window'] row_class_summary=[''] topbar_like=True popup_like=False popup_reason=None
2026-08-26 14:56:16.228 | INFO     | winwatt_automation.live_ui.menu_helpers:_adjust_popup_row_text_confidence:1359 - POPUP_ROW_TEXT_CONFIDENCE_ADJUSTED row_index=1 source=legacy_text old_confidence=medium new_confidence=low text='Végrehajtás'
2026-08-26 14:56:16.228 | INFO     | winwatt_automation.live_ui.menu_helpers:_group_popup_fragments_into_logical_rows:2081 - DBG_MENU_GROUP_ROW row_index=1 representative_text='Végrehajtás' fragment_count=1 fragment_texts=['Végrehajtás'] row_rectangle={'left': 44, 'top': 84, 'right': 318, 'bottom': 112} source_scope_summary=['main_window'] row_class_summary=[''] topbar_like=True popup_like=False popup_reason=None
2026-08-26 14:56:16.228 | INFO     | winwatt_automation.live_ui.menu_helpers:_adjust_popup_row_text_confidence:1359 - POPUP_ROW_TEXT_CONFIDENCE_ADJUSTED row_index=2 source=legacy_text old_confidence=medium new_confidence=low text='Végrehajtás'
2026-08-26 14:56:16.228 | INFO     | winwatt_automation.live_ui.menu_helpers:_group_popup_fragments_into_logical_rows:2081 - DBG_MENU_GROUP_ROW row_index=2 representative_text='Végrehajtás' fragment_count=1 fragment_texts=['Végrehajtás'] row_rectangle={'left': 44, 'top': 111, 'right': 318, 'bottom': 139} source_scope_summary=['main_window'] row_class_summary=[''] topbar_like=False popup_like=False popup_reason=None
2026-08-26 14:56:16.228 | INFO     | winwatt_automation.live_ui.menu_helpers:_adjust_popup_row_text_confidence:1359 - POPUP_ROW_TEXT_CONFIDENCE_ADJUSTED row_index=3 source=legacy_text old_confidence=medium new_confidence=low text='Végrehajtás'
2026-08-26 14:56:16.228 | INFO     | winwatt_automation.live_ui.menu_helpers:_group_popup_fragments_into_logical_rows:2081 - DBG_MENU_GROUP_ROW row_index=3 representative_text='Végrehajtás' fragment_count=1 fragment_texts=['Végrehajtás'] row_rectangle={'left': 44, 'top': 139, 'right': 318, 'bottom': 167} source_scope_summary=['main_window'] row_class_summary=[''] topbar_like=False popup_like=True popup_reason=below_topbar_band
2026-08-26 14:56:16.228 | INFO     | winwatt_automation.live_ui.menu_helpers:_adjust_popup_row_text_confidence:1359 - POPUP_ROW_TEXT_CONFIDENCE_ADJUSTED row_index=4 source=legacy_text old_confidence=medium new_confidence=low text='Végrehajtás'
2026-08-26 14:56:16.228 | INFO     | winwatt_automation.live_ui.menu_helpers:_group_popup_fragments_into_logical_rows:2081 - DBG_MENU_GROUP_ROW row_index=4 representative_text='Végrehajtás' fragment_count=1 fragment_texts=['Végrehajtás'] row_rectangle={'left': 44, 'top': 166, 'right': 318, 'bottom': 194} source_scope_summary=['main_window'] row_class_summary=[''] topbar_like=False popup_like=True popup_reason=below_topbar_band
2026-08-26 14:56:16.228 | INFO     | winwatt_automation.live_ui.menu_helpers:_adjust_popup_row_text_confidence:1359 - POPUP_ROW_TEXT_CONFIDENCE_ADJUSTED row_index=5 source=legacy_text old_confidence=medium new_confidence=low text='Végrehajtás'
2026-08-26 14:56:16.228 | INFO     | winwatt_automation.live_ui.menu_helpers:_group_popup_fragments_into_logical_rows:2081 - DBG_MENU_GROUP_ROW row_index=5 representative_text='Végrehajtás' fragment_count=1 fragment_texts=['Végrehajtás'] row_rectangle={'left': 44, 'top': 201, 'right': 318, 'bottom': 229} source_scope_summary=['main_window'] row_class_summary=[''] topbar_like=False popup_like=True popup_reason=below_topbar_band
2026-08-26 14:56:16.228 | INFO     | winwatt_automation.live_ui.menu_helpers:_adjust_popup_row_text_confidence:1359 - POPUP_ROW_TEXT_CONFIDENCE_ADJUSTED row_index=6 source=legacy_text old_confidence=medium new_confidence=low text='Végrehajtás'
2026-08-26 14:56:16.228 | INFO     | winwatt_automation.live_ui.menu_helpers:_group_popup_fragments_into_logical_rows:2081 - DBG_MENU_GROUP_ROW row_index=6 representative_text='Végrehajtás' fragment_count=1 fragment_texts=['Végrehajtás'] row_rectangle={'left': 44, 'top': 229, 'right': 318, 'bottom': 257} source_scope_summary=['main_window'] row_class_summary=[''] topbar_like=False popup_like=True popup_reason=below_topbar_band
2026-08-26 14:56:16.228 | INFO     | winwatt_automation.live_ui.menu_helpers:_adjust_popup_row_text_confidence:1359 - POPUP_ROW_TEXT_CONFIDENCE_ADJUSTED row_index=7 source=legacy_text old_confidence=medium new_confidence=low text='Végrehajtás'
2026-08-26 14:56:16.228 | INFO     | winwatt_automation.live_ui.menu_helpers:_group_popup_fragments_into_logical_rows:2081 - DBG_MENU_GROUP_ROW row_index=7 representative_text='Végrehajtás' fragment_count=1 fragment_texts=['Végrehajtás'] row_rectangle={'left': 44, 'top': 256, 'right': 318, 'bottom': 284} source_scope_summary=['main_window'] row_class_summary=[''] topbar_like=False popup_like=True popup_reason=below_topbar_band
2026-08-26 14:56:16.228 | INFO     | winwatt_automation.live_ui.menu_helpers:_adjust_popup_row_text_confidence:1359 - POPUP_ROW_TEXT_CONFIDENCE_ADJUSTED row_index=8 source=legacy_text old_confidence=medium new_confidence=low text='Végrehajtás'
2026-08-26 14:56:16.228 | INFO     | winwatt_automation.live_ui.menu_helpers:_group_popup_fragments_into_logical_rows:2081 - DBG_MENU_GROUP_ROW row_index=8 representative_text='Végrehajtás' fragment_count=1 fragment_texts=['Végrehajtás'] row_rectangle={'left': 44, 'top': 284, 'right': 318, 'bottom': 312} source_scope_summary=['main_window'] row_class_summary=[''] topbar_like=False popup_like=True popup_reason=below_topbar_band
2026-08-26 14:56:16.228 | INFO     | winwatt_automation.live_ui.menu_helpers:_adjust_popup_row_text_confidence:1359 - POPUP_ROW_TEXT_CONFIDENCE_ADJUSTED row_index=9 source=legacy_text old_confidence=medium new_confidence=low text='Végrehajtás'
2026-08-26 14:56:16.228 | INFO     | winwatt_automation.live_ui.menu_helpers:_group_popup_fragments_into_logical_rows:2081 - DBG_MENU_GROUP_ROW row_index=9 representative_text='Végrehajtás' fragment_count=1 fragment_texts=['Végrehajtás'] row_rectangle={'left': 44, 'top': 319, 'right': 318, 'bottom': 347} source_scope_summary=['main_window'] row_class_summary=[''] topbar_like=False popup_like=True popup_reason=below_topbar_band
2026-08-26 14:56:16.228 | INFO     | winwatt_automation.live_ui.menu_helpers:_adjust_popup_row_text_confidence:1359 - POPUP_ROW_TEXT_CONFIDENCE_ADJUSTED row_index=10 source=legacy_text old_confidence=medium new_confidence=low text='Végrehajtás'
2026-08-26 14:56:16.228 | INFO     | winwatt_automation.live_ui.menu_helpers:_group_popup_fragments_into_logical_rows:2081 - DBG_MENU_GROUP_ROW row_index=10 representative_text='Végrehajtás' fragment_count=1 fragment_texts=['Végrehajtás'] row_rectangle={'left': 44, 'top': 346, 'right': 318, 'bottom': 374} source_scope_summary=['main_window'] row_class_summary=[''] topbar_like=False popup_like=True popup_reason=below_topbar_band
2026-08-26 14:56:16.241 | INFO     | winwatt_automation.live_ui.menu_helpers:_adjust_popup_row_text_confidence:1359 - POPUP_ROW_TEXT_CONFIDENCE_ADJUSTED row_index=11 source=legacy_text old_confidence=medium new_confidence=low text='Végrehajtás'
2026-08-26 14:56:16.241 | INFO     | winwatt_automation.live_ui.menu_helpers:_group_popup_fragments_into_logical_rows:2081 - DBG_MENU_GROUP_ROW row_index=11 representative_text='Végrehajtás' fragment_count=1 fragment_texts=['Végrehajtás'] row_rectangle={'left': 44, 'top': 374, 'right': 318, 'bottom': 402} source_scope_summary=['main_window'] row_class_summary=[''] topbar_like=False popup_like=True popup_reason=below_topbar_band
2026-08-26 14:56:16.241 | INFO     | winwatt_automation.live_ui.menu_helpers:_adjust_popup_row_text_confidence:1359 - POPUP_ROW_TEXT_CONFIDENCE_ADJUSTED row_index=12 source=legacy_text old_confidence=medium new_confidence=low text='Végrehajtás'
2026-08-26 14:56:16.241 | INFO     | winwatt_automation.live_ui.menu_helpers:_group_popup_fragments_into_logical_rows:2081 - DBG_MENU_GROUP_ROW row_index=12 representative_text='Végrehajtás' fragment_count=1 fragment_texts=['Végrehajtás'] row_rectangle={'left': 44, 'top': 401, 'right': 318, 'bottom': 429} source_scope_summary=['main_window'] row_class_summary=[''] topbar_like=False popup_like=True popup_reason=below_topbar_band
2026-08-26 14:56:16.241 | INFO     | winwatt_automation.live_ui.menu_helpers:_adjust_popup_row_text_confidence:1359 - POPUP_ROW_TEXT_CONFIDENCE_ADJUSTED row_index=13 source=legacy_text old_confidence=medium new_confidence=low text='Végrehajtás'
2026-08-26 14:56:16.243 | INFO     | winwatt_automation.live_ui.menu_helpers:_group_popup_fragments_into_logical_rows:2081 - DBG_MENU_GROUP_ROW row_index=13 representative_text='Végrehajtás' fragment_count=1 fragment_texts=['Végrehajtás'] row_rectangle={'left': 44, 'top': 436, 'right': 318, 'bottom': 464} source_scope_summary=['main_window'] row_class_summary=[''] topbar_like=False popup_like=True popup_reason=below_topbar_band
2026-08-26 14:56:16.243 | WARNING  | winwatt_automation.live_ui.menu_helpers:_reject_repeated_popup_legacy_texts:1393 - TEXT_EXTRACTION_REJECTED_REPEATED_LEGACY_TEXT row_index=0 repeated_text='Végrehajtás' occurrence_count=14 popup_row_count=14 raw_sources=['legacy_text'] rectangle={'left': 44, 'top': 56, 'right': 318, 'bottom': 84}
2026-08-26 14:56:16.243 | INFO     | winwatt_automation.live_ui.menu_helpers:_reject_repeated_popup_legacy_texts:1402 - POPUP_TEXT_RECOVERY_SOURCE_REJECTED row_index=0 source=legacy_text reason=repeated_fallback_text repeated_text='Végrehajtás'
2026-08-26 14:56:16.245 | WARNING  | winwatt_automation.live_ui.menu_helpers:_reject_repeated_popup_legacy_texts:1393 - TEXT_EXTRACTION_REJECTED_REPEATED_LEGACY_TEXT row_index=1 repeated_text='Végrehajtás' occurrence_count=14 popup_row_count=14 raw_sources=['legacy_text'] rectangle={'left': 44, 'top': 84, 'right': 318, 'bottom': 112}
2026-08-26 14:56:16.245 | INFO     | winwatt_automation.live_ui.menu_helpers:_reject_repeated_popup_legacy_texts:1402 - POPUP_TEXT_RECOVERY_SOURCE_REJECTED row_index=1 source=legacy_text reason=repeated_fallback_text repeated_text='Végrehajtás'
2026-08-26 14:56:16.245 | WARNING  | winwatt_automation.live_ui.menu_helpers:_reject_repeated_popup_legacy_texts:1393 - TEXT_EXTRACTION_REJECTED_REPEATED_LEGACY_TEXT row_index=2 repeated_text='Végrehajtás' occurrence_count=14 popup_row_count=14 raw_sources=['legacy_text'] rectangle={'left': 44, 'top': 111, 'right': 318, 'bottom': 139}
2026-08-26 14:56:16.245 | INFO     | winwatt_automation.live_ui.menu_helpers:_reject_repeated_popup_legacy_texts:1402 - POPUP_TEXT_RECOVERY_SOURCE_REJECTED row_index=2 source=legacy_text reason=repeated_fallback_text repeated_text='Végrehajtás'
2026-08-26 14:56:16.247 | WARNING  | winwatt_automation.live_ui.menu_helpers:_reject_repeated_popup_legacy_texts:1393 - TEXT_EXTRACTION_REJECTED_REPEATED_LEGACY_TEXT row_index=3 repeated_text='Végrehajtás' occurrence_count=14 popup_row_count=14 raw_sources=['legacy_text'] rectangle={'left': 44, 'top': 139, 'right': 318, 'bottom': 167}
2026-08-26 14:56:16.247 | INFO     | winwatt_automation.live_ui.menu_helpers:_reject_repeated_popup_legacy_texts:1402 - POPUP_TEXT_RECOVERY_SOURCE_REJECTED row_index=3 source=legacy_text reason=repeated_fallback_text repeated_text='Végrehajtás'
2026-08-26 14:56:16.247 | WARNING  | winwatt_automation.live_ui.menu_helpers:_reject_repeated_popup_legacy_texts:1393 - TEXT_EXTRACTION_REJECTED_REPEATED_LEGACY_TEXT row_index=4 repeated_text='Végrehajtás' occurrence_count=14 popup_row_count=14 raw_sources=['legacy_text'] rectangle={'left': 44, 'top': 166, 'right': 318, 'bottom': 194}
2026-08-26 14:56:16.247 | INFO     | winwatt_automation.live_ui.menu_helpers:_reject_repeated_popup_legacy_texts:1402 - POPUP_TEXT_RECOVERY_SOURCE_REJECTED row_index=4 source=legacy_text reason=repeated_fallback_text repeated_text='Végrehajtás'
2026-08-26 14:56:16.247 | WARNING  | winwatt_automation.live_ui.menu_helpers:_reject_repeated_popup_legacy_texts:1393 - TEXT_EXTRACTION_REJECTED_REPEATED_LEGACY_TEXT row_index=5 repeated_text='Végrehajtás' occurrence_count=14 popup_row_count=14 raw_sources=['legacy_text'] rectangle={'left': 44, 'top': 201, 'right': 318, 'bottom': 229}
2026-08-26 14:56:16.247 | INFO     | winwatt_automation.live_ui.menu_helpers:_reject_repeated_popup_legacy_texts:1402 - POPUP_TEXT_RECOVERY_SOURCE_REJECTED row_index=5 source=legacy_text reason=repeated_fallback_text repeated_text='Végrehajtás'
2026-08-26 14:56:16.249 | WARNING  | winwatt_automation.live_ui.menu_helpers:_reject_repeated_popup_legacy_texts:1393 - TEXT_EXTRACTION_REJECTED_REPEATED_LEGACY_TEXT row_index=6 repeated_text='Végrehajtás' occurrence_count=14 popup_row_count=14 raw_sources=['legacy_text'] rectangle={'left': 44, 'top': 229, 'right': 318, 'bottom': 257}
2026-08-26 14:56:16.249 | INFO     | winwatt_automation.live_ui.menu_helpers:_reject_repeated_popup_legacy_texts:1402 - POPUP_TEXT_RECOVERY_SOURCE_REJECTED row_index=6 source=legacy_text reason=repeated_fallback_text repeated_text='Végrehajtás'
2026-08-26 14:56:16.249 | WARNING  | winwatt_automation.live_ui.menu_helpers:_reject_repeated_popup_legacy_texts:1393 - TEXT_EXTRACTION_REJECTED_REPEATED_LEGACY_TEXT row_index=7 repeated_text='Végrehajtás' occurrence_count=14 popup_row_count=14 raw_sources=['legacy_text'] rectangle={'left': 44, 'top': 256, 'right': 318, 'bottom': 284}
2026-08-26 14:56:16.249 | INFO     | winwatt_automation.live_ui.menu_helpers:_reject_repeated_popup_legacy_texts:1402 - POPUP_TEXT_RECOVERY_SOURCE_REJECTED row_index=7 source=legacy_text reason=repeated_fallback_text repeated_text='Végrehajtás'
2026-08-26 14:56:16.249 | WARNING  | winwatt_automation.live_ui.menu_helpers:_reject_repeated_popup_legacy_texts:1393 - TEXT_EXTRACTION_REJECTED_REPEATED_LEGACY_TEXT row_index=8 repeated_text='Végrehajtás' occurrence_count=14 popup_row_count=14 raw_sources=['legacy_text'] rectangle={'left': 44, 'top': 284, 'right': 318, 'bottom': 312}
2026-08-26 14:56:16.251 | INFO     | winwatt_automation.live_ui.menu_helpers:_reject_repeated_popup_legacy_texts:1402 - POPUP_TEXT_RECOVERY_SOURCE_REJECTED row_index=8 source=legacy_text reason=repeated_fallback_text repeated_text='Végrehajtás'
2026-08-26 14:56:16.251 | WARNING  | winwatt_automation.live_ui.menu_helpers:_reject_repeated_popup_legacy_texts:1393 - TEXT_EXTRACTION_REJECTED_REPEATED_LEGACY_TEXT row_index=9 repeated_text='Végrehajtás' occurrence_count=14 popup_row_count=14 raw_sources=['legacy_text'] rectangle={'left': 44, 'top': 319, 'right': 318, 'bottom': 347}
2026-08-26 14:56:16.251 | INFO     | winwatt_automation.live_ui.menu_helpers:_reject_repeated_popup_legacy_texts:1402 - POPUP_TEXT_RECOVERY_SOURCE_REJECTED row_index=9 source=legacy_text reason=repeated_fallback_text repeated_text='Végrehajtás'
2026-08-26 14:56:16.251 | WARNING  | winwatt_automation.live_ui.menu_helpers:_reject_repeated_popup_legacy_texts:1393 - TEXT_EXTRACTION_REJECTED_REPEATED_LEGACY_TEXT row_index=10 repeated_text='Végrehajtás' occurrence_count=14 popup_row_count=14 raw_sources=['legacy_text'] rectangle={'left': 44, 'top': 346, 'right': 318, 'bottom': 374}
2026-08-26 14:56:16.251 | INFO     | winwatt_automation.live_ui.menu_helpers:_reject_repeated_popup_legacy_texts:1402 - POPUP_TEXT_RECOVERY_SOURCE_REJECTED row_index=10 source=legacy_text reason=repeated_fallback_text repeated_text='Végrehajtás'
2026-08-26 14:56:16.251 | WARNING  | winwatt_automation.live_ui.menu_helpers:_reject_repeated_popup_legacy_texts:1393 - TEXT_EXTRACTION_REJECTED_REPEATED_LEGACY_TEXT row_index=11 repeated_text='Végrehajtás' occurrence_count=14 popup_row_count=14 raw_sources=['legacy_text'] rectangle={'left': 44, 'top': 374, 'right': 318, 'bottom': 402}
2026-08-26 14:56:16.253 | INFO     | winwatt_automation.live_ui.menu_helpers:_reject_repeated_popup_legacy_texts:1402 - POPUP_TEXT_RECOVERY_SOURCE_REJECTED row_index=11 source=legacy_text reason=repeated_fallback_text repeated_text='Végrehajtás'
2026-08-26 14:56:16.253 | WARNING  | winwatt_automation.live_ui.menu_helpers:_reject_repeated_popup_legacy_texts:1393 - TEXT_EXTRACTION_REJECTED_REPEATED_LEGACY_TEXT row_index=12 repeated_text='Végrehajtás' occurrence_count=14 popup_row_count=14 raw_sources=['legacy_text'] rectangle={'left': 44, 'top': 401, 'right': 318, 'bottom': 429}
2026-08-26 14:56:16.253 | INFO     | winwatt_automation.live_ui.menu_helpers:_reject_repeated_popup_legacy_texts:1402 - POPUP_TEXT_RECOVERY_SOURCE_REJECTED row_index=12 source=legacy_text reason=repeated_fallback_text repeated_text='Végrehajtás'
2026-08-26 14:56:16.253 | WARNING  | winwatt_automation.live_ui.menu_helpers:_reject_repeated_popup_legacy_texts:1393 - TEXT_EXTRACTION_REJECTED_REPEATED_LEGACY_TEXT row_index=13 repeated_text='Végrehajtás' occurrence_count=14 popup_row_count=14 raw_sources=['legacy_text'] rectangle={'left': 44, 'top': 436, 'right': 318, 'bottom': 464}
2026-08-26 14:56:16.253 | INFO     | winwatt_automation.live_ui.menu_helpers:_reject_repeated_popup_legacy_texts:1402 - POPUP_TEXT_RECOVERY_SOURCE_REJECTED row_index=13 source=legacy_text reason=repeated_fallback_text repeated_text='Végrehajtás'
2026-08-26 14:56:16.255 | DEBUG    | winwatt_automation.live_ui.menu_helpers:_structured_popup_rows_from_snapshots:1923 - Structured popup rows: before snapshot row count=14 after snapshot row count=42 structured row count=28 deduped fragment count=14 logical row count=14
2026-08-26 14:56:16.255 | INFO     | winwatt_automation.live_ui.menu_helpers:open_top_menu_and_capture_popup_state:2184 - Menu open transitions: before snapshot row count=14 after snapshot row count=42 structured row count=14 top menu clicked more than once=False
2026-08-26 14:56:16.258 | DEBUG    | winwatt_automation.live_ui.app_connector:get_cached_main_window:565 - DBG_WINWATT_CACHE_GET reason_code=cache_reused_without_validation payload={'wrapper_type': 'UIAWrapper', 'handle': 1901766, 'process_id': 8200, 'title': 'WinWatt gólya - C:\\Users\\Admin\\Documents\\GitHub\\autowinwatt\\winwatt_automation\\data\\runtime_maps\\full_authorized_sandbox\\20260826T123933Z\\testwwp.wwp', 'class_name': 'TMainForm', 'control_type': 'Window'} last_validation_age_s=1.2820000000065193 diagnostic_fast_mode=False
2026-08-26 14:56:16.258 | DEBUG    | winwatt_automation.live_ui.app_connector:get_cached_main_window:566 - DBG_PHASE_TIMING phase=get_cached_main_window elapsed_ms=0.000 reason_code=cache_reused_without_validation
2026-08-26 14:56:16.262 | INFO     | winwatt_automation.live_ui.app_connector:ensure_main_window_foreground_before_click:1217 - DBG_WINWATT_FOCUS_GUARD_PRECHECK action_label=click_structured_popup_row[3] wrapper_type=UIAWrapper cached_handle=1901766 cached_pid=8200 cached_title=WinWatt gólya - C:\Users\Admin\Documents\GitHub\autowinwatt\winwatt_automation\data\runtime_maps\full_authorized_sandbox\20260826T123933Z\testwwp.wwp cached_class=TMainForm precheck_exists=False precheck_visible=True precheck_enabled=True rect={'left': -10, 'top': -10, 'right': 1930, 'bottom': 1030, 'width': 1940, 'height': 1040}
2026-08-26 14:56:16.351 | DEBUG    | winwatt_automation.live_ui.app_connector:list_candidate_windows:180 - Discovered 1 WinWatt-like windows on backend=win32
2026-08-26 14:56:16.367 | DEBUG    | winwatt_automation.live_ui.app_connector:list_candidate_windows:182 - Candidate[win32]: {'title': 'WinWatt gólya - C:\\Users\\Admin\\Documents\\GitHub\\autowinwatt\\winwatt_automation\\data\\runtime_maps\\full_authorized_sandbox\\20260826T123933Z\\testwwp.wwp', 'window_text': 'WinWatt gólya - C:\\Users\\Admin\\Documents\\GitHub\\autowinwatt\\winwatt_automation\\data\\runtime_maps\\full_authorized_sandbox\\20260826T123933Z\\testwwp.wwp', 'class_name': 'TMainForm', 'control_type': None, 'process_id': 8200, 'handle': None, 'is_visible': True, 'is_enabled': True, 'rectangle': {'left': -10, 'top': -10, 'right': 1930, 'bottom': 1030, 'width': 1940, 'height': 1040}, 'size': {'width': 1940, 'height': 1040}}
2026-08-26 14:56:16.367 | INFO     | winwatt_automation.live_ui.app_connector:_connect_with_win32_handle:276 - DBG_WINWATT_CONNECT_WIN32_CANDIDATES locator=backend=win32 ranked_candidates=[{'rank': 1, 'score': (1, 1, 1, 1, 2017600), 'process_id': 8200, 'handle': None, 'class_name': 'TMainForm', 'title': 'WinWatt gólya - C:\\Users\\Admin\\Documents\\GitHub\\autowinwatt\\winwatt_automation\\data\\runtime_maps\\full_authorized_sandbox\\20260826T123933Z\\testwwp.wwp', 'visible': True, 'enabled': True}] 
2026-08-26 14:56:16.367 | INFO     | winwatt_automation.live_ui.app_connector:select_main_window:224 - Candidate ranking score=(1, 1, 1, 1, 2017600) data={'title': 'WinWatt gólya - C:\\Users\\Admin\\Documents\\GitHub\\autowinwatt\\winwatt_automation\\data\\runtime_maps\\full_authorized_sandbox\\20260826T123933Z\\testwwp.wwp', 'window_text': 'WinWatt gólya - C:\\Users\\Admin\\Documents\\GitHub\\autowinwatt\\winwatt_automation\\data\\runtime_maps\\full_authorized_sandbox\\20260826T123933Z\\testwwp.wwp', 'class_name': 'TMainForm', 'control_type': None, 'process_id': 8200, 'handle': None, 'is_visible': True, 'is_enabled': True, 'rectangle': {'left': -10, 'top': -10, 'right': 1930, 'bottom': 1030, 'width': 1940, 'height': 1040}, 'size': {'width': 1940, 'height': 1040}}
2026-08-26 14:56:16.367 | INFO     | winwatt_automation.live_ui.app_connector:select_main_window:234 - Selected main window process_id=8200 handle=None score=(1, 1, 1, 1, 2017600) reasons=['has_process_id=True', 'has_handle=False', 'visible=True', 'enabled=True', 'title_has_winwatt=True', 'area=2017600']
2026-08-26 14:56:16.367 | INFO     | winwatt_automation.live_ui.app_connector:_connect_with_win32_handle:293 - DBG_WINWATT_CONNECT_WIN32_SELECTED selected_payload={'title': 'WinWatt gólya - C:\\Users\\Admin\\Documents\\GitHub\\autowinwatt\\winwatt_automation\\data\\runtime_maps\\full_authorized_sandbox\\20260826T123933Z\\testwwp.wwp', 'window_text': 'WinWatt gólya - C:\\Users\\Admin\\Documents\\GitHub\\autowinwatt\\winwatt_automation\\data\\runtime_maps\\full_authorized_sandbox\\20260826T123933Z\\testwwp.wwp', 'class_name': 'TMainForm', 'control_type': None, 'process_id': 8200, 'handle': None, 'is_visible': True, 'is_enabled': True, 'rectangle': {'left': -10, 'top': -10, 'right': 1930, 'bottom': 1030, 'width': 1940, 'height': 1040}, 'size': {'width': 1940, 'height': 1040}} selected_handle_is_none=True
2026-08-26 14:56:16.367 | INFO     | winwatt_automation.live_ui.app_connector:_connect_with_win32_handle:336 - Connected to WinWatt backend=win32 attach_mode=process candidate={'process_id': 8200, 'handle': None, 'class_name': 'TMainForm', 'title': 'WinWatt gólya - C:\\Users\\Admin\\Documents\\GitHub\\autowinwatt\\winwatt_automation\\data\\runtime_maps\\full_authorized_sandbox\\20260826T123933Z\\testwwp.wwp'}
2026-08-26 14:56:16.367 | INFO     | winwatt_automation.live_ui.app_connector:_connect_with_win32_handle:350 - DBG_WINWATT_CONNECT_WIN32_RESOLVED process_id=8200 resolved_handle=None selected_payload={'title': 'WinWatt gólya - C:\\Users\\Admin\\Documents\\GitHub\\autowinwatt\\winwatt_automation\\data\\runtime_maps\\full_authorized_sandbox\\20260826T123933Z\\testwwp.wwp', 'window_text': 'WinWatt gólya - C:\\Users\\Admin\\Documents\\GitHub\\autowinwatt\\winwatt_automation\\data\\runtime_maps\\full_authorized_sandbox\\20260826T123933Z\\testwwp.wwp', 'class_name': 'TMainForm', 'control_type': None, 'process_id': 8200, 'handle': None, 'is_visible': True, 'is_enabled': True, 'rectangle': {'left': -10, 'top': -10, 'right': 1930, 'bottom': 1030, 'width': 1940, 'height': 1040}, 'size': {'width': 1940, 'height': 1040}}
2026-08-26 14:56:16.367 | INFO     | winwatt_automation.live_ui.app_connector:_resolve_uia_main_window:382 - DBG_WINWATT_RESOLVE_UIA_WIN32_SELECTED selected_payload={'title': 'WinWatt gólya - C:\\Users\\Admin\\Documents\\GitHub\\autowinwatt\\winwatt_automation\\data\\runtime_maps\\full_authorized_sandbox\\20260826T123933Z\\testwwp.wwp', 'window_text': 'WinWatt gólya - C:\\Users\\Admin\\Documents\\GitHub\\autowinwatt\\winwatt_automation\\data\\runtime_maps\\full_authorized_sandbox\\20260826T123933Z\\testwwp.wwp', 'class_name': 'TMainForm', 'control_type': None, 'process_id': 8200, 'handle': None, 'is_visible': True, 'is_enabled': True, 'rectangle': {'left': -10, 'top': -10, 'right': 1930, 'bottom': 1030, 'width': 1940, 'height': 1040}, 'size': {'width': 1940, 'height': 1040}}
2026-08-26 14:56:16.367 | INFO     | winwatt_automation.live_ui.app_connector:_resolve_uia_main_window:388 - Connected to WinWatt backend=uia process_id=8200
2026-08-26 14:56:16.367 | INFO     | winwatt_automation.live_ui.app_connector:_resolve_uia_main_window:390 - Resolving main WinWatt window backend=uia class_name=TMainForm title_re=.*WinWatt.*
2026-08-26 14:56:16.636 | INFO     | winwatt_automation.live_ui.app_connector:_resolve_uia_main_window:400 - DBG_WINWATT_RESOLVE_UIA_PRIMARY selected_payload={'title': 'WinWatt gólya - C:\\Users\\Admin\\Documents\\GitHub\\autowinwatt\\winwatt_automation\\data\\runtime_maps\\full_authorized_sandbox\\20260826T123933Z\\testwwp.wwp', 'window_text': 'WinWatt gólya - C:\\Users\\Admin\\Documents\\GitHub\\autowinwatt\\winwatt_automation\\data\\runtime_maps\\full_authorized_sandbox\\20260826T123933Z\\testwwp.wwp', 'class_name': 'TMainForm', 'control_type': None, 'process_id': 8200, 'handle': None, 'is_visible': True, 'is_enabled': True, 'rectangle': {'left': -10, 'top': -10, 'right': 1930, 'bottom': 1030, 'width': 1940, 'height': 1040}, 'size': {'width': 1940, 'height': 1040}} primary_result={'wrapper_type': 'UIAWrapper', 'handle': 1901766, 'process_id': 8200, 'title': 'WinWatt gólya - C:\\Users\\Admin\\Documents\\GitHub\\autowinwatt\\winwatt_automation\\data\\runtime_maps\\full_authorized_sandbox\\20260826T123933Z\\testwwp.wwp', 'class_name': 'TMainForm', 'control_type': 'Window'} identity_match_with_win32=None
2026-08-26 14:56:16.651 | WARNING  | winwatt_automation.live_ui.app_connector:ensure_main_window_foreground_before_click:1254 - DBG_WINWATT_FOCUS_GUARD_STALE_REFRESH_CONTINUE action_label=click_structured_popup_row[3] reason=stale_wrapper_relaxed_foreground_identity_pass relaxed_pass=True relaxed_pass_reason=identity_foreground_visible_enabled_match cached_identity={'wrapper_type': 'UIAWrapper', 'handle': 1901766, 'process_id': 8200, 'title': 'WinWatt gólya - C:\\Users\\Admin\\Documents\\GitHub\\autowinwatt\\winwatt_automation\\data\\runtime_maps\\full_authorized_sandbox\\20260826T123933Z\\testwwp.wwp', 'class_name': 'TMainForm', 'control_type': 'Window'} refreshed_identity={'wrapper_type': 'UIAWrapper', 'handle': 1901766, 'process_id': 8200, 'title': 'WinWatt gólya - C:\\Users\\Admin\\Documents\\GitHub\\autowinwatt\\winwatt_automation\\data\\runtime_maps\\full_authorized_sandbox\\20260826T123933Z\\testwwp.wwp', 'class_name': 'TMainForm', 'control_type': 'Window'} cached_rect={'left': -10, 'top': -10, 'right': 1930, 'bottom': 1030, 'width': 1940, 'height': 1040} refreshed_rect={'left': -10, 'top': -10, 'right': 1930, 'bottom': 1030, 'width': 1940, 'height': 1040} foreground={'handle': 1901766, 'title': 'WinWatt gólya - C:\\Users\\Admin\\Documents\\GitHub\\autowinwatt\\winwatt_automation\\data\\runtime_maps\\full_authorized_sandbox\\20260826T123933Z\\testwwp.wwp', 'class_name': 'TMainForm', 'process_id': 8200}
2026-08-26 14:56:16.651 | INFO     | winwatt_automation.live_ui.app_connector:is_winwatt_foreground_context:1161 - DBG_WINWATT_FOREGROUND_CONTEXT expected_handle=1901766 expected_process_id=8200 expected_title=WinWatt gólya - C:\Users\Admin\Documents\GitHub\autowinwatt\winwatt_automation\data\runtime_maps\full_authorized_sandbox\20260826T123933Z\testwwp.wwp expected_class_name=TMainForm actual_foreground_handle=1901766 actual_foreground_process_id=8200 actual_foreground_title=WinWatt gólya - C:\Users\Admin\Documents\GitHub\autowinwatt\winwatt_automation\data\runtime_maps\full_authorized_sandbox\20260826T123933Z\testwwp.wwp actual_foreground_class_name=TMainForm allow_dialog=True result_reason=handle_match
2026-08-26 14:56:16.651 | INFO     | winwatt_automation.live_ui.app_connector:ensure_main_window_foreground_before_click:1378 - DBG_WINWATT_FOCUS_GUARD_RESULT action_label=click_structured_popup_row[3] status=focus_ok reason=handle_match foreground={'handle': 1901766, 'title': 'WinWatt gólya - C:\\Users\\Admin\\Documents\\GitHub\\autowinwatt\\winwatt_automation\\data\\runtime_maps\\full_authorized_sandbox\\20260826T123933Z\\testwwp.wwp', 'class_name': 'TMainForm', 'process_id': 8200} same_context_as_cached_main=True win32_uia_identity_match=True
2026-08-26 14:56:16.784 | INFO     | winwatt_automation.live_ui.menu_helpers:click_structured_popup_row:2238 - Popup row click: selected row index=3 selected row rectangle={'left': 44, 'top': 139, 'right': 318, 'bottom': 167} top menu clicked more than once=False
2026-08-26 14:56:18.338 | DEBUG    | winwatt_automation.live_ui.app_connector:get_cached_main_window:565 - DBG_WINWATT_CACHE_GET reason_code=cache_reused_without_validation payload={'wrapper_type': 'UIAWrapper', 'handle': 1901766, 'process_id': 8200, 'title': 'WinWatt gólya - C:\\Users\\Admin\\Documents\\GitHub\\autowinwatt\\winwatt_automation\\data\\runtime_maps\\full_authorized_sandbox\\20260826T123933Z\\testwwp.wwp', 'class_name': 'TMainForm', 'control_type': 'Window'} last_validation_age_s=2.312999999994645 diagnostic_fast_mode=False
2026-08-26 14:56:18.338 | DEBUG    | winwatt_automation.live_ui.app_connector:get_cached_main_window:566 - DBG_PHASE_TIMING phase=get_cached_main_window elapsed_ms=1047.000 reason_code=cache_reused_without_validation
2026-08-26 14:56:18.368 | DEBUG    | winwatt_automation.live_ui.app_connector:get_cached_main_window:565 - DBG_WINWATT_CACHE_GET reason_code=cache_reused_without_validation payload={'wrapper_type': 'UIAWrapper', 'handle': 1901766, 'process_id': 8200, 'title': 'WinWatt gólya - C:\\Users\\Admin\\Documents\\GitHub\\autowinwatt\\winwatt_automation\\data\\runtime_maps\\full_authorized_sandbox\\20260826T123933Z\\testwwp.wwp', 'class_name': 'TMainForm', 'control_type': 'Window'} last_validation_age_s=3.3910000000032596 diagnostic_fast_mode=False
2026-08-26 14:56:18.368 | DEBUG    | winwatt_automation.live_ui.app_connector:get_cached_main_window:566 - DBG_PHASE_TIMING phase=get_cached_main_window elapsed_ms=0.000 reason_code=cache_reused_without_validation
2026-08-26 14:56:29.607 | INFO     | winwatt_automation.live_ui.app_connector:is_winwatt_foreground_context:1161 - DBG_WINWATT_FOREGROUND_CONTEXT expected_handle=1901766 expected_process_id=8200 expected_title=WinWatt gólya - C:\Users\Admin\Documents\GitHub\autowinwatt\winwatt_automation\data\runtime_maps\full_authorized_sandbox\20260826T123933Z\testwwp.wwp expected_class_name=TMainForm actual_foreground_handle=1901766 actual_foreground_process_id=8200 actual_foreground_title=WinWatt gólya - C:\Users\Admin\Documents\GitHub\autowinwatt\winwatt_automation\data\runtime_maps\full_authorized_sandbox\20260826T123933Z\testwwp.wwp actual_foreground_class_name=TMainForm allow_dialog=True result_reason=handle_match
2026-08-26 14:56:29.607 | INFO     | winwatt_automation.live_ui.app_connector:_cached_window_health_status:489 - DBG_WINWATT_CACHE_HEALTH reason_code=healthy payload={'wrapper_type': 'UIAWrapper', 'handle': 1901766, 'process_id': 8200, 'title': 'WinWatt gólya - C:\\Users\\Admin\\Documents\\GitHub\\autowinwatt\\winwatt_automation\\data\\runtime_maps\\full_authorized_sandbox\\20260826T123933Z\\testwwp.wwp', 'class_name': 'TMainForm', 'control_type': 'Window'}
2026-08-26 14:56:29.607 | DEBUG    | winwatt_automation.live_ui.app_connector:get_cached_main_window:574 - DBG_WINWATT_CACHE_GET reason_code=cache_validated_ok payload={'wrapper_type': 'UIAWrapper', 'handle': 1901766, 'process_id': 8200, 'title': 'WinWatt gólya - C:\\Users\\Admin\\Documents\\GitHub\\autowinwatt\\winwatt_automation\\data\\runtime_maps\\full_authorized_sandbox\\20260826T123933Z\\testwwp.wwp', 'class_name': 'TMainForm', 'control_type': 'Window'} last_validation_age_s=14.625 diagnostic_fast_mode=False
2026-08-26 14:56:29.623 | DEBUG    | winwatt_automation.live_ui.app_connector:get_cached_main_window:575 - DBG_PHASE_TIMING phase=get_cached_main_window elapsed_ms=32.000 reason_code=cache_validated_ok
2026-08-26 14:56:33.602 | INFO     | winwatt_automation.live_ui.app_connector:is_winwatt_foreground_context:1161 - DBG_WINWATT_FOREGROUND_CONTEXT expected_handle=1901766 expected_process_id=8200 expected_title=WinWatt gólya - C:\Users\Admin\Documents\GitHub\autowinwatt\winwatt_automation\data\runtime_maps\full_authorized_sandbox\20260826T123933Z\testwwp.wwp expected_class_name=TMainForm actual_foreground_handle=2885522 actual_foreground_process_id=8200 actual_foreground_title=Helyiségek - Room graph explorer actual_foreground_class_name=TRoomModifyForm allow_dialog=True result_reason=pid_match_allow_dialog
2026-08-26 14:56:33.602 | INFO     | winwatt_automation.live_ui.app_connector:_cached_window_health_status:489 - DBG_WINWATT_CACHE_HEALTH reason_code=healthy payload={'wrapper_type': 'UIAWrapper', 'handle': 1901766, 'process_id': 8200, 'title': 'WinWatt gólya - C:\\Users\\Admin\\Documents\\GitHub\\autowinwatt\\winwatt_automation\\data\\runtime_maps\\full_authorized_sandbox\\20260826T123933Z\\testwwp.wwp', 'class_name': 'TMainForm', 'control_type': 'Window'}
2026-08-26 14:56:33.618 | DEBUG    | winwatt_automation.live_ui.app_connector:get_cached_main_window:574 - DBG_WINWATT_CACHE_GET reason_code=cache_validated_ok payload={'wrapper_type': 'UIAWrapper', 'handle': 1901766, 'process_id': 8200, 'title': 'WinWatt gólya - C:\\Users\\Admin\\Documents\\GitHub\\autowinwatt\\winwatt_automation\\data\\runtime_maps\\full_authorized_sandbox\\20260826T123933Z\\testwwp.wwp', 'class_name': 'TMainForm', 'control_type': 'Window'} last_validation_age_s=4.0 diagnostic_fast_mode=False
2026-08-26 14:56:33.618 | DEBUG    | winwatt_automation.live_ui.app_connector:get_cached_main_window:575 - DBG_PHASE_TIMING phase=get_cached_main_window elapsed_ms=16.000 reason_code=cache_validated_ok
2026-08-26 14:56:34.931 | INFO     | winwatt_automation.live_ui.app_connector:get_cached_main_window:597 - DBG_WINWATT_CACHE_GET reason_code=cache_missing_resolving_fresh diagnostic_fast_mode=False
2026-08-26 14:56:35.226 | DEBUG    | winwatt_automation.live_ui.app_connector:list_candidate_windows:180 - Discovered 0 WinWatt-like windows on backend=win32
2026-08-26 14:56:35.226 | INFO     | winwatt_automation.live_ui.app_connector:_connect_with_win32_handle:276 - DBG_WINWATT_CONNECT_WIN32_CANDIDATES locator=backend=win32 ranked_candidates=[] 
2026-08-26 14:56:35.226 | WARNING  | winwatt_automation.runtime_mapping.program_mapper:_safe_capture_snapshot:191 - snapshot_capture_failed state_id=startup_after_relaunch error=No WinWatt-like windows were found
2026-08-26 14:56:35.733 | INFO     | winwatt_automation.live_ui.app_connector:get_cached_main_window:597 - DBG_WINWATT_CACHE_GET reason_code=cache_missing_resolving_fresh diagnostic_fast_mode=False
2026-08-26 14:56:38.325 | DEBUG    | winwatt_automation.live_ui.app_connector:list_candidate_windows:180 - Discovered 0 WinWatt-like windows on backend=win32
2026-08-26 14:56:38.325 | INFO     | winwatt_automation.live_ui.app_connector:_connect_with_win32_handle:276 - DBG_WINWATT_CONNECT_WIN32_CANDIDATES locator=backend=win32 ranked_candidates=[] 
2026-08-26 14:56:38.325 | WARNING  | winwatt_automation.runtime_mapping.program_mapper:_safe_capture_snapshot:191 - snapshot_capture_failed state_id=startup_after_relaunch error=No WinWatt-like windows were found
2026-08-26 14:56:38.838 | INFO     | winwatt_automation.live_ui.app_connector:get_cached_main_window:597 - DBG_WINWATT_CACHE_GET reason_code=cache_missing_resolving_fresh diagnostic_fast_mode=False
2026-08-26 14:56:40.414 | DEBUG    | winwatt_automation.live_ui.app_connector:list_candidate_windows:180 - Discovered 0 WinWatt-like windows on backend=win32
2026-08-26 14:56:40.425 | INFO     | winwatt_automation.live_ui.app_connector:_connect_with_win32_handle:276 - DBG_WINWATT_CONNECT_WIN32_CANDIDATES locator=backend=win32 ranked_candidates=[] 
2026-08-26 14:56:40.425 | WARNING  | winwatt_automation.runtime_mapping.program_mapper:_safe_capture_snapshot:191 - snapshot_capture_failed state_id=startup_after_relaunch error=No WinWatt-like windows were found
2026-08-26 14:56:40.929 | INFO     | winwatt_automation.live_ui.app_connector:get_cached_main_window:597 - DBG_WINWATT_CACHE_GET reason_code=cache_missing_resolving_fresh diagnostic_fast_mode=False
2026-08-26 14:56:40.993 | DEBUG    | winwatt_automation.live_ui.app_connector:list_candidate_windows:180 - Discovered 0 WinWatt-like windows on backend=win32
2026-08-26 14:56:40.993 | INFO     | winwatt_automation.live_ui.app_connector:_connect_with_win32_handle:276 - DBG_WINWATT_CONNECT_WIN32_CANDIDATES locator=backend=win32 ranked_candidates=[] 
2026-08-26 14:56:40.993 | WARNING  | winwatt_automation.runtime_mapping.program_mapper:_safe_capture_snapshot:191 - snapshot_capture_failed state_id=startup_after_relaunch error=No WinWatt-like windows were found
2026-08-26 14:56:41.501 | INFO     | winwatt_automation.live_ui.app_connector:get_cached_main_window:597 - DBG_WINWATT_CACHE_GET reason_code=cache_missing_resolving_fresh diagnostic_fast_mode=False
2026-08-26 14:56:41.591 | DEBUG    | winwatt_automation.live_ui.app_connector:list_candidate_windows:180 - Discovered 0 WinWatt-like windows on backend=win32
2026-08-26 14:56:41.591 | INFO     | winwatt_automation.live_ui.app_connector:_connect_with_win32_handle:276 - DBG_WINWATT_CONNECT_WIN32_CANDIDATES locator=backend=win32 ranked_candidates=[] 
2026-08-26 14:56:41.591 | WARNING  | winwatt_automation.runtime_mapping.program_mapper:_safe_capture_snapshot:191 - snapshot_capture_failed state_id=startup_after_relaunch error=No WinWatt-like windows were found
2026-08-26 14:56:42.099 | INFO     | winwatt_automation.live_ui.app_connector:get_cached_main_window:597 - DBG_WINWATT_CACHE_GET reason_code=cache_missing_resolving_fresh diagnostic_fast_mode=False
2026-08-26 14:56:42.177 | DEBUG    | winwatt_automation.live_ui.app_connector:list_candidate_windows:180 - Discovered 0 WinWatt-like windows on backend=win32
2026-08-26 14:56:42.177 | INFO     | winwatt_automation.live_ui.app_connector:_connect_with_win32_handle:276 - DBG_WINWATT_CONNECT_WIN32_CANDIDATES locator=backend=win32 ranked_candidates=[] 
2026-08-26 14:56:42.177 | WARNING  | winwatt_automation.runtime_mapping.program_mapper:_safe_capture_snapshot:191 - snapshot_capture_failed state_id=startup_after_relaunch error=No WinWatt-like windows were found
2026-08-26 14:56:42.684 | INFO     | winwatt_automation.live_ui.app_connector:get_cached_main_window:597 - DBG_WINWATT_CACHE_GET reason_code=cache_missing_resolving_fresh diagnostic_fast_mode=False
2026-08-26 14:56:42.758 | DEBUG    | winwatt_automation.live_ui.app_connector:list_candidate_windows:180 - Discovered 0 WinWatt-like windows on backend=win32
2026-08-26 14:56:42.758 | INFO     | winwatt_automation.live_ui.app_connector:_connect_with_win32_handle:276 - DBG_WINWATT_CONNECT_WIN32_CANDIDATES locator=backend=win32 ranked_candidates=[] 
2026-08-26 14:56:42.758 | WARNING  | winwatt_automation.runtime_mapping.program_mapper:_safe_capture_snapshot:191 - snapshot_capture_failed state_id=startup_after_relaunch error=No WinWatt-like windows were found
2026-08-26 14:56:43.273 | INFO     | winwatt_automation.live_ui.app_connector:get_cached_main_window:597 - DBG_WINWATT_CACHE_GET reason_code=cache_missing_resolving_fresh diagnostic_fast_mode=False
2026-08-26 14:56:43.328 | DEBUG    | winwatt_automation.live_ui.app_connector:list_candidate_windows:180 - Discovered 0 WinWatt-like windows on backend=win32
2026-08-26 14:56:43.342 | INFO     | winwatt_automation.live_ui.app_connector:_connect_with_win32_handle:276 - DBG_WINWATT_CONNECT_WIN32_CANDIDATES locator=backend=win32 ranked_candidates=[] 
2026-08-26 14:56:43.342 | WARNING  | winwatt_automation.runtime_mapping.program_mapper:_safe_capture_snapshot:191 - snapshot_capture_failed state_id=startup_after_relaunch error=No WinWatt-like windows were found
2026-08-26 14:56:43.847 | INFO     | winwatt_automation.live_ui.app_connector:get_cached_main_window:597 - DBG_WINWATT_CACHE_GET reason_code=cache_missing_resolving_fresh diagnostic_fast_mode=False
2026-08-26 14:56:43.909 | DEBUG    | winwatt_automation.live_ui.app_connector:list_candidate_windows:180 - Discovered 0 WinWatt-like windows on backend=win32
2026-08-26 14:56:43.925 | INFO     | winwatt_automation.live_ui.app_connector:_connect_with_win32_handle:276 - DBG_WINWATT_CONNECT_WIN32_CANDIDATES locator=backend=win32 ranked_candidates=[] 
2026-08-26 14:56:43.925 | WARNING  | winwatt_automation.runtime_mapping.program_mapper:_safe_capture_snapshot:191 - snapshot_capture_failed state_id=startup_after_relaunch error=No WinWatt-like windows were found
2026-08-26 14:56:44.430 | INFO     | winwatt_automation.live_ui.app_connector:get_cached_main_window:597 - DBG_WINWATT_CACHE_GET reason_code=cache_missing_resolving_fresh diagnostic_fast_mode=False
2026-08-26 14:56:44.476 | DEBUG    | winwatt_automation.live_ui.app_connector:list_candidate_windows:180 - Discovered 0 WinWatt-like windows on backend=win32
2026-08-26 14:56:44.492 | INFO     | winwatt_automation.live_ui.app_connector:_connect_with_win32_handle:276 - DBG_WINWATT_CONNECT_WIN32_CANDIDATES locator=backend=win32 ranked_candidates=[] 
2026-08-26 14:56:44.492 | WARNING  | winwatt_automation.runtime_mapping.program_mapper:_safe_capture_snapshot:191 - snapshot_capture_failed state_id=startup_after_relaunch error=No WinWatt-like windows were found
2026-08-26 14:56:44.996 | INFO     | winwatt_automation.live_ui.app_connector:get_cached_main_window:597 - DBG_WINWATT_CACHE_GET reason_code=cache_missing_resolving_fresh diagnostic_fast_mode=False
2026-08-26 14:56:45.089 | DEBUG    | winwatt_automation.live_ui.app_connector:list_candidate_windows:180 - Discovered 0 WinWatt-like windows on backend=win32
2026-08-26 14:56:45.094 | INFO     | winwatt_automation.live_ui.app_connector:_connect_with_win32_handle:276 - DBG_WINWATT_CONNECT_WIN32_CANDIDATES locator=backend=win32 ranked_candidates=[] 
2026-08-26 14:56:45.094 | WARNING  | winwatt_automation.runtime_mapping.program_mapper:_safe_capture_snapshot:191 - snapshot_capture_failed state_id=startup_after_relaunch error=No WinWatt-like windows were found
2026-08-26 14:56:45.596 | INFO     | winwatt_automation.live_ui.app_connector:get_cached_main_window:597 - DBG_WINWATT_CACHE_GET reason_code=cache_missing_resolving_fresh diagnostic_fast_mode=False
2026-08-26 14:56:45.670 | DEBUG    | winwatt_automation.live_ui.app_connector:list_candidate_windows:180 - Discovered 0 WinWatt-like windows on backend=win32
2026-08-26 14:56:45.673 | INFO     | winwatt_automation.live_ui.app_connector:_connect_with_win32_handle:276 - DBG_WINWATT_CONNECT_WIN32_CANDIDATES locator=backend=win32 ranked_candidates=[] 
2026-08-26 14:56:45.673 | WARNING  | winwatt_automation.runtime_mapping.program_mapper:_safe_capture_snapshot:191 - snapshot_capture_failed state_id=startup_after_relaunch error=No WinWatt-like windows were found
2026-08-26 14:56:46.176 | INFO     | winwatt_automation.live_ui.app_connector:get_cached_main_window:597 - DBG_WINWATT_CACHE_GET reason_code=cache_missing_resolving_fresh diagnostic_fast_mode=False
2026-08-26 14:56:46.241 | DEBUG    | winwatt_automation.live_ui.app_connector:list_candidate_windows:180 - Discovered 0 WinWatt-like windows on backend=win32
2026-08-26 14:56:46.242 | INFO     | winwatt_automation.live_ui.app_connector:_connect_with_win32_handle:276 - DBG_WINWATT_CONNECT_WIN32_CANDIDATES locator=backend=win32 ranked_candidates=[] 
2026-08-26 14:56:46.242 | WARNING  | winwatt_automation.runtime_mapping.program_mapper:_safe_capture_snapshot:191 - snapshot_capture_failed state_id=startup_after_relaunch error=No WinWatt-like windows were found
2026-08-26 14:56:46.744 | INFO     | winwatt_automation.live_ui.app_connector:get_cached_main_window:597 - DBG_WINWATT_CACHE_GET reason_code=cache_missing_resolving_fresh diagnostic_fast_mode=False
2026-08-26 14:56:46.960 | DEBUG    | winwatt_automation.live_ui.app_connector:list_candidate_windows:180 - Discovered 1 WinWatt-like windows on backend=win32
2026-08-26 14:56:46.961 | DEBUG    | winwatt_automation.live_ui.app_connector:list_candidate_windows:182 - Candidate[win32]: {'title': 'WinWatt gólya - C:\\Users\\Admin\\Documents\\GitHub\\autowinwatt\\winwatt_automation\\data\\runtime_maps\\full_authorized_sandbox\\20260826T123933Z\\testwwp.wwp', 'window_text': 'WinWatt gólya - C:\\Users\\Admin\\Documents\\GitHub\\autowinwatt\\winwatt_automation\\data\\runtime_maps\\full_authorized_sandbox\\20260826T123933Z\\testwwp.wwp', 'class_name': 'TMainForm', 'control_type': None, 'process_id': 23704, 'handle': None, 'is_visible': True, 'is_enabled': True, 'rectangle': {'left': -10, 'top': -10, 'right': 1930, 'bottom': 1030, 'width': 1940, 'height': 1040}, 'size': {'width': 1940, 'height': 1040}}
2026-08-26 14:56:46.961 | INFO     | winwatt_automation.live_ui.app_connector:_connect_with_win32_handle:276 - DBG_WINWATT_CONNECT_WIN32_CANDIDATES locator=backend=win32 ranked_candidates=[{'rank': 1, 'score': (1, 1, 1, 1, 2017600), 'process_id': 23704, 'handle': None, 'class_name': 'TMainForm', 'title': 'WinWatt gólya - C:\\Users\\Admin\\Documents\\GitHub\\autowinwatt\\winwatt_automation\\data\\runtime_maps\\full_authorized_sandbox\\20260826T123933Z\\testwwp.wwp', 'visible': True, 'enabled': True}] 
2026-08-26 14:56:46.961 | INFO     | winwatt_automation.live_ui.app_connector:select_main_window:224 - Candidate ranking score=(1, 1, 1, 1, 2017600) data={'title': 'WinWatt gólya - C:\\Users\\Admin\\Documents\\GitHub\\autowinwatt\\winwatt_automation\\data\\runtime_maps\\full_authorized_sandbox\\20260826T123933Z\\testwwp.wwp', 'window_text': 'WinWatt gólya - C:\\Users\\Admin\\Documents\\GitHub\\autowinwatt\\winwatt_automation\\data\\runtime_maps\\full_authorized_sandbox\\20260826T123933Z\\testwwp.wwp', 'class_name': 'TMainForm', 'control_type': None, 'process_id': 23704, 'handle': None, 'is_visible': True, 'is_enabled': True, 'rectangle': {'left': -10, 'top': -10, 'right': 1930, 'bottom': 1030, 'width': 1940, 'height': 1040}, 'size': {'width': 1940, 'height': 1040}}
2026-08-26 14:56:46.961 | INFO     | winwatt_automation.live_ui.app_connector:select_main_window:234 - Selected main window process_id=23704 handle=None score=(1, 1, 1, 1, 2017600) reasons=['has_process_id=True', 'has_handle=False', 'visible=True', 'enabled=True', 'title_has_winwatt=True', 'area=2017600']
2026-08-26 14:56:46.961 | INFO     | winwatt_automation.live_ui.app_connector:_connect_with_win32_handle:293 - DBG_WINWATT_CONNECT_WIN32_SELECTED selected_payload={'title': 'WinWatt gólya - C:\\Users\\Admin\\Documents\\GitHub\\autowinwatt\\winwatt_automation\\data\\runtime_maps\\full_authorized_sandbox\\20260826T123933Z\\testwwp.wwp', 'window_text': 'WinWatt gólya - C:\\Users\\Admin\\Documents\\GitHub\\autowinwatt\\winwatt_automation\\data\\runtime_maps\\full_authorized_sandbox\\20260826T123933Z\\testwwp.wwp', 'class_name': 'TMainForm', 'control_type': None, 'process_id': 23704, 'handle': None, 'is_visible': True, 'is_enabled': True, 'rectangle': {'left': -10, 'top': -10, 'right': 1930, 'bottom': 1030, 'width': 1940, 'height': 1040}, 'size': {'width': 1940, 'height': 1040}} selected_handle_is_none=True
2026-08-26 14:56:46.961 | INFO     | winwatt_automation.live_ui.app_connector:_connect_with_win32_handle:336 - Connected to WinWatt backend=win32 attach_mode=process candidate={'process_id': 23704, 'handle': None, 'class_name': 'TMainForm', 'title': 'WinWatt gólya - C:\\Users\\Admin\\Documents\\GitHub\\autowinwatt\\winwatt_automation\\data\\runtime_maps\\full_authorized_sandbox\\20260826T123933Z\\testwwp.wwp'}
2026-08-26 14:56:46.961 | INFO     | winwatt_automation.live_ui.app_connector:_connect_with_win32_handle:350 - DBG_WINWATT_CONNECT_WIN32_RESOLVED process_id=23704 resolved_handle=None selected_payload={'title': 'WinWatt gólya - C:\\Users\\Admin\\Documents\\GitHub\\autowinwatt\\winwatt_automation\\data\\runtime_maps\\full_authorized_sandbox\\20260826T123933Z\\testwwp.wwp', 'window_text': 'WinWatt gólya - C:\\Users\\Admin\\Documents\\GitHub\\autowinwatt\\winwatt_automation\\data\\runtime_maps\\full_authorized_sandbox\\20260826T123933Z\\testwwp.wwp', 'class_name': 'TMainForm', 'control_type': None, 'process_id': 23704, 'handle': None, 'is_visible': True, 'is_enabled': True, 'rectangle': {'left': -10, 'top': -10, 'right': 1930, 'bottom': 1030, 'width': 1940, 'height': 1040}, 'size': {'width': 1940, 'height': 1040}}
2026-08-26 14:56:46.961 | INFO     | winwatt_automation.live_ui.app_connector:_resolve_uia_main_window:382 - DBG_WINWATT_RESOLVE_UIA_WIN32_SELECTED selected_payload={'title': 'WinWatt gólya - C:\\Users\\Admin\\Documents\\GitHub\\autowinwatt\\winwatt_automation\\data\\runtime_maps\\full_authorized_sandbox\\20260826T123933Z\\testwwp.wwp', 'window_text': 'WinWatt gólya - C:\\Users\\Admin\\Documents\\GitHub\\autowinwatt\\winwatt_automation\\data\\runtime_maps\\full_authorized_sandbox\\20260826T123933Z\\testwwp.wwp', 'class_name': 'TMainForm', 'control_type': None, 'process_id': 23704, 'handle': None, 'is_visible': True, 'is_enabled': True, 'rectangle': {'left': -10, 'top': -10, 'right': 1930, 'bottom': 1030, 'width': 1940, 'height': 1040}, 'size': {'width': 1940, 'height': 1040}}
2026-08-26 14:56:46.961 | INFO     | winwatt_automation.live_ui.app_connector:_resolve_uia_main_window:388 - Connected to WinWatt backend=uia process_id=23704
2026-08-26 14:56:46.961 | INFO     | winwatt_automation.live_ui.app_connector:_resolve_uia_main_window:390 - Resolving main WinWatt window backend=uia class_name=TMainForm title_re=.*WinWatt.*
2026-08-26 14:56:47.326 | INFO     | winwatt_automation.live_ui.app_connector:_resolve_uia_main_window:400 - DBG_WINWATT_RESOLVE_UIA_PRIMARY selected_payload={'title': 'WinWatt gólya - C:\\Users\\Admin\\Documents\\GitHub\\autowinwatt\\winwatt_automation\\data\\runtime_maps\\full_authorized_sandbox\\20260826T123933Z\\testwwp.wwp', 'window_text': 'WinWatt gólya - C:\\Users\\Admin\\Documents\\GitHub\\autowinwatt\\winwatt_automation\\data\\runtime_maps\\full_authorized_sandbox\\20260826T123933Z\\testwwp.wwp', 'class_name': 'TMainForm', 'control_type': None, 'process_id': 23704, 'handle': None, 'is_visible': True, 'is_enabled': True, 'rectangle': {'left': -10, 'top': -10, 'right': 1930, 'bottom': 1030, 'width': 1940, 'height': 1040}, 'size': {'width': 1940, 'height': 1040}} primary_result={'wrapper_type': 'UIAWrapper', 'handle': 1967302, 'process_id': 23704, 'title': 'WinWatt gólya - C:\\Users\\Admin\\Documents\\GitHub\\autowinwatt\\winwatt_automation\\data\\runtime_maps\\full_authorized_sandbox\\20260826T123933Z\\testwwp.wwp', 'class_name': 'TMainForm', 'control_type': 'Window'} identity_match_with_win32=None
2026-08-26 14:56:47.326 | DEBUG    | winwatt_automation.live_ui.app_connector:get_cached_main_window:606 - DBG_PHASE_TIMING phase=get_cached_main_window elapsed_ms=594.000 reason_code=fresh_resolve
2026-08-26 14:56:47.477 | DEBUG    | winwatt_automation.live_ui.app_connector:get_cached_main_window:565 - DBG_WINWATT_CACHE_GET reason_code=cache_reused_without_validation payload={'wrapper_type': 'UIAWrapper', 'handle': 1967302, 'process_id': 23704, 'title': 'WinWatt gólya - C:\\Users\\Admin\\Documents\\GitHub\\autowinwatt\\winwatt_automation\\data\\runtime_maps\\full_authorized_sandbox\\20260826T123933Z\\testwwp.wwp', 'class_name': 'TMainForm', 'control_type': 'Window'} last_validation_age_s=0.14000000001396984 diagnostic_fast_mode=False
2026-08-26 14:56:47.477 | DEBUG    | winwatt_automation.live_ui.app_connector:get_cached_main_window:566 - DBG_PHASE_TIMING phase=get_cached_main_window elapsed_ms=0.000 reason_code=cache_reused_without_validation
2026-08-26 14:56:47.477 | DEBUG    | winwatt_automation.live_ui.app_connector:get_cached_main_window:565 - DBG_WINWATT_CACHE_GET reason_code=cache_reused_without_validation payload={'wrapper_type': 'UIAWrapper', 'handle': 1967302, 'process_id': 23704, 'title': 'WinWatt gólya - C:\\Users\\Admin\\Documents\\GitHub\\autowinwatt\\winwatt_automation\\data\\runtime_maps\\full_authorized_sandbox\\20260826T123933Z\\testwwp.wwp', 'class_name': 'TMainForm', 'control_type': 'Window'} last_validation_age_s=0.14000000001396984 diagnostic_fast_mode=False
2026-08-26 14:56:47.493 | DEBUG    | winwatt_automation.live_ui.app_connector:get_cached_main_window:566 - DBG_PHASE_TIMING phase=get_cached_main_window elapsed_ms=16.000 reason_code=cache_reused_without_validation
2026-08-26 14:56:47.976 | INFO     | winwatt_automation.live_ui.menu_helpers:_menu_items:1101 - DBG_MENU_ITEMS_SUMMARY total_items=7 visible_items=7 topbar_band=(0, 0, 392, 53) topbar_band_visible_count=7 popup_region_visible_count=0 force_refresh=True handle=1967302
2026-08-26 14:56:47.993 | DEBUG    | winwatt_automation.live_ui.menu_helpers:_menu_items:1111 - Discovered 7 MenuItem controls
2026-08-26 14:56:47.993 | DEBUG    | winwatt_automation.live_ui.menu_helpers:_log_phase_timing:83 - DBG_PHASE_TIMING phase=_menu_items elapsed_ms=516.000 force_refresh=True total_items=7 visible_items=7
2026-08-26 14:56:48.059 | INFO     | winwatt_automation.live_ui.menu_helpers:list_top_menu_items:1141 - Top-level menu items (raw): ['Rendszer', 'Fájl', 'Jegyzékek', 'Eszközök', 'Beállítások', 'Ablak', 'Súgó']
2026-08-26 14:56:48.061 | DEBUG    | winwatt_automation.live_ui.menu_helpers:_log_phase_timing:83 - DBG_PHASE_TIMING phase=list_top_menu_items elapsed_ms=594.000 count=7
2026-08-26 14:56:48.061 | INFO     | winwatt_automation.live_ui.app_connector:prepare_main_window_for_menu_interaction:1008 - Preparing WinWatt window for menu interaction
2026-08-26 14:56:48.061 | DEBUG    | winwatt_automation.live_ui.app_connector:get_cached_main_window:565 - DBG_WINWATT_CACHE_GET reason_code=cache_reused_without_validation payload={'wrapper_type': 'UIAWrapper', 'handle': 1967302, 'process_id': 23704, 'title': 'WinWatt gólya - C:\\Users\\Admin\\Documents\\GitHub\\autowinwatt\\winwatt_automation\\data\\runtime_maps\\full_authorized_sandbox\\20260826T123933Z\\testwwp.wwp', 'class_name': 'TMainForm', 'control_type': 'Window'} last_validation_age_s=0.7340000000258442 diagnostic_fast_mode=False
2026-08-26 14:56:48.061 | DEBUG    | winwatt_automation.live_ui.app_connector:get_cached_main_window:566 - DBG_PHASE_TIMING phase=get_cached_main_window elapsed_ms=0.000 reason_code=cache_reused_without_validation
2026-08-26 14:56:48.061 | INFO     | winwatt_automation.live_ui.app_connector:prepare_main_window_for_menu_interaction:1028 - Window state before: maximized
2026-08-26 14:56:48.061 | INFO     | winwatt_automation.live_ui.app_connector:prepare_main_window_for_menu_interaction:1049 - Window maximized
2026-08-26 14:56:48.061 | INFO     | winwatt_automation.live_ui.app_connector:prepare_main_window_for_menu_interaction:1058 - Focus confirmed
2026-08-26 14:56:48.074 | DEBUG    | winwatt_automation.live_ui.app_connector:get_cached_main_window:565 - DBG_WINWATT_CACHE_GET reason_code=cache_reused_without_validation payload={'wrapper_type': 'UIAWrapper', 'handle': 1967302, 'process_id': 23704, 'title': 'WinWatt gólya - C:\\Users\\Admin\\Documents\\GitHub\\autowinwatt\\winwatt_automation\\data\\runtime_maps\\full_authorized_sandbox\\20260826T123933Z\\testwwp.wwp', 'class_name': 'TMainForm', 'control_type': 'Window'} last_validation_age_s=0.7340000000258442 diagnostic_fast_mode=False
2026-08-26 14:56:48.075 | DEBUG    | winwatt_automation.live_ui.app_connector:get_cached_main_window:566 - DBG_PHASE_TIMING phase=get_cached_main_window elapsed_ms=16.000 reason_code=cache_reused_without_validation
2026-08-26 14:56:48.075 | INFO     | winwatt_automation.live_ui.app_connector:ensure_main_window_foreground_before_click:1217 - DBG_WINWATT_FOCUS_GUARD_PRECHECK action_label=open_top_menu:jegyzékek wrapper_type=UIAWrapper cached_handle=1967302 cached_pid=23704 cached_title=WinWatt gólya - C:\Users\Admin\Documents\GitHub\autowinwatt\winwatt_automation\data\runtime_maps\full_authorized_sandbox\20260826T123933Z\testwwp.wwp cached_class=TMainForm precheck_exists=False precheck_visible=True precheck_enabled=True rect={'left': -10, 'top': -10, 'right': 1930, 'bottom': 1030, 'width': 1940, 'height': 1040}
2026-08-26 14:56:48.075 | WARNING  | winwatt_automation.live_ui.app_connector:ensure_main_window_foreground_before_click:1306 - DBG_WINWATT_FOCUS_GUARD_OPEN_TOP_MENU_OVERRIDE action_label=open_top_menu:jegyzékek reason=exists_false_but_identity_strong wrapper_type=UIAWrapper identity_reasons=['handle', 'process_id', 'title', 'class_name', 'rect', 'visible', 'enabled'] cached_identity={'wrapper_type': 'UIAWrapper', 'handle': 1967302, 'process_id': 23704, 'title': 'WinWatt gólya - C:\\Users\\Admin\\Documents\\GitHub\\autowinwatt\\winwatt_automation\\data\\runtime_maps\\full_authorized_sandbox\\20260826T123933Z\\testwwp.wwp', 'class_name': 'TMainForm', 'control_type': 'Window'} rect={'left': -10, 'top': -10, 'right': 1930, 'bottom': 1030, 'width': 1940, 'height': 1040}
2026-08-26 14:56:48.075 | INFO     | winwatt_automation.live_ui.app_connector:is_winwatt_foreground_context:1161 - DBG_WINWATT_FOREGROUND_CONTEXT expected_handle=1967302 expected_process_id=23704 expected_title=WinWatt gólya - C:\Users\Admin\Documents\GitHub\autowinwatt\winwatt_automation\data\runtime_maps\full_authorized_sandbox\20260826T123933Z\testwwp.wwp expected_class_name=TMainForm actual_foreground_handle=1967302 actual_foreground_process_id=23704 actual_foreground_title=WinWatt gólya - C:\Users\Admin\Documents\GitHub\autowinwatt\winwatt_automation\data\runtime_maps\full_authorized_sandbox\20260826T123933Z\testwwp.wwp actual_foreground_class_name=TMainForm allow_dialog=False result_reason=handle_match
2026-08-26 14:56:48.075 | INFO     | winwatt_automation.live_ui.app_connector:ensure_main_window_foreground_before_click:1378 - DBG_WINWATT_FOCUS_GUARD_RESULT action_label=open_top_menu:jegyzékek status=focus_ok reason=handle_match foreground={'handle': 1967302, 'title': 'WinWatt gólya - C:\\Users\\Admin\\Documents\\GitHub\\autowinwatt\\winwatt_automation\\data\\runtime_maps\\full_authorized_sandbox\\20260826T123933Z\\testwwp.wwp', 'class_name': 'TMainForm', 'process_id': 23704} same_context_as_cached_main=True win32_uia_identity_match=True
2026-08-26 14:56:48.075 | DEBUG    | winwatt_automation.live_ui.app_connector:get_cached_main_window:565 - DBG_WINWATT_CACHE_GET reason_code=cache_reused_without_validation payload={'wrapper_type': 'UIAWrapper', 'handle': 1967302, 'process_id': 23704, 'title': 'WinWatt gólya - C:\\Users\\Admin\\Documents\\GitHub\\autowinwatt\\winwatt_automation\\data\\runtime_maps\\full_authorized_sandbox\\20260826T123933Z\\testwwp.wwp', 'class_name': 'TMainForm', 'control_type': 'Window'} last_validation_age_s=0.75 diagnostic_fast_mode=False
2026-08-26 14:56:48.075 | DEBUG    | winwatt_automation.live_ui.app_connector:get_cached_main_window:566 - DBG_PHASE_TIMING phase=get_cached_main_window elapsed_ms=0.000 reason_code=cache_reused_without_validation
2026-08-26 14:56:48.075 | DEBUG    | winwatt_automation.live_ui.app_connector:get_cached_main_window:565 - DBG_WINWATT_CACHE_GET reason_code=cache_reused_without_validation payload={'wrapper_type': 'UIAWrapper', 'handle': 1967302, 'process_id': 23704, 'title': 'WinWatt gólya - C:\\Users\\Admin\\Documents\\GitHub\\autowinwatt\\winwatt_automation\\data\\runtime_maps\\full_authorized_sandbox\\20260826T123933Z\\testwwp.wwp', 'class_name': 'TMainForm', 'control_type': 'Window'} last_validation_age_s=0.75 diagnostic_fast_mode=False
2026-08-26 14:56:48.075 | DEBUG    | winwatt_automation.live_ui.app_connector:get_cached_main_window:566 - DBG_PHASE_TIMING phase=get_cached_main_window elapsed_ms=0.000 reason_code=cache_reused_without_validation
2026-08-26 14:56:48.160 | INFO     | winwatt_automation.live_ui.menu_helpers:_menu_items:1101 - DBG_MENU_ITEMS_SUMMARY total_items=7 visible_items=7 topbar_band=(0, 0, 392, 53) topbar_band_visible_count=7 popup_region_visible_count=0 force_refresh=False handle=1967302
2026-08-26 14:56:48.160 | DEBUG    | winwatt_automation.live_ui.menu_helpers:_menu_items:1111 - Discovered 7 MenuItem controls
2026-08-26 14:56:48.160 | DEBUG    | winwatt_automation.live_ui.menu_helpers:_log_phase_timing:83 - DBG_PHASE_TIMING phase=_menu_items elapsed_ms=78.000 force_refresh=False total_items=7 visible_items=7
2026-08-26 14:56:48.242 | DEBUG    | winwatt_automation.live_ui.app_connector:get_cached_main_window:565 - DBG_WINWATT_CACHE_GET reason_code=cache_reused_without_validation payload={'wrapper_type': 'UIAWrapper', 'handle': 1967302, 'process_id': 23704, 'title': 'WinWatt gólya - C:\\Users\\Admin\\Documents\\GitHub\\autowinwatt\\winwatt_automation\\data\\runtime_maps\\full_authorized_sandbox\\20260826T123933Z\\testwwp.wwp', 'class_name': 'TMainForm', 'control_type': 'Window'} last_validation_age_s=0.9060000000172295 diagnostic_fast_mode=False
2026-08-26 14:56:48.242 | DEBUG    | winwatt_automation.live_ui.app_connector:get_cached_main_window:566 - DBG_PHASE_TIMING phase=get_cached_main_window elapsed_ms=0.000 reason_code=cache_reused_without_validation
2026-08-26 14:56:48.253 | DEBUG    | winwatt_automation.live_ui.app_connector:get_cached_main_window:565 - DBG_WINWATT_CACHE_GET reason_code=cache_reused_without_validation payload={'wrapper_type': 'UIAWrapper', 'handle': 1967302, 'process_id': 23704, 'title': 'WinWatt gólya - C:\\Users\\Admin\\Documents\\GitHub\\autowinwatt\\winwatt_automation\\data\\runtime_maps\\full_authorized_sandbox\\20260826T123933Z\\testwwp.wwp', 'class_name': 'TMainForm', 'control_type': 'Window'} last_validation_age_s=0.9220000000204891 diagnostic_fast_mode=False
2026-08-26 14:56:48.258 | DEBUG    | winwatt_automation.live_ui.app_connector:get_cached_main_window:566 - DBG_PHASE_TIMING phase=get_cached_main_window elapsed_ms=0.000 reason_code=cache_reused_without_validation
2026-08-26 14:56:48.261 | DEBUG    | winwatt_automation.live_ui.app_connector:get_cached_main_window:565 - DBG_WINWATT_CACHE_GET reason_code=cache_reused_without_validation payload={'wrapper_type': 'UIAWrapper', 'handle': 1967302, 'process_id': 23704, 'title': 'WinWatt gólya - C:\\Users\\Admin\\Documents\\GitHub\\autowinwatt\\winwatt_automation\\data\\runtime_maps\\full_authorized_sandbox\\20260826T123933Z\\testwwp.wwp', 'class_name': 'TMainForm', 'control_type': 'Window'} last_validation_age_s=0.9220000000204891 diagnostic_fast_mode=False
2026-08-26 14:56:48.261 | DEBUG    | winwatt_automation.live_ui.app_connector:get_cached_main_window:566 - DBG_PHASE_TIMING phase=get_cached_main_window elapsed_ms=0.000 reason_code=cache_reused_without_validation
2026-08-26 14:56:48.261 | INFO     | winwatt_automation.live_ui.menu_helpers:_menu_items:1101 - DBG_MENU_ITEMS_SUMMARY total_items=7 visible_items=7 topbar_band=(0, 0, 392, 53) topbar_band_visible_count=7 popup_region_visible_count=0 force_refresh=False handle=1967302
2026-08-26 14:56:48.261 | DEBUG    | winwatt_automation.live_ui.menu_helpers:_menu_items:1111 - Discovered 7 MenuItem controls
2026-08-26 14:56:48.261 | DEBUG    | winwatt_automation.live_ui.menu_helpers:_log_phase_timing:83 - DBG_PHASE_TIMING phase=_menu_items elapsed_ms=0.000 force_refresh=False total_items=7 visible_items=7
2026-08-26 14:56:48.261 | DEBUG    | winwatt_automation.live_ui.menu_helpers:_log_popup_fragment:499 - DBG_MENU_FRAGMENT_MAIN_WINDOW source_scope=main_window control_type=MenuItem class_name= text='Rendszer' rectangle={'left': 0, 'top': 0, 'right': 28, 'bottom': 28} center=(14, 14) process_id=23704 native_handle=None topbar_candidate=True popup_candidate=False
2026-08-26 14:56:48.261 | DEBUG    | winwatt_automation.live_ui.menu_helpers:_log_popup_fragment:499 - DBG_MENU_FRAGMENT_MAIN_WINDOW source_scope=main_window control_type=MenuItem class_name= text='Fájl' rectangle={'left': 0, 'top': 29, 'right': 40, 'bottom': 53} center=(20, 41) process_id=23704 native_handle=None topbar_candidate=True popup_candidate=False
2026-08-26 14:56:48.261 | DEBUG    | winwatt_automation.live_ui.menu_helpers:_log_popup_fragment:499 - DBG_MENU_FRAGMENT_MAIN_WINDOW source_scope=main_window control_type=MenuItem class_name= text='Jegyzékek' rectangle={'left': 40, 'top': 29, 'right': 123, 'bottom': 53} center=(81, 41) process_id=23704 native_handle=None topbar_candidate=True popup_candidate=False
2026-08-26 14:56:48.261 | DEBUG    | winwatt_automation.live_ui.menu_helpers:_log_popup_fragment:499 - DBG_MENU_FRAGMENT_MAIN_WINDOW source_scope=main_window control_type=MenuItem class_name= text='Eszközök' rectangle={'left': 123, 'top': 29, 'right': 199, 'bottom': 53} center=(161, 41) process_id=23704 native_handle=None topbar_candidate=True popup_candidate=False
2026-08-26 14:56:48.261 | DEBUG    | winwatt_automation.live_ui.menu_helpers:_log_popup_fragment:499 - DBG_MENU_FRAGMENT_MAIN_WINDOW source_scope=main_window control_type=MenuItem class_name= text='Beállítások' rectangle={'left': 199, 'top': 29, 'right': 287, 'bottom': 53} center=(243, 41) process_id=23704 native_handle=None topbar_candidate=True popup_candidate=False
2026-08-26 14:56:48.261 | DEBUG    | winwatt_automation.live_ui.menu_helpers:_log_popup_fragment:499 - DBG_MENU_FRAGMENT_MAIN_WINDOW source_scope=main_window control_type=MenuItem class_name= text='Ablak' rectangle={'left': 286, 'top': 29, 'right': 341, 'bottom': 53} center=(313, 41) process_id=23704 native_handle=None topbar_candidate=True popup_candidate=False
2026-08-26 14:56:48.261 | DEBUG    | winwatt_automation.live_ui.menu_helpers:_log_popup_fragment:499 - DBG_MENU_FRAGMENT_MAIN_WINDOW source_scope=main_window control_type=MenuItem class_name= text='Súgó' rectangle={'left': 341, 'top': 29, 'right': 392, 'bottom': 53} center=(366, 41) process_id=23704 native_handle=None topbar_candidate=True popup_candidate=False
2026-08-26 14:56:48.261 | DEBUG    | winwatt_automation.live_ui.menu_helpers:_menu_like_controls_from_main_window:1599 - DBG_MENU_FRAGMENT_SOURCE_SUMMARY source_scope=main_window count=7
2026-08-26 14:56:48.277 | DEBUG    | winwatt_automation.live_ui.app_connector:get_cached_main_window:565 - DBG_WINWATT_CACHE_GET reason_code=cache_reused_without_validation payload={'wrapper_type': 'UIAWrapper', 'handle': 1967302, 'process_id': 23704, 'title': 'WinWatt gólya - C:\\Users\\Admin\\Documents\\GitHub\\autowinwatt\\winwatt_automation\\data\\runtime_maps\\full_authorized_sandbox\\20260826T123933Z\\testwwp.wwp', 'class_name': 'TMainForm', 'control_type': 'Window'} last_validation_age_s=0.9220000000204891 diagnostic_fast_mode=False
2026-08-26 14:56:48.277 | DEBUG    | winwatt_automation.live_ui.app_connector:get_cached_main_window:566 - DBG_PHASE_TIMING phase=get_cached_main_window elapsed_ms=15.000 reason_code=cache_reused_without_validation
2026-08-26 14:56:48.277 | DEBUG    | winwatt_automation.live_ui.app_connector:get_cached_main_window:565 - DBG_WINWATT_CACHE_GET reason_code=cache_reused_without_validation payload={'wrapper_type': 'UIAWrapper', 'handle': 1967302, 'process_id': 23704, 'title': 'WinWatt gólya - C:\\Users\\Admin\\Documents\\GitHub\\autowinwatt\\winwatt_automation\\data\\runtime_maps\\full_authorized_sandbox\\20260826T123933Z\\testwwp.wwp', 'class_name': 'TMainForm', 'control_type': 'Window'} last_validation_age_s=0.9370000000053551 diagnostic_fast_mode=False
2026-08-26 14:56:48.277 | DEBUG    | winwatt_automation.live_ui.app_connector:get_cached_main_window:566 - DBG_PHASE_TIMING phase=get_cached_main_window elapsed_ms=0.000 reason_code=cache_reused_without_validation
2026-08-26 14:56:48.459 | DEBUG    | winwatt_automation.live_ui.menu_helpers:_log_popup_fragment:499 - DBG_MENU_FRAGMENT_GLOBAL_SCAN source_scope=global_process_scan control_type=MenuItem class_name= text='Rendszer' rectangle={'left': 0, 'top': 0, 'right': 28, 'bottom': 28} center=(14, 14) process_id=23704 native_handle=None topbar_candidate=True popup_candidate=False
2026-08-26 14:56:48.459 | DEBUG    | winwatt_automation.live_ui.menu_helpers:_log_popup_fragment:499 - DBG_MENU_FRAGMENT_GLOBAL_SCAN source_scope=global_process_scan control_type=MenuItem class_name= text='Fájl' rectangle={'left': 0, 'top': 29, 'right': 40, 'bottom': 53} center=(20, 41) process_id=23704 native_handle=None topbar_candidate=True popup_candidate=False
2026-08-26 14:56:48.459 | DEBUG    | winwatt_automation.live_ui.menu_helpers:_log_popup_fragment:499 - DBG_MENU_FRAGMENT_GLOBAL_SCAN source_scope=global_process_scan control_type=MenuItem class_name= text='Jegyzékek' rectangle={'left': 40, 'top': 29, 'right': 123, 'bottom': 53} center=(81, 41) process_id=23704 native_handle=None topbar_candidate=True popup_candidate=False
2026-08-26 14:56:48.459 | DEBUG    | winwatt_automation.live_ui.menu_helpers:_log_popup_fragment:499 - DBG_MENU_FRAGMENT_GLOBAL_SCAN source_scope=global_process_scan control_type=MenuItem class_name= text='Eszközök' rectangle={'left': 123, 'top': 29, 'right': 199, 'bottom': 53} center=(161, 41) process_id=23704 native_handle=None topbar_candidate=True popup_candidate=False
2026-08-26 14:56:48.459 | DEBUG    | winwatt_automation.live_ui.menu_helpers:_log_popup_fragment:499 - DBG_MENU_FRAGMENT_GLOBAL_SCAN source_scope=global_process_scan control_type=MenuItem class_name= text='Beállítások' rectangle={'left': 199, 'top': 29, 'right': 287, 'bottom': 53} center=(243, 41) process_id=23704 native_handle=None topbar_candidate=True popup_candidate=False
2026-08-26 14:56:48.459 | DEBUG    | winwatt_automation.live_ui.menu_helpers:_log_popup_fragment:499 - DBG_MENU_FRAGMENT_GLOBAL_SCAN source_scope=global_process_scan control_type=MenuItem class_name= text='Ablak' rectangle={'left': 286, 'top': 29, 'right': 341, 'bottom': 53} center=(313, 41) process_id=23704 native_handle=None topbar_candidate=True popup_candidate=False
2026-08-26 14:56:48.459 | DEBUG    | winwatt_automation.live_ui.menu_helpers:_log_popup_fragment:499 - DBG_MENU_FRAGMENT_GLOBAL_SCAN source_scope=global_process_scan control_type=MenuItem class_name= text='Súgó' rectangle={'left': 341, 'top': 29, 'right': 392, 'bottom': 53} center=(366, 41) process_id=23704 native_handle=None topbar_candidate=True popup_candidate=False
2026-08-26 14:56:48.459 | DEBUG    | winwatt_automation.live_ui.menu_helpers:_menu_like_controls_from_global_process_scan:1631 - DBG_MENU_FRAGMENT_SOURCE_SUMMARY source_scope=global_process_scan count=7 process_id=23704
2026-08-26 14:56:48.474 | DEBUG    | winwatt_automation.live_ui.app_connector:get_cached_main_window:565 - DBG_WINWATT_CACHE_GET reason_code=cache_reused_without_validation payload={'wrapper_type': 'UIAWrapper', 'handle': 1967302, 'process_id': 23704, 'title': 'WinWatt gólya - C:\\Users\\Admin\\Documents\\GitHub\\autowinwatt\\winwatt_automation\\data\\runtime_maps\\full_authorized_sandbox\\20260826T123933Z\\testwwp.wwp', 'class_name': 'TMainForm', 'control_type': 'Window'} last_validation_age_s=1.125 diagnostic_fast_mode=False
2026-08-26 14:56:48.475 | DEBUG    | winwatt_automation.live_ui.app_connector:get_cached_main_window:566 - DBG_PHASE_TIMING phase=get_cached_main_window elapsed_ms=15.000 reason_code=cache_reused_without_validation
2026-08-26 14:56:48.475 | DEBUG    | winwatt_automation.live_ui.menu_helpers:capture_menu_popup_snapshot:1682 - DBG_POPUP_ROW_DEDUPE rect={'left': 0, 'top': 0, 'right': 28, 'bottom': 28} normalized_text=rendszer class_name= source_scope=main_window deduplicated=False
2026-08-26 14:56:48.475 | DEBUG    | winwatt_automation.live_ui.menu_helpers:capture_menu_popup_snapshot:1682 - DBG_POPUP_ROW_DEDUPE rect={'left': 0, 'top': 29, 'right': 40, 'bottom': 53} normalized_text=fájl class_name= source_scope=main_window deduplicated=False
2026-08-26 14:56:48.475 | DEBUG    | winwatt_automation.live_ui.menu_helpers:capture_menu_popup_snapshot:1682 - DBG_POPUP_ROW_DEDUPE rect={'left': 40, 'top': 29, 'right': 123, 'bottom': 53} normalized_text=jegyzékek class_name= source_scope=main_window deduplicated=False
2026-08-26 14:56:48.475 | DEBUG    | winwatt_automation.live_ui.menu_helpers:capture_menu_popup_snapshot:1682 - DBG_POPUP_ROW_DEDUPE rect={'left': 123, 'top': 29, 'right': 199, 'bottom': 53} normalized_text=eszközök class_name= source_scope=main_window deduplicated=False
2026-08-26 14:56:48.475 | DEBUG    | winwatt_automation.live_ui.menu_helpers:capture_menu_popup_snapshot:1682 - DBG_POPUP_ROW_DEDUPE rect={'left': 199, 'top': 29, 'right': 287, 'bottom': 53} normalized_text=beállítások class_name= source_scope=main_window deduplicated=False
2026-08-26 14:56:48.475 | DEBUG    | winwatt_automation.live_ui.menu_helpers:capture_menu_popup_snapshot:1682 - DBG_POPUP_ROW_DEDUPE rect={'left': 286, 'top': 29, 'right': 341, 'bottom': 53} normalized_text=ablak class_name= source_scope=main_window deduplicated=False
2026-08-26 14:56:48.475 | DEBUG    | winwatt_automation.live_ui.menu_helpers:capture_menu_popup_snapshot:1682 - DBG_POPUP_ROW_DEDUPE rect={'left': 341, 'top': 29, 'right': 392, 'bottom': 53} normalized_text=súgó class_name= source_scope=main_window deduplicated=False
2026-08-26 14:56:48.475 | DEBUG    | winwatt_automation.live_ui.menu_helpers:capture_menu_popup_snapshot:1682 - DBG_POPUP_ROW_DEDUPE rect={'left': 0, 'top': 0, 'right': 28, 'bottom': 28} normalized_text=rendszer class_name= source_scope=global_process_scan deduplicated=False
2026-08-26 14:56:48.475 | DEBUG    | winwatt_automation.live_ui.menu_helpers:capture_menu_popup_snapshot:1682 - DBG_POPUP_ROW_DEDUPE rect={'left': 0, 'top': 29, 'right': 40, 'bottom': 53} normalized_text=fájl class_name= source_scope=global_process_scan deduplicated=False
2026-08-26 14:56:48.475 | DEBUG    | winwatt_automation.live_ui.menu_helpers:capture_menu_popup_snapshot:1682 - DBG_POPUP_ROW_DEDUPE rect={'left': 40, 'top': 29, 'right': 123, 'bottom': 53} normalized_text=jegyzékek class_name= source_scope=global_process_scan deduplicated=False
2026-08-26 14:56:48.475 | DEBUG    | winwatt_automation.live_ui.menu_helpers:capture_menu_popup_snapshot:1682 - DBG_POPUP_ROW_DEDUPE rect={'left': 123, 'top': 29, 'right': 199, 'bottom': 53} normalized_text=eszközök class_name= source_scope=global_process_scan deduplicated=False
2026-08-26 14:56:48.475 | DEBUG    | winwatt_automation.live_ui.menu_helpers:capture_menu_popup_snapshot:1682 - DBG_POPUP_ROW_DEDUPE rect={'left': 199, 'top': 29, 'right': 287, 'bottom': 53} normalized_text=beállítások class_name= source_scope=global_process_scan deduplicated=False
2026-08-26 14:56:48.475 | DEBUG    | winwatt_automation.live_ui.menu_helpers:capture_menu_popup_snapshot:1682 - DBG_POPUP_ROW_DEDUPE rect={'left': 286, 'top': 29, 'right': 341, 'bottom': 53} normalized_text=ablak class_name= source_scope=global_process_scan deduplicated=False
2026-08-26 14:56:48.475 | DEBUG    | winwatt_automation.live_ui.menu_helpers:capture_menu_popup_snapshot:1682 - DBG_POPUP_ROW_DEDUPE rect={'left': 341, 'top': 29, 'right': 392, 'bottom': 53} normalized_text=súgó class_name= source_scope=global_process_scan deduplicated=False
2026-08-26 14:56:48.475 | INFO     | winwatt_automation.live_ui.menu_helpers:capture_menu_popup_snapshot:1724 - POPUP_SNAPSHOT_SUMMARY main_window_fragments=7 global_scan_fragments=7 deduped_fragments=14 topbar_like=12 popup_like=0 empty_text=0 topbar_band=(0, 29, 392, 53) empty_text_vertical_cluster_detected=False accepted_popup_rows=0 popup_heuristic=candidate_count_below_threshold
2026-08-26 14:56:48.475 | DEBUG    | winwatt_automation.live_ui.menu_helpers:capture_menu_popup_snapshot:1737 - Captured menu snapshot rows=14
2026-08-26 14:56:48.475 | DEBUG    | winwatt_automation.live_ui.menu_helpers:_log_phase_timing:83 - DBG_PHASE_TIMING phase=capture_menu_popup_snapshot elapsed_ms=234.000 main_rows=7 global_rows=7 unique_rows=14 diagnostic_fast_mode=False
2026-08-26 14:56:48.659 | INFO     | winwatt_automation.live_ui.menu_helpers:_validate_post_menu_open_foreground:962 - post_click_foreground_validation title=Jegyzékek foreground={'handle': 1967302, 'title': 'WinWatt gólya - C:\\Users\\Admin\\Documents\\GitHub\\autowinwatt\\winwatt_automation\\data\\runtime_maps\\full_authorized_sandbox\\20260826T123933Z\\testwwp.wwp', 'class_name': 'TMainForm', 'process_id': 23704}
2026-08-26 14:56:48.676 | INFO     | winwatt_automation.live_ui.app_connector:is_winwatt_foreground_context:1161 - DBG_WINWATT_FOREGROUND_CONTEXT expected_handle=1967302 expected_process_id=23704 expected_title=WinWatt gólya - C:\Users\Admin\Documents\GitHub\autowinwatt\winwatt_automation\data\runtime_maps\full_authorized_sandbox\20260826T123933Z\testwwp.wwp expected_class_name=TMainForm actual_foreground_handle=1967302 actual_foreground_process_id=23704 actual_foreground_title=WinWatt gólya - C:\Users\Admin\Documents\GitHub\autowinwatt\winwatt_automation\data\runtime_maps\full_authorized_sandbox\20260826T123933Z\testwwp.wwp actual_foreground_class_name=TMainForm allow_dialog=True result_reason=handle_match
2026-08-26 14:56:48.676 | DEBUG    | winwatt_automation.live_ui.app_connector:get_cached_main_window:565 - DBG_WINWATT_CACHE_GET reason_code=cache_reused_without_validation payload={'wrapper_type': 'UIAWrapper', 'handle': 1967302, 'process_id': 23704, 'title': 'WinWatt gólya - C:\\Users\\Admin\\Documents\\GitHub\\autowinwatt\\winwatt_automation\\data\\runtime_maps\\full_authorized_sandbox\\20260826T123933Z\\testwwp.wwp', 'class_name': 'TMainForm', 'control_type': 'Window'} last_validation_age_s=1.3440000000118744 diagnostic_fast_mode=False
2026-08-26 14:56:48.676 | DEBUG    | winwatt_automation.live_ui.app_connector:get_cached_main_window:566 - DBG_PHASE_TIMING phase=get_cached_main_window elapsed_ms=0.000 reason_code=cache_reused_without_validation
2026-08-26 14:56:49.142 | DEBUG    | winwatt_automation.live_ui.app_connector:get_cached_main_window:565 - DBG_WINWATT_CACHE_GET reason_code=cache_reused_without_validation payload={'wrapper_type': 'UIAWrapper', 'handle': 1967302, 'process_id': 23704, 'title': 'WinWatt gólya - C:\\Users\\Admin\\Documents\\GitHub\\autowinwatt\\winwatt_automation\\data\\runtime_maps\\full_authorized_sandbox\\20260826T123933Z\\testwwp.wwp', 'class_name': 'TMainForm', 'control_type': 'Window'} last_validation_age_s=1.812000000005355 diagnostic_fast_mode=False
2026-08-26 14:56:49.159 | DEBUG    | winwatt_automation.live_ui.app_connector:get_cached_main_window:566 - DBG_PHASE_TIMING phase=get_cached_main_window elapsed_ms=16.000 reason_code=cache_reused_without_validation
2026-08-26 14:56:49.164 | DEBUG    | winwatt_automation.live_ui.app_connector:get_cached_main_window:565 - DBG_WINWATT_CACHE_GET reason_code=cache_reused_without_validation payload={'wrapper_type': 'UIAWrapper', 'handle': 1967302, 'process_id': 23704, 'title': 'WinWatt gólya - C:\\Users\\Admin\\Documents\\GitHub\\autowinwatt\\winwatt_automation\\data\\runtime_maps\\full_authorized_sandbox\\20260826T123933Z\\testwwp.wwp', 'class_name': 'TMainForm', 'control_type': 'Window'} last_validation_age_s=1.8280000000086147 diagnostic_fast_mode=False
2026-08-26 14:56:49.164 | DEBUG    | winwatt_automation.live_ui.app_connector:get_cached_main_window:566 - DBG_PHASE_TIMING phase=get_cached_main_window elapsed_ms=0.000 reason_code=cache_reused_without_validation
2026-08-26 14:56:49.193 | INFO     | winwatt_automation.live_ui.menu_helpers:_menu_items:1101 - DBG_MENU_ITEMS_SUMMARY total_items=21 visible_items=21 topbar_band=(0, 0, 392, 464) topbar_band_visible_count=21 popup_region_visible_count=0 force_refresh=False handle=1967302
2026-08-26 14:56:49.193 | DEBUG    | winwatt_automation.live_ui.menu_helpers:_menu_items:1111 - Discovered 21 MenuItem controls
2026-08-26 14:56:49.193 | DEBUG    | winwatt_automation.live_ui.menu_helpers:_log_phase_timing:83 - DBG_PHASE_TIMING phase=_menu_items elapsed_ms=47.000 force_refresh=False total_items=21 visible_items=21
2026-08-26 14:56:49.193 | INFO     | winwatt_automation.live_ui.menu_helpers:_menu_row_from_wrapper:1545 - TEXT_EXTRACTION_FALLBACK_USED source=legacy_text confidence=medium rect={'left': 44, 'top': 56, 'right': 318, 'bottom': 84}
2026-08-26 14:56:49.193 | DEBUG    | winwatt_automation.live_ui.menu_helpers:_log_popup_fragment:499 - DBG_MENU_FRAGMENT_MAIN_WINDOW source_scope=main_window control_type=MenuItem class_name= text='Végrehajtás' rectangle={'left': 44, 'top': 56, 'right': 318, 'bottom': 84} center=(181, 70) process_id=23704 native_handle=None topbar_candidate=True popup_candidate=False
2026-08-26 14:56:49.210 | INFO     | winwatt_automation.live_ui.menu_helpers:_menu_row_from_wrapper:1545 - TEXT_EXTRACTION_FALLBACK_USED source=legacy_text confidence=medium rect={'left': 44, 'top': 84, 'right': 318, 'bottom': 112}
2026-08-26 14:56:49.210 | DEBUG    | winwatt_automation.live_ui.menu_helpers:_log_popup_fragment:499 - DBG_MENU_FRAGMENT_MAIN_WINDOW source_scope=main_window control_type=MenuItem class_name= text='Végrehajtás' rectangle={'left': 44, 'top': 84, 'right': 318, 'bottom': 112} center=(181, 98) process_id=23704 native_handle=None topbar_candidate=True popup_candidate=False
2026-08-26 14:56:49.210 | INFO     | winwatt_automation.live_ui.menu_helpers:_menu_row_from_wrapper:1545 - TEXT_EXTRACTION_FALLBACK_USED source=legacy_text confidence=medium rect={'left': 44, 'top': 111, 'right': 318, 'bottom': 139}
2026-08-26 14:56:49.225 | DEBUG    | winwatt_automation.live_ui.menu_helpers:_log_popup_fragment:499 - DBG_MENU_FRAGMENT_MAIN_WINDOW source_scope=main_window control_type=MenuItem class_name= text='Végrehajtás' rectangle={'left': 44, 'top': 111, 'right': 318, 'bottom': 139} center=(181, 125) process_id=23704 native_handle=None topbar_candidate=True popup_candidate=False
2026-08-26 14:56:49.225 | INFO     | winwatt_automation.live_ui.menu_helpers:_menu_row_from_wrapper:1545 - TEXT_EXTRACTION_FALLBACK_USED source=legacy_text confidence=medium rect={'left': 44, 'top': 139, 'right': 318, 'bottom': 167}
2026-08-26 14:56:49.235 | DEBUG    | winwatt_automation.live_ui.menu_helpers:_log_popup_fragment:499 - DBG_MENU_FRAGMENT_MAIN_WINDOW source_scope=main_window control_type=MenuItem class_name= text='Végrehajtás' rectangle={'left': 44, 'top': 139, 'right': 318, 'bottom': 167} center=(181, 153) process_id=23704 native_handle=None topbar_candidate=True popup_candidate=False
2026-08-26 14:56:49.242 | INFO     | winwatt_automation.live_ui.menu_helpers:_menu_row_from_wrapper:1545 - TEXT_EXTRACTION_FALLBACK_USED source=legacy_text confidence=medium rect={'left': 44, 'top': 166, 'right': 318, 'bottom': 194}
2026-08-26 14:56:49.242 | DEBUG    | winwatt_automation.live_ui.menu_helpers:_log_popup_fragment:499 - DBG_MENU_FRAGMENT_MAIN_WINDOW source_scope=main_window control_type=MenuItem class_name= text='Végrehajtás' rectangle={'left': 44, 'top': 166, 'right': 318, 'bottom': 194} center=(181, 180) process_id=23704 native_handle=None topbar_candidate=True popup_candidate=False
2026-08-26 14:56:49.258 | INFO     | winwatt_automation.live_ui.menu_helpers:_menu_row_from_wrapper:1545 - TEXT_EXTRACTION_FALLBACK_USED source=legacy_text confidence=medium rect={'left': 44, 'top': 201, 'right': 318, 'bottom': 229}
2026-08-26 14:56:49.260 | DEBUG    | winwatt_automation.live_ui.menu_helpers:_log_popup_fragment:499 - DBG_MENU_FRAGMENT_MAIN_WINDOW source_scope=main_window control_type=MenuItem class_name= text='Végrehajtás' rectangle={'left': 44, 'top': 201, 'right': 318, 'bottom': 229} center=(181, 215) process_id=23704 native_handle=None topbar_candidate=True popup_candidate=False
2026-08-26 14:56:49.260 | INFO     | winwatt_automation.live_ui.menu_helpers:_menu_row_from_wrapper:1545 - TEXT_EXTRACTION_FALLBACK_USED source=legacy_text confidence=medium rect={'left': 44, 'top': 229, 'right': 318, 'bottom': 257}
2026-08-26 14:56:49.277 | DEBUG    | winwatt_automation.live_ui.menu_helpers:_log_popup_fragment:499 - DBG_MENU_FRAGMENT_MAIN_WINDOW source_scope=main_window control_type=MenuItem class_name= text='Végrehajtás' rectangle={'left': 44, 'top': 229, 'right': 318, 'bottom': 257} center=(181, 243) process_id=23704 native_handle=None topbar_candidate=True popup_candidate=False
2026-08-26 14:56:49.292 | INFO     | winwatt_automation.live_ui.menu_helpers:_menu_row_from_wrapper:1545 - TEXT_EXTRACTION_FALLBACK_USED source=legacy_text confidence=medium rect={'left': 44, 'top': 256, 'right': 318, 'bottom': 284}
2026-08-26 14:56:49.296 | DEBUG    | winwatt_automation.live_ui.menu_helpers:_log_popup_fragment:499 - DBG_MENU_FRAGMENT_MAIN_WINDOW source_scope=main_window control_type=MenuItem class_name= text='Végrehajtás' rectangle={'left': 44, 'top': 256, 'right': 318, 'bottom': 284} center=(181, 270) process_id=23704 native_handle=None topbar_candidate=True popup_candidate=False
2026-08-26 14:56:49.307 | INFO     | winwatt_automation.live_ui.menu_helpers:_menu_row_from_wrapper:1545 - TEXT_EXTRACTION_FALLBACK_USED source=legacy_text confidence=medium rect={'left': 44, 'top': 284, 'right': 318, 'bottom': 312}
2026-08-26 14:56:49.311 | DEBUG    | winwatt_automation.live_ui.menu_helpers:_log_popup_fragment:499 - DBG_MENU_FRAGMENT_MAIN_WINDOW source_scope=main_window control_type=MenuItem class_name= text='Végrehajtás' rectangle={'left': 44, 'top': 284, 'right': 318, 'bottom': 312} center=(181, 298) process_id=23704 native_handle=None topbar_candidate=True popup_candidate=False
2026-08-26 14:56:49.322 | INFO     | winwatt_automation.live_ui.menu_helpers:_menu_row_from_wrapper:1545 - TEXT_EXTRACTION_FALLBACK_USED source=legacy_text confidence=medium rect={'left': 44, 'top': 319, 'right': 318, 'bottom': 347}
2026-08-26 14:56:49.325 | DEBUG    | winwatt_automation.live_ui.menu_helpers:_log_popup_fragment:499 - DBG_MENU_FRAGMENT_MAIN_WINDOW source_scope=main_window control_type=MenuItem class_name= text='Végrehajtás' rectangle={'left': 44, 'top': 319, 'right': 318, 'bottom': 347} center=(181, 333) process_id=23704 native_handle=None topbar_candidate=True popup_candidate=False
2026-08-26 14:56:49.338 | INFO     | winwatt_automation.live_ui.menu_helpers:_menu_row_from_wrapper:1545 - TEXT_EXTRACTION_FALLBACK_USED source=legacy_text confidence=medium rect={'left': 44, 'top': 346, 'right': 318, 'bottom': 374}
2026-08-26 14:56:49.342 | DEBUG    | winwatt_automation.live_ui.menu_helpers:_log_popup_fragment:499 - DBG_MENU_FRAGMENT_MAIN_WINDOW source_scope=main_window control_type=MenuItem class_name= text='Végrehajtás' rectangle={'left': 44, 'top': 346, 'right': 318, 'bottom': 374} center=(181, 360) process_id=23704 native_handle=None topbar_candidate=True popup_candidate=False
2026-08-26 14:56:49.346 | INFO     | winwatt_automation.live_ui.menu_helpers:_menu_row_from_wrapper:1545 - TEXT_EXTRACTION_FALLBACK_USED source=legacy_text confidence=medium rect={'left': 44, 'top': 374, 'right': 318, 'bottom': 402}
2026-08-26 14:56:49.346 | DEBUG    | winwatt_automation.live_ui.menu_helpers:_log_popup_fragment:499 - DBG_MENU_FRAGMENT_MAIN_WINDOW source_scope=main_window control_type=MenuItem class_name= text='Végrehajtás' rectangle={'left': 44, 'top': 374, 'right': 318, 'bottom': 402} center=(181, 388) process_id=23704 native_handle=None topbar_candidate=True popup_candidate=False
2026-08-26 14:56:49.361 | INFO     | winwatt_automation.live_ui.menu_helpers:_menu_row_from_wrapper:1545 - TEXT_EXTRACTION_FALLBACK_USED source=legacy_text confidence=medium rect={'left': 44, 'top': 401, 'right': 318, 'bottom': 429}
2026-08-26 14:56:49.361 | DEBUG    | winwatt_automation.live_ui.menu_helpers:_log_popup_fragment:499 - DBG_MENU_FRAGMENT_MAIN_WINDOW source_scope=main_window control_type=MenuItem class_name= text='Végrehajtás' rectangle={'left': 44, 'top': 401, 'right': 318, 'bottom': 429} center=(181, 415) process_id=23704 native_handle=None topbar_candidate=True popup_candidate=False
2026-08-26 14:56:49.375 | INFO     | winwatt_automation.live_ui.menu_helpers:_menu_row_from_wrapper:1545 - TEXT_EXTRACTION_FALLBACK_USED source=legacy_text confidence=medium rect={'left': 44, 'top': 436, 'right': 318, 'bottom': 464}
2026-08-26 14:56:49.377 | DEBUG    | winwatt_automation.live_ui.menu_helpers:_log_popup_fragment:499 - DBG_MENU_FRAGMENT_MAIN_WINDOW source_scope=main_window control_type=MenuItem class_name= text='Végrehajtás' rectangle={'left': 44, 'top': 436, 'right': 318, 'bottom': 464} center=(181, 450) process_id=23704 native_handle=None topbar_candidate=True popup_candidate=False
2026-08-26 14:56:49.377 | DEBUG    | winwatt_automation.live_ui.menu_helpers:_log_popup_fragment:499 - DBG_MENU_FRAGMENT_MAIN_WINDOW source_scope=main_window control_type=MenuItem class_name= text='Rendszer' rectangle={'left': 0, 'top': 0, 'right': 28, 'bottom': 28} center=(14, 14) process_id=23704 native_handle=None topbar_candidate=True popup_candidate=False
2026-08-26 14:56:49.377 | DEBUG    | winwatt_automation.live_ui.menu_helpers:_log_popup_fragment:499 - DBG_MENU_FRAGMENT_MAIN_WINDOW source_scope=main_window control_type=MenuItem class_name= text='Fájl' rectangle={'left': 0, 'top': 29, 'right': 40, 'bottom': 53} center=(20, 41) process_id=23704 native_handle=None topbar_candidate=True popup_candidate=False
2026-08-26 14:56:49.377 | DEBUG    | winwatt_automation.live_ui.menu_helpers:_log_popup_fragment:499 - DBG_MENU_FRAGMENT_MAIN_WINDOW source_scope=main_window control_type=MenuItem class_name= text='Jegyzékek' rectangle={'left': 40, 'top': 29, 'right': 123, 'bottom': 53} center=(81, 41) process_id=23704 native_handle=None topbar_candidate=True popup_candidate=False
2026-08-26 14:56:49.377 | DEBUG    | winwatt_automation.live_ui.menu_helpers:_log_popup_fragment:499 - DBG_MENU_FRAGMENT_MAIN_WINDOW source_scope=main_window control_type=MenuItem class_name= text='Eszközök' rectangle={'left': 123, 'top': 29, 'right': 199, 'bottom': 53} center=(161, 41) process_id=23704 native_handle=None topbar_candidate=True popup_candidate=False
2026-08-26 14:56:49.377 | DEBUG    | winwatt_automation.live_ui.menu_helpers:_log_popup_fragment:499 - DBG_MENU_FRAGMENT_MAIN_WINDOW source_scope=main_window control_type=MenuItem class_name= text='Beállítások' rectangle={'left': 199, 'top': 29, 'right': 287, 'bottom': 53} center=(243, 41) process_id=23704 native_handle=None topbar_candidate=True popup_candidate=False
2026-08-26 14:56:49.377 | DEBUG    | winwatt_automation.live_ui.menu_helpers:_log_popup_fragment:499 - DBG_MENU_FRAGMENT_MAIN_WINDOW source_scope=main_window control_type=MenuItem class_name= text='Ablak' rectangle={'left': 286, 'top': 29, 'right': 341, 'bottom': 53} center=(313, 41) process_id=23704 native_handle=None topbar_candidate=True popup_candidate=False
2026-08-26 14:56:49.377 | DEBUG    | winwatt_automation.live_ui.menu_helpers:_log_popup_fragment:499 - DBG_MENU_FRAGMENT_MAIN_WINDOW source_scope=main_window control_type=MenuItem class_name= text='Súgó' rectangle={'left': 341, 'top': 29, 'right': 392, 'bottom': 53} center=(366, 41) process_id=23704 native_handle=None topbar_candidate=True popup_candidate=False
2026-08-26 14:56:49.377 | DEBUG    | winwatt_automation.live_ui.menu_helpers:_menu_like_controls_from_main_window:1599 - DBG_MENU_FRAGMENT_SOURCE_SUMMARY source_scope=main_window count=21
2026-08-26 14:56:49.377 | DEBUG    | winwatt_automation.live_ui.app_connector:get_cached_main_window:565 - DBG_WINWATT_CACHE_GET reason_code=cache_reused_without_validation payload={'wrapper_type': 'UIAWrapper', 'handle': 1967302, 'process_id': 23704, 'title': 'WinWatt gólya - C:\\Users\\Admin\\Documents\\GitHub\\autowinwatt\\winwatt_automation\\data\\runtime_maps\\full_authorized_sandbox\\20260826T123933Z\\testwwp.wwp', 'class_name': 'TMainForm', 'control_type': 'Window'} last_validation_age_s=2.047000000020489 diagnostic_fast_mode=False
2026-08-26 14:56:49.377 | DEBUG    | winwatt_automation.live_ui.app_connector:get_cached_main_window:566 - DBG_PHASE_TIMING phase=get_cached_main_window elapsed_ms=0.000 reason_code=cache_reused_without_validation
2026-08-26 14:56:49.377 | DEBUG    | winwatt_automation.live_ui.app_connector:get_cached_main_window:565 - DBG_WINWATT_CACHE_GET reason_code=cache_reused_without_validation payload={'wrapper_type': 'UIAWrapper', 'handle': 1967302, 'process_id': 23704, 'title': 'WinWatt gólya - C:\\Users\\Admin\\Documents\\GitHub\\autowinwatt\\winwatt_automation\\data\\runtime_maps\\full_authorized_sandbox\\20260826T123933Z\\testwwp.wwp', 'class_name': 'TMainForm', 'control_type': 'Window'} last_validation_age_s=2.047000000020489 diagnostic_fast_mode=False
2026-08-26 14:56:49.377 | DEBUG    | winwatt_automation.live_ui.app_connector:get_cached_main_window:566 - DBG_PHASE_TIMING phase=get_cached_main_window elapsed_ms=0.000 reason_code=cache_reused_without_validation
2026-08-26 14:56:50.075 | INFO     | winwatt_automation.live_ui.menu_helpers:_menu_row_from_wrapper:1545 - TEXT_EXTRACTION_FALLBACK_USED source=legacy_text confidence=medium rect={'left': 44, 'top': 56, 'right': 318, 'bottom': 84}
2026-08-26 14:56:50.075 | DEBUG    | winwatt_automation.live_ui.menu_helpers:_log_popup_fragment:499 - DBG_MENU_FRAGMENT_GLOBAL_SCAN source_scope=global_process_scan control_type=MenuItem class_name= text='Végrehajtás' rectangle={'left': 44, 'top': 56, 'right': 318, 'bottom': 84} center=(181, 70) process_id=23704 native_handle=None topbar_candidate=True popup_candidate=False
2026-08-26 14:56:50.092 | INFO     | winwatt_automation.live_ui.menu_helpers:_menu_row_from_wrapper:1545 - TEXT_EXTRACTION_FALLBACK_USED source=legacy_text confidence=medium rect={'left': 44, 'top': 84, 'right': 318, 'bottom': 112}
2026-08-26 14:56:50.092 | DEBUG    | winwatt_automation.live_ui.menu_helpers:_log_popup_fragment:499 - DBG_MENU_FRAGMENT_GLOBAL_SCAN source_scope=global_process_scan control_type=MenuItem class_name= text='Végrehajtás' rectangle={'left': 44, 'top': 84, 'right': 318, 'bottom': 112} center=(181, 98) process_id=23704 native_handle=None topbar_candidate=True popup_candidate=False
2026-08-26 14:56:50.092 | INFO     | winwatt_automation.live_ui.menu_helpers:_menu_row_from_wrapper:1545 - TEXT_EXTRACTION_FALLBACK_USED source=legacy_text confidence=medium rect={'left': 44, 'top': 111, 'right': 318, 'bottom': 139}
2026-08-26 14:56:50.109 | DEBUG    | winwatt_automation.live_ui.menu_helpers:_log_popup_fragment:499 - DBG_MENU_FRAGMENT_GLOBAL_SCAN source_scope=global_process_scan control_type=MenuItem class_name= text='Végrehajtás' rectangle={'left': 44, 'top': 111, 'right': 318, 'bottom': 139} center=(181, 125) process_id=23704 native_handle=None topbar_candidate=True popup_candidate=False
2026-08-26 14:56:50.109 | INFO     | winwatt_automation.live_ui.menu_helpers:_menu_row_from_wrapper:1545 - TEXT_EXTRACTION_FALLBACK_USED source=legacy_text confidence=medium rect={'left': 44, 'top': 139, 'right': 318, 'bottom': 167}
2026-08-26 14:56:50.109 | DEBUG    | winwatt_automation.live_ui.menu_helpers:_log_popup_fragment:499 - DBG_MENU_FRAGMENT_GLOBAL_SCAN source_scope=global_process_scan control_type=MenuItem class_name= text='Végrehajtás' rectangle={'left': 44, 'top': 139, 'right': 318, 'bottom': 167} center=(181, 153) process_id=23704 native_handle=None topbar_candidate=True popup_candidate=False
2026-08-26 14:56:50.125 | INFO     | winwatt_automation.live_ui.menu_helpers:_menu_row_from_wrapper:1545 - TEXT_EXTRACTION_FALLBACK_USED source=legacy_text confidence=medium rect={'left': 44, 'top': 166, 'right': 318, 'bottom': 194}
2026-08-26 14:56:50.127 | DEBUG    | winwatt_automation.live_ui.menu_helpers:_log_popup_fragment:499 - DBG_MENU_FRAGMENT_GLOBAL_SCAN source_scope=global_process_scan control_type=MenuItem class_name= text='Végrehajtás' rectangle={'left': 44, 'top': 166, 'right': 318, 'bottom': 194} center=(181, 180) process_id=23704 native_handle=None topbar_candidate=True popup_candidate=False
2026-08-26 14:56:50.127 | INFO     | winwatt_automation.live_ui.menu_helpers:_menu_row_from_wrapper:1545 - TEXT_EXTRACTION_FALLBACK_USED source=legacy_text confidence=medium rect={'left': 44, 'top': 201, 'right': 318, 'bottom': 229}
2026-08-26 14:56:50.127 | DEBUG    | winwatt_automation.live_ui.menu_helpers:_log_popup_fragment:499 - DBG_MENU_FRAGMENT_GLOBAL_SCAN source_scope=global_process_scan control_type=MenuItem class_name= text='Végrehajtás' rectangle={'left': 44, 'top': 201, 'right': 318, 'bottom': 229} center=(181, 215) process_id=23704 native_handle=None topbar_candidate=True popup_candidate=False
2026-08-26 14:56:50.142 | INFO     | winwatt_automation.live_ui.menu_helpers:_menu_row_from_wrapper:1545 - TEXT_EXTRACTION_FALLBACK_USED source=legacy_text confidence=medium rect={'left': 44, 'top': 229, 'right': 318, 'bottom': 257}
2026-08-26 14:56:50.142 | DEBUG    | winwatt_automation.live_ui.menu_helpers:_log_popup_fragment:499 - DBG_MENU_FRAGMENT_GLOBAL_SCAN source_scope=global_process_scan control_type=MenuItem class_name= text='Végrehajtás' rectangle={'left': 44, 'top': 229, 'right': 318, 'bottom': 257} center=(181, 243) process_id=23704 native_handle=None topbar_candidate=True popup_candidate=False
2026-08-26 14:56:50.157 | INFO     | winwatt_automation.live_ui.menu_helpers:_menu_row_from_wrapper:1545 - TEXT_EXTRACTION_FALLBACK_USED source=legacy_text confidence=medium rect={'left': 44, 'top': 256, 'right': 318, 'bottom': 284}
2026-08-26 14:56:50.162 | DEBUG    | winwatt_automation.live_ui.menu_helpers:_log_popup_fragment:499 - DBG_MENU_FRAGMENT_GLOBAL_SCAN source_scope=global_process_scan control_type=MenuItem class_name= text='Végrehajtás' rectangle={'left': 44, 'top': 256, 'right': 318, 'bottom': 284} center=(181, 270) process_id=23704 native_handle=None topbar_candidate=True popup_candidate=False
2026-08-26 14:56:50.171 | INFO     | winwatt_automation.live_ui.menu_helpers:_menu_row_from_wrapper:1545 - TEXT_EXTRACTION_FALLBACK_USED source=legacy_text confidence=medium rect={'left': 44, 'top': 284, 'right': 318, 'bottom': 312}
2026-08-26 14:56:50.175 | DEBUG    | winwatt_automation.live_ui.menu_helpers:_log_popup_fragment:499 - DBG_MENU_FRAGMENT_GLOBAL_SCAN source_scope=global_process_scan control_type=MenuItem class_name= text='Végrehajtás' rectangle={'left': 44, 'top': 284, 'right': 318, 'bottom': 312} center=(181, 298) process_id=23704 native_handle=None topbar_candidate=True popup_candidate=False
2026-08-26 14:56:50.177 | INFO     | winwatt_automation.live_ui.menu_helpers:_menu_row_from_wrapper:1545 - TEXT_EXTRACTION_FALLBACK_USED source=legacy_text confidence=medium rect={'left': 44, 'top': 319, 'right': 318, 'bottom': 347}
2026-08-26 14:56:50.177 | DEBUG    | winwatt_automation.live_ui.menu_helpers:_log_popup_fragment:499 - DBG_MENU_FRAGMENT_GLOBAL_SCAN source_scope=global_process_scan control_type=MenuItem class_name= text='Végrehajtás' rectangle={'left': 44, 'top': 319, 'right': 318, 'bottom': 347} center=(181, 333) process_id=23704 native_handle=None topbar_candidate=True popup_candidate=False
2026-08-26 14:56:50.193 | INFO     | winwatt_automation.live_ui.menu_helpers:_menu_row_from_wrapper:1545 - TEXT_EXTRACTION_FALLBACK_USED source=legacy_text confidence=medium rect={'left': 44, 'top': 346, 'right': 318, 'bottom': 374}
2026-08-26 14:56:50.195 | DEBUG    | winwatt_automation.live_ui.menu_helpers:_log_popup_fragment:499 - DBG_MENU_FRAGMENT_GLOBAL_SCAN source_scope=global_process_scan control_type=MenuItem class_name= text='Végrehajtás' rectangle={'left': 44, 'top': 346, 'right': 318, 'bottom': 374} center=(181, 360) process_id=23704 native_handle=None topbar_candidate=True popup_candidate=False
2026-08-26 14:56:50.195 | INFO     | winwatt_automation.live_ui.menu_helpers:_menu_row_from_wrapper:1545 - TEXT_EXTRACTION_FALLBACK_USED source=legacy_text confidence=medium rect={'left': 44, 'top': 374, 'right': 318, 'bottom': 402}
2026-08-26 14:56:50.195 | DEBUG    | winwatt_automation.live_ui.menu_helpers:_log_popup_fragment:499 - DBG_MENU_FRAGMENT_GLOBAL_SCAN source_scope=global_process_scan control_type=MenuItem class_name= text='Végrehajtás' rectangle={'left': 44, 'top': 374, 'right': 318, 'bottom': 402} center=(181, 388) process_id=23704 native_handle=None topbar_candidate=True popup_candidate=False
2026-08-26 14:56:50.210 | INFO     | winwatt_automation.live_ui.menu_helpers:_menu_row_from_wrapper:1545 - TEXT_EXTRACTION_FALLBACK_USED source=legacy_text confidence=medium rect={'left': 44, 'top': 401, 'right': 318, 'bottom': 429}
2026-08-26 14:56:50.210 | DEBUG    | winwatt_automation.live_ui.menu_helpers:_log_popup_fragment:499 - DBG_MENU_FRAGMENT_GLOBAL_SCAN source_scope=global_process_scan control_type=MenuItem class_name= text='Végrehajtás' rectangle={'left': 44, 'top': 401, 'right': 318, 'bottom': 429} center=(181, 415) process_id=23704 native_handle=None topbar_candidate=True popup_candidate=False
2026-08-26 14:56:50.226 | INFO     | winwatt_automation.live_ui.menu_helpers:_menu_row_from_wrapper:1545 - TEXT_EXTRACTION_FALLBACK_USED source=legacy_text confidence=medium rect={'left': 44, 'top': 436, 'right': 318, 'bottom': 464}
2026-08-26 14:56:50.226 | DEBUG    | winwatt_automation.live_ui.menu_helpers:_log_popup_fragment:499 - DBG_MENU_FRAGMENT_GLOBAL_SCAN source_scope=global_process_scan control_type=MenuItem class_name= text='Végrehajtás' rectangle={'left': 44, 'top': 436, 'right': 318, 'bottom': 464} center=(181, 450) process_id=23704 native_handle=None topbar_candidate=True popup_candidate=False
2026-08-26 14:56:50.226 | DEBUG    | winwatt_automation.live_ui.menu_helpers:_log_popup_fragment:499 - DBG_MENU_FRAGMENT_GLOBAL_SCAN source_scope=global_process_scan control_type=MenuItem class_name= text='Rendszer' rectangle={'left': 0, 'top': 0, 'right': 28, 'bottom': 28} center=(14, 14) process_id=23704 native_handle=None topbar_candidate=True popup_candidate=False
2026-08-26 14:56:50.226 | DEBUG    | winwatt_automation.live_ui.menu_helpers:_log_popup_fragment:499 - DBG_MENU_FRAGMENT_GLOBAL_SCAN source_scope=global_process_scan control_type=MenuItem class_name= text='Fájl' rectangle={'left': 0, 'top': 29, 'right': 40, 'bottom': 53} center=(20, 41) process_id=23704 native_handle=None topbar_candidate=True popup_candidate=False
2026-08-26 14:56:50.226 | DEBUG    | winwatt_automation.live_ui.menu_helpers:_log_popup_fragment:499 - DBG_MENU_FRAGMENT_GLOBAL_SCAN source_scope=global_process_scan control_type=MenuItem class_name= text='Jegyzékek' rectangle={'left': 40, 'top': 29, 'right': 123, 'bottom': 53} center=(81, 41) process_id=23704 native_handle=None topbar_candidate=True popup_candidate=False
2026-08-26 14:56:50.226 | DEBUG    | winwatt_automation.live_ui.menu_helpers:_log_popup_fragment:499 - DBG_MENU_FRAGMENT_GLOBAL_SCAN source_scope=global_process_scan control_type=MenuItem class_name= text='Eszközök' rectangle={'left': 123, 'top': 29, 'right': 199, 'bottom': 53} center=(161, 41) process_id=23704 native_handle=None topbar_candidate=True popup_candidate=False
2026-08-26 14:56:50.226 | DEBUG    | winwatt_automation.live_ui.menu_helpers:_log_popup_fragment:499 - DBG_MENU_FRAGMENT_GLOBAL_SCAN source_scope=global_process_scan control_type=MenuItem class_name= text='Beállítások' rectangle={'left': 199, 'top': 29, 'right': 287, 'bottom': 53} center=(243, 41) process_id=23704 native_handle=None topbar_candidate=True popup_candidate=False
2026-08-26 14:56:50.226 | DEBUG    | winwatt_automation.live_ui.menu_helpers:_log_popup_fragment:499 - DBG_MENU_FRAGMENT_GLOBAL_SCAN source_scope=global_process_scan control_type=MenuItem class_name= text='Ablak' rectangle={'left': 286, 'top': 29, 'right': 341, 'bottom': 53} center=(313, 41) process_id=23704 native_handle=None topbar_candidate=True popup_candidate=False
2026-08-26 14:56:50.226 | DEBUG    | winwatt_automation.live_ui.menu_helpers:_log_popup_fragment:499 - DBG_MENU_FRAGMENT_GLOBAL_SCAN source_scope=global_process_scan control_type=MenuItem class_name= text='Súgó' rectangle={'left': 341, 'top': 29, 'right': 392, 'bottom': 53} center=(366, 41) process_id=23704 native_handle=None topbar_candidate=True popup_candidate=False
2026-08-26 14:56:50.238 | DEBUG    | winwatt_automation.live_ui.menu_helpers:_menu_like_controls_from_global_process_scan:1631 - DBG_MENU_FRAGMENT_SOURCE_SUMMARY source_scope=global_process_scan count=21 process_id=23704
2026-08-26 14:56:50.241 | DEBUG    | winwatt_automation.live_ui.app_connector:get_cached_main_window:565 - DBG_WINWATT_CACHE_GET reason_code=cache_reused_without_validation payload={'wrapper_type': 'UIAWrapper', 'handle': 1967302, 'process_id': 23704, 'title': 'WinWatt gólya - C:\\Users\\Admin\\Documents\\GitHub\\autowinwatt\\winwatt_automation\\data\\runtime_maps\\full_authorized_sandbox\\20260826T123933Z\\testwwp.wwp', 'class_name': 'TMainForm', 'control_type': 'Window'} last_validation_age_s=2.9060000000172295 diagnostic_fast_mode=False
2026-08-26 14:56:50.242 | DEBUG    | winwatt_automation.live_ui.app_connector:get_cached_main_window:566 - DBG_PHASE_TIMING phase=get_cached_main_window elapsed_ms=0.000 reason_code=cache_reused_without_validation
2026-08-26 14:56:50.742 | DEBUG    | winwatt_automation.live_ui.menu_helpers:capture_menu_popup_snapshot:1682 - DBG_POPUP_ROW_DEDUPE rect={'left': 44, 'top': 56, 'right': 318, 'bottom': 84} normalized_text=végrehajtás class_name= source_scope=main_window deduplicated=False
2026-08-26 14:56:50.749 | DEBUG    | winwatt_automation.live_ui.menu_helpers:capture_menu_popup_snapshot:1682 - DBG_POPUP_ROW_DEDUPE rect={'left': 44, 'top': 84, 'right': 318, 'bottom': 112} normalized_text=végrehajtás class_name= source_scope=main_window deduplicated=False
2026-08-26 14:56:50.749 | DEBUG    | winwatt_automation.live_ui.menu_helpers:capture_menu_popup_snapshot:1682 - DBG_POPUP_ROW_DEDUPE rect={'left': 44, 'top': 111, 'right': 318, 'bottom': 139} normalized_text=végrehajtás class_name= source_scope=main_window deduplicated=False
2026-08-26 14:56:50.749 | DEBUG    | winwatt_automation.live_ui.menu_helpers:capture_menu_popup_snapshot:1682 - DBG_POPUP_ROW_DEDUPE rect={'left': 44, 'top': 139, 'right': 318, 'bottom': 167} normalized_text=végrehajtás class_name= source_scope=main_window deduplicated=False
2026-08-26 14:56:50.749 | DEBUG    | winwatt_automation.live_ui.menu_helpers:capture_menu_popup_snapshot:1682 - DBG_POPUP_ROW_DEDUPE rect={'left': 44, 'top': 166, 'right': 318, 'bottom': 194} normalized_text=végrehajtás class_name= source_scope=main_window deduplicated=False
2026-08-26 14:56:50.749 | DEBUG    | winwatt_automation.live_ui.menu_helpers:capture_menu_popup_snapshot:1682 - DBG_POPUP_ROW_DEDUPE rect={'left': 44, 'top': 201, 'right': 318, 'bottom': 229} normalized_text=végrehajtás class_name= source_scope=main_window deduplicated=False
2026-08-26 14:56:50.749 | DEBUG    | winwatt_automation.live_ui.menu_helpers:capture_menu_popup_snapshot:1682 - DBG_POPUP_ROW_DEDUPE rect={'left': 44, 'top': 229, 'right': 318, 'bottom': 257} normalized_text=végrehajtás class_name= source_scope=main_window deduplicated=False
2026-08-26 14:56:50.749 | DEBUG    | winwatt_automation.live_ui.menu_helpers:capture_menu_popup_snapshot:1682 - DBG_POPUP_ROW_DEDUPE rect={'left': 44, 'top': 256, 'right': 318, 'bottom': 284} normalized_text=végrehajtás class_name= source_scope=main_window deduplicated=False
2026-08-26 14:56:50.749 | DEBUG    | winwatt_automation.live_ui.menu_helpers:capture_menu_popup_snapshot:1682 - DBG_POPUP_ROW_DEDUPE rect={'left': 44, 'top': 284, 'right': 318, 'bottom': 312} normalized_text=végrehajtás class_name= source_scope=main_window deduplicated=False
2026-08-26 14:56:50.749 | DEBUG    | winwatt_automation.live_ui.menu_helpers:capture_menu_popup_snapshot:1682 - DBG_POPUP_ROW_DEDUPE rect={'left': 44, 'top': 319, 'right': 318, 'bottom': 347} normalized_text=végrehajtás class_name= source_scope=main_window deduplicated=False
2026-08-26 14:56:50.749 | DEBUG    | winwatt_automation.live_ui.menu_helpers:capture_menu_popup_snapshot:1682 - DBG_POPUP_ROW_DEDUPE rect={'left': 44, 'top': 346, 'right': 318, 'bottom': 374} normalized_text=végrehajtás class_name= source_scope=main_window deduplicated=False
2026-08-26 14:56:50.749 | DEBUG    | winwatt_automation.live_ui.menu_helpers:capture_menu_popup_snapshot:1682 - DBG_POPUP_ROW_DEDUPE rect={'left': 44, 'top': 374, 'right': 318, 'bottom': 402} normalized_text=végrehajtás class_name= source_scope=main_window deduplicated=False
2026-08-26 14:56:50.749 | DEBUG    | winwatt_automation.live_ui.menu_helpers:capture_menu_popup_snapshot:1682 - DBG_POPUP_ROW_DEDUPE rect={'left': 44, 'top': 401, 'right': 318, 'bottom': 429} normalized_text=végrehajtás class_name= source_scope=main_window deduplicated=False
2026-08-26 14:56:50.749 | DEBUG    | winwatt_automation.live_ui.menu_helpers:capture_menu_popup_snapshot:1682 - DBG_POPUP_ROW_DEDUPE rect={'left': 44, 'top': 436, 'right': 318, 'bottom': 464} normalized_text=végrehajtás class_name= source_scope=main_window deduplicated=False
2026-08-26 14:56:50.749 | DEBUG    | winwatt_automation.live_ui.menu_helpers:capture_menu_popup_snapshot:1682 - DBG_POPUP_ROW_DEDUPE rect={'left': 0, 'top': 0, 'right': 28, 'bottom': 28} normalized_text=rendszer class_name= source_scope=main_window deduplicated=False
2026-08-26 14:56:50.749 | DEBUG    | winwatt_automation.live_ui.menu_helpers:capture_menu_popup_snapshot:1682 - DBG_POPUP_ROW_DEDUPE rect={'left': 0, 'top': 29, 'right': 40, 'bottom': 53} normalized_text=fájl class_name= source_scope=main_window deduplicated=False
2026-08-26 14:56:50.749 | DEBUG    | winwatt_automation.live_ui.menu_helpers:capture_menu_popup_snapshot:1682 - DBG_POPUP_ROW_DEDUPE rect={'left': 40, 'top': 29, 'right': 123, 'bottom': 53} normalized_text=jegyzékek class_name= source_scope=main_window deduplicated=False
2026-08-26 14:56:50.749 | DEBUG    | winwatt_automation.live_ui.menu_helpers:capture_menu_popup_snapshot:1682 - DBG_POPUP_ROW_DEDUPE rect={'left': 123, 'top': 29, 'right': 199, 'bottom': 53} normalized_text=eszközök class_name= source_scope=main_window deduplicated=False
2026-08-26 14:56:50.749 | DEBUG    | winwatt_automation.live_ui.menu_helpers:capture_menu_popup_snapshot:1682 - DBG_POPUP_ROW_DEDUPE rect={'left': 199, 'top': 29, 'right': 287, 'bottom': 53} normalized_text=beállítások class_name= source_scope=main_window deduplicated=False
2026-08-26 14:56:50.757 | DEBUG    | winwatt_automation.live_ui.menu_helpers:capture_menu_popup_snapshot:1682 - DBG_POPUP_ROW_DEDUPE rect={'left': 286, 'top': 29, 'right': 341, 'bottom': 53} normalized_text=ablak class_name= source_scope=main_window deduplicated=False
2026-08-26 14:56:50.757 | DEBUG    | winwatt_automation.live_ui.menu_helpers:capture_menu_popup_snapshot:1682 - DBG_POPUP_ROW_DEDUPE rect={'left': 341, 'top': 29, 'right': 392, 'bottom': 53} normalized_text=súgó class_name= source_scope=main_window deduplicated=False
2026-08-26 14:56:50.757 | DEBUG    | winwatt_automation.live_ui.menu_helpers:capture_menu_popup_snapshot:1682 - DBG_POPUP_ROW_DEDUPE rect={'left': 44, 'top': 56, 'right': 318, 'bottom': 84} normalized_text=végrehajtás class_name= source_scope=global_process_scan deduplicated=False
2026-08-26 14:56:50.758 | DEBUG    | winwatt_automation.live_ui.menu_helpers:capture_menu_popup_snapshot:1682 - DBG_POPUP_ROW_DEDUPE rect={'left': 44, 'top': 84, 'right': 318, 'bottom': 112} normalized_text=végrehajtás class_name= source_scope=global_process_scan deduplicated=False
2026-08-26 14:56:50.759 | DEBUG    | winwatt_automation.live_ui.menu_helpers:capture_menu_popup_snapshot:1682 - DBG_POPUP_ROW_DEDUPE rect={'left': 44, 'top': 111, 'right': 318, 'bottom': 139} normalized_text=végrehajtás class_name= source_scope=global_process_scan deduplicated=False
2026-08-26 14:56:50.759 | DEBUG    | winwatt_automation.live_ui.menu_helpers:capture_menu_popup_snapshot:1682 - DBG_POPUP_ROW_DEDUPE rect={'left': 44, 'top': 139, 'right': 318, 'bottom': 167} normalized_text=végrehajtás class_name= source_scope=global_process_scan deduplicated=False
2026-08-26 14:56:50.759 | DEBUG    | winwatt_automation.live_ui.menu_helpers:capture_menu_popup_snapshot:1682 - DBG_POPUP_ROW_DEDUPE rect={'left': 44, 'top': 166, 'right': 318, 'bottom': 194} normalized_text=végrehajtás class_name= source_scope=global_process_scan deduplicated=False
2026-08-26 14:56:50.759 | DEBUG    | winwatt_automation.live_ui.menu_helpers:capture_menu_popup_snapshot:1682 - DBG_POPUP_ROW_DEDUPE rect={'left': 44, 'top': 201, 'right': 318, 'bottom': 229} normalized_text=végrehajtás class_name= source_scope=global_process_scan deduplicated=False
2026-08-26 14:56:50.759 | DEBUG    | winwatt_automation.live_ui.menu_helpers:capture_menu_popup_snapshot:1682 - DBG_POPUP_ROW_DEDUPE rect={'left': 44, 'top': 229, 'right': 318, 'bottom': 257} normalized_text=végrehajtás class_name= source_scope=global_process_scan deduplicated=False
2026-08-26 14:56:50.759 | DEBUG    | winwatt_automation.live_ui.menu_helpers:capture_menu_popup_snapshot:1682 - DBG_POPUP_ROW_DEDUPE rect={'left': 44, 'top': 256, 'right': 318, 'bottom': 284} normalized_text=végrehajtás class_name= source_scope=global_process_scan deduplicated=False
2026-08-26 14:56:50.759 | DEBUG    | winwatt_automation.live_ui.menu_helpers:capture_menu_popup_snapshot:1682 - DBG_POPUP_ROW_DEDUPE rect={'left': 44, 'top': 284, 'right': 318, 'bottom': 312} normalized_text=végrehajtás class_name= source_scope=global_process_scan deduplicated=False
2026-08-26 14:56:50.765 | DEBUG    | winwatt_automation.live_ui.menu_helpers:capture_menu_popup_snapshot:1682 - DBG_POPUP_ROW_DEDUPE rect={'left': 44, 'top': 319, 'right': 318, 'bottom': 347} normalized_text=végrehajtás class_name= source_scope=global_process_scan deduplicated=False
2026-08-26 14:56:50.765 | DEBUG    | winwatt_automation.live_ui.menu_helpers:capture_menu_popup_snapshot:1682 - DBG_POPUP_ROW_DEDUPE rect={'left': 44, 'top': 346, 'right': 318, 'bottom': 374} normalized_text=végrehajtás class_name= source_scope=global_process_scan deduplicated=False
2026-08-26 14:56:50.765 | DEBUG    | winwatt_automation.live_ui.menu_helpers:capture_menu_popup_snapshot:1682 - DBG_POPUP_ROW_DEDUPE rect={'left': 44, 'top': 374, 'right': 318, 'bottom': 402} normalized_text=végrehajtás class_name= source_scope=global_process_scan deduplicated=False
2026-08-26 14:56:50.765 | DEBUG    | winwatt_automation.live_ui.menu_helpers:capture_menu_popup_snapshot:1682 - DBG_POPUP_ROW_DEDUPE rect={'left': 44, 'top': 401, 'right': 318, 'bottom': 429} normalized_text=végrehajtás class_name= source_scope=global_process_scan deduplicated=False
2026-08-26 14:56:50.765 | DEBUG    | winwatt_automation.live_ui.menu_helpers:capture_menu_popup_snapshot:1682 - DBG_POPUP_ROW_DEDUPE rect={'left': 44, 'top': 436, 'right': 318, 'bottom': 464} normalized_text=végrehajtás class_name= source_scope=global_process_scan deduplicated=False
2026-08-26 14:56:50.765 | DEBUG    | winwatt_automation.live_ui.menu_helpers:capture_menu_popup_snapshot:1682 - DBG_POPUP_ROW_DEDUPE rect={'left': 0, 'top': 0, 'right': 28, 'bottom': 28} normalized_text=rendszer class_name= source_scope=global_process_scan deduplicated=False
2026-08-26 14:56:50.765 | DEBUG    | winwatt_automation.live_ui.menu_helpers:capture_menu_popup_snapshot:1682 - DBG_POPUP_ROW_DEDUPE rect={'left': 0, 'top': 29, 'right': 40, 'bottom': 53} normalized_text=fájl class_name= source_scope=global_process_scan deduplicated=False
2026-08-26 14:56:50.765 | DEBUG    | winwatt_automation.live_ui.menu_helpers:capture_menu_popup_snapshot:1682 - DBG_POPUP_ROW_DEDUPE rect={'left': 40, 'top': 29, 'right': 123, 'bottom': 53} normalized_text=jegyzékek class_name= source_scope=global_process_scan deduplicated=False
2026-08-26 14:56:50.765 | DEBUG    | winwatt_automation.live_ui.menu_helpers:capture_menu_popup_snapshot:1682 - DBG_POPUP_ROW_DEDUPE rect={'left': 123, 'top': 29, 'right': 199, 'bottom': 53} normalized_text=eszközök class_name= source_scope=global_process_scan deduplicated=False
2026-08-26 14:56:50.765 | DEBUG    | winwatt_automation.live_ui.menu_helpers:capture_menu_popup_snapshot:1682 - DBG_POPUP_ROW_DEDUPE rect={'left': 199, 'top': 29, 'right': 287, 'bottom': 53} normalized_text=beállítások class_name= source_scope=global_process_scan deduplicated=False
2026-08-26 14:56:50.765 | DEBUG    | winwatt_automation.live_ui.menu_helpers:capture_menu_popup_snapshot:1682 - DBG_POPUP_ROW_DEDUPE rect={'left': 286, 'top': 29, 'right': 341, 'bottom': 53} normalized_text=ablak class_name= source_scope=global_process_scan deduplicated=False
2026-08-26 14:56:50.765 | DEBUG    | winwatt_automation.live_ui.menu_helpers:capture_menu_popup_snapshot:1682 - DBG_POPUP_ROW_DEDUPE rect={'left': 341, 'top': 29, 'right': 392, 'bottom': 53} normalized_text=súgó class_name= source_scope=global_process_scan deduplicated=False
2026-08-26 14:56:50.769 | INFO     | winwatt_automation.live_ui.menu_helpers:capture_menu_popup_snapshot:1724 - POPUP_SNAPSHOT_SUMMARY main_window_fragments=21 global_scan_fragments=21 deduped_fragments=42 topbar_like=12 popup_like=28 empty_text=0 topbar_band=(0, 29, 392, 53) empty_text_vertical_cluster_detected=False accepted_popup_rows=0 popup_heuristic=candidate_count_below_threshold
2026-08-26 14:56:50.769 | DEBUG    | winwatt_automation.live_ui.menu_helpers:capture_menu_popup_snapshot:1737 - Captured menu snapshot rows=42
2026-08-26 14:56:50.769 | DEBUG    | winwatt_automation.live_ui.menu_helpers:_log_phase_timing:83 - DBG_PHASE_TIMING phase=capture_menu_popup_snapshot elapsed_ms=2093.000 main_rows=21 global_rows=21 unique_rows=42 diagnostic_fast_mode=False
2026-08-26 14:56:50.769 | DEBUG    | winwatt_automation.live_ui.menu_helpers:did_any_new_menu_popup_appear:2272 - Menu popup snapshot diff: before=14 after=42 new=28
2026-08-26 14:56:50.769 | DEBUG    | winwatt_automation.live_ui.app_connector:get_cached_main_window:565 - DBG_WINWATT_CACHE_GET reason_code=cache_reused_without_validation payload={'wrapper_type': 'UIAWrapper', 'handle': 1967302, 'process_id': 23704, 'title': 'WinWatt gólya - C:\\Users\\Admin\\Documents\\GitHub\\autowinwatt\\winwatt_automation\\data\\runtime_maps\\full_authorized_sandbox\\20260826T123933Z\\testwwp.wwp', 'class_name': 'TMainForm', 'control_type': 'Window'} last_validation_age_s=3.437000000005355 diagnostic_fast_mode=False
2026-08-26 14:56:50.774 | DEBUG    | winwatt_automation.live_ui.app_connector:get_cached_main_window:566 - DBG_PHASE_TIMING phase=get_cached_main_window elapsed_ms=0.000 reason_code=cache_reused_without_validation
2026-08-26 14:56:51.239 | DEBUG    | winwatt_automation.live_ui.app_connector:get_cached_main_window:565 - DBG_WINWATT_CACHE_GET reason_code=cache_reused_without_validation payload={'wrapper_type': 'UIAWrapper', 'handle': 1967302, 'process_id': 23704, 'title': 'WinWatt gólya - C:\\Users\\Admin\\Documents\\GitHub\\autowinwatt\\winwatt_automation\\data\\runtime_maps\\full_authorized_sandbox\\20260826T123933Z\\testwwp.wwp', 'class_name': 'TMainForm', 'control_type': 'Window'} last_validation_age_s=3.89000000001397 diagnostic_fast_mode=False
2026-08-26 14:56:51.244 | DEBUG    | winwatt_automation.live_ui.app_connector:get_cached_main_window:566 - DBG_PHASE_TIMING phase=get_cached_main_window elapsed_ms=16.000 reason_code=cache_reused_without_validation
2026-08-26 14:56:51.244 | DEBUG    | winwatt_automation.live_ui.app_connector:get_cached_main_window:565 - DBG_WINWATT_CACHE_GET reason_code=cache_reused_without_validation payload={'wrapper_type': 'UIAWrapper', 'handle': 1967302, 'process_id': 23704, 'title': 'WinWatt gólya - C:\\Users\\Admin\\Documents\\GitHub\\autowinwatt\\winwatt_automation\\data\\runtime_maps\\full_authorized_sandbox\\20260826T123933Z\\testwwp.wwp', 'class_name': 'TMainForm', 'control_type': 'Window'} last_validation_age_s=3.9060000000172295 diagnostic_fast_mode=False
2026-08-26 14:56:51.244 | DEBUG    | winwatt_automation.live_ui.app_connector:get_cached_main_window:566 - DBG_PHASE_TIMING phase=get_cached_main_window elapsed_ms=0.000 reason_code=cache_reused_without_validation
2026-08-26 14:56:51.260 | INFO     | winwatt_automation.live_ui.menu_helpers:_menu_items:1101 - DBG_MENU_ITEMS_SUMMARY total_items=21 visible_items=21 topbar_band=(0, 0, 392, 464) topbar_band_visible_count=21 popup_region_visible_count=0 force_refresh=False handle=1967302
2026-08-26 14:56:51.260 | DEBUG    | winwatt_automation.live_ui.menu_helpers:_menu_items:1111 - Discovered 21 MenuItem controls
2026-08-26 14:56:51.260 | DEBUG    | winwatt_automation.live_ui.menu_helpers:_log_phase_timing:83 - DBG_PHASE_TIMING phase=_menu_items elapsed_ms=32.000 force_refresh=False total_items=21 visible_items=21
2026-08-26 14:56:51.260 | INFO     | winwatt_automation.live_ui.menu_helpers:_menu_row_from_wrapper:1545 - TEXT_EXTRACTION_FALLBACK_USED source=legacy_text confidence=medium rect={'left': 44, 'top': 56, 'right': 318, 'bottom': 84}
2026-08-26 14:56:51.275 | DEBUG    | winwatt_automation.live_ui.menu_helpers:_log_popup_fragment:499 - DBG_MENU_FRAGMENT_MAIN_WINDOW source_scope=main_window control_type=MenuItem class_name= text='Végrehajtás' rectangle={'left': 44, 'top': 56, 'right': 318, 'bottom': 84} center=(181, 70) process_id=23704 native_handle=None topbar_candidate=True popup_candidate=False
2026-08-26 14:56:51.277 | INFO     | winwatt_automation.live_ui.menu_helpers:_menu_row_from_wrapper:1545 - TEXT_EXTRACTION_FALLBACK_USED source=legacy_text confidence=medium rect={'left': 44, 'top': 84, 'right': 318, 'bottom': 112}
2026-08-26 14:56:51.277 | DEBUG    | winwatt_automation.live_ui.menu_helpers:_log_popup_fragment:499 - DBG_MENU_FRAGMENT_MAIN_WINDOW source_scope=main_window control_type=MenuItem class_name= text='Végrehajtás' rectangle={'left': 44, 'top': 84, 'right': 318, 'bottom': 112} center=(181, 98) process_id=23704 native_handle=None topbar_candidate=True popup_candidate=False
2026-08-26 14:56:51.292 | INFO     | winwatt_automation.live_ui.menu_helpers:_menu_row_from_wrapper:1545 - TEXT_EXTRACTION_FALLBACK_USED source=legacy_text confidence=medium rect={'left': 44, 'top': 111, 'right': 318, 'bottom': 139}
2026-08-26 14:56:51.294 | DEBUG    | winwatt_automation.live_ui.menu_helpers:_log_popup_fragment:499 - DBG_MENU_FRAGMENT_MAIN_WINDOW source_scope=main_window control_type=MenuItem class_name= text='Végrehajtás' rectangle={'left': 44, 'top': 111, 'right': 318, 'bottom': 139} center=(181, 125) process_id=23704 native_handle=None topbar_candidate=True popup_candidate=False
2026-08-26 14:56:51.294 | INFO     | winwatt_automation.live_ui.menu_helpers:_menu_row_from_wrapper:1545 - TEXT_EXTRACTION_FALLBACK_USED source=legacy_text confidence=medium rect={'left': 44, 'top': 139, 'right': 318, 'bottom': 167}
2026-08-26 14:56:51.294 | DEBUG    | winwatt_automation.live_ui.menu_helpers:_log_popup_fragment:499 - DBG_MENU_FRAGMENT_MAIN_WINDOW source_scope=main_window control_type=MenuItem class_name= text='Végrehajtás' rectangle={'left': 44, 'top': 139, 'right': 318, 'bottom': 167} center=(181, 153) process_id=23704 native_handle=None topbar_candidate=True popup_candidate=False
2026-08-26 14:56:51.310 | INFO     | winwatt_automation.live_ui.menu_helpers:_menu_row_from_wrapper:1545 - TEXT_EXTRACTION_FALLBACK_USED source=legacy_text confidence=medium rect={'left': 44, 'top': 166, 'right': 318, 'bottom': 194}
2026-08-26 14:56:51.310 | DEBUG    | winwatt_automation.live_ui.menu_helpers:_log_popup_fragment:499 - DBG_MENU_FRAGMENT_MAIN_WINDOW source_scope=main_window control_type=MenuItem class_name= text='Végrehajtás' rectangle={'left': 44, 'top': 166, 'right': 318, 'bottom': 194} center=(181, 180) process_id=23704 native_handle=None topbar_candidate=True popup_candidate=False
2026-08-26 14:56:51.310 | INFO     | winwatt_automation.live_ui.menu_helpers:_menu_row_from_wrapper:1545 - TEXT_EXTRACTION_FALLBACK_USED source=legacy_text confidence=medium rect={'left': 44, 'top': 201, 'right': 318, 'bottom': 229}
2026-08-26 14:56:51.326 | DEBUG    | winwatt_automation.live_ui.menu_helpers:_log_popup_fragment:499 - DBG_MENU_FRAGMENT_MAIN_WINDOW source_scope=main_window control_type=MenuItem class_name= text='Végrehajtás' rectangle={'left': 44, 'top': 201, 'right': 318, 'bottom': 229} center=(181, 215) process_id=23704 native_handle=None topbar_candidate=True popup_candidate=False
2026-08-26 14:56:51.326 | INFO     | winwatt_automation.live_ui.menu_helpers:_menu_row_from_wrapper:1545 - TEXT_EXTRACTION_FALLBACK_USED source=legacy_text confidence=medium rect={'left': 44, 'top': 229, 'right': 318, 'bottom': 257}
2026-08-26 14:56:51.326 | DEBUG    | winwatt_automation.live_ui.menu_helpers:_log_popup_fragment:499 - DBG_MENU_FRAGMENT_MAIN_WINDOW source_scope=main_window control_type=MenuItem class_name= text='Végrehajtás' rectangle={'left': 44, 'top': 229, 'right': 318, 'bottom': 257} center=(181, 243) process_id=23704 native_handle=None topbar_candidate=True popup_candidate=False
2026-08-26 14:56:51.342 | INFO     | winwatt_automation.live_ui.menu_helpers:_menu_row_from_wrapper:1545 - TEXT_EXTRACTION_FALLBACK_USED source=legacy_text confidence=medium rect={'left': 44, 'top': 256, 'right': 318, 'bottom': 284}
2026-08-26 14:56:51.342 | DEBUG    | winwatt_automation.live_ui.menu_helpers:_log_popup_fragment:499 - DBG_MENU_FRAGMENT_MAIN_WINDOW source_scope=main_window control_type=MenuItem class_name= text='Végrehajtás' rectangle={'left': 44, 'top': 256, 'right': 318, 'bottom': 284} center=(181, 270) process_id=23704 native_handle=None topbar_candidate=True popup_candidate=False
2026-08-26 14:56:51.358 | INFO     | winwatt_automation.live_ui.menu_helpers:_menu_row_from_wrapper:1545 - TEXT_EXTRACTION_FALLBACK_USED source=legacy_text confidence=medium rect={'left': 44, 'top': 284, 'right': 318, 'bottom': 312}
2026-08-26 14:56:51.362 | DEBUG    | winwatt_automation.live_ui.menu_helpers:_log_popup_fragment:499 - DBG_MENU_FRAGMENT_MAIN_WINDOW source_scope=main_window control_type=MenuItem class_name= text='Végrehajtás' rectangle={'left': 44, 'top': 284, 'right': 318, 'bottom': 312} center=(181, 298) process_id=23704 native_handle=None topbar_candidate=True popup_candidate=False
2026-08-26 14:56:51.376 | INFO     | winwatt_automation.live_ui.menu_helpers:_menu_row_from_wrapper:1545 - TEXT_EXTRACTION_FALLBACK_USED source=legacy_text confidence=medium rect={'left': 44, 'top': 319, 'right': 318, 'bottom': 347}
2026-08-26 14:56:51.378 | DEBUG    | winwatt_automation.live_ui.menu_helpers:_log_popup_fragment:499 - DBG_MENU_FRAGMENT_MAIN_WINDOW source_scope=main_window control_type=MenuItem class_name= text='Végrehajtás' rectangle={'left': 44, 'top': 319, 'right': 318, 'bottom': 347} center=(181, 333) process_id=23704 native_handle=None topbar_candidate=True popup_candidate=False
2026-08-26 14:56:51.392 | INFO     | winwatt_automation.live_ui.menu_helpers:_menu_row_from_wrapper:1545 - TEXT_EXTRACTION_FALLBACK_USED source=legacy_text confidence=medium rect={'left': 44, 'top': 346, 'right': 318, 'bottom': 374}
2026-08-26 14:56:51.397 | DEBUG    | winwatt_automation.live_ui.menu_helpers:_log_popup_fragment:499 - DBG_MENU_FRAGMENT_MAIN_WINDOW source_scope=main_window control_type=MenuItem class_name= text='Végrehajtás' rectangle={'left': 44, 'top': 346, 'right': 318, 'bottom': 374} center=(181, 360) process_id=23704 native_handle=None topbar_candidate=True popup_candidate=False
2026-08-26 14:56:51.410 | INFO     | winwatt_automation.live_ui.menu_helpers:_menu_row_from_wrapper:1545 - TEXT_EXTRACTION_FALLBACK_USED source=legacy_text confidence=medium rect={'left': 44, 'top': 374, 'right': 318, 'bottom': 402}
2026-08-26 14:56:51.413 | DEBUG    | winwatt_automation.live_ui.menu_helpers:_log_popup_fragment:499 - DBG_MENU_FRAGMENT_MAIN_WINDOW source_scope=main_window control_type=MenuItem class_name= text='Végrehajtás' rectangle={'left': 44, 'top': 374, 'right': 318, 'bottom': 402} center=(181, 388) process_id=23704 native_handle=None topbar_candidate=True popup_candidate=False
2026-08-26 14:56:51.422 | INFO     | winwatt_automation.live_ui.menu_helpers:_menu_row_from_wrapper:1545 - TEXT_EXTRACTION_FALLBACK_USED source=legacy_text confidence=medium rect={'left': 44, 'top': 401, 'right': 318, 'bottom': 429}
2026-08-26 14:56:51.426 | DEBUG    | winwatt_automation.live_ui.menu_helpers:_log_popup_fragment:499 - DBG_MENU_FRAGMENT_MAIN_WINDOW source_scope=main_window control_type=MenuItem class_name= text='Végrehajtás' rectangle={'left': 44, 'top': 401, 'right': 318, 'bottom': 429} center=(181, 415) process_id=23704 native_handle=None topbar_candidate=True popup_candidate=False
2026-08-26 14:56:51.439 | INFO     | winwatt_automation.live_ui.menu_helpers:_menu_row_from_wrapper:1545 - TEXT_EXTRACTION_FALLBACK_USED source=legacy_text confidence=medium rect={'left': 44, 'top': 436, 'right': 318, 'bottom': 464}
2026-08-26 14:56:51.442 | DEBUG    | winwatt_automation.live_ui.menu_helpers:_log_popup_fragment:499 - DBG_MENU_FRAGMENT_MAIN_WINDOW source_scope=main_window control_type=MenuItem class_name= text='Végrehajtás' rectangle={'left': 44, 'top': 436, 'right': 318, 'bottom': 464} center=(181, 450) process_id=23704 native_handle=None topbar_candidate=True popup_candidate=False
2026-08-26 14:56:51.443 | DEBUG    | winwatt_automation.live_ui.menu_helpers:_log_popup_fragment:499 - DBG_MENU_FRAGMENT_MAIN_WINDOW source_scope=main_window control_type=MenuItem class_name= text='Rendszer' rectangle={'left': 0, 'top': 0, 'right': 28, 'bottom': 28} center=(14, 14) process_id=23704 native_handle=None topbar_candidate=True popup_candidate=False
2026-08-26 14:56:51.444 | DEBUG    | winwatt_automation.live_ui.menu_helpers:_log_popup_fragment:499 - DBG_MENU_FRAGMENT_MAIN_WINDOW source_scope=main_window control_type=MenuItem class_name= text='Fájl' rectangle={'left': 0, 'top': 29, 'right': 40, 'bottom': 53} center=(20, 41) process_id=23704 native_handle=None topbar_candidate=True popup_candidate=False
2026-08-26 14:56:51.444 | DEBUG    | winwatt_automation.live_ui.menu_helpers:_log_popup_fragment:499 - DBG_MENU_FRAGMENT_MAIN_WINDOW source_scope=main_window control_type=MenuItem class_name= text='Jegyzékek' rectangle={'left': 40, 'top': 29, 'right': 123, 'bottom': 53} center=(81, 41) process_id=23704 native_handle=None topbar_candidate=True popup_candidate=False
2026-08-26 14:56:51.444 | DEBUG    | winwatt_automation.live_ui.menu_helpers:_log_popup_fragment:499 - DBG_MENU_FRAGMENT_MAIN_WINDOW source_scope=main_window control_type=MenuItem class_name= text='Eszközök' rectangle={'left': 123, 'top': 29, 'right': 199, 'bottom': 53} center=(161, 41) process_id=23704 native_handle=None topbar_candidate=True popup_candidate=False
2026-08-26 14:56:51.447 | DEBUG    | winwatt_automation.live_ui.menu_helpers:_log_popup_fragment:499 - DBG_MENU_FRAGMENT_MAIN_WINDOW source_scope=main_window control_type=MenuItem class_name= text='Beállítások' rectangle={'left': 199, 'top': 29, 'right': 287, 'bottom': 53} center=(243, 41) process_id=23704 native_handle=None topbar_candidate=True popup_candidate=False
2026-08-26 14:56:51.448 | DEBUG    | winwatt_automation.live_ui.menu_helpers:_log_popup_fragment:499 - DBG_MENU_FRAGMENT_MAIN_WINDOW source_scope=main_window control_type=MenuItem class_name= text='Ablak' rectangle={'left': 286, 'top': 29, 'right': 341, 'bottom': 53} center=(313, 41) process_id=23704 native_handle=None topbar_candidate=True popup_candidate=False
2026-08-26 14:56:51.449 | DEBUG    | winwatt_automation.live_ui.menu_helpers:_log_popup_fragment:499 - DBG_MENU_FRAGMENT_MAIN_WINDOW source_scope=main_window control_type=MenuItem class_name= text='Súgó' rectangle={'left': 341, 'top': 29, 'right': 392, 'bottom': 53} center=(366, 41) process_id=23704 native_handle=None topbar_candidate=True popup_candidate=False
2026-08-26 14:56:51.450 | DEBUG    | winwatt_automation.live_ui.menu_helpers:_menu_like_controls_from_main_window:1599 - DBG_MENU_FRAGMENT_SOURCE_SUMMARY source_scope=main_window count=21
2026-08-26 14:56:51.456 | INFO     | winwatt_automation.live_ui.app_connector:is_winwatt_foreground_context:1161 - DBG_WINWATT_FOREGROUND_CONTEXT expected_handle=1967302 expected_process_id=23704 expected_title=WinWatt gólya - C:\Users\Admin\Documents\GitHub\autowinwatt\winwatt_automation\data\runtime_maps\full_authorized_sandbox\20260826T123933Z\testwwp.wwp expected_class_name=TMainForm actual_foreground_handle=1967302 actual_foreground_process_id=23704 actual_foreground_title=WinWatt gólya - C:\Users\Admin\Documents\GitHub\autowinwatt\winwatt_automation\data\runtime_maps\full_authorized_sandbox\20260826T123933Z\testwwp.wwp actual_foreground_class_name=TMainForm allow_dialog=True result_reason=handle_match
2026-08-26 14:56:51.459 | INFO     | winwatt_automation.live_ui.app_connector:_cached_window_health_status:489 - DBG_WINWATT_CACHE_HEALTH reason_code=healthy payload={'wrapper_type': 'UIAWrapper', 'handle': 1967302, 'process_id': 23704, 'title': 'WinWatt gólya - C:\\Users\\Admin\\Documents\\GitHub\\autowinwatt\\winwatt_automation\\data\\runtime_maps\\full_authorized_sandbox\\20260826T123933Z\\testwwp.wwp', 'class_name': 'TMainForm', 'control_type': 'Window'}
2026-08-26 14:56:51.461 | DEBUG    | winwatt_automation.live_ui.app_connector:get_cached_main_window:574 - DBG_WINWATT_CACHE_GET reason_code=cache_validated_ok payload={'wrapper_type': 'UIAWrapper', 'handle': 1967302, 'process_id': 23704, 'title': 'WinWatt gólya - C:\\Users\\Admin\\Documents\\GitHub\\autowinwatt\\winwatt_automation\\data\\runtime_maps\\full_authorized_sandbox\\20260826T123933Z\\testwwp.wwp', 'class_name': 'TMainForm', 'control_type': 'Window'} last_validation_age_s=4.109000000025844 diagnostic_fast_mode=False
2026-08-26 14:56:51.461 | DEBUG    | winwatt_automation.live_ui.app_connector:get_cached_main_window:575 - DBG_PHASE_TIMING phase=get_cached_main_window elapsed_ms=16.000 reason_code=cache_validated_ok
2026-08-26 14:56:51.461 | DEBUG    | winwatt_automation.live_ui.app_connector:get_cached_main_window:565 - DBG_WINWATT_CACHE_GET reason_code=cache_reused_without_validation payload={'wrapper_type': 'UIAWrapper', 'handle': 1967302, 'process_id': 23704, 'title': 'WinWatt gólya - C:\\Users\\Admin\\Documents\\GitHub\\autowinwatt\\winwatt_automation\\data\\runtime_maps\\full_authorized_sandbox\\20260826T123933Z\\testwwp.wwp', 'class_name': 'TMainForm', 'control_type': 'Window'} last_validation_age_s=0.0159999999741558 diagnostic_fast_mode=False
2026-08-26 14:56:51.461 | DEBUG    | winwatt_automation.live_ui.app_connector:get_cached_main_window:566 - DBG_PHASE_TIMING phase=get_cached_main_window elapsed_ms=0.000 reason_code=cache_reused_without_validation
2026-08-26 14:56:52.142 | INFO     | winwatt_automation.live_ui.menu_helpers:_menu_row_from_wrapper:1545 - TEXT_EXTRACTION_FALLBACK_USED source=legacy_text confidence=medium rect={'left': 44, 'top': 56, 'right': 318, 'bottom': 84}
2026-08-26 14:56:52.161 | DEBUG    | winwatt_automation.live_ui.menu_helpers:_log_popup_fragment:499 - DBG_MENU_FRAGMENT_GLOBAL_SCAN source_scope=global_process_scan control_type=MenuItem class_name= text='Végrehajtás' rectangle={'left': 44, 'top': 56, 'right': 318, 'bottom': 84} center=(181, 70) process_id=23704 native_handle=None topbar_candidate=True popup_candidate=False
2026-08-26 14:56:52.161 | INFO     | winwatt_automation.live_ui.menu_helpers:_menu_row_from_wrapper:1545 - TEXT_EXTRACTION_FALLBACK_USED source=legacy_text confidence=medium rect={'left': 44, 'top': 84, 'right': 318, 'bottom': 112}
2026-08-26 14:56:52.176 | DEBUG    | winwatt_automation.live_ui.menu_helpers:_log_popup_fragment:499 - DBG_MENU_FRAGMENT_GLOBAL_SCAN source_scope=global_process_scan control_type=MenuItem class_name= text='Végrehajtás' rectangle={'left': 44, 'top': 84, 'right': 318, 'bottom': 112} center=(181, 98) process_id=23704 native_handle=None topbar_candidate=True popup_candidate=False
2026-08-26 14:56:52.176 | INFO     | winwatt_automation.live_ui.menu_helpers:_menu_row_from_wrapper:1545 - TEXT_EXTRACTION_FALLBACK_USED source=legacy_text confidence=medium rect={'left': 44, 'top': 111, 'right': 318, 'bottom': 139}
2026-08-26 14:56:52.176 | DEBUG    | winwatt_automation.live_ui.menu_helpers:_log_popup_fragment:499 - DBG_MENU_FRAGMENT_GLOBAL_SCAN source_scope=global_process_scan control_type=MenuItem class_name= text='Végrehajtás' rectangle={'left': 44, 'top': 111, 'right': 318, 'bottom': 139} center=(181, 125) process_id=23704 native_handle=None topbar_candidate=True popup_candidate=False
2026-08-26 14:56:52.193 | INFO     | winwatt_automation.live_ui.menu_helpers:_menu_row_from_wrapper:1545 - TEXT_EXTRACTION_FALLBACK_USED source=legacy_text confidence=medium rect={'left': 44, 'top': 139, 'right': 318, 'bottom': 167}
2026-08-26 14:56:52.193 | DEBUG    | winwatt_automation.live_ui.menu_helpers:_log_popup_fragment:499 - DBG_MENU_FRAGMENT_GLOBAL_SCAN source_scope=global_process_scan control_type=MenuItem class_name= text='Végrehajtás' rectangle={'left': 44, 'top': 139, 'right': 318, 'bottom': 167} center=(181, 153) process_id=23704 native_handle=None topbar_candidate=True popup_candidate=False
2026-08-26 14:56:52.193 | INFO     | winwatt_automation.live_ui.menu_helpers:_menu_row_from_wrapper:1545 - TEXT_EXTRACTION_FALLBACK_USED source=legacy_text confidence=medium rect={'left': 44, 'top': 166, 'right': 318, 'bottom': 194}
2026-08-26 14:56:52.193 | DEBUG    | winwatt_automation.live_ui.menu_helpers:_log_popup_fragment:499 - DBG_MENU_FRAGMENT_GLOBAL_SCAN source_scope=global_process_scan control_type=MenuItem class_name= text='Végrehajtás' rectangle={'left': 44, 'top': 166, 'right': 318, 'bottom': 194} center=(181, 180) process_id=23704 native_handle=None topbar_candidate=True popup_candidate=False
2026-08-26 14:56:52.210 | INFO     | winwatt_automation.live_ui.menu_helpers:_menu_row_from_wrapper:1545 - TEXT_EXTRACTION_FALLBACK_USED source=legacy_text confidence=medium rect={'left': 44, 'top': 201, 'right': 318, 'bottom': 229}
2026-08-26 14:56:52.210 | DEBUG    | winwatt_automation.live_ui.menu_helpers:_log_popup_fragment:499 - DBG_MENU_FRAGMENT_GLOBAL_SCAN source_scope=global_process_scan control_type=MenuItem class_name= text='Végrehajtás' rectangle={'left': 44, 'top': 201, 'right': 318, 'bottom': 229} center=(181, 215) process_id=23704 native_handle=None topbar_candidate=True popup_candidate=False
2026-08-26 14:56:52.210 | INFO     | winwatt_automation.live_ui.menu_helpers:_menu_row_from_wrapper:1545 - TEXT_EXTRACTION_FALLBACK_USED source=legacy_text confidence=medium rect={'left': 44, 'top': 229, 'right': 318, 'bottom': 257}
2026-08-26 14:56:52.225 | DEBUG    | winwatt_automation.live_ui.menu_helpers:_log_popup_fragment:499 - DBG_MENU_FRAGMENT_GLOBAL_SCAN source_scope=global_process_scan control_type=MenuItem class_name= text='Végrehajtás' rectangle={'left': 44, 'top': 229, 'right': 318, 'bottom': 257} center=(181, 243) process_id=23704 native_handle=None topbar_candidate=True popup_candidate=False
2026-08-26 14:56:52.225 | INFO     | winwatt_automation.live_ui.menu_helpers:_menu_row_from_wrapper:1545 - TEXT_EXTRACTION_FALLBACK_USED source=legacy_text confidence=medium rect={'left': 44, 'top': 256, 'right': 318, 'bottom': 284}
2026-08-26 14:56:52.225 | DEBUG    | winwatt_automation.live_ui.menu_helpers:_log_popup_fragment:499 - DBG_MENU_FRAGMENT_GLOBAL_SCAN source_scope=global_process_scan control_type=MenuItem class_name= text='Végrehajtás' rectangle={'left': 44, 'top': 256, 'right': 318, 'bottom': 284} center=(181, 270) process_id=23704 native_handle=None topbar_candidate=True popup_candidate=False
2026-08-26 14:56:52.242 | INFO     | winwatt_automation.live_ui.menu_helpers:_menu_row_from_wrapper:1545 - TEXT_EXTRACTION_FALLBACK_USED source=legacy_text confidence=medium rect={'left': 44, 'top': 284, 'right': 318, 'bottom': 312}
2026-08-26 14:56:52.246 | DEBUG    | winwatt_automation.live_ui.menu_helpers:_log_popup_fragment:499 - DBG_MENU_FRAGMENT_GLOBAL_SCAN source_scope=global_process_scan control_type=MenuItem class_name= text='Végrehajtás' rectangle={'left': 44, 'top': 284, 'right': 318, 'bottom': 312} center=(181, 298) process_id=23704 native_handle=None topbar_candidate=True popup_candidate=False
2026-08-26 14:56:52.246 | INFO     | winwatt_automation.live_ui.menu_helpers:_menu_row_from_wrapper:1545 - TEXT_EXTRACTION_FALLBACK_USED source=legacy_text confidence=medium rect={'left': 44, 'top': 319, 'right': 318, 'bottom': 347}
2026-08-26 14:56:52.246 | DEBUG    | winwatt_automation.live_ui.menu_helpers:_log_popup_fragment:499 - DBG_MENU_FRAGMENT_GLOBAL_SCAN source_scope=global_process_scan control_type=MenuItem class_name= text='Végrehajtás' rectangle={'left': 44, 'top': 319, 'right': 318, 'bottom': 347} center=(181, 333) process_id=23704 native_handle=None topbar_candidate=True popup_candidate=False
2026-08-26 14:56:52.260 | INFO     | winwatt_automation.live_ui.menu_helpers:_menu_row_from_wrapper:1545 - TEXT_EXTRACTION_FALLBACK_USED source=legacy_text confidence=medium rect={'left': 44, 'top': 346, 'right': 318, 'bottom': 374}
2026-08-26 14:56:52.260 | DEBUG    | winwatt_automation.live_ui.menu_helpers:_log_popup_fragment:499 - DBG_MENU_FRAGMENT_GLOBAL_SCAN source_scope=global_process_scan control_type=MenuItem class_name= text='Végrehajtás' rectangle={'left': 44, 'top': 346, 'right': 318, 'bottom': 374} center=(181, 360) process_id=23704 native_handle=None topbar_candidate=True popup_candidate=False
2026-08-26 14:56:52.260 | INFO     | winwatt_automation.live_ui.menu_helpers:_menu_row_from_wrapper:1545 - TEXT_EXTRACTION_FALLBACK_USED source=legacy_text confidence=medium rect={'left': 44, 'top': 374, 'right': 318, 'bottom': 402}
2026-08-26 14:56:52.276 | DEBUG    | winwatt_automation.live_ui.menu_helpers:_log_popup_fragment:499 - DBG_MENU_FRAGMENT_GLOBAL_SCAN source_scope=global_process_scan control_type=MenuItem class_name= text='Végrehajtás' rectangle={'left': 44, 'top': 374, 'right': 318, 'bottom': 402} center=(181, 388) process_id=23704 native_handle=None topbar_candidate=True popup_candidate=False
2026-08-26 14:56:52.276 | INFO     | winwatt_automation.live_ui.menu_helpers:_menu_row_from_wrapper:1545 - TEXT_EXTRACTION_FALLBACK_USED source=legacy_text confidence=medium rect={'left': 44, 'top': 401, 'right': 318, 'bottom': 429}
2026-08-26 14:56:52.276 | DEBUG    | winwatt_automation.live_ui.menu_helpers:_log_popup_fragment:499 - DBG_MENU_FRAGMENT_GLOBAL_SCAN source_scope=global_process_scan control_type=MenuItem class_name= text='Végrehajtás' rectangle={'left': 44, 'top': 401, 'right': 318, 'bottom': 429} center=(181, 415) process_id=23704 native_handle=None topbar_candidate=True popup_candidate=False
2026-08-26 14:56:52.293 | INFO     | winwatt_automation.live_ui.menu_helpers:_menu_row_from_wrapper:1545 - TEXT_EXTRACTION_FALLBACK_USED source=legacy_text confidence=medium rect={'left': 44, 'top': 436, 'right': 318, 'bottom': 464}
2026-08-26 14:56:52.293 | DEBUG    | winwatt_automation.live_ui.menu_helpers:_log_popup_fragment:499 - DBG_MENU_FRAGMENT_GLOBAL_SCAN source_scope=global_process_scan control_type=MenuItem class_name= text='Végrehajtás' rectangle={'left': 44, 'top': 436, 'right': 318, 'bottom': 464} center=(181, 450) process_id=23704 native_handle=None topbar_candidate=True popup_candidate=False
2026-08-26 14:56:52.293 | DEBUG    | winwatt_automation.live_ui.menu_helpers:_log_popup_fragment:499 - DBG_MENU_FRAGMENT_GLOBAL_SCAN source_scope=global_process_scan control_type=MenuItem class_name= text='Rendszer' rectangle={'left': 0, 'top': 0, 'right': 28, 'bottom': 28} center=(14, 14) process_id=23704 native_handle=None topbar_candidate=True popup_candidate=False
2026-08-26 14:56:52.293 | DEBUG    | winwatt_automation.live_ui.menu_helpers:_log_popup_fragment:499 - DBG_MENU_FRAGMENT_GLOBAL_SCAN source_scope=global_process_scan control_type=MenuItem class_name= text='Fájl' rectangle={'left': 0, 'top': 29, 'right': 40, 'bottom': 53} center=(20, 41) process_id=23704 native_handle=None topbar_candidate=True popup_candidate=False
2026-08-26 14:56:52.293 | DEBUG    | winwatt_automation.live_ui.menu_helpers:_log_popup_fragment:499 - DBG_MENU_FRAGMENT_GLOBAL_SCAN source_scope=global_process_scan control_type=MenuItem class_name= text='Jegyzékek' rectangle={'left': 40, 'top': 29, 'right': 123, 'bottom': 53} center=(81, 41) process_id=23704 native_handle=None topbar_candidate=True popup_candidate=False
2026-08-26 14:56:52.293 | DEBUG    | winwatt_automation.live_ui.menu_helpers:_log_popup_fragment:499 - DBG_MENU_FRAGMENT_GLOBAL_SCAN source_scope=global_process_scan control_type=MenuItem class_name= text='Eszközök' rectangle={'left': 123, 'top': 29, 'right': 199, 'bottom': 53} center=(161, 41) process_id=23704 native_handle=None topbar_candidate=True popup_candidate=False
2026-08-26 14:56:52.293 | DEBUG    | winwatt_automation.live_ui.menu_helpers:_log_popup_fragment:499 - DBG_MENU_FRAGMENT_GLOBAL_SCAN source_scope=global_process_scan control_type=MenuItem class_name= text='Beállítások' rectangle={'left': 199, 'top': 29, 'right': 287, 'bottom': 53} center=(243, 41) process_id=23704 native_handle=None topbar_candidate=True popup_candidate=False
2026-08-26 14:56:52.293 | DEBUG    | winwatt_automation.live_ui.menu_helpers:_log_popup_fragment:499 - DBG_MENU_FRAGMENT_GLOBAL_SCAN source_scope=global_process_scan control_type=MenuItem class_name= text='Ablak' rectangle={'left': 286, 'top': 29, 'right': 341, 'bottom': 53} center=(313, 41) process_id=23704 native_handle=None topbar_candidate=True popup_candidate=False
2026-08-26 14:56:52.293 | DEBUG    | winwatt_automation.live_ui.menu_helpers:_log_popup_fragment:499 - DBG_MENU_FRAGMENT_GLOBAL_SCAN source_scope=global_process_scan control_type=MenuItem class_name= text='Súgó' rectangle={'left': 341, 'top': 29, 'right': 392, 'bottom': 53} center=(366, 41) process_id=23704 native_handle=None topbar_candidate=True popup_candidate=False
2026-08-26 14:56:52.293 | DEBUG    | winwatt_automation.live_ui.menu_helpers:_menu_like_controls_from_global_process_scan:1631 - DBG_MENU_FRAGMENT_SOURCE_SUMMARY source_scope=global_process_scan count=21 process_id=23704
2026-08-26 14:56:52.293 | DEBUG    | winwatt_automation.live_ui.app_connector:get_cached_main_window:565 - DBG_WINWATT_CACHE_GET reason_code=cache_reused_without_validation payload={'wrapper_type': 'UIAWrapper', 'handle': 1967302, 'process_id': 23704, 'title': 'WinWatt gólya - C:\\Users\\Admin\\Documents\\GitHub\\autowinwatt\\winwatt_automation\\data\\runtime_maps\\full_authorized_sandbox\\20260826T123933Z\\testwwp.wwp', 'class_name': 'TMainForm', 'control_type': 'Window'} last_validation_age_s=0.8439999999827705 diagnostic_fast_mode=False
2026-08-26 14:56:52.293 | DEBUG    | winwatt_automation.live_ui.app_connector:get_cached_main_window:566 - DBG_PHASE_TIMING phase=get_cached_main_window elapsed_ms=0.000 reason_code=cache_reused_without_validation
2026-08-26 14:56:52.883 | DEBUG    | winwatt_automation.live_ui.menu_helpers:capture_menu_popup_snapshot:1682 - DBG_POPUP_ROW_DEDUPE rect={'left': 44, 'top': 56, 'right': 318, 'bottom': 84} normalized_text=végrehajtás class_name= source_scope=main_window deduplicated=False
2026-08-26 14:56:52.883 | DEBUG    | winwatt_automation.live_ui.menu_helpers:capture_menu_popup_snapshot:1682 - DBG_POPUP_ROW_DEDUPE rect={'left': 44, 'top': 84, 'right': 318, 'bottom': 112} normalized_text=végrehajtás class_name= source_scope=main_window deduplicated=False
2026-08-26 14:56:52.884 | DEBUG    | winwatt_automation.live_ui.menu_helpers:capture_menu_popup_snapshot:1682 - DBG_POPUP_ROW_DEDUPE rect={'left': 44, 'top': 111, 'right': 318, 'bottom': 139} normalized_text=végrehajtás class_name= source_scope=main_window deduplicated=False
2026-08-26 14:56:52.884 | DEBUG    | winwatt_automation.live_ui.menu_helpers:capture_menu_popup_snapshot:1682 - DBG_POPUP_ROW_DEDUPE rect={'left': 44, 'top': 139, 'right': 318, 'bottom': 167} normalized_text=végrehajtás class_name= source_scope=main_window deduplicated=False
2026-08-26 14:56:52.884 | DEBUG    | winwatt_automation.live_ui.menu_helpers:capture_menu_popup_snapshot:1682 - DBG_POPUP_ROW_DEDUPE rect={'left': 44, 'top': 166, 'right': 318, 'bottom': 194} normalized_text=végrehajtás class_name= source_scope=main_window deduplicated=False
2026-08-26 14:56:52.885 | DEBUG    | winwatt_automation.live_ui.menu_helpers:capture_menu_popup_snapshot:1682 - DBG_POPUP_ROW_DEDUPE rect={'left': 44, 'top': 201, 'right': 318, 'bottom': 229} normalized_text=végrehajtás class_name= source_scope=main_window deduplicated=False
2026-08-26 14:56:52.885 | DEBUG    | winwatt_automation.live_ui.menu_helpers:capture_menu_popup_snapshot:1682 - DBG_POPUP_ROW_DEDUPE rect={'left': 44, 'top': 229, 'right': 318, 'bottom': 257} normalized_text=végrehajtás class_name= source_scope=main_window deduplicated=False
2026-08-26 14:56:52.886 | DEBUG    | winwatt_automation.live_ui.menu_helpers:capture_menu_popup_snapshot:1682 - DBG_POPUP_ROW_DEDUPE rect={'left': 44, 'top': 256, 'right': 318, 'bottom': 284} normalized_text=végrehajtás class_name= source_scope=main_window deduplicated=False
2026-08-26 14:56:52.886 | DEBUG    | winwatt_automation.live_ui.menu_helpers:capture_menu_popup_snapshot:1682 - DBG_POPUP_ROW_DEDUPE rect={'left': 44, 'top': 284, 'right': 318, 'bottom': 312} normalized_text=végrehajtás class_name= source_scope=main_window deduplicated=False
2026-08-26 14:56:52.886 | DEBUG    | winwatt_automation.live_ui.menu_helpers:capture_menu_popup_snapshot:1682 - DBG_POPUP_ROW_DEDUPE rect={'left': 44, 'top': 319, 'right': 318, 'bottom': 347} normalized_text=végrehajtás class_name= source_scope=main_window deduplicated=False
2026-08-26 14:56:52.887 | DEBUG    | winwatt_automation.live_ui.menu_helpers:capture_menu_popup_snapshot:1682 - DBG_POPUP_ROW_DEDUPE rect={'left': 44, 'top': 346, 'right': 318, 'bottom': 374} normalized_text=végrehajtás class_name= source_scope=main_window deduplicated=False
2026-08-26 14:56:52.887 | DEBUG    | winwatt_automation.live_ui.menu_helpers:capture_menu_popup_snapshot:1682 - DBG_POPUP_ROW_DEDUPE rect={'left': 44, 'top': 374, 'right': 318, 'bottom': 402} normalized_text=végrehajtás class_name= source_scope=main_window deduplicated=False
2026-08-26 14:56:52.887 | DEBUG    | winwatt_automation.live_ui.menu_helpers:capture_menu_popup_snapshot:1682 - DBG_POPUP_ROW_DEDUPE rect={'left': 44, 'top': 401, 'right': 318, 'bottom': 429} normalized_text=végrehajtás class_name= source_scope=main_window deduplicated=False
2026-08-26 14:56:52.888 | DEBUG    | winwatt_automation.live_ui.menu_helpers:capture_menu_popup_snapshot:1682 - DBG_POPUP_ROW_DEDUPE rect={'left': 44, 'top': 436, 'right': 318, 'bottom': 464} normalized_text=végrehajtás class_name= source_scope=main_window deduplicated=False
2026-08-26 14:56:52.888 | DEBUG    | winwatt_automation.live_ui.menu_helpers:capture_menu_popup_snapshot:1682 - DBG_POPUP_ROW_DEDUPE rect={'left': 0, 'top': 0, 'right': 28, 'bottom': 28} normalized_text=rendszer class_name= source_scope=main_window deduplicated=False
2026-08-26 14:56:52.889 | DEBUG    | winwatt_automation.live_ui.menu_helpers:capture_menu_popup_snapshot:1682 - DBG_POPUP_ROW_DEDUPE rect={'left': 0, 'top': 29, 'right': 40, 'bottom': 53} normalized_text=fájl class_name= source_scope=main_window deduplicated=False
2026-08-26 14:56:52.889 | DEBUG    | winwatt_automation.live_ui.menu_helpers:capture_menu_popup_snapshot:1682 - DBG_POPUP_ROW_DEDUPE rect={'left': 40, 'top': 29, 'right': 123, 'bottom': 53} normalized_text=jegyzékek class_name= source_scope=main_window deduplicated=False
2026-08-26 14:56:52.889 | DEBUG    | winwatt_automation.live_ui.menu_helpers:capture_menu_popup_snapshot:1682 - DBG_POPUP_ROW_DEDUPE rect={'left': 123, 'top': 29, 'right': 199, 'bottom': 53} normalized_text=eszközök class_name= source_scope=main_window deduplicated=False
2026-08-26 14:56:52.890 | DEBUG    | winwatt_automation.live_ui.menu_helpers:capture_menu_popup_snapshot:1682 - DBG_POPUP_ROW_DEDUPE rect={'left': 199, 'top': 29, 'right': 287, 'bottom': 53} normalized_text=beállítások class_name= source_scope=main_window deduplicated=False
2026-08-26 14:56:52.890 | DEBUG    | winwatt_automation.live_ui.menu_helpers:capture_menu_popup_snapshot:1682 - DBG_POPUP_ROW_DEDUPE rect={'left': 286, 'top': 29, 'right': 341, 'bottom': 53} normalized_text=ablak class_name= source_scope=main_window deduplicated=False
2026-08-26 14:56:52.891 | DEBUG    | winwatt_automation.live_ui.menu_helpers:capture_menu_popup_snapshot:1682 - DBG_POPUP_ROW_DEDUPE rect={'left': 341, 'top': 29, 'right': 392, 'bottom': 53} normalized_text=súgó class_name= source_scope=main_window deduplicated=False
2026-08-26 14:56:52.891 | DEBUG    | winwatt_automation.live_ui.menu_helpers:capture_menu_popup_snapshot:1682 - DBG_POPUP_ROW_DEDUPE rect={'left': 44, 'top': 56, 'right': 318, 'bottom': 84} normalized_text=végrehajtás class_name= source_scope=global_process_scan deduplicated=False
2026-08-26 14:56:52.891 | DEBUG    | winwatt_automation.live_ui.menu_helpers:capture_menu_popup_snapshot:1682 - DBG_POPUP_ROW_DEDUPE rect={'left': 44, 'top': 84, 'right': 318, 'bottom': 112} normalized_text=végrehajtás class_name= source_scope=global_process_scan deduplicated=False
2026-08-26 14:56:52.892 | DEBUG    | winwatt_automation.live_ui.menu_helpers:capture_menu_popup_snapshot:1682 - DBG_POPUP_ROW_DEDUPE rect={'left': 44, 'top': 111, 'right': 318, 'bottom': 139} normalized_text=végrehajtás class_name= source_scope=global_process_scan deduplicated=False
2026-08-26 14:56:52.892 | DEBUG    | winwatt_automation.live_ui.menu_helpers:capture_menu_popup_snapshot:1682 - DBG_POPUP_ROW_DEDUPE rect={'left': 44, 'top': 139, 'right': 318, 'bottom': 167} normalized_text=végrehajtás class_name= source_scope=global_process_scan deduplicated=False
2026-08-26 14:56:52.892 | DEBUG    | winwatt_automation.live_ui.menu_helpers:capture_menu_popup_snapshot:1682 - DBG_POPUP_ROW_DEDUPE rect={'left': 44, 'top': 166, 'right': 318, 'bottom': 194} normalized_text=végrehajtás class_name= source_scope=global_process_scan deduplicated=False
2026-08-26 14:56:52.892 | DEBUG    | winwatt_automation.live_ui.menu_helpers:capture_menu_popup_snapshot:1682 - DBG_POPUP_ROW_DEDUPE rect={'left': 44, 'top': 201, 'right': 318, 'bottom': 229} normalized_text=végrehajtás class_name= source_scope=global_process_scan deduplicated=False
2026-08-26 14:56:52.892 | DEBUG    | winwatt_automation.live_ui.menu_helpers:capture_menu_popup_snapshot:1682 - DBG_POPUP_ROW_DEDUPE rect={'left': 44, 'top': 229, 'right': 318, 'bottom': 257} normalized_text=végrehajtás class_name= source_scope=global_process_scan deduplicated=False
2026-08-26 14:56:52.892 | DEBUG    | winwatt_automation.live_ui.menu_helpers:capture_menu_popup_snapshot:1682 - DBG_POPUP_ROW_DEDUPE rect={'left': 44, 'top': 256, 'right': 318, 'bottom': 284} normalized_text=végrehajtás class_name= source_scope=global_process_scan deduplicated=False
2026-08-26 14:56:52.892 | DEBUG    | winwatt_automation.live_ui.menu_helpers:capture_menu_popup_snapshot:1682 - DBG_POPUP_ROW_DEDUPE rect={'left': 44, 'top': 284, 'right': 318, 'bottom': 312} normalized_text=végrehajtás class_name= source_scope=global_process_scan deduplicated=False
2026-08-26 14:56:52.892 | DEBUG    | winwatt_automation.live_ui.menu_helpers:capture_menu_popup_snapshot:1682 - DBG_POPUP_ROW_DEDUPE rect={'left': 44, 'top': 319, 'right': 318, 'bottom': 347} normalized_text=végrehajtás class_name= source_scope=global_process_scan deduplicated=False
2026-08-26 14:56:52.895 | DEBUG    | winwatt_automation.live_ui.menu_helpers:capture_menu_popup_snapshot:1682 - DBG_POPUP_ROW_DEDUPE rect={'left': 44, 'top': 346, 'right': 318, 'bottom': 374} normalized_text=végrehajtás class_name= source_scope=global_process_scan deduplicated=False
2026-08-26 14:56:52.895 | DEBUG    | winwatt_automation.live_ui.menu_helpers:capture_menu_popup_snapshot:1682 - DBG_POPUP_ROW_DEDUPE rect={'left': 44, 'top': 374, 'right': 318, 'bottom': 402} normalized_text=végrehajtás class_name= source_scope=global_process_scan deduplicated=False
2026-08-26 14:56:52.895 | DEBUG    | winwatt_automation.live_ui.menu_helpers:capture_menu_popup_snapshot:1682 - DBG_POPUP_ROW_DEDUPE rect={'left': 44, 'top': 401, 'right': 318, 'bottom': 429} normalized_text=végrehajtás class_name= source_scope=global_process_scan deduplicated=False
2026-08-26 14:56:52.895 | DEBUG    | winwatt_automation.live_ui.menu_helpers:capture_menu_popup_snapshot:1682 - DBG_POPUP_ROW_DEDUPE rect={'left': 44, 'top': 436, 'right': 318, 'bottom': 464} normalized_text=végrehajtás class_name= source_scope=global_process_scan deduplicated=False
2026-08-26 14:56:52.895 | DEBUG    | winwatt_automation.live_ui.menu_helpers:capture_menu_popup_snapshot:1682 - DBG_POPUP_ROW_DEDUPE rect={'left': 0, 'top': 0, 'right': 28, 'bottom': 28} normalized_text=rendszer class_name= source_scope=global_process_scan deduplicated=False
2026-08-26 14:56:52.895 | DEBUG    | winwatt_automation.live_ui.menu_helpers:capture_menu_popup_snapshot:1682 - DBG_POPUP_ROW_DEDUPE rect={'left': 0, 'top': 29, 'right': 40, 'bottom': 53} normalized_text=fájl class_name= source_scope=global_process_scan deduplicated=False
2026-08-26 14:56:52.895 | DEBUG    | winwatt_automation.live_ui.menu_helpers:capture_menu_popup_snapshot:1682 - DBG_POPUP_ROW_DEDUPE rect={'left': 40, 'top': 29, 'right': 123, 'bottom': 53} normalized_text=jegyzékek class_name= source_scope=global_process_scan deduplicated=False
2026-08-26 14:56:52.895 | DEBUG    | winwatt_automation.live_ui.menu_helpers:capture_menu_popup_snapshot:1682 - DBG_POPUP_ROW_DEDUPE rect={'left': 123, 'top': 29, 'right': 199, 'bottom': 53} normalized_text=eszközök class_name= source_scope=global_process_scan deduplicated=False
2026-08-26 14:56:52.895 | DEBUG    | winwatt_automation.live_ui.menu_helpers:capture_menu_popup_snapshot:1682 - DBG_POPUP_ROW_DEDUPE rect={'left': 199, 'top': 29, 'right': 287, 'bottom': 53} normalized_text=beállítások class_name= source_scope=global_process_scan deduplicated=False
2026-08-26 14:56:52.895 | DEBUG    | winwatt_automation.live_ui.menu_helpers:capture_menu_popup_snapshot:1682 - DBG_POPUP_ROW_DEDUPE rect={'left': 286, 'top': 29, 'right': 341, 'bottom': 53} normalized_text=ablak class_name= source_scope=global_process_scan deduplicated=False
2026-08-26 14:56:52.895 | DEBUG    | winwatt_automation.live_ui.menu_helpers:capture_menu_popup_snapshot:1682 - DBG_POPUP_ROW_DEDUPE rect={'left': 341, 'top': 29, 'right': 392, 'bottom': 53} normalized_text=súgó class_name= source_scope=global_process_scan deduplicated=False
2026-08-26 14:56:52.895 | INFO     | winwatt_automation.live_ui.menu_helpers:capture_menu_popup_snapshot:1724 - POPUP_SNAPSHOT_SUMMARY main_window_fragments=21 global_scan_fragments=21 deduped_fragments=42 topbar_like=12 popup_like=28 empty_text=0 topbar_band=(0, 29, 392, 53) empty_text_vertical_cluster_detected=False accepted_popup_rows=0 popup_heuristic=candidate_count_below_threshold
2026-08-26 14:56:52.895 | DEBUG    | winwatt_automation.live_ui.menu_helpers:capture_menu_popup_snapshot:1737 - Captured menu snapshot rows=42
2026-08-26 14:56:52.895 | DEBUG    | winwatt_automation.live_ui.menu_helpers:_log_phase_timing:83 - DBG_PHASE_TIMING phase=capture_menu_popup_snapshot elapsed_ms=2125.000 main_rows=21 global_rows=21 unique_rows=42 diagnostic_fast_mode=False
2026-08-26 14:56:52.895 | DEBUG    | winwatt_automation.live_ui.menu_helpers:did_any_new_menu_popup_appear:2272 - Menu popup snapshot diff: before=14 after=42 new=28
2026-08-26 14:56:52.905 | DEBUG    | winwatt_automation.live_ui.app_connector:get_cached_main_window:565 - DBG_WINWATT_CACHE_GET reason_code=cache_reused_without_validation payload={'wrapper_type': 'UIAWrapper', 'handle': 1967302, 'process_id': 23704, 'title': 'WinWatt gólya - C:\\Users\\Admin\\Documents\\GitHub\\autowinwatt\\winwatt_automation\\data\\runtime_maps\\full_authorized_sandbox\\20260826T123933Z\\testwwp.wwp', 'class_name': 'TMainForm', 'control_type': 'Window'} last_validation_age_s=1.452999999979511 diagnostic_fast_mode=False
2026-08-26 14:56:52.905 | DEBUG    | winwatt_automation.live_ui.app_connector:get_cached_main_window:566 - DBG_PHASE_TIMING phase=get_cached_main_window elapsed_ms=16.000 reason_code=cache_reused_without_validation
2026-08-26 14:56:52.908 | DEBUG    | winwatt_automation.live_ui.app_connector:get_cached_main_window:565 - DBG_WINWATT_CACHE_GET reason_code=cache_reused_without_validation payload={'wrapper_type': 'UIAWrapper', 'handle': 1967302, 'process_id': 23704, 'title': 'WinWatt gólya - C:\\Users\\Admin\\Documents\\GitHub\\autowinwatt\\winwatt_automation\\data\\runtime_maps\\full_authorized_sandbox\\20260826T123933Z\\testwwp.wwp', 'class_name': 'TMainForm', 'control_type': 'Window'} last_validation_age_s=1.4689999999827705 diagnostic_fast_mode=False
2026-08-26 14:56:52.908 | DEBUG    | winwatt_automation.live_ui.app_connector:get_cached_main_window:566 - DBG_PHASE_TIMING phase=get_cached_main_window elapsed_ms=0.000 reason_code=cache_reused_without_validation
2026-08-26 14:56:53.792 | INFO     | winwatt_automation.live_ui.menu_helpers:_menu_items:1101 - DBG_MENU_ITEMS_SUMMARY total_items=21 visible_items=21 topbar_band=(0, 0, 392, 464) topbar_band_visible_count=21 popup_region_visible_count=0 force_refresh=False handle=1967302
2026-08-26 14:56:53.792 | DEBUG    | winwatt_automation.live_ui.menu_helpers:_menu_items:1111 - Discovered 21 MenuItem controls
2026-08-26 14:56:53.792 | DEBUG    | winwatt_automation.live_ui.menu_helpers:_log_phase_timing:83 - DBG_PHASE_TIMING phase=_menu_items elapsed_ms=891.000 force_refresh=False total_items=21 visible_items=21
2026-08-26 14:56:53.993 | DEBUG    | winwatt_automation.live_ui.app_connector:get_cached_main_window:565 - DBG_WINWATT_CACHE_GET reason_code=cache_reused_without_validation payload={'wrapper_type': 'UIAWrapper', 'handle': 1967302, 'process_id': 23704, 'title': 'WinWatt gólya - C:\\Users\\Admin\\Documents\\GitHub\\autowinwatt\\winwatt_automation\\data\\runtime_maps\\full_authorized_sandbox\\20260826T123933Z\\testwwp.wwp', 'class_name': 'TMainForm', 'control_type': 'Window'} last_validation_age_s=2.5469999999913853 diagnostic_fast_mode=False
2026-08-26 14:56:53.993 | DEBUG    | winwatt_automation.live_ui.app_connector:get_cached_main_window:566 - DBG_PHASE_TIMING phase=get_cached_main_window elapsed_ms=0.000 reason_code=cache_reused_without_validation
2026-08-26 14:56:53.993 | DEBUG    | winwatt_automation.live_ui.app_connector:get_cached_main_window:565 - DBG_WINWATT_CACHE_GET reason_code=cache_reused_without_validation payload={'wrapper_type': 'UIAWrapper', 'handle': 1967302, 'process_id': 23704, 'title': 'WinWatt gólya - C:\\Users\\Admin\\Documents\\GitHub\\autowinwatt\\winwatt_automation\\data\\runtime_maps\\full_authorized_sandbox\\20260826T123933Z\\testwwp.wwp', 'class_name': 'TMainForm', 'control_type': 'Window'} last_validation_age_s=2.5469999999913853 diagnostic_fast_mode=False
2026-08-26 14:56:53.993 | DEBUG    | winwatt_automation.live_ui.app_connector:get_cached_main_window:566 - DBG_PHASE_TIMING phase=get_cached_main_window elapsed_ms=0.000 reason_code=cache_reused_without_validation
2026-08-26 14:56:54.486 | INFO     | winwatt_automation.live_ui.menu_helpers:_menu_items:1101 - DBG_MENU_ITEMS_SUMMARY total_items=21 visible_items=21 topbar_band=(0, 0, 392, 464) topbar_band_visible_count=21 popup_region_visible_count=0 force_refresh=False handle=1967302
2026-08-26 14:56:54.486 | DEBUG    | winwatt_automation.live_ui.menu_helpers:_menu_items:1111 - Discovered 21 MenuItem controls
2026-08-26 14:56:54.486 | DEBUG    | winwatt_automation.live_ui.menu_helpers:_log_phase_timing:83 - DBG_PHASE_TIMING phase=_menu_items elapsed_ms=500.000 force_refresh=False total_items=21 visible_items=21
2026-08-26 14:56:54.664 | DEBUG    | winwatt_automation.live_ui.menu_helpers:_structured_popup_rows_from_snapshots:1890 - Popup row dedupe: rect={'left': 44, 'top': 56, 'right': 318, 'bottom': 84} text='Végrehajtás' control_type=MenuItem chosen preferred source=main_window
2026-08-26 14:56:54.664 | DEBUG    | winwatt_automation.live_ui.menu_helpers:_structured_popup_rows_from_snapshots:1905 - Popup row dedupe: rect={'left': 44, 'top': 56, 'right': 318, 'bottom': 84} text='Végrehajtás' control_type=MenuItem chosen preferred source=main_window dropped source=global_process_scan
2026-08-26 14:56:54.664 | DEBUG    | winwatt_automation.live_ui.menu_helpers:_structured_popup_rows_from_snapshots:1890 - Popup row dedupe: rect={'left': 44, 'top': 84, 'right': 318, 'bottom': 112} text='Végrehajtás' control_type=MenuItem chosen preferred source=main_window
2026-08-26 14:56:54.664 | DEBUG    | winwatt_automation.live_ui.menu_helpers:_structured_popup_rows_from_snapshots:1905 - Popup row dedupe: rect={'left': 44, 'top': 84, 'right': 318, 'bottom': 112} text='Végrehajtás' control_type=MenuItem chosen preferred source=main_window dropped source=global_process_scan
2026-08-26 14:56:54.664 | DEBUG    | winwatt_automation.live_ui.menu_helpers:_structured_popup_rows_from_snapshots:1890 - Popup row dedupe: rect={'left': 44, 'top': 111, 'right': 318, 'bottom': 139} text='Végrehajtás' control_type=MenuItem chosen preferred source=main_window
2026-08-26 14:56:54.674 | DEBUG    | winwatt_automation.live_ui.menu_helpers:_structured_popup_rows_from_snapshots:1905 - Popup row dedupe: rect={'left': 44, 'top': 111, 'right': 318, 'bottom': 139} text='Végrehajtás' control_type=MenuItem chosen preferred source=main_window dropped source=global_process_scan
2026-08-26 14:56:54.674 | DEBUG    | winwatt_automation.live_ui.menu_helpers:_structured_popup_rows_from_snapshots:1890 - Popup row dedupe: rect={'left': 44, 'top': 139, 'right': 318, 'bottom': 167} text='Végrehajtás' control_type=MenuItem chosen preferred source=main_window
2026-08-26 14:56:54.675 | DEBUG    | winwatt_automation.live_ui.menu_helpers:_structured_popup_rows_from_snapshots:1905 - Popup row dedupe: rect={'left': 44, 'top': 139, 'right': 318, 'bottom': 167} text='Végrehajtás' control_type=MenuItem chosen preferred source=main_window dropped source=global_process_scan
2026-08-26 14:56:54.676 | DEBUG    | winwatt_automation.live_ui.menu_helpers:_structured_popup_rows_from_snapshots:1890 - Popup row dedupe: rect={'left': 44, 'top': 166, 'right': 318, 'bottom': 194} text='Végrehajtás' control_type=MenuItem chosen preferred source=main_window
2026-08-26 14:56:54.676 | DEBUG    | winwatt_automation.live_ui.menu_helpers:_structured_popup_rows_from_snapshots:1905 - Popup row dedupe: rect={'left': 44, 'top': 166, 'right': 318, 'bottom': 194} text='Végrehajtás' control_type=MenuItem chosen preferred source=main_window dropped source=global_process_scan
2026-08-26 14:56:54.676 | DEBUG    | winwatt_automation.live_ui.menu_helpers:_structured_popup_rows_from_snapshots:1890 - Popup row dedupe: rect={'left': 44, 'top': 201, 'right': 318, 'bottom': 229} text='Végrehajtás' control_type=MenuItem chosen preferred source=main_window
2026-08-26 14:56:54.676 | DEBUG    | winwatt_automation.live_ui.menu_helpers:_structured_popup_rows_from_snapshots:1905 - Popup row dedupe: rect={'left': 44, 'top': 201, 'right': 318, 'bottom': 229} text='Végrehajtás' control_type=MenuItem chosen preferred source=main_window dropped source=global_process_scan
2026-08-26 14:56:54.676 | DEBUG    | winwatt_automation.live_ui.menu_helpers:_structured_popup_rows_from_snapshots:1890 - Popup row dedupe: rect={'left': 44, 'top': 229, 'right': 318, 'bottom': 257} text='Végrehajtás' control_type=MenuItem chosen preferred source=main_window
2026-08-26 14:56:54.676 | DEBUG    | winwatt_automation.live_ui.menu_helpers:_structured_popup_rows_from_snapshots:1905 - Popup row dedupe: rect={'left': 44, 'top': 229, 'right': 318, 'bottom': 257} text='Végrehajtás' control_type=MenuItem chosen preferred source=main_window dropped source=global_process_scan
2026-08-26 14:56:54.676 | DEBUG    | winwatt_automation.live_ui.menu_helpers:_structured_popup_rows_from_snapshots:1890 - Popup row dedupe: rect={'left': 44, 'top': 256, 'right': 318, 'bottom': 284} text='Végrehajtás' control_type=MenuItem chosen preferred source=main_window
2026-08-26 14:56:54.676 | DEBUG    | winwatt_automation.live_ui.menu_helpers:_structured_popup_rows_from_snapshots:1905 - Popup row dedupe: rect={'left': 44, 'top': 256, 'right': 318, 'bottom': 284} text='Végrehajtás' control_type=MenuItem chosen preferred source=main_window dropped source=global_process_scan
2026-08-26 14:56:54.676 | DEBUG    | winwatt_automation.live_ui.menu_helpers:_structured_popup_rows_from_snapshots:1890 - Popup row dedupe: rect={'left': 44, 'top': 284, 'right': 318, 'bottom': 312} text='Végrehajtás' control_type=MenuItem chosen preferred source=main_window
2026-08-26 14:56:54.676 | DEBUG    | winwatt_automation.live_ui.menu_helpers:_structured_popup_rows_from_snapshots:1905 - Popup row dedupe: rect={'left': 44, 'top': 284, 'right': 318, 'bottom': 312} text='Végrehajtás' control_type=MenuItem chosen preferred source=main_window dropped source=global_process_scan
2026-08-26 14:56:54.676 | DEBUG    | winwatt_automation.live_ui.menu_helpers:_structured_popup_rows_from_snapshots:1890 - Popup row dedupe: rect={'left': 44, 'top': 319, 'right': 318, 'bottom': 347} text='Végrehajtás' control_type=MenuItem chosen preferred source=main_window
2026-08-26 14:56:54.676 | DEBUG    | winwatt_automation.live_ui.menu_helpers:_structured_popup_rows_from_snapshots:1905 - Popup row dedupe: rect={'left': 44, 'top': 319, 'right': 318, 'bottom': 347} text='Végrehajtás' control_type=MenuItem chosen preferred source=main_window dropped source=global_process_scan
2026-08-26 14:56:54.676 | DEBUG    | winwatt_automation.live_ui.menu_helpers:_structured_popup_rows_from_snapshots:1890 - Popup row dedupe: rect={'left': 44, 'top': 346, 'right': 318, 'bottom': 374} text='Végrehajtás' control_type=MenuItem chosen preferred source=main_window
2026-08-26 14:56:54.676 | DEBUG    | winwatt_automation.live_ui.menu_helpers:_structured_popup_rows_from_snapshots:1905 - Popup row dedupe: rect={'left': 44, 'top': 346, 'right': 318, 'bottom': 374} text='Végrehajtás' control_type=MenuItem chosen preferred source=main_window dropped source=global_process_scan
2026-08-26 14:56:54.676 | DEBUG    | winwatt_automation.live_ui.menu_helpers:_structured_popup_rows_from_snapshots:1890 - Popup row dedupe: rect={'left': 44, 'top': 374, 'right': 318, 'bottom': 402} text='Végrehajtás' control_type=MenuItem chosen preferred source=main_window
2026-08-26 14:56:54.676 | DEBUG    | winwatt_automation.live_ui.menu_helpers:_structured_popup_rows_from_snapshots:1905 - Popup row dedupe: rect={'left': 44, 'top': 374, 'right': 318, 'bottom': 402} text='Végrehajtás' control_type=MenuItem chosen preferred source=main_window dropped source=global_process_scan
2026-08-26 14:56:54.676 | DEBUG    | winwatt_automation.live_ui.menu_helpers:_structured_popup_rows_from_snapshots:1890 - Popup row dedupe: rect={'left': 44, 'top': 401, 'right': 318, 'bottom': 429} text='Végrehajtás' control_type=MenuItem chosen preferred source=main_window
2026-08-26 14:56:54.676 | DEBUG    | winwatt_automation.live_ui.menu_helpers:_structured_popup_rows_from_snapshots:1905 - Popup row dedupe: rect={'left': 44, 'top': 401, 'right': 318, 'bottom': 429} text='Végrehajtás' control_type=MenuItem chosen preferred source=main_window dropped source=global_process_scan
2026-08-26 14:56:54.676 | DEBUG    | winwatt_automation.live_ui.menu_helpers:_structured_popup_rows_from_snapshots:1890 - Popup row dedupe: rect={'left': 44, 'top': 436, 'right': 318, 'bottom': 464} text='Végrehajtás' control_type=MenuItem chosen preferred source=main_window
2026-08-26 14:56:54.676 | DEBUG    | winwatt_automation.live_ui.menu_helpers:_structured_popup_rows_from_snapshots:1905 - Popup row dedupe: rect={'left': 44, 'top': 436, 'right': 318, 'bottom': 464} text='Végrehajtás' control_type=MenuItem chosen preferred source=main_window dropped source=global_process_scan
2026-08-26 14:56:54.676 | INFO     | winwatt_automation.live_ui.menu_helpers:_group_popup_fragments_into_logical_rows:2013 - POPUP_TEXT_RECOVERY_SOURCE_SELECTED row_index=0 source=legacy_text confidence=medium text='Végrehajtás'
2026-08-26 14:56:54.676 | INFO     | winwatt_automation.live_ui.menu_helpers:_group_popup_fragments_into_logical_rows:2013 - POPUP_TEXT_RECOVERY_SOURCE_SELECTED row_index=1 source=legacy_text confidence=medium text='Végrehajtás'
2026-08-26 14:56:54.676 | INFO     | winwatt_automation.live_ui.menu_helpers:_group_popup_fragments_into_logical_rows:2013 - POPUP_TEXT_RECOVERY_SOURCE_SELECTED row_index=2 source=legacy_text confidence=medium text='Végrehajtás'
2026-08-26 14:56:54.676 | INFO     | winwatt_automation.live_ui.menu_helpers:_group_popup_fragments_into_logical_rows:2013 - POPUP_TEXT_RECOVERY_SOURCE_SELECTED row_index=3 source=legacy_text confidence=medium text='Végrehajtás'
2026-08-26 14:56:54.676 | INFO     | winwatt_automation.live_ui.menu_helpers:_group_popup_fragments_into_logical_rows:2013 - POPUP_TEXT_RECOVERY_SOURCE_SELECTED row_index=4 source=legacy_text confidence=medium text='Végrehajtás'
2026-08-26 14:56:54.676 | INFO     | winwatt_automation.live_ui.menu_helpers:_group_popup_fragments_into_logical_rows:2013 - POPUP_TEXT_RECOVERY_SOURCE_SELECTED row_index=5 source=legacy_text confidence=medium text='Végrehajtás'
2026-08-26 14:56:54.676 | INFO     | winwatt_automation.live_ui.menu_helpers:_group_popup_fragments_into_logical_rows:2013 - POPUP_TEXT_RECOVERY_SOURCE_SELECTED row_index=6 source=legacy_text confidence=medium text='Végrehajtás'
2026-08-26 14:56:54.676 | INFO     | winwatt_automation.live_ui.menu_helpers:_group_popup_fragments_into_logical_rows:2013 - POPUP_TEXT_RECOVERY_SOURCE_SELECTED row_index=7 source=legacy_text confidence=medium text='Végrehajtás'
2026-08-26 14:56:54.676 | INFO     | winwatt_automation.live_ui.menu_helpers:_group_popup_fragments_into_logical_rows:2013 - POPUP_TEXT_RECOVERY_SOURCE_SELECTED row_index=8 source=legacy_text confidence=medium text='Végrehajtás'
2026-08-26 14:56:54.676 | INFO     | winwatt_automation.live_ui.menu_helpers:_group_popup_fragments_into_logical_rows:2013 - POPUP_TEXT_RECOVERY_SOURCE_SELECTED row_index=9 source=legacy_text confidence=medium text='Végrehajtás'
2026-08-26 14:56:54.676 | INFO     | winwatt_automation.live_ui.menu_helpers:_group_popup_fragments_into_logical_rows:2013 - POPUP_TEXT_RECOVERY_SOURCE_SELECTED row_index=10 source=legacy_text confidence=medium text='Végrehajtás'
2026-08-26 14:56:54.676 | INFO     | winwatt_automation.live_ui.menu_helpers:_group_popup_fragments_into_logical_rows:2013 - POPUP_TEXT_RECOVERY_SOURCE_SELECTED row_index=11 source=legacy_text confidence=medium text='Végrehajtás'
2026-08-26 14:56:54.676 | INFO     | winwatt_automation.live_ui.menu_helpers:_group_popup_fragments_into_logical_rows:2013 - POPUP_TEXT_RECOVERY_SOURCE_SELECTED row_index=12 source=legacy_text confidence=medium text='Végrehajtás'
2026-08-26 14:56:54.676 | INFO     | winwatt_automation.live_ui.menu_helpers:_group_popup_fragments_into_logical_rows:2013 - POPUP_TEXT_RECOVERY_SOURCE_SELECTED row_index=13 source=legacy_text confidence=medium text='Végrehajtás'
2026-08-26 14:56:54.676 | DEBUG    | winwatt_automation.live_ui.app_connector:get_cached_main_window:565 - DBG_WINWATT_CACHE_GET reason_code=cache_reused_without_validation payload={'wrapper_type': 'UIAWrapper', 'handle': 1967302, 'process_id': 23704, 'title': 'WinWatt gólya - C:\\Users\\Admin\\Documents\\GitHub\\autowinwatt\\winwatt_automation\\data\\runtime_maps\\full_authorized_sandbox\\20260826T123933Z\\testwwp.wwp', 'class_name': 'TMainForm', 'control_type': 'Window'} last_validation_age_s=3.23499999998603 diagnostic_fast_mode=False
2026-08-26 14:56:54.676 | DEBUG    | winwatt_automation.live_ui.app_connector:get_cached_main_window:566 - DBG_PHASE_TIMING phase=get_cached_main_window elapsed_ms=0.000 reason_code=cache_reused_without_validation
2026-08-26 14:56:55.142 | INFO     | winwatt_automation.live_ui.menu_helpers:_adjust_popup_row_text_confidence:1359 - POPUP_ROW_TEXT_CONFIDENCE_ADJUSTED row_index=0 source=legacy_text old_confidence=medium new_confidence=low text='Végrehajtás'
2026-08-26 14:56:55.142 | INFO     | winwatt_automation.live_ui.menu_helpers:_group_popup_fragments_into_logical_rows:2081 - DBG_MENU_GROUP_ROW row_index=0 representative_text='Végrehajtás' fragment_count=1 fragment_texts=['Végrehajtás'] row_rectangle={'left': 44, 'top': 56, 'right': 318, 'bottom': 84} source_scope_summary=['main_window'] row_class_summary=[''] topbar_like=True popup_like=False popup_reason=None
2026-08-26 14:56:55.142 | INFO     | winwatt_automation.live_ui.menu_helpers:_adjust_popup_row_text_confidence:1359 - POPUP_ROW_TEXT_CONFIDENCE_ADJUSTED row_index=1 source=legacy_text old_confidence=medium new_confidence=low text='Végrehajtás'
2026-08-26 14:56:55.142 | INFO     | winwatt_automation.live_ui.menu_helpers:_group_popup_fragments_into_logical_rows:2081 - DBG_MENU_GROUP_ROW row_index=1 representative_text='Végrehajtás' fragment_count=1 fragment_texts=['Végrehajtás'] row_rectangle={'left': 44, 'top': 84, 'right': 318, 'bottom': 112} source_scope_summary=['main_window'] row_class_summary=[''] topbar_like=True popup_like=False popup_reason=None
2026-08-26 14:56:55.142 | INFO     | winwatt_automation.live_ui.menu_helpers:_adjust_popup_row_text_confidence:1359 - POPUP_ROW_TEXT_CONFIDENCE_ADJUSTED row_index=2 source=legacy_text old_confidence=medium new_confidence=low text='Végrehajtás'
2026-08-26 14:56:55.142 | INFO     | winwatt_automation.live_ui.menu_helpers:_group_popup_fragments_into_logical_rows:2081 - DBG_MENU_GROUP_ROW row_index=2 representative_text='Végrehajtás' fragment_count=1 fragment_texts=['Végrehajtás'] row_rectangle={'left': 44, 'top': 111, 'right': 318, 'bottom': 139} source_scope_summary=['main_window'] row_class_summary=[''] topbar_like=False popup_like=False popup_reason=None
2026-08-26 14:56:55.142 | INFO     | winwatt_automation.live_ui.menu_helpers:_adjust_popup_row_text_confidence:1359 - POPUP_ROW_TEXT_CONFIDENCE_ADJUSTED row_index=3 source=legacy_text old_confidence=medium new_confidence=low text='Végrehajtás'
2026-08-26 14:56:55.142 | INFO     | winwatt_automation.live_ui.menu_helpers:_group_popup_fragments_into_logical_rows:2081 - DBG_MENU_GROUP_ROW row_index=3 representative_text='Végrehajtás' fragment_count=1 fragment_texts=['Végrehajtás'] row_rectangle={'left': 44, 'top': 139, 'right': 318, 'bottom': 167} source_scope_summary=['main_window'] row_class_summary=[''] topbar_like=False popup_like=True popup_reason=below_topbar_band
2026-08-26 14:56:55.142 | INFO     | winwatt_automation.live_ui.menu_helpers:_adjust_popup_row_text_confidence:1359 - POPUP_ROW_TEXT_CONFIDENCE_ADJUSTED row_index=4 source=legacy_text old_confidence=medium new_confidence=low text='Végrehajtás'
2026-08-26 14:56:55.142 | INFO     | winwatt_automation.live_ui.menu_helpers:_group_popup_fragments_into_logical_rows:2081 - DBG_MENU_GROUP_ROW row_index=4 representative_text='Végrehajtás' fragment_count=1 fragment_texts=['Végrehajtás'] row_rectangle={'left': 44, 'top': 166, 'right': 318, 'bottom': 194} source_scope_summary=['main_window'] row_class_summary=[''] topbar_like=False popup_like=True popup_reason=below_topbar_band
2026-08-26 14:56:55.142 | INFO     | winwatt_automation.live_ui.menu_helpers:_adjust_popup_row_text_confidence:1359 - POPUP_ROW_TEXT_CONFIDENCE_ADJUSTED row_index=5 source=legacy_text old_confidence=medium new_confidence=low text='Végrehajtás'
2026-08-26 14:56:55.142 | INFO     | winwatt_automation.live_ui.menu_helpers:_group_popup_fragments_into_logical_rows:2081 - DBG_MENU_GROUP_ROW row_index=5 representative_text='Végrehajtás' fragment_count=1 fragment_texts=['Végrehajtás'] row_rectangle={'left': 44, 'top': 201, 'right': 318, 'bottom': 229} source_scope_summary=['main_window'] row_class_summary=[''] topbar_like=False popup_like=True popup_reason=below_topbar_band
2026-08-26 14:56:55.142 | INFO     | winwatt_automation.live_ui.menu_helpers:_adjust_popup_row_text_confidence:1359 - POPUP_ROW_TEXT_CONFIDENCE_ADJUSTED row_index=6 source=legacy_text old_confidence=medium new_confidence=low text='Végrehajtás'
2026-08-26 14:56:55.142 | INFO     | winwatt_automation.live_ui.menu_helpers:_group_popup_fragments_into_logical_rows:2081 - DBG_MENU_GROUP_ROW row_index=6 representative_text='Végrehajtás' fragment_count=1 fragment_texts=['Végrehajtás'] row_rectangle={'left': 44, 'top': 229, 'right': 318, 'bottom': 257} source_scope_summary=['main_window'] row_class_summary=[''] topbar_like=False popup_like=True popup_reason=below_topbar_band
2026-08-26 14:56:55.142 | INFO     | winwatt_automation.live_ui.menu_helpers:_adjust_popup_row_text_confidence:1359 - POPUP_ROW_TEXT_CONFIDENCE_ADJUSTED row_index=7 source=legacy_text old_confidence=medium new_confidence=low text='Végrehajtás'
2026-08-26 14:56:55.142 | INFO     | winwatt_automation.live_ui.menu_helpers:_group_popup_fragments_into_logical_rows:2081 - DBG_MENU_GROUP_ROW row_index=7 representative_text='Végrehajtás' fragment_count=1 fragment_texts=['Végrehajtás'] row_rectangle={'left': 44, 'top': 256, 'right': 318, 'bottom': 284} source_scope_summary=['main_window'] row_class_summary=[''] topbar_like=False popup_like=True popup_reason=below_topbar_band
2026-08-26 14:56:55.142 | INFO     | winwatt_automation.live_ui.menu_helpers:_adjust_popup_row_text_confidence:1359 - POPUP_ROW_TEXT_CONFIDENCE_ADJUSTED row_index=8 source=legacy_text old_confidence=medium new_confidence=low text='Végrehajtás'
2026-08-26 14:56:55.142 | INFO     | winwatt_automation.live_ui.menu_helpers:_group_popup_fragments_into_logical_rows:2081 - DBG_MENU_GROUP_ROW row_index=8 representative_text='Végrehajtás' fragment_count=1 fragment_texts=['Végrehajtás'] row_rectangle={'left': 44, 'top': 284, 'right': 318, 'bottom': 312} source_scope_summary=['main_window'] row_class_summary=[''] topbar_like=False popup_like=True popup_reason=below_topbar_band
2026-08-26 14:56:55.142 | INFO     | winwatt_automation.live_ui.menu_helpers:_adjust_popup_row_text_confidence:1359 - POPUP_ROW_TEXT_CONFIDENCE_ADJUSTED row_index=9 source=legacy_text old_confidence=medium new_confidence=low text='Végrehajtás'
2026-08-26 14:56:55.142 | INFO     | winwatt_automation.live_ui.menu_helpers:_group_popup_fragments_into_logical_rows:2081 - DBG_MENU_GROUP_ROW row_index=9 representative_text='Végrehajtás' fragment_count=1 fragment_texts=['Végrehajtás'] row_rectangle={'left': 44, 'top': 319, 'right': 318, 'bottom': 347} source_scope_summary=['main_window'] row_class_summary=[''] topbar_like=False popup_like=True popup_reason=below_topbar_band
2026-08-26 14:56:55.142 | INFO     | winwatt_automation.live_ui.menu_helpers:_adjust_popup_row_text_confidence:1359 - POPUP_ROW_TEXT_CONFIDENCE_ADJUSTED row_index=10 source=legacy_text old_confidence=medium new_confidence=low text='Végrehajtás'
2026-08-26 14:56:55.142 | INFO     | winwatt_automation.live_ui.menu_helpers:_group_popup_fragments_into_logical_rows:2081 - DBG_MENU_GROUP_ROW row_index=10 representative_text='Végrehajtás' fragment_count=1 fragment_texts=['Végrehajtás'] row_rectangle={'left': 44, 'top': 346, 'right': 318, 'bottom': 374} source_scope_summary=['main_window'] row_class_summary=[''] topbar_like=False popup_like=True popup_reason=below_topbar_band
2026-08-26 14:56:55.142 | INFO     | winwatt_automation.live_ui.menu_helpers:_adjust_popup_row_text_confidence:1359 - POPUP_ROW_TEXT_CONFIDENCE_ADJUSTED row_index=11 source=legacy_text old_confidence=medium new_confidence=low text='Végrehajtás'
2026-08-26 14:56:55.142 | INFO     | winwatt_automation.live_ui.menu_helpers:_group_popup_fragments_into_logical_rows:2081 - DBG_MENU_GROUP_ROW row_index=11 representative_text='Végrehajtás' fragment_count=1 fragment_texts=['Végrehajtás'] row_rectangle={'left': 44, 'top': 374, 'right': 318, 'bottom': 402} source_scope_summary=['main_window'] row_class_summary=[''] topbar_like=False popup_like=True popup_reason=below_topbar_band
2026-08-26 14:56:55.142 | INFO     | winwatt_automation.live_ui.menu_helpers:_adjust_popup_row_text_confidence:1359 - POPUP_ROW_TEXT_CONFIDENCE_ADJUSTED row_index=12 source=legacy_text old_confidence=medium new_confidence=low text='Végrehajtás'
2026-08-26 14:56:55.142 | INFO     | winwatt_automation.live_ui.menu_helpers:_group_popup_fragments_into_logical_rows:2081 - DBG_MENU_GROUP_ROW row_index=12 representative_text='Végrehajtás' fragment_count=1 fragment_texts=['Végrehajtás'] row_rectangle={'left': 44, 'top': 401, 'right': 318, 'bottom': 429} source_scope_summary=['main_window'] row_class_summary=[''] topbar_like=False popup_like=True popup_reason=below_topbar_band
2026-08-26 14:56:55.142 | INFO     | winwatt_automation.live_ui.menu_helpers:_adjust_popup_row_text_confidence:1359 - POPUP_ROW_TEXT_CONFIDENCE_ADJUSTED row_index=13 source=legacy_text old_confidence=medium new_confidence=low text='Végrehajtás'
2026-08-26 14:56:55.142 | INFO     | winwatt_automation.live_ui.menu_helpers:_group_popup_fragments_into_logical_rows:2081 - DBG_MENU_GROUP_ROW row_index=13 representative_text='Végrehajtás' fragment_count=1 fragment_texts=['Végrehajtás'] row_rectangle={'left': 44, 'top': 436, 'right': 318, 'bottom': 464} source_scope_summary=['main_window'] row_class_summary=[''] topbar_like=False popup_like=True popup_reason=below_topbar_band
2026-08-26 14:56:55.142 | WARNING  | winwatt_automation.live_ui.menu_helpers:_reject_repeated_popup_legacy_texts:1393 - TEXT_EXTRACTION_REJECTED_REPEATED_LEGACY_TEXT row_index=0 repeated_text='Végrehajtás' occurrence_count=14 popup_row_count=14 raw_sources=['legacy_text'] rectangle={'left': 44, 'top': 56, 'right': 318, 'bottom': 84}
2026-08-26 14:56:55.142 | INFO     | winwatt_automation.live_ui.menu_helpers:_reject_repeated_popup_legacy_texts:1402 - POPUP_TEXT_RECOVERY_SOURCE_REJECTED row_index=0 source=legacy_text reason=repeated_fallback_text repeated_text='Végrehajtás'
2026-08-26 14:56:55.142 | WARNING  | winwatt_automation.live_ui.menu_helpers:_reject_repeated_popup_legacy_texts:1393 - TEXT_EXTRACTION_REJECTED_REPEATED_LEGACY_TEXT row_index=1 repeated_text='Végrehajtás' occurrence_count=14 popup_row_count=14 raw_sources=['legacy_text'] rectangle={'left': 44, 'top': 84, 'right': 318, 'bottom': 112}
2026-08-26 14:56:55.142 | INFO     | winwatt_automation.live_ui.menu_helpers:_reject_repeated_popup_legacy_texts:1402 - POPUP_TEXT_RECOVERY_SOURCE_REJECTED row_index=1 source=legacy_text reason=repeated_fallback_text repeated_text='Végrehajtás'
2026-08-26 14:56:55.142 | WARNING  | winwatt_automation.live_ui.menu_helpers:_reject_repeated_popup_legacy_texts:1393 - TEXT_EXTRACTION_REJECTED_REPEATED_LEGACY_TEXT row_index=2 repeated_text='Végrehajtás' occurrence_count=14 popup_row_count=14 raw_sources=['legacy_text'] rectangle={'left': 44, 'top': 111, 'right': 318, 'bottom': 139}
2026-08-26 14:56:55.142 | INFO     | winwatt_automation.live_ui.menu_helpers:_reject_repeated_popup_legacy_texts:1402 - POPUP_TEXT_RECOVERY_SOURCE_REJECTED row_index=2 source=legacy_text reason=repeated_fallback_text repeated_text='Végrehajtás'
2026-08-26 14:56:55.142 | WARNING  | winwatt_automation.live_ui.menu_helpers:_reject_repeated_popup_legacy_texts:1393 - TEXT_EXTRACTION_REJECTED_REPEATED_LEGACY_TEXT row_index=3 repeated_text='Végrehajtás' occurrence_count=14 popup_row_count=14 raw_sources=['legacy_text'] rectangle={'left': 44, 'top': 139, 'right': 318, 'bottom': 167}
2026-08-26 14:56:55.157 | INFO     | winwatt_automation.live_ui.menu_helpers:_reject_repeated_popup_legacy_texts:1402 - POPUP_TEXT_RECOVERY_SOURCE_REJECTED row_index=3 source=legacy_text reason=repeated_fallback_text repeated_text='Végrehajtás'
2026-08-26 14:56:55.158 | WARNING  | winwatt_automation.live_ui.menu_helpers:_reject_repeated_popup_legacy_texts:1393 - TEXT_EXTRACTION_REJECTED_REPEATED_LEGACY_TEXT row_index=4 repeated_text='Végrehajtás' occurrence_count=14 popup_row_count=14 raw_sources=['legacy_text'] rectangle={'left': 44, 'top': 166, 'right': 318, 'bottom': 194}
2026-08-26 14:56:55.158 | INFO     | winwatt_automation.live_ui.menu_helpers:_reject_repeated_popup_legacy_texts:1402 - POPUP_TEXT_RECOVERY_SOURCE_REJECTED row_index=4 source=legacy_text reason=repeated_fallback_text repeated_text='Végrehajtás'
2026-08-26 14:56:55.158 | WARNING  | winwatt_automation.live_ui.menu_helpers:_reject_repeated_popup_legacy_texts:1393 - TEXT_EXTRACTION_REJECTED_REPEATED_LEGACY_TEXT row_index=5 repeated_text='Végrehajtás' occurrence_count=14 popup_row_count=14 raw_sources=['legacy_text'] rectangle={'left': 44, 'top': 201, 'right': 318, 'bottom': 229}
2026-08-26 14:56:55.158 | INFO     | winwatt_automation.live_ui.menu_helpers:_reject_repeated_popup_legacy_texts:1402 - POPUP_TEXT_RECOVERY_SOURCE_REJECTED row_index=5 source=legacy_text reason=repeated_fallback_text repeated_text='Végrehajtás'
2026-08-26 14:56:55.158 | WARNING  | winwatt_automation.live_ui.menu_helpers:_reject_repeated_popup_legacy_texts:1393 - TEXT_EXTRACTION_REJECTED_REPEATED_LEGACY_TEXT row_index=6 repeated_text='Végrehajtás' occurrence_count=14 popup_row_count=14 raw_sources=['legacy_text'] rectangle={'left': 44, 'top': 229, 'right': 318, 'bottom': 257}
2026-08-26 14:56:55.159 | INFO     | winwatt_automation.live_ui.menu_helpers:_reject_repeated_popup_legacy_texts:1402 - POPUP_TEXT_RECOVERY_SOURCE_REJECTED row_index=6 source=legacy_text reason=repeated_fallback_text repeated_text='Végrehajtás'
2026-08-26 14:56:55.159 | WARNING  | winwatt_automation.live_ui.menu_helpers:_reject_repeated_popup_legacy_texts:1393 - TEXT_EXTRACTION_REJECTED_REPEATED_LEGACY_TEXT row_index=7 repeated_text='Végrehajtás' occurrence_count=14 popup_row_count=14 raw_sources=['legacy_text'] rectangle={'left': 44, 'top': 256, 'right': 318, 'bottom': 284}
2026-08-26 14:56:55.160 | INFO     | winwatt_automation.live_ui.menu_helpers:_reject_repeated_popup_legacy_texts:1402 - POPUP_TEXT_RECOVERY_SOURCE_REJECTED row_index=7 source=legacy_text reason=repeated_fallback_text repeated_text='Végrehajtás'
2026-08-26 14:56:55.160 | WARNING  | winwatt_automation.live_ui.menu_helpers:_reject_repeated_popup_legacy_texts:1393 - TEXT_EXTRACTION_REJECTED_REPEATED_LEGACY_TEXT row_index=8 repeated_text='Végrehajtás' occurrence_count=14 popup_row_count=14 raw_sources=['legacy_text'] rectangle={'left': 44, 'top': 284, 'right': 318, 'bottom': 312}
2026-08-26 14:56:55.160 | INFO     | winwatt_automation.live_ui.menu_helpers:_reject_repeated_popup_legacy_texts:1402 - POPUP_TEXT_RECOVERY_SOURCE_REJECTED row_index=8 source=legacy_text reason=repeated_fallback_text repeated_text='Végrehajtás'
2026-08-26 14:56:55.160 | WARNING  | winwatt_automation.live_ui.menu_helpers:_reject_repeated_popup_legacy_texts:1393 - TEXT_EXTRACTION_REJECTED_REPEATED_LEGACY_TEXT row_index=9 repeated_text='Végrehajtás' occurrence_count=14 popup_row_count=14 raw_sources=['legacy_text'] rectangle={'left': 44, 'top': 319, 'right': 318, 'bottom': 347}
2026-08-26 14:56:55.160 | INFO     | winwatt_automation.live_ui.menu_helpers:_reject_repeated_popup_legacy_texts:1402 - POPUP_TEXT_RECOVERY_SOURCE_REJECTED row_index=9 source=legacy_text reason=repeated_fallback_text repeated_text='Végrehajtás'
2026-08-26 14:56:55.160 | WARNING  | winwatt_automation.live_ui.menu_helpers:_reject_repeated_popup_legacy_texts:1393 - TEXT_EXTRACTION_REJECTED_REPEATED_LEGACY_TEXT row_index=10 repeated_text='Végrehajtás' occurrence_count=14 popup_row_count=14 raw_sources=['legacy_text'] rectangle={'left': 44, 'top': 346, 'right': 318, 'bottom': 374}
2026-08-26 14:56:55.160 | INFO     | winwatt_automation.live_ui.menu_helpers:_reject_repeated_popup_legacy_texts:1402 - POPUP_TEXT_RECOVERY_SOURCE_REJECTED row_index=10 source=legacy_text reason=repeated_fallback_text repeated_text='Végrehajtás'
2026-08-26 14:56:55.160 | WARNING  | winwatt_automation.live_ui.menu_helpers:_reject_repeated_popup_legacy_texts:1393 - TEXT_EXTRACTION_REJECTED_REPEATED_LEGACY_TEXT row_index=11 repeated_text='Végrehajtás' occurrence_count=14 popup_row_count=14 raw_sources=['legacy_text'] rectangle={'left': 44, 'top': 374, 'right': 318, 'bottom': 402}
2026-08-26 14:56:55.160 | INFO     | winwatt_automation.live_ui.menu_helpers:_reject_repeated_popup_legacy_texts:1402 - POPUP_TEXT_RECOVERY_SOURCE_REJECTED row_index=11 source=legacy_text reason=repeated_fallback_text repeated_text='Végrehajtás'
2026-08-26 14:56:55.160 | WARNING  | winwatt_automation.live_ui.menu_helpers:_reject_repeated_popup_legacy_texts:1393 - TEXT_EXTRACTION_REJECTED_REPEATED_LEGACY_TEXT row_index=12 repeated_text='Végrehajtás' occurrence_count=14 popup_row_count=14 raw_sources=['legacy_text'] rectangle={'left': 44, 'top': 401, 'right': 318, 'bottom': 429}
2026-08-26 14:56:55.160 | INFO     | winwatt_automation.live_ui.menu_helpers:_reject_repeated_popup_legacy_texts:1402 - POPUP_TEXT_RECOVERY_SOURCE_REJECTED row_index=12 source=legacy_text reason=repeated_fallback_text repeated_text='Végrehajtás'
2026-08-26 14:56:55.160 | WARNING  | winwatt_automation.live_ui.menu_helpers:_reject_repeated_popup_legacy_texts:1393 - TEXT_EXTRACTION_REJECTED_REPEATED_LEGACY_TEXT row_index=13 repeated_text='Végrehajtás' occurrence_count=14 popup_row_count=14 raw_sources=['legacy_text'] rectangle={'left': 44, 'top': 436, 'right': 318, 'bottom': 464}
2026-08-26 14:56:55.160 | INFO     | winwatt_automation.live_ui.menu_helpers:_reject_repeated_popup_legacy_texts:1402 - POPUP_TEXT_RECOVERY_SOURCE_REJECTED row_index=13 source=legacy_text reason=repeated_fallback_text repeated_text='Végrehajtás'
2026-08-26 14:56:55.160 | DEBUG    | winwatt_automation.live_ui.menu_helpers:_structured_popup_rows_from_snapshots:1923 - Structured popup rows: before snapshot row count=14 after snapshot row count=42 structured row count=28 deduped fragment count=14 logical row count=14
2026-08-26 14:56:55.160 | INFO     | winwatt_automation.live_ui.menu_helpers:open_top_menu_and_capture_popup_state:2184 - Menu open transitions: before snapshot row count=14 after snapshot row count=42 structured row count=14 top menu clicked more than once=False
2026-08-26 14:56:55.160 | DEBUG    | winwatt_automation.live_ui.app_connector:get_cached_main_window:565 - DBG_WINWATT_CACHE_GET reason_code=cache_reused_without_validation payload={'wrapper_type': 'UIAWrapper', 'handle': 1967302, 'process_id': 23704, 'title': 'WinWatt gólya - C:\\Users\\Admin\\Documents\\GitHub\\autowinwatt\\winwatt_automation\\data\\runtime_maps\\full_authorized_sandbox\\20260826T123933Z\\testwwp.wwp', 'class_name': 'TMainForm', 'control_type': 'Window'} last_validation_age_s=3.7189999999827705 diagnostic_fast_mode=False
2026-08-26 14:56:55.160 | DEBUG    | winwatt_automation.live_ui.app_connector:get_cached_main_window:566 - DBG_PHASE_TIMING phase=get_cached_main_window elapsed_ms=0.000 reason_code=cache_reused_without_validation
2026-08-26 14:56:55.160 | INFO     | winwatt_automation.live_ui.app_connector:ensure_main_window_foreground_before_click:1217 - DBG_WINWATT_FOCUS_GUARD_PRECHECK action_label=click_structured_popup_row[3] wrapper_type=UIAWrapper cached_handle=1967302 cached_pid=23704 cached_title=WinWatt gólya - C:\Users\Admin\Documents\GitHub\autowinwatt\winwatt_automation\data\runtime_maps\full_authorized_sandbox\20260826T123933Z\testwwp.wwp cached_class=TMainForm precheck_exists=False precheck_visible=True precheck_enabled=True rect={'left': -10, 'top': -10, 'right': 1930, 'bottom': 1030, 'width': 1940, 'height': 1040}
2026-08-26 14:56:55.225 | DEBUG    | winwatt_automation.live_ui.app_connector:list_candidate_windows:180 - Discovered 1 WinWatt-like windows on backend=win32
2026-08-26 14:56:55.225 | DEBUG    | winwatt_automation.live_ui.app_connector:list_candidate_windows:182 - Candidate[win32]: {'title': 'WinWatt gólya - C:\\Users\\Admin\\Documents\\GitHub\\autowinwatt\\winwatt_automation\\data\\runtime_maps\\full_authorized_sandbox\\20260826T123933Z\\testwwp.wwp', 'window_text': 'WinWatt gólya - C:\\Users\\Admin\\Documents\\GitHub\\autowinwatt\\winwatt_automation\\data\\runtime_maps\\full_authorized_sandbox\\20260826T123933Z\\testwwp.wwp', 'class_name': 'TMainForm', 'control_type': None, 'process_id': 23704, 'handle': None, 'is_visible': True, 'is_enabled': True, 'rectangle': {'left': -10, 'top': -10, 'right': 1930, 'bottom': 1030, 'width': 1940, 'height': 1040}, 'size': {'width': 1940, 'height': 1040}}
2026-08-26 14:56:55.225 | INFO     | winwatt_automation.live_ui.app_connector:_connect_with_win32_handle:276 - DBG_WINWATT_CONNECT_WIN32_CANDIDATES locator=backend=win32 ranked_candidates=[{'rank': 1, 'score': (1, 1, 1, 1, 2017600), 'process_id': 23704, 'handle': None, 'class_name': 'TMainForm', 'title': 'WinWatt gólya - C:\\Users\\Admin\\Documents\\GitHub\\autowinwatt\\winwatt_automation\\data\\runtime_maps\\full_authorized_sandbox\\20260826T123933Z\\testwwp.wwp', 'visible': True, 'enabled': True}] 
2026-08-26 14:56:55.225 | INFO     | winwatt_automation.live_ui.app_connector:select_main_window:224 - Candidate ranking score=(1, 1, 1, 1, 2017600) data={'title': 'WinWatt gólya - C:\\Users\\Admin\\Documents\\GitHub\\autowinwatt\\winwatt_automation\\data\\runtime_maps\\full_authorized_sandbox\\20260826T123933Z\\testwwp.wwp', 'window_text': 'WinWatt gólya - C:\\Users\\Admin\\Documents\\GitHub\\autowinwatt\\winwatt_automation\\data\\runtime_maps\\full_authorized_sandbox\\20260826T123933Z\\testwwp.wwp', 'class_name': 'TMainForm', 'control_type': None, 'process_id': 23704, 'handle': None, 'is_visible': True, 'is_enabled': True, 'rectangle': {'left': -10, 'top': -10, 'right': 1930, 'bottom': 1030, 'width': 1940, 'height': 1040}, 'size': {'width': 1940, 'height': 1040}}
2026-08-26 14:56:55.225 | INFO     | winwatt_automation.live_ui.app_connector:select_main_window:234 - Selected main window process_id=23704 handle=None score=(1, 1, 1, 1, 2017600) reasons=['has_process_id=True', 'has_handle=False', 'visible=True', 'enabled=True', 'title_has_winwatt=True', 'area=2017600']
2026-08-26 14:56:55.225 | INFO     | winwatt_automation.live_ui.app_connector:_connect_with_win32_handle:293 - DBG_WINWATT_CONNECT_WIN32_SELECTED selected_payload={'title': 'WinWatt gólya - C:\\Users\\Admin\\Documents\\GitHub\\autowinwatt\\winwatt_automation\\data\\runtime_maps\\full_authorized_sandbox\\20260826T123933Z\\testwwp.wwp', 'window_text': 'WinWatt gólya - C:\\Users\\Admin\\Documents\\GitHub\\autowinwatt\\winwatt_automation\\data\\runtime_maps\\full_authorized_sandbox\\20260826T123933Z\\testwwp.wwp', 'class_name': 'TMainForm', 'control_type': None, 'process_id': 23704, 'handle': None, 'is_visible': True, 'is_enabled': True, 'rectangle': {'left': -10, 'top': -10, 'right': 1930, 'bottom': 1030, 'width': 1940, 'height': 1040}, 'size': {'width': 1940, 'height': 1040}} selected_handle_is_none=True
2026-08-26 14:56:55.225 | INFO     | winwatt_automation.live_ui.app_connector:_connect_with_win32_handle:336 - Connected to WinWatt backend=win32 attach_mode=process candidate={'process_id': 23704, 'handle': None, 'class_name': 'TMainForm', 'title': 'WinWatt gólya - C:\\Users\\Admin\\Documents\\GitHub\\autowinwatt\\winwatt_automation\\data\\runtime_maps\\full_authorized_sandbox\\20260826T123933Z\\testwwp.wwp'}
2026-08-26 14:56:55.242 | INFO     | winwatt_automation.live_ui.app_connector:_connect_with_win32_handle:350 - DBG_WINWATT_CONNECT_WIN32_RESOLVED process_id=23704 resolved_handle=None selected_payload={'title': 'WinWatt gólya - C:\\Users\\Admin\\Documents\\GitHub\\autowinwatt\\winwatt_automation\\data\\runtime_maps\\full_authorized_sandbox\\20260826T123933Z\\testwwp.wwp', 'window_text': 'WinWatt gólya - C:\\Users\\Admin\\Documents\\GitHub\\autowinwatt\\winwatt_automation\\data\\runtime_maps\\full_authorized_sandbox\\20260826T123933Z\\testwwp.wwp', 'class_name': 'TMainForm', 'control_type': None, 'process_id': 23704, 'handle': None, 'is_visible': True, 'is_enabled': True, 'rectangle': {'left': -10, 'top': -10, 'right': 1930, 'bottom': 1030, 'width': 1940, 'height': 1040}, 'size': {'width': 1940, 'height': 1040}}
2026-08-26 14:56:55.242 | INFO     | winwatt_automation.live_ui.app_connector:_resolve_uia_main_window:382 - DBG_WINWATT_RESOLVE_UIA_WIN32_SELECTED selected_payload={'title': 'WinWatt gólya - C:\\Users\\Admin\\Documents\\GitHub\\autowinwatt\\winwatt_automation\\data\\runtime_maps\\full_authorized_sandbox\\20260826T123933Z\\testwwp.wwp', 'window_text': 'WinWatt gólya - C:\\Users\\Admin\\Documents\\GitHub\\autowinwatt\\winwatt_automation\\data\\runtime_maps\\full_authorized_sandbox\\20260826T123933Z\\testwwp.wwp', 'class_name': 'TMainForm', 'control_type': None, 'process_id': 23704, 'handle': None, 'is_visible': True, 'is_enabled': True, 'rectangle': {'left': -10, 'top': -10, 'right': 1930, 'bottom': 1030, 'width': 1940, 'height': 1040}, 'size': {'width': 1940, 'height': 1040}}
2026-08-26 14:56:55.246 | INFO     | winwatt_automation.live_ui.app_connector:_resolve_uia_main_window:388 - Connected to WinWatt backend=uia process_id=23704
2026-08-26 14:56:55.246 | INFO     | winwatt_automation.live_ui.app_connector:_resolve_uia_main_window:390 - Resolving main WinWatt window backend=uia class_name=TMainForm title_re=.*WinWatt.*
2026-08-26 14:56:55.492 | INFO     | winwatt_automation.live_ui.app_connector:_resolve_uia_main_window:400 - DBG_WINWATT_RESOLVE_UIA_PRIMARY selected_payload={'title': 'WinWatt gólya - C:\\Users\\Admin\\Documents\\GitHub\\autowinwatt\\winwatt_automation\\data\\runtime_maps\\full_authorized_sandbox\\20260826T123933Z\\testwwp.wwp', 'window_text': 'WinWatt gólya - C:\\Users\\Admin\\Documents\\GitHub\\autowinwatt\\winwatt_automation\\data\\runtime_maps\\full_authorized_sandbox\\20260826T123933Z\\testwwp.wwp', 'class_name': 'TMainForm', 'control_type': None, 'process_id': 23704, 'handle': None, 'is_visible': True, 'is_enabled': True, 'rectangle': {'left': -10, 'top': -10, 'right': 1930, 'bottom': 1030, 'width': 1940, 'height': 1040}, 'size': {'width': 1940, 'height': 1040}} primary_result={'wrapper_type': 'UIAWrapper', 'handle': 1967302, 'process_id': 23704, 'title': 'WinWatt gólya - C:\\Users\\Admin\\Documents\\GitHub\\autowinwatt\\winwatt_automation\\data\\runtime_maps\\full_authorized_sandbox\\20260826T123933Z\\testwwp.wwp', 'class_name': 'TMainForm', 'control_type': 'Window'} identity_match_with_win32=None
2026-08-26 14:56:55.492 | WARNING  | winwatt_automation.live_ui.app_connector:ensure_main_window_foreground_before_click:1254 - DBG_WINWATT_FOCUS_GUARD_STALE_REFRESH_CONTINUE action_label=click_structured_popup_row[3] reason=stale_wrapper_relaxed_foreground_identity_pass relaxed_pass=True relaxed_pass_reason=identity_foreground_visible_enabled_match cached_identity={'wrapper_type': 'UIAWrapper', 'handle': 1967302, 'process_id': 23704, 'title': 'WinWatt gólya - C:\\Users\\Admin\\Documents\\GitHub\\autowinwatt\\winwatt_automation\\data\\runtime_maps\\full_authorized_sandbox\\20260826T123933Z\\testwwp.wwp', 'class_name': 'TMainForm', 'control_type': 'Window'} refreshed_identity={'wrapper_type': 'UIAWrapper', 'handle': 1967302, 'process_id': 23704, 'title': 'WinWatt gólya - C:\\Users\\Admin\\Documents\\GitHub\\autowinwatt\\winwatt_automation\\data\\runtime_maps\\full_authorized_sandbox\\20260826T123933Z\\testwwp.wwp', 'class_name': 'TMainForm', 'control_type': 'Window'} cached_rect={'left': -10, 'top': -10, 'right': 1930, 'bottom': 1030, 'width': 1940, 'height': 1040} refreshed_rect={'left': -10, 'top': -10, 'right': 1930, 'bottom': 1030, 'width': 1940, 'height': 1040} foreground={'handle': 1967302, 'title': 'WinWatt gólya - C:\\Users\\Admin\\Documents\\GitHub\\autowinwatt\\winwatt_automation\\data\\runtime_maps\\full_authorized_sandbox\\20260826T123933Z\\testwwp.wwp', 'class_name': 'TMainForm', 'process_id': 23704}
2026-08-26 14:56:55.492 | INFO     | winwatt_automation.live_ui.app_connector:is_winwatt_foreground_context:1161 - DBG_WINWATT_FOREGROUND_CONTEXT expected_handle=1967302 expected_process_id=23704 expected_title=WinWatt gólya - C:\Users\Admin\Documents\GitHub\autowinwatt\winwatt_automation\data\runtime_maps\full_authorized_sandbox\20260826T123933Z\testwwp.wwp expected_class_name=TMainForm actual_foreground_handle=1967302 actual_foreground_process_id=23704 actual_foreground_title=WinWatt gólya - C:\Users\Admin\Documents\GitHub\autowinwatt\winwatt_automation\data\runtime_maps\full_authorized_sandbox\20260826T123933Z\testwwp.wwp actual_foreground_class_name=TMainForm allow_dialog=True result_reason=handle_match
2026-08-26 14:56:55.492 | INFO     | winwatt_automation.live_ui.app_connector:ensure_main_window_foreground_before_click:1378 - DBG_WINWATT_FOCUS_GUARD_RESULT action_label=click_structured_popup_row[3] status=focus_ok reason=handle_match foreground={'handle': 1967302, 'title': 'WinWatt gólya - C:\\Users\\Admin\\Documents\\GitHub\\autowinwatt\\winwatt_automation\\data\\runtime_maps\\full_authorized_sandbox\\20260826T123933Z\\testwwp.wwp', 'class_name': 'TMainForm', 'process_id': 23704} same_context_as_cached_main=True win32_uia_identity_match=True
2026-08-26 14:56:55.618 | INFO     | winwatt_automation.live_ui.menu_helpers:click_structured_popup_row:2238 - Popup row click: selected row index=3 selected row rectangle={'left': 44, 'top': 139, 'right': 318, 'bottom': 167} top menu clicked more than once=False
2026-08-26 14:56:57.187 | INFO     | winwatt_automation.live_ui.app_connector:is_winwatt_foreground_context:1161 - DBG_WINWATT_FOREGROUND_CONTEXT expected_handle=1967302 expected_process_id=23704 expected_title=WinWatt gólya - C:\Users\Admin\Documents\GitHub\autowinwatt\winwatt_automation\data\runtime_maps\full_authorized_sandbox\20260826T123933Z\testwwp.wwp expected_class_name=TMainForm actual_foreground_handle=1967302 actual_foreground_process_id=23704 actual_foreground_title=WinWatt gólya - C:\Users\Admin\Documents\GitHub\autowinwatt\winwatt_automation\data\runtime_maps\full_authorized_sandbox\20260826T123933Z\testwwp.wwp actual_foreground_class_name=TMainForm allow_dialog=True result_reason=handle_match
2026-08-26 14:56:57.193 | INFO     | winwatt_automation.live_ui.app_connector:_cached_window_health_status:489 - DBG_WINWATT_CACHE_HEALTH reason_code=healthy payload={'wrapper_type': 'UIAWrapper', 'handle': 1967302, 'process_id': 23704, 'title': 'WinWatt gólya - C:\\Users\\Admin\\Documents\\GitHub\\autowinwatt\\winwatt_automation\\data\\runtime_maps\\full_authorized_sandbox\\20260826T123933Z\\testwwp.wwp', 'class_name': 'TMainForm', 'control_type': 'Window'}
2026-08-26 14:56:57.193 | DEBUG    | winwatt_automation.live_ui.app_connector:get_cached_main_window:574 - DBG_WINWATT_CACHE_GET reason_code=cache_validated_ok payload={'wrapper_type': 'UIAWrapper', 'handle': 1967302, 'process_id': 23704, 'title': 'WinWatt gólya - C:\\Users\\Admin\\Documents\\GitHub\\autowinwatt\\winwatt_automation\\data\\runtime_maps\\full_authorized_sandbox\\20260826T123933Z\\testwwp.wwp', 'class_name': 'TMainForm', 'control_type': 'Window'} last_validation_age_s=4.687999999994645 diagnostic_fast_mode=False
2026-08-26 14:56:57.193 | DEBUG    | winwatt_automation.live_ui.app_connector:get_cached_main_window:575 - DBG_PHASE_TIMING phase=get_cached_main_window elapsed_ms=1062.000 reason_code=cache_validated_ok
2026-08-26 14:56:57.210 | DEBUG    | winwatt_automation.live_ui.app_connector:get_cached_main_window:565 - DBG_WINWATT_CACHE_GET reason_code=cache_reused_without_validation payload={'wrapper_type': 'UIAWrapper', 'handle': 1967302, 'process_id': 23704, 'title': 'WinWatt gólya - C:\\Users\\Admin\\Documents\\GitHub\\autowinwatt\\winwatt_automation\\data\\runtime_maps\\full_authorized_sandbox\\20260826T123933Z\\testwwp.wwp', 'class_name': 'TMainForm', 'control_type': 'Window'} last_validation_age_s=1.062000000005355 diagnostic_fast_mode=False
2026-08-26 14:56:57.210 | DEBUG    | winwatt_automation.live_ui.app_connector:get_cached_main_window:566 - DBG_PHASE_TIMING phase=get_cached_main_window elapsed_ms=16.000 reason_code=cache_reused_without_validation
2026-08-26 14:57:08.730 | INFO     | winwatt_automation.live_ui.app_connector:is_winwatt_foreground_context:1161 - DBG_WINWATT_FOREGROUND_CONTEXT expected_handle=1967302 expected_process_id=23704 expected_title=WinWatt gólya - C:\Users\Admin\Documents\GitHub\autowinwatt\winwatt_automation\data\runtime_maps\full_authorized_sandbox\20260826T123933Z\testwwp.wwp expected_class_name=TMainForm actual_foreground_handle=1967302 actual_foreground_process_id=23704 actual_foreground_title=WinWatt gólya - C:\Users\Admin\Documents\GitHub\autowinwatt\winwatt_automation\data\runtime_maps\full_authorized_sandbox\20260826T123933Z\testwwp.wwp actual_foreground_class_name=TMainForm allow_dialog=True result_reason=handle_match
2026-08-26 14:57:08.746 | INFO     | winwatt_automation.live_ui.app_connector:_cached_window_health_status:489 - DBG_WINWATT_CACHE_HEALTH reason_code=healthy payload={'wrapper_type': 'UIAWrapper', 'handle': 1967302, 'process_id': 23704, 'title': 'WinWatt gólya - C:\\Users\\Admin\\Documents\\GitHub\\autowinwatt\\winwatt_automation\\data\\runtime_maps\\full_authorized_sandbox\\20260826T123933Z\\testwwp.wwp', 'class_name': 'TMainForm', 'control_type': 'Window'}
2026-08-26 14:57:08.748 | DEBUG    | winwatt_automation.live_ui.app_connector:get_cached_main_window:574 - DBG_WINWATT_CACHE_GET reason_code=cache_validated_ok payload={'wrapper_type': 'UIAWrapper', 'handle': 1967302, 'process_id': 23704, 'title': 'WinWatt gólya - C:\\Users\\Admin\\Documents\\GitHub\\autowinwatt\\winwatt_automation\\data\\runtime_maps\\full_authorized_sandbox\\20260826T123933Z\\testwwp.wwp', 'class_name': 'TMainForm', 'control_type': 'Window'} last_validation_age_s=12.59299999999348 diagnostic_fast_mode=False
2026-08-26 14:57:08.748 | DEBUG    | winwatt_automation.live_ui.app_connector:get_cached_main_window:575 - DBG_PHASE_TIMING phase=get_cached_main_window elapsed_ms=32.000 reason_code=cache_validated_ok
2026-08-26 14:57:14.038 | INFO     | winwatt_automation.live_ui.app_connector:is_winwatt_foreground_context:1161 - DBG_WINWATT_FOREGROUND_CONTEXT expected_handle=1967302 expected_process_id=23704 expected_title=WinWatt gólya - C:\Users\Admin\Documents\GitHub\autowinwatt\winwatt_automation\data\runtime_maps\full_authorized_sandbox\20260826T123933Z\testwwp.wwp expected_class_name=TMainForm actual_foreground_handle=3868716 actual_foreground_process_id=23704 actual_foreground_title=Határoló szerkezetek kiválasztása: Helyiségek - Room graph explorer actual_foreground_class_name=TSelectBoundarisForm allow_dialog=True result_reason=pid_match_allow_dialog
2026-08-26 14:57:14.038 | INFO     | winwatt_automation.live_ui.app_connector:_cached_window_health_status:489 - DBG_WINWATT_CACHE_HEALTH reason_code=healthy payload={'wrapper_type': 'UIAWrapper', 'handle': 1967302, 'process_id': 23704, 'title': 'WinWatt gólya - C:\\Users\\Admin\\Documents\\GitHub\\autowinwatt\\winwatt_automation\\data\\runtime_maps\\full_authorized_sandbox\\20260826T123933Z\\testwwp.wwp', 'class_name': 'TMainForm', 'control_type': 'Window'}
2026-08-26 14:57:14.038 | DEBUG    | winwatt_automation.live_ui.app_connector:get_cached_main_window:574 - DBG_WINWATT_CACHE_GET reason_code=cache_validated_ok payload={'wrapper_type': 'UIAWrapper', 'handle': 1967302, 'process_id': 23704, 'title': 'WinWatt gólya - C:\\Users\\Admin\\Documents\\GitHub\\autowinwatt\\winwatt_automation\\data\\runtime_maps\\full_authorized_sandbox\\20260826T123933Z\\testwwp.wwp', 'class_name': 'TMainForm', 'control_type': 'Window'} last_validation_age_s=5.312999999994645 diagnostic_fast_mode=False
2026-08-26 14:57:14.038 | DEBUG    | winwatt_automation.live_ui.app_connector:get_cached_main_window:575 - DBG_PHASE_TIMING phase=get_cached_main_window elapsed_ms=0.000 reason_code=cache_validated_ok
2026-08-26 14:57:15.363 | INFO     | winwatt_automation.live_ui.app_connector:get_cached_main_window:597 - DBG_WINWATT_CACHE_GET reason_code=cache_missing_resolving_fresh diagnostic_fast_mode=False
2026-08-26 14:57:15.543 | DEBUG    | winwatt_automation.live_ui.app_connector:list_candidate_windows:180 - Discovered 0 WinWatt-like windows on backend=win32
2026-08-26 14:57:15.543 | INFO     | winwatt_automation.live_ui.app_connector:_connect_with_win32_handle:276 - DBG_WINWATT_CONNECT_WIN32_CANDIDATES locator=backend=win32 ranked_candidates=[] 
2026-08-26 14:57:15.543 | WARNING  | winwatt_automation.runtime_mapping.program_mapper:_safe_capture_snapshot:191 - snapshot_capture_failed state_id=startup_after_relaunch error=No WinWatt-like windows were found
2026-08-26 14:57:16.057 | INFO     | winwatt_automation.live_ui.app_connector:get_cached_main_window:597 - DBG_WINWATT_CACHE_GET reason_code=cache_missing_resolving_fresh diagnostic_fast_mode=False
2026-08-26 14:57:18.642 | DEBUG    | winwatt_automation.live_ui.app_connector:list_candidate_windows:180 - Discovered 0 WinWatt-like windows on backend=win32
2026-08-26 14:57:18.659 | INFO     | winwatt_automation.live_ui.app_connector:_connect_with_win32_handle:276 - DBG_WINWATT_CONNECT_WIN32_CANDIDATES locator=backend=win32 ranked_candidates=[] 
2026-08-26 14:57:18.659 | WARNING  | winwatt_automation.runtime_mapping.program_mapper:_safe_capture_snapshot:191 - snapshot_capture_failed state_id=startup_after_relaunch error=No WinWatt-like windows were found
2026-08-26 14:57:19.161 | INFO     | winwatt_automation.live_ui.app_connector:get_cached_main_window:597 - DBG_WINWATT_CACHE_GET reason_code=cache_missing_resolving_fresh diagnostic_fast_mode=False
2026-08-26 14:57:20.816 | DEBUG    | winwatt_automation.live_ui.app_connector:list_candidate_windows:180 - Discovered 0 WinWatt-like windows on backend=win32
2026-08-26 14:57:20.825 | INFO     | winwatt_automation.live_ui.app_connector:_connect_with_win32_handle:276 - DBG_WINWATT_CONNECT_WIN32_CANDIDATES locator=backend=win32 ranked_candidates=[] 
2026-08-26 14:57:20.828 | WARNING  | winwatt_automation.runtime_mapping.program_mapper:_safe_capture_snapshot:191 - snapshot_capture_failed state_id=startup_after_relaunch error=No WinWatt-like windows were found
2026-08-26 14:57:21.330 | INFO     | winwatt_automation.live_ui.app_connector:get_cached_main_window:597 - DBG_WINWATT_CACHE_GET reason_code=cache_missing_resolving_fresh diagnostic_fast_mode=False
2026-08-26 14:57:21.436 | DEBUG    | winwatt_automation.live_ui.app_connector:list_candidate_windows:180 - Discovered 0 WinWatt-like windows on backend=win32
2026-08-26 14:57:21.436 | INFO     | winwatt_automation.live_ui.app_connector:_connect_with_win32_handle:276 - DBG_WINWATT_CONNECT_WIN32_CANDIDATES locator=backend=win32 ranked_candidates=[] 
2026-08-26 14:57:21.436 | WARNING  | winwatt_automation.runtime_mapping.program_mapper:_safe_capture_snapshot:191 - snapshot_capture_failed state_id=startup_after_relaunch error=No WinWatt-like windows were found
2026-08-26 14:57:21.939 | INFO     | winwatt_automation.live_ui.app_connector:get_cached_main_window:597 - DBG_WINWATT_CACHE_GET reason_code=cache_missing_resolving_fresh diagnostic_fast_mode=False
2026-08-26 14:57:22.010 | DEBUG    | winwatt_automation.live_ui.app_connector:list_candidate_windows:180 - Discovered 0 WinWatt-like windows on backend=win32
2026-08-26 14:57:22.010 | INFO     | winwatt_automation.live_ui.app_connector:_connect_with_win32_handle:276 - DBG_WINWATT_CONNECT_WIN32_CANDIDATES locator=backend=win32 ranked_candidates=[] 
2026-08-26 14:57:22.010 | WARNING  | winwatt_automation.runtime_mapping.program_mapper:_safe_capture_snapshot:191 - snapshot_capture_failed state_id=startup_after_relaunch error=No WinWatt-like windows were found
2026-08-26 14:57:22.513 | INFO     | winwatt_automation.live_ui.app_connector:get_cached_main_window:597 - DBG_WINWATT_CACHE_GET reason_code=cache_missing_resolving_fresh diagnostic_fast_mode=False
2026-08-26 14:57:22.575 | DEBUG    | winwatt_automation.live_ui.app_connector:list_candidate_windows:180 - Discovered 0 WinWatt-like windows on backend=win32
2026-08-26 14:57:22.592 | INFO     | winwatt_automation.live_ui.app_connector:_connect_with_win32_handle:276 - DBG_WINWATT_CONNECT_WIN32_CANDIDATES locator=backend=win32 ranked_candidates=[] 
2026-08-26 14:57:22.592 | WARNING  | winwatt_automation.runtime_mapping.program_mapper:_safe_capture_snapshot:191 - snapshot_capture_failed state_id=startup_after_relaunch error=No WinWatt-like windows were found
2026-08-26 14:57:23.094 | INFO     | winwatt_automation.live_ui.app_connector:get_cached_main_window:597 - DBG_WINWATT_CACHE_GET reason_code=cache_missing_resolving_fresh diagnostic_fast_mode=False
2026-08-26 14:57:23.166 | DEBUG    | winwatt_automation.live_ui.app_connector:list_candidate_windows:180 - Discovered 0 WinWatt-like windows on backend=win32
2026-08-26 14:57:23.169 | INFO     | winwatt_automation.live_ui.app_connector:_connect_with_win32_handle:276 - DBG_WINWATT_CONNECT_WIN32_CANDIDATES locator=backend=win32 ranked_candidates=[] 
2026-08-26 14:57:23.169 | WARNING  | winwatt_automation.runtime_mapping.program_mapper:_safe_capture_snapshot:191 - snapshot_capture_failed state_id=startup_after_relaunch error=No WinWatt-like windows were found
2026-08-26 14:57:23.675 | INFO     | winwatt_automation.live_ui.app_connector:get_cached_main_window:597 - DBG_WINWATT_CACHE_GET reason_code=cache_missing_resolving_fresh diagnostic_fast_mode=False
2026-08-26 14:57:23.748 | DEBUG    | winwatt_automation.live_ui.app_connector:list_candidate_windows:180 - Discovered 0 WinWatt-like windows on backend=win32
2026-08-26 14:57:23.759 | INFO     | winwatt_automation.live_ui.app_connector:_connect_with_win32_handle:276 - DBG_WINWATT_CONNECT_WIN32_CANDIDATES locator=backend=win32 ranked_candidates=[] 
2026-08-26 14:57:23.759 | WARNING  | winwatt_automation.runtime_mapping.program_mapper:_safe_capture_snapshot:191 - snapshot_capture_failed state_id=startup_after_relaunch error=No WinWatt-like windows were found
2026-08-26 14:57:24.263 | INFO     | winwatt_automation.live_ui.app_connector:get_cached_main_window:597 - DBG_WINWATT_CACHE_GET reason_code=cache_missing_resolving_fresh diagnostic_fast_mode=False
2026-08-26 14:57:24.350 | DEBUG    | winwatt_automation.live_ui.app_connector:list_candidate_windows:180 - Discovered 0 WinWatt-like windows on backend=win32
2026-08-26 14:57:24.361 | INFO     | winwatt_automation.live_ui.app_connector:_connect_with_win32_handle:276 - DBG_WINWATT_CONNECT_WIN32_CANDIDATES locator=backend=win32 ranked_candidates=[] 
2026-08-26 14:57:24.361 | WARNING  | winwatt_automation.runtime_mapping.program_mapper:_safe_capture_snapshot:191 - snapshot_capture_failed state_id=startup_after_relaunch error=No WinWatt-like windows were found
2026-08-26 14:57:24.863 | INFO     | winwatt_automation.live_ui.app_connector:get_cached_main_window:597 - DBG_WINWATT_CACHE_GET reason_code=cache_missing_resolving_fresh diagnostic_fast_mode=False
2026-08-26 14:57:24.925 | DEBUG    | winwatt_automation.live_ui.app_connector:list_candidate_windows:180 - Discovered 0 WinWatt-like windows on backend=win32
2026-08-26 14:57:24.925 | INFO     | winwatt_automation.live_ui.app_connector:_connect_with_win32_handle:276 - DBG_WINWATT_CONNECT_WIN32_CANDIDATES locator=backend=win32 ranked_candidates=[] 
2026-08-26 14:57:24.925 | WARNING  | winwatt_automation.runtime_mapping.program_mapper:_safe_capture_snapshot:191 - snapshot_capture_failed state_id=startup_after_relaunch error=No WinWatt-like windows were found
2026-08-26 14:57:25.436 | INFO     | winwatt_automation.live_ui.app_connector:get_cached_main_window:597 - DBG_WINWATT_CACHE_GET reason_code=cache_missing_resolving_fresh diagnostic_fast_mode=False
2026-08-26 14:57:25.489 | DEBUG    | winwatt_automation.live_ui.app_connector:list_candidate_windows:180 - Discovered 0 WinWatt-like windows on backend=win32
2026-08-26 14:57:25.489 | INFO     | winwatt_automation.live_ui.app_connector:_connect_with_win32_handle:276 - DBG_WINWATT_CONNECT_WIN32_CANDIDATES locator=backend=win32 ranked_candidates=[] 
2026-08-26 14:57:25.489 | WARNING  | winwatt_automation.runtime_mapping.program_mapper:_safe_capture_snapshot:191 - snapshot_capture_failed state_id=startup_after_relaunch error=No WinWatt-like windows were found
2026-08-26 14:57:26.005 | INFO     | winwatt_automation.live_ui.app_connector:get_cached_main_window:597 - DBG_WINWATT_CACHE_GET reason_code=cache_missing_resolving_fresh diagnostic_fast_mode=False
2026-08-26 14:57:26.076 | DEBUG    | winwatt_automation.live_ui.app_connector:list_candidate_windows:180 - Discovered 0 WinWatt-like windows on backend=win32
2026-08-26 14:57:26.080 | INFO     | winwatt_automation.live_ui.app_connector:_connect_with_win32_handle:276 - DBG_WINWATT_CONNECT_WIN32_CANDIDATES locator=backend=win32 ranked_candidates=[] 
2026-08-26 14:57:26.081 | WARNING  | winwatt_automation.runtime_mapping.program_mapper:_safe_capture_snapshot:191 - snapshot_capture_failed state_id=startup_after_relaunch error=No WinWatt-like windows were found
2026-08-26 14:57:26.582 | INFO     | winwatt_automation.live_ui.app_connector:get_cached_main_window:597 - DBG_WINWATT_CACHE_GET reason_code=cache_missing_resolving_fresh diagnostic_fast_mode=False
2026-08-26 14:57:26.642 | DEBUG    | winwatt_automation.live_ui.app_connector:list_candidate_windows:180 - Discovered 0 WinWatt-like windows on backend=win32
2026-08-26 14:57:26.642 | INFO     | winwatt_automation.live_ui.app_connector:_connect_with_win32_handle:276 - DBG_WINWATT_CONNECT_WIN32_CANDIDATES locator=backend=win32 ranked_candidates=[] 
2026-08-26 14:57:26.642 | WARNING  | winwatt_automation.runtime_mapping.program_mapper:_safe_capture_snapshot:191 - snapshot_capture_failed state_id=startup_after_relaunch error=No WinWatt-like windows were found
2026-08-26 14:57:27.158 | INFO     | winwatt_automation.live_ui.app_connector:get_cached_main_window:597 - DBG_WINWATT_CACHE_GET reason_code=cache_missing_resolving_fresh diagnostic_fast_mode=False
2026-08-26 14:57:27.277 | DEBUG    | winwatt_automation.live_ui.app_connector:list_candidate_windows:180 - Discovered 1 WinWatt-like windows on backend=win32
2026-08-26 14:57:27.281 | DEBUG    | winwatt_automation.live_ui.app_connector:list_candidate_windows:182 - Candidate[win32]: {'title': 'WinWatt gólya - C:\\Users\\Admin\\Documents\\GitHub\\autowinwatt\\winwatt_automation\\data\\runtime_maps\\full_authorized_sandbox\\20260826T123933Z\\testwwp.wwp', 'window_text': 'WinWatt gólya - C:\\Users\\Admin\\Documents\\GitHub\\autowinwatt\\winwatt_automation\\data\\runtime_maps\\full_authorized_sandbox\\20260826T123933Z\\testwwp.wwp', 'class_name': 'TMainForm', 'control_type': None, 'process_id': 21728, 'handle': None, 'is_visible': True, 'is_enabled': True, 'rectangle': {'left': -10, 'top': -10, 'right': 1930, 'bottom': 1030, 'width': 1940, 'height': 1040}, 'size': {'width': 1940, 'height': 1040}}
2026-08-26 14:57:27.283 | INFO     | winwatt_automation.live_ui.app_connector:_connect_with_win32_handle:276 - DBG_WINWATT_CONNECT_WIN32_CANDIDATES locator=backend=win32 ranked_candidates=[{'rank': 1, 'score': (1, 1, 1, 1, 2017600), 'process_id': 21728, 'handle': None, 'class_name': 'TMainForm', 'title': 'WinWatt gólya - C:\\Users\\Admin\\Documents\\GitHub\\autowinwatt\\winwatt_automation\\data\\runtime_maps\\full_authorized_sandbox\\20260826T123933Z\\testwwp.wwp', 'visible': True, 'enabled': True}] 
2026-08-26 14:57:27.283 | INFO     | winwatt_automation.live_ui.app_connector:select_main_window:224 - Candidate ranking score=(1, 1, 1, 1, 2017600) data={'title': 'WinWatt gólya - C:\\Users\\Admin\\Documents\\GitHub\\autowinwatt\\winwatt_automation\\data\\runtime_maps\\full_authorized_sandbox\\20260826T123933Z\\testwwp.wwp', 'window_text': 'WinWatt gólya - C:\\Users\\Admin\\Documents\\GitHub\\autowinwatt\\winwatt_automation\\data\\runtime_maps\\full_authorized_sandbox\\20260826T123933Z\\testwwp.wwp', 'class_name': 'TMainForm', 'control_type': None, 'process_id': 21728, 'handle': None, 'is_visible': True, 'is_enabled': True, 'rectangle': {'left': -10, 'top': -10, 'right': 1930, 'bottom': 1030, 'width': 1940, 'height': 1040}, 'size': {'width': 1940, 'height': 1040}}
2026-08-26 14:57:27.283 | INFO     | winwatt_automation.live_ui.app_connector:select_main_window:234 - Selected main window process_id=21728 handle=None score=(1, 1, 1, 1, 2017600) reasons=['has_process_id=True', 'has_handle=False', 'visible=True', 'enabled=True', 'title_has_winwatt=True', 'area=2017600']
2026-08-26 14:57:27.285 | INFO     | winwatt_automation.live_ui.app_connector:_connect_with_win32_handle:293 - DBG_WINWATT_CONNECT_WIN32_SELECTED selected_payload={'title': 'WinWatt gólya - C:\\Users\\Admin\\Documents\\GitHub\\autowinwatt\\winwatt_automation\\data\\runtime_maps\\full_authorized_sandbox\\20260826T123933Z\\testwwp.wwp', 'window_text': 'WinWatt gólya - C:\\Users\\Admin\\Documents\\GitHub\\autowinwatt\\winwatt_automation\\data\\runtime_maps\\full_authorized_sandbox\\20260826T123933Z\\testwwp.wwp', 'class_name': 'TMainForm', 'control_type': None, 'process_id': 21728, 'handle': None, 'is_visible': True, 'is_enabled': True, 'rectangle': {'left': -10, 'top': -10, 'right': 1930, 'bottom': 1030, 'width': 1940, 'height': 1040}, 'size': {'width': 1940, 'height': 1040}} selected_handle_is_none=True
2026-08-26 14:57:27.287 | INFO     | winwatt_automation.live_ui.app_connector:_connect_with_win32_handle:336 - Connected to WinWatt backend=win32 attach_mode=process candidate={'process_id': 21728, 'handle': None, 'class_name': 'TMainForm', 'title': 'WinWatt gólya - C:\\Users\\Admin\\Documents\\GitHub\\autowinwatt\\winwatt_automation\\data\\runtime_maps\\full_authorized_sandbox\\20260826T123933Z\\testwwp.wwp'}
2026-08-26 14:57:27.299 | INFO     | winwatt_automation.live_ui.app_connector:_connect_with_win32_handle:350 - DBG_WINWATT_CONNECT_WIN32_RESOLVED process_id=21728 resolved_handle=None selected_payload={'title': 'WinWatt gólya - C:\\Users\\Admin\\Documents\\GitHub\\autowinwatt\\winwatt_automation\\data\\runtime_maps\\full_authorized_sandbox\\20260826T123933Z\\testwwp.wwp', 'window_text': 'WinWatt gólya - C:\\Users\\Admin\\Documents\\GitHub\\autowinwatt\\winwatt_automation\\data\\runtime_maps\\full_authorized_sandbox\\20260826T123933Z\\testwwp.wwp', 'class_name': 'TMainForm', 'control_type': None, 'process_id': 21728, 'handle': None, 'is_visible': True, 'is_enabled': True, 'rectangle': {'left': -10, 'top': -10, 'right': 1930, 'bottom': 1030, 'width': 1940, 'height': 1040}, 'size': {'width': 1940, 'height': 1040}}
2026-08-26 14:57:27.300 | INFO     | winwatt_automation.live_ui.app_connector:_resolve_uia_main_window:382 - DBG_WINWATT_RESOLVE_UIA_WIN32_SELECTED selected_payload={'title': 'WinWatt gólya - C:\\Users\\Admin\\Documents\\GitHub\\autowinwatt\\winwatt_automation\\data\\runtime_maps\\full_authorized_sandbox\\20260826T123933Z\\testwwp.wwp', 'window_text': 'WinWatt gólya - C:\\Users\\Admin\\Documents\\GitHub\\autowinwatt\\winwatt_automation\\data\\runtime_maps\\full_authorized_sandbox\\20260826T123933Z\\testwwp.wwp', 'class_name': 'TMainForm', 'control_type': None, 'process_id': 21728, 'handle': None, 'is_visible': True, 'is_enabled': True, 'rectangle': {'left': -10, 'top': -10, 'right': 1930, 'bottom': 1030, 'width': 1940, 'height': 1040}, 'size': {'width': 1940, 'height': 1040}}
2026-08-26 14:57:27.301 | INFO     | winwatt_automation.live_ui.app_connector:_resolve_uia_main_window:388 - Connected to WinWatt backend=uia process_id=21728
2026-08-26 14:57:27.302 | INFO     | winwatt_automation.live_ui.app_connector:_resolve_uia_main_window:390 - Resolving main WinWatt window backend=uia class_name=TMainForm title_re=.*WinWatt.*
2026-08-26 14:57:27.625 | INFO     | winwatt_automation.live_ui.app_connector:_resolve_uia_main_window:400 - DBG_WINWATT_RESOLVE_UIA_PRIMARY selected_payload={'title': 'WinWatt gólya - C:\\Users\\Admin\\Documents\\GitHub\\autowinwatt\\winwatt_automation\\data\\runtime_maps\\full_authorized_sandbox\\20260826T123933Z\\testwwp.wwp', 'window_text': 'WinWatt gólya - C:\\Users\\Admin\\Documents\\GitHub\\autowinwatt\\winwatt_automation\\data\\runtime_maps\\full_authorized_sandbox\\20260826T123933Z\\testwwp.wwp', 'class_name': 'TMainForm', 'control_type': None, 'process_id': 21728, 'handle': None, 'is_visible': True, 'is_enabled': True, 'rectangle': {'left': -10, 'top': -10, 'right': 1930, 'bottom': 1030, 'width': 1940, 'height': 1040}, 'size': {'width': 1940, 'height': 1040}} primary_result={'wrapper_type': 'UIAWrapper', 'handle': 1900570, 'process_id': 21728, 'title': 'WinWatt gólya - C:\\Users\\Admin\\Documents\\GitHub\\autowinwatt\\winwatt_automation\\data\\runtime_maps\\full_authorized_sandbox\\20260826T123933Z\\testwwp.wwp', 'class_name': 'TMainForm', 'control_type': 'Window'} identity_match_with_win32=None
2026-08-26 14:57:27.644 | DEBUG    | winwatt_automation.live_ui.app_connector:get_cached_main_window:606 - DBG_PHASE_TIMING phase=get_cached_main_window elapsed_ms=484.000 reason_code=fresh_resolve
2026-08-26 14:57:27.768 | DEBUG    | winwatt_automation.live_ui.app_connector:get_cached_main_window:565 - DBG_WINWATT_CACHE_GET reason_code=cache_reused_without_validation payload={'wrapper_type': 'UIAWrapper', 'handle': 1900570, 'process_id': 21728, 'title': 'WinWatt gólya - C:\\Users\\Admin\\Documents\\GitHub\\autowinwatt\\winwatt_automation\\data\\runtime_maps\\full_authorized_sandbox\\20260826T123933Z\\testwwp.wwp', 'class_name': 'TMainForm', 'control_type': 'Window'} last_validation_age_s=0.125 diagnostic_fast_mode=False
2026-08-26 14:57:27.768 | DEBUG    | winwatt_automation.live_ui.app_connector:get_cached_main_window:566 - DBG_PHASE_TIMING phase=get_cached_main_window elapsed_ms=0.000 reason_code=cache_reused_without_validation
2026-08-26 14:57:27.784 | DEBUG    | winwatt_automation.live_ui.app_connector:get_cached_main_window:565 - DBG_WINWATT_CACHE_GET reason_code=cache_reused_without_validation payload={'wrapper_type': 'UIAWrapper', 'handle': 1900570, 'process_id': 21728, 'title': 'WinWatt gólya - C:\\Users\\Admin\\Documents\\GitHub\\autowinwatt\\winwatt_automation\\data\\runtime_maps\\full_authorized_sandbox\\20260826T123933Z\\testwwp.wwp', 'class_name': 'TMainForm', 'control_type': 'Window'} last_validation_age_s=0.125 diagnostic_fast_mode=False
2026-08-26 14:57:27.784 | DEBUG    | winwatt_automation.live_ui.app_connector:get_cached_main_window:566 - DBG_PHASE_TIMING phase=get_cached_main_window elapsed_ms=16.000 reason_code=cache_reused_without_validation
2026-08-26 14:57:28.302 | INFO     | winwatt_automation.live_ui.menu_helpers:_menu_items:1101 - DBG_MENU_ITEMS_SUMMARY total_items=7 visible_items=7 topbar_band=(0, 0, 392, 53) topbar_band_visible_count=7 popup_region_visible_count=0 force_refresh=True handle=1900570
2026-08-26 14:57:28.318 | DEBUG    | winwatt_automation.live_ui.menu_helpers:_menu_items:1111 - Discovered 7 MenuItem controls
2026-08-26 14:57:28.318 | DEBUG    | winwatt_automation.live_ui.menu_helpers:_log_phase_timing:83 - DBG_PHASE_TIMING phase=_menu_items elapsed_ms=547.000 force_refresh=True total_items=7 visible_items=7
2026-08-26 14:57:28.382 | INFO     | winwatt_automation.live_ui.menu_helpers:list_top_menu_items:1141 - Top-level menu items (raw): ['Rendszer', 'Fájl', 'Jegyzékek', 'Eszközök', 'Beállítások', 'Ablak', 'Súgó']
2026-08-26 14:57:28.382 | DEBUG    | winwatt_automation.live_ui.menu_helpers:_log_phase_timing:83 - DBG_PHASE_TIMING phase=list_top_menu_items elapsed_ms=610.000 count=7
2026-08-26 14:57:28.382 | INFO     | winwatt_automation.live_ui.app_connector:prepare_main_window_for_menu_interaction:1008 - Preparing WinWatt window for menu interaction
2026-08-26 14:57:28.382 | DEBUG    | winwatt_automation.live_ui.app_connector:get_cached_main_window:565 - DBG_WINWATT_CACHE_GET reason_code=cache_reused_without_validation payload={'wrapper_type': 'UIAWrapper', 'handle': 1900570, 'process_id': 21728, 'title': 'WinWatt gólya - C:\\Users\\Admin\\Documents\\GitHub\\autowinwatt\\winwatt_automation\\data\\runtime_maps\\full_authorized_sandbox\\20260826T123933Z\\testwwp.wwp', 'class_name': 'TMainForm', 'control_type': 'Window'} last_validation_age_s=0.735000000015134 diagnostic_fast_mode=False
2026-08-26 14:57:28.382 | DEBUG    | winwatt_automation.live_ui.app_connector:get_cached_main_window:566 - DBG_PHASE_TIMING phase=get_cached_main_window elapsed_ms=0.000 reason_code=cache_reused_without_validation
2026-08-26 14:57:28.382 | INFO     | winwatt_automation.live_ui.app_connector:prepare_main_window_for_menu_interaction:1028 - Window state before: maximized
2026-08-26 14:57:28.397 | INFO     | winwatt_automation.live_ui.app_connector:prepare_main_window_for_menu_interaction:1049 - Window maximized
2026-08-26 14:57:28.399 | INFO     | winwatt_automation.live_ui.app_connector:prepare_main_window_for_menu_interaction:1058 - Focus confirmed
2026-08-26 14:57:28.401 | DEBUG    | winwatt_automation.live_ui.app_connector:get_cached_main_window:565 - DBG_WINWATT_CACHE_GET reason_code=cache_reused_without_validation payload={'wrapper_type': 'UIAWrapper', 'handle': 1900570, 'process_id': 21728, 'title': 'WinWatt gólya - C:\\Users\\Admin\\Documents\\GitHub\\autowinwatt\\winwatt_automation\\data\\runtime_maps\\full_authorized_sandbox\\20260826T123933Z\\testwwp.wwp', 'class_name': 'TMainForm', 'control_type': 'Window'} last_validation_age_s=0.75 diagnostic_fast_mode=False
2026-08-26 14:57:28.401 | DEBUG    | winwatt_automation.live_ui.app_connector:get_cached_main_window:566 - DBG_PHASE_TIMING phase=get_cached_main_window elapsed_ms=0.000 reason_code=cache_reused_without_validation
2026-08-26 14:57:28.401 | INFO     | winwatt_automation.live_ui.app_connector:ensure_main_window_foreground_before_click:1217 - DBG_WINWATT_FOCUS_GUARD_PRECHECK action_label=open_top_menu:jegyzékek wrapper_type=UIAWrapper cached_handle=1900570 cached_pid=21728 cached_title=WinWatt gólya - C:\Users\Admin\Documents\GitHub\autowinwatt\winwatt_automation\data\runtime_maps\full_authorized_sandbox\20260826T123933Z\testwwp.wwp cached_class=TMainForm precheck_exists=False precheck_visible=True precheck_enabled=True rect={'left': -10, 'top': -10, 'right': 1930, 'bottom': 1030, 'width': 1940, 'height': 1040}
2026-08-26 14:57:28.401 | WARNING  | winwatt_automation.live_ui.app_connector:ensure_main_window_foreground_before_click:1306 - DBG_WINWATT_FOCUS_GUARD_OPEN_TOP_MENU_OVERRIDE action_label=open_top_menu:jegyzékek reason=exists_false_but_identity_strong wrapper_type=UIAWrapper identity_reasons=['handle', 'process_id', 'title', 'class_name', 'rect', 'visible', 'enabled'] cached_identity={'wrapper_type': 'UIAWrapper', 'handle': 1900570, 'process_id': 21728, 'title': 'WinWatt gólya - C:\\Users\\Admin\\Documents\\GitHub\\autowinwatt\\winwatt_automation\\data\\runtime_maps\\full_authorized_sandbox\\20260826T123933Z\\testwwp.wwp', 'class_name': 'TMainForm', 'control_type': 'Window'} rect={'left': -10, 'top': -10, 'right': 1930, 'bottom': 1030, 'width': 1940, 'height': 1040}
2026-08-26 14:57:28.407 | INFO     | winwatt_automation.live_ui.app_connector:is_winwatt_foreground_context:1161 - DBG_WINWATT_FOREGROUND_CONTEXT expected_handle=1900570 expected_process_id=21728 expected_title=WinWatt gólya - C:\Users\Admin\Documents\GitHub\autowinwatt\winwatt_automation\data\runtime_maps\full_authorized_sandbox\20260826T123933Z\testwwp.wwp expected_class_name=TMainForm actual_foreground_handle=1900570 actual_foreground_process_id=21728 actual_foreground_title=WinWatt gólya - C:\Users\Admin\Documents\GitHub\autowinwatt\winwatt_automation\data\runtime_maps\full_authorized_sandbox\20260826T123933Z\testwwp.wwp actual_foreground_class_name=TMainForm allow_dialog=False result_reason=handle_match
2026-08-26 14:57:28.407 | INFO     | winwatt_automation.live_ui.app_connector:ensure_main_window_foreground_before_click:1378 - DBG_WINWATT_FOCUS_GUARD_RESULT action_label=open_top_menu:jegyzékek status=focus_ok reason=handle_match foreground={'handle': 1900570, 'title': 'WinWatt gólya - C:\\Users\\Admin\\Documents\\GitHub\\autowinwatt\\winwatt_automation\\data\\runtime_maps\\full_authorized_sandbox\\20260826T123933Z\\testwwp.wwp', 'class_name': 'TMainForm', 'process_id': 21728} same_context_as_cached_main=True win32_uia_identity_match=True
2026-08-26 14:57:28.414 | DEBUG    | winwatt_automation.live_ui.app_connector:get_cached_main_window:565 - DBG_WINWATT_CACHE_GET reason_code=cache_reused_without_validation payload={'wrapper_type': 'UIAWrapper', 'handle': 1900570, 'process_id': 21728, 'title': 'WinWatt gólya - C:\\Users\\Admin\\Documents\\GitHub\\autowinwatt\\winwatt_automation\\data\\runtime_maps\\full_authorized_sandbox\\20260826T123933Z\\testwwp.wwp', 'class_name': 'TMainForm', 'control_type': 'Window'} last_validation_age_s=0.7660000000032596 diagnostic_fast_mode=False
2026-08-26 14:57:28.414 | DEBUG    | winwatt_automation.live_ui.app_connector:get_cached_main_window:566 - DBG_PHASE_TIMING phase=get_cached_main_window elapsed_ms=0.000 reason_code=cache_reused_without_validation
2026-08-26 14:57:28.414 | DEBUG    | winwatt_automation.live_ui.app_connector:get_cached_main_window:565 - DBG_WINWATT_CACHE_GET reason_code=cache_reused_without_validation payload={'wrapper_type': 'UIAWrapper', 'handle': 1900570, 'process_id': 21728, 'title': 'WinWatt gólya - C:\\Users\\Admin\\Documents\\GitHub\\autowinwatt\\winwatt_automation\\data\\runtime_maps\\full_authorized_sandbox\\20260826T123933Z\\testwwp.wwp', 'class_name': 'TMainForm', 'control_type': 'Window'} last_validation_age_s=0.7660000000032596 diagnostic_fast_mode=False
2026-08-26 14:57:28.414 | DEBUG    | winwatt_automation.live_ui.app_connector:get_cached_main_window:566 - DBG_PHASE_TIMING phase=get_cached_main_window elapsed_ms=0.000 reason_code=cache_reused_without_validation
2026-08-26 14:57:28.476 | INFO     | winwatt_automation.live_ui.menu_helpers:_menu_items:1101 - DBG_MENU_ITEMS_SUMMARY total_items=7 visible_items=7 topbar_band=(0, 0, 392, 53) topbar_band_visible_count=7 popup_region_visible_count=0 force_refresh=False handle=1900570
2026-08-26 14:57:28.476 | DEBUG    | winwatt_automation.live_ui.menu_helpers:_menu_items:1111 - Discovered 7 MenuItem controls
2026-08-26 14:57:28.476 | DEBUG    | winwatt_automation.live_ui.menu_helpers:_log_phase_timing:83 - DBG_PHASE_TIMING phase=_menu_items elapsed_ms=62.000 force_refresh=False total_items=7 visible_items=7
2026-08-26 14:57:28.560 | DEBUG    | winwatt_automation.live_ui.app_connector:get_cached_main_window:565 - DBG_WINWATT_CACHE_GET reason_code=cache_reused_without_validation payload={'wrapper_type': 'UIAWrapper', 'handle': 1900570, 'process_id': 21728, 'title': 'WinWatt gólya - C:\\Users\\Admin\\Documents\\GitHub\\autowinwatt\\winwatt_automation\\data\\runtime_maps\\full_authorized_sandbox\\20260826T123933Z\\testwwp.wwp', 'class_name': 'TMainForm', 'control_type': 'Window'} last_validation_age_s=0.9220000000204891 diagnostic_fast_mode=False
2026-08-26 14:57:28.560 | DEBUG    | winwatt_automation.live_ui.app_connector:get_cached_main_window:566 - DBG_PHASE_TIMING phase=get_cached_main_window elapsed_ms=0.000 reason_code=cache_reused_without_validation
2026-08-26 14:57:28.572 | DEBUG    | winwatt_automation.live_ui.app_connector:get_cached_main_window:565 - DBG_WINWATT_CACHE_GET reason_code=cache_reused_without_validation payload={'wrapper_type': 'UIAWrapper', 'handle': 1900570, 'process_id': 21728, 'title': 'WinWatt gólya - C:\\Users\\Admin\\Documents\\GitHub\\autowinwatt\\winwatt_automation\\data\\runtime_maps\\full_authorized_sandbox\\20260826T123933Z\\testwwp.wwp', 'class_name': 'TMainForm', 'control_type': 'Window'} last_validation_age_s=0.9220000000204891 diagnostic_fast_mode=False
2026-08-26 14:57:28.572 | DEBUG    | winwatt_automation.live_ui.app_connector:get_cached_main_window:566 - DBG_PHASE_TIMING phase=get_cached_main_window elapsed_ms=0.000 reason_code=cache_reused_without_validation
2026-08-26 14:57:28.572 | DEBUG    | winwatt_automation.live_ui.app_connector:get_cached_main_window:565 - DBG_WINWATT_CACHE_GET reason_code=cache_reused_without_validation payload={'wrapper_type': 'UIAWrapper', 'handle': 1900570, 'process_id': 21728, 'title': 'WinWatt gólya - C:\\Users\\Admin\\Documents\\GitHub\\autowinwatt\\winwatt_automation\\data\\runtime_maps\\full_authorized_sandbox\\20260826T123933Z\\testwwp.wwp', 'class_name': 'TMainForm', 'control_type': 'Window'} last_validation_age_s=0.9220000000204891 diagnostic_fast_mode=False
2026-08-26 14:57:28.572 | DEBUG    | winwatt_automation.live_ui.app_connector:get_cached_main_window:566 - DBG_PHASE_TIMING phase=get_cached_main_window elapsed_ms=0.000 reason_code=cache_reused_without_validation
2026-08-26 14:57:28.572 | INFO     | winwatt_automation.live_ui.menu_helpers:_menu_items:1101 - DBG_MENU_ITEMS_SUMMARY total_items=7 visible_items=7 topbar_band=(0, 0, 392, 53) topbar_band_visible_count=7 popup_region_visible_count=0 force_refresh=False handle=1900570
2026-08-26 14:57:28.572 | DEBUG    | winwatt_automation.live_ui.menu_helpers:_menu_items:1111 - Discovered 7 MenuItem controls
2026-08-26 14:57:28.587 | DEBUG    | winwatt_automation.live_ui.menu_helpers:_log_phase_timing:83 - DBG_PHASE_TIMING phase=_menu_items elapsed_ms=16.000 force_refresh=False total_items=7 visible_items=7
2026-08-26 14:57:28.587 | DEBUG    | winwatt_automation.live_ui.menu_helpers:_log_popup_fragment:499 - DBG_MENU_FRAGMENT_MAIN_WINDOW source_scope=main_window control_type=MenuItem class_name= text='Rendszer' rectangle={'left': 0, 'top': 0, 'right': 28, 'bottom': 28} center=(14, 14) process_id=21728 native_handle=None topbar_candidate=True popup_candidate=False
2026-08-26 14:57:28.587 | DEBUG    | winwatt_automation.live_ui.menu_helpers:_log_popup_fragment:499 - DBG_MENU_FRAGMENT_MAIN_WINDOW source_scope=main_window control_type=MenuItem class_name= text='Fájl' rectangle={'left': 0, 'top': 29, 'right': 40, 'bottom': 53} center=(20, 41) process_id=21728 native_handle=None topbar_candidate=True popup_candidate=False
2026-08-26 14:57:28.587 | DEBUG    | winwatt_automation.live_ui.menu_helpers:_log_popup_fragment:499 - DBG_MENU_FRAGMENT_MAIN_WINDOW source_scope=main_window control_type=MenuItem class_name= text='Jegyzékek' rectangle={'left': 40, 'top': 29, 'right': 123, 'bottom': 53} center=(81, 41) process_id=21728 native_handle=None topbar_candidate=True popup_candidate=False
2026-08-26 14:57:28.587 | DEBUG    | winwatt_automation.live_ui.menu_helpers:_log_popup_fragment:499 - DBG_MENU_FRAGMENT_MAIN_WINDOW source_scope=main_window control_type=MenuItem class_name= text='Eszközök' rectangle={'left': 123, 'top': 29, 'right': 199, 'bottom': 53} center=(161, 41) process_id=21728 native_handle=None topbar_candidate=True popup_candidate=False
2026-08-26 14:57:28.587 | DEBUG    | winwatt_automation.live_ui.menu_helpers:_log_popup_fragment:499 - DBG_MENU_FRAGMENT_MAIN_WINDOW source_scope=main_window control_type=MenuItem class_name= text='Beállítások' rectangle={'left': 199, 'top': 29, 'right': 287, 'bottom': 53} center=(243, 41) process_id=21728 native_handle=None topbar_candidate=True popup_candidate=False
2026-08-26 14:57:28.587 | DEBUG    | winwatt_automation.live_ui.menu_helpers:_log_popup_fragment:499 - DBG_MENU_FRAGMENT_MAIN_WINDOW source_scope=main_window control_type=MenuItem class_name= text='Ablak' rectangle={'left': 286, 'top': 29, 'right': 341, 'bottom': 53} center=(313, 41) process_id=21728 native_handle=None topbar_candidate=True popup_candidate=False
2026-08-26 14:57:28.587 | DEBUG    | winwatt_automation.live_ui.menu_helpers:_log_popup_fragment:499 - DBG_MENU_FRAGMENT_MAIN_WINDOW source_scope=main_window control_type=MenuItem class_name= text='Súgó' rectangle={'left': 341, 'top': 29, 'right': 392, 'bottom': 53} center=(366, 41) process_id=21728 native_handle=None topbar_candidate=True popup_candidate=False
2026-08-26 14:57:28.587 | DEBUG    | winwatt_automation.live_ui.menu_helpers:_menu_like_controls_from_main_window:1599 - DBG_MENU_FRAGMENT_SOURCE_SUMMARY source_scope=main_window count=7
2026-08-26 14:57:28.587 | DEBUG    | winwatt_automation.live_ui.app_connector:get_cached_main_window:565 - DBG_WINWATT_CACHE_GET reason_code=cache_reused_without_validation payload={'wrapper_type': 'UIAWrapper', 'handle': 1900570, 'process_id': 21728, 'title': 'WinWatt gólya - C:\\Users\\Admin\\Documents\\GitHub\\autowinwatt\\winwatt_automation\\data\\runtime_maps\\full_authorized_sandbox\\20260826T123933Z\\testwwp.wwp', 'class_name': 'TMainForm', 'control_type': 'Window'} last_validation_age_s=0.9379999999946449 diagnostic_fast_mode=False
2026-08-26 14:57:28.587 | DEBUG    | winwatt_automation.live_ui.app_connector:get_cached_main_window:566 - DBG_PHASE_TIMING phase=get_cached_main_window elapsed_ms=0.000 reason_code=cache_reused_without_validation
2026-08-26 14:57:28.587 | DEBUG    | winwatt_automation.live_ui.app_connector:get_cached_main_window:565 - DBG_WINWATT_CACHE_GET reason_code=cache_reused_without_validation payload={'wrapper_type': 'UIAWrapper', 'handle': 1900570, 'process_id': 21728, 'title': 'WinWatt gólya - C:\\Users\\Admin\\Documents\\GitHub\\autowinwatt\\winwatt_automation\\data\\runtime_maps\\full_authorized_sandbox\\20260826T123933Z\\testwwp.wwp', 'class_name': 'TMainForm', 'control_type': 'Window'} last_validation_age_s=0.9379999999946449 diagnostic_fast_mode=False
2026-08-26 14:57:28.587 | DEBUG    | winwatt_automation.live_ui.app_connector:get_cached_main_window:566 - DBG_PHASE_TIMING phase=get_cached_main_window elapsed_ms=0.000 reason_code=cache_reused_without_validation
2026-08-26 14:57:28.770 | DEBUG    | winwatt_automation.live_ui.menu_helpers:_log_popup_fragment:499 - DBG_MENU_FRAGMENT_GLOBAL_SCAN source_scope=global_process_scan control_type=MenuItem class_name= text='Rendszer' rectangle={'left': 0, 'top': 0, 'right': 28, 'bottom': 28} center=(14, 14) process_id=21728 native_handle=None topbar_candidate=True popup_candidate=False
2026-08-26 14:57:28.777 | DEBUG    | winwatt_automation.live_ui.menu_helpers:_log_popup_fragment:499 - DBG_MENU_FRAGMENT_GLOBAL_SCAN source_scope=global_process_scan control_type=MenuItem class_name= text='Fájl' rectangle={'left': 0, 'top': 29, 'right': 40, 'bottom': 53} center=(20, 41) process_id=21728 native_handle=None topbar_candidate=True popup_candidate=False
2026-08-26 14:57:28.777 | DEBUG    | winwatt_automation.live_ui.menu_helpers:_log_popup_fragment:499 - DBG_MENU_FRAGMENT_GLOBAL_SCAN source_scope=global_process_scan control_type=MenuItem class_name= text='Jegyzékek' rectangle={'left': 40, 'top': 29, 'right': 123, 'bottom': 53} center=(81, 41) process_id=21728 native_handle=None topbar_candidate=True popup_candidate=False
2026-08-26 14:57:28.777 | DEBUG    | winwatt_automation.live_ui.menu_helpers:_log_popup_fragment:499 - DBG_MENU_FRAGMENT_GLOBAL_SCAN source_scope=global_process_scan control_type=MenuItem class_name= text='Eszközök' rectangle={'left': 123, 'top': 29, 'right': 199, 'bottom': 53} center=(161, 41) process_id=21728 native_handle=None topbar_candidate=True popup_candidate=False
2026-08-26 14:57:28.777 | DEBUG    | winwatt_automation.live_ui.menu_helpers:_log_popup_fragment:499 - DBG_MENU_FRAGMENT_GLOBAL_SCAN source_scope=global_process_scan control_type=MenuItem class_name= text='Beállítások' rectangle={'left': 199, 'top': 29, 'right': 287, 'bottom': 53} center=(243, 41) process_id=21728 native_handle=None topbar_candidate=True popup_candidate=False
2026-08-26 14:57:28.777 | DEBUG    | winwatt_automation.live_ui.menu_helpers:_log_popup_fragment:499 - DBG_MENU_FRAGMENT_GLOBAL_SCAN source_scope=global_process_scan control_type=MenuItem class_name= text='Ablak' rectangle={'left': 286, 'top': 29, 'right': 341, 'bottom': 53} center=(313, 41) process_id=21728 native_handle=None topbar_candidate=True popup_candidate=False
2026-08-26 14:57:28.777 | DEBUG    | winwatt_automation.live_ui.menu_helpers:_log_popup_fragment:499 - DBG_MENU_FRAGMENT_GLOBAL_SCAN source_scope=global_process_scan control_type=MenuItem class_name= text='Súgó' rectangle={'left': 341, 'top': 29, 'right': 392, 'bottom': 53} center=(366, 41) process_id=21728 native_handle=None topbar_candidate=True popup_candidate=False
2026-08-26 14:57:28.777 | DEBUG    | winwatt_automation.live_ui.menu_helpers:_menu_like_controls_from_global_process_scan:1631 - DBG_MENU_FRAGMENT_SOURCE_SUMMARY source_scope=global_process_scan count=7 process_id=21728
2026-08-26 14:57:28.777 | DEBUG    | winwatt_automation.live_ui.app_connector:get_cached_main_window:565 - DBG_WINWATT_CACHE_GET reason_code=cache_reused_without_validation payload={'wrapper_type': 'UIAWrapper', 'handle': 1900570, 'process_id': 21728, 'title': 'WinWatt gólya - C:\\Users\\Admin\\Documents\\GitHub\\autowinwatt\\winwatt_automation\\data\\runtime_maps\\full_authorized_sandbox\\20260826T123933Z\\testwwp.wwp', 'class_name': 'TMainForm', 'control_type': 'Window'} last_validation_age_s=1.125 diagnostic_fast_mode=False
2026-08-26 14:57:28.777 | DEBUG    | winwatt_automation.live_ui.app_connector:get_cached_main_window:566 - DBG_PHASE_TIMING phase=get_cached_main_window elapsed_ms=0.000 reason_code=cache_reused_without_validation
2026-08-26 14:57:28.777 | DEBUG    | winwatt_automation.live_ui.menu_helpers:capture_menu_popup_snapshot:1682 - DBG_POPUP_ROW_DEDUPE rect={'left': 0, 'top': 0, 'right': 28, 'bottom': 28} normalized_text=rendszer class_name= source_scope=main_window deduplicated=False
2026-08-26 14:57:28.777 | DEBUG    | winwatt_automation.live_ui.menu_helpers:capture_menu_popup_snapshot:1682 - DBG_POPUP_ROW_DEDUPE rect={'left': 0, 'top': 29, 'right': 40, 'bottom': 53} normalized_text=fájl class_name= source_scope=main_window deduplicated=False
2026-08-26 14:57:28.777 | DEBUG    | winwatt_automation.live_ui.menu_helpers:capture_menu_popup_snapshot:1682 - DBG_POPUP_ROW_DEDUPE rect={'left': 40, 'top': 29, 'right': 123, 'bottom': 53} normalized_text=jegyzékek class_name= source_scope=main_window deduplicated=False
2026-08-26 14:57:28.777 | DEBUG    | winwatt_automation.live_ui.menu_helpers:capture_menu_popup_snapshot:1682 - DBG_POPUP_ROW_DEDUPE rect={'left': 123, 'top': 29, 'right': 199, 'bottom': 53} normalized_text=eszközök class_name= source_scope=main_window deduplicated=False
2026-08-26 14:57:28.777 | DEBUG    | winwatt_automation.live_ui.menu_helpers:capture_menu_popup_snapshot:1682 - DBG_POPUP_ROW_DEDUPE rect={'left': 199, 'top': 29, 'right': 287, 'bottom': 53} normalized_text=beállítások class_name= source_scope=main_window deduplicated=False
2026-08-26 14:57:28.792 | DEBUG    | winwatt_automation.live_ui.menu_helpers:capture_menu_popup_snapshot:1682 - DBG_POPUP_ROW_DEDUPE rect={'left': 286, 'top': 29, 'right': 341, 'bottom': 53} normalized_text=ablak class_name= source_scope=main_window deduplicated=False
2026-08-26 14:57:28.792 | DEBUG    | winwatt_automation.live_ui.menu_helpers:capture_menu_popup_snapshot:1682 - DBG_POPUP_ROW_DEDUPE rect={'left': 341, 'top': 29, 'right': 392, 'bottom': 53} normalized_text=súgó class_name= source_scope=main_window deduplicated=False
2026-08-26 14:57:28.792 | DEBUG    | winwatt_automation.live_ui.menu_helpers:capture_menu_popup_snapshot:1682 - DBG_POPUP_ROW_DEDUPE rect={'left': 0, 'top': 0, 'right': 28, 'bottom': 28} normalized_text=rendszer class_name= source_scope=global_process_scan deduplicated=False
2026-08-26 14:57:28.792 | DEBUG    | winwatt_automation.live_ui.menu_helpers:capture_menu_popup_snapshot:1682 - DBG_POPUP_ROW_DEDUPE rect={'left': 0, 'top': 29, 'right': 40, 'bottom': 53} normalized_text=fájl class_name= source_scope=global_process_scan deduplicated=False
2026-08-26 14:57:28.792 | DEBUG    | winwatt_automation.live_ui.menu_helpers:capture_menu_popup_snapshot:1682 - DBG_POPUP_ROW_DEDUPE rect={'left': 40, 'top': 29, 'right': 123, 'bottom': 53} normalized_text=jegyzékek class_name= source_scope=global_process_scan deduplicated=False
2026-08-26 14:57:28.792 | DEBUG    | winwatt_automation.live_ui.menu_helpers:capture_menu_popup_snapshot:1682 - DBG_POPUP_ROW_DEDUPE rect={'left': 123, 'top': 29, 'right': 199, 'bottom': 53} normalized_text=eszközök class_name= source_scope=global_process_scan deduplicated=False
2026-08-26 14:57:28.792 | DEBUG    | winwatt_automation.live_ui.menu_helpers:capture_menu_popup_snapshot:1682 - DBG_POPUP_ROW_DEDUPE rect={'left': 199, 'top': 29, 'right': 287, 'bottom': 53} normalized_text=beállítások class_name= source_scope=global_process_scan deduplicated=False
2026-08-26 14:57:28.792 | DEBUG    | winwatt_automation.live_ui.menu_helpers:capture_menu_popup_snapshot:1682 - DBG_POPUP_ROW_DEDUPE rect={'left': 286, 'top': 29, 'right': 341, 'bottom': 53} normalized_text=ablak class_name= source_scope=global_process_scan deduplicated=False
2026-08-26 14:57:28.792 | DEBUG    | winwatt_automation.live_ui.menu_helpers:capture_menu_popup_snapshot:1682 - DBG_POPUP_ROW_DEDUPE rect={'left': 341, 'top': 29, 'right': 392, 'bottom': 53} normalized_text=súgó class_name= source_scope=global_process_scan deduplicated=False
2026-08-26 14:57:28.792 | INFO     | winwatt_automation.live_ui.menu_helpers:capture_menu_popup_snapshot:1724 - POPUP_SNAPSHOT_SUMMARY main_window_fragments=7 global_scan_fragments=7 deduped_fragments=14 topbar_like=12 popup_like=0 empty_text=0 topbar_band=(0, 29, 392, 53) empty_text_vertical_cluster_detected=False accepted_popup_rows=0 popup_heuristic=candidate_count_below_threshold
2026-08-26 14:57:28.792 | DEBUG    | winwatt_automation.live_ui.menu_helpers:capture_menu_popup_snapshot:1737 - Captured menu snapshot rows=14
2026-08-26 14:57:28.792 | DEBUG    | winwatt_automation.live_ui.menu_helpers:_log_phase_timing:83 - DBG_PHASE_TIMING phase=capture_menu_popup_snapshot elapsed_ms=219.000 main_rows=7 global_rows=7 unique_rows=14 diagnostic_fast_mode=False
2026-08-26 14:57:28.980 | INFO     | winwatt_automation.live_ui.menu_helpers:_validate_post_menu_open_foreground:962 - post_click_foreground_validation title=Jegyzékek foreground={'handle': 1900570, 'title': 'WinWatt gólya - C:\\Users\\Admin\\Documents\\GitHub\\autowinwatt\\winwatt_automation\\data\\runtime_maps\\full_authorized_sandbox\\20260826T123933Z\\testwwp.wwp', 'class_name': 'TMainForm', 'process_id': 21728}
2026-08-26 14:57:29.003 | INFO     | winwatt_automation.live_ui.app_connector:is_winwatt_foreground_context:1161 - DBG_WINWATT_FOREGROUND_CONTEXT expected_handle=1900570 expected_process_id=21728 expected_title=WinWatt gólya - C:\Users\Admin\Documents\GitHub\autowinwatt\winwatt_automation\data\runtime_maps\full_authorized_sandbox\20260826T123933Z\testwwp.wwp expected_class_name=TMainForm actual_foreground_handle=1900570 actual_foreground_process_id=21728 actual_foreground_title=WinWatt gólya - C:\Users\Admin\Documents\GitHub\autowinwatt\winwatt_automation\data\runtime_maps\full_authorized_sandbox\20260826T123933Z\testwwp.wwp actual_foreground_class_name=TMainForm allow_dialog=True result_reason=handle_match
2026-08-26 14:57:29.011 | DEBUG    | winwatt_automation.live_ui.app_connector:get_cached_main_window:565 - DBG_WINWATT_CACHE_GET reason_code=cache_reused_without_validation payload={'wrapper_type': 'UIAWrapper', 'handle': 1900570, 'process_id': 21728, 'title': 'WinWatt gólya - C:\\Users\\Admin\\Documents\\GitHub\\autowinwatt\\winwatt_automation\\data\\runtime_maps\\full_authorized_sandbox\\20260826T123933Z\\testwwp.wwp', 'class_name': 'TMainForm', 'control_type': 'Window'} last_validation_age_s=1.360000000015134 diagnostic_fast_mode=False
2026-08-26 14:57:29.011 | DEBUG    | winwatt_automation.live_ui.app_connector:get_cached_main_window:566 - DBG_PHASE_TIMING phase=get_cached_main_window elapsed_ms=0.000 reason_code=cache_reused_without_validation
2026-08-26 14:57:29.513 | DEBUG    | winwatt_automation.live_ui.app_connector:get_cached_main_window:565 - DBG_WINWATT_CACHE_GET reason_code=cache_reused_without_validation payload={'wrapper_type': 'UIAWrapper', 'handle': 1900570, 'process_id': 21728, 'title': 'WinWatt gólya - C:\\Users\\Admin\\Documents\\GitHub\\autowinwatt\\winwatt_automation\\data\\runtime_maps\\full_authorized_sandbox\\20260826T123933Z\\testwwp.wwp', 'class_name': 'TMainForm', 'control_type': 'Window'} last_validation_age_s=1.875 diagnostic_fast_mode=False
2026-08-26 14:57:29.524 | DEBUG    | winwatt_automation.live_ui.app_connector:get_cached_main_window:566 - DBG_PHASE_TIMING phase=get_cached_main_window elapsed_ms=0.000 reason_code=cache_reused_without_validation
2026-08-26 14:57:29.524 | DEBUG    | winwatt_automation.live_ui.app_connector:get_cached_main_window:565 - DBG_WINWATT_CACHE_GET reason_code=cache_reused_without_validation payload={'wrapper_type': 'UIAWrapper', 'handle': 1900570, 'process_id': 21728, 'title': 'WinWatt gólya - C:\\Users\\Admin\\Documents\\GitHub\\autowinwatt\\winwatt_automation\\data\\runtime_maps\\full_authorized_sandbox\\20260826T123933Z\\testwwp.wwp', 'class_name': 'TMainForm', 'control_type': 'Window'} last_validation_age_s=1.875 diagnostic_fast_mode=False
2026-08-26 14:57:29.524 | DEBUG    | winwatt_automation.live_ui.app_connector:get_cached_main_window:566 - DBG_PHASE_TIMING phase=get_cached_main_window elapsed_ms=0.000 reason_code=cache_reused_without_validation
2026-08-26 14:57:30.004 | INFO     | winwatt_automation.live_ui.menu_helpers:_menu_items:1101 - DBG_MENU_ITEMS_SUMMARY total_items=21 visible_items=21 topbar_band=(0, 0, 392, 464) topbar_band_visible_count=21 popup_region_visible_count=0 force_refresh=False handle=1900570
2026-08-26 14:57:30.009 | DEBUG    | winwatt_automation.live_ui.menu_helpers:_menu_items:1111 - Discovered 21 MenuItem controls
2026-08-26 14:57:30.009 | DEBUG    | winwatt_automation.live_ui.menu_helpers:_log_phase_timing:83 - DBG_PHASE_TIMING phase=_menu_items elapsed_ms=485.000 force_refresh=False total_items=21 visible_items=21
2026-08-26 14:57:30.018 | INFO     | winwatt_automation.live_ui.menu_helpers:_menu_row_from_wrapper:1545 - TEXT_EXTRACTION_FALLBACK_USED source=legacy_text confidence=medium rect={'left': 44, 'top': 56, 'right': 318, 'bottom': 84}
2026-08-26 14:57:30.018 | DEBUG    | winwatt_automation.live_ui.menu_helpers:_log_popup_fragment:499 - DBG_MENU_FRAGMENT_MAIN_WINDOW source_scope=main_window control_type=MenuItem class_name= text='Végrehajtás' rectangle={'left': 44, 'top': 56, 'right': 318, 'bottom': 84} center=(181, 70) process_id=21728 native_handle=None topbar_candidate=True popup_candidate=False
2026-08-26 14:57:30.018 | INFO     | winwatt_automation.live_ui.menu_helpers:_menu_row_from_wrapper:1545 - TEXT_EXTRACTION_FALLBACK_USED source=legacy_text confidence=medium rect={'left': 44, 'top': 84, 'right': 318, 'bottom': 112}
2026-08-26 14:57:30.018 | DEBUG    | winwatt_automation.live_ui.menu_helpers:_log_popup_fragment:499 - DBG_MENU_FRAGMENT_MAIN_WINDOW source_scope=main_window control_type=MenuItem class_name= text='Végrehajtás' rectangle={'left': 44, 'top': 84, 'right': 318, 'bottom': 112} center=(181, 98) process_id=21728 native_handle=None topbar_candidate=True popup_candidate=False
2026-08-26 14:57:30.034 | INFO     | winwatt_automation.live_ui.menu_helpers:_menu_row_from_wrapper:1545 - TEXT_EXTRACTION_FALLBACK_USED source=legacy_text confidence=medium rect={'left': 44, 'top': 111, 'right': 318, 'bottom': 139}
2026-08-26 14:57:30.039 | DEBUG    | winwatt_automation.live_ui.menu_helpers:_log_popup_fragment:499 - DBG_MENU_FRAGMENT_MAIN_WINDOW source_scope=main_window control_type=MenuItem class_name= text='Végrehajtás' rectangle={'left': 44, 'top': 111, 'right': 318, 'bottom': 139} center=(181, 125) process_id=21728 native_handle=None topbar_candidate=True popup_candidate=False
2026-08-26 14:57:30.039 | INFO     | winwatt_automation.live_ui.menu_helpers:_menu_row_from_wrapper:1545 - TEXT_EXTRACTION_FALLBACK_USED source=legacy_text confidence=medium rect={'left': 44, 'top': 139, 'right': 318, 'bottom': 167}
2026-08-26 14:57:30.050 | DEBUG    | winwatt_automation.live_ui.menu_helpers:_log_popup_fragment:499 - DBG_MENU_FRAGMENT_MAIN_WINDOW source_scope=main_window control_type=MenuItem class_name= text='Végrehajtás' rectangle={'left': 44, 'top': 139, 'right': 318, 'bottom': 167} center=(181, 153) process_id=21728 native_handle=None topbar_candidate=True popup_candidate=False
2026-08-26 14:57:30.052 | INFO     | winwatt_automation.live_ui.menu_helpers:_menu_row_from_wrapper:1545 - TEXT_EXTRACTION_FALLBACK_USED source=legacy_text confidence=medium rect={'left': 44, 'top': 166, 'right': 318, 'bottom': 194}
2026-08-26 14:57:30.052 | DEBUG    | winwatt_automation.live_ui.menu_helpers:_log_popup_fragment:499 - DBG_MENU_FRAGMENT_MAIN_WINDOW source_scope=main_window control_type=MenuItem class_name= text='Végrehajtás' rectangle={'left': 44, 'top': 166, 'right': 318, 'bottom': 194} center=(181, 180) process_id=21728 native_handle=None topbar_candidate=True popup_candidate=False
2026-08-26 14:57:30.065 | INFO     | winwatt_automation.live_ui.menu_helpers:_menu_row_from_wrapper:1545 - TEXT_EXTRACTION_FALLBACK_USED source=legacy_text confidence=medium rect={'left': 44, 'top': 201, 'right': 318, 'bottom': 229}
2026-08-26 14:57:30.065 | DEBUG    | winwatt_automation.live_ui.menu_helpers:_log_popup_fragment:499 - DBG_MENU_FRAGMENT_MAIN_WINDOW source_scope=main_window control_type=MenuItem class_name= text='Végrehajtás' rectangle={'left': 44, 'top': 201, 'right': 318, 'bottom': 229} center=(181, 215) process_id=21728 native_handle=None topbar_candidate=True popup_candidate=False
2026-08-26 14:57:30.081 | INFO     | winwatt_automation.live_ui.menu_helpers:_menu_row_from_wrapper:1545 - TEXT_EXTRACTION_FALLBACK_USED source=legacy_text confidence=medium rect={'left': 44, 'top': 229, 'right': 318, 'bottom': 257}
2026-08-26 14:57:30.081 | DEBUG    | winwatt_automation.live_ui.menu_helpers:_log_popup_fragment:499 - DBG_MENU_FRAGMENT_MAIN_WINDOW source_scope=main_window control_type=MenuItem class_name= text='Végrehajtás' rectangle={'left': 44, 'top': 229, 'right': 318, 'bottom': 257} center=(181, 243) process_id=21728 native_handle=None topbar_candidate=True popup_candidate=False
2026-08-26 14:57:30.081 | INFO     | winwatt_automation.live_ui.menu_helpers:_menu_row_from_wrapper:1545 - TEXT_EXTRACTION_FALLBACK_USED source=legacy_text confidence=medium rect={'left': 44, 'top': 256, 'right': 318, 'bottom': 284}
2026-08-26 14:57:30.081 | DEBUG    | winwatt_automation.live_ui.menu_helpers:_log_popup_fragment:499 - DBG_MENU_FRAGMENT_MAIN_WINDOW source_scope=main_window control_type=MenuItem class_name= text='Végrehajtás' rectangle={'left': 44, 'top': 256, 'right': 318, 'bottom': 284} center=(181, 270) process_id=21728 native_handle=None topbar_candidate=True popup_candidate=False
2026-08-26 14:57:30.097 | INFO     | winwatt_automation.live_ui.menu_helpers:_menu_row_from_wrapper:1545 - TEXT_EXTRACTION_FALLBACK_USED source=legacy_text confidence=medium rect={'left': 44, 'top': 284, 'right': 318, 'bottom': 312}
2026-08-26 14:57:30.097 | DEBUG    | winwatt_automation.live_ui.menu_helpers:_log_popup_fragment:499 - DBG_MENU_FRAGMENT_MAIN_WINDOW source_scope=main_window control_type=MenuItem class_name= text='Végrehajtás' rectangle={'left': 44, 'top': 284, 'right': 318, 'bottom': 312} center=(181, 298) process_id=21728 native_handle=None topbar_candidate=True popup_candidate=False
2026-08-26 14:57:30.097 | INFO     | winwatt_automation.live_ui.menu_helpers:_menu_row_from_wrapper:1545 - TEXT_EXTRACTION_FALLBACK_USED source=legacy_text confidence=medium rect={'left': 44, 'top': 319, 'right': 318, 'bottom': 347}
2026-08-26 14:57:30.113 | DEBUG    | winwatt_automation.live_ui.menu_helpers:_log_popup_fragment:499 - DBG_MENU_FRAGMENT_MAIN_WINDOW source_scope=main_window control_type=MenuItem class_name= text='Végrehajtás' rectangle={'left': 44, 'top': 319, 'right': 318, 'bottom': 347} center=(181, 333) process_id=21728 native_handle=None topbar_candidate=True popup_candidate=False
2026-08-26 14:57:30.113 | INFO     | winwatt_automation.live_ui.menu_helpers:_menu_row_from_wrapper:1545 - TEXT_EXTRACTION_FALLBACK_USED source=legacy_text confidence=medium rect={'left': 44, 'top': 346, 'right': 318, 'bottom': 374}
2026-08-26 14:57:30.113 | DEBUG    | winwatt_automation.live_ui.menu_helpers:_log_popup_fragment:499 - DBG_MENU_FRAGMENT_MAIN_WINDOW source_scope=main_window control_type=MenuItem class_name= text='Végrehajtás' rectangle={'left': 44, 'top': 346, 'right': 318, 'bottom': 374} center=(181, 360) process_id=21728 native_handle=None topbar_candidate=True popup_candidate=False
2026-08-26 14:57:30.128 | INFO     | winwatt_automation.live_ui.menu_helpers:_menu_row_from_wrapper:1545 - TEXT_EXTRACTION_FALLBACK_USED source=legacy_text confidence=medium rect={'left': 44, 'top': 374, 'right': 318, 'bottom': 402}
2026-08-26 14:57:30.128 | DEBUG    | winwatt_automation.live_ui.menu_helpers:_log_popup_fragment:499 - DBG_MENU_FRAGMENT_MAIN_WINDOW source_scope=main_window control_type=MenuItem class_name= text='Végrehajtás' rectangle={'left': 44, 'top': 374, 'right': 318, 'bottom': 402} center=(181, 388) process_id=21728 native_handle=None topbar_candidate=True popup_candidate=False
2026-08-26 14:57:30.128 | INFO     | winwatt_automation.live_ui.menu_helpers:_menu_row_from_wrapper:1545 - TEXT_EXTRACTION_FALLBACK_USED source=legacy_text confidence=medium rect={'left': 44, 'top': 401, 'right': 318, 'bottom': 429}
2026-08-26 14:57:30.144 | DEBUG    | winwatt_automation.live_ui.menu_helpers:_log_popup_fragment:499 - DBG_MENU_FRAGMENT_MAIN_WINDOW source_scope=main_window control_type=MenuItem class_name= text='Végrehajtás' rectangle={'left': 44, 'top': 401, 'right': 318, 'bottom': 429} center=(181, 415) process_id=21728 native_handle=None topbar_candidate=True popup_candidate=False
2026-08-26 14:57:30.144 | INFO     | winwatt_automation.live_ui.menu_helpers:_menu_row_from_wrapper:1545 - TEXT_EXTRACTION_FALLBACK_USED source=legacy_text confidence=medium rect={'left': 44, 'top': 436, 'right': 318, 'bottom': 464}
2026-08-26 14:57:30.144 | DEBUG    | winwatt_automation.live_ui.menu_helpers:_log_popup_fragment:499 - DBG_MENU_FRAGMENT_MAIN_WINDOW source_scope=main_window control_type=MenuItem class_name= text='Végrehajtás' rectangle={'left': 44, 'top': 436, 'right': 318, 'bottom': 464} center=(181, 450) process_id=21728 native_handle=None topbar_candidate=True popup_candidate=False
2026-08-26 14:57:30.144 | DEBUG    | winwatt_automation.live_ui.menu_helpers:_log_popup_fragment:499 - DBG_MENU_FRAGMENT_MAIN_WINDOW source_scope=main_window control_type=MenuItem class_name= text='Rendszer' rectangle={'left': 0, 'top': 0, 'right': 28, 'bottom': 28} center=(14, 14) process_id=21728 native_handle=None topbar_candidate=True popup_candidate=False
2026-08-26 14:57:30.144 | DEBUG    | winwatt_automation.live_ui.menu_helpers:_log_popup_fragment:499 - DBG_MENU_FRAGMENT_MAIN_WINDOW source_scope=main_window control_type=MenuItem class_name= text='Fájl' rectangle={'left': 0, 'top': 29, 'right': 40, 'bottom': 53} center=(20, 41) process_id=21728 native_handle=None topbar_candidate=True popup_candidate=False
2026-08-26 14:57:30.144 | DEBUG    | winwatt_automation.live_ui.menu_helpers:_log_popup_fragment:499 - DBG_MENU_FRAGMENT_MAIN_WINDOW source_scope=main_window control_type=MenuItem class_name= text='Jegyzékek' rectangle={'left': 40, 'top': 29, 'right': 123, 'bottom': 53} center=(81, 41) process_id=21728 native_handle=None topbar_candidate=True popup_candidate=False
2026-08-26 14:57:30.144 | DEBUG    | winwatt_automation.live_ui.menu_helpers:_log_popup_fragment:499 - DBG_MENU_FRAGMENT_MAIN_WINDOW source_scope=main_window control_type=MenuItem class_name= text='Eszközök' rectangle={'left': 123, 'top': 29, 'right': 199, 'bottom': 53} center=(161, 41) process_id=21728 native_handle=None topbar_candidate=True popup_candidate=False
2026-08-26 14:57:30.144 | DEBUG    | winwatt_automation.live_ui.menu_helpers:_log_popup_fragment:499 - DBG_MENU_FRAGMENT_MAIN_WINDOW source_scope=main_window control_type=MenuItem class_name= text='Beállítások' rectangle={'left': 199, 'top': 29, 'right': 287, 'bottom': 53} center=(243, 41) process_id=21728 native_handle=None topbar_candidate=True popup_candidate=False
2026-08-26 14:57:30.144 | DEBUG    | winwatt_automation.live_ui.menu_helpers:_log_popup_fragment:499 - DBG_MENU_FRAGMENT_MAIN_WINDOW source_scope=main_window control_type=MenuItem class_name= text='Ablak' rectangle={'left': 286, 'top': 29, 'right': 341, 'bottom': 53} center=(313, 41) process_id=21728 native_handle=None topbar_candidate=True popup_candidate=False
2026-08-26 14:57:30.144 | DEBUG    | winwatt_automation.live_ui.menu_helpers:_log_popup_fragment:499 - DBG_MENU_FRAGMENT_MAIN_WINDOW source_scope=main_window control_type=MenuItem class_name= text='Súgó' rectangle={'left': 341, 'top': 29, 'right': 392, 'bottom': 53} center=(366, 41) process_id=21728 native_handle=None topbar_candidate=True popup_candidate=False
2026-08-26 14:57:30.144 | DEBUG    | winwatt_automation.live_ui.menu_helpers:_menu_like_controls_from_main_window:1599 - DBG_MENU_FRAGMENT_SOURCE_SUMMARY source_scope=main_window count=21
2026-08-26 14:57:30.160 | DEBUG    | winwatt_automation.live_ui.app_connector:get_cached_main_window:565 - DBG_WINWATT_CACHE_GET reason_code=cache_reused_without_validation payload={'wrapper_type': 'UIAWrapper', 'handle': 1900570, 'process_id': 21728, 'title': 'WinWatt gólya - C:\\Users\\Admin\\Documents\\GitHub\\autowinwatt\\winwatt_automation\\data\\runtime_maps\\full_authorized_sandbox\\20260826T123933Z\\testwwp.wwp', 'class_name': 'TMainForm', 'control_type': 'Window'} last_validation_age_s=2.5160000000032596 diagnostic_fast_mode=False
2026-08-26 14:57:30.163 | DEBUG    | winwatt_automation.live_ui.app_connector:get_cached_main_window:566 - DBG_PHASE_TIMING phase=get_cached_main_window elapsed_ms=0.000 reason_code=cache_reused_without_validation
2026-08-26 14:57:30.163 | DEBUG    | winwatt_automation.live_ui.app_connector:get_cached_main_window:565 - DBG_WINWATT_CACHE_GET reason_code=cache_reused_without_validation payload={'wrapper_type': 'UIAWrapper', 'handle': 1900570, 'process_id': 21728, 'title': 'WinWatt gólya - C:\\Users\\Admin\\Documents\\GitHub\\autowinwatt\\winwatt_automation\\data\\runtime_maps\\full_authorized_sandbox\\20260826T123933Z\\testwwp.wwp', 'class_name': 'TMainForm', 'control_type': 'Window'} last_validation_age_s=2.5160000000032596 diagnostic_fast_mode=False
2026-08-26 14:57:30.163 | DEBUG    | winwatt_automation.live_ui.app_connector:get_cached_main_window:566 - DBG_PHASE_TIMING phase=get_cached_main_window elapsed_ms=0.000 reason_code=cache_reused_without_validation
2026-08-26 14:57:30.847 | INFO     | winwatt_automation.live_ui.menu_helpers:_menu_row_from_wrapper:1545 - TEXT_EXTRACTION_FALLBACK_USED source=legacy_text confidence=medium rect={'left': 44, 'top': 56, 'right': 318, 'bottom': 84}
2026-08-26 14:57:30.862 | DEBUG    | winwatt_automation.live_ui.menu_helpers:_log_popup_fragment:499 - DBG_MENU_FRAGMENT_GLOBAL_SCAN source_scope=global_process_scan control_type=MenuItem class_name= text='Végrehajtás' rectangle={'left': 44, 'top': 56, 'right': 318, 'bottom': 84} center=(181, 70) process_id=21728 native_handle=None topbar_candidate=True popup_candidate=False
2026-08-26 14:57:30.862 | INFO     | winwatt_automation.live_ui.menu_helpers:_menu_row_from_wrapper:1545 - TEXT_EXTRACTION_FALLBACK_USED source=legacy_text confidence=medium rect={'left': 44, 'top': 84, 'right': 318, 'bottom': 112}
2026-08-26 14:57:30.862 | DEBUG    | winwatt_automation.live_ui.menu_helpers:_log_popup_fragment:499 - DBG_MENU_FRAGMENT_GLOBAL_SCAN source_scope=global_process_scan control_type=MenuItem class_name= text='Végrehajtás' rectangle={'left': 44, 'top': 84, 'right': 318, 'bottom': 112} center=(181, 98) process_id=21728 native_handle=None topbar_candidate=True popup_candidate=False
2026-08-26 14:57:30.879 | INFO     | winwatt_automation.live_ui.menu_helpers:_menu_row_from_wrapper:1545 - TEXT_EXTRACTION_FALLBACK_USED source=legacy_text confidence=medium rect={'left': 44, 'top': 111, 'right': 318, 'bottom': 139}
2026-08-26 14:57:30.879 | DEBUG    | winwatt_automation.live_ui.menu_helpers:_log_popup_fragment:499 - DBG_MENU_FRAGMENT_GLOBAL_SCAN source_scope=global_process_scan control_type=MenuItem class_name= text='Végrehajtás' rectangle={'left': 44, 'top': 111, 'right': 318, 'bottom': 139} center=(181, 125) process_id=21728 native_handle=None topbar_candidate=True popup_candidate=False
2026-08-26 14:57:30.879 | INFO     | winwatt_automation.live_ui.menu_helpers:_menu_row_from_wrapper:1545 - TEXT_EXTRACTION_FALLBACK_USED source=legacy_text confidence=medium rect={'left': 44, 'top': 139, 'right': 318, 'bottom': 167}
2026-08-26 14:57:30.879 | DEBUG    | winwatt_automation.live_ui.menu_helpers:_log_popup_fragment:499 - DBG_MENU_FRAGMENT_GLOBAL_SCAN source_scope=global_process_scan control_type=MenuItem class_name= text='Végrehajtás' rectangle={'left': 44, 'top': 139, 'right': 318, 'bottom': 167} center=(181, 153) process_id=21728 native_handle=None topbar_candidate=True popup_candidate=False
2026-08-26 14:57:30.895 | INFO     | winwatt_automation.live_ui.menu_helpers:_menu_row_from_wrapper:1545 - TEXT_EXTRACTION_FALLBACK_USED source=legacy_text confidence=medium rect={'left': 44, 'top': 166, 'right': 318, 'bottom': 194}
2026-08-26 14:57:30.895 | DEBUG    | winwatt_automation.live_ui.menu_helpers:_log_popup_fragment:499 - DBG_MENU_FRAGMENT_GLOBAL_SCAN source_scope=global_process_scan control_type=MenuItem class_name= text='Végrehajtás' rectangle={'left': 44, 'top': 166, 'right': 318, 'bottom': 194} center=(181, 180) process_id=21728 native_handle=None topbar_candidate=True popup_candidate=False
2026-08-26 14:57:30.910 | INFO     | winwatt_automation.live_ui.menu_helpers:_menu_row_from_wrapper:1545 - TEXT_EXTRACTION_FALLBACK_USED source=legacy_text confidence=medium rect={'left': 44, 'top': 201, 'right': 318, 'bottom': 229}
2026-08-26 14:57:30.910 | DEBUG    | winwatt_automation.live_ui.menu_helpers:_log_popup_fragment:499 - DBG_MENU_FRAGMENT_GLOBAL_SCAN source_scope=global_process_scan control_type=MenuItem class_name= text='Végrehajtás' rectangle={'left': 44, 'top': 201, 'right': 318, 'bottom': 229} center=(181, 215) process_id=21728 native_handle=None topbar_candidate=True popup_candidate=False
2026-08-26 14:57:30.910 | INFO     | winwatt_automation.live_ui.menu_helpers:_menu_row_from_wrapper:1545 - TEXT_EXTRACTION_FALLBACK_USED source=legacy_text confidence=medium rect={'left': 44, 'top': 229, 'right': 318, 'bottom': 257}
2026-08-26 14:57:30.910 | DEBUG    | winwatt_automation.live_ui.menu_helpers:_log_popup_fragment:499 - DBG_MENU_FRAGMENT_GLOBAL_SCAN source_scope=global_process_scan control_type=MenuItem class_name= text='Végrehajtás' rectangle={'left': 44, 'top': 229, 'right': 318, 'bottom': 257} center=(181, 243) process_id=21728 native_handle=None topbar_candidate=True popup_candidate=False
2026-08-26 14:57:30.930 | INFO     | winwatt_automation.live_ui.menu_helpers:_menu_row_from_wrapper:1545 - TEXT_EXTRACTION_FALLBACK_USED source=legacy_text confidence=medium rect={'left': 44, 'top': 256, 'right': 318, 'bottom': 284}
2026-08-26 14:57:30.930 | DEBUG    | winwatt_automation.live_ui.menu_helpers:_log_popup_fragment:499 - DBG_MENU_FRAGMENT_GLOBAL_SCAN source_scope=global_process_scan control_type=MenuItem class_name= text='Végrehajtás' rectangle={'left': 44, 'top': 256, 'right': 318, 'bottom': 284} center=(181, 270) process_id=21728 native_handle=None topbar_candidate=True popup_candidate=False
2026-08-26 14:57:30.930 | INFO     | winwatt_automation.live_ui.menu_helpers:_menu_row_from_wrapper:1545 - TEXT_EXTRACTION_FALLBACK_USED source=legacy_text confidence=medium rect={'left': 44, 'top': 284, 'right': 318, 'bottom': 312}
2026-08-26 14:57:30.942 | DEBUG    | winwatt_automation.live_ui.menu_helpers:_log_popup_fragment:499 - DBG_MENU_FRAGMENT_GLOBAL_SCAN source_scope=global_process_scan control_type=MenuItem class_name= text='Végrehajtás' rectangle={'left': 44, 'top': 284, 'right': 318, 'bottom': 312} center=(181, 298) process_id=21728 native_handle=None topbar_candidate=True popup_candidate=False
2026-08-26 14:57:30.942 | INFO     | winwatt_automation.live_ui.menu_helpers:_menu_row_from_wrapper:1545 - TEXT_EXTRACTION_FALLBACK_USED source=legacy_text confidence=medium rect={'left': 44, 'top': 319, 'right': 318, 'bottom': 347}
2026-08-26 14:57:30.942 | DEBUG    | winwatt_automation.live_ui.menu_helpers:_log_popup_fragment:499 - DBG_MENU_FRAGMENT_GLOBAL_SCAN source_scope=global_process_scan control_type=MenuItem class_name= text='Végrehajtás' rectangle={'left': 44, 'top': 319, 'right': 318, 'bottom': 347} center=(181, 333) process_id=21728 native_handle=None topbar_candidate=True popup_candidate=False
2026-08-26 14:57:30.964 | INFO     | winwatt_automation.live_ui.menu_helpers:_menu_row_from_wrapper:1545 - TEXT_EXTRACTION_FALLBACK_USED source=legacy_text confidence=medium rect={'left': 44, 'top': 346, 'right': 318, 'bottom': 374}
2026-08-26 14:57:30.967 | DEBUG    | winwatt_automation.live_ui.menu_helpers:_log_popup_fragment:499 - DBG_MENU_FRAGMENT_GLOBAL_SCAN source_scope=global_process_scan control_type=MenuItem class_name= text='Végrehajtás' rectangle={'left': 44, 'top': 346, 'right': 318, 'bottom': 374} center=(181, 360) process_id=21728 native_handle=None topbar_candidate=True popup_candidate=False
2026-08-26 14:57:30.977 | INFO     | winwatt_automation.live_ui.menu_helpers:_menu_row_from_wrapper:1545 - TEXT_EXTRACTION_FALLBACK_USED source=legacy_text confidence=medium rect={'left': 44, 'top': 374, 'right': 318, 'bottom': 402}
2026-08-26 14:57:30.981 | DEBUG    | winwatt_automation.live_ui.menu_helpers:_log_popup_fragment:499 - DBG_MENU_FRAGMENT_GLOBAL_SCAN source_scope=global_process_scan control_type=MenuItem class_name= text='Végrehajtás' rectangle={'left': 44, 'top': 374, 'right': 318, 'bottom': 402} center=(181, 388) process_id=21728 native_handle=None topbar_candidate=True popup_candidate=False
2026-08-26 14:57:30.989 | INFO     | winwatt_automation.live_ui.menu_helpers:_menu_row_from_wrapper:1545 - TEXT_EXTRACTION_FALLBACK_USED source=legacy_text confidence=medium rect={'left': 44, 'top': 401, 'right': 318, 'bottom': 429}
2026-08-26 14:57:30.989 | DEBUG    | winwatt_automation.live_ui.menu_helpers:_log_popup_fragment:499 - DBG_MENU_FRAGMENT_GLOBAL_SCAN source_scope=global_process_scan control_type=MenuItem class_name= text='Végrehajtás' rectangle={'left': 44, 'top': 401, 'right': 318, 'bottom': 429} center=(181, 415) process_id=21728 native_handle=None topbar_candidate=True popup_candidate=False
2026-08-26 14:57:30.989 | INFO     | winwatt_automation.live_ui.menu_helpers:_menu_row_from_wrapper:1545 - TEXT_EXTRACTION_FALLBACK_USED source=legacy_text confidence=medium rect={'left': 44, 'top': 436, 'right': 318, 'bottom': 464}
2026-08-26 14:57:30.989 | DEBUG    | winwatt_automation.live_ui.menu_helpers:_log_popup_fragment:499 - DBG_MENU_FRAGMENT_GLOBAL_SCAN source_scope=global_process_scan control_type=MenuItem class_name= text='Végrehajtás' rectangle={'left': 44, 'top': 436, 'right': 318, 'bottom': 464} center=(181, 450) process_id=21728 native_handle=None topbar_candidate=True popup_candidate=False
2026-08-26 14:57:31.005 | DEBUG    | winwatt_automation.live_ui.menu_helpers:_log_popup_fragment:499 - DBG_MENU_FRAGMENT_GLOBAL_SCAN source_scope=global_process_scan control_type=MenuItem class_name= text='Rendszer' rectangle={'left': 0, 'top': 0, 'right': 28, 'bottom': 28} center=(14, 14) process_id=21728 native_handle=None topbar_candidate=True popup_candidate=False
2026-08-26 14:57:31.006 | DEBUG    | winwatt_automation.live_ui.menu_helpers:_log_popup_fragment:499 - DBG_MENU_FRAGMENT_GLOBAL_SCAN source_scope=global_process_scan control_type=MenuItem class_name= text='Fájl' rectangle={'left': 0, 'top': 29, 'right': 40, 'bottom': 53} center=(20, 41) process_id=21728 native_handle=None topbar_candidate=True popup_candidate=False
2026-08-26 14:57:31.006 | DEBUG    | winwatt_automation.live_ui.menu_helpers:_log_popup_fragment:499 - DBG_MENU_FRAGMENT_GLOBAL_SCAN source_scope=global_process_scan control_type=MenuItem class_name= text='Jegyzékek' rectangle={'left': 40, 'top': 29, 'right': 123, 'bottom': 53} center=(81, 41) process_id=21728 native_handle=None topbar_candidate=True popup_candidate=False
2026-08-26 14:57:31.006 | DEBUG    | winwatt_automation.live_ui.menu_helpers:_log_popup_fragment:499 - DBG_MENU_FRAGMENT_GLOBAL_SCAN source_scope=global_process_scan control_type=MenuItem class_name= text='Eszközök' rectangle={'left': 123, 'top': 29, 'right': 199, 'bottom': 53} center=(161, 41) process_id=21728 native_handle=None topbar_candidate=True popup_candidate=False
2026-08-26 14:57:31.006 | DEBUG    | winwatt_automation.live_ui.menu_helpers:_log_popup_fragment:499 - DBG_MENU_FRAGMENT_GLOBAL_SCAN source_scope=global_process_scan control_type=MenuItem class_name= text='Beállítások' rectangle={'left': 199, 'top': 29, 'right': 287, 'bottom': 53} center=(243, 41) process_id=21728 native_handle=None topbar_candidate=True popup_candidate=False
2026-08-26 14:57:31.006 | DEBUG    | winwatt_automation.live_ui.menu_helpers:_log_popup_fragment:499 - DBG_MENU_FRAGMENT_GLOBAL_SCAN source_scope=global_process_scan control_type=MenuItem class_name= text='Ablak' rectangle={'left': 286, 'top': 29, 'right': 341, 'bottom': 53} center=(313, 41) process_id=21728 native_handle=None topbar_candidate=True popup_candidate=False
2026-08-26 14:57:31.006 | DEBUG    | winwatt_automation.live_ui.menu_helpers:_log_popup_fragment:499 - DBG_MENU_FRAGMENT_GLOBAL_SCAN source_scope=global_process_scan control_type=MenuItem class_name= text='Súgó' rectangle={'left': 341, 'top': 29, 'right': 392, 'bottom': 53} center=(366, 41) process_id=21728 native_handle=None topbar_candidate=True popup_candidate=False
2026-08-26 14:57:31.012 | DEBUG    | winwatt_automation.live_ui.menu_helpers:_menu_like_controls_from_global_process_scan:1631 - DBG_MENU_FRAGMENT_SOURCE_SUMMARY source_scope=global_process_scan count=21 process_id=21728
2026-08-26 14:57:31.017 | DEBUG    | winwatt_automation.live_ui.app_connector:get_cached_main_window:565 - DBG_WINWATT_CACHE_GET reason_code=cache_reused_without_validation payload={'wrapper_type': 'UIAWrapper', 'handle': 1900570, 'process_id': 21728, 'title': 'WinWatt gólya - C:\\Users\\Admin\\Documents\\GitHub\\autowinwatt\\winwatt_automation\\data\\runtime_maps\\full_authorized_sandbox\\20260826T123933Z\\testwwp.wwp', 'class_name': 'TMainForm', 'control_type': 'Window'} last_validation_age_s=3.360000000015134 diagnostic_fast_mode=False
2026-08-26 14:57:31.017 | DEBUG    | winwatt_automation.live_ui.app_connector:get_cached_main_window:566 - DBG_PHASE_TIMING phase=get_cached_main_window elapsed_ms=15.000 reason_code=cache_reused_without_validation
2026-08-26 14:57:31.482 | DEBUG    | winwatt_automation.live_ui.menu_helpers:capture_menu_popup_snapshot:1682 - DBG_POPUP_ROW_DEDUPE rect={'left': 44, 'top': 56, 'right': 318, 'bottom': 84} normalized_text=végrehajtás class_name= source_scope=main_window deduplicated=False
2026-08-26 14:57:31.490 | DEBUG    | winwatt_automation.live_ui.menu_helpers:capture_menu_popup_snapshot:1682 - DBG_POPUP_ROW_DEDUPE rect={'left': 44, 'top': 84, 'right': 318, 'bottom': 112} normalized_text=végrehajtás class_name= source_scope=main_window deduplicated=False
2026-08-26 14:57:31.490 | DEBUG    | winwatt_automation.live_ui.menu_helpers:capture_menu_popup_snapshot:1682 - DBG_POPUP_ROW_DEDUPE rect={'left': 44, 'top': 111, 'right': 318, 'bottom': 139} normalized_text=végrehajtás class_name= source_scope=main_window deduplicated=False
2026-08-26 14:57:31.490 | DEBUG    | winwatt_automation.live_ui.menu_helpers:capture_menu_popup_snapshot:1682 - DBG_POPUP_ROW_DEDUPE rect={'left': 44, 'top': 139, 'right': 318, 'bottom': 167} normalized_text=végrehajtás class_name= source_scope=main_window deduplicated=False
2026-08-26 14:57:31.490 | DEBUG    | winwatt_automation.live_ui.menu_helpers:capture_menu_popup_snapshot:1682 - DBG_POPUP_ROW_DEDUPE rect={'left': 44, 'top': 166, 'right': 318, 'bottom': 194} normalized_text=végrehajtás class_name= source_scope=main_window deduplicated=False
2026-08-26 14:57:31.490 | DEBUG    | winwatt_automation.live_ui.menu_helpers:capture_menu_popup_snapshot:1682 - DBG_POPUP_ROW_DEDUPE rect={'left': 44, 'top': 201, 'right': 318, 'bottom': 229} normalized_text=végrehajtás class_name= source_scope=main_window deduplicated=False
2026-08-26 14:57:31.490 | DEBUG    | winwatt_automation.live_ui.menu_helpers:capture_menu_popup_snapshot:1682 - DBG_POPUP_ROW_DEDUPE rect={'left': 44, 'top': 229, 'right': 318, 'bottom': 257} normalized_text=végrehajtás class_name= source_scope=main_window deduplicated=False
2026-08-26 14:57:31.490 | DEBUG    | winwatt_automation.live_ui.menu_helpers:capture_menu_popup_snapshot:1682 - DBG_POPUP_ROW_DEDUPE rect={'left': 44, 'top': 256, 'right': 318, 'bottom': 284} normalized_text=végrehajtás class_name= source_scope=main_window deduplicated=False
2026-08-26 14:57:31.490 | DEBUG    | winwatt_automation.live_ui.menu_helpers:capture_menu_popup_snapshot:1682 - DBG_POPUP_ROW_DEDUPE rect={'left': 44, 'top': 284, 'right': 318, 'bottom': 312} normalized_text=végrehajtás class_name= source_scope=main_window deduplicated=False
2026-08-26 14:57:31.490 | DEBUG    | winwatt_automation.live_ui.menu_helpers:capture_menu_popup_snapshot:1682 - DBG_POPUP_ROW_DEDUPE rect={'left': 44, 'top': 319, 'right': 318, 'bottom': 347} normalized_text=végrehajtás class_name= source_scope=main_window deduplicated=False
2026-08-26 14:57:31.490 | DEBUG    | winwatt_automation.live_ui.menu_helpers:capture_menu_popup_snapshot:1682 - DBG_POPUP_ROW_DEDUPE rect={'left': 44, 'top': 346, 'right': 318, 'bottom': 374} normalized_text=végrehajtás class_name= source_scope=main_window deduplicated=False
2026-08-26 14:57:31.498 | DEBUG    | winwatt_automation.live_ui.menu_helpers:capture_menu_popup_snapshot:1682 - DBG_POPUP_ROW_DEDUPE rect={'left': 44, 'top': 374, 'right': 318, 'bottom': 402} normalized_text=végrehajtás class_name= source_scope=main_window deduplicated=False
2026-08-26 14:57:31.498 | DEBUG    | winwatt_automation.live_ui.menu_helpers:capture_menu_popup_snapshot:1682 - DBG_POPUP_ROW_DEDUPE rect={'left': 44, 'top': 401, 'right': 318, 'bottom': 429} normalized_text=végrehajtás class_name= source_scope=main_window deduplicated=False
2026-08-26 14:57:31.498 | DEBUG    | winwatt_automation.live_ui.menu_helpers:capture_menu_popup_snapshot:1682 - DBG_POPUP_ROW_DEDUPE rect={'left': 44, 'top': 436, 'right': 318, 'bottom': 464} normalized_text=végrehajtás class_name= source_scope=main_window deduplicated=False
2026-08-26 14:57:31.498 | DEBUG    | winwatt_automation.live_ui.menu_helpers:capture_menu_popup_snapshot:1682 - DBG_POPUP_ROW_DEDUPE rect={'left': 0, 'top': 0, 'right': 28, 'bottom': 28} normalized_text=rendszer class_name= source_scope=main_window deduplicated=False
2026-08-26 14:57:31.498 | DEBUG    | winwatt_automation.live_ui.menu_helpers:capture_menu_popup_snapshot:1682 - DBG_POPUP_ROW_DEDUPE rect={'left': 0, 'top': 29, 'right': 40, 'bottom': 53} normalized_text=fájl class_name= source_scope=main_window deduplicated=False
2026-08-26 14:57:31.498 | DEBUG    | winwatt_automation.live_ui.menu_helpers:capture_menu_popup_snapshot:1682 - DBG_POPUP_ROW_DEDUPE rect={'left': 40, 'top': 29, 'right': 123, 'bottom': 53} normalized_text=jegyzékek class_name= source_scope=main_window deduplicated=False
2026-08-26 14:57:31.501 | DEBUG    | winwatt_automation.live_ui.menu_helpers:capture_menu_popup_snapshot:1682 - DBG_POPUP_ROW_DEDUPE rect={'left': 123, 'top': 29, 'right': 199, 'bottom': 53} normalized_text=eszközök class_name= source_scope=main_window deduplicated=False
2026-08-26 14:57:31.501 | DEBUG    | winwatt_automation.live_ui.menu_helpers:capture_menu_popup_snapshot:1682 - DBG_POPUP_ROW_DEDUPE rect={'left': 199, 'top': 29, 'right': 287, 'bottom': 53} normalized_text=beállítások class_name= source_scope=main_window deduplicated=False
2026-08-26 14:57:31.501 | DEBUG    | winwatt_automation.live_ui.menu_helpers:capture_menu_popup_snapshot:1682 - DBG_POPUP_ROW_DEDUPE rect={'left': 286, 'top': 29, 'right': 341, 'bottom': 53} normalized_text=ablak class_name= source_scope=main_window deduplicated=False
2026-08-26 14:57:31.501 | DEBUG    | winwatt_automation.live_ui.menu_helpers:capture_menu_popup_snapshot:1682 - DBG_POPUP_ROW_DEDUPE rect={'left': 341, 'top': 29, 'right': 392, 'bottom': 53} normalized_text=súgó class_name= source_scope=main_window deduplicated=False
2026-08-26 14:57:31.501 | DEBUG    | winwatt_automation.live_ui.menu_helpers:capture_menu_popup_snapshot:1682 - DBG_POPUP_ROW_DEDUPE rect={'left': 44, 'top': 56, 'right': 318, 'bottom': 84} normalized_text=végrehajtás class_name= source_scope=global_process_scan deduplicated=False
2026-08-26 14:57:31.501 | DEBUG    | winwatt_automation.live_ui.menu_helpers:capture_menu_popup_snapshot:1682 - DBG_POPUP_ROW_DEDUPE rect={'left': 44, 'top': 84, 'right': 318, 'bottom': 112} normalized_text=végrehajtás class_name= source_scope=global_process_scan deduplicated=False
2026-08-26 14:57:31.503 | DEBUG    | winwatt_automation.live_ui.menu_helpers:capture_menu_popup_snapshot:1682 - DBG_POPUP_ROW_DEDUPE rect={'left': 44, 'top': 111, 'right': 318, 'bottom': 139} normalized_text=végrehajtás class_name= source_scope=global_process_scan deduplicated=False
2026-08-26 14:57:31.503 | DEBUG    | winwatt_automation.live_ui.menu_helpers:capture_menu_popup_snapshot:1682 - DBG_POPUP_ROW_DEDUPE rect={'left': 44, 'top': 139, 'right': 318, 'bottom': 167} normalized_text=végrehajtás class_name= source_scope=global_process_scan deduplicated=False
2026-08-26 14:57:31.503 | DEBUG    | winwatt_automation.live_ui.menu_helpers:capture_menu_popup_snapshot:1682 - DBG_POPUP_ROW_DEDUPE rect={'left': 44, 'top': 166, 'right': 318, 'bottom': 194} normalized_text=végrehajtás class_name= source_scope=global_process_scan deduplicated=False
2026-08-26 14:57:31.503 | DEBUG    | winwatt_automation.live_ui.menu_helpers:capture_menu_popup_snapshot:1682 - DBG_POPUP_ROW_DEDUPE rect={'left': 44, 'top': 201, 'right': 318, 'bottom': 229} normalized_text=végrehajtás class_name= source_scope=global_process_scan deduplicated=False
2026-08-26 14:57:31.503 | DEBUG    | winwatt_automation.live_ui.menu_helpers:capture_menu_popup_snapshot:1682 - DBG_POPUP_ROW_DEDUPE rect={'left': 44, 'top': 229, 'right': 318, 'bottom': 257} normalized_text=végrehajtás class_name= source_scope=global_process_scan deduplicated=False
2026-08-26 14:57:31.503 | DEBUG    | winwatt_automation.live_ui.menu_helpers:capture_menu_popup_snapshot:1682 - DBG_POPUP_ROW_DEDUPE rect={'left': 44, 'top': 256, 'right': 318, 'bottom': 284} normalized_text=végrehajtás class_name= source_scope=global_process_scan deduplicated=False
2026-08-26 14:57:31.506 | DEBUG    | winwatt_automation.live_ui.menu_helpers:capture_menu_popup_snapshot:1682 - DBG_POPUP_ROW_DEDUPE rect={'left': 44, 'top': 284, 'right': 318, 'bottom': 312} normalized_text=végrehajtás class_name= source_scope=global_process_scan deduplicated=False
2026-08-26 14:57:31.506 | DEBUG    | winwatt_automation.live_ui.menu_helpers:capture_menu_popup_snapshot:1682 - DBG_POPUP_ROW_DEDUPE rect={'left': 44, 'top': 319, 'right': 318, 'bottom': 347} normalized_text=végrehajtás class_name= source_scope=global_process_scan deduplicated=False
2026-08-26 14:57:31.506 | DEBUG    | winwatt_automation.live_ui.menu_helpers:capture_menu_popup_snapshot:1682 - DBG_POPUP_ROW_DEDUPE rect={'left': 44, 'top': 346, 'right': 318, 'bottom': 374} normalized_text=végrehajtás class_name= source_scope=global_process_scan deduplicated=False
2026-08-26 14:57:31.506 | DEBUG    | winwatt_automation.live_ui.menu_helpers:capture_menu_popup_snapshot:1682 - DBG_POPUP_ROW_DEDUPE rect={'left': 44, 'top': 374, 'right': 318, 'bottom': 402} normalized_text=végrehajtás class_name= source_scope=global_process_scan deduplicated=False
2026-08-26 14:57:31.506 | DEBUG    | winwatt_automation.live_ui.menu_helpers:capture_menu_popup_snapshot:1682 - DBG_POPUP_ROW_DEDUPE rect={'left': 44, 'top': 401, 'right': 318, 'bottom': 429} normalized_text=végrehajtás class_name= source_scope=global_process_scan deduplicated=False
2026-08-26 14:57:31.506 | DEBUG    | winwatt_automation.live_ui.menu_helpers:capture_menu_popup_snapshot:1682 - DBG_POPUP_ROW_DEDUPE rect={'left': 44, 'top': 436, 'right': 318, 'bottom': 464} normalized_text=végrehajtás class_name= source_scope=global_process_scan deduplicated=False
2026-08-26 14:57:31.506 | DEBUG    | winwatt_automation.live_ui.menu_helpers:capture_menu_popup_snapshot:1682 - DBG_POPUP_ROW_DEDUPE rect={'left': 0, 'top': 0, 'right': 28, 'bottom': 28} normalized_text=rendszer class_name= source_scope=global_process_scan deduplicated=False
2026-08-26 14:57:31.510 | DEBUG    | winwatt_automation.live_ui.menu_helpers:capture_menu_popup_snapshot:1682 - DBG_POPUP_ROW_DEDUPE rect={'left': 0, 'top': 29, 'right': 40, 'bottom': 53} normalized_text=fájl class_name= source_scope=global_process_scan deduplicated=False
2026-08-26 14:57:31.510 | DEBUG    | winwatt_automation.live_ui.menu_helpers:capture_menu_popup_snapshot:1682 - DBG_POPUP_ROW_DEDUPE rect={'left': 40, 'top': 29, 'right': 123, 'bottom': 53} normalized_text=jegyzékek class_name= source_scope=global_process_scan deduplicated=False
2026-08-26 14:57:31.510 | DEBUG    | winwatt_automation.live_ui.menu_helpers:capture_menu_popup_snapshot:1682 - DBG_POPUP_ROW_DEDUPE rect={'left': 123, 'top': 29, 'right': 199, 'bottom': 53} normalized_text=eszközök class_name= source_scope=global_process_scan deduplicated=False
2026-08-26 14:57:31.510 | DEBUG    | winwatt_automation.live_ui.menu_helpers:capture_menu_popup_snapshot:1682 - DBG_POPUP_ROW_DEDUPE rect={'left': 199, 'top': 29, 'right': 287, 'bottom': 53} normalized_text=beállítások class_name= source_scope=global_process_scan deduplicated=False
2026-08-26 14:57:31.510 | DEBUG    | winwatt_automation.live_ui.menu_helpers:capture_menu_popup_snapshot:1682 - DBG_POPUP_ROW_DEDUPE rect={'left': 286, 'top': 29, 'right': 341, 'bottom': 53} normalized_text=ablak class_name= source_scope=global_process_scan deduplicated=False
2026-08-26 14:57:31.510 | DEBUG    | winwatt_automation.live_ui.menu_helpers:capture_menu_popup_snapshot:1682 - DBG_POPUP_ROW_DEDUPE rect={'left': 341, 'top': 29, 'right': 392, 'bottom': 53} normalized_text=súgó class_name= source_scope=global_process_scan deduplicated=False
2026-08-26 14:57:31.514 | INFO     | winwatt_automation.live_ui.menu_helpers:capture_menu_popup_snapshot:1724 - POPUP_SNAPSHOT_SUMMARY main_window_fragments=21 global_scan_fragments=21 deduped_fragments=42 topbar_like=12 popup_like=28 empty_text=0 topbar_band=(0, 29, 392, 53) empty_text_vertical_cluster_detected=False accepted_popup_rows=0 popup_heuristic=candidate_count_below_threshold
2026-08-26 14:57:31.514 | DEBUG    | winwatt_automation.live_ui.menu_helpers:capture_menu_popup_snapshot:1737 - Captured menu snapshot rows=42
2026-08-26 14:57:31.514 | DEBUG    | winwatt_automation.live_ui.menu_helpers:_log_phase_timing:83 - DBG_PHASE_TIMING phase=capture_menu_popup_snapshot elapsed_ms=2515.000 main_rows=21 global_rows=21 unique_rows=42 diagnostic_fast_mode=False
2026-08-26 14:57:31.514 | DEBUG    | winwatt_automation.live_ui.menu_helpers:did_any_new_menu_popup_appear:2272 - Menu popup snapshot diff: before=14 after=42 new=28
2026-08-26 14:57:31.516 | DEBUG    | winwatt_automation.live_ui.app_connector:get_cached_main_window:565 - DBG_WINWATT_CACHE_GET reason_code=cache_reused_without_validation payload={'wrapper_type': 'UIAWrapper', 'handle': 1900570, 'process_id': 21728, 'title': 'WinWatt gólya - C:\\Users\\Admin\\Documents\\GitHub\\autowinwatt\\winwatt_automation\\data\\runtime_maps\\full_authorized_sandbox\\20260826T123933Z\\testwwp.wwp', 'class_name': 'TMainForm', 'control_type': 'Window'} last_validation_age_s=3.875 diagnostic_fast_mode=False
2026-08-26 14:57:31.516 | DEBUG    | winwatt_automation.live_ui.app_connector:get_cached_main_window:566 - DBG_PHASE_TIMING phase=get_cached_main_window elapsed_ms=0.000 reason_code=cache_reused_without_validation
2026-08-26 14:57:31.734 | INFO     | winwatt_automation.live_ui.app_connector:is_winwatt_foreground_context:1161 - DBG_WINWATT_FOREGROUND_CONTEXT expected_handle=1900570 expected_process_id=21728 expected_title=WinWatt gólya - C:\Users\Admin\Documents\GitHub\autowinwatt\winwatt_automation\data\runtime_maps\full_authorized_sandbox\20260826T123933Z\testwwp.wwp expected_class_name=TMainForm actual_foreground_handle=1900570 actual_foreground_process_id=21728 actual_foreground_title=WinWatt gólya - C:\Users\Admin\Documents\GitHub\autowinwatt\winwatt_automation\data\runtime_maps\full_authorized_sandbox\20260826T123933Z\testwwp.wwp actual_foreground_class_name=TMainForm allow_dialog=True result_reason=handle_match
2026-08-26 14:57:31.750 | INFO     | winwatt_automation.live_ui.app_connector:_cached_window_health_status:489 - DBG_WINWATT_CACHE_HEALTH reason_code=healthy payload={'wrapper_type': 'UIAWrapper', 'handle': 1900570, 'process_id': 21728, 'title': 'WinWatt gólya - C:\\Users\\Admin\\Documents\\GitHub\\autowinwatt\\winwatt_automation\\data\\runtime_maps\\full_authorized_sandbox\\20260826T123933Z\\testwwp.wwp', 'class_name': 'TMainForm', 'control_type': 'Window'}
2026-08-26 14:57:31.750 | DEBUG    | winwatt_automation.live_ui.app_connector:get_cached_main_window:574 - DBG_WINWATT_CACHE_GET reason_code=cache_validated_ok payload={'wrapper_type': 'UIAWrapper', 'handle': 1900570, 'process_id': 21728, 'title': 'WinWatt gólya - C:\\Users\\Admin\\Documents\\GitHub\\autowinwatt\\winwatt_automation\\data\\runtime_maps\\full_authorized_sandbox\\20260826T123933Z\\testwwp.wwp', 'class_name': 'TMainForm', 'control_type': 'Window'} last_validation_age_s=4.094000000011874 diagnostic_fast_mode=False
2026-08-26 14:57:31.750 | DEBUG    | winwatt_automation.live_ui.app_connector:get_cached_main_window:575 - DBG_PHASE_TIMING phase=get_cached_main_window elapsed_ms=16.000 reason_code=cache_validated_ok
2026-08-26 14:57:31.750 | DEBUG    | winwatt_automation.live_ui.app_connector:get_cached_main_window:565 - DBG_WINWATT_CACHE_GET reason_code=cache_reused_without_validation payload={'wrapper_type': 'UIAWrapper', 'handle': 1900570, 'process_id': 21728, 'title': 'WinWatt gólya - C:\\Users\\Admin\\Documents\\GitHub\\autowinwatt\\winwatt_automation\\data\\runtime_maps\\full_authorized_sandbox\\20260826T123933Z\\testwwp.wwp', 'class_name': 'TMainForm', 'control_type': 'Window'} last_validation_age_s=0.01600000000325963 diagnostic_fast_mode=False
2026-08-26 14:57:31.750 | DEBUG    | winwatt_automation.live_ui.app_connector:get_cached_main_window:566 - DBG_PHASE_TIMING phase=get_cached_main_window elapsed_ms=0.000 reason_code=cache_reused_without_validation
2026-08-26 14:57:32.052 | INFO     | winwatt_automation.live_ui.menu_helpers:_menu_items:1101 - DBG_MENU_ITEMS_SUMMARY total_items=21 visible_items=21 topbar_band=(0, 0, 392, 464) topbar_band_visible_count=21 popup_region_visible_count=0 force_refresh=False handle=1900570
2026-08-26 14:57:32.069 | DEBUG    | winwatt_automation.live_ui.menu_helpers:_menu_items:1111 - Discovered 21 MenuItem controls
2026-08-26 14:57:32.069 | DEBUG    | winwatt_automation.live_ui.menu_helpers:_log_phase_timing:83 - DBG_PHASE_TIMING phase=_menu_items elapsed_ms=328.000 force_refresh=False total_items=21 visible_items=21
2026-08-26 14:57:32.069 | INFO     | winwatt_automation.live_ui.menu_helpers:_menu_row_from_wrapper:1545 - TEXT_EXTRACTION_FALLBACK_USED source=legacy_text confidence=medium rect={'left': 44, 'top': 56, 'right': 318, 'bottom': 84}
2026-08-26 14:57:32.084 | DEBUG    | winwatt_automation.live_ui.menu_helpers:_log_popup_fragment:499 - DBG_MENU_FRAGMENT_MAIN_WINDOW source_scope=main_window control_type=MenuItem class_name= text='Végrehajtás' rectangle={'left': 44, 'top': 56, 'right': 318, 'bottom': 84} center=(181, 70) process_id=21728 native_handle=None topbar_candidate=True popup_candidate=False
2026-08-26 14:57:32.084 | INFO     | winwatt_automation.live_ui.menu_helpers:_menu_row_from_wrapper:1545 - TEXT_EXTRACTION_FALLBACK_USED source=legacy_text confidence=medium rect={'left': 44, 'top': 84, 'right': 318, 'bottom': 112}
2026-08-26 14:57:32.084 | DEBUG    | winwatt_automation.live_ui.menu_helpers:_log_popup_fragment:499 - DBG_MENU_FRAGMENT_MAIN_WINDOW source_scope=main_window control_type=MenuItem class_name= text='Végrehajtás' rectangle={'left': 44, 'top': 84, 'right': 318, 'bottom': 112} center=(181, 98) process_id=21728 native_handle=None topbar_candidate=True popup_candidate=False
2026-08-26 14:57:32.100 | INFO     | winwatt_automation.live_ui.menu_helpers:_menu_row_from_wrapper:1545 - TEXT_EXTRACTION_FALLBACK_USED source=legacy_text confidence=medium rect={'left': 44, 'top': 111, 'right': 318, 'bottom': 139}
2026-08-26 14:57:32.100 | DEBUG    | winwatt_automation.live_ui.menu_helpers:_log_popup_fragment:499 - DBG_MENU_FRAGMENT_MAIN_WINDOW source_scope=main_window control_type=MenuItem class_name= text='Végrehajtás' rectangle={'left': 44, 'top': 111, 'right': 318, 'bottom': 139} center=(181, 125) process_id=21728 native_handle=None topbar_candidate=True popup_candidate=False
2026-08-26 14:57:32.100 | INFO     | winwatt_automation.live_ui.menu_helpers:_menu_row_from_wrapper:1545 - TEXT_EXTRACTION_FALLBACK_USED source=legacy_text confidence=medium rect={'left': 44, 'top': 139, 'right': 318, 'bottom': 167}
2026-08-26 14:57:32.100 | DEBUG    | winwatt_automation.live_ui.menu_helpers:_log_popup_fragment:499 - DBG_MENU_FRAGMENT_MAIN_WINDOW source_scope=main_window control_type=MenuItem class_name= text='Végrehajtás' rectangle={'left': 44, 'top': 139, 'right': 318, 'bottom': 167} center=(181, 153) process_id=21728 native_handle=None topbar_candidate=True popup_candidate=False
2026-08-26 14:57:32.116 | INFO     | winwatt_automation.live_ui.menu_helpers:_menu_row_from_wrapper:1545 - TEXT_EXTRACTION_FALLBACK_USED source=legacy_text confidence=medium rect={'left': 44, 'top': 166, 'right': 318, 'bottom': 194}
2026-08-26 14:57:32.116 | DEBUG    | winwatt_automation.live_ui.menu_helpers:_log_popup_fragment:499 - DBG_MENU_FRAGMENT_MAIN_WINDOW source_scope=main_window control_type=MenuItem class_name= text='Végrehajtás' rectangle={'left': 44, 'top': 166, 'right': 318, 'bottom': 194} center=(181, 180) process_id=21728 native_handle=None topbar_candidate=True popup_candidate=False
2026-08-26 14:57:32.132 | INFO     | winwatt_automation.live_ui.menu_helpers:_menu_row_from_wrapper:1545 - TEXT_EXTRACTION_FALLBACK_USED source=legacy_text confidence=medium rect={'left': 44, 'top': 201, 'right': 318, 'bottom': 229}
2026-08-26 14:57:32.132 | DEBUG    | winwatt_automation.live_ui.menu_helpers:_log_popup_fragment:499 - DBG_MENU_FRAGMENT_MAIN_WINDOW source_scope=main_window control_type=MenuItem class_name= text='Végrehajtás' rectangle={'left': 44, 'top': 201, 'right': 318, 'bottom': 229} center=(181, 215) process_id=21728 native_handle=None topbar_candidate=True popup_candidate=False
2026-08-26 14:57:32.132 | INFO     | winwatt_automation.live_ui.menu_helpers:_menu_row_from_wrapper:1545 - TEXT_EXTRACTION_FALLBACK_USED source=legacy_text confidence=medium rect={'left': 44, 'top': 229, 'right': 318, 'bottom': 257}
2026-08-26 14:57:32.132 | DEBUG    | winwatt_automation.live_ui.menu_helpers:_log_popup_fragment:499 - DBG_MENU_FRAGMENT_MAIN_WINDOW source_scope=main_window control_type=MenuItem class_name= text='Végrehajtás' rectangle={'left': 44, 'top': 229, 'right': 318, 'bottom': 257} center=(181, 243) process_id=21728 native_handle=None topbar_candidate=True popup_candidate=False
2026-08-26 14:57:32.148 | INFO     | winwatt_automation.live_ui.menu_helpers:_menu_row_from_wrapper:1545 - TEXT_EXTRACTION_FALLBACK_USED source=legacy_text confidence=medium rect={'left': 44, 'top': 256, 'right': 318, 'bottom': 284}
2026-08-26 14:57:32.148 | DEBUG    | winwatt_automation.live_ui.menu_helpers:_log_popup_fragment:499 - DBG_MENU_FRAGMENT_MAIN_WINDOW source_scope=main_window control_type=MenuItem class_name= text='Végrehajtás' rectangle={'left': 44, 'top': 256, 'right': 318, 'bottom': 284} center=(181, 270) process_id=21728 native_handle=None topbar_candidate=True popup_candidate=False
2026-08-26 14:57:32.148 | INFO     | winwatt_automation.live_ui.menu_helpers:_menu_row_from_wrapper:1545 - TEXT_EXTRACTION_FALLBACK_USED source=legacy_text confidence=medium rect={'left': 44, 'top': 284, 'right': 318, 'bottom': 312}
2026-08-26 14:57:32.164 | DEBUG    | winwatt_automation.live_ui.menu_helpers:_log_popup_fragment:499 - DBG_MENU_FRAGMENT_MAIN_WINDOW source_scope=main_window control_type=MenuItem class_name= text='Végrehajtás' rectangle={'left': 44, 'top': 284, 'right': 318, 'bottom': 312} center=(181, 298) process_id=21728 native_handle=None topbar_candidate=True popup_candidate=False
2026-08-26 14:57:32.166 | INFO     | winwatt_automation.live_ui.menu_helpers:_menu_row_from_wrapper:1545 - TEXT_EXTRACTION_FALLBACK_USED source=legacy_text confidence=medium rect={'left': 44, 'top': 319, 'right': 318, 'bottom': 347}
2026-08-26 14:57:32.166 | DEBUG    | winwatt_automation.live_ui.menu_helpers:_log_popup_fragment:499 - DBG_MENU_FRAGMENT_MAIN_WINDOW source_scope=main_window control_type=MenuItem class_name= text='Végrehajtás' rectangle={'left': 44, 'top': 319, 'right': 318, 'bottom': 347} center=(181, 333) process_id=21728 native_handle=None topbar_candidate=True popup_candidate=False
2026-08-26 14:57:32.180 | INFO     | winwatt_automation.live_ui.menu_helpers:_menu_row_from_wrapper:1545 - TEXT_EXTRACTION_FALLBACK_USED source=legacy_text confidence=medium rect={'left': 44, 'top': 346, 'right': 318, 'bottom': 374}
2026-08-26 14:57:32.180 | DEBUG    | winwatt_automation.live_ui.menu_helpers:_log_popup_fragment:499 - DBG_MENU_FRAGMENT_MAIN_WINDOW source_scope=main_window control_type=MenuItem class_name= text='Végrehajtás' rectangle={'left': 44, 'top': 346, 'right': 318, 'bottom': 374} center=(181, 360) process_id=21728 native_handle=None topbar_candidate=True popup_candidate=False
2026-08-26 14:57:32.180 | INFO     | winwatt_automation.live_ui.menu_helpers:_menu_row_from_wrapper:1545 - TEXT_EXTRACTION_FALLBACK_USED source=legacy_text confidence=medium rect={'left': 44, 'top': 374, 'right': 318, 'bottom': 402}
2026-08-26 14:57:32.195 | DEBUG    | winwatt_automation.live_ui.menu_helpers:_log_popup_fragment:499 - DBG_MENU_FRAGMENT_MAIN_WINDOW source_scope=main_window control_type=MenuItem class_name= text='Végrehajtás' rectangle={'left': 44, 'top': 374, 'right': 318, 'bottom': 402} center=(181, 388) process_id=21728 native_handle=None topbar_candidate=True popup_candidate=False
2026-08-26 14:57:32.195 | INFO     | winwatt_automation.live_ui.menu_helpers:_menu_row_from_wrapper:1545 - TEXT_EXTRACTION_FALLBACK_USED source=legacy_text confidence=medium rect={'left': 44, 'top': 401, 'right': 318, 'bottom': 429}
2026-08-26 14:57:32.195 | DEBUG    | winwatt_automation.live_ui.menu_helpers:_log_popup_fragment:499 - DBG_MENU_FRAGMENT_MAIN_WINDOW source_scope=main_window control_type=MenuItem class_name= text='Végrehajtás' rectangle={'left': 44, 'top': 401, 'right': 318, 'bottom': 429} center=(181, 415) process_id=21728 native_handle=None topbar_candidate=True popup_candidate=False
2026-08-26 14:57:32.213 | INFO     | winwatt_automation.live_ui.menu_helpers:_menu_row_from_wrapper:1545 - TEXT_EXTRACTION_FALLBACK_USED source=legacy_text confidence=medium rect={'left': 44, 'top': 436, 'right': 318, 'bottom': 464}
2026-08-26 14:57:32.213 | DEBUG    | winwatt_automation.live_ui.menu_helpers:_log_popup_fragment:499 - DBG_MENU_FRAGMENT_MAIN_WINDOW source_scope=main_window control_type=MenuItem class_name= text='Végrehajtás' rectangle={'left': 44, 'top': 436, 'right': 318, 'bottom': 464} center=(181, 450) process_id=21728 native_handle=None topbar_candidate=True popup_candidate=False
2026-08-26 14:57:32.213 | DEBUG    | winwatt_automation.live_ui.menu_helpers:_log_popup_fragment:499 - DBG_MENU_FRAGMENT_MAIN_WINDOW source_scope=main_window control_type=MenuItem class_name= text='Rendszer' rectangle={'left': 0, 'top': 0, 'right': 28, 'bottom': 28} center=(14, 14) process_id=21728 native_handle=None topbar_candidate=True popup_candidate=False
2026-08-26 14:57:32.213 | DEBUG    | winwatt_automation.live_ui.menu_helpers:_log_popup_fragment:499 - DBG_MENU_FRAGMENT_MAIN_WINDOW source_scope=main_window control_type=MenuItem class_name= text='Fájl' rectangle={'left': 0, 'top': 29, 'right': 40, 'bottom': 53} center=(20, 41) process_id=21728 native_handle=None topbar_candidate=True popup_candidate=False
2026-08-26 14:57:32.213 | DEBUG    | winwatt_automation.live_ui.menu_helpers:_log_popup_fragment:499 - DBG_MENU_FRAGMENT_MAIN_WINDOW source_scope=main_window control_type=MenuItem class_name= text='Jegyzékek' rectangle={'left': 40, 'top': 29, 'right': 123, 'bottom': 53} center=(81, 41) process_id=21728 native_handle=None topbar_candidate=True popup_candidate=False
2026-08-26 14:57:32.213 | DEBUG    | winwatt_automation.live_ui.menu_helpers:_log_popup_fragment:499 - DBG_MENU_FRAGMENT_MAIN_WINDOW source_scope=main_window control_type=MenuItem class_name= text='Eszközök' rectangle={'left': 123, 'top': 29, 'right': 199, 'bottom': 53} center=(161, 41) process_id=21728 native_handle=None topbar_candidate=True popup_candidate=False
2026-08-26 14:57:32.213 | DEBUG    | winwatt_automation.live_ui.menu_helpers:_log_popup_fragment:499 - DBG_MENU_FRAGMENT_MAIN_WINDOW source_scope=main_window control_type=MenuItem class_name= text='Beállítások' rectangle={'left': 199, 'top': 29, 'right': 287, 'bottom': 53} center=(243, 41) process_id=21728 native_handle=None topbar_candidate=True popup_candidate=False
2026-08-26 14:57:32.213 | DEBUG    | winwatt_automation.live_ui.menu_helpers:_log_popup_fragment:499 - DBG_MENU_FRAGMENT_MAIN_WINDOW source_scope=main_window control_type=MenuItem class_name= text='Ablak' rectangle={'left': 286, 'top': 29, 'right': 341, 'bottom': 53} center=(313, 41) process_id=21728 native_handle=None topbar_candidate=True popup_candidate=False
2026-08-26 14:57:32.213 | DEBUG    | winwatt_automation.live_ui.menu_helpers:_log_popup_fragment:499 - DBG_MENU_FRAGMENT_MAIN_WINDOW source_scope=main_window control_type=MenuItem class_name= text='Súgó' rectangle={'left': 341, 'top': 29, 'right': 392, 'bottom': 53} center=(366, 41) process_id=21728 native_handle=None topbar_candidate=True popup_candidate=False
2026-08-26 14:57:32.213 | DEBUG    | winwatt_automation.live_ui.menu_helpers:_menu_like_controls_from_main_window:1599 - DBG_MENU_FRAGMENT_SOURCE_SUMMARY source_scope=main_window count=21
2026-08-26 14:57:32.213 | DEBUG    | winwatt_automation.live_ui.app_connector:get_cached_main_window:565 - DBG_WINWATT_CACHE_GET reason_code=cache_reused_without_validation payload={'wrapper_type': 'UIAWrapper', 'handle': 1900570, 'process_id': 21728, 'title': 'WinWatt gólya - C:\\Users\\Admin\\Documents\\GitHub\\autowinwatt\\winwatt_automation\\data\\runtime_maps\\full_authorized_sandbox\\20260826T123933Z\\testwwp.wwp', 'class_name': 'TMainForm', 'control_type': 'Window'} last_validation_age_s=0.46899999998277053 diagnostic_fast_mode=False
2026-08-26 14:57:32.213 | DEBUG    | winwatt_automation.live_ui.app_connector:get_cached_main_window:566 - DBG_PHASE_TIMING phase=get_cached_main_window elapsed_ms=0.000 reason_code=cache_reused_without_validation
2026-08-26 14:57:32.213 | DEBUG    | winwatt_automation.live_ui.app_connector:get_cached_main_window:565 - DBG_WINWATT_CACHE_GET reason_code=cache_reused_without_validation payload={'wrapper_type': 'UIAWrapper', 'handle': 1900570, 'process_id': 21728, 'title': 'WinWatt gólya - C:\\Users\\Admin\\Documents\\GitHub\\autowinwatt\\winwatt_automation\\data\\runtime_maps\\full_authorized_sandbox\\20260826T123933Z\\testwwp.wwp', 'class_name': 'TMainForm', 'control_type': 'Window'} last_validation_age_s=0.46899999998277053 diagnostic_fast_mode=False
2026-08-26 14:57:32.213 | DEBUG    | winwatt_automation.live_ui.app_connector:get_cached_main_window:566 - DBG_PHASE_TIMING phase=get_cached_main_window elapsed_ms=0.000 reason_code=cache_reused_without_validation
2026-08-26 14:57:32.640 | INFO     | winwatt_automation.live_ui.menu_helpers:_menu_row_from_wrapper:1545 - TEXT_EXTRACTION_FALLBACK_USED source=legacy_text confidence=medium rect={'left': 44, 'top': 56, 'right': 318, 'bottom': 84}
2026-08-26 14:57:32.656 | DEBUG    | winwatt_automation.live_ui.menu_helpers:_log_popup_fragment:499 - DBG_MENU_FRAGMENT_GLOBAL_SCAN source_scope=global_process_scan control_type=MenuItem class_name= text='Végrehajtás' rectangle={'left': 44, 'top': 56, 'right': 318, 'bottom': 84} center=(181, 70) process_id=21728 native_handle=None topbar_candidate=True popup_candidate=False
2026-08-26 14:57:32.672 | INFO     | winwatt_automation.live_ui.menu_helpers:_menu_row_from_wrapper:1545 - TEXT_EXTRACTION_FALLBACK_USED source=legacy_text confidence=medium rect={'left': 44, 'top': 84, 'right': 318, 'bottom': 112}
2026-08-26 14:57:32.672 | DEBUG    | winwatt_automation.live_ui.menu_helpers:_log_popup_fragment:499 - DBG_MENU_FRAGMENT_GLOBAL_SCAN source_scope=global_process_scan control_type=MenuItem class_name= text='Végrehajtás' rectangle={'left': 44, 'top': 84, 'right': 318, 'bottom': 112} center=(181, 98) process_id=21728 native_handle=None topbar_candidate=True popup_candidate=False
2026-08-26 14:57:32.672 | INFO     | winwatt_automation.live_ui.menu_helpers:_menu_row_from_wrapper:1545 - TEXT_EXTRACTION_FALLBACK_USED source=legacy_text confidence=medium rect={'left': 44, 'top': 111, 'right': 318, 'bottom': 139}
2026-08-26 14:57:32.672 | DEBUG    | winwatt_automation.live_ui.menu_helpers:_log_popup_fragment:499 - DBG_MENU_FRAGMENT_GLOBAL_SCAN source_scope=global_process_scan control_type=MenuItem class_name= text='Végrehajtás' rectangle={'left': 44, 'top': 111, 'right': 318, 'bottom': 139} center=(181, 125) process_id=21728 native_handle=None topbar_candidate=True popup_candidate=False
2026-08-26 14:57:32.688 | INFO     | winwatt_automation.live_ui.menu_helpers:_menu_row_from_wrapper:1545 - TEXT_EXTRACTION_FALLBACK_USED source=legacy_text confidence=medium rect={'left': 44, 'top': 139, 'right': 318, 'bottom': 167}
2026-08-26 14:57:32.688 | DEBUG    | winwatt_automation.live_ui.menu_helpers:_log_popup_fragment:499 - DBG_MENU_FRAGMENT_GLOBAL_SCAN source_scope=global_process_scan control_type=MenuItem class_name= text='Végrehajtás' rectangle={'left': 44, 'top': 139, 'right': 318, 'bottom': 167} center=(181, 153) process_id=21728 native_handle=None topbar_candidate=True popup_candidate=False
2026-08-26 14:57:32.704 | INFO     | winwatt_automation.live_ui.menu_helpers:_menu_row_from_wrapper:1545 - TEXT_EXTRACTION_FALLBACK_USED source=legacy_text confidence=medium rect={'left': 44, 'top': 166, 'right': 318, 'bottom': 194}
2026-08-26 14:57:32.704 | DEBUG    | winwatt_automation.live_ui.menu_helpers:_log_popup_fragment:499 - DBG_MENU_FRAGMENT_GLOBAL_SCAN source_scope=global_process_scan control_type=MenuItem class_name= text='Végrehajtás' rectangle={'left': 44, 'top': 166, 'right': 318, 'bottom': 194} center=(181, 180) process_id=21728 native_handle=None topbar_candidate=True popup_candidate=False
2026-08-26 14:57:32.704 | INFO     | winwatt_automation.live_ui.menu_helpers:_menu_row_from_wrapper:1545 - TEXT_EXTRACTION_FALLBACK_USED source=legacy_text confidence=medium rect={'left': 44, 'top': 201, 'right': 318, 'bottom': 229}
2026-08-26 14:57:32.704 | DEBUG    | winwatt_automation.live_ui.menu_helpers:_log_popup_fragment:499 - DBG_MENU_FRAGMENT_GLOBAL_SCAN source_scope=global_process_scan control_type=MenuItem class_name= text='Végrehajtás' rectangle={'left': 44, 'top': 201, 'right': 318, 'bottom': 229} center=(181, 215) process_id=21728 native_handle=None topbar_candidate=True popup_candidate=False
2026-08-26 14:57:32.720 | INFO     | winwatt_automation.live_ui.menu_helpers:_menu_row_from_wrapper:1545 - TEXT_EXTRACTION_FALLBACK_USED source=legacy_text confidence=medium rect={'left': 44, 'top': 229, 'right': 318, 'bottom': 257}
2026-08-26 14:57:32.720 | DEBUG    | winwatt_automation.live_ui.menu_helpers:_log_popup_fragment:499 - DBG_MENU_FRAGMENT_GLOBAL_SCAN source_scope=global_process_scan control_type=MenuItem class_name= text='Végrehajtás' rectangle={'left': 44, 'top': 229, 'right': 318, 'bottom': 257} center=(181, 243) process_id=21728 native_handle=None topbar_candidate=True popup_candidate=False
2026-08-26 14:57:32.736 | INFO     | winwatt_automation.live_ui.menu_helpers:_menu_row_from_wrapper:1545 - TEXT_EXTRACTION_FALLBACK_USED source=legacy_text confidence=medium rect={'left': 44, 'top': 256, 'right': 318, 'bottom': 284}
2026-08-26 14:57:32.736 | DEBUG    | winwatt_automation.live_ui.menu_helpers:_log_popup_fragment:499 - DBG_MENU_FRAGMENT_GLOBAL_SCAN source_scope=global_process_scan control_type=MenuItem class_name= text='Végrehajtás' rectangle={'left': 44, 'top': 256, 'right': 318, 'bottom': 284} center=(181, 270) process_id=21728 native_handle=None topbar_candidate=True popup_candidate=False
2026-08-26 14:57:32.736 | INFO     | winwatt_automation.live_ui.menu_helpers:_menu_row_from_wrapper:1545 - TEXT_EXTRACTION_FALLBACK_USED source=legacy_text confidence=medium rect={'left': 44, 'top': 284, 'right': 318, 'bottom': 312}
2026-08-26 14:57:32.736 | DEBUG    | winwatt_automation.live_ui.menu_helpers:_log_popup_fragment:499 - DBG_MENU_FRAGMENT_GLOBAL_SCAN source_scope=global_process_scan control_type=MenuItem class_name= text='Végrehajtás' rectangle={'left': 44, 'top': 284, 'right': 318, 'bottom': 312} center=(181, 298) process_id=21728 native_handle=None topbar_candidate=True popup_candidate=False
2026-08-26 14:57:32.752 | INFO     | winwatt_automation.live_ui.menu_helpers:_menu_row_from_wrapper:1545 - TEXT_EXTRACTION_FALLBACK_USED source=legacy_text confidence=medium rect={'left': 44, 'top': 319, 'right': 318, 'bottom': 347}
2026-08-26 14:57:32.752 | DEBUG    | winwatt_automation.live_ui.menu_helpers:_log_popup_fragment:499 - DBG_MENU_FRAGMENT_GLOBAL_SCAN source_scope=global_process_scan control_type=MenuItem class_name= text='Végrehajtás' rectangle={'left': 44, 'top': 319, 'right': 318, 'bottom': 347} center=(181, 333) process_id=21728 native_handle=None topbar_candidate=True popup_candidate=False
2026-08-26 14:57:32.752 | INFO     | winwatt_automation.live_ui.menu_helpers:_menu_row_from_wrapper:1545 - TEXT_EXTRACTION_FALLBACK_USED source=legacy_text confidence=medium rect={'left': 44, 'top': 346, 'right': 318, 'bottom': 374}
2026-08-26 14:57:32.769 | DEBUG    | winwatt_automation.live_ui.menu_helpers:_log_popup_fragment:499 - DBG_MENU_FRAGMENT_GLOBAL_SCAN source_scope=global_process_scan control_type=MenuItem class_name= text='Végrehajtás' rectangle={'left': 44, 'top': 346, 'right': 318, 'bottom': 374} center=(181, 360) process_id=21728 native_handle=None topbar_candidate=True popup_candidate=False
2026-08-26 14:57:32.769 | INFO     | winwatt_automation.live_ui.menu_helpers:_menu_row_from_wrapper:1545 - TEXT_EXTRACTION_FALLBACK_USED source=legacy_text confidence=medium rect={'left': 44, 'top': 374, 'right': 318, 'bottom': 402}
2026-08-26 14:57:32.769 | DEBUG    | winwatt_automation.live_ui.menu_helpers:_log_popup_fragment:499 - DBG_MENU_FRAGMENT_GLOBAL_SCAN source_scope=global_process_scan control_type=MenuItem class_name= text='Végrehajtás' rectangle={'left': 44, 'top': 374, 'right': 318, 'bottom': 402} center=(181, 388) process_id=21728 native_handle=None topbar_candidate=True popup_candidate=False
2026-08-26 14:57:32.784 | INFO     | winwatt_automation.live_ui.menu_helpers:_menu_row_from_wrapper:1545 - TEXT_EXTRACTION_FALLBACK_USED source=legacy_text confidence=medium rect={'left': 44, 'top': 401, 'right': 318, 'bottom': 429}
2026-08-26 14:57:32.784 | DEBUG    | winwatt_automation.live_ui.menu_helpers:_log_popup_fragment:499 - DBG_MENU_FRAGMENT_GLOBAL_SCAN source_scope=global_process_scan control_type=MenuItem class_name= text='Végrehajtás' rectangle={'left': 44, 'top': 401, 'right': 318, 'bottom': 429} center=(181, 415) process_id=21728 native_handle=None topbar_candidate=True popup_candidate=False
2026-08-26 14:57:32.784 | INFO     | winwatt_automation.live_ui.menu_helpers:_menu_row_from_wrapper:1545 - TEXT_EXTRACTION_FALLBACK_USED source=legacy_text confidence=medium rect={'left': 44, 'top': 436, 'right': 318, 'bottom': 464}
2026-08-26 14:57:32.800 | DEBUG    | winwatt_automation.live_ui.menu_helpers:_log_popup_fragment:499 - DBG_MENU_FRAGMENT_GLOBAL_SCAN source_scope=global_process_scan control_type=MenuItem class_name= text='Végrehajtás' rectangle={'left': 44, 'top': 436, 'right': 318, 'bottom': 464} center=(181, 450) process_id=21728 native_handle=None topbar_candidate=True popup_candidate=False
2026-08-26 14:57:32.800 | DEBUG    | winwatt_automation.live_ui.menu_helpers:_log_popup_fragment:499 - DBG_MENU_FRAGMENT_GLOBAL_SCAN source_scope=global_process_scan control_type=MenuItem class_name= text='Rendszer' rectangle={'left': 0, 'top': 0, 'right': 28, 'bottom': 28} center=(14, 14) process_id=21728 native_handle=None topbar_candidate=True popup_candidate=False
2026-08-26 14:57:32.800 | DEBUG    | winwatt_automation.live_ui.menu_helpers:_log_popup_fragment:499 - DBG_MENU_FRAGMENT_GLOBAL_SCAN source_scope=global_process_scan control_type=MenuItem class_name= text='Fájl' rectangle={'left': 0, 'top': 29, 'right': 40, 'bottom': 53} center=(20, 41) process_id=21728 native_handle=None topbar_candidate=True popup_candidate=False
2026-08-26 14:57:32.800 | DEBUG    | winwatt_automation.live_ui.menu_helpers:_log_popup_fragment:499 - DBG_MENU_FRAGMENT_GLOBAL_SCAN source_scope=global_process_scan control_type=MenuItem class_name= text='Jegyzékek' rectangle={'left': 40, 'top': 29, 'right': 123, 'bottom': 53} center=(81, 41) process_id=21728 native_handle=None topbar_candidate=True popup_candidate=False
2026-08-26 14:57:32.800 | DEBUG    | winwatt_automation.live_ui.menu_helpers:_log_popup_fragment:499 - DBG_MENU_FRAGMENT_GLOBAL_SCAN source_scope=global_process_scan control_type=MenuItem class_name= text='Eszközök' rectangle={'left': 123, 'top': 29, 'right': 199, 'bottom': 53} center=(161, 41) process_id=21728 native_handle=None topbar_candidate=True popup_candidate=False
2026-08-26 14:57:32.800 | DEBUG    | winwatt_automation.live_ui.menu_helpers:_log_popup_fragment:499 - DBG_MENU_FRAGMENT_GLOBAL_SCAN source_scope=global_process_scan control_type=MenuItem class_name= text='Beállítások' rectangle={'left': 199, 'top': 29, 'right': 287, 'bottom': 53} center=(243, 41) process_id=21728 native_handle=None topbar_candidate=True popup_candidate=False
2026-08-26 14:57:32.800 | DEBUG    | winwatt_automation.live_ui.menu_helpers:_log_popup_fragment:499 - DBG_MENU_FRAGMENT_GLOBAL_SCAN source_scope=global_process_scan control_type=MenuItem class_name= text='Ablak' rectangle={'left': 286, 'top': 29, 'right': 341, 'bottom': 53} center=(313, 41) process_id=21728 native_handle=None topbar_candidate=True popup_candidate=False
2026-08-26 14:57:32.800 | DEBUG    | winwatt_automation.live_ui.menu_helpers:_log_popup_fragment:499 - DBG_MENU_FRAGMENT_GLOBAL_SCAN source_scope=global_process_scan control_type=MenuItem class_name= text='Súgó' rectangle={'left': 341, 'top': 29, 'right': 392, 'bottom': 53} center=(366, 41) process_id=21728 native_handle=None topbar_candidate=True popup_candidate=False
2026-08-26 14:57:32.800 | DEBUG    | winwatt_automation.live_ui.menu_helpers:_menu_like_controls_from_global_process_scan:1631 - DBG_MENU_FRAGMENT_SOURCE_SUMMARY source_scope=global_process_scan count=21 process_id=21728
2026-08-26 14:57:32.809 | DEBUG    | winwatt_automation.live_ui.app_connector:get_cached_main_window:565 - DBG_WINWATT_CACHE_GET reason_code=cache_reused_without_validation payload={'wrapper_type': 'UIAWrapper', 'handle': 1900570, 'process_id': 21728, 'title': 'WinWatt gólya - C:\\Users\\Admin\\Documents\\GitHub\\autowinwatt\\winwatt_automation\\data\\runtime_maps\\full_authorized_sandbox\\20260826T123933Z\\testwwp.wwp', 'class_name': 'TMainForm', 'control_type': 'Window'} last_validation_age_s=1.062999999994645 diagnostic_fast_mode=False
2026-08-26 14:57:32.809 | DEBUG    | winwatt_automation.live_ui.app_connector:get_cached_main_window:566 - DBG_PHASE_TIMING phase=get_cached_main_window elapsed_ms=0.000 reason_code=cache_reused_without_validation
2026-08-26 14:57:33.276 | DEBUG    | winwatt_automation.live_ui.menu_helpers:capture_menu_popup_snapshot:1682 - DBG_POPUP_ROW_DEDUPE rect={'left': 44, 'top': 56, 'right': 318, 'bottom': 84} normalized_text=végrehajtás class_name= source_scope=main_window deduplicated=False
2026-08-26 14:57:33.276 | DEBUG    | winwatt_automation.live_ui.menu_helpers:capture_menu_popup_snapshot:1682 - DBG_POPUP_ROW_DEDUPE rect={'left': 44, 'top': 84, 'right': 318, 'bottom': 112} normalized_text=végrehajtás class_name= source_scope=main_window deduplicated=False
2026-08-26 14:57:33.276 | DEBUG    | winwatt_automation.live_ui.menu_helpers:capture_menu_popup_snapshot:1682 - DBG_POPUP_ROW_DEDUPE rect={'left': 44, 'top': 111, 'right': 318, 'bottom': 139} normalized_text=végrehajtás class_name= source_scope=main_window deduplicated=False
2026-08-26 14:57:33.276 | DEBUG    | winwatt_automation.live_ui.menu_helpers:capture_menu_popup_snapshot:1682 - DBG_POPUP_ROW_DEDUPE rect={'left': 44, 'top': 139, 'right': 318, 'bottom': 167} normalized_text=végrehajtás class_name= source_scope=main_window deduplicated=False
2026-08-26 14:57:33.276 | DEBUG    | winwatt_automation.live_ui.menu_helpers:capture_menu_popup_snapshot:1682 - DBG_POPUP_ROW_DEDUPE rect={'left': 44, 'top': 166, 'right': 318, 'bottom': 194} normalized_text=végrehajtás class_name= source_scope=main_window deduplicated=False
2026-08-26 14:57:33.292 | DEBUG    | winwatt_automation.live_ui.menu_helpers:capture_menu_popup_snapshot:1682 - DBG_POPUP_ROW_DEDUPE rect={'left': 44, 'top': 201, 'right': 318, 'bottom': 229} normalized_text=végrehajtás class_name= source_scope=main_window deduplicated=False
2026-08-26 14:57:33.292 | DEBUG    | winwatt_automation.live_ui.menu_helpers:capture_menu_popup_snapshot:1682 - DBG_POPUP_ROW_DEDUPE rect={'left': 44, 'top': 229, 'right': 318, 'bottom': 257} normalized_text=végrehajtás class_name= source_scope=main_window deduplicated=False
2026-08-26 14:57:33.292 | DEBUG    | winwatt_automation.live_ui.menu_helpers:capture_menu_popup_snapshot:1682 - DBG_POPUP_ROW_DEDUPE rect={'left': 44, 'top': 256, 'right': 318, 'bottom': 284} normalized_text=végrehajtás class_name= source_scope=main_window deduplicated=False
2026-08-26 14:57:33.292 | DEBUG    | winwatt_automation.live_ui.menu_helpers:capture_menu_popup_snapshot:1682 - DBG_POPUP_ROW_DEDUPE rect={'left': 44, 'top': 284, 'right': 318, 'bottom': 312} normalized_text=végrehajtás class_name= source_scope=main_window deduplicated=False
2026-08-26 14:57:33.292 | DEBUG    | winwatt_automation.live_ui.menu_helpers:capture_menu_popup_snapshot:1682 - DBG_POPUP_ROW_DEDUPE rect={'left': 44, 'top': 319, 'right': 318, 'bottom': 347} normalized_text=végrehajtás class_name= source_scope=main_window deduplicated=False
2026-08-26 14:57:33.292 | DEBUG    | winwatt_automation.live_ui.menu_helpers:capture_menu_popup_snapshot:1682 - DBG_POPUP_ROW_DEDUPE rect={'left': 44, 'top': 346, 'right': 318, 'bottom': 374} normalized_text=végrehajtás class_name= source_scope=main_window deduplicated=False
2026-08-26 14:57:33.292 | DEBUG    | winwatt_automation.live_ui.menu_helpers:capture_menu_popup_snapshot:1682 - DBG_POPUP_ROW_DEDUPE rect={'left': 44, 'top': 374, 'right': 318, 'bottom': 402} normalized_text=végrehajtás class_name= source_scope=main_window deduplicated=False
2026-08-26 14:57:33.292 | DEBUG    | winwatt_automation.live_ui.menu_helpers:capture_menu_popup_snapshot:1682 - DBG_POPUP_ROW_DEDUPE rect={'left': 44, 'top': 401, 'right': 318, 'bottom': 429} normalized_text=végrehajtás class_name= source_scope=main_window deduplicated=False
2026-08-26 14:57:33.292 | DEBUG    | winwatt_automation.live_ui.menu_helpers:capture_menu_popup_snapshot:1682 - DBG_POPUP_ROW_DEDUPE rect={'left': 44, 'top': 436, 'right': 318, 'bottom': 464} normalized_text=végrehajtás class_name= source_scope=main_window deduplicated=False
2026-08-26 14:57:33.292 | DEBUG    | winwatt_automation.live_ui.menu_helpers:capture_menu_popup_snapshot:1682 - DBG_POPUP_ROW_DEDUPE rect={'left': 0, 'top': 0, 'right': 28, 'bottom': 28} normalized_text=rendszer class_name= source_scope=main_window deduplicated=False
2026-08-26 14:57:33.292 | DEBUG    | winwatt_automation.live_ui.menu_helpers:capture_menu_popup_snapshot:1682 - DBG_POPUP_ROW_DEDUPE rect={'left': 0, 'top': 29, 'right': 40, 'bottom': 53} normalized_text=fájl class_name= source_scope=main_window deduplicated=False
2026-08-26 14:57:33.292 | DEBUG    | winwatt_automation.live_ui.menu_helpers:capture_menu_popup_snapshot:1682 - DBG_POPUP_ROW_DEDUPE rect={'left': 40, 'top': 29, 'right': 123, 'bottom': 53} normalized_text=jegyzékek class_name= source_scope=main_window deduplicated=False
2026-08-26 14:57:33.292 | DEBUG    | winwatt_automation.live_ui.menu_helpers:capture_menu_popup_snapshot:1682 - DBG_POPUP_ROW_DEDUPE rect={'left': 123, 'top': 29, 'right': 199, 'bottom': 53} normalized_text=eszközök class_name= source_scope=main_window deduplicated=False
2026-08-26 14:57:33.292 | DEBUG    | winwatt_automation.live_ui.menu_helpers:capture_menu_popup_snapshot:1682 - DBG_POPUP_ROW_DEDUPE rect={'left': 199, 'top': 29, 'right': 287, 'bottom': 53} normalized_text=beállítások class_name= source_scope=main_window deduplicated=False
2026-08-26 14:57:33.292 | DEBUG    | winwatt_automation.live_ui.menu_helpers:capture_menu_popup_snapshot:1682 - DBG_POPUP_ROW_DEDUPE rect={'left': 286, 'top': 29, 'right': 341, 'bottom': 53} normalized_text=ablak class_name= source_scope=main_window deduplicated=False
2026-08-26 14:57:33.292 | DEBUG    | winwatt_automation.live_ui.menu_helpers:capture_menu_popup_snapshot:1682 - DBG_POPUP_ROW_DEDUPE rect={'left': 341, 'top': 29, 'right': 392, 'bottom': 53} normalized_text=súgó class_name= source_scope=main_window deduplicated=False
2026-08-26 14:57:33.292 | DEBUG    | winwatt_automation.live_ui.menu_helpers:capture_menu_popup_snapshot:1682 - DBG_POPUP_ROW_DEDUPE rect={'left': 44, 'top': 56, 'right': 318, 'bottom': 84} normalized_text=végrehajtás class_name= source_scope=global_process_scan deduplicated=False
2026-08-26 14:57:33.292 | DEBUG    | winwatt_automation.live_ui.menu_helpers:capture_menu_popup_snapshot:1682 - DBG_POPUP_ROW_DEDUPE rect={'left': 44, 'top': 84, 'right': 318, 'bottom': 112} normalized_text=végrehajtás class_name= source_scope=global_process_scan deduplicated=False
2026-08-26 14:57:33.292 | DEBUG    | winwatt_automation.live_ui.menu_helpers:capture_menu_popup_snapshot:1682 - DBG_POPUP_ROW_DEDUPE rect={'left': 44, 'top': 111, 'right': 318, 'bottom': 139} normalized_text=végrehajtás class_name= source_scope=global_process_scan deduplicated=False
2026-08-26 14:57:33.292 | DEBUG    | winwatt_automation.live_ui.menu_helpers:capture_menu_popup_snapshot:1682 - DBG_POPUP_ROW_DEDUPE rect={'left': 44, 'top': 139, 'right': 318, 'bottom': 167} normalized_text=végrehajtás class_name= source_scope=global_process_scan deduplicated=False
2026-08-26 14:57:33.292 | DEBUG    | winwatt_automation.live_ui.menu_helpers:capture_menu_popup_snapshot:1682 - DBG_POPUP_ROW_DEDUPE rect={'left': 44, 'top': 166, 'right': 318, 'bottom': 194} normalized_text=végrehajtás class_name= source_scope=global_process_scan deduplicated=False
2026-08-26 14:57:33.292 | DEBUG    | winwatt_automation.live_ui.menu_helpers:capture_menu_popup_snapshot:1682 - DBG_POPUP_ROW_DEDUPE rect={'left': 44, 'top': 201, 'right': 318, 'bottom': 229} normalized_text=végrehajtás class_name= source_scope=global_process_scan deduplicated=False
2026-08-26 14:57:33.292 | DEBUG    | winwatt_automation.live_ui.menu_helpers:capture_menu_popup_snapshot:1682 - DBG_POPUP_ROW_DEDUPE rect={'left': 44, 'top': 229, 'right': 318, 'bottom': 257} normalized_text=végrehajtás class_name= source_scope=global_process_scan deduplicated=False
2026-08-26 14:57:33.292 | DEBUG    | winwatt_automation.live_ui.menu_helpers:capture_menu_popup_snapshot:1682 - DBG_POPUP_ROW_DEDUPE rect={'left': 44, 'top': 256, 'right': 318, 'bottom': 284} normalized_text=végrehajtás class_name= source_scope=global_process_scan deduplicated=False
2026-08-26 14:57:33.292 | DEBUG    | winwatt_automation.live_ui.menu_helpers:capture_menu_popup_snapshot:1682 - DBG_POPUP_ROW_DEDUPE rect={'left': 44, 'top': 284, 'right': 318, 'bottom': 312} normalized_text=végrehajtás class_name= source_scope=global_process_scan deduplicated=False
2026-08-26 14:57:33.292 | DEBUG    | winwatt_automation.live_ui.menu_helpers:capture_menu_popup_snapshot:1682 - DBG_POPUP_ROW_DEDUPE rect={'left': 44, 'top': 319, 'right': 318, 'bottom': 347} normalized_text=végrehajtás class_name= source_scope=global_process_scan deduplicated=False
2026-08-26 14:57:33.292 | DEBUG    | winwatt_automation.live_ui.menu_helpers:capture_menu_popup_snapshot:1682 - DBG_POPUP_ROW_DEDUPE rect={'left': 44, 'top': 346, 'right': 318, 'bottom': 374} normalized_text=végrehajtás class_name= source_scope=global_process_scan deduplicated=False
2026-08-26 14:57:33.292 | DEBUG    | winwatt_automation.live_ui.menu_helpers:capture_menu_popup_snapshot:1682 - DBG_POPUP_ROW_DEDUPE rect={'left': 44, 'top': 374, 'right': 318, 'bottom': 402} normalized_text=végrehajtás class_name= source_scope=global_process_scan deduplicated=False
2026-08-26 14:57:33.292 | DEBUG    | winwatt_automation.live_ui.menu_helpers:capture_menu_popup_snapshot:1682 - DBG_POPUP_ROW_DEDUPE rect={'left': 44, 'top': 401, 'right': 318, 'bottom': 429} normalized_text=végrehajtás class_name= source_scope=global_process_scan deduplicated=False
2026-08-26 14:57:33.292 | DEBUG    | winwatt_automation.live_ui.menu_helpers:capture_menu_popup_snapshot:1682 - DBG_POPUP_ROW_DEDUPE rect={'left': 44, 'top': 436, 'right': 318, 'bottom': 464} normalized_text=végrehajtás class_name= source_scope=global_process_scan deduplicated=False
2026-08-26 14:57:33.292 | DEBUG    | winwatt_automation.live_ui.menu_helpers:capture_menu_popup_snapshot:1682 - DBG_POPUP_ROW_DEDUPE rect={'left': 0, 'top': 0, 'right': 28, 'bottom': 28} normalized_text=rendszer class_name= source_scope=global_process_scan deduplicated=False
2026-08-26 14:57:33.292 | DEBUG    | winwatt_automation.live_ui.menu_helpers:capture_menu_popup_snapshot:1682 - DBG_POPUP_ROW_DEDUPE rect={'left': 0, 'top': 29, 'right': 40, 'bottom': 53} normalized_text=fájl class_name= source_scope=global_process_scan deduplicated=False
2026-08-26 14:57:33.292 | DEBUG    | winwatt_automation.live_ui.menu_helpers:capture_menu_popup_snapshot:1682 - DBG_POPUP_ROW_DEDUPE rect={'left': 40, 'top': 29, 'right': 123, 'bottom': 53} normalized_text=jegyzékek class_name= source_scope=global_process_scan deduplicated=False
2026-08-26 14:57:33.292 | DEBUG    | winwatt_automation.live_ui.menu_helpers:capture_menu_popup_snapshot:1682 - DBG_POPUP_ROW_DEDUPE rect={'left': 123, 'top': 29, 'right': 199, 'bottom': 53} normalized_text=eszközök class_name= source_scope=global_process_scan deduplicated=False
2026-08-26 14:57:33.308 | DEBUG    | winwatt_automation.live_ui.menu_helpers:capture_menu_popup_snapshot:1682 - DBG_POPUP_ROW_DEDUPE rect={'left': 199, 'top': 29, 'right': 287, 'bottom': 53} normalized_text=beállítások class_name= source_scope=global_process_scan deduplicated=False
2026-08-26 14:57:33.308 | DEBUG    | winwatt_automation.live_ui.menu_helpers:capture_menu_popup_snapshot:1682 - DBG_POPUP_ROW_DEDUPE rect={'left': 286, 'top': 29, 'right': 341, 'bottom': 53} normalized_text=ablak class_name= source_scope=global_process_scan deduplicated=False
2026-08-26 14:57:33.308 | DEBUG    | winwatt_automation.live_ui.menu_helpers:capture_menu_popup_snapshot:1682 - DBG_POPUP_ROW_DEDUPE rect={'left': 341, 'top': 29, 'right': 392, 'bottom': 53} normalized_text=súgó class_name= source_scope=global_process_scan deduplicated=False
2026-08-26 14:57:33.308 | INFO     | winwatt_automation.live_ui.menu_helpers:capture_menu_popup_snapshot:1724 - POPUP_SNAPSHOT_SUMMARY main_window_fragments=21 global_scan_fragments=21 deduped_fragments=42 topbar_like=12 popup_like=28 empty_text=0 topbar_band=(0, 29, 392, 53) empty_text_vertical_cluster_detected=False accepted_popup_rows=0 popup_heuristic=candidate_count_below_threshold
2026-08-26 14:57:33.308 | DEBUG    | winwatt_automation.live_ui.menu_helpers:capture_menu_popup_snapshot:1737 - Captured menu snapshot rows=42
2026-08-26 14:57:33.308 | DEBUG    | winwatt_automation.live_ui.menu_helpers:_log_phase_timing:83 - DBG_PHASE_TIMING phase=capture_menu_popup_snapshot elapsed_ms=1782.000 main_rows=21 global_rows=21 unique_rows=42 diagnostic_fast_mode=False
2026-08-26 14:57:33.308 | DEBUG    | winwatt_automation.live_ui.menu_helpers:did_any_new_menu_popup_appear:2272 - Menu popup snapshot diff: before=14 after=42 new=28
2026-08-26 14:57:33.308 | DEBUG    | winwatt_automation.live_ui.app_connector:get_cached_main_window:565 - DBG_WINWATT_CACHE_GET reason_code=cache_reused_without_validation payload={'wrapper_type': 'UIAWrapper', 'handle': 1900570, 'process_id': 21728, 'title': 'WinWatt gólya - C:\\Users\\Admin\\Documents\\GitHub\\autowinwatt\\winwatt_automation\\data\\runtime_maps\\full_authorized_sandbox\\20260826T123933Z\\testwwp.wwp', 'class_name': 'TMainForm', 'control_type': 'Window'} last_validation_age_s=1.562999999994645 diagnostic_fast_mode=False
2026-08-26 14:57:33.308 | DEBUG    | winwatt_automation.live_ui.app_connector:get_cached_main_window:566 - DBG_PHASE_TIMING phase=get_cached_main_window elapsed_ms=0.000 reason_code=cache_reused_without_validation
2026-08-26 14:57:33.308 | DEBUG    | winwatt_automation.live_ui.app_connector:get_cached_main_window:565 - DBG_WINWATT_CACHE_GET reason_code=cache_reused_without_validation payload={'wrapper_type': 'UIAWrapper', 'handle': 1900570, 'process_id': 21728, 'title': 'WinWatt gólya - C:\\Users\\Admin\\Documents\\GitHub\\autowinwatt\\winwatt_automation\\data\\runtime_maps\\full_authorized_sandbox\\20260826T123933Z\\testwwp.wwp', 'class_name': 'TMainForm', 'control_type': 'Window'} last_validation_age_s=1.562999999994645 diagnostic_fast_mode=False
2026-08-26 14:57:33.308 | DEBUG    | winwatt_automation.live_ui.app_connector:get_cached_main_window:566 - DBG_PHASE_TIMING phase=get_cached_main_window elapsed_ms=0.000 reason_code=cache_reused_without_validation
2026-08-26 14:57:33.833 | INFO     | winwatt_automation.live_ui.menu_helpers:_menu_items:1101 - DBG_MENU_ITEMS_SUMMARY total_items=21 visible_items=21 topbar_band=(0, 0, 392, 464) topbar_band_visible_count=21 popup_region_visible_count=0 force_refresh=False handle=1900570
2026-08-26 14:57:33.844 | DEBUG    | winwatt_automation.live_ui.menu_helpers:_menu_items:1111 - Discovered 21 MenuItem controls
2026-08-26 14:57:33.844 | DEBUG    | winwatt_automation.live_ui.menu_helpers:_log_phase_timing:83 - DBG_PHASE_TIMING phase=_menu_items elapsed_ms=546.000 force_refresh=False total_items=21 visible_items=21
2026-08-26 14:57:34.039 | DEBUG    | winwatt_automation.live_ui.app_connector:get_cached_main_window:565 - DBG_WINWATT_CACHE_GET reason_code=cache_reused_without_validation payload={'wrapper_type': 'UIAWrapper', 'handle': 1900570, 'process_id': 21728, 'title': 'WinWatt gólya - C:\\Users\\Admin\\Documents\\GitHub\\autowinwatt\\winwatt_automation\\data\\runtime_maps\\full_authorized_sandbox\\20260826T123933Z\\testwwp.wwp', 'class_name': 'TMainForm', 'control_type': 'Window'} last_validation_age_s=2.2969999999913853 diagnostic_fast_mode=False
2026-08-26 14:57:34.039 | DEBUG    | winwatt_automation.live_ui.app_connector:get_cached_main_window:566 - DBG_PHASE_TIMING phase=get_cached_main_window elapsed_ms=0.000 reason_code=cache_reused_without_validation
2026-08-26 14:57:34.055 | DEBUG    | winwatt_automation.live_ui.app_connector:get_cached_main_window:565 - DBG_WINWATT_CACHE_GET reason_code=cache_reused_without_validation payload={'wrapper_type': 'UIAWrapper', 'handle': 1900570, 'process_id': 21728, 'title': 'WinWatt gólya - C:\\Users\\Admin\\Documents\\GitHub\\autowinwatt\\winwatt_automation\\data\\runtime_maps\\full_authorized_sandbox\\20260826T123933Z\\testwwp.wwp', 'class_name': 'TMainForm', 'control_type': 'Window'} last_validation_age_s=2.2969999999913853 diagnostic_fast_mode=False
2026-08-26 14:57:34.055 | DEBUG    | winwatt_automation.live_ui.app_connector:get_cached_main_window:566 - DBG_PHASE_TIMING phase=get_cached_main_window elapsed_ms=16.000 reason_code=cache_reused_without_validation
2026-08-26 14:57:34.550 | INFO     | winwatt_automation.live_ui.menu_helpers:_menu_items:1101 - DBG_MENU_ITEMS_SUMMARY total_items=21 visible_items=21 topbar_band=(0, 0, 392, 464) topbar_band_visible_count=21 popup_region_visible_count=0 force_refresh=False handle=1900570
2026-08-26 14:57:34.566 | DEBUG    | winwatt_automation.live_ui.menu_helpers:_menu_items:1111 - Discovered 21 MenuItem controls
2026-08-26 14:57:34.566 | DEBUG    | winwatt_automation.live_ui.menu_helpers:_log_phase_timing:83 - DBG_PHASE_TIMING phase=_menu_items elapsed_ms=531.000 force_refresh=False total_items=21 visible_items=21
2026-08-26 14:57:34.740 | DEBUG    | winwatt_automation.live_ui.menu_helpers:_structured_popup_rows_from_snapshots:1890 - Popup row dedupe: rect={'left': 44, 'top': 56, 'right': 318, 'bottom': 84} text='Végrehajtás' control_type=MenuItem chosen preferred source=main_window
2026-08-26 14:57:34.740 | DEBUG    | winwatt_automation.live_ui.menu_helpers:_structured_popup_rows_from_snapshots:1905 - Popup row dedupe: rect={'left': 44, 'top': 56, 'right': 318, 'bottom': 84} text='Végrehajtás' control_type=MenuItem chosen preferred source=main_window dropped source=global_process_scan
2026-08-26 14:57:34.740 | DEBUG    | winwatt_automation.live_ui.menu_helpers:_structured_popup_rows_from_snapshots:1890 - Popup row dedupe: rect={'left': 44, 'top': 84, 'right': 318, 'bottom': 112} text='Végrehajtás' control_type=MenuItem chosen preferred source=main_window
2026-08-26 14:57:34.740 | DEBUG    | winwatt_automation.live_ui.menu_helpers:_structured_popup_rows_from_snapshots:1905 - Popup row dedupe: rect={'left': 44, 'top': 84, 'right': 318, 'bottom': 112} text='Végrehajtás' control_type=MenuItem chosen preferred source=main_window dropped source=global_process_scan
2026-08-26 14:57:34.740 | DEBUG    | winwatt_automation.live_ui.menu_helpers:_structured_popup_rows_from_snapshots:1890 - Popup row dedupe: rect={'left': 44, 'top': 111, 'right': 318, 'bottom': 139} text='Végrehajtás' control_type=MenuItem chosen preferred source=main_window
2026-08-26 14:57:34.740 | DEBUG    | winwatt_automation.live_ui.menu_helpers:_structured_popup_rows_from_snapshots:1905 - Popup row dedupe: rect={'left': 44, 'top': 111, 'right': 318, 'bottom': 139} text='Végrehajtás' control_type=MenuItem chosen preferred source=main_window dropped source=global_process_scan
2026-08-26 14:57:34.740 | DEBUG    | winwatt_automation.live_ui.menu_helpers:_structured_popup_rows_from_snapshots:1890 - Popup row dedupe: rect={'left': 44, 'top': 139, 'right': 318, 'bottom': 167} text='Végrehajtás' control_type=MenuItem chosen preferred source=main_window
2026-08-26 14:57:34.740 | DEBUG    | winwatt_automation.live_ui.menu_helpers:_structured_popup_rows_from_snapshots:1905 - Popup row dedupe: rect={'left': 44, 'top': 139, 'right': 318, 'bottom': 167} text='Végrehajtás' control_type=MenuItem chosen preferred source=main_window dropped source=global_process_scan
2026-08-26 14:57:34.740 | DEBUG    | winwatt_automation.live_ui.menu_helpers:_structured_popup_rows_from_snapshots:1890 - Popup row dedupe: rect={'left': 44, 'top': 166, 'right': 318, 'bottom': 194} text='Végrehajtás' control_type=MenuItem chosen preferred source=main_window
2026-08-26 14:57:34.740 | DEBUG    | winwatt_automation.live_ui.menu_helpers:_structured_popup_rows_from_snapshots:1905 - Popup row dedupe: rect={'left': 44, 'top': 166, 'right': 318, 'bottom': 194} text='Végrehajtás' control_type=MenuItem chosen preferred source=main_window dropped source=global_process_scan
2026-08-26 14:57:34.740 | DEBUG    | winwatt_automation.live_ui.menu_helpers:_structured_popup_rows_from_snapshots:1890 - Popup row dedupe: rect={'left': 44, 'top': 201, 'right': 318, 'bottom': 229} text='Végrehajtás' control_type=MenuItem chosen preferred source=main_window
2026-08-26 14:57:34.740 | DEBUG    | winwatt_automation.live_ui.menu_helpers:_structured_popup_rows_from_snapshots:1905 - Popup row dedupe: rect={'left': 44, 'top': 201, 'right': 318, 'bottom': 229} text='Végrehajtás' control_type=MenuItem chosen preferred source=main_window dropped source=global_process_scan
2026-08-26 14:57:34.740 | DEBUG    | winwatt_automation.live_ui.menu_helpers:_structured_popup_rows_from_snapshots:1890 - Popup row dedupe: rect={'left': 44, 'top': 229, 'right': 318, 'bottom': 257} text='Végrehajtás' control_type=MenuItem chosen preferred source=main_window
2026-08-26 14:57:34.740 | DEBUG    | winwatt_automation.live_ui.menu_helpers:_structured_popup_rows_from_snapshots:1905 - Popup row dedupe: rect={'left': 44, 'top': 229, 'right': 318, 'bottom': 257} text='Végrehajtás' control_type=MenuItem chosen preferred source=main_window dropped source=global_process_scan
2026-08-26 14:57:34.740 | DEBUG    | winwatt_automation.live_ui.menu_helpers:_structured_popup_rows_from_snapshots:1890 - Popup row dedupe: rect={'left': 44, 'top': 256, 'right': 318, 'bottom': 284} text='Végrehajtás' control_type=MenuItem chosen preferred source=main_window
2026-08-26 14:57:34.756 | DEBUG    | winwatt_automation.live_ui.menu_helpers:_structured_popup_rows_from_snapshots:1905 - Popup row dedupe: rect={'left': 44, 'top': 256, 'right': 318, 'bottom': 284} text='Végrehajtás' control_type=MenuItem chosen preferred source=main_window dropped source=global_process_scan
2026-08-26 14:57:34.756 | DEBUG    | winwatt_automation.live_ui.menu_helpers:_structured_popup_rows_from_snapshots:1890 - Popup row dedupe: rect={'left': 44, 'top': 284, 'right': 318, 'bottom': 312} text='Végrehajtás' control_type=MenuItem chosen preferred source=main_window
2026-08-26 14:57:34.756 | DEBUG    | winwatt_automation.live_ui.menu_helpers:_structured_popup_rows_from_snapshots:1905 - Popup row dedupe: rect={'left': 44, 'top': 284, 'right': 318, 'bottom': 312} text='Végrehajtás' control_type=MenuItem chosen preferred source=main_window dropped source=global_process_scan
2026-08-26 14:57:34.756 | DEBUG    | winwatt_automation.live_ui.menu_helpers:_structured_popup_rows_from_snapshots:1890 - Popup row dedupe: rect={'left': 44, 'top': 319, 'right': 318, 'bottom': 347} text='Végrehajtás' control_type=MenuItem chosen preferred source=main_window
2026-08-26 14:57:34.756 | DEBUG    | winwatt_automation.live_ui.menu_helpers:_structured_popup_rows_from_snapshots:1905 - Popup row dedupe: rect={'left': 44, 'top': 319, 'right': 318, 'bottom': 347} text='Végrehajtás' control_type=MenuItem chosen preferred source=main_window dropped source=global_process_scan
2026-08-26 14:57:34.756 | DEBUG    | winwatt_automation.live_ui.menu_helpers:_structured_popup_rows_from_snapshots:1890 - Popup row dedupe: rect={'left': 44, 'top': 346, 'right': 318, 'bottom': 374} text='Végrehajtás' control_type=MenuItem chosen preferred source=main_window
2026-08-26 14:57:34.756 | DEBUG    | winwatt_automation.live_ui.menu_helpers:_structured_popup_rows_from_snapshots:1905 - Popup row dedupe: rect={'left': 44, 'top': 346, 'right': 318, 'bottom': 374} text='Végrehajtás' control_type=MenuItem chosen preferred source=main_window dropped source=global_process_scan
2026-08-26 14:57:34.756 | DEBUG    | winwatt_automation.live_ui.menu_helpers:_structured_popup_rows_from_snapshots:1890 - Popup row dedupe: rect={'left': 44, 'top': 374, 'right': 318, 'bottom': 402} text='Végrehajtás' control_type=MenuItem chosen preferred source=main_window
2026-08-26 14:57:34.756 | DEBUG    | winwatt_automation.live_ui.menu_helpers:_structured_popup_rows_from_snapshots:1905 - Popup row dedupe: rect={'left': 44, 'top': 374, 'right': 318, 'bottom': 402} text='Végrehajtás' control_type=MenuItem chosen preferred source=main_window dropped source=global_process_scan
2026-08-26 14:57:34.756 | DEBUG    | winwatt_automation.live_ui.menu_helpers:_structured_popup_rows_from_snapshots:1890 - Popup row dedupe: rect={'left': 44, 'top': 401, 'right': 318, 'bottom': 429} text='Végrehajtás' control_type=MenuItem chosen preferred source=main_window
2026-08-26 14:57:34.756 | DEBUG    | winwatt_automation.live_ui.menu_helpers:_structured_popup_rows_from_snapshots:1905 - Popup row dedupe: rect={'left': 44, 'top': 401, 'right': 318, 'bottom': 429} text='Végrehajtás' control_type=MenuItem chosen preferred source=main_window dropped source=global_process_scan
2026-08-26 14:57:34.756 | DEBUG    | winwatt_automation.live_ui.menu_helpers:_structured_popup_rows_from_snapshots:1890 - Popup row dedupe: rect={'left': 44, 'top': 436, 'right': 318, 'bottom': 464} text='Végrehajtás' control_type=MenuItem chosen preferred source=main_window
2026-08-26 14:57:34.756 | DEBUG    | winwatt_automation.live_ui.menu_helpers:_structured_popup_rows_from_snapshots:1905 - Popup row dedupe: rect={'left': 44, 'top': 436, 'right': 318, 'bottom': 464} text='Végrehajtás' control_type=MenuItem chosen preferred source=main_window dropped source=global_process_scan
2026-08-26 14:57:34.756 | INFO     | winwatt_automation.live_ui.menu_helpers:_group_popup_fragments_into_logical_rows:2013 - POPUP_TEXT_RECOVERY_SOURCE_SELECTED row_index=0 source=legacy_text confidence=medium text='Végrehajtás'
2026-08-26 14:57:34.756 | INFO     | winwatt_automation.live_ui.menu_helpers:_group_popup_fragments_into_logical_rows:2013 - POPUP_TEXT_RECOVERY_SOURCE_SELECTED row_index=1 source=legacy_text confidence=medium text='Végrehajtás'
2026-08-26 14:57:34.756 | INFO     | winwatt_automation.live_ui.menu_helpers:_group_popup_fragments_into_logical_rows:2013 - POPUP_TEXT_RECOVERY_SOURCE_SELECTED row_index=2 source=legacy_text confidence=medium text='Végrehajtás'
2026-08-26 14:57:34.756 | INFO     | winwatt_automation.live_ui.menu_helpers:_group_popup_fragments_into_logical_rows:2013 - POPUP_TEXT_RECOVERY_SOURCE_SELECTED row_index=3 source=legacy_text confidence=medium text='Végrehajtás'
2026-08-26 14:57:34.756 | INFO     | winwatt_automation.live_ui.menu_helpers:_group_popup_fragments_into_logical_rows:2013 - POPUP_TEXT_RECOVERY_SOURCE_SELECTED row_index=4 source=legacy_text confidence=medium text='Végrehajtás'
2026-08-26 14:57:34.756 | INFO     | winwatt_automation.live_ui.menu_helpers:_group_popup_fragments_into_logical_rows:2013 - POPUP_TEXT_RECOVERY_SOURCE_SELECTED row_index=5 source=legacy_text confidence=medium text='Végrehajtás'
2026-08-26 14:57:34.756 | INFO     | winwatt_automation.live_ui.menu_helpers:_group_popup_fragments_into_logical_rows:2013 - POPUP_TEXT_RECOVERY_SOURCE_SELECTED row_index=6 source=legacy_text confidence=medium text='Végrehajtás'
2026-08-26 14:57:34.756 | INFO     | winwatt_automation.live_ui.menu_helpers:_group_popup_fragments_into_logical_rows:2013 - POPUP_TEXT_RECOVERY_SOURCE_SELECTED row_index=7 source=legacy_text confidence=medium text='Végrehajtás'
2026-08-26 14:57:34.756 | INFO     | winwatt_automation.live_ui.menu_helpers:_group_popup_fragments_into_logical_rows:2013 - POPUP_TEXT_RECOVERY_SOURCE_SELECTED row_index=8 source=legacy_text confidence=medium text='Végrehajtás'
2026-08-26 14:57:34.756 | INFO     | winwatt_automation.live_ui.menu_helpers:_group_popup_fragments_into_logical_rows:2013 - POPUP_TEXT_RECOVERY_SOURCE_SELECTED row_index=9 source=legacy_text confidence=medium text='Végrehajtás'
2026-08-26 14:57:34.756 | INFO     | winwatt_automation.live_ui.menu_helpers:_group_popup_fragments_into_logical_rows:2013 - POPUP_TEXT_RECOVERY_SOURCE_SELECTED row_index=10 source=legacy_text confidence=medium text='Végrehajtás'
2026-08-26 14:57:34.756 | INFO     | winwatt_automation.live_ui.menu_helpers:_group_popup_fragments_into_logical_rows:2013 - POPUP_TEXT_RECOVERY_SOURCE_SELECTED row_index=11 source=legacy_text confidence=medium text='Végrehajtás'
2026-08-26 14:57:34.756 | INFO     | winwatt_automation.live_ui.menu_helpers:_group_popup_fragments_into_logical_rows:2013 - POPUP_TEXT_RECOVERY_SOURCE_SELECTED row_index=12 source=legacy_text confidence=medium text='Végrehajtás'
2026-08-26 14:57:34.756 | INFO     | winwatt_automation.live_ui.menu_helpers:_group_popup_fragments_into_logical_rows:2013 - POPUP_TEXT_RECOVERY_SOURCE_SELECTED row_index=13 source=legacy_text confidence=medium text='Végrehajtás'
2026-08-26 14:57:34.756 | DEBUG    | winwatt_automation.live_ui.app_connector:get_cached_main_window:565 - DBG_WINWATT_CACHE_GET reason_code=cache_reused_without_validation payload={'wrapper_type': 'UIAWrapper', 'handle': 1900570, 'process_id': 21728, 'title': 'WinWatt gólya - C:\\Users\\Admin\\Documents\\GitHub\\autowinwatt\\winwatt_automation\\data\\runtime_maps\\full_authorized_sandbox\\20260826T123933Z\\testwwp.wwp', 'class_name': 'TMainForm', 'control_type': 'Window'} last_validation_age_s=3.0160000000032596 diagnostic_fast_mode=False
2026-08-26 14:57:34.770 | DEBUG    | winwatt_automation.live_ui.app_connector:get_cached_main_window:566 - DBG_PHASE_TIMING phase=get_cached_main_window elapsed_ms=15.000 reason_code=cache_reused_without_validation
2026-08-26 14:57:35.231 | INFO     | winwatt_automation.live_ui.menu_helpers:_adjust_popup_row_text_confidence:1359 - POPUP_ROW_TEXT_CONFIDENCE_ADJUSTED row_index=0 source=legacy_text old_confidence=medium new_confidence=low text='Végrehajtás'
2026-08-26 14:57:35.231 | INFO     | winwatt_automation.live_ui.menu_helpers:_group_popup_fragments_into_logical_rows:2081 - DBG_MENU_GROUP_ROW row_index=0 representative_text='Végrehajtás' fragment_count=1 fragment_texts=['Végrehajtás'] row_rectangle={'left': 44, 'top': 56, 'right': 318, 'bottom': 84} source_scope_summary=['main_window'] row_class_summary=[''] topbar_like=True popup_like=False popup_reason=None
2026-08-26 14:57:35.231 | INFO     | winwatt_automation.live_ui.menu_helpers:_adjust_popup_row_text_confidence:1359 - POPUP_ROW_TEXT_CONFIDENCE_ADJUSTED row_index=1 source=legacy_text old_confidence=medium new_confidence=low text='Végrehajtás'
2026-08-26 14:57:35.231 | INFO     | winwatt_automation.live_ui.menu_helpers:_group_popup_fragments_into_logical_rows:2081 - DBG_MENU_GROUP_ROW row_index=1 representative_text='Végrehajtás' fragment_count=1 fragment_texts=['Végrehajtás'] row_rectangle={'left': 44, 'top': 84, 'right': 318, 'bottom': 112} source_scope_summary=['main_window'] row_class_summary=[''] topbar_like=True popup_like=False popup_reason=None
2026-08-26 14:57:35.231 | INFO     | winwatt_automation.live_ui.menu_helpers:_adjust_popup_row_text_confidence:1359 - POPUP_ROW_TEXT_CONFIDENCE_ADJUSTED row_index=2 source=legacy_text old_confidence=medium new_confidence=low text='Végrehajtás'
2026-08-26 14:57:35.231 | INFO     | winwatt_automation.live_ui.menu_helpers:_group_popup_fragments_into_logical_rows:2081 - DBG_MENU_GROUP_ROW row_index=2 representative_text='Végrehajtás' fragment_count=1 fragment_texts=['Végrehajtás'] row_rectangle={'left': 44, 'top': 111, 'right': 318, 'bottom': 139} source_scope_summary=['main_window'] row_class_summary=[''] topbar_like=False popup_like=False popup_reason=None
2026-08-26 14:57:35.231 | INFO     | winwatt_automation.live_ui.menu_helpers:_adjust_popup_row_text_confidence:1359 - POPUP_ROW_TEXT_CONFIDENCE_ADJUSTED row_index=3 source=legacy_text old_confidence=medium new_confidence=low text='Végrehajtás'
2026-08-26 14:57:35.231 | INFO     | winwatt_automation.live_ui.menu_helpers:_group_popup_fragments_into_logical_rows:2081 - DBG_MENU_GROUP_ROW row_index=3 representative_text='Végrehajtás' fragment_count=1 fragment_texts=['Végrehajtás'] row_rectangle={'left': 44, 'top': 139, 'right': 318, 'bottom': 167} source_scope_summary=['main_window'] row_class_summary=[''] topbar_like=False popup_like=True popup_reason=below_topbar_band
2026-08-26 14:57:35.231 | INFO     | winwatt_automation.live_ui.menu_helpers:_adjust_popup_row_text_confidence:1359 - POPUP_ROW_TEXT_CONFIDENCE_ADJUSTED row_index=4 source=legacy_text old_confidence=medium new_confidence=low text='Végrehajtás'
2026-08-26 14:57:35.246 | INFO     | winwatt_automation.live_ui.menu_helpers:_group_popup_fragments_into_logical_rows:2081 - DBG_MENU_GROUP_ROW row_index=4 representative_text='Végrehajtás' fragment_count=1 fragment_texts=['Végrehajtás'] row_rectangle={'left': 44, 'top': 166, 'right': 318, 'bottom': 194} source_scope_summary=['main_window'] row_class_summary=[''] topbar_like=False popup_like=True popup_reason=below_topbar_band
2026-08-26 14:57:35.246 | INFO     | winwatt_automation.live_ui.menu_helpers:_adjust_popup_row_text_confidence:1359 - POPUP_ROW_TEXT_CONFIDENCE_ADJUSTED row_index=5 source=legacy_text old_confidence=medium new_confidence=low text='Végrehajtás'
2026-08-26 14:57:35.246 | INFO     | winwatt_automation.live_ui.menu_helpers:_group_popup_fragments_into_logical_rows:2081 - DBG_MENU_GROUP_ROW row_index=5 representative_text='Végrehajtás' fragment_count=1 fragment_texts=['Végrehajtás'] row_rectangle={'left': 44, 'top': 201, 'right': 318, 'bottom': 229} source_scope_summary=['main_window'] row_class_summary=[''] topbar_like=False popup_like=True popup_reason=below_topbar_band
2026-08-26 14:57:35.246 | INFO     | winwatt_automation.live_ui.menu_helpers:_adjust_popup_row_text_confidence:1359 - POPUP_ROW_TEXT_CONFIDENCE_ADJUSTED row_index=6 source=legacy_text old_confidence=medium new_confidence=low text='Végrehajtás'
2026-08-26 14:57:35.246 | INFO     | winwatt_automation.live_ui.menu_helpers:_group_popup_fragments_into_logical_rows:2081 - DBG_MENU_GROUP_ROW row_index=6 representative_text='Végrehajtás' fragment_count=1 fragment_texts=['Végrehajtás'] row_rectangle={'left': 44, 'top': 229, 'right': 318, 'bottom': 257} source_scope_summary=['main_window'] row_class_summary=[''] topbar_like=False popup_like=True popup_reason=below_topbar_band
2026-08-26 14:57:35.246 | INFO     | winwatt_automation.live_ui.menu_helpers:_adjust_popup_row_text_confidence:1359 - POPUP_ROW_TEXT_CONFIDENCE_ADJUSTED row_index=7 source=legacy_text old_confidence=medium new_confidence=low text='Végrehajtás'
2026-08-26 14:57:35.246 | INFO     | winwatt_automation.live_ui.menu_helpers:_group_popup_fragments_into_logical_rows:2081 - DBG_MENU_GROUP_ROW row_index=7 representative_text='Végrehajtás' fragment_count=1 fragment_texts=['Végrehajtás'] row_rectangle={'left': 44, 'top': 256, 'right': 318, 'bottom': 284} source_scope_summary=['main_window'] row_class_summary=[''] topbar_like=False popup_like=True popup_reason=below_topbar_band
2026-08-26 14:57:35.246 | INFO     | winwatt_automation.live_ui.menu_helpers:_adjust_popup_row_text_confidence:1359 - POPUP_ROW_TEXT_CONFIDENCE_ADJUSTED row_index=8 source=legacy_text old_confidence=medium new_confidence=low text='Végrehajtás'
2026-08-26 14:57:35.246 | INFO     | winwatt_automation.live_ui.menu_helpers:_group_popup_fragments_into_logical_rows:2081 - DBG_MENU_GROUP_ROW row_index=8 representative_text='Végrehajtás' fragment_count=1 fragment_texts=['Végrehajtás'] row_rectangle={'left': 44, 'top': 284, 'right': 318, 'bottom': 312} source_scope_summary=['main_window'] row_class_summary=[''] topbar_like=False popup_like=True popup_reason=below_topbar_band
2026-08-26 14:57:35.246 | INFO     | winwatt_automation.live_ui.menu_helpers:_adjust_popup_row_text_confidence:1359 - POPUP_ROW_TEXT_CONFIDENCE_ADJUSTED row_index=9 source=legacy_text old_confidence=medium new_confidence=low text='Végrehajtás'
2026-08-26 14:57:35.246 | INFO     | winwatt_automation.live_ui.menu_helpers:_group_popup_fragments_into_logical_rows:2081 - DBG_MENU_GROUP_ROW row_index=9 representative_text='Végrehajtás' fragment_count=1 fragment_texts=['Végrehajtás'] row_rectangle={'left': 44, 'top': 319, 'right': 318, 'bottom': 347} source_scope_summary=['main_window'] row_class_summary=[''] topbar_like=False popup_like=True popup_reason=below_topbar_band
2026-08-26 14:57:35.246 | INFO     | winwatt_automation.live_ui.menu_helpers:_adjust_popup_row_text_confidence:1359 - POPUP_ROW_TEXT_CONFIDENCE_ADJUSTED row_index=10 source=legacy_text old_confidence=medium new_confidence=low text='Végrehajtás'
2026-08-26 14:57:35.246 | INFO     | winwatt_automation.live_ui.menu_helpers:_group_popup_fragments_into_logical_rows:2081 - DBG_MENU_GROUP_ROW row_index=10 representative_text='Végrehajtás' fragment_count=1 fragment_texts=['Végrehajtás'] row_rectangle={'left': 44, 'top': 346, 'right': 318, 'bottom': 374} source_scope_summary=['main_window'] row_class_summary=[''] topbar_like=False popup_like=True popup_reason=below_topbar_band
2026-08-26 14:57:35.246 | INFO     | winwatt_automation.live_ui.menu_helpers:_adjust_popup_row_text_confidence:1359 - POPUP_ROW_TEXT_CONFIDENCE_ADJUSTED row_index=11 source=legacy_text old_confidence=medium new_confidence=low text='Végrehajtás'
2026-08-26 14:57:35.246 | INFO     | winwatt_automation.live_ui.menu_helpers:_group_popup_fragments_into_logical_rows:2081 - DBG_MENU_GROUP_ROW row_index=11 representative_text='Végrehajtás' fragment_count=1 fragment_texts=['Végrehajtás'] row_rectangle={'left': 44, 'top': 374, 'right': 318, 'bottom': 402} source_scope_summary=['main_window'] row_class_summary=[''] topbar_like=False popup_like=True popup_reason=below_topbar_band
2026-08-26 14:57:35.246 | INFO     | winwatt_automation.live_ui.menu_helpers:_adjust_popup_row_text_confidence:1359 - POPUP_ROW_TEXT_CONFIDENCE_ADJUSTED row_index=12 source=legacy_text old_confidence=medium new_confidence=low text='Végrehajtás'
2026-08-26 14:57:35.246 | INFO     | winwatt_automation.live_ui.menu_helpers:_group_popup_fragments_into_logical_rows:2081 - DBG_MENU_GROUP_ROW row_index=12 representative_text='Végrehajtás' fragment_count=1 fragment_texts=['Végrehajtás'] row_rectangle={'left': 44, 'top': 401, 'right': 318, 'bottom': 429} source_scope_summary=['main_window'] row_class_summary=[''] topbar_like=False popup_like=True popup_reason=below_topbar_band
2026-08-26 14:57:35.246 | INFO     | winwatt_automation.live_ui.menu_helpers:_adjust_popup_row_text_confidence:1359 - POPUP_ROW_TEXT_CONFIDENCE_ADJUSTED row_index=13 source=legacy_text old_confidence=medium new_confidence=low text='Végrehajtás'
2026-08-26 14:57:35.246 | INFO     | winwatt_automation.live_ui.menu_helpers:_group_popup_fragments_into_logical_rows:2081 - DBG_MENU_GROUP_ROW row_index=13 representative_text='Végrehajtás' fragment_count=1 fragment_texts=['Végrehajtás'] row_rectangle={'left': 44, 'top': 436, 'right': 318, 'bottom': 464} source_scope_summary=['main_window'] row_class_summary=[''] topbar_like=False popup_like=True popup_reason=below_topbar_band
2026-08-26 14:57:35.246 | WARNING  | winwatt_automation.live_ui.menu_helpers:_reject_repeated_popup_legacy_texts:1393 - TEXT_EXTRACTION_REJECTED_REPEATED_LEGACY_TEXT row_index=0 repeated_text='Végrehajtás' occurrence_count=14 popup_row_count=14 raw_sources=['legacy_text'] rectangle={'left': 44, 'top': 56, 'right': 318, 'bottom': 84}
2026-08-26 14:57:35.246 | INFO     | winwatt_automation.live_ui.menu_helpers:_reject_repeated_popup_legacy_texts:1402 - POPUP_TEXT_RECOVERY_SOURCE_REJECTED row_index=0 source=legacy_text reason=repeated_fallback_text repeated_text='Végrehajtás'
2026-08-26 14:57:35.246 | WARNING  | winwatt_automation.live_ui.menu_helpers:_reject_repeated_popup_legacy_texts:1393 - TEXT_EXTRACTION_REJECTED_REPEATED_LEGACY_TEXT row_index=1 repeated_text='Végrehajtás' occurrence_count=14 popup_row_count=14 raw_sources=['legacy_text'] rectangle={'left': 44, 'top': 84, 'right': 318, 'bottom': 112}
2026-08-26 14:57:35.246 | INFO     | winwatt_automation.live_ui.menu_helpers:_reject_repeated_popup_legacy_texts:1402 - POPUP_TEXT_RECOVERY_SOURCE_REJECTED row_index=1 source=legacy_text reason=repeated_fallback_text repeated_text='Végrehajtás'
2026-08-26 14:57:35.246 | WARNING  | winwatt_automation.live_ui.menu_helpers:_reject_repeated_popup_legacy_texts:1393 - TEXT_EXTRACTION_REJECTED_REPEATED_LEGACY_TEXT row_index=2 repeated_text='Végrehajtás' occurrence_count=14 popup_row_count=14 raw_sources=['legacy_text'] rectangle={'left': 44, 'top': 111, 'right': 318, 'bottom': 139}
2026-08-26 14:57:35.246 | INFO     | winwatt_automation.live_ui.menu_helpers:_reject_repeated_popup_legacy_texts:1402 - POPUP_TEXT_RECOVERY_SOURCE_REJECTED row_index=2 source=legacy_text reason=repeated_fallback_text repeated_text='Végrehajtás'
2026-08-26 14:57:35.246 | WARNING  | winwatt_automation.live_ui.menu_helpers:_reject_repeated_popup_legacy_texts:1393 - TEXT_EXTRACTION_REJECTED_REPEATED_LEGACY_TEXT row_index=3 repeated_text='Végrehajtás' occurrence_count=14 popup_row_count=14 raw_sources=['legacy_text'] rectangle={'left': 44, 'top': 139, 'right': 318, 'bottom': 167}
2026-08-26 14:57:35.246 | INFO     | winwatt_automation.live_ui.menu_helpers:_reject_repeated_popup_legacy_texts:1402 - POPUP_TEXT_RECOVERY_SOURCE_REJECTED row_index=3 source=legacy_text reason=repeated_fallback_text repeated_text='Végrehajtás'
2026-08-26 14:57:35.246 | WARNING  | winwatt_automation.live_ui.menu_helpers:_reject_repeated_popup_legacy_texts:1393 - TEXT_EXTRACTION_REJECTED_REPEATED_LEGACY_TEXT row_index=4 repeated_text='Végrehajtás' occurrence_count=14 popup_row_count=14 raw_sources=['legacy_text'] rectangle={'left': 44, 'top': 166, 'right': 318, 'bottom': 194}
2026-08-26 14:57:35.246 | INFO     | winwatt_automation.live_ui.menu_helpers:_reject_repeated_popup_legacy_texts:1402 - POPUP_TEXT_RECOVERY_SOURCE_REJECTED row_index=4 source=legacy_text reason=repeated_fallback_text repeated_text='Végrehajtás'
2026-08-26 14:57:35.246 | WARNING  | winwatt_automation.live_ui.menu_helpers:_reject_repeated_popup_legacy_texts:1393 - TEXT_EXTRACTION_REJECTED_REPEATED_LEGACY_TEXT row_index=5 repeated_text='Végrehajtás' occurrence_count=14 popup_row_count=14 raw_sources=['legacy_text'] rectangle={'left': 44, 'top': 201, 'right': 318, 'bottom': 229}
2026-08-26 14:57:35.246 | INFO     | winwatt_automation.live_ui.menu_helpers:_reject_repeated_popup_legacy_texts:1402 - POPUP_TEXT_RECOVERY_SOURCE_REJECTED row_index=5 source=legacy_text reason=repeated_fallback_text repeated_text='Végrehajtás'
2026-08-26 14:57:35.246 | WARNING  | winwatt_automation.live_ui.menu_helpers:_reject_repeated_popup_legacy_texts:1393 - TEXT_EXTRACTION_REJECTED_REPEATED_LEGACY_TEXT row_index=6 repeated_text='Végrehajtás' occurrence_count=14 popup_row_count=14 raw_sources=['legacy_text'] rectangle={'left': 44, 'top': 229, 'right': 318, 'bottom': 257}
2026-08-26 14:57:35.246 | INFO     | winwatt_automation.live_ui.menu_helpers:_reject_repeated_popup_legacy_texts:1402 - POPUP_TEXT_RECOVERY_SOURCE_REJECTED row_index=6 source=legacy_text reason=repeated_fallback_text repeated_text='Végrehajtás'
2026-08-26 14:57:35.246 | WARNING  | winwatt_automation.live_ui.menu_helpers:_reject_repeated_popup_legacy_texts:1393 - TEXT_EXTRACTION_REJECTED_REPEATED_LEGACY_TEXT row_index=7 repeated_text='Végrehajtás' occurrence_count=14 popup_row_count=14 raw_sources=['legacy_text'] rectangle={'left': 44, 'top': 256, 'right': 318, 'bottom': 284}
2026-08-26 14:57:35.246 | INFO     | winwatt_automation.live_ui.menu_helpers:_reject_repeated_popup_legacy_texts:1402 - POPUP_TEXT_RECOVERY_SOURCE_REJECTED row_index=7 source=legacy_text reason=repeated_fallback_text repeated_text='Végrehajtás'
2026-08-26 14:57:35.246 | WARNING  | winwatt_automation.live_ui.menu_helpers:_reject_repeated_popup_legacy_texts:1393 - TEXT_EXTRACTION_REJECTED_REPEATED_LEGACY_TEXT row_index=8 repeated_text='Végrehajtás' occurrence_count=14 popup_row_count=14 raw_sources=['legacy_text'] rectangle={'left': 44, 'top': 284, 'right': 318, 'bottom': 312}
2026-08-26 14:57:35.246 | INFO     | winwatt_automation.live_ui.menu_helpers:_reject_repeated_popup_legacy_texts:1402 - POPUP_TEXT_RECOVERY_SOURCE_REJECTED row_index=8 source=legacy_text reason=repeated_fallback_text repeated_text='Végrehajtás'
2026-08-26 14:57:35.246 | WARNING  | winwatt_automation.live_ui.menu_helpers:_reject_repeated_popup_legacy_texts:1393 - TEXT_EXTRACTION_REJECTED_REPEATED_LEGACY_TEXT row_index=9 repeated_text='Végrehajtás' occurrence_count=14 popup_row_count=14 raw_sources=['legacy_text'] rectangle={'left': 44, 'top': 319, 'right': 318, 'bottom': 347}
2026-08-26 14:57:35.246 | INFO     | winwatt_automation.live_ui.menu_helpers:_reject_repeated_popup_legacy_texts:1402 - POPUP_TEXT_RECOVERY_SOURCE_REJECTED row_index=9 source=legacy_text reason=repeated_fallback_text repeated_text='Végrehajtás'
2026-08-26 14:57:35.246 | WARNING  | winwatt_automation.live_ui.menu_helpers:_reject_repeated_popup_legacy_texts:1393 - TEXT_EXTRACTION_REJECTED_REPEATED_LEGACY_TEXT row_index=10 repeated_text='Végrehajtás' occurrence_count=14 popup_row_count=14 raw_sources=['legacy_text'] rectangle={'left': 44, 'top': 346, 'right': 318, 'bottom': 374}
2026-08-26 14:57:35.246 | INFO     | winwatt_automation.live_ui.menu_helpers:_reject_repeated_popup_legacy_texts:1402 - POPUP_TEXT_RECOVERY_SOURCE_REJECTED row_index=10 source=legacy_text reason=repeated_fallback_text repeated_text='Végrehajtás'
2026-08-26 14:57:35.246 | WARNING  | winwatt_automation.live_ui.menu_helpers:_reject_repeated_popup_legacy_texts:1393 - TEXT_EXTRACTION_REJECTED_REPEATED_LEGACY_TEXT row_index=11 repeated_text='Végrehajtás' occurrence_count=14 popup_row_count=14 raw_sources=['legacy_text'] rectangle={'left': 44, 'top': 374, 'right': 318, 'bottom': 402}
2026-08-26 14:57:35.246 | INFO     | winwatt_automation.live_ui.menu_helpers:_reject_repeated_popup_legacy_texts:1402 - POPUP_TEXT_RECOVERY_SOURCE_REJECTED row_index=11 source=legacy_text reason=repeated_fallback_text repeated_text='Végrehajtás'
2026-08-26 14:57:35.246 | WARNING  | winwatt_automation.live_ui.menu_helpers:_reject_repeated_popup_legacy_texts:1393 - TEXT_EXTRACTION_REJECTED_REPEATED_LEGACY_TEXT row_index=12 repeated_text='Végrehajtás' occurrence_count=14 popup_row_count=14 raw_sources=['legacy_text'] rectangle={'left': 44, 'top': 401, 'right': 318, 'bottom': 429}
2026-08-26 14:57:35.246 | INFO     | winwatt_automation.live_ui.menu_helpers:_reject_repeated_popup_legacy_texts:1402 - POPUP_TEXT_RECOVERY_SOURCE_REJECTED row_index=12 source=legacy_text reason=repeated_fallback_text repeated_text='Végrehajtás'
2026-08-26 14:57:35.246 | WARNING  | winwatt_automation.live_ui.menu_helpers:_reject_repeated_popup_legacy_texts:1393 - TEXT_EXTRACTION_REJECTED_REPEATED_LEGACY_TEXT row_index=13 repeated_text='Végrehajtás' occurrence_count=14 popup_row_count=14 raw_sources=['legacy_text'] rectangle={'left': 44, 'top': 436, 'right': 318, 'bottom': 464}
2026-08-26 14:57:35.246 | INFO     | winwatt_automation.live_ui.menu_helpers:_reject_repeated_popup_legacy_texts:1402 - POPUP_TEXT_RECOVERY_SOURCE_REJECTED row_index=13 source=legacy_text reason=repeated_fallback_text repeated_text='Végrehajtás'
2026-08-26 14:57:35.262 | DEBUG    | winwatt_automation.live_ui.menu_helpers:_structured_popup_rows_from_snapshots:1923 - Structured popup rows: before snapshot row count=14 after snapshot row count=42 structured row count=28 deduped fragment count=14 logical row count=14
2026-08-26 14:57:35.262 | INFO     | winwatt_automation.live_ui.menu_helpers:open_top_menu_and_capture_popup_state:2184 - Menu open transitions: before snapshot row count=14 after snapshot row count=42 structured row count=14 top menu clicked more than once=False
2026-08-26 14:57:35.262 | DEBUG    | winwatt_automation.live_ui.app_connector:get_cached_main_window:565 - DBG_WINWATT_CACHE_GET reason_code=cache_reused_without_validation payload={'wrapper_type': 'UIAWrapper', 'handle': 1900570, 'process_id': 21728, 'title': 'WinWatt gólya - C:\\Users\\Admin\\Documents\\GitHub\\autowinwatt\\winwatt_automation\\data\\runtime_maps\\full_authorized_sandbox\\20260826T123933Z\\testwwp.wwp', 'class_name': 'TMainForm', 'control_type': 'Window'} last_validation_age_s=3.5160000000032596 diagnostic_fast_mode=False
2026-08-26 14:57:35.262 | DEBUG    | winwatt_automation.live_ui.app_connector:get_cached_main_window:566 - DBG_PHASE_TIMING phase=get_cached_main_window elapsed_ms=0.000 reason_code=cache_reused_without_validation
2026-08-26 14:57:35.262 | INFO     | winwatt_automation.live_ui.app_connector:ensure_main_window_foreground_before_click:1217 - DBG_WINWATT_FOCUS_GUARD_PRECHECK action_label=click_structured_popup_row[3] wrapper_type=UIAWrapper cached_handle=1900570 cached_pid=21728 cached_title=WinWatt gólya - C:\Users\Admin\Documents\GitHub\autowinwatt\winwatt_automation\data\runtime_maps\full_authorized_sandbox\20260826T123933Z\testwwp.wwp cached_class=TMainForm precheck_exists=False precheck_visible=True precheck_enabled=True rect={'left': -10, 'top': -10, 'right': 1930, 'bottom': 1030, 'width': 1940, 'height': 1040}
2026-08-26 14:57:35.326 | DEBUG    | winwatt_automation.live_ui.app_connector:list_candidate_windows:180 - Discovered 1 WinWatt-like windows on backend=win32
2026-08-26 14:57:35.326 | DEBUG    | winwatt_automation.live_ui.app_connector:list_candidate_windows:182 - Candidate[win32]: {'title': 'WinWatt gólya - C:\\Users\\Admin\\Documents\\GitHub\\autowinwatt\\winwatt_automation\\data\\runtime_maps\\full_authorized_sandbox\\20260826T123933Z\\testwwp.wwp', 'window_text': 'WinWatt gólya - C:\\Users\\Admin\\Documents\\GitHub\\autowinwatt\\winwatt_automation\\data\\runtime_maps\\full_authorized_sandbox\\20260826T123933Z\\testwwp.wwp', 'class_name': 'TMainForm', 'control_type': None, 'process_id': 21728, 'handle': None, 'is_visible': True, 'is_enabled': True, 'rectangle': {'left': -10, 'top': -10, 'right': 1930, 'bottom': 1030, 'width': 1940, 'height': 1040}, 'size': {'width': 1940, 'height': 1040}}
2026-08-26 14:57:35.326 | INFO     | winwatt_automation.live_ui.app_connector:_connect_with_win32_handle:276 - DBG_WINWATT_CONNECT_WIN32_CANDIDATES locator=backend=win32 ranked_candidates=[{'rank': 1, 'score': (1, 1, 1, 1, 2017600), 'process_id': 21728, 'handle': None, 'class_name': 'TMainForm', 'title': 'WinWatt gólya - C:\\Users\\Admin\\Documents\\GitHub\\autowinwatt\\winwatt_automation\\data\\runtime_maps\\full_authorized_sandbox\\20260826T123933Z\\testwwp.wwp', 'visible': True, 'enabled': True}] 
2026-08-26 14:57:35.326 | INFO     | winwatt_automation.live_ui.app_connector:select_main_window:224 - Candidate ranking score=(1, 1, 1, 1, 2017600) data={'title': 'WinWatt gólya - C:\\Users\\Admin\\Documents\\GitHub\\autowinwatt\\winwatt_automation\\data\\runtime_maps\\full_authorized_sandbox\\20260826T123933Z\\testwwp.wwp', 'window_text': 'WinWatt gólya - C:\\Users\\Admin\\Documents\\GitHub\\autowinwatt\\winwatt_automation\\data\\runtime_maps\\full_authorized_sandbox\\20260826T123933Z\\testwwp.wwp', 'class_name': 'TMainForm', 'control_type': None, 'process_id': 21728, 'handle': None, 'is_visible': True, 'is_enabled': True, 'rectangle': {'left': -10, 'top': -10, 'right': 1930, 'bottom': 1030, 'width': 1940, 'height': 1040}, 'size': {'width': 1940, 'height': 1040}}
2026-08-26 14:57:35.326 | INFO     | winwatt_automation.live_ui.app_connector:select_main_window:234 - Selected main window process_id=21728 handle=None score=(1, 1, 1, 1, 2017600) reasons=['has_process_id=True', 'has_handle=False', 'visible=True', 'enabled=True', 'title_has_winwatt=True', 'area=2017600']
2026-08-26 14:57:35.326 | INFO     | winwatt_automation.live_ui.app_connector:_connect_with_win32_handle:293 - DBG_WINWATT_CONNECT_WIN32_SELECTED selected_payload={'title': 'WinWatt gólya - C:\\Users\\Admin\\Documents\\GitHub\\autowinwatt\\winwatt_automation\\data\\runtime_maps\\full_authorized_sandbox\\20260826T123933Z\\testwwp.wwp', 'window_text': 'WinWatt gólya - C:\\Users\\Admin\\Documents\\GitHub\\autowinwatt\\winwatt_automation\\data\\runtime_maps\\full_authorized_sandbox\\20260826T123933Z\\testwwp.wwp', 'class_name': 'TMainForm', 'control_type': None, 'process_id': 21728, 'handle': None, 'is_visible': True, 'is_enabled': True, 'rectangle': {'left': -10, 'top': -10, 'right': 1930, 'bottom': 1030, 'width': 1940, 'height': 1040}, 'size': {'width': 1940, 'height': 1040}} selected_handle_is_none=True
2026-08-26 14:57:35.326 | INFO     | winwatt_automation.live_ui.app_connector:_connect_with_win32_handle:336 - Connected to WinWatt backend=win32 attach_mode=process candidate={'process_id': 21728, 'handle': None, 'class_name': 'TMainForm', 'title': 'WinWatt gólya - C:\\Users\\Admin\\Documents\\GitHub\\autowinwatt\\winwatt_automation\\data\\runtime_maps\\full_authorized_sandbox\\20260826T123933Z\\testwwp.wwp'}
2026-08-26 14:57:35.341 | INFO     | winwatt_automation.live_ui.app_connector:_connect_with_win32_handle:350 - DBG_WINWATT_CONNECT_WIN32_RESOLVED process_id=21728 resolved_handle=None selected_payload={'title': 'WinWatt gólya - C:\\Users\\Admin\\Documents\\GitHub\\autowinwatt\\winwatt_automation\\data\\runtime_maps\\full_authorized_sandbox\\20260826T123933Z\\testwwp.wwp', 'window_text': 'WinWatt gólya - C:\\Users\\Admin\\Documents\\GitHub\\autowinwatt\\winwatt_automation\\data\\runtime_maps\\full_authorized_sandbox\\20260826T123933Z\\testwwp.wwp', 'class_name': 'TMainForm', 'control_type': None, 'process_id': 21728, 'handle': None, 'is_visible': True, 'is_enabled': True, 'rectangle': {'left': -10, 'top': -10, 'right': 1930, 'bottom': 1030, 'width': 1940, 'height': 1040}, 'size': {'width': 1940, 'height': 1040}}
2026-08-26 14:57:35.341 | INFO     | winwatt_automation.live_ui.app_connector:_resolve_uia_main_window:382 - DBG_WINWATT_RESOLVE_UIA_WIN32_SELECTED selected_payload={'title': 'WinWatt gólya - C:\\Users\\Admin\\Documents\\GitHub\\autowinwatt\\winwatt_automation\\data\\runtime_maps\\full_authorized_sandbox\\20260826T123933Z\\testwwp.wwp', 'window_text': 'WinWatt gólya - C:\\Users\\Admin\\Documents\\GitHub\\autowinwatt\\winwatt_automation\\data\\runtime_maps\\full_authorized_sandbox\\20260826T123933Z\\testwwp.wwp', 'class_name': 'TMainForm', 'control_type': None, 'process_id': 21728, 'handle': None, 'is_visible': True, 'is_enabled': True, 'rectangle': {'left': -10, 'top': -10, 'right': 1930, 'bottom': 1030, 'width': 1940, 'height': 1040}, 'size': {'width': 1940, 'height': 1040}}
2026-08-26 14:57:35.341 | INFO     | winwatt_automation.live_ui.app_connector:_resolve_uia_main_window:388 - Connected to WinWatt backend=uia process_id=21728
2026-08-26 14:57:35.341 | INFO     | winwatt_automation.live_ui.app_connector:_resolve_uia_main_window:390 - Resolving main WinWatt window backend=uia class_name=TMainForm title_re=.*WinWatt.*
2026-08-26 14:57:35.571 | INFO     | winwatt_automation.live_ui.app_connector:_resolve_uia_main_window:400 - DBG_WINWATT_RESOLVE_UIA_PRIMARY selected_payload={'title': 'WinWatt gólya - C:\\Users\\Admin\\Documents\\GitHub\\autowinwatt\\winwatt_automation\\data\\runtime_maps\\full_authorized_sandbox\\20260826T123933Z\\testwwp.wwp', 'window_text': 'WinWatt gólya - C:\\Users\\Admin\\Documents\\GitHub\\autowinwatt\\winwatt_automation\\data\\runtime_maps\\full_authorized_sandbox\\20260826T123933Z\\testwwp.wwp', 'class_name': 'TMainForm', 'control_type': None, 'process_id': 21728, 'handle': None, 'is_visible': True, 'is_enabled': True, 'rectangle': {'left': -10, 'top': -10, 'right': 1930, 'bottom': 1030, 'width': 1940, 'height': 1040}, 'size': {'width': 1940, 'height': 1040}} primary_result={'wrapper_type': 'UIAWrapper', 'handle': 1900570, 'process_id': 21728, 'title': 'WinWatt gólya - C:\\Users\\Admin\\Documents\\GitHub\\autowinwatt\\winwatt_automation\\data\\runtime_maps\\full_authorized_sandbox\\20260826T123933Z\\testwwp.wwp', 'class_name': 'TMainForm', 'control_type': 'Window'} identity_match_with_win32=None
2026-08-26 14:57:35.586 | WARNING  | winwatt_automation.live_ui.app_connector:ensure_main_window_foreground_before_click:1254 - DBG_WINWATT_FOCUS_GUARD_STALE_REFRESH_CONTINUE action_label=click_structured_popup_row[3] reason=stale_wrapper_relaxed_foreground_identity_pass relaxed_pass=True relaxed_pass_reason=identity_foreground_visible_enabled_match cached_identity={'wrapper_type': 'UIAWrapper', 'handle': 1900570, 'process_id': 21728, 'title': 'WinWatt gólya - C:\\Users\\Admin\\Documents\\GitHub\\autowinwatt\\winwatt_automation\\data\\runtime_maps\\full_authorized_sandbox\\20260826T123933Z\\testwwp.wwp', 'class_name': 'TMainForm', 'control_type': 'Window'} refreshed_identity={'wrapper_type': 'UIAWrapper', 'handle': 1900570, 'process_id': 21728, 'title': 'WinWatt gólya - C:\\Users\\Admin\\Documents\\GitHub\\autowinwatt\\winwatt_automation\\data\\runtime_maps\\full_authorized_sandbox\\20260826T123933Z\\testwwp.wwp', 'class_name': 'TMainForm', 'control_type': 'Window'} cached_rect={'left': -10, 'top': -10, 'right': 1930, 'bottom': 1030, 'width': 1940, 'height': 1040} refreshed_rect={'left': -10, 'top': -10, 'right': 1930, 'bottom': 1030, 'width': 1940, 'height': 1040} foreground={'handle': 1900570, 'title': 'WinWatt gólya - C:\\Users\\Admin\\Documents\\GitHub\\autowinwatt\\winwatt_automation\\data\\runtime_maps\\full_authorized_sandbox\\20260826T123933Z\\testwwp.wwp', 'class_name': 'TMainForm', 'process_id': 21728}
2026-08-26 14:57:35.586 | INFO     | winwatt_automation.live_ui.app_connector:is_winwatt_foreground_context:1161 - DBG_WINWATT_FOREGROUND_CONTEXT expected_handle=1900570 expected_process_id=21728 expected_title=WinWatt gólya - C:\Users\Admin\Documents\GitHub\autowinwatt\winwatt_automation\data\runtime_maps\full_authorized_sandbox\20260826T123933Z\testwwp.wwp expected_class_name=TMainForm actual_foreground_handle=1900570 actual_foreground_process_id=21728 actual_foreground_title=WinWatt gólya - C:\Users\Admin\Documents\GitHub\autowinwatt\winwatt_automation\data\runtime_maps\full_authorized_sandbox\20260826T123933Z\testwwp.wwp actual_foreground_class_name=TMainForm allow_dialog=True result_reason=handle_match
2026-08-26 14:57:35.586 | INFO     | winwatt_automation.live_ui.app_connector:ensure_main_window_foreground_before_click:1378 - DBG_WINWATT_FOCUS_GUARD_RESULT action_label=click_structured_popup_row[3] status=focus_ok reason=handle_match foreground={'handle': 1900570, 'title': 'WinWatt gólya - C:\\Users\\Admin\\Documents\\GitHub\\autowinwatt\\winwatt_automation\\data\\runtime_maps\\full_authorized_sandbox\\20260826T123933Z\\testwwp.wwp', 'class_name': 'TMainForm', 'process_id': 21728} same_context_as_cached_main=True win32_uia_identity_match=True
2026-08-26 14:57:35.720 | INFO     | winwatt_automation.live_ui.menu_helpers:click_structured_popup_row:2238 - Popup row click: selected row index=3 selected row rectangle={'left': 44, 'top': 139, 'right': 318, 'bottom': 167} top menu clicked more than once=False
2026-08-26 14:57:37.239 | INFO     | winwatt_automation.live_ui.app_connector:is_winwatt_foreground_context:1161 - DBG_WINWATT_FOREGROUND_CONTEXT expected_handle=1900570 expected_process_id=21728 expected_title=WinWatt gólya - C:\Users\Admin\Documents\GitHub\autowinwatt\winwatt_automation\data\runtime_maps\full_authorized_sandbox\20260826T123933Z\testwwp.wwp expected_class_name=TMainForm actual_foreground_handle=1900570 actual_foreground_process_id=21728 actual_foreground_title=WinWatt gólya - C:\Users\Admin\Documents\GitHub\autowinwatt\winwatt_automation\data\runtime_maps\full_authorized_sandbox\20260826T123933Z\testwwp.wwp actual_foreground_class_name=TMainForm allow_dialog=True result_reason=handle_match
2026-08-26 14:57:37.243 | INFO     | winwatt_automation.live_ui.app_connector:_cached_window_health_status:489 - DBG_WINWATT_CACHE_HEALTH reason_code=healthy payload={'wrapper_type': 'UIAWrapper', 'handle': 1900570, 'process_id': 21728, 'title': 'WinWatt gólya - C:\\Users\\Admin\\Documents\\GitHub\\autowinwatt\\winwatt_automation\\data\\runtime_maps\\full_authorized_sandbox\\20260826T123933Z\\testwwp.wwp', 'class_name': 'TMainForm', 'control_type': 'Window'}
2026-08-26 14:57:37.252 | DEBUG    | winwatt_automation.live_ui.app_connector:get_cached_main_window:574 - DBG_WINWATT_CACHE_GET reason_code=cache_validated_ok payload={'wrapper_type': 'UIAWrapper', 'handle': 1900570, 'process_id': 21728, 'title': 'WinWatt gólya - C:\\Users\\Admin\\Documents\\GitHub\\autowinwatt\\winwatt_automation\\data\\runtime_maps\\full_authorized_sandbox\\20260826T123933Z\\testwwp.wwp', 'class_name': 'TMainForm', 'control_type': 'Window'} last_validation_age_s=4.48399999999674 diagnostic_fast_mode=False
2026-08-26 14:57:37.252 | DEBUG    | winwatt_automation.live_ui.app_connector:get_cached_main_window:575 - DBG_PHASE_TIMING phase=get_cached_main_window elapsed_ms=1032.000 reason_code=cache_validated_ok
2026-08-26 14:57:37.252 | DEBUG    | winwatt_automation.live_ui.app_connector:get_cached_main_window:565 - DBG_WINWATT_CACHE_GET reason_code=cache_reused_without_validation payload={'wrapper_type': 'UIAWrapper', 'handle': 1900570, 'process_id': 21728, 'title': 'WinWatt gólya - C:\\Users\\Admin\\Documents\\GitHub\\autowinwatt\\winwatt_automation\\data\\runtime_maps\\full_authorized_sandbox\\20260826T123933Z\\testwwp.wwp', 'class_name': 'TMainForm', 'control_type': 'Window'} last_validation_age_s=1.0320000000065193 diagnostic_fast_mode=False
2026-08-26 14:57:37.252 | DEBUG    | winwatt_automation.live_ui.app_connector:get_cached_main_window:566 - DBG_PHASE_TIMING phase=get_cached_main_window elapsed_ms=0.000 reason_code=cache_reused_without_validation
2026-08-26 14:57:49.224 | INFO     | winwatt_automation.live_ui.app_connector:is_winwatt_foreground_context:1161 - DBG_WINWATT_FOREGROUND_CONTEXT expected_handle=1900570 expected_process_id=21728 expected_title=WinWatt gólya - C:\Users\Admin\Documents\GitHub\autowinwatt\winwatt_automation\data\runtime_maps\full_authorized_sandbox\20260826T123933Z\testwwp.wwp expected_class_name=TMainForm actual_foreground_handle=1900570 actual_foreground_process_id=21728 actual_foreground_title=WinWatt gólya - C:\Users\Admin\Documents\GitHub\autowinwatt\winwatt_automation\data\runtime_maps\full_authorized_sandbox\20260826T123933Z\testwwp.wwp actual_foreground_class_name=TMainForm allow_dialog=True result_reason=handle_match
2026-08-26 14:57:49.227 | INFO     | winwatt_automation.live_ui.app_connector:_cached_window_health_status:489 - DBG_WINWATT_CACHE_HEALTH reason_code=healthy payload={'wrapper_type': 'UIAWrapper', 'handle': 1900570, 'process_id': 21728, 'title': 'WinWatt gólya - C:\\Users\\Admin\\Documents\\GitHub\\autowinwatt\\winwatt_automation\\data\\runtime_maps\\full_authorized_sandbox\\20260826T123933Z\\testwwp.wwp', 'class_name': 'TMainForm', 'control_type': 'Window'}
2026-08-26 14:57:49.227 | DEBUG    | winwatt_automation.live_ui.app_connector:get_cached_main_window:574 - DBG_WINWATT_CACHE_GET reason_code=cache_validated_ok payload={'wrapper_type': 'UIAWrapper', 'handle': 1900570, 'process_id': 21728, 'title': 'WinWatt gólya - C:\\Users\\Admin\\Documents\\GitHub\\autowinwatt\\winwatt_automation\\data\\runtime_maps\\full_authorized_sandbox\\20260826T123933Z\\testwwp.wwp', 'class_name': 'TMainForm', 'control_type': 'Window'} last_validation_age_s=12.98499999998603 diagnostic_fast_mode=False
2026-08-26 14:57:49.227 | DEBUG    | winwatt_automation.live_ui.app_connector:get_cached_main_window:575 - DBG_PHASE_TIMING phase=get_cached_main_window elapsed_ms=15.000 reason_code=cache_validated_ok
2026-08-26 14:57:55.095 | INFO     | winwatt_automation.live_ui.app_connector:is_winwatt_foreground_context:1161 - DBG_WINWATT_FOREGROUND_CONTEXT expected_handle=1900570 expected_process_id=21728 expected_title=WinWatt gólya - C:\Users\Admin\Documents\GitHub\autowinwatt\winwatt_automation\data\runtime_maps\full_authorized_sandbox\20260826T123933Z\testwwp.wwp expected_class_name=TMainForm actual_foreground_handle=4261792 actual_foreground_process_id=21728 actual_foreground_title=Helyiségek - Room graph explorer actual_foreground_class_name=TRoomModifyForm allow_dialog=True result_reason=pid_match_allow_dialog
2026-08-26 14:57:55.100 | INFO     | winwatt_automation.live_ui.app_connector:_cached_window_health_status:489 - DBG_WINWATT_CACHE_HEALTH reason_code=healthy payload={'wrapper_type': 'UIAWrapper', 'handle': 1900570, 'process_id': 21728, 'title': 'WinWatt gólya - C:\\Users\\Admin\\Documents\\GitHub\\autowinwatt\\winwatt_automation\\data\\runtime_maps\\full_authorized_sandbox\\20260826T123933Z\\testwwp.wwp', 'class_name': 'TMainForm', 'control_type': 'Window'}
2026-08-26 14:57:55.102 | DEBUG    | winwatt_automation.live_ui.app_connector:get_cached_main_window:574 - DBG_WINWATT_CACHE_GET reason_code=cache_validated_ok payload={'wrapper_type': 'UIAWrapper', 'handle': 1900570, 'process_id': 21728, 'title': 'WinWatt gólya - C:\\Users\\Admin\\Documents\\GitHub\\autowinwatt\\winwatt_automation\\data\\runtime_maps\\full_authorized_sandbox\\20260826T123933Z\\testwwp.wwp', 'class_name': 'TMainForm', 'control_type': 'Window'} last_validation_age_s=5.875 diagnostic_fast_mode=False
2026-08-26 14:57:55.104 | DEBUG    | winwatt_automation.live_ui.app_connector:get_cached_main_window:575 - DBG_PHASE_TIMING phase=get_cached_main_window elapsed_ms=15.000 reason_code=cache_validated_ok
2026-08-26 14:57:56.515 | INFO     | winwatt_automation.live_ui.app_connector:get_cached_main_window:597 - DBG_WINWATT_CACHE_GET reason_code=cache_missing_resolving_fresh diagnostic_fast_mode=False
2026-08-26 14:57:56.685 | DEBUG    | winwatt_automation.live_ui.app_connector:list_candidate_windows:180 - Discovered 0 WinWatt-like windows on backend=win32
2026-08-26 14:57:56.694 | INFO     | winwatt_automation.live_ui.app_connector:_connect_with_win32_handle:276 - DBG_WINWATT_CONNECT_WIN32_CANDIDATES locator=backend=win32 ranked_candidates=[] 
2026-08-26 14:57:56.694 | WARNING  | winwatt_automation.runtime_mapping.program_mapper:_safe_capture_snapshot:191 - snapshot_capture_failed state_id=startup_after_relaunch error=No WinWatt-like windows were found
2026-08-26 14:57:57.197 | INFO     | winwatt_automation.live_ui.app_connector:get_cached_main_window:597 - DBG_WINWATT_CACHE_GET reason_code=cache_missing_resolving_fresh diagnostic_fast_mode=False
2026-08-26 14:57:59.829 | DEBUG    | winwatt_automation.live_ui.app_connector:list_candidate_windows:180 - Discovered 0 WinWatt-like windows on backend=win32
2026-08-26 14:57:59.829 | INFO     | winwatt_automation.live_ui.app_connector:_connect_with_win32_handle:276 - DBG_WINWATT_CONNECT_WIN32_CANDIDATES locator=backend=win32 ranked_candidates=[] 
2026-08-26 14:57:59.829 | WARNING  | winwatt_automation.runtime_mapping.program_mapper:_safe_capture_snapshot:191 - snapshot_capture_failed state_id=startup_after_relaunch error=No WinWatt-like windows were found
2026-08-26 14:58:00.341 | INFO     | winwatt_automation.live_ui.app_connector:get_cached_main_window:597 - DBG_WINWATT_CACHE_GET reason_code=cache_missing_resolving_fresh diagnostic_fast_mode=False
2026-08-26 14:58:01.976 | DEBUG    | winwatt_automation.live_ui.app_connector:list_candidate_windows:180 - Discovered 0 WinWatt-like windows on backend=win32
2026-08-26 14:58:01.994 | INFO     | winwatt_automation.live_ui.app_connector:_connect_with_win32_handle:276 - DBG_WINWATT_CONNECT_WIN32_CANDIDATES locator=backend=win32 ranked_candidates=[] 
2026-08-26 14:58:01.995 | WARNING  | winwatt_automation.runtime_mapping.program_mapper:_safe_capture_snapshot:191 - snapshot_capture_failed state_id=startup_after_relaunch error=No WinWatt-like windows were found
2026-08-26 14:58:02.496 | INFO     | winwatt_automation.live_ui.app_connector:get_cached_main_window:597 - DBG_WINWATT_CACHE_GET reason_code=cache_missing_resolving_fresh diagnostic_fast_mode=False
2026-08-26 14:58:02.578 | DEBUG    | winwatt_automation.live_ui.app_connector:list_candidate_windows:180 - Discovered 0 WinWatt-like windows on backend=win32
2026-08-26 14:58:02.594 | INFO     | winwatt_automation.live_ui.app_connector:_connect_with_win32_handle:276 - DBG_WINWATT_CONNECT_WIN32_CANDIDATES locator=backend=win32 ranked_candidates=[] 
2026-08-26 14:58:02.594 | WARNING  | winwatt_automation.runtime_mapping.program_mapper:_safe_capture_snapshot:191 - snapshot_capture_failed state_id=startup_after_relaunch error=No WinWatt-like windows were found
2026-08-26 14:58:03.095 | INFO     | winwatt_automation.live_ui.app_connector:get_cached_main_window:597 - DBG_WINWATT_CACHE_GET reason_code=cache_missing_resolving_fresh diagnostic_fast_mode=False
2026-08-26 14:58:03.184 | DEBUG    | winwatt_automation.live_ui.app_connector:list_candidate_windows:180 - Discovered 0 WinWatt-like windows on backend=win32
2026-08-26 14:58:03.184 | INFO     | winwatt_automation.live_ui.app_connector:_connect_with_win32_handle:276 - DBG_WINWATT_CONNECT_WIN32_CANDIDATES locator=backend=win32 ranked_candidates=[] 
2026-08-26 14:58:03.191 | WARNING  | winwatt_automation.runtime_mapping.program_mapper:_safe_capture_snapshot:191 - snapshot_capture_failed state_id=startup_after_relaunch error=No WinWatt-like windows were found
2026-08-26 14:58:03.692 | INFO     | winwatt_automation.live_ui.app_connector:get_cached_main_window:597 - DBG_WINWATT_CACHE_GET reason_code=cache_missing_resolving_fresh diagnostic_fast_mode=False
2026-08-26 14:58:03.761 | DEBUG    | winwatt_automation.live_ui.app_connector:list_candidate_windows:180 - Discovered 0 WinWatt-like windows on backend=win32
2026-08-26 14:58:03.763 | INFO     | winwatt_automation.live_ui.app_connector:_connect_with_win32_handle:276 - DBG_WINWATT_CONNECT_WIN32_CANDIDATES locator=backend=win32 ranked_candidates=[] 
2026-08-26 14:58:03.763 | WARNING  | winwatt_automation.runtime_mapping.program_mapper:_safe_capture_snapshot:191 - snapshot_capture_failed state_id=startup_after_relaunch error=No WinWatt-like windows were found
2026-08-26 14:58:04.266 | INFO     | winwatt_automation.live_ui.app_connector:get_cached_main_window:597 - DBG_WINWATT_CACHE_GET reason_code=cache_missing_resolving_fresh diagnostic_fast_mode=False
2026-08-26 14:58:04.359 | DEBUG    | winwatt_automation.live_ui.app_connector:list_candidate_windows:180 - Discovered 0 WinWatt-like windows on backend=win32
2026-08-26 14:58:04.359 | INFO     | winwatt_automation.live_ui.app_connector:_connect_with_win32_handle:276 - DBG_WINWATT_CONNECT_WIN32_CANDIDATES locator=backend=win32 ranked_candidates=[] 
2026-08-26 14:58:04.359 | WARNING  | winwatt_automation.runtime_mapping.program_mapper:_safe_capture_snapshot:191 - snapshot_capture_failed state_id=startup_after_relaunch error=No WinWatt-like windows were found
2026-08-26 14:58:04.868 | INFO     | winwatt_automation.live_ui.app_connector:get_cached_main_window:597 - DBG_WINWATT_CACHE_GET reason_code=cache_missing_resolving_fresh diagnostic_fast_mode=False
2026-08-26 14:58:04.958 | DEBUG    | winwatt_automation.live_ui.app_connector:list_candidate_windows:180 - Discovered 0 WinWatt-like windows on backend=win32
2026-08-26 14:58:04.958 | INFO     | winwatt_automation.live_ui.app_connector:_connect_with_win32_handle:276 - DBG_WINWATT_CONNECT_WIN32_CANDIDATES locator=backend=win32 ranked_candidates=[] 
2026-08-26 14:58:04.958 | WARNING  | winwatt_automation.runtime_mapping.program_mapper:_safe_capture_snapshot:191 - snapshot_capture_failed state_id=startup_after_relaunch error=No WinWatt-like windows were found
2026-08-26 14:58:05.468 | INFO     | winwatt_automation.live_ui.app_connector:get_cached_main_window:597 - DBG_WINWATT_CACHE_GET reason_code=cache_missing_resolving_fresh diagnostic_fast_mode=False
2026-08-26 14:58:05.626 | DEBUG    | winwatt_automation.live_ui.app_connector:list_candidate_windows:180 - Discovered 0 WinWatt-like windows on backend=win32
2026-08-26 14:58:05.626 | INFO     | winwatt_automation.live_ui.app_connector:_connect_with_win32_handle:276 - DBG_WINWATT_CONNECT_WIN32_CANDIDATES locator=backend=win32 ranked_candidates=[] 
2026-08-26 14:58:05.626 | WARNING  | winwatt_automation.runtime_mapping.program_mapper:_safe_capture_snapshot:191 - snapshot_capture_failed state_id=startup_after_relaunch error=No WinWatt-like windows were found
2026-08-26 14:58:06.142 | INFO     | winwatt_automation.live_ui.app_connector:get_cached_main_window:597 - DBG_WINWATT_CACHE_GET reason_code=cache_missing_resolving_fresh diagnostic_fast_mode=False
2026-08-26 14:58:06.192 | DEBUG    | winwatt_automation.live_ui.app_connector:list_candidate_windows:180 - Discovered 0 WinWatt-like windows on backend=win32
2026-08-26 14:58:06.209 | INFO     | winwatt_automation.live_ui.app_connector:_connect_with_win32_handle:276 - DBG_WINWATT_CONNECT_WIN32_CANDIDATES locator=backend=win32 ranked_candidates=[] 
2026-08-26 14:58:06.209 | WARNING  | winwatt_automation.runtime_mapping.program_mapper:_safe_capture_snapshot:191 - snapshot_capture_failed state_id=startup_after_relaunch error=No WinWatt-like windows were found
2026-08-26 14:58:06.713 | INFO     | winwatt_automation.live_ui.app_connector:get_cached_main_window:597 - DBG_WINWATT_CACHE_GET reason_code=cache_missing_resolving_fresh diagnostic_fast_mode=False
2026-08-26 14:58:06.778 | DEBUG    | winwatt_automation.live_ui.app_connector:list_candidate_windows:180 - Discovered 0 WinWatt-like windows on backend=win32
2026-08-26 14:58:06.778 | INFO     | winwatt_automation.live_ui.app_connector:_connect_with_win32_handle:276 - DBG_WINWATT_CONNECT_WIN32_CANDIDATES locator=backend=win32 ranked_candidates=[] 
2026-08-26 14:58:06.778 | WARNING  | winwatt_automation.runtime_mapping.program_mapper:_safe_capture_snapshot:191 - snapshot_capture_failed state_id=startup_after_relaunch error=No WinWatt-like windows were found
2026-08-26 14:58:07.287 | INFO     | winwatt_automation.live_ui.app_connector:get_cached_main_window:597 - DBG_WINWATT_CACHE_GET reason_code=cache_missing_resolving_fresh diagnostic_fast_mode=False
2026-08-26 14:58:07.358 | DEBUG    | winwatt_automation.live_ui.app_connector:list_candidate_windows:180 - Discovered 0 WinWatt-like windows on backend=win32
2026-08-26 14:58:07.358 | INFO     | winwatt_automation.live_ui.app_connector:_connect_with_win32_handle:276 - DBG_WINWATT_CONNECT_WIN32_CANDIDATES locator=backend=win32 ranked_candidates=[] 
2026-08-26 14:58:07.358 | WARNING  | winwatt_automation.runtime_mapping.program_mapper:_safe_capture_snapshot:191 - snapshot_capture_failed state_id=startup_after_relaunch error=No WinWatt-like windows were found
2026-08-26 14:58:07.871 | INFO     | winwatt_automation.live_ui.app_connector:get_cached_main_window:597 - DBG_WINWATT_CACHE_GET reason_code=cache_missing_resolving_fresh diagnostic_fast_mode=False
2026-08-26 14:58:07.943 | DEBUG    | winwatt_automation.live_ui.app_connector:list_candidate_windows:180 - Discovered 0 WinWatt-like windows on backend=win32
2026-08-26 14:58:07.943 | INFO     | winwatt_automation.live_ui.app_connector:_connect_with_win32_handle:276 - DBG_WINWATT_CONNECT_WIN32_CANDIDATES locator=backend=win32 ranked_candidates=[] 
2026-08-26 14:58:07.943 | WARNING  | winwatt_automation.runtime_mapping.program_mapper:_safe_capture_snapshot:191 - snapshot_capture_failed state_id=startup_after_relaunch error=No WinWatt-like windows were found
2026-08-26 14:58:08.445 | INFO     | winwatt_automation.live_ui.app_connector:get_cached_main_window:597 - DBG_WINWATT_CACHE_GET reason_code=cache_missing_resolving_fresh diagnostic_fast_mode=False
2026-08-26 14:58:08.613 | DEBUG    | winwatt_automation.live_ui.app_connector:list_candidate_windows:180 - Discovered 1 WinWatt-like windows on backend=win32
2026-08-26 14:58:08.613 | DEBUG    | winwatt_automation.live_ui.app_connector:list_candidate_windows:182 - Candidate[win32]: {'title': 'WinWatt gólya - C:\\Users\\Admin\\Documents\\GitHub\\autowinwatt\\winwatt_automation\\data\\runtime_maps\\full_authorized_sandbox\\20260826T123933Z\\testwwp.wwp', 'window_text': 'WinWatt gólya - C:\\Users\\Admin\\Documents\\GitHub\\autowinwatt\\winwatt_automation\\data\\runtime_maps\\full_authorized_sandbox\\20260826T123933Z\\testwwp.wwp', 'class_name': 'TMainForm', 'control_type': None, 'process_id': 21948, 'handle': None, 'is_visible': True, 'is_enabled': True, 'rectangle': {'left': -10, 'top': -10, 'right': 1930, 'bottom': 1030, 'width': 1940, 'height': 1040}, 'size': {'width': 1940, 'height': 1040}}
2026-08-26 14:58:08.613 | INFO     | winwatt_automation.live_ui.app_connector:_connect_with_win32_handle:276 - DBG_WINWATT_CONNECT_WIN32_CANDIDATES locator=backend=win32 ranked_candidates=[{'rank': 1, 'score': (1, 1, 1, 1, 2017600), 'process_id': 21948, 'handle': None, 'class_name': 'TMainForm', 'title': 'WinWatt gólya - C:\\Users\\Admin\\Documents\\GitHub\\autowinwatt\\winwatt_automation\\data\\runtime_maps\\full_authorized_sandbox\\20260826T123933Z\\testwwp.wwp', 'visible': True, 'enabled': True}] 
2026-08-26 14:58:08.613 | INFO     | winwatt_automation.live_ui.app_connector:select_main_window:224 - Candidate ranking score=(1, 1, 1, 1, 2017600) data={'title': 'WinWatt gólya - C:\\Users\\Admin\\Documents\\GitHub\\autowinwatt\\winwatt_automation\\data\\runtime_maps\\full_authorized_sandbox\\20260826T123933Z\\testwwp.wwp', 'window_text': 'WinWatt gólya - C:\\Users\\Admin\\Documents\\GitHub\\autowinwatt\\winwatt_automation\\data\\runtime_maps\\full_authorized_sandbox\\20260826T123933Z\\testwwp.wwp', 'class_name': 'TMainForm', 'control_type': None, 'process_id': 21948, 'handle': None, 'is_visible': True, 'is_enabled': True, 'rectangle': {'left': -10, 'top': -10, 'right': 1930, 'bottom': 1030, 'width': 1940, 'height': 1040}, 'size': {'width': 1940, 'height': 1040}}
2026-08-26 14:58:08.613 | INFO     | winwatt_automation.live_ui.app_connector:select_main_window:234 - Selected main window process_id=21948 handle=None score=(1, 1, 1, 1, 2017600) reasons=['has_process_id=True', 'has_handle=False', 'visible=True', 'enabled=True', 'title_has_winwatt=True', 'area=2017600']
2026-08-26 14:58:08.613 | INFO     | winwatt_automation.live_ui.app_connector:_connect_with_win32_handle:293 - DBG_WINWATT_CONNECT_WIN32_SELECTED selected_payload={'title': 'WinWatt gólya - C:\\Users\\Admin\\Documents\\GitHub\\autowinwatt\\winwatt_automation\\data\\runtime_maps\\full_authorized_sandbox\\20260826T123933Z\\testwwp.wwp', 'window_text': 'WinWatt gólya - C:\\Users\\Admin\\Documents\\GitHub\\autowinwatt\\winwatt_automation\\data\\runtime_maps\\full_authorized_sandbox\\20260826T123933Z\\testwwp.wwp', 'class_name': 'TMainForm', 'control_type': None, 'process_id': 21948, 'handle': None, 'is_visible': True, 'is_enabled': True, 'rectangle': {'left': -10, 'top': -10, 'right': 1930, 'bottom': 1030, 'width': 1940, 'height': 1040}, 'size': {'width': 1940, 'height': 1040}} selected_handle_is_none=True
2026-08-26 14:58:08.620 | INFO     | winwatt_automation.live_ui.app_connector:_connect_with_win32_handle:336 - Connected to WinWatt backend=win32 attach_mode=process candidate={'process_id': 21948, 'handle': None, 'class_name': 'TMainForm', 'title': 'WinWatt gólya - C:\\Users\\Admin\\Documents\\GitHub\\autowinwatt\\winwatt_automation\\data\\runtime_maps\\full_authorized_sandbox\\20260826T123933Z\\testwwp.wwp'}
2026-08-26 14:58:08.626 | INFO     | winwatt_automation.live_ui.app_connector:_connect_with_win32_handle:350 - DBG_WINWATT_CONNECT_WIN32_RESOLVED process_id=21948 resolved_handle=None selected_payload={'title': 'WinWatt gólya - C:\\Users\\Admin\\Documents\\GitHub\\autowinwatt\\winwatt_automation\\data\\runtime_maps\\full_authorized_sandbox\\20260826T123933Z\\testwwp.wwp', 'window_text': 'WinWatt gólya - C:\\Users\\Admin\\Documents\\GitHub\\autowinwatt\\winwatt_automation\\data\\runtime_maps\\full_authorized_sandbox\\20260826T123933Z\\testwwp.wwp', 'class_name': 'TMainForm', 'control_type': None, 'process_id': 21948, 'handle': None, 'is_visible': True, 'is_enabled': True, 'rectangle': {'left': -10, 'top': -10, 'right': 1930, 'bottom': 1030, 'width': 1940, 'height': 1040}, 'size': {'width': 1940, 'height': 1040}}
2026-08-26 14:58:08.626 | INFO     | winwatt_automation.live_ui.app_connector:_resolve_uia_main_window:382 - DBG_WINWATT_RESOLVE_UIA_WIN32_SELECTED selected_payload={'title': 'WinWatt gólya - C:\\Users\\Admin\\Documents\\GitHub\\autowinwatt\\winwatt_automation\\data\\runtime_maps\\full_authorized_sandbox\\20260826T123933Z\\testwwp.wwp', 'window_text': 'WinWatt gólya - C:\\Users\\Admin\\Documents\\GitHub\\autowinwatt\\winwatt_automation\\data\\runtime_maps\\full_authorized_sandbox\\20260826T123933Z\\testwwp.wwp', 'class_name': 'TMainForm', 'control_type': None, 'process_id': 21948, 'handle': None, 'is_visible': True, 'is_enabled': True, 'rectangle': {'left': -10, 'top': -10, 'right': 1930, 'bottom': 1030, 'width': 1940, 'height': 1040}, 'size': {'width': 1940, 'height': 1040}}
2026-08-26 14:58:08.630 | INFO     | winwatt_automation.live_ui.app_connector:_resolve_uia_main_window:388 - Connected to WinWatt backend=uia process_id=21948
2026-08-26 14:58:08.630 | INFO     | winwatt_automation.live_ui.app_connector:_resolve_uia_main_window:390 - Resolving main WinWatt window backend=uia class_name=TMainForm title_re=.*WinWatt.*
2026-08-26 14:58:08.995 | INFO     | winwatt_automation.live_ui.app_connector:_resolve_uia_main_window:400 - DBG_WINWATT_RESOLVE_UIA_PRIMARY selected_payload={'title': 'WinWatt gólya - C:\\Users\\Admin\\Documents\\GitHub\\autowinwatt\\winwatt_automation\\data\\runtime_maps\\full_authorized_sandbox\\20260826T123933Z\\testwwp.wwp', 'window_text': 'WinWatt gólya - C:\\Users\\Admin\\Documents\\GitHub\\autowinwatt\\winwatt_automation\\data\\runtime_maps\\full_authorized_sandbox\\20260826T123933Z\\testwwp.wwp', 'class_name': 'TMainForm', 'control_type': None, 'process_id': 21948, 'handle': None, 'is_visible': True, 'is_enabled': True, 'rectangle': {'left': -10, 'top': -10, 'right': 1930, 'bottom': 1030, 'width': 1940, 'height': 1040}, 'size': {'width': 1940, 'height': 1040}} primary_result={'wrapper_type': 'UIAWrapper', 'handle': 3409280, 'process_id': 21948, 'title': 'WinWatt gólya - C:\\Users\\Admin\\Documents\\GitHub\\autowinwatt\\winwatt_automation\\data\\runtime_maps\\full_authorized_sandbox\\20260826T123933Z\\testwwp.wwp', 'class_name': 'TMainForm', 'control_type': 'Window'} identity_match_with_win32=None
2026-08-26 14:58:08.995 | DEBUG    | winwatt_automation.live_ui.app_connector:get_cached_main_window:606 - DBG_PHASE_TIMING phase=get_cached_main_window elapsed_ms=547.000 reason_code=fresh_resolve
2026-08-26 14:58:09.143 | DEBUG    | winwatt_automation.live_ui.app_connector:get_cached_main_window:565 - DBG_WINWATT_CACHE_GET reason_code=cache_reused_without_validation payload={'wrapper_type': 'UIAWrapper', 'handle': 3409280, 'process_id': 21948, 'title': 'WinWatt gólya - C:\\Users\\Admin\\Documents\\GitHub\\autowinwatt\\winwatt_automation\\data\\runtime_maps\\full_authorized_sandbox\\20260826T123933Z\\testwwp.wwp', 'class_name': 'TMainForm', 'control_type': 'Window'} last_validation_age_s=0.15599999998812564 diagnostic_fast_mode=False
2026-08-26 14:58:09.143 | DEBUG    | winwatt_automation.live_ui.app_connector:get_cached_main_window:566 - DBG_PHASE_TIMING phase=get_cached_main_window elapsed_ms=0.000 reason_code=cache_reused_without_validation
2026-08-26 14:58:09.158 | DEBUG    | winwatt_automation.live_ui.app_connector:get_cached_main_window:565 - DBG_WINWATT_CACHE_GET reason_code=cache_reused_without_validation payload={'wrapper_type': 'UIAWrapper', 'handle': 3409280, 'process_id': 21948, 'title': 'WinWatt gólya - C:\\Users\\Admin\\Documents\\GitHub\\autowinwatt\\winwatt_automation\\data\\runtime_maps\\full_authorized_sandbox\\20260826T123933Z\\testwwp.wwp', 'class_name': 'TMainForm', 'control_type': 'Window'} last_validation_age_s=0.15599999998812564 diagnostic_fast_mode=False
2026-08-26 14:58:09.158 | DEBUG    | winwatt_automation.live_ui.app_connector:get_cached_main_window:566 - DBG_PHASE_TIMING phase=get_cached_main_window elapsed_ms=16.000 reason_code=cache_reused_without_validation
2026-08-26 14:58:09.709 | INFO     | winwatt_automation.live_ui.menu_helpers:_menu_items:1101 - DBG_MENU_ITEMS_SUMMARY total_items=7 visible_items=7 topbar_band=(0, 0, 392, 53) topbar_band_visible_count=7 popup_region_visible_count=0 force_refresh=True handle=3409280
2026-08-26 14:58:09.711 | DEBUG    | winwatt_automation.live_ui.menu_helpers:_menu_items:1111 - Discovered 7 MenuItem controls
2026-08-26 14:58:09.711 | DEBUG    | winwatt_automation.live_ui.menu_helpers:_log_phase_timing:83 - DBG_PHASE_TIMING phase=_menu_items elapsed_ms=563.000 force_refresh=True total_items=7 visible_items=7
2026-08-26 14:58:09.777 | INFO     | winwatt_automation.live_ui.menu_helpers:list_top_menu_items:1141 - Top-level menu items (raw): ['Rendszer', 'Fájl', 'Jegyzékek', 'Eszközök', 'Beállítások', 'Ablak', 'Súgó']
2026-08-26 14:58:09.777 | DEBUG    | winwatt_automation.live_ui.menu_helpers:_log_phase_timing:83 - DBG_PHASE_TIMING phase=list_top_menu_items elapsed_ms=625.000 count=7
2026-08-26 14:58:09.777 | INFO     | winwatt_automation.live_ui.app_connector:prepare_main_window_for_menu_interaction:1008 - Preparing WinWatt window for menu interaction
2026-08-26 14:58:09.777 | DEBUG    | winwatt_automation.live_ui.app_connector:get_cached_main_window:565 - DBG_WINWATT_CACHE_GET reason_code=cache_reused_without_validation payload={'wrapper_type': 'UIAWrapper', 'handle': 3409280, 'process_id': 21948, 'title': 'WinWatt gólya - C:\\Users\\Admin\\Documents\\GitHub\\autowinwatt\\winwatt_automation\\data\\runtime_maps\\full_authorized_sandbox\\20260826T123933Z\\testwwp.wwp', 'class_name': 'TMainForm', 'control_type': 'Window'} last_validation_age_s=0.7809999999881256 diagnostic_fast_mode=False
2026-08-26 14:58:09.777 | DEBUG    | winwatt_automation.live_ui.app_connector:get_cached_main_window:566 - DBG_PHASE_TIMING phase=get_cached_main_window elapsed_ms=0.000 reason_code=cache_reused_without_validation
2026-08-26 14:58:09.788 | INFO     | winwatt_automation.live_ui.app_connector:prepare_main_window_for_menu_interaction:1028 - Window state before: maximized
2026-08-26 14:58:09.788 | INFO     | winwatt_automation.live_ui.app_connector:prepare_main_window_for_menu_interaction:1049 - Window maximized
2026-08-26 14:58:09.788 | INFO     | winwatt_automation.live_ui.app_connector:prepare_main_window_for_menu_interaction:1058 - Focus confirmed
2026-08-26 14:58:09.794 | DEBUG    | winwatt_automation.live_ui.app_connector:get_cached_main_window:565 - DBG_WINWATT_CACHE_GET reason_code=cache_reused_without_validation payload={'wrapper_type': 'UIAWrapper', 'handle': 3409280, 'process_id': 21948, 'title': 'WinWatt gólya - C:\\Users\\Admin\\Documents\\GitHub\\autowinwatt\\winwatt_automation\\data\\runtime_maps\\full_authorized_sandbox\\20260826T123933Z\\testwwp.wwp', 'class_name': 'TMainForm', 'control_type': 'Window'} last_validation_age_s=0.7969999999913853 diagnostic_fast_mode=False
2026-08-26 14:58:09.794 | DEBUG    | winwatt_automation.live_ui.app_connector:get_cached_main_window:566 - DBG_PHASE_TIMING phase=get_cached_main_window elapsed_ms=16.000 reason_code=cache_reused_without_validation
2026-08-26 14:58:09.794 | INFO     | winwatt_automation.live_ui.app_connector:ensure_main_window_foreground_before_click:1217 - DBG_WINWATT_FOCUS_GUARD_PRECHECK action_label=open_top_menu:jegyzékek wrapper_type=UIAWrapper cached_handle=3409280 cached_pid=21948 cached_title=WinWatt gólya - C:\Users\Admin\Documents\GitHub\autowinwatt\winwatt_automation\data\runtime_maps\full_authorized_sandbox\20260826T123933Z\testwwp.wwp cached_class=TMainForm precheck_exists=False precheck_visible=True precheck_enabled=True rect={'left': -10, 'top': -10, 'right': 1930, 'bottom': 1030, 'width': 1940, 'height': 1040}
2026-08-26 14:58:09.794 | WARNING  | winwatt_automation.live_ui.app_connector:ensure_main_window_foreground_before_click:1306 - DBG_WINWATT_FOCUS_GUARD_OPEN_TOP_MENU_OVERRIDE action_label=open_top_menu:jegyzékek reason=exists_false_but_identity_strong wrapper_type=UIAWrapper identity_reasons=['handle', 'process_id', 'title', 'class_name', 'rect', 'visible', 'enabled'] cached_identity={'wrapper_type': 'UIAWrapper', 'handle': 3409280, 'process_id': 21948, 'title': 'WinWatt gólya - C:\\Users\\Admin\\Documents\\GitHub\\autowinwatt\\winwatt_automation\\data\\runtime_maps\\full_authorized_sandbox\\20260826T123933Z\\testwwp.wwp', 'class_name': 'TMainForm', 'control_type': 'Window'} rect={'left': -10, 'top': -10, 'right': 1930, 'bottom': 1030, 'width': 1940, 'height': 1040}
2026-08-26 14:58:09.794 | INFO     | winwatt_automation.live_ui.app_connector:is_winwatt_foreground_context:1161 - DBG_WINWATT_FOREGROUND_CONTEXT expected_handle=3409280 expected_process_id=21948 expected_title=WinWatt gólya - C:\Users\Admin\Documents\GitHub\autowinwatt\winwatt_automation\data\runtime_maps\full_authorized_sandbox\20260826T123933Z\testwwp.wwp expected_class_name=TMainForm actual_foreground_handle=3409280 actual_foreground_process_id=21948 actual_foreground_title=WinWatt gólya - C:\Users\Admin\Documents\GitHub\autowinwatt\winwatt_automation\data\runtime_maps\full_authorized_sandbox\20260826T123933Z\testwwp.wwp actual_foreground_class_name=TMainForm allow_dialog=False result_reason=handle_match
2026-08-26 14:58:09.794 | INFO     | winwatt_automation.live_ui.app_connector:ensure_main_window_foreground_before_click:1378 - DBG_WINWATT_FOCUS_GUARD_RESULT action_label=open_top_menu:jegyzékek status=focus_ok reason=handle_match foreground={'handle': 3409280, 'title': 'WinWatt gólya - C:\\Users\\Admin\\Documents\\GitHub\\autowinwatt\\winwatt_automation\\data\\runtime_maps\\full_authorized_sandbox\\20260826T123933Z\\testwwp.wwp', 'class_name': 'TMainForm', 'process_id': 21948} same_context_as_cached_main=True win32_uia_identity_match=True
2026-08-26 14:58:09.794 | DEBUG    | winwatt_automation.live_ui.app_connector:get_cached_main_window:565 - DBG_WINWATT_CACHE_GET reason_code=cache_reused_without_validation payload={'wrapper_type': 'UIAWrapper', 'handle': 3409280, 'process_id': 21948, 'title': 'WinWatt gólya - C:\\Users\\Admin\\Documents\\GitHub\\autowinwatt\\winwatt_automation\\data\\runtime_maps\\full_authorized_sandbox\\20260826T123933Z\\testwwp.wwp', 'class_name': 'TMainForm', 'control_type': 'Window'} last_validation_age_s=0.8129999999946449 diagnostic_fast_mode=False
2026-08-26 14:58:09.794 | DEBUG    | winwatt_automation.live_ui.app_connector:get_cached_main_window:566 - DBG_PHASE_TIMING phase=get_cached_main_window elapsed_ms=0.000 reason_code=cache_reused_without_validation
2026-08-26 14:58:09.810 | DEBUG    | winwatt_automation.live_ui.app_connector:get_cached_main_window:565 - DBG_WINWATT_CACHE_GET reason_code=cache_reused_without_validation payload={'wrapper_type': 'UIAWrapper', 'handle': 3409280, 'process_id': 21948, 'title': 'WinWatt gólya - C:\\Users\\Admin\\Documents\\GitHub\\autowinwatt\\winwatt_automation\\data\\runtime_maps\\full_authorized_sandbox\\20260826T123933Z\\testwwp.wwp', 'class_name': 'TMainForm', 'control_type': 'Window'} last_validation_age_s=0.8129999999946449 diagnostic_fast_mode=False
2026-08-26 14:58:09.811 | DEBUG    | winwatt_automation.live_ui.app_connector:get_cached_main_window:566 - DBG_PHASE_TIMING phase=get_cached_main_window elapsed_ms=15.000 reason_code=cache_reused_without_validation
2026-08-26 14:58:09.876 | INFO     | winwatt_automation.live_ui.menu_helpers:_menu_items:1101 - DBG_MENU_ITEMS_SUMMARY total_items=7 visible_items=7 topbar_band=(0, 0, 392, 53) topbar_band_visible_count=7 popup_region_visible_count=0 force_refresh=False handle=3409280
2026-08-26 14:58:09.876 | DEBUG    | winwatt_automation.live_ui.menu_helpers:_menu_items:1111 - Discovered 7 MenuItem controls
2026-08-26 14:58:09.876 | DEBUG    | winwatt_automation.live_ui.menu_helpers:_log_phase_timing:83 - DBG_PHASE_TIMING phase=_menu_items elapsed_ms=78.000 force_refresh=False total_items=7 visible_items=7
2026-08-26 14:58:09.959 | DEBUG    | winwatt_automation.live_ui.app_connector:get_cached_main_window:565 - DBG_WINWATT_CACHE_GET reason_code=cache_reused_without_validation payload={'wrapper_type': 'UIAWrapper', 'handle': 3409280, 'process_id': 21948, 'title': 'WinWatt gólya - C:\\Users\\Admin\\Documents\\GitHub\\autowinwatt\\winwatt_automation\\data\\runtime_maps\\full_authorized_sandbox\\20260826T123933Z\\testwwp.wwp', 'class_name': 'TMainForm', 'control_type': 'Window'} last_validation_age_s=0.9689999999827705 diagnostic_fast_mode=False
2026-08-26 14:58:09.959 | DEBUG    | winwatt_automation.live_ui.app_connector:get_cached_main_window:566 - DBG_PHASE_TIMING phase=get_cached_main_window elapsed_ms=0.000 reason_code=cache_reused_without_validation
2026-08-26 14:58:09.977 | DEBUG    | winwatt_automation.live_ui.app_connector:get_cached_main_window:565 - DBG_WINWATT_CACHE_GET reason_code=cache_reused_without_validation payload={'wrapper_type': 'UIAWrapper', 'handle': 3409280, 'process_id': 21948, 'title': 'WinWatt gólya - C:\\Users\\Admin\\Documents\\GitHub\\autowinwatt\\winwatt_automation\\data\\runtime_maps\\full_authorized_sandbox\\20260826T123933Z\\testwwp.wwp', 'class_name': 'TMainForm', 'control_type': 'Window'} last_validation_age_s=0.9689999999827705 diagnostic_fast_mode=False
2026-08-26 14:58:09.977 | DEBUG    | winwatt_automation.live_ui.app_connector:get_cached_main_window:566 - DBG_PHASE_TIMING phase=get_cached_main_window elapsed_ms=15.000 reason_code=cache_reused_without_validation
2026-08-26 14:58:09.977 | DEBUG    | winwatt_automation.live_ui.app_connector:get_cached_main_window:565 - DBG_WINWATT_CACHE_GET reason_code=cache_reused_without_validation payload={'wrapper_type': 'UIAWrapper', 'handle': 3409280, 'process_id': 21948, 'title': 'WinWatt gólya - C:\\Users\\Admin\\Documents\\GitHub\\autowinwatt\\winwatt_automation\\data\\runtime_maps\\full_authorized_sandbox\\20260826T123933Z\\testwwp.wwp', 'class_name': 'TMainForm', 'control_type': 'Window'} last_validation_age_s=0.9839999999967404 diagnostic_fast_mode=False
2026-08-26 14:58:09.977 | DEBUG    | winwatt_automation.live_ui.app_connector:get_cached_main_window:566 - DBG_PHASE_TIMING phase=get_cached_main_window elapsed_ms=0.000 reason_code=cache_reused_without_validation
2026-08-26 14:58:09.977 | INFO     | winwatt_automation.live_ui.menu_helpers:_menu_items:1101 - DBG_MENU_ITEMS_SUMMARY total_items=7 visible_items=7 topbar_band=(0, 0, 392, 53) topbar_band_visible_count=7 popup_region_visible_count=0 force_refresh=False handle=3409280
2026-08-26 14:58:09.977 | DEBUG    | winwatt_automation.live_ui.menu_helpers:_menu_items:1111 - Discovered 7 MenuItem controls
2026-08-26 14:58:09.977 | DEBUG    | winwatt_automation.live_ui.menu_helpers:_log_phase_timing:83 - DBG_PHASE_TIMING phase=_menu_items elapsed_ms=15.000 force_refresh=False total_items=7 visible_items=7
2026-08-26 14:58:09.977 | DEBUG    | winwatt_automation.live_ui.menu_helpers:_log_popup_fragment:499 - DBG_MENU_FRAGMENT_MAIN_WINDOW source_scope=main_window control_type=MenuItem class_name= text='Rendszer' rectangle={'left': 0, 'top': 0, 'right': 28, 'bottom': 28} center=(14, 14) process_id=21948 native_handle=None topbar_candidate=True popup_candidate=False
2026-08-26 14:58:09.977 | DEBUG    | winwatt_automation.live_ui.menu_helpers:_log_popup_fragment:499 - DBG_MENU_FRAGMENT_MAIN_WINDOW source_scope=main_window control_type=MenuItem class_name= text='Fájl' rectangle={'left': 0, 'top': 29, 'right': 40, 'bottom': 53} center=(20, 41) process_id=21948 native_handle=None topbar_candidate=True popup_candidate=False
2026-08-26 14:58:09.977 | DEBUG    | winwatt_automation.live_ui.menu_helpers:_log_popup_fragment:499 - DBG_MENU_FRAGMENT_MAIN_WINDOW source_scope=main_window control_type=MenuItem class_name= text='Jegyzékek' rectangle={'left': 40, 'top': 29, 'right': 123, 'bottom': 53} center=(81, 41) process_id=21948 native_handle=None topbar_candidate=True popup_candidate=False
2026-08-26 14:58:09.977 | DEBUG    | winwatt_automation.live_ui.menu_helpers:_log_popup_fragment:499 - DBG_MENU_FRAGMENT_MAIN_WINDOW source_scope=main_window control_type=MenuItem class_name= text='Eszközök' rectangle={'left': 123, 'top': 29, 'right': 199, 'bottom': 53} center=(161, 41) process_id=21948 native_handle=None topbar_candidate=True popup_candidate=False
2026-08-26 14:58:09.977 | DEBUG    | winwatt_automation.live_ui.menu_helpers:_log_popup_fragment:499 - DBG_MENU_FRAGMENT_MAIN_WINDOW source_scope=main_window control_type=MenuItem class_name= text='Beállítások' rectangle={'left': 199, 'top': 29, 'right': 287, 'bottom': 53} center=(243, 41) process_id=21948 native_handle=None topbar_candidate=True popup_candidate=False
2026-08-26 14:58:09.977 | DEBUG    | winwatt_automation.live_ui.menu_helpers:_log_popup_fragment:499 - DBG_MENU_FRAGMENT_MAIN_WINDOW source_scope=main_window control_type=MenuItem class_name= text='Ablak' rectangle={'left': 286, 'top': 29, 'right': 341, 'bottom': 53} center=(313, 41) process_id=21948 native_handle=None topbar_candidate=True popup_candidate=False
2026-08-26 14:58:09.977 | DEBUG    | winwatt_automation.live_ui.menu_helpers:_log_popup_fragment:499 - DBG_MENU_FRAGMENT_MAIN_WINDOW source_scope=main_window control_type=MenuItem class_name= text='Súgó' rectangle={'left': 341, 'top': 29, 'right': 392, 'bottom': 53} center=(366, 41) process_id=21948 native_handle=None topbar_candidate=True popup_candidate=False
2026-08-26 14:58:09.977 | DEBUG    | winwatt_automation.live_ui.menu_helpers:_menu_like_controls_from_main_window:1599 - DBG_MENU_FRAGMENT_SOURCE_SUMMARY source_scope=main_window count=7
2026-08-26 14:58:09.977 | DEBUG    | winwatt_automation.live_ui.app_connector:get_cached_main_window:565 - DBG_WINWATT_CACHE_GET reason_code=cache_reused_without_validation payload={'wrapper_type': 'UIAWrapper', 'handle': 3409280, 'process_id': 21948, 'title': 'WinWatt gólya - C:\\Users\\Admin\\Documents\\GitHub\\autowinwatt\\winwatt_automation\\data\\runtime_maps\\full_authorized_sandbox\\20260826T123933Z\\testwwp.wwp', 'class_name': 'TMainForm', 'control_type': 'Window'} last_validation_age_s=0.9839999999967404 diagnostic_fast_mode=False
2026-08-26 14:58:09.977 | DEBUG    | winwatt_automation.live_ui.app_connector:get_cached_main_window:566 - DBG_PHASE_TIMING phase=get_cached_main_window elapsed_ms=0.000 reason_code=cache_reused_without_validation
2026-08-26 14:58:09.992 | DEBUG    | winwatt_automation.live_ui.app_connector:get_cached_main_window:565 - DBG_WINWATT_CACHE_GET reason_code=cache_reused_without_validation payload={'wrapper_type': 'UIAWrapper', 'handle': 3409280, 'process_id': 21948, 'title': 'WinWatt gólya - C:\\Users\\Admin\\Documents\\GitHub\\autowinwatt\\winwatt_automation\\data\\runtime_maps\\full_authorized_sandbox\\20260826T123933Z\\testwwp.wwp', 'class_name': 'TMainForm', 'control_type': 'Window'} last_validation_age_s=0.9839999999967404 diagnostic_fast_mode=False
2026-08-26 14:58:09.993 | DEBUG    | winwatt_automation.live_ui.app_connector:get_cached_main_window:566 - DBG_PHASE_TIMING phase=get_cached_main_window elapsed_ms=16.000 reason_code=cache_reused_without_validation
2026-08-26 14:58:10.176 | DEBUG    | winwatt_automation.live_ui.menu_helpers:_log_popup_fragment:499 - DBG_MENU_FRAGMENT_GLOBAL_SCAN source_scope=global_process_scan control_type=MenuItem class_name= text='Rendszer' rectangle={'left': 0, 'top': 0, 'right': 28, 'bottom': 28} center=(14, 14) process_id=21948 native_handle=None topbar_candidate=True popup_candidate=False
2026-08-26 14:58:10.176 | DEBUG    | winwatt_automation.live_ui.menu_helpers:_log_popup_fragment:499 - DBG_MENU_FRAGMENT_GLOBAL_SCAN source_scope=global_process_scan control_type=MenuItem class_name= text='Fájl' rectangle={'left': 0, 'top': 29, 'right': 40, 'bottom': 53} center=(20, 41) process_id=21948 native_handle=None topbar_candidate=True popup_candidate=False
2026-08-26 14:58:10.176 | DEBUG    | winwatt_automation.live_ui.menu_helpers:_log_popup_fragment:499 - DBG_MENU_FRAGMENT_GLOBAL_SCAN source_scope=global_process_scan control_type=MenuItem class_name= text='Jegyzékek' rectangle={'left': 40, 'top': 29, 'right': 123, 'bottom': 53} center=(81, 41) process_id=21948 native_handle=None topbar_candidate=True popup_candidate=False
2026-08-26 14:58:10.176 | DEBUG    | winwatt_automation.live_ui.menu_helpers:_log_popup_fragment:499 - DBG_MENU_FRAGMENT_GLOBAL_SCAN source_scope=global_process_scan control_type=MenuItem class_name= text='Eszközök' rectangle={'left': 123, 'top': 29, 'right': 199, 'bottom': 53} center=(161, 41) process_id=21948 native_handle=None topbar_candidate=True popup_candidate=False
2026-08-26 14:58:10.176 | DEBUG    | winwatt_automation.live_ui.menu_helpers:_log_popup_fragment:499 - DBG_MENU_FRAGMENT_GLOBAL_SCAN source_scope=global_process_scan control_type=MenuItem class_name= text='Beállítások' rectangle={'left': 199, 'top': 29, 'right': 287, 'bottom': 53} center=(243, 41) process_id=21948 native_handle=None topbar_candidate=True popup_candidate=False
2026-08-26 14:58:10.191 | DEBUG    | winwatt_automation.live_ui.menu_helpers:_log_popup_fragment:499 - DBG_MENU_FRAGMENT_GLOBAL_SCAN source_scope=global_process_scan control_type=MenuItem class_name= text='Ablak' rectangle={'left': 286, 'top': 29, 'right': 341, 'bottom': 53} center=(313, 41) process_id=21948 native_handle=None topbar_candidate=True popup_candidate=False
2026-08-26 14:58:10.193 | DEBUG    | winwatt_automation.live_ui.menu_helpers:_log_popup_fragment:499 - DBG_MENU_FRAGMENT_GLOBAL_SCAN source_scope=global_process_scan control_type=MenuItem class_name= text='Súgó' rectangle={'left': 341, 'top': 29, 'right': 392, 'bottom': 53} center=(366, 41) process_id=21948 native_handle=None topbar_candidate=True popup_candidate=False
2026-08-26 14:58:10.193 | DEBUG    | winwatt_automation.live_ui.menu_helpers:_menu_like_controls_from_global_process_scan:1631 - DBG_MENU_FRAGMENT_SOURCE_SUMMARY source_scope=global_process_scan count=7 process_id=21948
2026-08-26 14:58:10.193 | DEBUG    | winwatt_automation.live_ui.app_connector:get_cached_main_window:565 - DBG_WINWATT_CACHE_GET reason_code=cache_reused_without_validation payload={'wrapper_type': 'UIAWrapper', 'handle': 3409280, 'process_id': 21948, 'title': 'WinWatt gólya - C:\\Users\\Admin\\Documents\\GitHub\\autowinwatt\\winwatt_automation\\data\\runtime_maps\\full_authorized_sandbox\\20260826T123933Z\\testwwp.wwp', 'class_name': 'TMainForm', 'control_type': 'Window'} last_validation_age_s=1.2030000000086147 diagnostic_fast_mode=False
2026-08-26 14:58:10.193 | DEBUG    | winwatt_automation.live_ui.app_connector:get_cached_main_window:566 - DBG_PHASE_TIMING phase=get_cached_main_window elapsed_ms=0.000 reason_code=cache_reused_without_validation
2026-08-26 14:58:10.193 | DEBUG    | winwatt_automation.live_ui.menu_helpers:capture_menu_popup_snapshot:1682 - DBG_POPUP_ROW_DEDUPE rect={'left': 0, 'top': 0, 'right': 28, 'bottom': 28} normalized_text=rendszer class_name= source_scope=main_window deduplicated=False
2026-08-26 14:58:10.193 | DEBUG    | winwatt_automation.live_ui.menu_helpers:capture_menu_popup_snapshot:1682 - DBG_POPUP_ROW_DEDUPE rect={'left': 0, 'top': 29, 'right': 40, 'bottom': 53} normalized_text=fájl class_name= source_scope=main_window deduplicated=False
2026-08-26 14:58:10.193 | DEBUG    | winwatt_automation.live_ui.menu_helpers:capture_menu_popup_snapshot:1682 - DBG_POPUP_ROW_DEDUPE rect={'left': 40, 'top': 29, 'right': 123, 'bottom': 53} normalized_text=jegyzékek class_name= source_scope=main_window deduplicated=False
2026-08-26 14:58:10.193 | DEBUG    | winwatt_automation.live_ui.menu_helpers:capture_menu_popup_snapshot:1682 - DBG_POPUP_ROW_DEDUPE rect={'left': 123, 'top': 29, 'right': 199, 'bottom': 53} normalized_text=eszközök class_name= source_scope=main_window deduplicated=False
2026-08-26 14:58:10.193 | DEBUG    | winwatt_automation.live_ui.menu_helpers:capture_menu_popup_snapshot:1682 - DBG_POPUP_ROW_DEDUPE rect={'left': 199, 'top': 29, 'right': 287, 'bottom': 53} normalized_text=beállítások class_name= source_scope=main_window deduplicated=False
2026-08-26 14:58:10.193 | DEBUG    | winwatt_automation.live_ui.menu_helpers:capture_menu_popup_snapshot:1682 - DBG_POPUP_ROW_DEDUPE rect={'left': 286, 'top': 29, 'right': 341, 'bottom': 53} normalized_text=ablak class_name= source_scope=main_window deduplicated=False
2026-08-26 14:58:10.193 | DEBUG    | winwatt_automation.live_ui.menu_helpers:capture_menu_popup_snapshot:1682 - DBG_POPUP_ROW_DEDUPE rect={'left': 341, 'top': 29, 'right': 392, 'bottom': 53} normalized_text=súgó class_name= source_scope=main_window deduplicated=False
2026-08-26 14:58:10.193 | DEBUG    | winwatt_automation.live_ui.menu_helpers:capture_menu_popup_snapshot:1682 - DBG_POPUP_ROW_DEDUPE rect={'left': 0, 'top': 0, 'right': 28, 'bottom': 28} normalized_text=rendszer class_name= source_scope=global_process_scan deduplicated=False
2026-08-26 14:58:10.193 | DEBUG    | winwatt_automation.live_ui.menu_helpers:capture_menu_popup_snapshot:1682 - DBG_POPUP_ROW_DEDUPE rect={'left': 0, 'top': 29, 'right': 40, 'bottom': 53} normalized_text=fájl class_name= source_scope=global_process_scan deduplicated=False
2026-08-26 14:58:10.193 | DEBUG    | winwatt_automation.live_ui.menu_helpers:capture_menu_popup_snapshot:1682 - DBG_POPUP_ROW_DEDUPE rect={'left': 40, 'top': 29, 'right': 123, 'bottom': 53} normalized_text=jegyzékek class_name= source_scope=global_process_scan deduplicated=False
2026-08-26 14:58:10.193 | DEBUG    | winwatt_automation.live_ui.menu_helpers:capture_menu_popup_snapshot:1682 - DBG_POPUP_ROW_DEDUPE rect={'left': 123, 'top': 29, 'right': 199, 'bottom': 53} normalized_text=eszközök class_name= source_scope=global_process_scan deduplicated=False
2026-08-26 14:58:10.193 | DEBUG    | winwatt_automation.live_ui.menu_helpers:capture_menu_popup_snapshot:1682 - DBG_POPUP_ROW_DEDUPE rect={'left': 199, 'top': 29, 'right': 287, 'bottom': 53} normalized_text=beállítások class_name= source_scope=global_process_scan deduplicated=False
2026-08-26 14:58:10.208 | DEBUG    | winwatt_automation.live_ui.menu_helpers:capture_menu_popup_snapshot:1682 - DBG_POPUP_ROW_DEDUPE rect={'left': 286, 'top': 29, 'right': 341, 'bottom': 53} normalized_text=ablak class_name= source_scope=global_process_scan deduplicated=False
2026-08-26 14:58:10.208 | DEBUG    | winwatt_automation.live_ui.menu_helpers:capture_menu_popup_snapshot:1682 - DBG_POPUP_ROW_DEDUPE rect={'left': 341, 'top': 29, 'right': 392, 'bottom': 53} normalized_text=súgó class_name= source_scope=global_process_scan deduplicated=False
2026-08-26 14:58:10.209 | INFO     | winwatt_automation.live_ui.menu_helpers:capture_menu_popup_snapshot:1724 - POPUP_SNAPSHOT_SUMMARY main_window_fragments=7 global_scan_fragments=7 deduped_fragments=14 topbar_like=12 popup_like=0 empty_text=0 topbar_band=(0, 29, 392, 53) empty_text_vertical_cluster_detected=False accepted_popup_rows=0 popup_heuristic=candidate_count_below_threshold
2026-08-26 14:58:10.209 | DEBUG    | winwatt_automation.live_ui.menu_helpers:capture_menu_popup_snapshot:1737 - Captured menu snapshot rows=14
2026-08-26 14:58:10.209 | DEBUG    | winwatt_automation.live_ui.menu_helpers:_log_phase_timing:83 - DBG_PHASE_TIMING phase=capture_menu_popup_snapshot elapsed_ms=250.000 main_rows=7 global_rows=7 unique_rows=14 diagnostic_fast_mode=False
2026-08-26 14:58:10.377 | INFO     | winwatt_automation.live_ui.menu_helpers:_validate_post_menu_open_foreground:962 - post_click_foreground_validation title=Jegyzékek foreground={'handle': 3409280, 'title': 'WinWatt gólya - C:\\Users\\Admin\\Documents\\GitHub\\autowinwatt\\winwatt_automation\\data\\runtime_maps\\full_authorized_sandbox\\20260826T123933Z\\testwwp.wwp', 'class_name': 'TMainForm', 'process_id': 21948}
2026-08-26 14:58:10.377 | INFO     | winwatt_automation.live_ui.app_connector:is_winwatt_foreground_context:1161 - DBG_WINWATT_FOREGROUND_CONTEXT expected_handle=3409280 expected_process_id=21948 expected_title=WinWatt gólya - C:\Users\Admin\Documents\GitHub\autowinwatt\winwatt_automation\data\runtime_maps\full_authorized_sandbox\20260826T123933Z\testwwp.wwp expected_class_name=TMainForm actual_foreground_handle=3409280 actual_foreground_process_id=21948 actual_foreground_title=WinWatt gólya - C:\Users\Admin\Documents\GitHub\autowinwatt\winwatt_automation\data\runtime_maps\full_authorized_sandbox\20260826T123933Z\testwwp.wwp actual_foreground_class_name=TMainForm allow_dialog=True result_reason=handle_match
2026-08-26 14:58:10.377 | DEBUG    | winwatt_automation.live_ui.app_connector:get_cached_main_window:565 - DBG_WINWATT_CACHE_GET reason_code=cache_reused_without_validation payload={'wrapper_type': 'UIAWrapper', 'handle': 3409280, 'process_id': 21948, 'title': 'WinWatt gólya - C:\\Users\\Admin\\Documents\\GitHub\\autowinwatt\\winwatt_automation\\data\\runtime_maps\\full_authorized_sandbox\\20260826T123933Z\\testwwp.wwp', 'class_name': 'TMainForm', 'control_type': 'Window'} last_validation_age_s=1.3910000000032596 diagnostic_fast_mode=False
2026-08-26 14:58:10.377 | DEBUG    | winwatt_automation.live_ui.app_connector:get_cached_main_window:566 - DBG_PHASE_TIMING phase=get_cached_main_window elapsed_ms=0.000 reason_code=cache_reused_without_validation
2026-08-26 14:58:10.859 | DEBUG    | winwatt_automation.live_ui.app_connector:get_cached_main_window:565 - DBG_WINWATT_CACHE_GET reason_code=cache_reused_without_validation payload={'wrapper_type': 'UIAWrapper', 'handle': 3409280, 'process_id': 21948, 'title': 'WinWatt gólya - C:\\Users\\Admin\\Documents\\GitHub\\autowinwatt\\winwatt_automation\\data\\runtime_maps\\full_authorized_sandbox\\20260826T123933Z\\testwwp.wwp', 'class_name': 'TMainForm', 'control_type': 'Window'} last_validation_age_s=1.875 diagnostic_fast_mode=False
2026-08-26 14:58:10.859 | DEBUG    | winwatt_automation.live_ui.app_connector:get_cached_main_window:566 - DBG_PHASE_TIMING phase=get_cached_main_window elapsed_ms=0.000 reason_code=cache_reused_without_validation
2026-08-26 14:58:10.877 | DEBUG    | winwatt_automation.live_ui.app_connector:get_cached_main_window:565 - DBG_WINWATT_CACHE_GET reason_code=cache_reused_without_validation payload={'wrapper_type': 'UIAWrapper', 'handle': 3409280, 'process_id': 21948, 'title': 'WinWatt gólya - C:\\Users\\Admin\\Documents\\GitHub\\autowinwatt\\winwatt_automation\\data\\runtime_maps\\full_authorized_sandbox\\20260826T123933Z\\testwwp.wwp', 'class_name': 'TMainForm', 'control_type': 'Window'} last_validation_age_s=1.875 diagnostic_fast_mode=False
2026-08-26 14:58:10.877 | DEBUG    | winwatt_automation.live_ui.app_connector:get_cached_main_window:566 - DBG_PHASE_TIMING phase=get_cached_main_window elapsed_ms=16.000 reason_code=cache_reused_without_validation
2026-08-26 14:58:11.376 | INFO     | winwatt_automation.live_ui.menu_helpers:_menu_items:1101 - DBG_MENU_ITEMS_SUMMARY total_items=21 visible_items=21 topbar_band=(0, 0, 392, 464) topbar_band_visible_count=21 popup_region_visible_count=0 force_refresh=False handle=3409280
2026-08-26 14:58:11.376 | DEBUG    | winwatt_automation.live_ui.menu_helpers:_menu_items:1111 - Discovered 21 MenuItem controls
2026-08-26 14:58:11.376 | DEBUG    | winwatt_automation.live_ui.menu_helpers:_log_phase_timing:83 - DBG_PHASE_TIMING phase=_menu_items elapsed_ms=516.000 force_refresh=False total_items=21 visible_items=21
2026-08-26 14:58:11.393 | INFO     | winwatt_automation.live_ui.menu_helpers:_menu_row_from_wrapper:1545 - TEXT_EXTRACTION_FALLBACK_USED source=legacy_text confidence=medium rect={'left': 44, 'top': 56, 'right': 318, 'bottom': 84}
2026-08-26 14:58:11.393 | DEBUG    | winwatt_automation.live_ui.menu_helpers:_log_popup_fragment:499 - DBG_MENU_FRAGMENT_MAIN_WINDOW source_scope=main_window control_type=MenuItem class_name= text='Végrehajtás' rectangle={'left': 44, 'top': 56, 'right': 318, 'bottom': 84} center=(181, 70) process_id=21948 native_handle=None topbar_candidate=True popup_candidate=False
2026-08-26 14:58:11.409 | INFO     | winwatt_automation.live_ui.menu_helpers:_menu_row_from_wrapper:1545 - TEXT_EXTRACTION_FALLBACK_USED source=legacy_text confidence=medium rect={'left': 44, 'top': 84, 'right': 318, 'bottom': 112}
2026-08-26 14:58:11.409 | DEBUG    | winwatt_automation.live_ui.menu_helpers:_log_popup_fragment:499 - DBG_MENU_FRAGMENT_MAIN_WINDOW source_scope=main_window control_type=MenuItem class_name= text='Végrehajtás' rectangle={'left': 44, 'top': 84, 'right': 318, 'bottom': 112} center=(181, 98) process_id=21948 native_handle=None topbar_candidate=True popup_candidate=False
2026-08-26 14:58:11.409 | INFO     | winwatt_automation.live_ui.menu_helpers:_menu_row_from_wrapper:1545 - TEXT_EXTRACTION_FALLBACK_USED source=legacy_text confidence=medium rect={'left': 44, 'top': 111, 'right': 318, 'bottom': 139}
2026-08-26 14:58:11.409 | DEBUG    | winwatt_automation.live_ui.menu_helpers:_log_popup_fragment:499 - DBG_MENU_FRAGMENT_MAIN_WINDOW source_scope=main_window control_type=MenuItem class_name= text='Végrehajtás' rectangle={'left': 44, 'top': 111, 'right': 318, 'bottom': 139} center=(181, 125) process_id=21948 native_handle=None topbar_candidate=True popup_candidate=False
2026-08-26 14:58:11.426 | INFO     | winwatt_automation.live_ui.menu_helpers:_menu_row_from_wrapper:1545 - TEXT_EXTRACTION_FALLBACK_USED source=legacy_text confidence=medium rect={'left': 44, 'top': 139, 'right': 318, 'bottom': 167}
2026-08-26 14:58:11.426 | DEBUG    | winwatt_automation.live_ui.menu_helpers:_log_popup_fragment:499 - DBG_MENU_FRAGMENT_MAIN_WINDOW source_scope=main_window control_type=MenuItem class_name= text='Végrehajtás' rectangle={'left': 44, 'top': 139, 'right': 318, 'bottom': 167} center=(181, 153) process_id=21948 native_handle=None topbar_candidate=True popup_candidate=False
2026-08-26 14:58:11.426 | INFO     | winwatt_automation.live_ui.menu_helpers:_menu_row_from_wrapper:1545 - TEXT_EXTRACTION_FALLBACK_USED source=legacy_text confidence=medium rect={'left': 44, 'top': 166, 'right': 318, 'bottom': 194}
2026-08-26 14:58:11.441 | DEBUG    | winwatt_automation.live_ui.menu_helpers:_log_popup_fragment:499 - DBG_MENU_FRAGMENT_MAIN_WINDOW source_scope=main_window control_type=MenuItem class_name= text='Végrehajtás' rectangle={'left': 44, 'top': 166, 'right': 318, 'bottom': 194} center=(181, 180) process_id=21948 native_handle=None topbar_candidate=True popup_candidate=False
2026-08-26 14:58:11.443 | INFO     | winwatt_automation.live_ui.menu_helpers:_menu_row_from_wrapper:1545 - TEXT_EXTRACTION_FALLBACK_USED source=legacy_text confidence=medium rect={'left': 44, 'top': 201, 'right': 318, 'bottom': 229}
2026-08-26 14:58:11.443 | DEBUG    | winwatt_automation.live_ui.menu_helpers:_log_popup_fragment:499 - DBG_MENU_FRAGMENT_MAIN_WINDOW source_scope=main_window control_type=MenuItem class_name= text='Végrehajtás' rectangle={'left': 44, 'top': 201, 'right': 318, 'bottom': 229} center=(181, 215) process_id=21948 native_handle=None topbar_candidate=True popup_candidate=False
2026-08-26 14:58:11.459 | INFO     | winwatt_automation.live_ui.menu_helpers:_menu_row_from_wrapper:1545 - TEXT_EXTRACTION_FALLBACK_USED source=legacy_text confidence=medium rect={'left': 44, 'top': 229, 'right': 318, 'bottom': 257}
2026-08-26 14:58:11.460 | DEBUG    | winwatt_automation.live_ui.menu_helpers:_log_popup_fragment:499 - DBG_MENU_FRAGMENT_MAIN_WINDOW source_scope=main_window control_type=MenuItem class_name= text='Végrehajtás' rectangle={'left': 44, 'top': 229, 'right': 318, 'bottom': 257} center=(181, 243) process_id=21948 native_handle=None topbar_candidate=True popup_candidate=False
2026-08-26 14:58:11.463 | INFO     | winwatt_automation.live_ui.menu_helpers:_menu_row_from_wrapper:1545 - TEXT_EXTRACTION_FALLBACK_USED source=legacy_text confidence=medium rect={'left': 44, 'top': 256, 'right': 318, 'bottom': 284}
2026-08-26 14:58:11.463 | DEBUG    | winwatt_automation.live_ui.menu_helpers:_log_popup_fragment:499 - DBG_MENU_FRAGMENT_MAIN_WINDOW source_scope=main_window control_type=MenuItem class_name= text='Végrehajtás' rectangle={'left': 44, 'top': 256, 'right': 318, 'bottom': 284} center=(181, 270) process_id=21948 native_handle=None topbar_candidate=True popup_candidate=False
2026-08-26 14:58:11.476 | INFO     | winwatt_automation.live_ui.menu_helpers:_menu_row_from_wrapper:1545 - TEXT_EXTRACTION_FALLBACK_USED source=legacy_text confidence=medium rect={'left': 44, 'top': 284, 'right': 318, 'bottom': 312}
2026-08-26 14:58:11.476 | DEBUG    | winwatt_automation.live_ui.menu_helpers:_log_popup_fragment:499 - DBG_MENU_FRAGMENT_MAIN_WINDOW source_scope=main_window control_type=MenuItem class_name= text='Végrehajtás' rectangle={'left': 44, 'top': 284, 'right': 318, 'bottom': 312} center=(181, 298) process_id=21948 native_handle=None topbar_candidate=True popup_candidate=False
2026-08-26 14:58:11.476 | INFO     | winwatt_automation.live_ui.menu_helpers:_menu_row_from_wrapper:1545 - TEXT_EXTRACTION_FALLBACK_USED source=legacy_text confidence=medium rect={'left': 44, 'top': 319, 'right': 318, 'bottom': 347}
2026-08-26 14:58:11.476 | DEBUG    | winwatt_automation.live_ui.menu_helpers:_log_popup_fragment:499 - DBG_MENU_FRAGMENT_MAIN_WINDOW source_scope=main_window control_type=MenuItem class_name= text='Végrehajtás' rectangle={'left': 44, 'top': 319, 'right': 318, 'bottom': 347} center=(181, 333) process_id=21948 native_handle=None topbar_candidate=True popup_candidate=False
2026-08-26 14:58:11.493 | INFO     | winwatt_automation.live_ui.menu_helpers:_menu_row_from_wrapper:1545 - TEXT_EXTRACTION_FALLBACK_USED source=legacy_text confidence=medium rect={'left': 44, 'top': 346, 'right': 318, 'bottom': 374}
2026-08-26 14:58:11.493 | DEBUG    | winwatt_automation.live_ui.menu_helpers:_log_popup_fragment:499 - DBG_MENU_FRAGMENT_MAIN_WINDOW source_scope=main_window control_type=MenuItem class_name= text='Végrehajtás' rectangle={'left': 44, 'top': 346, 'right': 318, 'bottom': 374} center=(181, 360) process_id=21948 native_handle=None topbar_candidate=True popup_candidate=False
2026-08-26 14:58:11.493 | INFO     | winwatt_automation.live_ui.menu_helpers:_menu_row_from_wrapper:1545 - TEXT_EXTRACTION_FALLBACK_USED source=legacy_text confidence=medium rect={'left': 44, 'top': 374, 'right': 318, 'bottom': 402}
2026-08-26 14:58:11.511 | DEBUG    | winwatt_automation.live_ui.menu_helpers:_log_popup_fragment:499 - DBG_MENU_FRAGMENT_MAIN_WINDOW source_scope=main_window control_type=MenuItem class_name= text='Végrehajtás' rectangle={'left': 44, 'top': 374, 'right': 318, 'bottom': 402} center=(181, 388) process_id=21948 native_handle=None topbar_candidate=True popup_candidate=False
2026-08-26 14:58:11.512 | INFO     | winwatt_automation.live_ui.menu_helpers:_menu_row_from_wrapper:1545 - TEXT_EXTRACTION_FALLBACK_USED source=legacy_text confidence=medium rect={'left': 44, 'top': 401, 'right': 318, 'bottom': 429}
2026-08-26 14:58:11.522 | DEBUG    | winwatt_automation.live_ui.menu_helpers:_log_popup_fragment:499 - DBG_MENU_FRAGMENT_MAIN_WINDOW source_scope=main_window control_type=MenuItem class_name= text='Végrehajtás' rectangle={'left': 44, 'top': 401, 'right': 318, 'bottom': 429} center=(181, 415) process_id=21948 native_handle=None topbar_candidate=True popup_candidate=False
2026-08-26 14:58:11.528 | INFO     | winwatt_automation.live_ui.menu_helpers:_menu_row_from_wrapper:1545 - TEXT_EXTRACTION_FALLBACK_USED source=legacy_text confidence=medium rect={'left': 44, 'top': 436, 'right': 318, 'bottom': 464}
2026-08-26 14:58:11.528 | DEBUG    | winwatt_automation.live_ui.menu_helpers:_log_popup_fragment:499 - DBG_MENU_FRAGMENT_MAIN_WINDOW source_scope=main_window control_type=MenuItem class_name= text='Végrehajtás' rectangle={'left': 44, 'top': 436, 'right': 318, 'bottom': 464} center=(181, 450) process_id=21948 native_handle=None topbar_candidate=True popup_candidate=False
2026-08-26 14:58:11.528 | DEBUG    | winwatt_automation.live_ui.menu_helpers:_log_popup_fragment:499 - DBG_MENU_FRAGMENT_MAIN_WINDOW source_scope=main_window control_type=MenuItem class_name= text='Rendszer' rectangle={'left': 0, 'top': 0, 'right': 28, 'bottom': 28} center=(14, 14) process_id=21948 native_handle=None topbar_candidate=True popup_candidate=False
2026-08-26 14:58:11.528 | DEBUG    | winwatt_automation.live_ui.menu_helpers:_log_popup_fragment:499 - DBG_MENU_FRAGMENT_MAIN_WINDOW source_scope=main_window control_type=MenuItem class_name= text='Fájl' rectangle={'left': 0, 'top': 29, 'right': 40, 'bottom': 53} center=(20, 41) process_id=21948 native_handle=None topbar_candidate=True popup_candidate=False
2026-08-26 14:58:11.528 | DEBUG    | winwatt_automation.live_ui.menu_helpers:_log_popup_fragment:499 - DBG_MENU_FRAGMENT_MAIN_WINDOW source_scope=main_window control_type=MenuItem class_name= text='Jegyzékek' rectangle={'left': 40, 'top': 29, 'right': 123, 'bottom': 53} center=(81, 41) process_id=21948 native_handle=None topbar_candidate=True popup_candidate=False
2026-08-26 14:58:11.528 | DEBUG    | winwatt_automation.live_ui.menu_helpers:_log_popup_fragment:499 - DBG_MENU_FRAGMENT_MAIN_WINDOW source_scope=main_window control_type=MenuItem class_name= text='Eszközök' rectangle={'left': 123, 'top': 29, 'right': 199, 'bottom': 53} center=(161, 41) process_id=21948 native_handle=None topbar_candidate=True popup_candidate=False
2026-08-26 14:58:11.528 | DEBUG    | winwatt_automation.live_ui.menu_helpers:_log_popup_fragment:499 - DBG_MENU_FRAGMENT_MAIN_WINDOW source_scope=main_window control_type=MenuItem class_name= text='Beállítások' rectangle={'left': 199, 'top': 29, 'right': 287, 'bottom': 53} center=(243, 41) process_id=21948 native_handle=None topbar_candidate=True popup_candidate=False
2026-08-26 14:58:11.528 | DEBUG    | winwatt_automation.live_ui.menu_helpers:_log_popup_fragment:499 - DBG_MENU_FRAGMENT_MAIN_WINDOW source_scope=main_window control_type=MenuItem class_name= text='Ablak' rectangle={'left': 286, 'top': 29, 'right': 341, 'bottom': 53} center=(313, 41) process_id=21948 native_handle=None topbar_candidate=True popup_candidate=False
2026-08-26 14:58:11.528 | DEBUG    | winwatt_automation.live_ui.menu_helpers:_log_popup_fragment:499 - DBG_MENU_FRAGMENT_MAIN_WINDOW source_scope=main_window control_type=MenuItem class_name= text='Súgó' rectangle={'left': 341, 'top': 29, 'right': 392, 'bottom': 53} center=(366, 41) process_id=21948 native_handle=None topbar_candidate=True popup_candidate=False
2026-08-26 14:58:11.528 | DEBUG    | winwatt_automation.live_ui.menu_helpers:_menu_like_controls_from_main_window:1599 - DBG_MENU_FRAGMENT_SOURCE_SUMMARY source_scope=main_window count=21
2026-08-26 14:58:11.528 | DEBUG    | winwatt_automation.live_ui.app_connector:get_cached_main_window:565 - DBG_WINWATT_CACHE_GET reason_code=cache_reused_without_validation payload={'wrapper_type': 'UIAWrapper', 'handle': 3409280, 'process_id': 21948, 'title': 'WinWatt gólya - C:\\Users\\Admin\\Documents\\GitHub\\autowinwatt\\winwatt_automation\\data\\runtime_maps\\full_authorized_sandbox\\20260826T123933Z\\testwwp.wwp', 'class_name': 'TMainForm', 'control_type': 'Window'} last_validation_age_s=2.5469999999913853 diagnostic_fast_mode=False
2026-08-26 14:58:11.528 | DEBUG    | winwatt_automation.live_ui.app_connector:get_cached_main_window:566 - DBG_PHASE_TIMING phase=get_cached_main_window elapsed_ms=0.000 reason_code=cache_reused_without_validation
2026-08-26 14:58:11.543 | DEBUG    | winwatt_automation.live_ui.app_connector:get_cached_main_window:565 - DBG_WINWATT_CACHE_GET reason_code=cache_reused_without_validation payload={'wrapper_type': 'UIAWrapper', 'handle': 3409280, 'process_id': 21948, 'title': 'WinWatt gólya - C:\\Users\\Admin\\Documents\\GitHub\\autowinwatt\\winwatt_automation\\data\\runtime_maps\\full_authorized_sandbox\\20260826T123933Z\\testwwp.wwp', 'class_name': 'TMainForm', 'control_type': 'Window'} last_validation_age_s=2.5469999999913853 diagnostic_fast_mode=False
2026-08-26 14:58:11.543 | DEBUG    | winwatt_automation.live_ui.app_connector:get_cached_main_window:566 - DBG_PHASE_TIMING phase=get_cached_main_window elapsed_ms=0.000 reason_code=cache_reused_without_validation
2026-08-26 14:58:11.994 | INFO     | winwatt_automation.live_ui.menu_helpers:_menu_row_from_wrapper:1545 - TEXT_EXTRACTION_FALLBACK_USED source=legacy_text confidence=medium rect={'left': 44, 'top': 56, 'right': 318, 'bottom': 84}
2026-08-26 14:58:11.994 | DEBUG    | winwatt_automation.live_ui.menu_helpers:_log_popup_fragment:499 - DBG_MENU_FRAGMENT_GLOBAL_SCAN source_scope=global_process_scan control_type=MenuItem class_name= text='Végrehajtás' rectangle={'left': 44, 'top': 56, 'right': 318, 'bottom': 84} center=(181, 70) process_id=21948 native_handle=None topbar_candidate=True popup_candidate=False
2026-08-26 14:58:12.012 | INFO     | winwatt_automation.live_ui.menu_helpers:_menu_row_from_wrapper:1545 - TEXT_EXTRACTION_FALLBACK_USED source=legacy_text confidence=medium rect={'left': 44, 'top': 84, 'right': 318, 'bottom': 112}
2026-08-26 14:58:12.026 | DEBUG    | winwatt_automation.live_ui.menu_helpers:_log_popup_fragment:499 - DBG_MENU_FRAGMENT_GLOBAL_SCAN source_scope=global_process_scan control_type=MenuItem class_name= text='Végrehajtás' rectangle={'left': 44, 'top': 84, 'right': 318, 'bottom': 112} center=(181, 98) process_id=21948 native_handle=None topbar_candidate=True popup_candidate=False
2026-08-26 14:58:12.027 | INFO     | winwatt_automation.live_ui.menu_helpers:_menu_row_from_wrapper:1545 - TEXT_EXTRACTION_FALLBACK_USED source=legacy_text confidence=medium rect={'left': 44, 'top': 111, 'right': 318, 'bottom': 139}
2026-08-26 14:58:12.027 | DEBUG    | winwatt_automation.live_ui.menu_helpers:_log_popup_fragment:499 - DBG_MENU_FRAGMENT_GLOBAL_SCAN source_scope=global_process_scan control_type=MenuItem class_name= text='Végrehajtás' rectangle={'left': 44, 'top': 111, 'right': 318, 'bottom': 139} center=(181, 125) process_id=21948 native_handle=None topbar_candidate=True popup_candidate=False
2026-08-26 14:58:12.044 | INFO     | winwatt_automation.live_ui.menu_helpers:_menu_row_from_wrapper:1545 - TEXT_EXTRACTION_FALLBACK_USED source=legacy_text confidence=medium rect={'left': 44, 'top': 139, 'right': 318, 'bottom': 167}
2026-08-26 14:58:12.044 | DEBUG    | winwatt_automation.live_ui.menu_helpers:_log_popup_fragment:499 - DBG_MENU_FRAGMENT_GLOBAL_SCAN source_scope=global_process_scan control_type=MenuItem class_name= text='Végrehajtás' rectangle={'left': 44, 'top': 139, 'right': 318, 'bottom': 167} center=(181, 153) process_id=21948 native_handle=None topbar_candidate=True popup_candidate=False
2026-08-26 14:58:12.044 | INFO     | winwatt_automation.live_ui.menu_helpers:_menu_row_from_wrapper:1545 - TEXT_EXTRACTION_FALLBACK_USED source=legacy_text confidence=medium rect={'left': 44, 'top': 166, 'right': 318, 'bottom': 194}
2026-08-26 14:58:12.044 | DEBUG    | winwatt_automation.live_ui.menu_helpers:_log_popup_fragment:499 - DBG_MENU_FRAGMENT_GLOBAL_SCAN source_scope=global_process_scan control_type=MenuItem class_name= text='Végrehajtás' rectangle={'left': 44, 'top': 166, 'right': 318, 'bottom': 194} center=(181, 180) process_id=21948 native_handle=None topbar_candidate=True popup_candidate=False
2026-08-26 14:58:12.060 | INFO     | winwatt_automation.live_ui.menu_helpers:_menu_row_from_wrapper:1545 - TEXT_EXTRACTION_FALLBACK_USED source=legacy_text confidence=medium rect={'left': 44, 'top': 201, 'right': 318, 'bottom': 229}
2026-08-26 14:58:12.060 | DEBUG    | winwatt_automation.live_ui.menu_helpers:_log_popup_fragment:499 - DBG_MENU_FRAGMENT_GLOBAL_SCAN source_scope=global_process_scan control_type=MenuItem class_name= text='Végrehajtás' rectangle={'left': 44, 'top': 201, 'right': 318, 'bottom': 229} center=(181, 215) process_id=21948 native_handle=None topbar_candidate=True popup_candidate=False
2026-08-26 14:58:12.060 | INFO     | winwatt_automation.live_ui.menu_helpers:_menu_row_from_wrapper:1545 - TEXT_EXTRACTION_FALLBACK_USED source=legacy_text confidence=medium rect={'left': 44, 'top': 229, 'right': 318, 'bottom': 257}
2026-08-26 14:58:12.076 | DEBUG    | winwatt_automation.live_ui.menu_helpers:_log_popup_fragment:499 - DBG_MENU_FRAGMENT_GLOBAL_SCAN source_scope=global_process_scan control_type=MenuItem class_name= text='Végrehajtás' rectangle={'left': 44, 'top': 229, 'right': 318, 'bottom': 257} center=(181, 243) process_id=21948 native_handle=None topbar_candidate=True popup_candidate=False
2026-08-26 14:58:12.076 | INFO     | winwatt_automation.live_ui.menu_helpers:_menu_row_from_wrapper:1545 - TEXT_EXTRACTION_FALLBACK_USED source=legacy_text confidence=medium rect={'left': 44, 'top': 256, 'right': 318, 'bottom': 284}
2026-08-26 14:58:12.076 | DEBUG    | winwatt_automation.live_ui.menu_helpers:_log_popup_fragment:499 - DBG_MENU_FRAGMENT_GLOBAL_SCAN source_scope=global_process_scan control_type=MenuItem class_name= text='Végrehajtás' rectangle={'left': 44, 'top': 256, 'right': 318, 'bottom': 284} center=(181, 270) process_id=21948 native_handle=None topbar_candidate=True popup_candidate=False
2026-08-26 14:58:12.093 | INFO     | winwatt_automation.live_ui.menu_helpers:_menu_row_from_wrapper:1545 - TEXT_EXTRACTION_FALLBACK_USED source=legacy_text confidence=medium rect={'left': 44, 'top': 284, 'right': 318, 'bottom': 312}
2026-08-26 14:58:12.093 | DEBUG    | winwatt_automation.live_ui.menu_helpers:_log_popup_fragment:499 - DBG_MENU_FRAGMENT_GLOBAL_SCAN source_scope=global_process_scan control_type=MenuItem class_name= text='Végrehajtás' rectangle={'left': 44, 'top': 284, 'right': 318, 'bottom': 312} center=(181, 298) process_id=21948 native_handle=None topbar_candidate=True popup_candidate=False
2026-08-26 14:58:12.093 | INFO     | winwatt_automation.live_ui.menu_helpers:_menu_row_from_wrapper:1545 - TEXT_EXTRACTION_FALLBACK_USED source=legacy_text confidence=medium rect={'left': 44, 'top': 319, 'right': 318, 'bottom': 347}
2026-08-26 14:58:12.093 | DEBUG    | winwatt_automation.live_ui.menu_helpers:_log_popup_fragment:499 - DBG_MENU_FRAGMENT_GLOBAL_SCAN source_scope=global_process_scan control_type=MenuItem class_name= text='Végrehajtás' rectangle={'left': 44, 'top': 319, 'right': 318, 'bottom': 347} center=(181, 333) process_id=21948 native_handle=None topbar_candidate=True popup_candidate=False
2026-08-26 14:58:12.109 | INFO     | winwatt_automation.live_ui.menu_helpers:_menu_row_from_wrapper:1545 - TEXT_EXTRACTION_FALLBACK_USED source=legacy_text confidence=medium rect={'left': 44, 'top': 346, 'right': 318, 'bottom': 374}
2026-08-26 14:58:12.109 | DEBUG    | winwatt_automation.live_ui.menu_helpers:_log_popup_fragment:499 - DBG_MENU_FRAGMENT_GLOBAL_SCAN source_scope=global_process_scan control_type=MenuItem class_name= text='Végrehajtás' rectangle={'left': 44, 'top': 346, 'right': 318, 'bottom': 374} center=(181, 360) process_id=21948 native_handle=None topbar_candidate=True popup_candidate=False
2026-08-26 14:58:12.123 | INFO     | winwatt_automation.live_ui.menu_helpers:_menu_row_from_wrapper:1545 - TEXT_EXTRACTION_FALLBACK_USED source=legacy_text confidence=medium rect={'left': 44, 'top': 374, 'right': 318, 'bottom': 402}
2026-08-26 14:58:12.126 | DEBUG    | winwatt_automation.live_ui.menu_helpers:_log_popup_fragment:499 - DBG_MENU_FRAGMENT_GLOBAL_SCAN source_scope=global_process_scan control_type=MenuItem class_name= text='Végrehajtás' rectangle={'left': 44, 'top': 374, 'right': 318, 'bottom': 402} center=(181, 388) process_id=21948 native_handle=None topbar_candidate=True popup_candidate=False
2026-08-26 14:58:12.130 | INFO     | winwatt_automation.live_ui.menu_helpers:_menu_row_from_wrapper:1545 - TEXT_EXTRACTION_FALLBACK_USED source=legacy_text confidence=medium rect={'left': 44, 'top': 401, 'right': 318, 'bottom': 429}
2026-08-26 14:58:12.130 | DEBUG    | winwatt_automation.live_ui.menu_helpers:_log_popup_fragment:499 - DBG_MENU_FRAGMENT_GLOBAL_SCAN source_scope=global_process_scan control_type=MenuItem class_name= text='Végrehajtás' rectangle={'left': 44, 'top': 401, 'right': 318, 'bottom': 429} center=(181, 415) process_id=21948 native_handle=None topbar_candidate=True popup_candidate=False
2026-08-26 14:58:12.143 | INFO     | winwatt_automation.live_ui.menu_helpers:_menu_row_from_wrapper:1545 - TEXT_EXTRACTION_FALLBACK_USED source=legacy_text confidence=medium rect={'left': 44, 'top': 436, 'right': 318, 'bottom': 464}
2026-08-26 14:58:12.143 | DEBUG    | winwatt_automation.live_ui.menu_helpers:_log_popup_fragment:499 - DBG_MENU_FRAGMENT_GLOBAL_SCAN source_scope=global_process_scan control_type=MenuItem class_name= text='Végrehajtás' rectangle={'left': 44, 'top': 436, 'right': 318, 'bottom': 464} center=(181, 450) process_id=21948 native_handle=None topbar_candidate=True popup_candidate=False
2026-08-26 14:58:12.143 | DEBUG    | winwatt_automation.live_ui.menu_helpers:_log_popup_fragment:499 - DBG_MENU_FRAGMENT_GLOBAL_SCAN source_scope=global_process_scan control_type=MenuItem class_name= text='Rendszer' rectangle={'left': 0, 'top': 0, 'right': 28, 'bottom': 28} center=(14, 14) process_id=21948 native_handle=None topbar_candidate=True popup_candidate=False
2026-08-26 14:58:12.143 | DEBUG    | winwatt_automation.live_ui.menu_helpers:_log_popup_fragment:499 - DBG_MENU_FRAGMENT_GLOBAL_SCAN source_scope=global_process_scan control_type=MenuItem class_name= text='Fájl' rectangle={'left': 0, 'top': 29, 'right': 40, 'bottom': 53} center=(20, 41) process_id=21948 native_handle=None topbar_candidate=True popup_candidate=False
2026-08-26 14:58:12.143 | DEBUG    | winwatt_automation.live_ui.menu_helpers:_log_popup_fragment:499 - DBG_MENU_FRAGMENT_GLOBAL_SCAN source_scope=global_process_scan control_type=MenuItem class_name= text='Jegyzékek' rectangle={'left': 40, 'top': 29, 'right': 123, 'bottom': 53} center=(81, 41) process_id=21948 native_handle=None topbar_candidate=True popup_candidate=False
2026-08-26 14:58:12.143 | DEBUG    | winwatt_automation.live_ui.menu_helpers:_log_popup_fragment:499 - DBG_MENU_FRAGMENT_GLOBAL_SCAN source_scope=global_process_scan control_type=MenuItem class_name= text='Eszközök' rectangle={'left': 123, 'top': 29, 'right': 199, 'bottom': 53} center=(161, 41) process_id=21948 native_handle=None topbar_candidate=True popup_candidate=False
2026-08-26 14:58:12.143 | DEBUG    | winwatt_automation.live_ui.menu_helpers:_log_popup_fragment:499 - DBG_MENU_FRAGMENT_GLOBAL_SCAN source_scope=global_process_scan control_type=MenuItem class_name= text='Beállítások' rectangle={'left': 199, 'top': 29, 'right': 287, 'bottom': 53} center=(243, 41) process_id=21948 native_handle=None topbar_candidate=True popup_candidate=False
2026-08-26 14:58:12.143 | DEBUG    | winwatt_automation.live_ui.menu_helpers:_log_popup_fragment:499 - DBG_MENU_FRAGMENT_GLOBAL_SCAN source_scope=global_process_scan control_type=MenuItem class_name= text='Ablak' rectangle={'left': 286, 'top': 29, 'right': 341, 'bottom': 53} center=(313, 41) process_id=21948 native_handle=None topbar_candidate=True popup_candidate=False
2026-08-26 14:58:12.143 | DEBUG    | winwatt_automation.live_ui.menu_helpers:_log_popup_fragment:499 - DBG_MENU_FRAGMENT_GLOBAL_SCAN source_scope=global_process_scan control_type=MenuItem class_name= text='Súgó' rectangle={'left': 341, 'top': 29, 'right': 392, 'bottom': 53} center=(366, 41) process_id=21948 native_handle=None topbar_candidate=True popup_candidate=False
2026-08-26 14:58:12.143 | DEBUG    | winwatt_automation.live_ui.menu_helpers:_menu_like_controls_from_global_process_scan:1631 - DBG_MENU_FRAGMENT_SOURCE_SUMMARY source_scope=global_process_scan count=21 process_id=21948
2026-08-26 14:58:12.143 | DEBUG    | winwatt_automation.live_ui.app_connector:get_cached_main_window:565 - DBG_WINWATT_CACHE_GET reason_code=cache_reused_without_validation payload={'wrapper_type': 'UIAWrapper', 'handle': 3409280, 'process_id': 21948, 'title': 'WinWatt gólya - C:\\Users\\Admin\\Documents\\GitHub\\autowinwatt\\winwatt_automation\\data\\runtime_maps\\full_authorized_sandbox\\20260826T123933Z\\testwwp.wwp', 'class_name': 'TMainForm', 'control_type': 'Window'} last_validation_age_s=3.1559999999881256 diagnostic_fast_mode=False
2026-08-26 14:58:12.143 | DEBUG    | winwatt_automation.live_ui.app_connector:get_cached_main_window:566 - DBG_PHASE_TIMING phase=get_cached_main_window elapsed_ms=0.000 reason_code=cache_reused_without_validation
2026-08-26 14:58:12.612 | DEBUG    | winwatt_automation.live_ui.menu_helpers:capture_menu_popup_snapshot:1682 - DBG_POPUP_ROW_DEDUPE rect={'left': 44, 'top': 56, 'right': 318, 'bottom': 84} normalized_text=végrehajtás class_name= source_scope=main_window deduplicated=False
2026-08-26 14:58:12.612 | DEBUG    | winwatt_automation.live_ui.menu_helpers:capture_menu_popup_snapshot:1682 - DBG_POPUP_ROW_DEDUPE rect={'left': 44, 'top': 84, 'right': 318, 'bottom': 112} normalized_text=végrehajtás class_name= source_scope=main_window deduplicated=False
2026-08-26 14:58:12.612 | DEBUG    | winwatt_automation.live_ui.menu_helpers:capture_menu_popup_snapshot:1682 - DBG_POPUP_ROW_DEDUPE rect={'left': 44, 'top': 111, 'right': 318, 'bottom': 139} normalized_text=végrehajtás class_name= source_scope=main_window deduplicated=False
2026-08-26 14:58:12.612 | DEBUG    | winwatt_automation.live_ui.menu_helpers:capture_menu_popup_snapshot:1682 - DBG_POPUP_ROW_DEDUPE rect={'left': 44, 'top': 139, 'right': 318, 'bottom': 167} normalized_text=végrehajtás class_name= source_scope=main_window deduplicated=False
2026-08-26 14:58:12.612 | DEBUG    | winwatt_automation.live_ui.menu_helpers:capture_menu_popup_snapshot:1682 - DBG_POPUP_ROW_DEDUPE rect={'left': 44, 'top': 166, 'right': 318, 'bottom': 194} normalized_text=végrehajtás class_name= source_scope=main_window deduplicated=False
2026-08-26 14:58:12.612 | DEBUG    | winwatt_automation.live_ui.menu_helpers:capture_menu_popup_snapshot:1682 - DBG_POPUP_ROW_DEDUPE rect={'left': 44, 'top': 201, 'right': 318, 'bottom': 229} normalized_text=végrehajtás class_name= source_scope=main_window deduplicated=False
2026-08-26 14:58:12.612 | DEBUG    | winwatt_automation.live_ui.menu_helpers:capture_menu_popup_snapshot:1682 - DBG_POPUP_ROW_DEDUPE rect={'left': 44, 'top': 229, 'right': 318, 'bottom': 257} normalized_text=végrehajtás class_name= source_scope=main_window deduplicated=False
2026-08-26 14:58:12.612 | DEBUG    | winwatt_automation.live_ui.menu_helpers:capture_menu_popup_snapshot:1682 - DBG_POPUP_ROW_DEDUPE rect={'left': 44, 'top': 256, 'right': 318, 'bottom': 284} normalized_text=végrehajtás class_name= source_scope=main_window deduplicated=False
2026-08-26 14:58:12.612 | DEBUG    | winwatt_automation.live_ui.menu_helpers:capture_menu_popup_snapshot:1682 - DBG_POPUP_ROW_DEDUPE rect={'left': 44, 'top': 284, 'right': 318, 'bottom': 312} normalized_text=végrehajtás class_name= source_scope=main_window deduplicated=False
2026-08-26 14:58:12.612 | DEBUG    | winwatt_automation.live_ui.menu_helpers:capture_menu_popup_snapshot:1682 - DBG_POPUP_ROW_DEDUPE rect={'left': 44, 'top': 319, 'right': 318, 'bottom': 347} normalized_text=végrehajtás class_name= source_scope=main_window deduplicated=False
2026-08-26 14:58:12.612 | DEBUG    | winwatt_automation.live_ui.menu_helpers:capture_menu_popup_snapshot:1682 - DBG_POPUP_ROW_DEDUPE rect={'left': 44, 'top': 346, 'right': 318, 'bottom': 374} normalized_text=végrehajtás class_name= source_scope=main_window deduplicated=False
2026-08-26 14:58:12.612 | DEBUG    | winwatt_automation.live_ui.menu_helpers:capture_menu_popup_snapshot:1682 - DBG_POPUP_ROW_DEDUPE rect={'left': 44, 'top': 374, 'right': 318, 'bottom': 402} normalized_text=végrehajtás class_name= source_scope=main_window deduplicated=False
2026-08-26 14:58:12.626 | DEBUG    | winwatt_automation.live_ui.menu_helpers:capture_menu_popup_snapshot:1682 - DBG_POPUP_ROW_DEDUPE rect={'left': 44, 'top': 401, 'right': 318, 'bottom': 429} normalized_text=végrehajtás class_name= source_scope=main_window deduplicated=False
2026-08-26 14:58:12.626 | DEBUG    | winwatt_automation.live_ui.menu_helpers:capture_menu_popup_snapshot:1682 - DBG_POPUP_ROW_DEDUPE rect={'left': 44, 'top': 436, 'right': 318, 'bottom': 464} normalized_text=végrehajtás class_name= source_scope=main_window deduplicated=False
2026-08-26 14:58:12.626 | DEBUG    | winwatt_automation.live_ui.menu_helpers:capture_menu_popup_snapshot:1682 - DBG_POPUP_ROW_DEDUPE rect={'left': 0, 'top': 0, 'right': 28, 'bottom': 28} normalized_text=rendszer class_name= source_scope=main_window deduplicated=False
2026-08-26 14:58:12.626 | DEBUG    | winwatt_automation.live_ui.menu_helpers:capture_menu_popup_snapshot:1682 - DBG_POPUP_ROW_DEDUPE rect={'left': 0, 'top': 29, 'right': 40, 'bottom': 53} normalized_text=fájl class_name= source_scope=main_window deduplicated=False
2026-08-26 14:58:12.626 | DEBUG    | winwatt_automation.live_ui.menu_helpers:capture_menu_popup_snapshot:1682 - DBG_POPUP_ROW_DEDUPE rect={'left': 40, 'top': 29, 'right': 123, 'bottom': 53} normalized_text=jegyzékek class_name= source_scope=main_window deduplicated=False
2026-08-26 14:58:12.626 | DEBUG    | winwatt_automation.live_ui.menu_helpers:capture_menu_popup_snapshot:1682 - DBG_POPUP_ROW_DEDUPE rect={'left': 123, 'top': 29, 'right': 199, 'bottom': 53} normalized_text=eszközök class_name= source_scope=main_window deduplicated=False
2026-08-26 14:58:12.626 | DEBUG    | winwatt_automation.live_ui.menu_helpers:capture_menu_popup_snapshot:1682 - DBG_POPUP_ROW_DEDUPE rect={'left': 199, 'top': 29, 'right': 287, 'bottom': 53} normalized_text=beállítások class_name= source_scope=main_window deduplicated=False
2026-08-26 14:58:12.626 | DEBUG    | winwatt_automation.live_ui.menu_helpers:capture_menu_popup_snapshot:1682 - DBG_POPUP_ROW_DEDUPE rect={'left': 286, 'top': 29, 'right': 341, 'bottom': 53} normalized_text=ablak class_name= source_scope=main_window deduplicated=False
2026-08-26 14:58:12.626 | DEBUG    | winwatt_automation.live_ui.menu_helpers:capture_menu_popup_snapshot:1682 - DBG_POPUP_ROW_DEDUPE rect={'left': 341, 'top': 29, 'right': 392, 'bottom': 53} normalized_text=súgó class_name= source_scope=main_window deduplicated=False
2026-08-26 14:58:12.626 | DEBUG    | winwatt_automation.live_ui.menu_helpers:capture_menu_popup_snapshot:1682 - DBG_POPUP_ROW_DEDUPE rect={'left': 44, 'top': 56, 'right': 318, 'bottom': 84} normalized_text=végrehajtás class_name= source_scope=global_process_scan deduplicated=False
2026-08-26 14:58:12.626 | DEBUG    | winwatt_automation.live_ui.menu_helpers:capture_menu_popup_snapshot:1682 - DBG_POPUP_ROW_DEDUPE rect={'left': 44, 'top': 84, 'right': 318, 'bottom': 112} normalized_text=végrehajtás class_name= source_scope=global_process_scan deduplicated=False
2026-08-26 14:58:12.626 | DEBUG    | winwatt_automation.live_ui.menu_helpers:capture_menu_popup_snapshot:1682 - DBG_POPUP_ROW_DEDUPE rect={'left': 44, 'top': 111, 'right': 318, 'bottom': 139} normalized_text=végrehajtás class_name= source_scope=global_process_scan deduplicated=False
2026-08-26 14:58:12.626 | DEBUG    | winwatt_automation.live_ui.menu_helpers:capture_menu_popup_snapshot:1682 - DBG_POPUP_ROW_DEDUPE rect={'left': 44, 'top': 139, 'right': 318, 'bottom': 167} normalized_text=végrehajtás class_name= source_scope=global_process_scan deduplicated=False
2026-08-26 14:58:12.626 | DEBUG    | winwatt_automation.live_ui.menu_helpers:capture_menu_popup_snapshot:1682 - DBG_POPUP_ROW_DEDUPE rect={'left': 44, 'top': 166, 'right': 318, 'bottom': 194} normalized_text=végrehajtás class_name= source_scope=global_process_scan deduplicated=False
2026-08-26 14:58:12.626 | DEBUG    | winwatt_automation.live_ui.menu_helpers:capture_menu_popup_snapshot:1682 - DBG_POPUP_ROW_DEDUPE rect={'left': 44, 'top': 201, 'right': 318, 'bottom': 229} normalized_text=végrehajtás class_name= source_scope=global_process_scan deduplicated=False
2026-08-26 14:58:12.626 | DEBUG    | winwatt_automation.live_ui.menu_helpers:capture_menu_popup_snapshot:1682 - DBG_POPUP_ROW_DEDUPE rect={'left': 44, 'top': 229, 'right': 318, 'bottom': 257} normalized_text=végrehajtás class_name= source_scope=global_process_scan deduplicated=False
2026-08-26 14:58:12.626 | DEBUG    | winwatt_automation.live_ui.menu_helpers:capture_menu_popup_snapshot:1682 - DBG_POPUP_ROW_DEDUPE rect={'left': 44, 'top': 256, 'right': 318, 'bottom': 284} normalized_text=végrehajtás class_name= source_scope=global_process_scan deduplicated=False
2026-08-26 14:58:12.626 | DEBUG    | winwatt_automation.live_ui.menu_helpers:capture_menu_popup_snapshot:1682 - DBG_POPUP_ROW_DEDUPE rect={'left': 44, 'top': 284, 'right': 318, 'bottom': 312} normalized_text=végrehajtás class_name= source_scope=global_process_scan deduplicated=False
2026-08-26 14:58:12.626 | DEBUG    | winwatt_automation.live_ui.menu_helpers:capture_menu_popup_snapshot:1682 - DBG_POPUP_ROW_DEDUPE rect={'left': 44, 'top': 319, 'right': 318, 'bottom': 347} normalized_text=végrehajtás class_name= source_scope=global_process_scan deduplicated=False
2026-08-26 14:58:12.626 | DEBUG    | winwatt_automation.live_ui.menu_helpers:capture_menu_popup_snapshot:1682 - DBG_POPUP_ROW_DEDUPE rect={'left': 44, 'top': 346, 'right': 318, 'bottom': 374} normalized_text=végrehajtás class_name= source_scope=global_process_scan deduplicated=False
2026-08-26 14:58:12.626 | DEBUG    | winwatt_automation.live_ui.menu_helpers:capture_menu_popup_snapshot:1682 - DBG_POPUP_ROW_DEDUPE rect={'left': 44, 'top': 374, 'right': 318, 'bottom': 402} normalized_text=végrehajtás class_name= source_scope=global_process_scan deduplicated=False
2026-08-26 14:58:12.626 | DEBUG    | winwatt_automation.live_ui.menu_helpers:capture_menu_popup_snapshot:1682 - DBG_POPUP_ROW_DEDUPE rect={'left': 44, 'top': 401, 'right': 318, 'bottom': 429} normalized_text=végrehajtás class_name= source_scope=global_process_scan deduplicated=False
2026-08-26 14:58:12.626 | DEBUG    | winwatt_automation.live_ui.menu_helpers:capture_menu_popup_snapshot:1682 - DBG_POPUP_ROW_DEDUPE rect={'left': 44, 'top': 436, 'right': 318, 'bottom': 464} normalized_text=végrehajtás class_name= source_scope=global_process_scan deduplicated=False
2026-08-26 14:58:12.626 | DEBUG    | winwatt_automation.live_ui.menu_helpers:capture_menu_popup_snapshot:1682 - DBG_POPUP_ROW_DEDUPE rect={'left': 0, 'top': 0, 'right': 28, 'bottom': 28} normalized_text=rendszer class_name= source_scope=global_process_scan deduplicated=False
2026-08-26 14:58:12.626 | DEBUG    | winwatt_automation.live_ui.menu_helpers:capture_menu_popup_snapshot:1682 - DBG_POPUP_ROW_DEDUPE rect={'left': 0, 'top': 29, 'right': 40, 'bottom': 53} normalized_text=fájl class_name= source_scope=global_process_scan deduplicated=False
2026-08-26 14:58:12.626 | DEBUG    | winwatt_automation.live_ui.menu_helpers:capture_menu_popup_snapshot:1682 - DBG_POPUP_ROW_DEDUPE rect={'left': 40, 'top': 29, 'right': 123, 'bottom': 53} normalized_text=jegyzékek class_name= source_scope=global_process_scan deduplicated=False
2026-08-26 14:58:12.626 | DEBUG    | winwatt_automation.live_ui.menu_helpers:capture_menu_popup_snapshot:1682 - DBG_POPUP_ROW_DEDUPE rect={'left': 123, 'top': 29, 'right': 199, 'bottom': 53} normalized_text=eszközök class_name= source_scope=global_process_scan deduplicated=False
2026-08-26 14:58:12.626 | DEBUG    | winwatt_automation.live_ui.menu_helpers:capture_menu_popup_snapshot:1682 - DBG_POPUP_ROW_DEDUPE rect={'left': 199, 'top': 29, 'right': 287, 'bottom': 53} normalized_text=beállítások class_name= source_scope=global_process_scan deduplicated=False
2026-08-26 14:58:12.626 | DEBUG    | winwatt_automation.live_ui.menu_helpers:capture_menu_popup_snapshot:1682 - DBG_POPUP_ROW_DEDUPE rect={'left': 286, 'top': 29, 'right': 341, 'bottom': 53} normalized_text=ablak class_name= source_scope=global_process_scan deduplicated=False
2026-08-26 14:58:12.626 | DEBUG    | winwatt_automation.live_ui.menu_helpers:capture_menu_popup_snapshot:1682 - DBG_POPUP_ROW_DEDUPE rect={'left': 341, 'top': 29, 'right': 392, 'bottom': 53} normalized_text=súgó class_name= source_scope=global_process_scan deduplicated=False
2026-08-26 14:58:12.626 | INFO     | winwatt_automation.live_ui.menu_helpers:capture_menu_popup_snapshot:1724 - POPUP_SNAPSHOT_SUMMARY main_window_fragments=21 global_scan_fragments=21 deduped_fragments=42 topbar_like=12 popup_like=28 empty_text=0 topbar_band=(0, 29, 392, 53) empty_text_vertical_cluster_detected=False accepted_popup_rows=0 popup_heuristic=candidate_count_below_threshold
2026-08-26 14:58:12.626 | DEBUG    | winwatt_automation.live_ui.menu_helpers:capture_menu_popup_snapshot:1737 - Captured menu snapshot rows=42
2026-08-26 14:58:12.626 | DEBUG    | winwatt_automation.live_ui.menu_helpers:_log_phase_timing:83 - DBG_PHASE_TIMING phase=capture_menu_popup_snapshot elapsed_ms=2250.000 main_rows=21 global_rows=21 unique_rows=42 diagnostic_fast_mode=False
2026-08-26 14:58:12.626 | DEBUG    | winwatt_automation.live_ui.menu_helpers:did_any_new_menu_popup_appear:2272 - Menu popup snapshot diff: before=14 after=42 new=28
2026-08-26 14:58:12.626 | DEBUG    | winwatt_automation.live_ui.app_connector:get_cached_main_window:565 - DBG_WINWATT_CACHE_GET reason_code=cache_reused_without_validation payload={'wrapper_type': 'UIAWrapper', 'handle': 3409280, 'process_id': 21948, 'title': 'WinWatt gólya - C:\\Users\\Admin\\Documents\\GitHub\\autowinwatt\\winwatt_automation\\data\\runtime_maps\\full_authorized_sandbox\\20260826T123933Z\\testwwp.wwp', 'class_name': 'TMainForm', 'control_type': 'Window'} last_validation_age_s=3.6410000000032596 diagnostic_fast_mode=False
2026-08-26 14:58:12.626 | DEBUG    | winwatt_automation.live_ui.app_connector:get_cached_main_window:566 - DBG_PHASE_TIMING phase=get_cached_main_window elapsed_ms=0.000 reason_code=cache_reused_without_validation
2026-08-26 14:58:12.643 | DEBUG    | winwatt_automation.live_ui.app_connector:get_cached_main_window:565 - DBG_WINWATT_CACHE_GET reason_code=cache_reused_without_validation payload={'wrapper_type': 'UIAWrapper', 'handle': 3409280, 'process_id': 21948, 'title': 'WinWatt gólya - C:\\Users\\Admin\\Documents\\GitHub\\autowinwatt\\winwatt_automation\\data\\runtime_maps\\full_authorized_sandbox\\20260826T123933Z\\testwwp.wwp', 'class_name': 'TMainForm', 'control_type': 'Window'} last_validation_age_s=3.6410000000032596 diagnostic_fast_mode=False
2026-08-26 14:58:12.643 | DEBUG    | winwatt_automation.live_ui.app_connector:get_cached_main_window:566 - DBG_PHASE_TIMING phase=get_cached_main_window elapsed_ms=15.000 reason_code=cache_reused_without_validation
2026-08-26 14:58:12.643 | DEBUG    | winwatt_automation.live_ui.app_connector:get_cached_main_window:565 - DBG_WINWATT_CACHE_GET reason_code=cache_reused_without_validation payload={'wrapper_type': 'UIAWrapper', 'handle': 3409280, 'process_id': 21948, 'title': 'WinWatt gólya - C:\\Users\\Admin\\Documents\\GitHub\\autowinwatt\\winwatt_automation\\data\\runtime_maps\\full_authorized_sandbox\\20260826T123933Z\\testwwp.wwp', 'class_name': 'TMainForm', 'control_type': 'Window'} last_validation_age_s=3.6559999999881256 diagnostic_fast_mode=False
2026-08-26 14:58:12.643 | DEBUG    | winwatt_automation.live_ui.app_connector:get_cached_main_window:566 - DBG_PHASE_TIMING phase=get_cached_main_window elapsed_ms=0.000 reason_code=cache_reused_without_validation
2026-08-26 14:58:13.126 | INFO     | winwatt_automation.live_ui.menu_helpers:_menu_items:1101 - DBG_MENU_ITEMS_SUMMARY total_items=21 visible_items=21 topbar_band=(0, 0, 392, 464) topbar_band_visible_count=21 popup_region_visible_count=0 force_refresh=False handle=3409280
2026-08-26 14:58:13.132 | DEBUG    | winwatt_automation.live_ui.menu_helpers:_menu_items:1111 - Discovered 21 MenuItem controls
2026-08-26 14:58:13.132 | DEBUG    | winwatt_automation.live_ui.menu_helpers:_log_phase_timing:83 - DBG_PHASE_TIMING phase=_menu_items elapsed_ms=500.000 force_refresh=False total_items=21 visible_items=21
2026-08-26 14:58:13.132 | INFO     | winwatt_automation.live_ui.menu_helpers:_menu_row_from_wrapper:1545 - TEXT_EXTRACTION_FALLBACK_USED source=legacy_text confidence=medium rect={'left': 44, 'top': 56, 'right': 318, 'bottom': 84}
2026-08-26 14:58:13.143 | DEBUG    | winwatt_automation.live_ui.menu_helpers:_log_popup_fragment:499 - DBG_MENU_FRAGMENT_MAIN_WINDOW source_scope=main_window control_type=MenuItem class_name= text='Végrehajtás' rectangle={'left': 44, 'top': 56, 'right': 318, 'bottom': 84} center=(181, 70) process_id=21948 native_handle=None topbar_candidate=True popup_candidate=False
2026-08-26 14:58:13.143 | INFO     | winwatt_automation.live_ui.menu_helpers:_menu_row_from_wrapper:1545 - TEXT_EXTRACTION_FALLBACK_USED source=legacy_text confidence=medium rect={'left': 44, 'top': 84, 'right': 318, 'bottom': 112}
2026-08-26 14:58:13.143 | DEBUG    | winwatt_automation.live_ui.menu_helpers:_log_popup_fragment:499 - DBG_MENU_FRAGMENT_MAIN_WINDOW source_scope=main_window control_type=MenuItem class_name= text='Végrehajtás' rectangle={'left': 44, 'top': 84, 'right': 318, 'bottom': 112} center=(181, 98) process_id=21948 native_handle=None topbar_candidate=True popup_candidate=False
2026-08-26 14:58:13.159 | INFO     | winwatt_automation.live_ui.menu_helpers:_menu_row_from_wrapper:1545 - TEXT_EXTRACTION_FALLBACK_USED source=legacy_text confidence=medium rect={'left': 44, 'top': 111, 'right': 318, 'bottom': 139}
2026-08-26 14:58:13.159 | DEBUG    | winwatt_automation.live_ui.menu_helpers:_log_popup_fragment:499 - DBG_MENU_FRAGMENT_MAIN_WINDOW source_scope=main_window control_type=MenuItem class_name= text='Végrehajtás' rectangle={'left': 44, 'top': 111, 'right': 318, 'bottom': 139} center=(181, 125) process_id=21948 native_handle=None topbar_candidate=True popup_candidate=False
2026-08-26 14:58:13.159 | INFO     | winwatt_automation.live_ui.menu_helpers:_menu_row_from_wrapper:1545 - TEXT_EXTRACTION_FALLBACK_USED source=legacy_text confidence=medium rect={'left': 44, 'top': 139, 'right': 318, 'bottom': 167}
2026-08-26 14:58:13.159 | DEBUG    | winwatt_automation.live_ui.menu_helpers:_log_popup_fragment:499 - DBG_MENU_FRAGMENT_MAIN_WINDOW source_scope=main_window control_type=MenuItem class_name= text='Végrehajtás' rectangle={'left': 44, 'top': 139, 'right': 318, 'bottom': 167} center=(181, 153) process_id=21948 native_handle=None topbar_candidate=True popup_candidate=False
2026-08-26 14:58:13.176 | INFO     | winwatt_automation.live_ui.menu_helpers:_menu_row_from_wrapper:1545 - TEXT_EXTRACTION_FALLBACK_USED source=legacy_text confidence=medium rect={'left': 44, 'top': 166, 'right': 318, 'bottom': 194}
2026-08-26 14:58:13.176 | DEBUG    | winwatt_automation.live_ui.menu_helpers:_log_popup_fragment:499 - DBG_MENU_FRAGMENT_MAIN_WINDOW source_scope=main_window control_type=MenuItem class_name= text='Végrehajtás' rectangle={'left': 44, 'top': 166, 'right': 318, 'bottom': 194} center=(181, 180) process_id=21948 native_handle=None topbar_candidate=True popup_candidate=False
2026-08-26 14:58:13.176 | INFO     | winwatt_automation.live_ui.menu_helpers:_menu_row_from_wrapper:1545 - TEXT_EXTRACTION_FALLBACK_USED source=legacy_text confidence=medium rect={'left': 44, 'top': 201, 'right': 318, 'bottom': 229}
2026-08-26 14:58:13.193 | DEBUG    | winwatt_automation.live_ui.menu_helpers:_log_popup_fragment:499 - DBG_MENU_FRAGMENT_MAIN_WINDOW source_scope=main_window control_type=MenuItem class_name= text='Végrehajtás' rectangle={'left': 44, 'top': 201, 'right': 318, 'bottom': 229} center=(181, 215) process_id=21948 native_handle=None topbar_candidate=True popup_candidate=False
2026-08-26 14:58:13.193 | INFO     | winwatt_automation.live_ui.menu_helpers:_menu_row_from_wrapper:1545 - TEXT_EXTRACTION_FALLBACK_USED source=legacy_text confidence=medium rect={'left': 44, 'top': 229, 'right': 318, 'bottom': 257}
2026-08-26 14:58:13.193 | DEBUG    | winwatt_automation.live_ui.menu_helpers:_log_popup_fragment:499 - DBG_MENU_FRAGMENT_MAIN_WINDOW source_scope=main_window control_type=MenuItem class_name= text='Végrehajtás' rectangle={'left': 44, 'top': 229, 'right': 318, 'bottom': 257} center=(181, 243) process_id=21948 native_handle=None topbar_candidate=True popup_candidate=False
2026-08-26 14:58:13.209 | INFO     | winwatt_automation.live_ui.menu_helpers:_menu_row_from_wrapper:1545 - TEXT_EXTRACTION_FALLBACK_USED source=legacy_text confidence=medium rect={'left': 44, 'top': 256, 'right': 318, 'bottom': 284}
2026-08-26 14:58:13.209 | DEBUG    | winwatt_automation.live_ui.menu_helpers:_log_popup_fragment:499 - DBG_MENU_FRAGMENT_MAIN_WINDOW source_scope=main_window control_type=MenuItem class_name= text='Végrehajtás' rectangle={'left': 44, 'top': 256, 'right': 318, 'bottom': 284} center=(181, 270) process_id=21948 native_handle=None topbar_candidate=True popup_candidate=False
2026-08-26 14:58:13.209 | INFO     | winwatt_automation.live_ui.menu_helpers:_menu_row_from_wrapper:1545 - TEXT_EXTRACTION_FALLBACK_USED source=legacy_text confidence=medium rect={'left': 44, 'top': 284, 'right': 318, 'bottom': 312}
2026-08-26 14:58:13.209 | DEBUG    | winwatt_automation.live_ui.menu_helpers:_log_popup_fragment:499 - DBG_MENU_FRAGMENT_MAIN_WINDOW source_scope=main_window control_type=MenuItem class_name= text='Végrehajtás' rectangle={'left': 44, 'top': 284, 'right': 318, 'bottom': 312} center=(181, 298) process_id=21948 native_handle=None topbar_candidate=True popup_candidate=False
2026-08-26 14:58:13.226 | INFO     | winwatt_automation.live_ui.menu_helpers:_menu_row_from_wrapper:1545 - TEXT_EXTRACTION_FALLBACK_USED source=legacy_text confidence=medium rect={'left': 44, 'top': 319, 'right': 318, 'bottom': 347}
2026-08-26 14:58:13.226 | DEBUG    | winwatt_automation.live_ui.menu_helpers:_log_popup_fragment:499 - DBG_MENU_FRAGMENT_MAIN_WINDOW source_scope=main_window control_type=MenuItem class_name= text='Végrehajtás' rectangle={'left': 44, 'top': 319, 'right': 318, 'bottom': 347} center=(181, 333) process_id=21948 native_handle=None topbar_candidate=True popup_candidate=False
2026-08-26 14:58:13.226 | INFO     | winwatt_automation.live_ui.menu_helpers:_menu_row_from_wrapper:1545 - TEXT_EXTRACTION_FALLBACK_USED source=legacy_text confidence=medium rect={'left': 44, 'top': 346, 'right': 318, 'bottom': 374}
2026-08-26 14:58:13.242 | DEBUG    | winwatt_automation.live_ui.menu_helpers:_log_popup_fragment:499 - DBG_MENU_FRAGMENT_MAIN_WINDOW source_scope=main_window control_type=MenuItem class_name= text='Végrehajtás' rectangle={'left': 44, 'top': 346, 'right': 318, 'bottom': 374} center=(181, 360) process_id=21948 native_handle=None topbar_candidate=True popup_candidate=False
2026-08-26 14:58:13.251 | INFO     | winwatt_automation.live_ui.menu_helpers:_menu_row_from_wrapper:1545 - TEXT_EXTRACTION_FALLBACK_USED source=legacy_text confidence=medium rect={'left': 44, 'top': 374, 'right': 318, 'bottom': 402}
2026-08-26 14:58:13.254 | DEBUG    | winwatt_automation.live_ui.menu_helpers:_log_popup_fragment:499 - DBG_MENU_FRAGMENT_MAIN_WINDOW source_scope=main_window control_type=MenuItem class_name= text='Végrehajtás' rectangle={'left': 44, 'top': 374, 'right': 318, 'bottom': 402} center=(181, 388) process_id=21948 native_handle=None topbar_candidate=True popup_candidate=False
2026-08-26 14:58:13.262 | INFO     | winwatt_automation.live_ui.menu_helpers:_menu_row_from_wrapper:1545 - TEXT_EXTRACTION_FALLBACK_USED source=legacy_text confidence=medium rect={'left': 44, 'top': 401, 'right': 318, 'bottom': 429}
2026-08-26 14:58:13.263 | DEBUG    | winwatt_automation.live_ui.menu_helpers:_log_popup_fragment:499 - DBG_MENU_FRAGMENT_MAIN_WINDOW source_scope=main_window control_type=MenuItem class_name= text='Végrehajtás' rectangle={'left': 44, 'top': 401, 'right': 318, 'bottom': 429} center=(181, 415) process_id=21948 native_handle=None topbar_candidate=True popup_candidate=False
2026-08-26 14:58:13.263 | INFO     | winwatt_automation.live_ui.menu_helpers:_menu_row_from_wrapper:1545 - TEXT_EXTRACTION_FALLBACK_USED source=legacy_text confidence=medium rect={'left': 44, 'top': 436, 'right': 318, 'bottom': 464}
2026-08-26 14:58:13.263 | DEBUG    | winwatt_automation.live_ui.menu_helpers:_log_popup_fragment:499 - DBG_MENU_FRAGMENT_MAIN_WINDOW source_scope=main_window control_type=MenuItem class_name= text='Végrehajtás' rectangle={'left': 44, 'top': 436, 'right': 318, 'bottom': 464} center=(181, 450) process_id=21948 native_handle=None topbar_candidate=True popup_candidate=False
2026-08-26 14:58:13.263 | DEBUG    | winwatt_automation.live_ui.menu_helpers:_log_popup_fragment:499 - DBG_MENU_FRAGMENT_MAIN_WINDOW source_scope=main_window control_type=MenuItem class_name= text='Rendszer' rectangle={'left': 0, 'top': 0, 'right': 28, 'bottom': 28} center=(14, 14) process_id=21948 native_handle=None topbar_candidate=True popup_candidate=False
2026-08-26 14:58:13.263 | DEBUG    | winwatt_automation.live_ui.menu_helpers:_log_popup_fragment:499 - DBG_MENU_FRAGMENT_MAIN_WINDOW source_scope=main_window control_type=MenuItem class_name= text='Fájl' rectangle={'left': 0, 'top': 29, 'right': 40, 'bottom': 53} center=(20, 41) process_id=21948 native_handle=None topbar_candidate=True popup_candidate=False
2026-08-26 14:58:13.275 | DEBUG    | winwatt_automation.live_ui.menu_helpers:_log_popup_fragment:499 - DBG_MENU_FRAGMENT_MAIN_WINDOW source_scope=main_window control_type=MenuItem class_name= text='Jegyzékek' rectangle={'left': 40, 'top': 29, 'right': 123, 'bottom': 53} center=(81, 41) process_id=21948 native_handle=None topbar_candidate=True popup_candidate=False
2026-08-26 14:58:13.276 | DEBUG    | winwatt_automation.live_ui.menu_helpers:_log_popup_fragment:499 - DBG_MENU_FRAGMENT_MAIN_WINDOW source_scope=main_window control_type=MenuItem class_name= text='Eszközök' rectangle={'left': 123, 'top': 29, 'right': 199, 'bottom': 53} center=(161, 41) process_id=21948 native_handle=None topbar_candidate=True popup_candidate=False
2026-08-26 14:58:13.276 | DEBUG    | winwatt_automation.live_ui.menu_helpers:_log_popup_fragment:499 - DBG_MENU_FRAGMENT_MAIN_WINDOW source_scope=main_window control_type=MenuItem class_name= text='Beállítások' rectangle={'left': 199, 'top': 29, 'right': 287, 'bottom': 53} center=(243, 41) process_id=21948 native_handle=None topbar_candidate=True popup_candidate=False
2026-08-26 14:58:13.276 | DEBUG    | winwatt_automation.live_ui.menu_helpers:_log_popup_fragment:499 - DBG_MENU_FRAGMENT_MAIN_WINDOW source_scope=main_window control_type=MenuItem class_name= text='Ablak' rectangle={'left': 286, 'top': 29, 'right': 341, 'bottom': 53} center=(313, 41) process_id=21948 native_handle=None topbar_candidate=True popup_candidate=False
2026-08-26 14:58:13.276 | DEBUG    | winwatt_automation.live_ui.menu_helpers:_log_popup_fragment:499 - DBG_MENU_FRAGMENT_MAIN_WINDOW source_scope=main_window control_type=MenuItem class_name= text='Súgó' rectangle={'left': 341, 'top': 29, 'right': 392, 'bottom': 53} center=(366, 41) process_id=21948 native_handle=None topbar_candidate=True popup_candidate=False
2026-08-26 14:58:13.276 | DEBUG    | winwatt_automation.live_ui.menu_helpers:_menu_like_controls_from_main_window:1599 - DBG_MENU_FRAGMENT_SOURCE_SUMMARY source_scope=main_window count=21
2026-08-26 14:58:13.276 | INFO     | winwatt_automation.live_ui.app_connector:is_winwatt_foreground_context:1161 - DBG_WINWATT_FOREGROUND_CONTEXT expected_handle=3409280 expected_process_id=21948 expected_title=WinWatt gólya - C:\Users\Admin\Documents\GitHub\autowinwatt\winwatt_automation\data\runtime_maps\full_authorized_sandbox\20260826T123933Z\testwwp.wwp expected_class_name=TMainForm actual_foreground_handle=3409280 actual_foreground_process_id=21948 actual_foreground_title=WinWatt gólya - C:\Users\Admin\Documents\GitHub\autowinwatt\winwatt_automation\data\runtime_maps\full_authorized_sandbox\20260826T123933Z\testwwp.wwp actual_foreground_class_name=TMainForm allow_dialog=True result_reason=handle_match
2026-08-26 14:58:13.276 | INFO     | winwatt_automation.live_ui.app_connector:_cached_window_health_status:489 - DBG_WINWATT_CACHE_HEALTH reason_code=healthy payload={'wrapper_type': 'UIAWrapper', 'handle': 3409280, 'process_id': 21948, 'title': 'WinWatt gólya - C:\\Users\\Admin\\Documents\\GitHub\\autowinwatt\\winwatt_automation\\data\\runtime_maps\\full_authorized_sandbox\\20260826T123933Z\\testwwp.wwp', 'class_name': 'TMainForm', 'control_type': 'Window'}
2026-08-26 14:58:13.276 | DEBUG    | winwatt_automation.live_ui.app_connector:get_cached_main_window:574 - DBG_WINWATT_CACHE_GET reason_code=cache_validated_ok payload={'wrapper_type': 'UIAWrapper', 'handle': 3409280, 'process_id': 21948, 'title': 'WinWatt gólya - C:\\Users\\Admin\\Documents\\GitHub\\autowinwatt\\winwatt_automation\\data\\runtime_maps\\full_authorized_sandbox\\20260826T123933Z\\testwwp.wwp', 'class_name': 'TMainForm', 'control_type': 'Window'} last_validation_age_s=4.280999999988126 diagnostic_fast_mode=False
2026-08-26 14:58:13.276 | DEBUG    | winwatt_automation.live_ui.app_connector:get_cached_main_window:575 - DBG_PHASE_TIMING phase=get_cached_main_window elapsed_ms=0.000 reason_code=cache_validated_ok
2026-08-26 14:58:13.291 | DEBUG    | winwatt_automation.live_ui.app_connector:get_cached_main_window:565 - DBG_WINWATT_CACHE_GET reason_code=cache_reused_without_validation payload={'wrapper_type': 'UIAWrapper', 'handle': 3409280, 'process_id': 21948, 'title': 'WinWatt gólya - C:\\Users\\Admin\\Documents\\GitHub\\autowinwatt\\winwatt_automation\\data\\runtime_maps\\full_authorized_sandbox\\20260826T123933Z\\testwwp.wwp', 'class_name': 'TMainForm', 'control_type': 'Window'} last_validation_age_s=0.0 diagnostic_fast_mode=False
2026-08-26 14:58:13.291 | DEBUG    | winwatt_automation.live_ui.app_connector:get_cached_main_window:566 - DBG_PHASE_TIMING phase=get_cached_main_window elapsed_ms=16.000 reason_code=cache_reused_without_validation
2026-08-26 14:58:13.702 | INFO     | winwatt_automation.live_ui.menu_helpers:_menu_row_from_wrapper:1545 - TEXT_EXTRACTION_FALLBACK_USED source=legacy_text confidence=medium rect={'left': 44, 'top': 56, 'right': 318, 'bottom': 84}
2026-08-26 14:58:13.721 | DEBUG    | winwatt_automation.live_ui.menu_helpers:_log_popup_fragment:499 - DBG_MENU_FRAGMENT_GLOBAL_SCAN source_scope=global_process_scan control_type=MenuItem class_name= text='Végrehajtás' rectangle={'left': 44, 'top': 56, 'right': 318, 'bottom': 84} center=(181, 70) process_id=21948 native_handle=None topbar_candidate=True popup_candidate=False
2026-08-26 14:58:13.732 | INFO     | winwatt_automation.live_ui.menu_helpers:_menu_row_from_wrapper:1545 - TEXT_EXTRACTION_FALLBACK_USED source=legacy_text confidence=medium rect={'left': 44, 'top': 84, 'right': 318, 'bottom': 112}
2026-08-26 14:58:13.735 | DEBUG    | winwatt_automation.live_ui.menu_helpers:_log_popup_fragment:499 - DBG_MENU_FRAGMENT_GLOBAL_SCAN source_scope=global_process_scan control_type=MenuItem class_name= text='Végrehajtás' rectangle={'left': 44, 'top': 84, 'right': 318, 'bottom': 112} center=(181, 98) process_id=21948 native_handle=None topbar_candidate=True popup_candidate=False
2026-08-26 14:58:13.735 | INFO     | winwatt_automation.live_ui.menu_helpers:_menu_row_from_wrapper:1545 - TEXT_EXTRACTION_FALLBACK_USED source=legacy_text confidence=medium rect={'left': 44, 'top': 111, 'right': 318, 'bottom': 139}
2026-08-26 14:58:13.735 | DEBUG    | winwatt_automation.live_ui.menu_helpers:_log_popup_fragment:499 - DBG_MENU_FRAGMENT_GLOBAL_SCAN source_scope=global_process_scan control_type=MenuItem class_name= text='Végrehajtás' rectangle={'left': 44, 'top': 111, 'right': 318, 'bottom': 139} center=(181, 125) process_id=21948 native_handle=None topbar_candidate=True popup_candidate=False
2026-08-26 14:58:13.750 | INFO     | winwatt_automation.live_ui.menu_helpers:_menu_row_from_wrapper:1545 - TEXT_EXTRACTION_FALLBACK_USED source=legacy_text confidence=medium rect={'left': 44, 'top': 139, 'right': 318, 'bottom': 167}
2026-08-26 14:58:13.750 | DEBUG    | winwatt_automation.live_ui.menu_helpers:_log_popup_fragment:499 - DBG_MENU_FRAGMENT_GLOBAL_SCAN source_scope=global_process_scan control_type=MenuItem class_name= text='Végrehajtás' rectangle={'left': 44, 'top': 139, 'right': 318, 'bottom': 167} center=(181, 153) process_id=21948 native_handle=None topbar_candidate=True popup_candidate=False
2026-08-26 14:58:13.766 | INFO     | winwatt_automation.live_ui.menu_helpers:_menu_row_from_wrapper:1545 - TEXT_EXTRACTION_FALLBACK_USED source=legacy_text confidence=medium rect={'left': 44, 'top': 166, 'right': 318, 'bottom': 194}
2026-08-26 14:58:13.778 | DEBUG    | winwatt_automation.live_ui.menu_helpers:_log_popup_fragment:499 - DBG_MENU_FRAGMENT_GLOBAL_SCAN source_scope=global_process_scan control_type=MenuItem class_name= text='Végrehajtás' rectangle={'left': 44, 'top': 166, 'right': 318, 'bottom': 194} center=(181, 180) process_id=21948 native_handle=None topbar_candidate=True popup_candidate=False
2026-08-26 14:58:13.789 | INFO     | winwatt_automation.live_ui.menu_helpers:_menu_row_from_wrapper:1545 - TEXT_EXTRACTION_FALLBACK_USED source=legacy_text confidence=medium rect={'left': 44, 'top': 201, 'right': 318, 'bottom': 229}
2026-08-26 14:58:13.793 | DEBUG    | winwatt_automation.live_ui.menu_helpers:_log_popup_fragment:499 - DBG_MENU_FRAGMENT_GLOBAL_SCAN source_scope=global_process_scan control_type=MenuItem class_name= text='Végrehajtás' rectangle={'left': 44, 'top': 201, 'right': 318, 'bottom': 229} center=(181, 215) process_id=21948 native_handle=None topbar_candidate=True popup_candidate=False
2026-08-26 14:58:13.806 | INFO     | winwatt_automation.live_ui.menu_helpers:_menu_row_from_wrapper:1545 - TEXT_EXTRACTION_FALLBACK_USED source=legacy_text confidence=medium rect={'left': 44, 'top': 229, 'right': 318, 'bottom': 257}
2026-08-26 14:58:13.810 | DEBUG    | winwatt_automation.live_ui.menu_helpers:_log_popup_fragment:499 - DBG_MENU_FRAGMENT_GLOBAL_SCAN source_scope=global_process_scan control_type=MenuItem class_name= text='Végrehajtás' rectangle={'left': 44, 'top': 229, 'right': 318, 'bottom': 257} center=(181, 243) process_id=21948 native_handle=None topbar_candidate=True popup_candidate=False
2026-08-26 14:58:13.822 | INFO     | winwatt_automation.live_ui.menu_helpers:_menu_row_from_wrapper:1545 - TEXT_EXTRACTION_FALLBACK_USED source=legacy_text confidence=medium rect={'left': 44, 'top': 256, 'right': 318, 'bottom': 284}
2026-08-26 14:58:13.825 | DEBUG    | winwatt_automation.live_ui.menu_helpers:_log_popup_fragment:499 - DBG_MENU_FRAGMENT_GLOBAL_SCAN source_scope=global_process_scan control_type=MenuItem class_name= text='Végrehajtás' rectangle={'left': 44, 'top': 256, 'right': 318, 'bottom': 284} center=(181, 270) process_id=21948 native_handle=None topbar_candidate=True popup_candidate=False
2026-08-26 14:58:13.834 | INFO     | winwatt_automation.live_ui.menu_helpers:_menu_row_from_wrapper:1545 - TEXT_EXTRACTION_FALLBACK_USED source=legacy_text confidence=medium rect={'left': 44, 'top': 284, 'right': 318, 'bottom': 312}
2026-08-26 14:58:13.837 | DEBUG    | winwatt_automation.live_ui.menu_helpers:_log_popup_fragment:499 - DBG_MENU_FRAGMENT_GLOBAL_SCAN source_scope=global_process_scan control_type=MenuItem class_name= text='Végrehajtás' rectangle={'left': 44, 'top': 284, 'right': 318, 'bottom': 312} center=(181, 298) process_id=21948 native_handle=None topbar_candidate=True popup_candidate=False
2026-08-26 14:58:13.847 | INFO     | winwatt_automation.live_ui.menu_helpers:_menu_row_from_wrapper:1545 - TEXT_EXTRACTION_FALLBACK_USED source=legacy_text confidence=medium rect={'left': 44, 'top': 319, 'right': 318, 'bottom': 347}
2026-08-26 14:58:13.851 | DEBUG    | winwatt_automation.live_ui.menu_helpers:_log_popup_fragment:499 - DBG_MENU_FRAGMENT_GLOBAL_SCAN source_scope=global_process_scan control_type=MenuItem class_name= text='Végrehajtás' rectangle={'left': 44, 'top': 319, 'right': 318, 'bottom': 347} center=(181, 333) process_id=21948 native_handle=None topbar_candidate=True popup_candidate=False
2026-08-26 14:58:13.859 | INFO     | winwatt_automation.live_ui.menu_helpers:_menu_row_from_wrapper:1545 - TEXT_EXTRACTION_FALLBACK_USED source=legacy_text confidence=medium rect={'left': 44, 'top': 346, 'right': 318, 'bottom': 374}
2026-08-26 14:58:13.865 | DEBUG    | winwatt_automation.live_ui.menu_helpers:_log_popup_fragment:499 - DBG_MENU_FRAGMENT_GLOBAL_SCAN source_scope=global_process_scan control_type=MenuItem class_name= text='Végrehajtás' rectangle={'left': 44, 'top': 346, 'right': 318, 'bottom': 374} center=(181, 360) process_id=21948 native_handle=None topbar_candidate=True popup_candidate=False
2026-08-26 14:58:13.865 | INFO     | winwatt_automation.live_ui.menu_helpers:_menu_row_from_wrapper:1545 - TEXT_EXTRACTION_FALLBACK_USED source=legacy_text confidence=medium rect={'left': 44, 'top': 374, 'right': 318, 'bottom': 402}
2026-08-26 14:58:13.875 | DEBUG    | winwatt_automation.live_ui.menu_helpers:_log_popup_fragment:499 - DBG_MENU_FRAGMENT_GLOBAL_SCAN source_scope=global_process_scan control_type=MenuItem class_name= text='Végrehajtás' rectangle={'left': 44, 'top': 374, 'right': 318, 'bottom': 402} center=(181, 388) process_id=21948 native_handle=None topbar_candidate=True popup_candidate=False
2026-08-26 14:58:13.875 | INFO     | winwatt_automation.live_ui.menu_helpers:_menu_row_from_wrapper:1545 - TEXT_EXTRACTION_FALLBACK_USED source=legacy_text confidence=medium rect={'left': 44, 'top': 401, 'right': 318, 'bottom': 429}
2026-08-26 14:58:13.875 | DEBUG    | winwatt_automation.live_ui.menu_helpers:_log_popup_fragment:499 - DBG_MENU_FRAGMENT_GLOBAL_SCAN source_scope=global_process_scan control_type=MenuItem class_name= text='Végrehajtás' rectangle={'left': 44, 'top': 401, 'right': 318, 'bottom': 429} center=(181, 415) process_id=21948 native_handle=None topbar_candidate=True popup_candidate=False
2026-08-26 14:58:13.897 | INFO     | winwatt_automation.live_ui.menu_helpers:_menu_row_from_wrapper:1545 - TEXT_EXTRACTION_FALLBACK_USED source=legacy_text confidence=medium rect={'left': 44, 'top': 436, 'right': 318, 'bottom': 464}
2026-08-26 14:58:13.900 | DEBUG    | winwatt_automation.live_ui.menu_helpers:_log_popup_fragment:499 - DBG_MENU_FRAGMENT_GLOBAL_SCAN source_scope=global_process_scan control_type=MenuItem class_name= text='Végrehajtás' rectangle={'left': 44, 'top': 436, 'right': 318, 'bottom': 464} center=(181, 450) process_id=21948 native_handle=None topbar_candidate=True popup_candidate=False
2026-08-26 14:58:13.901 | DEBUG    | winwatt_automation.live_ui.menu_helpers:_log_popup_fragment:499 - DBG_MENU_FRAGMENT_GLOBAL_SCAN source_scope=global_process_scan control_type=MenuItem class_name= text='Rendszer' rectangle={'left': 0, 'top': 0, 'right': 28, 'bottom': 28} center=(14, 14) process_id=21948 native_handle=None topbar_candidate=True popup_candidate=False
2026-08-26 14:58:13.902 | DEBUG    | winwatt_automation.live_ui.menu_helpers:_log_popup_fragment:499 - DBG_MENU_FRAGMENT_GLOBAL_SCAN source_scope=global_process_scan control_type=MenuItem class_name= text='Fájl' rectangle={'left': 0, 'top': 29, 'right': 40, 'bottom': 53} center=(20, 41) process_id=21948 native_handle=None topbar_candidate=True popup_candidate=False
2026-08-26 14:58:13.903 | DEBUG    | winwatt_automation.live_ui.menu_helpers:_log_popup_fragment:499 - DBG_MENU_FRAGMENT_GLOBAL_SCAN source_scope=global_process_scan control_type=MenuItem class_name= text='Jegyzékek' rectangle={'left': 40, 'top': 29, 'right': 123, 'bottom': 53} center=(81, 41) process_id=21948 native_handle=None topbar_candidate=True popup_candidate=False
2026-08-26 14:58:13.904 | DEBUG    | winwatt_automation.live_ui.menu_helpers:_log_popup_fragment:499 - DBG_MENU_FRAGMENT_GLOBAL_SCAN source_scope=global_process_scan control_type=MenuItem class_name= text='Eszközök' rectangle={'left': 123, 'top': 29, 'right': 199, 'bottom': 53} center=(161, 41) process_id=21948 native_handle=None topbar_candidate=True popup_candidate=False
2026-08-26 14:58:13.904 | DEBUG    | winwatt_automation.live_ui.menu_helpers:_log_popup_fragment:499 - DBG_MENU_FRAGMENT_GLOBAL_SCAN source_scope=global_process_scan control_type=MenuItem class_name= text='Beállítások' rectangle={'left': 199, 'top': 29, 'right': 287, 'bottom': 53} center=(243, 41) process_id=21948 native_handle=None topbar_candidate=True popup_candidate=False
2026-08-26 14:58:13.905 | DEBUG    | winwatt_automation.live_ui.menu_helpers:_log_popup_fragment:499 - DBG_MENU_FRAGMENT_GLOBAL_SCAN source_scope=global_process_scan control_type=MenuItem class_name= text='Ablak' rectangle={'left': 286, 'top': 29, 'right': 341, 'bottom': 53} center=(313, 41) process_id=21948 native_handle=None topbar_candidate=True popup_candidate=False
2026-08-26 14:58:13.906 | DEBUG    | winwatt_automation.live_ui.menu_helpers:_log_popup_fragment:499 - DBG_MENU_FRAGMENT_GLOBAL_SCAN source_scope=global_process_scan control_type=MenuItem class_name= text='Súgó' rectangle={'left': 341, 'top': 29, 'right': 392, 'bottom': 53} center=(366, 41) process_id=21948 native_handle=None topbar_candidate=True popup_candidate=False
2026-08-26 14:58:13.909 | DEBUG    | winwatt_automation.live_ui.menu_helpers:_menu_like_controls_from_global_process_scan:1631 - DBG_MENU_FRAGMENT_SOURCE_SUMMARY source_scope=global_process_scan count=21 process_id=21948
2026-08-26 14:58:13.913 | DEBUG    | winwatt_automation.live_ui.app_connector:get_cached_main_window:565 - DBG_WINWATT_CACHE_GET reason_code=cache_reused_without_validation payload={'wrapper_type': 'UIAWrapper', 'handle': 3409280, 'process_id': 21948, 'title': 'WinWatt gólya - C:\\Users\\Admin\\Documents\\GitHub\\autowinwatt\\winwatt_automation\\data\\runtime_maps\\full_authorized_sandbox\\20260826T123933Z\\testwwp.wwp', 'class_name': 'TMainForm', 'control_type': 'Window'} last_validation_age_s=0.6410000000032596 diagnostic_fast_mode=False
2026-08-26 14:58:13.913 | DEBUG    | winwatt_automation.live_ui.app_connector:get_cached_main_window:566 - DBG_PHASE_TIMING phase=get_cached_main_window elapsed_ms=0.000 reason_code=cache_reused_without_validation
2026-08-26 14:58:14.400 | DEBUG    | winwatt_automation.live_ui.menu_helpers:capture_menu_popup_snapshot:1682 - DBG_POPUP_ROW_DEDUPE rect={'left': 44, 'top': 56, 'right': 318, 'bottom': 84} normalized_text=végrehajtás class_name= source_scope=main_window deduplicated=False
2026-08-26 14:58:14.400 | DEBUG    | winwatt_automation.live_ui.menu_helpers:capture_menu_popup_snapshot:1682 - DBG_POPUP_ROW_DEDUPE rect={'left': 44, 'top': 84, 'right': 318, 'bottom': 112} normalized_text=végrehajtás class_name= source_scope=main_window deduplicated=False
2026-08-26 14:58:14.400 | DEBUG    | winwatt_automation.live_ui.menu_helpers:capture_menu_popup_snapshot:1682 - DBG_POPUP_ROW_DEDUPE rect={'left': 44, 'top': 111, 'right': 318, 'bottom': 139} normalized_text=végrehajtás class_name= source_scope=main_window deduplicated=False
2026-08-26 14:58:14.400 | DEBUG    | winwatt_automation.live_ui.menu_helpers:capture_menu_popup_snapshot:1682 - DBG_POPUP_ROW_DEDUPE rect={'left': 44, 'top': 139, 'right': 318, 'bottom': 167} normalized_text=végrehajtás class_name= source_scope=main_window deduplicated=False
2026-08-26 14:58:14.400 | DEBUG    | winwatt_automation.live_ui.menu_helpers:capture_menu_popup_snapshot:1682 - DBG_POPUP_ROW_DEDUPE rect={'left': 44, 'top': 166, 'right': 318, 'bottom': 194} normalized_text=végrehajtás class_name= source_scope=main_window deduplicated=False
2026-08-26 14:58:14.400 | DEBUG    | winwatt_automation.live_ui.menu_helpers:capture_menu_popup_snapshot:1682 - DBG_POPUP_ROW_DEDUPE rect={'left': 44, 'top': 201, 'right': 318, 'bottom': 229} normalized_text=végrehajtás class_name= source_scope=main_window deduplicated=False
2026-08-26 14:58:14.400 | DEBUG    | winwatt_automation.live_ui.menu_helpers:capture_menu_popup_snapshot:1682 - DBG_POPUP_ROW_DEDUPE rect={'left': 44, 'top': 229, 'right': 318, 'bottom': 257} normalized_text=végrehajtás class_name= source_scope=main_window deduplicated=False
2026-08-26 14:58:14.400 | DEBUG    | winwatt_automation.live_ui.menu_helpers:capture_menu_popup_snapshot:1682 - DBG_POPUP_ROW_DEDUPE rect={'left': 44, 'top': 256, 'right': 318, 'bottom': 284} normalized_text=végrehajtás class_name= source_scope=main_window deduplicated=False
2026-08-26 14:58:14.400 | DEBUG    | winwatt_automation.live_ui.menu_helpers:capture_menu_popup_snapshot:1682 - DBG_POPUP_ROW_DEDUPE rect={'left': 44, 'top': 284, 'right': 318, 'bottom': 312} normalized_text=végrehajtás class_name= source_scope=main_window deduplicated=False
2026-08-26 14:58:14.400 | DEBUG    | winwatt_automation.live_ui.menu_helpers:capture_menu_popup_snapshot:1682 - DBG_POPUP_ROW_DEDUPE rect={'left': 44, 'top': 319, 'right': 318, 'bottom': 347} normalized_text=végrehajtás class_name= source_scope=main_window deduplicated=False
2026-08-26 14:58:14.400 | DEBUG    | winwatt_automation.live_ui.menu_helpers:capture_menu_popup_snapshot:1682 - DBG_POPUP_ROW_DEDUPE rect={'left': 44, 'top': 346, 'right': 318, 'bottom': 374} normalized_text=végrehajtás class_name= source_scope=main_window deduplicated=False
2026-08-26 14:58:14.400 | DEBUG    | winwatt_automation.live_ui.menu_helpers:capture_menu_popup_snapshot:1682 - DBG_POPUP_ROW_DEDUPE rect={'left': 44, 'top': 374, 'right': 318, 'bottom': 402} normalized_text=végrehajtás class_name= source_scope=main_window deduplicated=False
2026-08-26 14:58:14.400 | DEBUG    | winwatt_automation.live_ui.menu_helpers:capture_menu_popup_snapshot:1682 - DBG_POPUP_ROW_DEDUPE rect={'left': 44, 'top': 401, 'right': 318, 'bottom': 429} normalized_text=végrehajtás class_name= source_scope=main_window deduplicated=False
2026-08-26 14:58:14.400 | DEBUG    | winwatt_automation.live_ui.menu_helpers:capture_menu_popup_snapshot:1682 - DBG_POPUP_ROW_DEDUPE rect={'left': 44, 'top': 436, 'right': 318, 'bottom': 464} normalized_text=végrehajtás class_name= source_scope=main_window deduplicated=False
2026-08-26 14:58:14.400 | DEBUG    | winwatt_automation.live_ui.menu_helpers:capture_menu_popup_snapshot:1682 - DBG_POPUP_ROW_DEDUPE rect={'left': 0, 'top': 0, 'right': 28, 'bottom': 28} normalized_text=rendszer class_name= source_scope=main_window deduplicated=False
2026-08-26 14:58:14.400 | DEBUG    | winwatt_automation.live_ui.menu_helpers:capture_menu_popup_snapshot:1682 - DBG_POPUP_ROW_DEDUPE rect={'left': 0, 'top': 29, 'right': 40, 'bottom': 53} normalized_text=fájl class_name= source_scope=main_window deduplicated=False
2026-08-26 14:58:14.400 | DEBUG    | winwatt_automation.live_ui.menu_helpers:capture_menu_popup_snapshot:1682 - DBG_POPUP_ROW_DEDUPE rect={'left': 40, 'top': 29, 'right': 123, 'bottom': 53} normalized_text=jegyzékek class_name= source_scope=main_window deduplicated=False
2026-08-26 14:58:14.400 | DEBUG    | winwatt_automation.live_ui.menu_helpers:capture_menu_popup_snapshot:1682 - DBG_POPUP_ROW_DEDUPE rect={'left': 123, 'top': 29, 'right': 199, 'bottom': 53} normalized_text=eszközök class_name= source_scope=main_window deduplicated=False
2026-08-26 14:58:14.400 | DEBUG    | winwatt_automation.live_ui.menu_helpers:capture_menu_popup_snapshot:1682 - DBG_POPUP_ROW_DEDUPE rect={'left': 199, 'top': 29, 'right': 287, 'bottom': 53} normalized_text=beállítások class_name= source_scope=main_window deduplicated=False
2026-08-26 14:58:14.416 | DEBUG    | winwatt_automation.live_ui.menu_helpers:capture_menu_popup_snapshot:1682 - DBG_POPUP_ROW_DEDUPE rect={'left': 286, 'top': 29, 'right': 341, 'bottom': 53} normalized_text=ablak class_name= source_scope=main_window deduplicated=False
2026-08-26 14:58:14.416 | DEBUG    | winwatt_automation.live_ui.menu_helpers:capture_menu_popup_snapshot:1682 - DBG_POPUP_ROW_DEDUPE rect={'left': 341, 'top': 29, 'right': 392, 'bottom': 53} normalized_text=súgó class_name= source_scope=main_window deduplicated=False
2026-08-26 14:58:14.416 | DEBUG    | winwatt_automation.live_ui.menu_helpers:capture_menu_popup_snapshot:1682 - DBG_POPUP_ROW_DEDUPE rect={'left': 44, 'top': 56, 'right': 318, 'bottom': 84} normalized_text=végrehajtás class_name= source_scope=global_process_scan deduplicated=False
2026-08-26 14:58:14.416 | DEBUG    | winwatt_automation.live_ui.menu_helpers:capture_menu_popup_snapshot:1682 - DBG_POPUP_ROW_DEDUPE rect={'left': 44, 'top': 84, 'right': 318, 'bottom': 112} normalized_text=végrehajtás class_name= source_scope=global_process_scan deduplicated=False
2026-08-26 14:58:14.416 | DEBUG    | winwatt_automation.live_ui.menu_helpers:capture_menu_popup_snapshot:1682 - DBG_POPUP_ROW_DEDUPE rect={'left': 44, 'top': 111, 'right': 318, 'bottom': 139} normalized_text=végrehajtás class_name= source_scope=global_process_scan deduplicated=False
2026-08-26 14:58:14.416 | DEBUG    | winwatt_automation.live_ui.menu_helpers:capture_menu_popup_snapshot:1682 - DBG_POPUP_ROW_DEDUPE rect={'left': 44, 'top': 139, 'right': 318, 'bottom': 167} normalized_text=végrehajtás class_name= source_scope=global_process_scan deduplicated=False
2026-08-26 14:58:14.416 | DEBUG    | winwatt_automation.live_ui.menu_helpers:capture_menu_popup_snapshot:1682 - DBG_POPUP_ROW_DEDUPE rect={'left': 44, 'top': 166, 'right': 318, 'bottom': 194} normalized_text=végrehajtás class_name= source_scope=global_process_scan deduplicated=False
2026-08-26 14:58:14.416 | DEBUG    | winwatt_automation.live_ui.menu_helpers:capture_menu_popup_snapshot:1682 - DBG_POPUP_ROW_DEDUPE rect={'left': 44, 'top': 201, 'right': 318, 'bottom': 229} normalized_text=végrehajtás class_name= source_scope=global_process_scan deduplicated=False
2026-08-26 14:58:14.416 | DEBUG    | winwatt_automation.live_ui.menu_helpers:capture_menu_popup_snapshot:1682 - DBG_POPUP_ROW_DEDUPE rect={'left': 44, 'top': 229, 'right': 318, 'bottom': 257} normalized_text=végrehajtás class_name= source_scope=global_process_scan deduplicated=False
2026-08-26 14:58:14.416 | DEBUG    | winwatt_automation.live_ui.menu_helpers:capture_menu_popup_snapshot:1682 - DBG_POPUP_ROW_DEDUPE rect={'left': 44, 'top': 256, 'right': 318, 'bottom': 284} normalized_text=végrehajtás class_name= source_scope=global_process_scan deduplicated=False
2026-08-26 14:58:14.416 | DEBUG    | winwatt_automation.live_ui.menu_helpers:capture_menu_popup_snapshot:1682 - DBG_POPUP_ROW_DEDUPE rect={'left': 44, 'top': 284, 'right': 318, 'bottom': 312} normalized_text=végrehajtás class_name= source_scope=global_process_scan deduplicated=False
2026-08-26 14:58:14.416 | DEBUG    | winwatt_automation.live_ui.menu_helpers:capture_menu_popup_snapshot:1682 - DBG_POPUP_ROW_DEDUPE rect={'left': 44, 'top': 319, 'right': 318, 'bottom': 347} normalized_text=végrehajtás class_name= source_scope=global_process_scan deduplicated=False
2026-08-26 14:58:14.416 | DEBUG    | winwatt_automation.live_ui.menu_helpers:capture_menu_popup_snapshot:1682 - DBG_POPUP_ROW_DEDUPE rect={'left': 44, 'top': 346, 'right': 318, 'bottom': 374} normalized_text=végrehajtás class_name= source_scope=global_process_scan deduplicated=False
2026-08-26 14:58:14.416 | DEBUG    | winwatt_automation.live_ui.menu_helpers:capture_menu_popup_snapshot:1682 - DBG_POPUP_ROW_DEDUPE rect={'left': 44, 'top': 374, 'right': 318, 'bottom': 402} normalized_text=végrehajtás class_name= source_scope=global_process_scan deduplicated=False
2026-08-26 14:58:14.416 | DEBUG    | winwatt_automation.live_ui.menu_helpers:capture_menu_popup_snapshot:1682 - DBG_POPUP_ROW_DEDUPE rect={'left': 44, 'top': 401, 'right': 318, 'bottom': 429} normalized_text=végrehajtás class_name= source_scope=global_process_scan deduplicated=False
2026-08-26 14:58:14.416 | DEBUG    | winwatt_automation.live_ui.menu_helpers:capture_menu_popup_snapshot:1682 - DBG_POPUP_ROW_DEDUPE rect={'left': 44, 'top': 436, 'right': 318, 'bottom': 464} normalized_text=végrehajtás class_name= source_scope=global_process_scan deduplicated=False
2026-08-26 14:58:14.416 | DEBUG    | winwatt_automation.live_ui.menu_helpers:capture_menu_popup_snapshot:1682 - DBG_POPUP_ROW_DEDUPE rect={'left': 0, 'top': 0, 'right': 28, 'bottom': 28} normalized_text=rendszer class_name= source_scope=global_process_scan deduplicated=False
2026-08-26 14:58:14.416 | DEBUG    | winwatt_automation.live_ui.menu_helpers:capture_menu_popup_snapshot:1682 - DBG_POPUP_ROW_DEDUPE rect={'left': 0, 'top': 29, 'right': 40, 'bottom': 53} normalized_text=fájl class_name= source_scope=global_process_scan deduplicated=False
2026-08-26 14:58:14.416 | DEBUG    | winwatt_automation.live_ui.menu_helpers:capture_menu_popup_snapshot:1682 - DBG_POPUP_ROW_DEDUPE rect={'left': 40, 'top': 29, 'right': 123, 'bottom': 53} normalized_text=jegyzékek class_name= source_scope=global_process_scan deduplicated=False
2026-08-26 14:58:14.416 | DEBUG    | winwatt_automation.live_ui.menu_helpers:capture_menu_popup_snapshot:1682 - DBG_POPUP_ROW_DEDUPE rect={'left': 123, 'top': 29, 'right': 199, 'bottom': 53} normalized_text=eszközök class_name= source_scope=global_process_scan deduplicated=False
2026-08-26 14:58:14.416 | DEBUG    | winwatt_automation.live_ui.menu_helpers:capture_menu_popup_snapshot:1682 - DBG_POPUP_ROW_DEDUPE rect={'left': 199, 'top': 29, 'right': 287, 'bottom': 53} normalized_text=beállítások class_name= source_scope=global_process_scan deduplicated=False
2026-08-26 14:58:14.416 | DEBUG    | winwatt_automation.live_ui.menu_helpers:capture_menu_popup_snapshot:1682 - DBG_POPUP_ROW_DEDUPE rect={'left': 286, 'top': 29, 'right': 341, 'bottom': 53} normalized_text=ablak class_name= source_scope=global_process_scan deduplicated=False
2026-08-26 14:58:14.416 | DEBUG    | winwatt_automation.live_ui.menu_helpers:capture_menu_popup_snapshot:1682 - DBG_POPUP_ROW_DEDUPE rect={'left': 341, 'top': 29, 'right': 392, 'bottom': 53} normalized_text=súgó class_name= source_scope=global_process_scan deduplicated=False
2026-08-26 14:58:14.416 | INFO     | winwatt_automation.live_ui.menu_helpers:capture_menu_popup_snapshot:1724 - POPUP_SNAPSHOT_SUMMARY main_window_fragments=21 global_scan_fragments=21 deduped_fragments=42 topbar_like=12 popup_like=28 empty_text=0 topbar_band=(0, 29, 392, 53) empty_text_vertical_cluster_detected=False accepted_popup_rows=0 popup_heuristic=candidate_count_below_threshold
2026-08-26 14:58:14.416 | DEBUG    | winwatt_automation.live_ui.menu_helpers:capture_menu_popup_snapshot:1737 - Captured menu snapshot rows=42
2026-08-26 14:58:14.416 | DEBUG    | winwatt_automation.live_ui.menu_helpers:_log_phase_timing:83 - DBG_PHASE_TIMING phase=capture_menu_popup_snapshot elapsed_ms=1781.000 main_rows=21 global_rows=21 unique_rows=42 diagnostic_fast_mode=False
2026-08-26 14:58:14.416 | DEBUG    | winwatt_automation.live_ui.menu_helpers:did_any_new_menu_popup_appear:2272 - Menu popup snapshot diff: before=14 after=42 new=28
2026-08-26 14:58:14.416 | DEBUG    | winwatt_automation.live_ui.app_connector:get_cached_main_window:565 - DBG_WINWATT_CACHE_GET reason_code=cache_reused_without_validation payload={'wrapper_type': 'UIAWrapper', 'handle': 3409280, 'process_id': 21948, 'title': 'WinWatt gólya - C:\\Users\\Admin\\Documents\\GitHub\\autowinwatt\\winwatt_automation\\data\\runtime_maps\\full_authorized_sandbox\\20260826T123933Z\\testwwp.wwp', 'class_name': 'TMainForm', 'control_type': 'Window'} last_validation_age_s=1.1410000000032596 diagnostic_fast_mode=False
2026-08-26 14:58:14.416 | DEBUG    | winwatt_automation.live_ui.app_connector:get_cached_main_window:566 - DBG_PHASE_TIMING phase=get_cached_main_window elapsed_ms=0.000 reason_code=cache_reused_without_validation
2026-08-26 14:58:14.416 | DEBUG    | winwatt_automation.live_ui.app_connector:get_cached_main_window:565 - DBG_WINWATT_CACHE_GET reason_code=cache_reused_without_validation payload={'wrapper_type': 'UIAWrapper', 'handle': 3409280, 'process_id': 21948, 'title': 'WinWatt gólya - C:\\Users\\Admin\\Documents\\GitHub\\autowinwatt\\winwatt_automation\\data\\runtime_maps\\full_authorized_sandbox\\20260826T123933Z\\testwwp.wwp', 'class_name': 'TMainForm', 'control_type': 'Window'} last_validation_age_s=1.1410000000032596 diagnostic_fast_mode=False
2026-08-26 14:58:14.416 | DEBUG    | winwatt_automation.live_ui.app_connector:get_cached_main_window:566 - DBG_PHASE_TIMING phase=get_cached_main_window elapsed_ms=0.000 reason_code=cache_reused_without_validation
2026-08-26 14:58:14.915 | INFO     | winwatt_automation.live_ui.menu_helpers:_menu_items:1101 - DBG_MENU_ITEMS_SUMMARY total_items=21 visible_items=21 topbar_band=(0, 0, 392, 464) topbar_band_visible_count=21 popup_region_visible_count=0 force_refresh=False handle=3409280
2026-08-26 14:58:14.919 | DEBUG    | winwatt_automation.live_ui.menu_helpers:_menu_items:1111 - Discovered 21 MenuItem controls
2026-08-26 14:58:14.920 | DEBUG    | winwatt_automation.live_ui.menu_helpers:_log_phase_timing:83 - DBG_PHASE_TIMING phase=_menu_items elapsed_ms=516.000 force_refresh=False total_items=21 visible_items=21
2026-08-26 14:58:15.101 | DEBUG    | winwatt_automation.live_ui.app_connector:get_cached_main_window:565 - DBG_WINWATT_CACHE_GET reason_code=cache_reused_without_validation payload={'wrapper_type': 'UIAWrapper', 'handle': 3409280, 'process_id': 21948, 'title': 'WinWatt gólya - C:\\Users\\Admin\\Documents\\GitHub\\autowinwatt\\winwatt_automation\\data\\runtime_maps\\full_authorized_sandbox\\20260826T123933Z\\testwwp.wwp', 'class_name': 'TMainForm', 'control_type': 'Window'} last_validation_age_s=1.8280000000086147 diagnostic_fast_mode=False
2026-08-26 14:58:15.101 | DEBUG    | winwatt_automation.live_ui.app_connector:get_cached_main_window:566 - DBG_PHASE_TIMING phase=get_cached_main_window elapsed_ms=0.000 reason_code=cache_reused_without_validation
2026-08-26 14:58:15.101 | DEBUG    | winwatt_automation.live_ui.app_connector:get_cached_main_window:565 - DBG_WINWATT_CACHE_GET reason_code=cache_reused_without_validation payload={'wrapper_type': 'UIAWrapper', 'handle': 3409280, 'process_id': 21948, 'title': 'WinWatt gólya - C:\\Users\\Admin\\Documents\\GitHub\\autowinwatt\\winwatt_automation\\data\\runtime_maps\\full_authorized_sandbox\\20260826T123933Z\\testwwp.wwp', 'class_name': 'TMainForm', 'control_type': 'Window'} last_validation_age_s=1.8280000000086147 diagnostic_fast_mode=False
2026-08-26 14:58:15.101 | DEBUG    | winwatt_automation.live_ui.app_connector:get_cached_main_window:566 - DBG_PHASE_TIMING phase=get_cached_main_window elapsed_ms=0.000 reason_code=cache_reused_without_validation
2026-08-26 14:58:15.577 | INFO     | winwatt_automation.live_ui.menu_helpers:_menu_items:1101 - DBG_MENU_ITEMS_SUMMARY total_items=21 visible_items=21 topbar_band=(0, 0, 392, 464) topbar_band_visible_count=21 popup_region_visible_count=0 force_refresh=False handle=3409280
2026-08-26 14:58:15.577 | DEBUG    | winwatt_automation.live_ui.menu_helpers:_menu_items:1111 - Discovered 21 MenuItem controls
2026-08-26 14:58:15.577 | DEBUG    | winwatt_automation.live_ui.menu_helpers:_log_phase_timing:83 - DBG_PHASE_TIMING phase=_menu_items elapsed_ms=485.000 force_refresh=False total_items=21 visible_items=21
2026-08-26 14:58:15.752 | DEBUG    | winwatt_automation.live_ui.menu_helpers:_structured_popup_rows_from_snapshots:1890 - Popup row dedupe: rect={'left': 44, 'top': 56, 'right': 318, 'bottom': 84} text='Végrehajtás' control_type=MenuItem chosen preferred source=main_window
2026-08-26 14:58:15.768 | DEBUG    | winwatt_automation.live_ui.menu_helpers:_structured_popup_rows_from_snapshots:1905 - Popup row dedupe: rect={'left': 44, 'top': 56, 'right': 318, 'bottom': 84} text='Végrehajtás' control_type=MenuItem chosen preferred source=main_window dropped source=global_process_scan
2026-08-26 14:58:15.768 | DEBUG    | winwatt_automation.live_ui.menu_helpers:_structured_popup_rows_from_snapshots:1890 - Popup row dedupe: rect={'left': 44, 'top': 84, 'right': 318, 'bottom': 112} text='Végrehajtás' control_type=MenuItem chosen preferred source=main_window
2026-08-26 14:58:15.768 | DEBUG    | winwatt_automation.live_ui.menu_helpers:_structured_popup_rows_from_snapshots:1905 - Popup row dedupe: rect={'left': 44, 'top': 84, 'right': 318, 'bottom': 112} text='Végrehajtás' control_type=MenuItem chosen preferred source=main_window dropped source=global_process_scan
2026-08-26 14:58:15.768 | DEBUG    | winwatt_automation.live_ui.menu_helpers:_structured_popup_rows_from_snapshots:1890 - Popup row dedupe: rect={'left': 44, 'top': 111, 'right': 318, 'bottom': 139} text='Végrehajtás' control_type=MenuItem chosen preferred source=main_window
2026-08-26 14:58:15.768 | DEBUG    | winwatt_automation.live_ui.menu_helpers:_structured_popup_rows_from_snapshots:1905 - Popup row dedupe: rect={'left': 44, 'top': 111, 'right': 318, 'bottom': 139} text='Végrehajtás' control_type=MenuItem chosen preferred source=main_window dropped source=global_process_scan
2026-08-26 14:58:15.768 | DEBUG    | winwatt_automation.live_ui.menu_helpers:_structured_popup_rows_from_snapshots:1890 - Popup row dedupe: rect={'left': 44, 'top': 139, 'right': 318, 'bottom': 167} text='Végrehajtás' control_type=MenuItem chosen preferred source=main_window
2026-08-26 14:58:15.768 | DEBUG    | winwatt_automation.live_ui.menu_helpers:_structured_popup_rows_from_snapshots:1905 - Popup row dedupe: rect={'left': 44, 'top': 139, 'right': 318, 'bottom': 167} text='Végrehajtás' control_type=MenuItem chosen preferred source=main_window dropped source=global_process_scan
2026-08-26 14:58:15.768 | DEBUG    | winwatt_automation.live_ui.menu_helpers:_structured_popup_rows_from_snapshots:1890 - Popup row dedupe: rect={'left': 44, 'top': 166, 'right': 318, 'bottom': 194} text='Végrehajtás' control_type=MenuItem chosen preferred source=main_window
2026-08-26 14:58:15.768 | DEBUG    | winwatt_automation.live_ui.menu_helpers:_structured_popup_rows_from_snapshots:1905 - Popup row dedupe: rect={'left': 44, 'top': 166, 'right': 318, 'bottom': 194} text='Végrehajtás' control_type=MenuItem chosen preferred source=main_window dropped source=global_process_scan
2026-08-26 14:58:15.768 | DEBUG    | winwatt_automation.live_ui.menu_helpers:_structured_popup_rows_from_snapshots:1890 - Popup row dedupe: rect={'left': 44, 'top': 201, 'right': 318, 'bottom': 229} text='Végrehajtás' control_type=MenuItem chosen preferred source=main_window
2026-08-26 14:58:15.768 | DEBUG    | winwatt_automation.live_ui.menu_helpers:_structured_popup_rows_from_snapshots:1905 - Popup row dedupe: rect={'left': 44, 'top': 201, 'right': 318, 'bottom': 229} text='Végrehajtás' control_type=MenuItem chosen preferred source=main_window dropped source=global_process_scan
2026-08-26 14:58:15.768 | DEBUG    | winwatt_automation.live_ui.menu_helpers:_structured_popup_rows_from_snapshots:1890 - Popup row dedupe: rect={'left': 44, 'top': 229, 'right': 318, 'bottom': 257} text='Végrehajtás' control_type=MenuItem chosen preferred source=main_window
2026-08-26 14:58:15.768 | DEBUG    | winwatt_automation.live_ui.menu_helpers:_structured_popup_rows_from_snapshots:1905 - Popup row dedupe: rect={'left': 44, 'top': 229, 'right': 318, 'bottom': 257} text='Végrehajtás' control_type=MenuItem chosen preferred source=main_window dropped source=global_process_scan
2026-08-26 14:58:15.768 | DEBUG    | winwatt_automation.live_ui.menu_helpers:_structured_popup_rows_from_snapshots:1890 - Popup row dedupe: rect={'left': 44, 'top': 256, 'right': 318, 'bottom': 284} text='Végrehajtás' control_type=MenuItem chosen preferred source=main_window
2026-08-26 14:58:15.768 | DEBUG    | winwatt_automation.live_ui.menu_helpers:_structured_popup_rows_from_snapshots:1905 - Popup row dedupe: rect={'left': 44, 'top': 256, 'right': 318, 'bottom': 284} text='Végrehajtás' control_type=MenuItem chosen preferred source=main_window dropped source=global_process_scan
2026-08-26 14:58:15.768 | DEBUG    | winwatt_automation.live_ui.menu_helpers:_structured_popup_rows_from_snapshots:1890 - Popup row dedupe: rect={'left': 44, 'top': 284, 'right': 318, 'bottom': 312} text='Végrehajtás' control_type=MenuItem chosen preferred source=main_window
2026-08-26 14:58:15.768 | DEBUG    | winwatt_automation.live_ui.menu_helpers:_structured_popup_rows_from_snapshots:1905 - Popup row dedupe: rect={'left': 44, 'top': 284, 'right': 318, 'bottom': 312} text='Végrehajtás' control_type=MenuItem chosen preferred source=main_window dropped source=global_process_scan
2026-08-26 14:58:15.768 | DEBUG    | winwatt_automation.live_ui.menu_helpers:_structured_popup_rows_from_snapshots:1890 - Popup row dedupe: rect={'left': 44, 'top': 319, 'right': 318, 'bottom': 347} text='Végrehajtás' control_type=MenuItem chosen preferred source=main_window
2026-08-26 14:58:15.768 | DEBUG    | winwatt_automation.live_ui.menu_helpers:_structured_popup_rows_from_snapshots:1905 - Popup row dedupe: rect={'left': 44, 'top': 319, 'right': 318, 'bottom': 347} text='Végrehajtás' control_type=MenuItem chosen preferred source=main_window dropped source=global_process_scan
2026-08-26 14:58:15.768 | DEBUG    | winwatt_automation.live_ui.menu_helpers:_structured_popup_rows_from_snapshots:1890 - Popup row dedupe: rect={'left': 44, 'top': 346, 'right': 318, 'bottom': 374} text='Végrehajtás' control_type=MenuItem chosen preferred source=main_window
2026-08-26 14:58:15.768 | DEBUG    | winwatt_automation.live_ui.menu_helpers:_structured_popup_rows_from_snapshots:1905 - Popup row dedupe: rect={'left': 44, 'top': 346, 'right': 318, 'bottom': 374} text='Végrehajtás' control_type=MenuItem chosen preferred source=main_window dropped source=global_process_scan
2026-08-26 14:58:15.768 | DEBUG    | winwatt_automation.live_ui.menu_helpers:_structured_popup_rows_from_snapshots:1890 - Popup row dedupe: rect={'left': 44, 'top': 374, 'right': 318, 'bottom': 402} text='Végrehajtás' control_type=MenuItem chosen preferred source=main_window
2026-08-26 14:58:15.768 | DEBUG    | winwatt_automation.live_ui.menu_helpers:_structured_popup_rows_from_snapshots:1905 - Popup row dedupe: rect={'left': 44, 'top': 374, 'right': 318, 'bottom': 402} text='Végrehajtás' control_type=MenuItem chosen preferred source=main_window dropped source=global_process_scan
2026-08-26 14:58:15.768 | DEBUG    | winwatt_automation.live_ui.menu_helpers:_structured_popup_rows_from_snapshots:1890 - Popup row dedupe: rect={'left': 44, 'top': 401, 'right': 318, 'bottom': 429} text='Végrehajtás' control_type=MenuItem chosen preferred source=main_window
2026-08-26 14:58:15.768 | DEBUG    | winwatt_automation.live_ui.menu_helpers:_structured_popup_rows_from_snapshots:1905 - Popup row dedupe: rect={'left': 44, 'top': 401, 'right': 318, 'bottom': 429} text='Végrehajtás' control_type=MenuItem chosen preferred source=main_window dropped source=global_process_scan
2026-08-26 14:58:15.768 | DEBUG    | winwatt_automation.live_ui.menu_helpers:_structured_popup_rows_from_snapshots:1890 - Popup row dedupe: rect={'left': 44, 'top': 436, 'right': 318, 'bottom': 464} text='Végrehajtás' control_type=MenuItem chosen preferred source=main_window
2026-08-26 14:58:15.768 | DEBUG    | winwatt_automation.live_ui.menu_helpers:_structured_popup_rows_from_snapshots:1905 - Popup row dedupe: rect={'left': 44, 'top': 436, 'right': 318, 'bottom': 464} text='Végrehajtás' control_type=MenuItem chosen preferred source=main_window dropped source=global_process_scan
2026-08-26 14:58:15.784 | INFO     | winwatt_automation.live_ui.menu_helpers:_group_popup_fragments_into_logical_rows:2013 - POPUP_TEXT_RECOVERY_SOURCE_SELECTED row_index=0 source=legacy_text confidence=medium text='Végrehajtás'
2026-08-26 14:58:15.784 | INFO     | winwatt_automation.live_ui.menu_helpers:_group_popup_fragments_into_logical_rows:2013 - POPUP_TEXT_RECOVERY_SOURCE_SELECTED row_index=1 source=legacy_text confidence=medium text='Végrehajtás'
2026-08-26 14:58:15.784 | INFO     | winwatt_automation.live_ui.menu_helpers:_group_popup_fragments_into_logical_rows:2013 - POPUP_TEXT_RECOVERY_SOURCE_SELECTED row_index=2 source=legacy_text confidence=medium text='Végrehajtás'
2026-08-26 14:58:15.784 | INFO     | winwatt_automation.live_ui.menu_helpers:_group_popup_fragments_into_logical_rows:2013 - POPUP_TEXT_RECOVERY_SOURCE_SELECTED row_index=3 source=legacy_text confidence=medium text='Végrehajtás'
2026-08-26 14:58:15.784 | INFO     | winwatt_automation.live_ui.menu_helpers:_group_popup_fragments_into_logical_rows:2013 - POPUP_TEXT_RECOVERY_SOURCE_SELECTED row_index=4 source=legacy_text confidence=medium text='Végrehajtás'
2026-08-26 14:58:15.784 | INFO     | winwatt_automation.live_ui.menu_helpers:_group_popup_fragments_into_logical_rows:2013 - POPUP_TEXT_RECOVERY_SOURCE_SELECTED row_index=5 source=legacy_text confidence=medium text='Végrehajtás'
2026-08-26 14:58:15.784 | INFO     | winwatt_automation.live_ui.menu_helpers:_group_popup_fragments_into_logical_rows:2013 - POPUP_TEXT_RECOVERY_SOURCE_SELECTED row_index=6 source=legacy_text confidence=medium text='Végrehajtás'
2026-08-26 14:58:15.784 | INFO     | winwatt_automation.live_ui.menu_helpers:_group_popup_fragments_into_logical_rows:2013 - POPUP_TEXT_RECOVERY_SOURCE_SELECTED row_index=7 source=legacy_text confidence=medium text='Végrehajtás'
2026-08-26 14:58:15.784 | INFO     | winwatt_automation.live_ui.menu_helpers:_group_popup_fragments_into_logical_rows:2013 - POPUP_TEXT_RECOVERY_SOURCE_SELECTED row_index=8 source=legacy_text confidence=medium text='Végrehajtás'
2026-08-26 14:58:15.784 | INFO     | winwatt_automation.live_ui.menu_helpers:_group_popup_fragments_into_logical_rows:2013 - POPUP_TEXT_RECOVERY_SOURCE_SELECTED row_index=9 source=legacy_text confidence=medium text='Végrehajtás'
2026-08-26 14:58:15.784 | INFO     | winwatt_automation.live_ui.menu_helpers:_group_popup_fragments_into_logical_rows:2013 - POPUP_TEXT_RECOVERY_SOURCE_SELECTED row_index=10 source=legacy_text confidence=medium text='Végrehajtás'
2026-08-26 14:58:15.784 | INFO     | winwatt_automation.live_ui.menu_helpers:_group_popup_fragments_into_logical_rows:2013 - POPUP_TEXT_RECOVERY_SOURCE_SELECTED row_index=11 source=legacy_text confidence=medium text='Végrehajtás'
2026-08-26 14:58:15.784 | INFO     | winwatt_automation.live_ui.menu_helpers:_group_popup_fragments_into_logical_rows:2013 - POPUP_TEXT_RECOVERY_SOURCE_SELECTED row_index=12 source=legacy_text confidence=medium text='Végrehajtás'
2026-08-26 14:58:15.784 | INFO     | winwatt_automation.live_ui.menu_helpers:_group_popup_fragments_into_logical_rows:2013 - POPUP_TEXT_RECOVERY_SOURCE_SELECTED row_index=13 source=legacy_text confidence=medium text='Végrehajtás'
2026-08-26 14:58:15.784 | DEBUG    | winwatt_automation.live_ui.app_connector:get_cached_main_window:565 - DBG_WINWATT_CACHE_GET reason_code=cache_reused_without_validation payload={'wrapper_type': 'UIAWrapper', 'handle': 3409280, 'process_id': 21948, 'title': 'WinWatt gólya - C:\\Users\\Admin\\Documents\\GitHub\\autowinwatt\\winwatt_automation\\data\\runtime_maps\\full_authorized_sandbox\\20260826T123933Z\\testwwp.wwp', 'class_name': 'TMainForm', 'control_type': 'Window'} last_validation_age_s=2.5160000000032596 diagnostic_fast_mode=False
2026-08-26 14:58:15.784 | DEBUG    | winwatt_automation.live_ui.app_connector:get_cached_main_window:566 - DBG_PHASE_TIMING phase=get_cached_main_window elapsed_ms=0.000 reason_code=cache_reused_without_validation
2026-08-26 14:58:16.279 | INFO     | winwatt_automation.live_ui.menu_helpers:_adjust_popup_row_text_confidence:1359 - POPUP_ROW_TEXT_CONFIDENCE_ADJUSTED row_index=0 source=legacy_text old_confidence=medium new_confidence=low text='Végrehajtás'
2026-08-26 14:58:16.279 | INFO     | winwatt_automation.live_ui.menu_helpers:_group_popup_fragments_into_logical_rows:2081 - DBG_MENU_GROUP_ROW row_index=0 representative_text='Végrehajtás' fragment_count=1 fragment_texts=['Végrehajtás'] row_rectangle={'left': 44, 'top': 56, 'right': 318, 'bottom': 84} source_scope_summary=['main_window'] row_class_summary=[''] topbar_like=True popup_like=False popup_reason=None
2026-08-26 14:58:16.279 | INFO     | winwatt_automation.live_ui.menu_helpers:_adjust_popup_row_text_confidence:1359 - POPUP_ROW_TEXT_CONFIDENCE_ADJUSTED row_index=1 source=legacy_text old_confidence=medium new_confidence=low text='Végrehajtás'
2026-08-26 14:58:16.294 | INFO     | winwatt_automation.live_ui.menu_helpers:_group_popup_fragments_into_logical_rows:2081 - DBG_MENU_GROUP_ROW row_index=1 representative_text='Végrehajtás' fragment_count=1 fragment_texts=['Végrehajtás'] row_rectangle={'left': 44, 'top': 84, 'right': 318, 'bottom': 112} source_scope_summary=['main_window'] row_class_summary=[''] topbar_like=True popup_like=False popup_reason=None
2026-08-26 14:58:16.294 | INFO     | winwatt_automation.live_ui.menu_helpers:_adjust_popup_row_text_confidence:1359 - POPUP_ROW_TEXT_CONFIDENCE_ADJUSTED row_index=2 source=legacy_text old_confidence=medium new_confidence=low text='Végrehajtás'
2026-08-26 14:58:16.294 | INFO     | winwatt_automation.live_ui.menu_helpers:_group_popup_fragments_into_logical_rows:2081 - DBG_MENU_GROUP_ROW row_index=2 representative_text='Végrehajtás' fragment_count=1 fragment_texts=['Végrehajtás'] row_rectangle={'left': 44, 'top': 111, 'right': 318, 'bottom': 139} source_scope_summary=['main_window'] row_class_summary=[''] topbar_like=False popup_like=False popup_reason=None
2026-08-26 14:58:16.294 | INFO     | winwatt_automation.live_ui.menu_helpers:_adjust_popup_row_text_confidence:1359 - POPUP_ROW_TEXT_CONFIDENCE_ADJUSTED row_index=3 source=legacy_text old_confidence=medium new_confidence=low text='Végrehajtás'
2026-08-26 14:58:16.294 | INFO     | winwatt_automation.live_ui.menu_helpers:_group_popup_fragments_into_logical_rows:2081 - DBG_MENU_GROUP_ROW row_index=3 representative_text='Végrehajtás' fragment_count=1 fragment_texts=['Végrehajtás'] row_rectangle={'left': 44, 'top': 139, 'right': 318, 'bottom': 167} source_scope_summary=['main_window'] row_class_summary=[''] topbar_like=False popup_like=True popup_reason=below_topbar_band
2026-08-26 14:58:16.294 | INFO     | winwatt_automation.live_ui.menu_helpers:_adjust_popup_row_text_confidence:1359 - POPUP_ROW_TEXT_CONFIDENCE_ADJUSTED row_index=4 source=legacy_text old_confidence=medium new_confidence=low text='Végrehajtás'
2026-08-26 14:58:16.294 | INFO     | winwatt_automation.live_ui.menu_helpers:_group_popup_fragments_into_logical_rows:2081 - DBG_MENU_GROUP_ROW row_index=4 representative_text='Végrehajtás' fragment_count=1 fragment_texts=['Végrehajtás'] row_rectangle={'left': 44, 'top': 166, 'right': 318, 'bottom': 194} source_scope_summary=['main_window'] row_class_summary=[''] topbar_like=False popup_like=True popup_reason=below_topbar_band
2026-08-26 14:58:16.294 | INFO     | winwatt_automation.live_ui.menu_helpers:_adjust_popup_row_text_confidence:1359 - POPUP_ROW_TEXT_CONFIDENCE_ADJUSTED row_index=5 source=legacy_text old_confidence=medium new_confidence=low text='Végrehajtás'
2026-08-26 14:58:16.294 | INFO     | winwatt_automation.live_ui.menu_helpers:_group_popup_fragments_into_logical_rows:2081 - DBG_MENU_GROUP_ROW row_index=5 representative_text='Végrehajtás' fragment_count=1 fragment_texts=['Végrehajtás'] row_rectangle={'left': 44, 'top': 201, 'right': 318, 'bottom': 229} source_scope_summary=['main_window'] row_class_summary=[''] topbar_like=False popup_like=True popup_reason=below_topbar_band
2026-08-26 14:58:16.294 | INFO     | winwatt_automation.live_ui.menu_helpers:_adjust_popup_row_text_confidence:1359 - POPUP_ROW_TEXT_CONFIDENCE_ADJUSTED row_index=6 source=legacy_text old_confidence=medium new_confidence=low text='Végrehajtás'
2026-08-26 14:58:16.294 | INFO     | winwatt_automation.live_ui.menu_helpers:_group_popup_fragments_into_logical_rows:2081 - DBG_MENU_GROUP_ROW row_index=6 representative_text='Végrehajtás' fragment_count=1 fragment_texts=['Végrehajtás'] row_rectangle={'left': 44, 'top': 229, 'right': 318, 'bottom': 257} source_scope_summary=['main_window'] row_class_summary=[''] topbar_like=False popup_like=True popup_reason=below_topbar_band
2026-08-26 14:58:16.294 | INFO     | winwatt_automation.live_ui.menu_helpers:_adjust_popup_row_text_confidence:1359 - POPUP_ROW_TEXT_CONFIDENCE_ADJUSTED row_index=7 source=legacy_text old_confidence=medium new_confidence=low text='Végrehajtás'
2026-08-26 14:58:16.294 | INFO     | winwatt_automation.live_ui.menu_helpers:_group_popup_fragments_into_logical_rows:2081 - DBG_MENU_GROUP_ROW row_index=7 representative_text='Végrehajtás' fragment_count=1 fragment_texts=['Végrehajtás'] row_rectangle={'left': 44, 'top': 256, 'right': 318, 'bottom': 284} source_scope_summary=['main_window'] row_class_summary=[''] topbar_like=False popup_like=True popup_reason=below_topbar_band
2026-08-26 14:58:16.294 | INFO     | winwatt_automation.live_ui.menu_helpers:_adjust_popup_row_text_confidence:1359 - POPUP_ROW_TEXT_CONFIDENCE_ADJUSTED row_index=8 source=legacy_text old_confidence=medium new_confidence=low text='Végrehajtás'
2026-08-26 14:58:16.294 | INFO     | winwatt_automation.live_ui.menu_helpers:_group_popup_fragments_into_logical_rows:2081 - DBG_MENU_GROUP_ROW row_index=8 representative_text='Végrehajtás' fragment_count=1 fragment_texts=['Végrehajtás'] row_rectangle={'left': 44, 'top': 284, 'right': 318, 'bottom': 312} source_scope_summary=['main_window'] row_class_summary=[''] topbar_like=False popup_like=True popup_reason=below_topbar_band
2026-08-26 14:58:16.294 | INFO     | winwatt_automation.live_ui.menu_helpers:_adjust_popup_row_text_confidence:1359 - POPUP_ROW_TEXT_CONFIDENCE_ADJUSTED row_index=9 source=legacy_text old_confidence=medium new_confidence=low text='Végrehajtás'
2026-08-26 14:58:16.294 | INFO     | winwatt_automation.live_ui.menu_helpers:_group_popup_fragments_into_logical_rows:2081 - DBG_MENU_GROUP_ROW row_index=9 representative_text='Végrehajtás' fragment_count=1 fragment_texts=['Végrehajtás'] row_rectangle={'left': 44, 'top': 319, 'right': 318, 'bottom': 347} source_scope_summary=['main_window'] row_class_summary=[''] topbar_like=False popup_like=True popup_reason=below_topbar_band
2026-08-26 14:58:16.294 | INFO     | winwatt_automation.live_ui.menu_helpers:_adjust_popup_row_text_confidence:1359 - POPUP_ROW_TEXT_CONFIDENCE_ADJUSTED row_index=10 source=legacy_text old_confidence=medium new_confidence=low text='Végrehajtás'
2026-08-26 14:58:16.294 | INFO     | winwatt_automation.live_ui.menu_helpers:_group_popup_fragments_into_logical_rows:2081 - DBG_MENU_GROUP_ROW row_index=10 representative_text='Végrehajtás' fragment_count=1 fragment_texts=['Végrehajtás'] row_rectangle={'left': 44, 'top': 346, 'right': 318, 'bottom': 374} source_scope_summary=['main_window'] row_class_summary=[''] topbar_like=False popup_like=True popup_reason=below_topbar_band
2026-08-26 14:58:16.294 | INFO     | winwatt_automation.live_ui.menu_helpers:_adjust_popup_row_text_confidence:1359 - POPUP_ROW_TEXT_CONFIDENCE_ADJUSTED row_index=11 source=legacy_text old_confidence=medium new_confidence=low text='Végrehajtás'
2026-08-26 14:58:16.294 | INFO     | winwatt_automation.live_ui.menu_helpers:_group_popup_fragments_into_logical_rows:2081 - DBG_MENU_GROUP_ROW row_index=11 representative_text='Végrehajtás' fragment_count=1 fragment_texts=['Végrehajtás'] row_rectangle={'left': 44, 'top': 374, 'right': 318, 'bottom': 402} source_scope_summary=['main_window'] row_class_summary=[''] topbar_like=False popup_like=True popup_reason=below_topbar_band
2026-08-26 14:58:16.294 | INFO     | winwatt_automation.live_ui.menu_helpers:_adjust_popup_row_text_confidence:1359 - POPUP_ROW_TEXT_CONFIDENCE_ADJUSTED row_index=12 source=legacy_text old_confidence=medium new_confidence=low text='Végrehajtás'
2026-08-26 14:58:16.294 | INFO     | winwatt_automation.live_ui.menu_helpers:_group_popup_fragments_into_logical_rows:2081 - DBG_MENU_GROUP_ROW row_index=12 representative_text='Végrehajtás' fragment_count=1 fragment_texts=['Végrehajtás'] row_rectangle={'left': 44, 'top': 401, 'right': 318, 'bottom': 429} source_scope_summary=['main_window'] row_class_summary=[''] topbar_like=False popup_like=True popup_reason=below_topbar_band
2026-08-26 14:58:16.294 | INFO     | winwatt_automation.live_ui.menu_helpers:_adjust_popup_row_text_confidence:1359 - POPUP_ROW_TEXT_CONFIDENCE_ADJUSTED row_index=13 source=legacy_text old_confidence=medium new_confidence=low text='Végrehajtás'
2026-08-26 14:58:16.294 | INFO     | winwatt_automation.live_ui.menu_helpers:_group_popup_fragments_into_logical_rows:2081 - DBG_MENU_GROUP_ROW row_index=13 representative_text='Végrehajtás' fragment_count=1 fragment_texts=['Végrehajtás'] row_rectangle={'left': 44, 'top': 436, 'right': 318, 'bottom': 464} source_scope_summary=['main_window'] row_class_summary=[''] topbar_like=False popup_like=True popup_reason=below_topbar_band
2026-08-26 14:58:16.294 | WARNING  | winwatt_automation.live_ui.menu_helpers:_reject_repeated_popup_legacy_texts:1393 - TEXT_EXTRACTION_REJECTED_REPEATED_LEGACY_TEXT row_index=0 repeated_text='Végrehajtás' occurrence_count=14 popup_row_count=14 raw_sources=['legacy_text'] rectangle={'left': 44, 'top': 56, 'right': 318, 'bottom': 84}
2026-08-26 14:58:16.294 | INFO     | winwatt_automation.live_ui.menu_helpers:_reject_repeated_popup_legacy_texts:1402 - POPUP_TEXT_RECOVERY_SOURCE_REJECTED row_index=0 source=legacy_text reason=repeated_fallback_text repeated_text='Végrehajtás'
2026-08-26 14:58:16.294 | WARNING  | winwatt_automation.live_ui.menu_helpers:_reject_repeated_popup_legacy_texts:1393 - TEXT_EXTRACTION_REJECTED_REPEATED_LEGACY_TEXT row_index=1 repeated_text='Végrehajtás' occurrence_count=14 popup_row_count=14 raw_sources=['legacy_text'] rectangle={'left': 44, 'top': 84, 'right': 318, 'bottom': 112}
2026-08-26 14:58:16.294 | INFO     | winwatt_automation.live_ui.menu_helpers:_reject_repeated_popup_legacy_texts:1402 - POPUP_TEXT_RECOVERY_SOURCE_REJECTED row_index=1 source=legacy_text reason=repeated_fallback_text repeated_text='Végrehajtás'
2026-08-26 14:58:16.294 | WARNING  | winwatt_automation.live_ui.menu_helpers:_reject_repeated_popup_legacy_texts:1393 - TEXT_EXTRACTION_REJECTED_REPEATED_LEGACY_TEXT row_index=2 repeated_text='Végrehajtás' occurrence_count=14 popup_row_count=14 raw_sources=['legacy_text'] rectangle={'left': 44, 'top': 111, 'right': 318, 'bottom': 139}
2026-08-26 14:58:16.294 | INFO     | winwatt_automation.live_ui.menu_helpers:_reject_repeated_popup_legacy_texts:1402 - POPUP_TEXT_RECOVERY_SOURCE_REJECTED row_index=2 source=legacy_text reason=repeated_fallback_text repeated_text='Végrehajtás'
2026-08-26 14:58:16.294 | WARNING  | winwatt_automation.live_ui.menu_helpers:_reject_repeated_popup_legacy_texts:1393 - TEXT_EXTRACTION_REJECTED_REPEATED_LEGACY_TEXT row_index=3 repeated_text='Végrehajtás' occurrence_count=14 popup_row_count=14 raw_sources=['legacy_text'] rectangle={'left': 44, 'top': 139, 'right': 318, 'bottom': 167}
2026-08-26 14:58:16.294 | INFO     | winwatt_automation.live_ui.menu_helpers:_reject_repeated_popup_legacy_texts:1402 - POPUP_TEXT_RECOVERY_SOURCE_REJECTED row_index=3 source=legacy_text reason=repeated_fallback_text repeated_text='Végrehajtás'
2026-08-26 14:58:16.294 | WARNING  | winwatt_automation.live_ui.menu_helpers:_reject_repeated_popup_legacy_texts:1393 - TEXT_EXTRACTION_REJECTED_REPEATED_LEGACY_TEXT row_index=4 repeated_text='Végrehajtás' occurrence_count=14 popup_row_count=14 raw_sources=['legacy_text'] rectangle={'left': 44, 'top': 166, 'right': 318, 'bottom': 194}
2026-08-26 14:58:16.294 | INFO     | winwatt_automation.live_ui.menu_helpers:_reject_repeated_popup_legacy_texts:1402 - POPUP_TEXT_RECOVERY_SOURCE_REJECTED row_index=4 source=legacy_text reason=repeated_fallback_text repeated_text='Végrehajtás'
2026-08-26 14:58:16.294 | WARNING  | winwatt_automation.live_ui.menu_helpers:_reject_repeated_popup_legacy_texts:1393 - TEXT_EXTRACTION_REJECTED_REPEATED_LEGACY_TEXT row_index=5 repeated_text='Végrehajtás' occurrence_count=14 popup_row_count=14 raw_sources=['legacy_text'] rectangle={'left': 44, 'top': 201, 'right': 318, 'bottom': 229}
2026-08-26 14:58:16.294 | INFO     | winwatt_automation.live_ui.menu_helpers:_reject_repeated_popup_legacy_texts:1402 - POPUP_TEXT_RECOVERY_SOURCE_REJECTED row_index=5 source=legacy_text reason=repeated_fallback_text repeated_text='Végrehajtás'
2026-08-26 14:58:16.294 | WARNING  | winwatt_automation.live_ui.menu_helpers:_reject_repeated_popup_legacy_texts:1393 - TEXT_EXTRACTION_REJECTED_REPEATED_LEGACY_TEXT row_index=6 repeated_text='Végrehajtás' occurrence_count=14 popup_row_count=14 raw_sources=['legacy_text'] rectangle={'left': 44, 'top': 229, 'right': 318, 'bottom': 257}
2026-08-26 14:58:16.294 | INFO     | winwatt_automation.live_ui.menu_helpers:_reject_repeated_popup_legacy_texts:1402 - POPUP_TEXT_RECOVERY_SOURCE_REJECTED row_index=6 source=legacy_text reason=repeated_fallback_text repeated_text='Végrehajtás'
2026-08-26 14:58:16.294 | WARNING  | winwatt_automation.live_ui.menu_helpers:_reject_repeated_popup_legacy_texts:1393 - TEXT_EXTRACTION_REJECTED_REPEATED_LEGACY_TEXT row_index=7 repeated_text='Végrehajtás' occurrence_count=14 popup_row_count=14 raw_sources=['legacy_text'] rectangle={'left': 44, 'top': 256, 'right': 318, 'bottom': 284}
2026-08-26 14:58:16.294 | INFO     | winwatt_automation.live_ui.menu_helpers:_reject_repeated_popup_legacy_texts:1402 - POPUP_TEXT_RECOVERY_SOURCE_REJECTED row_index=7 source=legacy_text reason=repeated_fallback_text repeated_text='Végrehajtás'
2026-08-26 14:58:16.294 | WARNING  | winwatt_automation.live_ui.menu_helpers:_reject_repeated_popup_legacy_texts:1393 - TEXT_EXTRACTION_REJECTED_REPEATED_LEGACY_TEXT row_index=8 repeated_text='Végrehajtás' occurrence_count=14 popup_row_count=14 raw_sources=['legacy_text'] rectangle={'left': 44, 'top': 284, 'right': 318, 'bottom': 312}
2026-08-26 14:58:16.294 | INFO     | winwatt_automation.live_ui.menu_helpers:_reject_repeated_popup_legacy_texts:1402 - POPUP_TEXT_RECOVERY_SOURCE_REJECTED row_index=8 source=legacy_text reason=repeated_fallback_text repeated_text='Végrehajtás'
2026-08-26 14:58:16.309 | WARNING  | winwatt_automation.live_ui.menu_helpers:_reject_repeated_popup_legacy_texts:1393 - TEXT_EXTRACTION_REJECTED_REPEATED_LEGACY_TEXT row_index=9 repeated_text='Végrehajtás' occurrence_count=14 popup_row_count=14 raw_sources=['legacy_text'] rectangle={'left': 44, 'top': 319, 'right': 318, 'bottom': 347}
2026-08-26 14:58:16.309 | INFO     | winwatt_automation.live_ui.menu_helpers:_reject_repeated_popup_legacy_texts:1402 - POPUP_TEXT_RECOVERY_SOURCE_REJECTED row_index=9 source=legacy_text reason=repeated_fallback_text repeated_text='Végrehajtás'
2026-08-26 14:58:16.309 | WARNING  | winwatt_automation.live_ui.menu_helpers:_reject_repeated_popup_legacy_texts:1393 - TEXT_EXTRACTION_REJECTED_REPEATED_LEGACY_TEXT row_index=10 repeated_text='Végrehajtás' occurrence_count=14 popup_row_count=14 raw_sources=['legacy_text'] rectangle={'left': 44, 'top': 346, 'right': 318, 'bottom': 374}
2026-08-26 14:58:16.309 | INFO     | winwatt_automation.live_ui.menu_helpers:_reject_repeated_popup_legacy_texts:1402 - POPUP_TEXT_RECOVERY_SOURCE_REJECTED row_index=10 source=legacy_text reason=repeated_fallback_text repeated_text='Végrehajtás'
2026-08-26 14:58:16.309 | WARNING  | winwatt_automation.live_ui.menu_helpers:_reject_repeated_popup_legacy_texts:1393 - TEXT_EXTRACTION_REJECTED_REPEATED_LEGACY_TEXT row_index=11 repeated_text='Végrehajtás' occurrence_count=14 popup_row_count=14 raw_sources=['legacy_text'] rectangle={'left': 44, 'top': 374, 'right': 318, 'bottom': 402}
2026-08-26 14:58:16.309 | INFO     | winwatt_automation.live_ui.menu_helpers:_reject_repeated_popup_legacy_texts:1402 - POPUP_TEXT_RECOVERY_SOURCE_REJECTED row_index=11 source=legacy_text reason=repeated_fallback_text repeated_text='Végrehajtás'
2026-08-26 14:58:16.309 | WARNING  | winwatt_automation.live_ui.menu_helpers:_reject_repeated_popup_legacy_texts:1393 - TEXT_EXTRACTION_REJECTED_REPEATED_LEGACY_TEXT row_index=12 repeated_text='Végrehajtás' occurrence_count=14 popup_row_count=14 raw_sources=['legacy_text'] rectangle={'left': 44, 'top': 401, 'right': 318, 'bottom': 429}
2026-08-26 14:58:16.309 | INFO     | winwatt_automation.live_ui.menu_helpers:_reject_repeated_popup_legacy_texts:1402 - POPUP_TEXT_RECOVERY_SOURCE_REJECTED row_index=12 source=legacy_text reason=repeated_fallback_text repeated_text='Végrehajtás'
2026-08-26 14:58:16.309 | WARNING  | winwatt_automation.live_ui.menu_helpers:_reject_repeated_popup_legacy_texts:1393 - TEXT_EXTRACTION_REJECTED_REPEATED_LEGACY_TEXT row_index=13 repeated_text='Végrehajtás' occurrence_count=14 popup_row_count=14 raw_sources=['legacy_text'] rectangle={'left': 44, 'top': 436, 'right': 318, 'bottom': 464}
2026-08-26 14:58:16.309 | INFO     | winwatt_automation.live_ui.menu_helpers:_reject_repeated_popup_legacy_texts:1402 - POPUP_TEXT_RECOVERY_SOURCE_REJECTED row_index=13 source=legacy_text reason=repeated_fallback_text repeated_text='Végrehajtás'
2026-08-26 14:58:16.309 | DEBUG    | winwatt_automation.live_ui.menu_helpers:_structured_popup_rows_from_snapshots:1923 - Structured popup rows: before snapshot row count=14 after snapshot row count=42 structured row count=28 deduped fragment count=14 logical row count=14
2026-08-26 14:58:16.309 | INFO     | winwatt_automation.live_ui.menu_helpers:open_top_menu_and_capture_popup_state:2184 - Menu open transitions: before snapshot row count=14 after snapshot row count=42 structured row count=14 top menu clicked more than once=False
2026-08-26 14:58:16.309 | DEBUG    | winwatt_automation.live_ui.app_connector:get_cached_main_window:565 - DBG_WINWATT_CACHE_GET reason_code=cache_reused_without_validation payload={'wrapper_type': 'UIAWrapper', 'handle': 3409280, 'process_id': 21948, 'title': 'WinWatt gólya - C:\\Users\\Admin\\Documents\\GitHub\\autowinwatt\\winwatt_automation\\data\\runtime_maps\\full_authorized_sandbox\\20260826T123933Z\\testwwp.wwp', 'class_name': 'TMainForm', 'control_type': 'Window'} last_validation_age_s=3.047000000020489 diagnostic_fast_mode=False
2026-08-26 14:58:16.309 | DEBUG    | winwatt_automation.live_ui.app_connector:get_cached_main_window:566 - DBG_PHASE_TIMING phase=get_cached_main_window elapsed_ms=0.000 reason_code=cache_reused_without_validation
2026-08-26 14:58:16.309 | INFO     | winwatt_automation.live_ui.app_connector:ensure_main_window_foreground_before_click:1217 - DBG_WINWATT_FOCUS_GUARD_PRECHECK action_label=click_structured_popup_row[3] wrapper_type=UIAWrapper cached_handle=3409280 cached_pid=21948 cached_title=WinWatt gólya - C:\Users\Admin\Documents\GitHub\autowinwatt\winwatt_automation\data\runtime_maps\full_authorized_sandbox\20260826T123933Z\testwwp.wwp cached_class=TMainForm precheck_exists=False precheck_visible=True precheck_enabled=True rect={'left': -10, 'top': -10, 'right': 1930, 'bottom': 1030, 'width': 1940, 'height': 1040}
2026-08-26 14:58:16.373 | DEBUG    | winwatt_automation.live_ui.app_connector:list_candidate_windows:180 - Discovered 1 WinWatt-like windows on backend=win32
2026-08-26 14:58:16.373 | DEBUG    | winwatt_automation.live_ui.app_connector:list_candidate_windows:182 - Candidate[win32]: {'title': 'WinWatt gólya - C:\\Users\\Admin\\Documents\\GitHub\\autowinwatt\\winwatt_automation\\data\\runtime_maps\\full_authorized_sandbox\\20260826T123933Z\\testwwp.wwp', 'window_text': 'WinWatt gólya - C:\\Users\\Admin\\Documents\\GitHub\\autowinwatt\\winwatt_automation\\data\\runtime_maps\\full_authorized_sandbox\\20260826T123933Z\\testwwp.wwp', 'class_name': 'TMainForm', 'control_type': None, 'process_id': 21948, 'handle': None, 'is_visible': True, 'is_enabled': True, 'rectangle': {'left': -10, 'top': -10, 'right': 1930, 'bottom': 1030, 'width': 1940, 'height': 1040}, 'size': {'width': 1940, 'height': 1040}}
2026-08-26 14:58:16.373 | INFO     | winwatt_automation.live_ui.app_connector:_connect_with_win32_handle:276 - DBG_WINWATT_CONNECT_WIN32_CANDIDATES locator=backend=win32 ranked_candidates=[{'rank': 1, 'score': (1, 1, 1, 1, 2017600), 'process_id': 21948, 'handle': None, 'class_name': 'TMainForm', 'title': 'WinWatt gólya - C:\\Users\\Admin\\Documents\\GitHub\\autowinwatt\\winwatt_automation\\data\\runtime_maps\\full_authorized_sandbox\\20260826T123933Z\\testwwp.wwp', 'visible': True, 'enabled': True}] 
2026-08-26 14:58:16.373 | INFO     | winwatt_automation.live_ui.app_connector:select_main_window:224 - Candidate ranking score=(1, 1, 1, 1, 2017600) data={'title': 'WinWatt gólya - C:\\Users\\Admin\\Documents\\GitHub\\autowinwatt\\winwatt_automation\\data\\runtime_maps\\full_authorized_sandbox\\20260826T123933Z\\testwwp.wwp', 'window_text': 'WinWatt gólya - C:\\Users\\Admin\\Documents\\GitHub\\autowinwatt\\winwatt_automation\\data\\runtime_maps\\full_authorized_sandbox\\20260826T123933Z\\testwwp.wwp', 'class_name': 'TMainForm', 'control_type': None, 'process_id': 21948, 'handle': None, 'is_visible': True, 'is_enabled': True, 'rectangle': {'left': -10, 'top': -10, 'right': 1930, 'bottom': 1030, 'width': 1940, 'height': 1040}, 'size': {'width': 1940, 'height': 1040}}
2026-08-26 14:58:16.389 | INFO     | winwatt_automation.live_ui.app_connector:select_main_window:234 - Selected main window process_id=21948 handle=None score=(1, 1, 1, 1, 2017600) reasons=['has_process_id=True', 'has_handle=False', 'visible=True', 'enabled=True', 'title_has_winwatt=True', 'area=2017600']
2026-08-26 14:58:16.389 | INFO     | winwatt_automation.live_ui.app_connector:_connect_with_win32_handle:293 - DBG_WINWATT_CONNECT_WIN32_SELECTED selected_payload={'title': 'WinWatt gólya - C:\\Users\\Admin\\Documents\\GitHub\\autowinwatt\\winwatt_automation\\data\\runtime_maps\\full_authorized_sandbox\\20260826T123933Z\\testwwp.wwp', 'window_text': 'WinWatt gólya - C:\\Users\\Admin\\Documents\\GitHub\\autowinwatt\\winwatt_automation\\data\\runtime_maps\\full_authorized_sandbox\\20260826T123933Z\\testwwp.wwp', 'class_name': 'TMainForm', 'control_type': None, 'process_id': 21948, 'handle': None, 'is_visible': True, 'is_enabled': True, 'rectangle': {'left': -10, 'top': -10, 'right': 1930, 'bottom': 1030, 'width': 1940, 'height': 1040}, 'size': {'width': 1940, 'height': 1040}} selected_handle_is_none=True
2026-08-26 14:58:16.389 | INFO     | winwatt_automation.live_ui.app_connector:_connect_with_win32_handle:336 - Connected to WinWatt backend=win32 attach_mode=process candidate={'process_id': 21948, 'handle': None, 'class_name': 'TMainForm', 'title': 'WinWatt gólya - C:\\Users\\Admin\\Documents\\GitHub\\autowinwatt\\winwatt_automation\\data\\runtime_maps\\full_authorized_sandbox\\20260826T123933Z\\testwwp.wwp'}
2026-08-26 14:58:16.389 | INFO     | winwatt_automation.live_ui.app_connector:_connect_with_win32_handle:350 - DBG_WINWATT_CONNECT_WIN32_RESOLVED process_id=21948 resolved_handle=None selected_payload={'title': 'WinWatt gólya - C:\\Users\\Admin\\Documents\\GitHub\\autowinwatt\\winwatt_automation\\data\\runtime_maps\\full_authorized_sandbox\\20260826T123933Z\\testwwp.wwp', 'window_text': 'WinWatt gólya - C:\\Users\\Admin\\Documents\\GitHub\\autowinwatt\\winwatt_automation\\data\\runtime_maps\\full_authorized_sandbox\\20260826T123933Z\\testwwp.wwp', 'class_name': 'TMainForm', 'control_type': None, 'process_id': 21948, 'handle': None, 'is_visible': True, 'is_enabled': True, 'rectangle': {'left': -10, 'top': -10, 'right': 1930, 'bottom': 1030, 'width': 1940, 'height': 1040}, 'size': {'width': 1940, 'height': 1040}}
2026-08-26 14:58:16.389 | INFO     | winwatt_automation.live_ui.app_connector:_resolve_uia_main_window:382 - DBG_WINWATT_RESOLVE_UIA_WIN32_SELECTED selected_payload={'title': 'WinWatt gólya - C:\\Users\\Admin\\Documents\\GitHub\\autowinwatt\\winwatt_automation\\data\\runtime_maps\\full_authorized_sandbox\\20260826T123933Z\\testwwp.wwp', 'window_text': 'WinWatt gólya - C:\\Users\\Admin\\Documents\\GitHub\\autowinwatt\\winwatt_automation\\data\\runtime_maps\\full_authorized_sandbox\\20260826T123933Z\\testwwp.wwp', 'class_name': 'TMainForm', 'control_type': None, 'process_id': 21948, 'handle': None, 'is_visible': True, 'is_enabled': True, 'rectangle': {'left': -10, 'top': -10, 'right': 1930, 'bottom': 1030, 'width': 1940, 'height': 1040}, 'size': {'width': 1940, 'height': 1040}}
2026-08-26 14:58:16.389 | INFO     | winwatt_automation.live_ui.app_connector:_resolve_uia_main_window:388 - Connected to WinWatt backend=uia process_id=21948
2026-08-26 14:58:16.389 | INFO     | winwatt_automation.live_ui.app_connector:_resolve_uia_main_window:390 - Resolving main WinWatt window backend=uia class_name=TMainForm title_re=.*WinWatt.*
2026-08-26 14:58:16.626 | INFO     | winwatt_automation.live_ui.app_connector:_resolve_uia_main_window:400 - DBG_WINWATT_RESOLVE_UIA_PRIMARY selected_payload={'title': 'WinWatt gólya - C:\\Users\\Admin\\Documents\\GitHub\\autowinwatt\\winwatt_automation\\data\\runtime_maps\\full_authorized_sandbox\\20260826T123933Z\\testwwp.wwp', 'window_text': 'WinWatt gólya - C:\\Users\\Admin\\Documents\\GitHub\\autowinwatt\\winwatt_automation\\data\\runtime_maps\\full_authorized_sandbox\\20260826T123933Z\\testwwp.wwp', 'class_name': 'TMainForm', 'control_type': None, 'process_id': 21948, 'handle': None, 'is_visible': True, 'is_enabled': True, 'rectangle': {'left': -10, 'top': -10, 'right': 1930, 'bottom': 1030, 'width': 1940, 'height': 1040}, 'size': {'width': 1940, 'height': 1040}} primary_result={'wrapper_type': 'UIAWrapper', 'handle': 3409280, 'process_id': 21948, 'title': 'WinWatt gólya - C:\\Users\\Admin\\Documents\\GitHub\\autowinwatt\\winwatt_automation\\data\\runtime_maps\\full_authorized_sandbox\\20260826T123933Z\\testwwp.wwp', 'class_name': 'TMainForm', 'control_type': 'Window'} identity_match_with_win32=None
2026-08-26 14:58:16.626 | WARNING  | winwatt_automation.live_ui.app_connector:ensure_main_window_foreground_before_click:1254 - DBG_WINWATT_FOCUS_GUARD_STALE_REFRESH_CONTINUE action_label=click_structured_popup_row[3] reason=stale_wrapper_relaxed_foreground_identity_pass relaxed_pass=True relaxed_pass_reason=identity_foreground_visible_enabled_match cached_identity={'wrapper_type': 'UIAWrapper', 'handle': 3409280, 'process_id': 21948, 'title': 'WinWatt gólya - C:\\Users\\Admin\\Documents\\GitHub\\autowinwatt\\winwatt_automation\\data\\runtime_maps\\full_authorized_sandbox\\20260826T123933Z\\testwwp.wwp', 'class_name': 'TMainForm', 'control_type': 'Window'} refreshed_identity={'wrapper_type': 'UIAWrapper', 'handle': 3409280, 'process_id': 21948, 'title': 'WinWatt gólya - C:\\Users\\Admin\\Documents\\GitHub\\autowinwatt\\winwatt_automation\\data\\runtime_maps\\full_authorized_sandbox\\20260826T123933Z\\testwwp.wwp', 'class_name': 'TMainForm', 'control_type': 'Window'} cached_rect={'left': -10, 'top': -10, 'right': 1930, 'bottom': 1030, 'width': 1940, 'height': 1040} refreshed_rect={'left': -10, 'top': -10, 'right': 1930, 'bottom': 1030, 'width': 1940, 'height': 1040} foreground={'handle': 3409280, 'title': 'WinWatt gólya - C:\\Users\\Admin\\Documents\\GitHub\\autowinwatt\\winwatt_automation\\data\\runtime_maps\\full_authorized_sandbox\\20260826T123933Z\\testwwp.wwp', 'class_name': 'TMainForm', 'process_id': 21948}
2026-08-26 14:58:16.642 | INFO     | winwatt_automation.live_ui.app_connector:is_winwatt_foreground_context:1161 - DBG_WINWATT_FOREGROUND_CONTEXT expected_handle=3409280 expected_process_id=21948 expected_title=WinWatt gólya - C:\Users\Admin\Documents\GitHub\autowinwatt\winwatt_automation\data\runtime_maps\full_authorized_sandbox\20260826T123933Z\testwwp.wwp expected_class_name=TMainForm actual_foreground_handle=3409280 actual_foreground_process_id=21948 actual_foreground_title=WinWatt gólya - C:\Users\Admin\Documents\GitHub\autowinwatt\winwatt_automation\data\runtime_maps\full_authorized_sandbox\20260826T123933Z\testwwp.wwp actual_foreground_class_name=TMainForm allow_dialog=True result_reason=handle_match
2026-08-26 14:58:16.642 | INFO     | winwatt_automation.live_ui.app_connector:ensure_main_window_foreground_before_click:1378 - DBG_WINWATT_FOCUS_GUARD_RESULT action_label=click_structured_popup_row[3] status=focus_ok reason=handle_match foreground={'handle': 3409280, 'title': 'WinWatt gólya - C:\\Users\\Admin\\Documents\\GitHub\\autowinwatt\\winwatt_automation\\data\\runtime_maps\\full_authorized_sandbox\\20260826T123933Z\\testwwp.wwp', 'class_name': 'TMainForm', 'process_id': 21948} same_context_as_cached_main=True win32_uia_identity_match=True
2026-08-26 14:58:16.752 | INFO     | winwatt_automation.live_ui.menu_helpers:click_structured_popup_row:2238 - Popup row click: selected row index=3 selected row rectangle={'left': 44, 'top': 139, 'right': 318, 'bottom': 167} top menu clicked more than once=False
2026-08-26 14:58:18.250 | DEBUG    | winwatt_automation.live_ui.app_connector:get_cached_main_window:565 - DBG_WINWATT_CACHE_GET reason_code=cache_reused_without_validation payload={'wrapper_type': 'UIAWrapper', 'handle': 3409280, 'process_id': 21948, 'title': 'WinWatt gólya - C:\\Users\\Admin\\Documents\\GitHub\\autowinwatt\\winwatt_automation\\data\\runtime_maps\\full_authorized_sandbox\\20260826T123933Z\\testwwp.wwp', 'class_name': 'TMainForm', 'control_type': 'Window'} last_validation_age_s=3.985000000015134 diagnostic_fast_mode=False
2026-08-26 14:58:18.265 | DEBUG    | winwatt_automation.live_ui.app_connector:get_cached_main_window:566 - DBG_PHASE_TIMING phase=get_cached_main_window elapsed_ms=1015.000 reason_code=cache_reused_without_validation
2026-08-26 14:58:18.282 | INFO     | winwatt_automation.live_ui.app_connector:is_winwatt_foreground_context:1161 - DBG_WINWATT_FOREGROUND_CONTEXT expected_handle=3409280 expected_process_id=21948 expected_title=WinWatt gólya - C:\Users\Admin\Documents\GitHub\autowinwatt\winwatt_automation\data\runtime_maps\full_authorized_sandbox\20260826T123933Z\testwwp.wwp expected_class_name=TMainForm actual_foreground_handle=3409280 actual_foreground_process_id=21948 actual_foreground_title=WinWatt gólya - C:\Users\Admin\Documents\GitHub\autowinwatt\winwatt_automation\data\runtime_maps\full_authorized_sandbox\20260826T123933Z\testwwp.wwp actual_foreground_class_name=TMainForm allow_dialog=True result_reason=handle_match
2026-08-26 14:58:18.282 | INFO     | winwatt_automation.live_ui.app_connector:_cached_window_health_status:489 - DBG_WINWATT_CACHE_HEALTH reason_code=healthy payload={'wrapper_type': 'UIAWrapper', 'handle': 3409280, 'process_id': 21948, 'title': 'WinWatt gólya - C:\\Users\\Admin\\Documents\\GitHub\\autowinwatt\\winwatt_automation\\data\\runtime_maps\\full_authorized_sandbox\\20260826T123933Z\\testwwp.wwp', 'class_name': 'TMainForm', 'control_type': 'Window'}
2026-08-26 14:58:18.282 | DEBUG    | winwatt_automation.live_ui.app_connector:get_cached_main_window:574 - DBG_WINWATT_CACHE_GET reason_code=cache_validated_ok payload={'wrapper_type': 'UIAWrapper', 'handle': 3409280, 'process_id': 21948, 'title': 'WinWatt gólya - C:\\Users\\Admin\\Documents\\GitHub\\autowinwatt\\winwatt_automation\\data\\runtime_maps\\full_authorized_sandbox\\20260826T123933Z\\testwwp.wwp', 'class_name': 'TMainForm', 'control_type': 'Window'} last_validation_age_s=5.01600000000326 diagnostic_fast_mode=False
2026-08-26 14:58:18.282 | DEBUG    | winwatt_automation.live_ui.app_connector:get_cached_main_window:575 - DBG_PHASE_TIMING phase=get_cached_main_window elapsed_ms=0.000 reason_code=cache_validated_ok
2026-08-26 14:58:29.559 | INFO     | winwatt_automation.live_ui.app_connector:is_winwatt_foreground_context:1161 - DBG_WINWATT_FOREGROUND_CONTEXT expected_handle=3409280 expected_process_id=21948 expected_title=WinWatt gólya - C:\Users\Admin\Documents\GitHub\autowinwatt\winwatt_automation\data\runtime_maps\full_authorized_sandbox\20260826T123933Z\testwwp.wwp expected_class_name=TMainForm actual_foreground_handle=3409280 actual_foreground_process_id=21948 actual_foreground_title=WinWatt gólya - C:\Users\Admin\Documents\GitHub\autowinwatt\winwatt_automation\data\runtime_maps\full_authorized_sandbox\20260826T123933Z\testwwp.wwp actual_foreground_class_name=TMainForm allow_dialog=True result_reason=handle_match
2026-08-26 14:58:29.576 | INFO     | winwatt_automation.live_ui.app_connector:_cached_window_health_status:489 - DBG_WINWATT_CACHE_HEALTH reason_code=healthy payload={'wrapper_type': 'UIAWrapper', 'handle': 3409280, 'process_id': 21948, 'title': 'WinWatt gólya - C:\\Users\\Admin\\Documents\\GitHub\\autowinwatt\\winwatt_automation\\data\\runtime_maps\\full_authorized_sandbox\\20260826T123933Z\\testwwp.wwp', 'class_name': 'TMainForm', 'control_type': 'Window'}
2026-08-26 14:58:29.581 | DEBUG    | winwatt_automation.live_ui.app_connector:get_cached_main_window:574 - DBG_WINWATT_CACHE_GET reason_code=cache_validated_ok payload={'wrapper_type': 'UIAWrapper', 'handle': 3409280, 'process_id': 21948, 'title': 'WinWatt gólya - C:\\Users\\Admin\\Documents\\GitHub\\autowinwatt\\winwatt_automation\\data\\runtime_maps\\full_authorized_sandbox\\20260826T123933Z\\testwwp.wwp', 'class_name': 'TMainForm', 'control_type': 'Window'} last_validation_age_s=11.26600000000326 diagnostic_fast_mode=False
2026-08-26 14:58:29.581 | DEBUG    | winwatt_automation.live_ui.app_connector:get_cached_main_window:575 - DBG_PHASE_TIMING phase=get_cached_main_window elapsed_ms=31.000 reason_code=cache_validated_ok
2026-08-26 14:58:34.802 | INFO     | winwatt_automation.live_ui.app_connector:is_winwatt_foreground_context:1161 - DBG_WINWATT_FOREGROUND_CONTEXT expected_handle=3409280 expected_process_id=21948 expected_title=WinWatt gólya - C:\Users\Admin\Documents\GitHub\autowinwatt\winwatt_automation\data\runtime_maps\full_authorized_sandbox\20260826T123933Z\testwwp.wwp expected_class_name=TMainForm actual_foreground_handle=1443754 actual_foreground_process_id=21948 actual_foreground_title=Helyiségek - Room graph explorer actual_foreground_class_name=TRoomModifyForm allow_dialog=True result_reason=pid_match_allow_dialog
2026-08-26 14:58:34.812 | INFO     | winwatt_automation.live_ui.app_connector:_cached_window_health_status:489 - DBG_WINWATT_CACHE_HEALTH reason_code=healthy payload={'wrapper_type': 'UIAWrapper', 'handle': 3409280, 'process_id': 21948, 'title': 'WinWatt gólya - C:\\Users\\Admin\\Documents\\GitHub\\autowinwatt\\winwatt_automation\\data\\runtime_maps\\full_authorized_sandbox\\20260826T123933Z\\testwwp.wwp', 'class_name': 'TMainForm', 'control_type': 'Window'}
2026-08-26 14:58:34.817 | DEBUG    | winwatt_automation.live_ui.app_connector:get_cached_main_window:574 - DBG_WINWATT_CACHE_GET reason_code=cache_validated_ok payload={'wrapper_type': 'UIAWrapper', 'handle': 3409280, 'process_id': 21948, 'title': 'WinWatt gólya - C:\\Users\\Admin\\Documents\\GitHub\\autowinwatt\\winwatt_automation\\data\\runtime_maps\\full_authorized_sandbox\\20260826T123933Z\\testwwp.wwp', 'class_name': 'TMainForm', 'control_type': 'Window'} last_validation_age_s=5.25 diagnostic_fast_mode=False
2026-08-26 14:58:34.817 | DEBUG    | winwatt_automation.live_ui.app_connector:get_cached_main_window:575 - DBG_PHASE_TIMING phase=get_cached_main_window elapsed_ms=15.000 reason_code=cache_validated_ok
2026-08-26 14:58:36.180 | INFO     | winwatt_automation.live_ui.app_connector:get_cached_main_window:597 - DBG_WINWATT_CACHE_GET reason_code=cache_missing_resolving_fresh diagnostic_fast_mode=False
2026-08-26 14:58:36.388 | DEBUG    | winwatt_automation.live_ui.app_connector:list_candidate_windows:180 - Discovered 0 WinWatt-like windows on backend=win32
2026-08-26 14:58:36.388 | INFO     | winwatt_automation.live_ui.app_connector:_connect_with_win32_handle:276 - DBG_WINWATT_CONNECT_WIN32_CANDIDATES locator=backend=win32 ranked_candidates=[] 
2026-08-26 14:58:36.388 | WARNING  | winwatt_automation.runtime_mapping.program_mapper:_safe_capture_snapshot:191 - snapshot_capture_failed state_id=startup_after_relaunch error=No WinWatt-like windows were found
2026-08-26 14:58:36.890 | INFO     | winwatt_automation.live_ui.app_connector:get_cached_main_window:597 - DBG_WINWATT_CACHE_GET reason_code=cache_missing_resolving_fresh diagnostic_fast_mode=False
2026-08-26 14:58:39.493 | DEBUG    | winwatt_automation.live_ui.app_connector:list_candidate_windows:180 - Discovered 0 WinWatt-like windows on backend=win32
2026-08-26 14:58:39.493 | INFO     | winwatt_automation.live_ui.app_connector:_connect_with_win32_handle:276 - DBG_WINWATT_CONNECT_WIN32_CANDIDATES locator=backend=win32 ranked_candidates=[] 
2026-08-26 14:58:39.493 | WARNING  | winwatt_automation.runtime_mapping.program_mapper:_safe_capture_snapshot:191 - snapshot_capture_failed state_id=startup_after_relaunch error=No WinWatt-like windows were found
2026-08-26 14:58:40.008 | INFO     | winwatt_automation.live_ui.app_connector:get_cached_main_window:597 - DBG_WINWATT_CACHE_GET reason_code=cache_missing_resolving_fresh diagnostic_fast_mode=False
2026-08-26 14:58:41.643 | DEBUG    | winwatt_automation.live_ui.app_connector:list_candidate_windows:180 - Discovered 0 WinWatt-like windows on backend=win32
2026-08-26 14:58:41.643 | INFO     | winwatt_automation.live_ui.app_connector:_connect_with_win32_handle:276 - DBG_WINWATT_CONNECT_WIN32_CANDIDATES locator=backend=win32 ranked_candidates=[] 
2026-08-26 14:58:41.643 | WARNING  | winwatt_automation.runtime_mapping.program_mapper:_safe_capture_snapshot:191 - snapshot_capture_failed state_id=startup_after_relaunch error=No WinWatt-like windows were found
