run_id=0110_diagnostic_2026-08-25_20-18-59
started_at=2026-08-25T20:18:59.262382+00:00
command=python C:\Users\Admin\Documents\GitHub\autowinwatt\winwatt_automation\src\winwatt_automation\scripts\map_full_program.py --safe-mode safe --allow-process-restart --diagnostic-fast-mode --top-menus Fájl --max-submenu-depth 2 --output-dir data\runtime_maps\file_menu_depth2_9_60 --log-profile diagnostic

2026-08-25 22:19:00.529 | INFO     | winwatt_automation.live_ui.app_connector:get_cached_main_window:597 - DBG_WINWATT_CACHE_GET reason_code=cache_missing_resolving_fresh diagnostic_fast_mode=True
2026-08-25 22:19:03.679 | DEBUG    | winwatt_automation.live_ui.app_connector:list_candidate_windows:180 - Discovered 0 WinWatt-like windows on backend=win32
2026-08-25 22:19:03.679 | INFO     | winwatt_automation.live_ui.app_connector:_connect_with_win32_handle:276 - DBG_WINWATT_CONNECT_WIN32_CANDIDATES locator=backend=win32 ranked_candidates=[]
2026-08-25 22:19:03.679 | WARNING  | winwatt_automation.runtime_mapping.program_mapper:_safe_capture_snapshot:191 - snapshot_capture_failed state_id=startup_after_relaunch error=No WinWatt-like windows were found
2026-08-25 22:19:04.195 | INFO     | winwatt_automation.live_ui.app_connector:get_cached_main_window:597 - DBG_WINWATT_CACHE_GET reason_code=cache_missing_resolving_fresh diagnostic_fast_mode=True
2026-08-25 22:19:05.795 | DEBUG    | winwatt_automation.live_ui.app_connector:list_candidate_windows:180 - Discovered 0 WinWatt-like windows on backend=win32
2026-08-25 22:19:05.795 | INFO     | winwatt_automation.live_ui.app_connector:_connect_with_win32_handle:276 - DBG_WINWATT_CONNECT_WIN32_CANDIDATES locator=backend=win32 ranked_candidates=[]
2026-08-25 22:19:05.795 | WARNING  | winwatt_automation.runtime_mapping.program_mapper:_safe_capture_snapshot:191 - snapshot_capture_failed state_id=startup_after_relaunch error=No WinWatt-like windows were found
2026-08-25 22:19:06.308 | INFO     | winwatt_automation.live_ui.app_connector:get_cached_main_window:597 - DBG_WINWATT_CACHE_GET reason_code=cache_missing_resolving_fresh diagnostic_fast_mode=True
2026-08-25 22:19:06.401 | DEBUG    | winwatt_automation.live_ui.app_connector:list_candidate_windows:180 - Discovered 0 WinWatt-like windows on backend=win32
2026-08-25 22:19:06.401 | INFO     | winwatt_automation.live_ui.app_connector:_connect_with_win32_handle:276 - DBG_WINWATT_CONNECT_WIN32_CANDIDATES locator=backend=win32 ranked_candidates=[]
2026-08-25 22:19:06.401 | WARNING  | winwatt_automation.runtime_mapping.program_mapper:_safe_capture_snapshot:191 - snapshot_capture_failed state_id=startup_after_relaunch error=No WinWatt-like windows were found
2026-08-25 22:19:06.904 | INFO     | winwatt_automation.live_ui.app_connector:get_cached_main_window:597 - DBG_WINWATT_CACHE_GET reason_code=cache_missing_resolving_fresh diagnostic_fast_mode=True
2026-08-25 22:19:06.999 | DEBUG    | winwatt_automation.live_ui.app_connector:list_candidate_windows:180 - Discovered 0 WinWatt-like windows on backend=win32
2026-08-25 22:19:06.999 | INFO     | winwatt_automation.live_ui.app_connector:_connect_with_win32_handle:276 - DBG_WINWATT_CONNECT_WIN32_CANDIDATES locator=backend=win32 ranked_candidates=[]
2026-08-25 22:19:06.999 | WARNING  | winwatt_automation.runtime_mapping.program_mapper:_safe_capture_snapshot:191 - snapshot_capture_failed state_id=startup_after_relaunch error=No WinWatt-like windows were found
2026-08-25 22:19:07.500 | INFO     | winwatt_automation.live_ui.app_connector:get_cached_main_window:597 - DBG_WINWATT_CACHE_GET reason_code=cache_missing_resolving_fresh diagnostic_fast_mode=True
2026-08-25 22:19:07.579 | DEBUG    | winwatt_automation.live_ui.app_connector:list_candidate_windows:180 - Discovered 0 WinWatt-like windows on backend=win32
2026-08-25 22:19:07.579 | INFO     | winwatt_automation.live_ui.app_connector:_connect_with_win32_handle:276 - DBG_WINWATT_CONNECT_WIN32_CANDIDATES locator=backend=win32 ranked_candidates=[]
2026-08-25 22:19:07.579 | WARNING  | winwatt_automation.runtime_mapping.program_mapper:_safe_capture_snapshot:191 - snapshot_capture_failed state_id=startup_after_relaunch error=No WinWatt-like windows were found
2026-08-25 22:19:08.094 | INFO     | winwatt_automation.live_ui.app_connector:get_cached_main_window:597 - DBG_WINWATT_CACHE_GET reason_code=cache_missing_resolving_fresh diagnostic_fast_mode=True
2026-08-25 22:19:08.162 | DEBUG    | winwatt_automation.live_ui.app_connector:list_candidate_windows:180 - Discovered 0 WinWatt-like windows on backend=win32
2026-08-25 22:19:08.162 | INFO     | winwatt_automation.live_ui.app_connector:_connect_with_win32_handle:276 - DBG_WINWATT_CONNECT_WIN32_CANDIDATES locator=backend=win32 ranked_candidates=[]
2026-08-25 22:19:08.162 | WARNING  | winwatt_automation.runtime_mapping.program_mapper:_safe_capture_snapshot:191 - snapshot_capture_failed state_id=startup_after_relaunch error=No WinWatt-like windows were found
2026-08-25 22:19:08.673 | INFO     | winwatt_automation.live_ui.app_connector:get_cached_main_window:597 - DBG_WINWATT_CACHE_GET reason_code=cache_missing_resolving_fresh diagnostic_fast_mode=True
2026-08-25 22:19:08.778 | DEBUG    | winwatt_automation.live_ui.app_connector:list_candidate_windows:180 - Discovered 0 WinWatt-like windows on backend=win32
2026-08-25 22:19:08.778 | INFO     | winwatt_automation.live_ui.app_connector:_connect_with_win32_handle:276 - DBG_WINWATT_CONNECT_WIN32_CANDIDATES locator=backend=win32 ranked_candidates=[]
2026-08-25 22:19:08.778 | WARNING  | winwatt_automation.runtime_mapping.program_mapper:_safe_capture_snapshot:191 - snapshot_capture_failed state_id=startup_after_relaunch error=No WinWatt-like windows were found
2026-08-25 22:19:09.279 | INFO     | winwatt_automation.live_ui.app_connector:get_cached_main_window:597 - DBG_WINWATT_CACHE_GET reason_code=cache_missing_resolving_fresh diagnostic_fast_mode=True
2026-08-25 22:19:09.379 | DEBUG    | winwatt_automation.live_ui.app_connector:list_candidate_windows:180 - Discovered 0 WinWatt-like windows on backend=win32
2026-08-25 22:19:09.379 | INFO     | winwatt_automation.live_ui.app_connector:_connect_with_win32_handle:276 - DBG_WINWATT_CONNECT_WIN32_CANDIDATES locator=backend=win32 ranked_candidates=[]
2026-08-25 22:19:09.379 | WARNING  | winwatt_automation.runtime_mapping.program_mapper:_safe_capture_snapshot:191 - snapshot_capture_failed state_id=startup_after_relaunch error=No WinWatt-like windows were found
2026-08-25 22:19:09.880 | INFO     | winwatt_automation.live_ui.app_connector:get_cached_main_window:597 - DBG_WINWATT_CACHE_GET reason_code=cache_missing_resolving_fresh diagnostic_fast_mode=True
2026-08-25 22:19:10.013 | DEBUG    | winwatt_automation.live_ui.app_connector:list_candidate_windows:180 - Discovered 0 WinWatt-like windows on backend=win32
2026-08-25 22:19:10.013 | INFO     | winwatt_automation.live_ui.app_connector:_connect_with_win32_handle:276 - DBG_WINWATT_CONNECT_WIN32_CANDIDATES locator=backend=win32 ranked_candidates=[]
2026-08-25 22:19:10.013 | WARNING  | winwatt_automation.runtime_mapping.program_mapper:_safe_capture_snapshot:191 - snapshot_capture_failed state_id=startup_after_relaunch error=No WinWatt-like windows were found
2026-08-25 22:19:10.525 | INFO     | winwatt_automation.live_ui.app_connector:get_cached_main_window:597 - DBG_WINWATT_CACHE_GET reason_code=cache_missing_resolving_fresh diagnostic_fast_mode=True
2026-08-25 22:19:10.624 | DEBUG    | winwatt_automation.live_ui.app_connector:list_candidate_windows:180 - Discovered 0 WinWatt-like windows on backend=win32
2026-08-25 22:19:10.624 | INFO     | winwatt_automation.live_ui.app_connector:_connect_with_win32_handle:276 - DBG_WINWATT_CONNECT_WIN32_CANDIDATES locator=backend=win32 ranked_candidates=[]
2026-08-25 22:19:10.624 | WARNING  | winwatt_automation.runtime_mapping.program_mapper:_safe_capture_snapshot:191 - snapshot_capture_failed state_id=startup_after_relaunch error=No WinWatt-like windows were found
2026-08-25 22:19:11.128 | INFO     | winwatt_automation.live_ui.app_connector:get_cached_main_window:597 - DBG_WINWATT_CACHE_GET reason_code=cache_missing_resolving_fresh diagnostic_fast_mode=True
2026-08-25 22:19:11.212 | DEBUG    | winwatt_automation.live_ui.app_connector:list_candidate_windows:180 - Discovered 0 WinWatt-like windows on backend=win32
2026-08-25 22:19:11.212 | INFO     | winwatt_automation.live_ui.app_connector:_connect_with_win32_handle:276 - DBG_WINWATT_CONNECT_WIN32_CANDIDATES locator=backend=win32 ranked_candidates=[]
2026-08-25 22:19:11.212 | WARNING  | winwatt_automation.runtime_mapping.program_mapper:_safe_capture_snapshot:191 - snapshot_capture_failed state_id=startup_after_relaunch error=No WinWatt-like windows were found
2026-08-25 22:19:11.718 | INFO     | winwatt_automation.live_ui.app_connector:get_cached_main_window:597 - DBG_WINWATT_CACHE_GET reason_code=cache_missing_resolving_fresh diagnostic_fast_mode=True
2026-08-25 22:19:11.795 | DEBUG    | winwatt_automation.live_ui.app_connector:list_candidate_windows:180 - Discovered 0 WinWatt-like windows on backend=win32
2026-08-25 22:19:11.795 | INFO     | winwatt_automation.live_ui.app_connector:_connect_with_win32_handle:276 - DBG_WINWATT_CONNECT_WIN32_CANDIDATES locator=backend=win32 ranked_candidates=[]
2026-08-25 22:19:11.795 | WARNING  | winwatt_automation.runtime_mapping.program_mapper:_safe_capture_snapshot:191 - snapshot_capture_failed state_id=startup_after_relaunch error=No WinWatt-like windows were found
2026-08-25 22:19:12.306 | INFO     | winwatt_automation.live_ui.app_connector:get_cached_main_window:597 - DBG_WINWATT_CACHE_GET reason_code=cache_missing_resolving_fresh diagnostic_fast_mode=True
2026-08-25 22:19:12.402 | WARNING  | winwatt_automation.runtime_mapping.program_mapper:_safe_capture_snapshot:191 - snapshot_capture_failed state_id=startup_after_relaunch error=Handle 330806 is not a vaild window handle
2026-08-25 22:19:12.905 | INFO     | winwatt_automation.live_ui.app_connector:get_cached_main_window:597 - DBG_WINWATT_CACHE_GET reason_code=cache_missing_resolving_fresh diagnostic_fast_mode=True
2026-08-25 22:19:13.030 | DEBUG    | winwatt_automation.live_ui.app_connector:list_candidate_windows:180 - Discovered 1 WinWatt-like windows on backend=win32
2026-08-25 22:19:13.030 | DEBUG    | winwatt_automation.live_ui.app_connector:list_candidate_windows:182 - Candidate[win32]: {'title': 'WinWatt gólya', 'window_text': 'WinWatt gólya', 'class_name': 'TMainForm', 'control_type': None, 'process_id': 23912, 'handle': None, 'is_visible': True, 'is_enabled': True, 'rectangle': {'left': 171, 'top': 96, 'right': 1170, 'bottom': 1151, 'width': 999, 'height': 1055}, 'size': {'width': 999, 'height': 1055}}
2026-08-25 22:19:13.030 | INFO     | winwatt_automation.live_ui.app_connector:_connect_with_win32_handle:276 - DBG_WINWATT_CONNECT_WIN32_CANDIDATES locator=backend=win32 ranked_candidates=[{'rank': 1, 'score': (1, 1, 1, 1, 1053945), 'process_id': 23912, 'handle': None, 'class_name': 'TMainForm', 'title': 'WinWatt gólya', 'visible': True, 'enabled': True}]
2026-08-25 22:19:13.030 | INFO     | winwatt_automation.live_ui.app_connector:select_main_window:224 - Candidate ranking score=(1, 1, 1, 1, 1053945) data={'title': 'WinWatt gólya', 'window_text': 'WinWatt gólya', 'class_name': 'TMainForm', 'control_type': None, 'process_id': 23912, 'handle': None, 'is_visible': True, 'is_enabled': True, 'rectangle': {'left': 171, 'top': 96, 'right': 1170, 'bottom': 1151, 'width': 999, 'height': 1055}, 'size': {'width': 999, 'height': 1055}}
2026-08-25 22:19:13.030 | INFO     | winwatt_automation.live_ui.app_connector:select_main_window:234 - Selected main window process_id=23912 handle=None score=(1, 1, 1, 1, 1053945) reasons=['has_process_id=True', 'has_handle=False', 'visible=True', 'enabled=True', 'title_has_winwatt=True', 'area=1053945']
2026-08-25 22:19:13.030 | INFO     | winwatt_automation.live_ui.app_connector:_connect_with_win32_handle:293 - DBG_WINWATT_CONNECT_WIN32_SELECTED selected_payload={'title': 'WinWatt gólya', 'window_text': 'WinWatt gólya', 'class_name': 'TMainForm', 'control_type': None, 'process_id': 23912, 'handle': None, 'is_visible': True, 'is_enabled': True, 'rectangle': {'left': 171, 'top': 96, 'right': 1170, 'bottom': 1151, 'width': 999, 'height': 1055}, 'size': {'width': 999, 'height': 1055}} selected_handle_is_none=True
2026-08-25 22:19:13.030 | INFO     | winwatt_automation.live_ui.app_connector:_connect_with_win32_handle:336 - Connected to WinWatt backend=win32 attach_mode=process candidate={'process_id': 23912, 'handle': None, 'class_name': 'TMainForm', 'title': 'WinWatt gólya'}
2026-08-25 22:19:13.030 | INFO     | winwatt_automation.live_ui.app_connector:_connect_with_win32_handle:350 - DBG_WINWATT_CONNECT_WIN32_RESOLVED process_id=23912 resolved_handle=None selected_payload={'title': 'WinWatt gólya', 'window_text': 'WinWatt gólya', 'class_name': 'TMainForm', 'control_type': None, 'process_id': 23912, 'handle': None, 'is_visible': True, 'is_enabled': True, 'rectangle': {'left': 171, 'top': 96, 'right': 1170, 'bottom': 1151, 'width': 999, 'height': 1055}, 'size': {'width': 999, 'height': 1055}}
2026-08-25 22:19:13.030 | INFO     | winwatt_automation.live_ui.app_connector:_resolve_uia_main_window:382 - DBG_WINWATT_RESOLVE_UIA_WIN32_SELECTED selected_payload={'title': 'WinWatt gólya', 'window_text': 'WinWatt gólya', 'class_name': 'TMainForm', 'control_type': None, 'process_id': 23912, 'handle': None, 'is_visible': True, 'is_enabled': True, 'rectangle': {'left': 171, 'top': 96, 'right': 1170, 'bottom': 1151, 'width': 999, 'height': 1055}, 'size': {'width': 999, 'height': 1055}}
2026-08-25 22:19:13.030 | INFO     | winwatt_automation.live_ui.app_connector:_resolve_uia_main_window:388 - Connected to WinWatt backend=uia process_id=23912
2026-08-25 22:19:13.030 | INFO     | winwatt_automation.live_ui.app_connector:_resolve_uia_main_window:390 - Resolving main WinWatt window backend=uia class_name=TMainForm title_re=.*WinWatt.*
2026-08-25 22:19:13.497 | INFO     | winwatt_automation.live_ui.app_connector:_resolve_uia_main_window:400 - DBG_WINWATT_RESOLVE_UIA_PRIMARY selected_payload={'title': 'WinWatt gólya', 'window_text': 'WinWatt gólya', 'class_name': 'TMainForm', 'control_type': None, 'process_id': 23912, 'handle': None, 'is_visible': True, 'is_enabled': True, 'rectangle': {'left': 171, 'top': 96, 'right': 1170, 'bottom': 1151, 'width': 999, 'height': 1055}, 'size': {'width': 999, 'height': 1055}} primary_result={'wrapper_type': 'UIAWrapper', 'handle': 396386, 'process_id': 23912, 'title': 'WinWatt gólya', 'class_name': 'TMainForm', 'control_type': 'Window'} identity_match_with_win32=None
2026-08-25 22:19:13.498 | DEBUG    | winwatt_automation.live_ui.app_connector:get_cached_main_window:606 - DBG_PHASE_TIMING phase=get_cached_main_window elapsed_ms=594.000 reason_code=fresh_resolve
2026-08-25 22:19:13.712 | DEBUG    | winwatt_automation.live_ui.app_connector:get_cached_main_window:565 - DBG_WINWATT_CACHE_GET reason_code=cache_reused_without_validation payload={'wrapper_type': 'UIAWrapper', 'handle': 396386, 'process_id': 23912, 'title': 'WinWatt gólya', 'class_name': 'TMainForm', 'control_type': 'Window'} last_validation_age_s=0.1870000000053551 diagnostic_fast_mode=True
2026-08-25 22:19:13.712 | DEBUG    | winwatt_automation.live_ui.app_connector:get_cached_main_window:566 - DBG_PHASE_TIMING phase=get_cached_main_window elapsed_ms=16.000 reason_code=cache_reused_without_validation
2026-08-25 22:19:13.712 | DEBUG    | winwatt_automation.live_ui.app_connector:get_cached_main_window:565 - DBG_WINWATT_CACHE_GET reason_code=cache_reused_without_validation payload={'wrapper_type': 'UIAWrapper', 'handle': 396386, 'process_id': 23912, 'title': 'WinWatt gólya', 'class_name': 'TMainForm', 'control_type': 'Window'} last_validation_age_s=0.2029999999795109 diagnostic_fast_mode=True
2026-08-25 22:19:13.712 | DEBUG    | winwatt_automation.live_ui.app_connector:get_cached_main_window:566 - DBG_PHASE_TIMING phase=get_cached_main_window elapsed_ms=0.000 reason_code=cache_reused_without_validation
2026-08-25 22:19:14.145 | INFO     | winwatt_automation.live_ui.menu_helpers:_menu_items:1101 - DBG_MENU_ITEMS_SUMMARY total_items=7 visible_items=7 topbar_band=(181, 106, 590, 159) topbar_band_visible_count=7 popup_region_visible_count=0 force_refresh=True handle=396386
2026-08-25 22:19:14.145 | DEBUG    | winwatt_automation.live_ui.menu_helpers:_menu_items:1111 - Discovered 7 MenuItem controls
2026-08-25 22:19:14.145 | DEBUG    | winwatt_automation.live_ui.menu_helpers:_log_phase_timing:83 - DBG_PHASE_TIMING phase=_menu_items elapsed_ms=453.000 force_refresh=True total_items=7 visible_items=7
2026-08-25 22:19:14.211 | INFO     | winwatt_automation.live_ui.menu_helpers:list_top_menu_items:1141 - Top-level menu items (raw): ['Rendszer', 'Fájl', 'Jegyzékek', 'Adatbázis...', 'Beállítások', 'Ablak', 'Súgó']
2026-08-25 22:19:14.211 | DEBUG    | winwatt_automation.live_ui.menu_helpers:_log_phase_timing:83 - DBG_PHASE_TIMING phase=list_top_menu_items elapsed_ms=516.000 count=7
2026-08-25 22:19:14.217 | DEBUG    | winwatt_automation.live_ui.app_connector:get_cached_main_window:565 - DBG_WINWATT_CACHE_GET reason_code=cache_reused_without_validation payload={'wrapper_type': 'UIAWrapper', 'handle': 396386, 'process_id': 23912, 'title': 'WinWatt gólya', 'class_name': 'TMainForm', 'control_type': 'Window'} last_validation_age_s=0.7029999999795109 diagnostic_fast_mode=True
2026-08-25 22:19:14.217 | DEBUG    | winwatt_automation.live_ui.app_connector:get_cached_main_window:566 - DBG_PHASE_TIMING phase=get_cached_main_window elapsed_ms=15.000 reason_code=cache_reused_without_validation
2026-08-25 22:19:14.464 | DEBUG    | winwatt_automation.live_ui.app_connector:get_cached_main_window:565 - DBG_WINWATT_CACHE_GET reason_code=cache_reused_without_validation payload={'wrapper_type': 'UIAWrapper', 'handle': 396386, 'process_id': 23912, 'title': 'WinWatt gólya', 'class_name': 'TMainForm', 'control_type': 'Window'} last_validation_age_s=0.9529999999795109 diagnostic_fast_mode=True
2026-08-25 22:19:14.464 | DEBUG    | winwatt_automation.live_ui.app_connector:get_cached_main_window:566 - DBG_PHASE_TIMING phase=get_cached_main_window elapsed_ms=0.000 reason_code=cache_reused_without_validation
2026-08-25 22:19:14.464 | DEBUG    | winwatt_automation.live_ui.app_connector:get_cached_main_window:565 - DBG_WINWATT_CACHE_GET reason_code=cache_reused_without_validation payload={'wrapper_type': 'UIAWrapper', 'handle': 396386, 'process_id': 23912, 'title': 'WinWatt gólya', 'class_name': 'TMainForm', 'control_type': 'Window'} last_validation_age_s=0.9529999999795109 diagnostic_fast_mode=True
2026-08-25 22:19:14.464 | DEBUG    | winwatt_automation.live_ui.app_connector:get_cached_main_window:566 - DBG_PHASE_TIMING phase=get_cached_main_window elapsed_ms=0.000 reason_code=cache_reused_without_validation
2026-08-25 22:19:14.912 | INFO     | winwatt_automation.live_ui.menu_helpers:_menu_items:1101 - DBG_MENU_ITEMS_SUMMARY total_items=7 visible_items=7 topbar_band=(181, 106, 590, 159) topbar_band_visible_count=7 popup_region_visible_count=0 force_refresh=True handle=396386
2026-08-25 22:19:14.912 | DEBUG    | winwatt_automation.live_ui.menu_helpers:_menu_items:1111 - Discovered 7 MenuItem controls
2026-08-25 22:19:14.912 | DEBUG    | winwatt_automation.live_ui.menu_helpers:_log_phase_timing:83 - DBG_PHASE_TIMING phase=_menu_items elapsed_ms=453.000 force_refresh=True total_items=7 visible_items=7
2026-08-25 22:19:14.983 | INFO     | winwatt_automation.live_ui.menu_helpers:list_top_menu_items:1141 - Top-level menu items (raw): ['Rendszer', 'Fájl', 'Jegyzékek', 'Adatbázis...', 'Beállítások', 'Ablak', 'Súgó']
2026-08-25 22:19:14.983 | DEBUG    | winwatt_automation.live_ui.menu_helpers:_log_phase_timing:83 - DBG_PHASE_TIMING phase=list_top_menu_items elapsed_ms=531.000 count=7
2026-08-25 22:19:14.985 | DEBUG    | winwatt_automation.live_ui.app_connector:get_cached_main_window:565 - DBG_WINWATT_CACHE_GET reason_code=cache_reused_without_validation payload={'wrapper_type': 'UIAWrapper', 'handle': 396386, 'process_id': 23912, 'title': 'WinWatt gólya', 'class_name': 'TMainForm', 'control_type': 'Window'} last_validation_age_s=1.4839999999967404 diagnostic_fast_mode=True
2026-08-25 22:19:14.985 | DEBUG    | winwatt_automation.live_ui.app_connector:get_cached_main_window:566 - DBG_PHASE_TIMING phase=get_cached_main_window elapsed_ms=0.000 reason_code=cache_reused_without_validation
2026-08-25 22:19:15.179 | DEBUG    | winwatt_automation.live_ui.app_connector:get_cached_main_window:565 - DBG_WINWATT_CACHE_GET reason_code=cache_reused_without_validation payload={'wrapper_type': 'UIAWrapper', 'handle': 396386, 'process_id': 23912, 'title': 'WinWatt gólya', 'class_name': 'TMainForm', 'control_type': 'Window'} last_validation_age_s=1.6719999999913853 diagnostic_fast_mode=True
2026-08-25 22:19:15.179 | DEBUG    | winwatt_automation.live_ui.app_connector:get_cached_main_window:566 - DBG_PHASE_TIMING phase=get_cached_main_window elapsed_ms=0.000 reason_code=cache_reused_without_validation
2026-08-25 22:19:15.179 | DEBUG    | winwatt_automation.live_ui.app_connector:get_cached_main_window:565 - DBG_WINWATT_CACHE_GET reason_code=cache_reused_without_validation payload={'wrapper_type': 'UIAWrapper', 'handle': 396386, 'process_id': 23912, 'title': 'WinWatt gólya', 'class_name': 'TMainForm', 'control_type': 'Window'} last_validation_age_s=1.6719999999913853 diagnostic_fast_mode=True
2026-08-25 22:19:15.179 | DEBUG    | winwatt_automation.live_ui.app_connector:get_cached_main_window:566 - DBG_PHASE_TIMING phase=get_cached_main_window elapsed_ms=0.000 reason_code=cache_reused_without_validation
2026-08-25 22:19:15.689 | INFO     | winwatt_automation.live_ui.menu_helpers:_menu_items:1101 - DBG_MENU_ITEMS_SUMMARY total_items=7 visible_items=7 topbar_band=(181, 106, 590, 159) topbar_band_visible_count=7 popup_region_visible_count=0 force_refresh=True handle=396386
2026-08-25 22:19:15.689 | DEBUG    | winwatt_automation.live_ui.menu_helpers:_menu_items:1111 - Discovered 7 MenuItem controls
2026-08-25 22:19:15.689 | DEBUG    | winwatt_automation.live_ui.menu_helpers:_log_phase_timing:83 - DBG_PHASE_TIMING phase=_menu_items elapsed_ms=515.000 force_refresh=True total_items=7 visible_items=7
2026-08-25 22:19:15.749 | INFO     | winwatt_automation.live_ui.menu_helpers:list_top_menu_items:1141 - Top-level menu items (raw): ['Rendszer', 'Fájl', 'Jegyzékek', 'Adatbázis...', 'Beállítások', 'Ablak', 'Súgó']
2026-08-25 22:19:15.749 | DEBUG    | winwatt_automation.live_ui.menu_helpers:_log_phase_timing:83 - DBG_PHASE_TIMING phase=list_top_menu_items elapsed_ms=578.000 count=7
2026-08-25 22:19:15.749 | DEBUG    | winwatt_automation.live_ui.app_connector:get_cached_main_window:565 - DBG_WINWATT_CACHE_GET reason_code=cache_reused_without_validation payload={'wrapper_type': 'UIAWrapper', 'handle': 396386, 'process_id': 23912, 'title': 'WinWatt gólya', 'class_name': 'TMainForm', 'control_type': 'Window'} last_validation_age_s=2.25 diagnostic_fast_mode=True
2026-08-25 22:19:15.749 | DEBUG    | winwatt_automation.live_ui.app_connector:get_cached_main_window:566 - DBG_PHASE_TIMING phase=get_cached_main_window elapsed_ms=0.000 reason_code=cache_reused_without_validation
2026-08-25 22:19:15.749 | DEBUG    | winwatt_automation.runtime_mapping.menu_text:normalize_menu_title:31 - normalize_menu_title ellipsis_handled raw="Adatbázis..." normalized="adatbázis"
2026-08-25 22:19:15.749 | DEBUG    | winwatt_automation.runtime_mapping.menu_text:normalize_menu_title:31 - normalize_menu_title ellipsis_handled raw="Adatbázis..." normalized="adatbázis"
2026-08-25 22:19:15.749 | DEBUG    | winwatt_automation.runtime_mapping.menu_text:normalize_menu_title:31 - normalize_menu_title ellipsis_handled raw="Adatbázis..." normalized="adatbázis"
2026-08-25 22:19:15.749 | INFO     | winwatt_automation.runtime_mapping.program_mapper:get_canonical_top_menu_names:924 - Canonical top-level menus [7]: ['Rendszer', 'Fájl', 'Jegyzékek', 'Adatbázis...', 'Beállítások', 'Ablak', 'Súgó']
2026-08-25 22:19:15.749 | INFO     | winwatt_automation.runtime_mapping.program_mapper:map_runtime_state:4276 - MAP_RUNTIME_STATE_SELECTION state_id=no_project discovered=['Rendszer', 'Fájl', 'Jegyzékek', 'Adatbázis...', 'Beállítások', 'Ablak', 'Súgó'] canonical=['Rendszer', 'Fájl', 'Jegyzékek', 'Adatbázis...', 'Beállítások', 'Ablak', 'Súgó'] requested=['fájl'] normalized_targets=['fájl']
2026-08-25 22:19:15.749 | DEBUG    | winwatt_automation.live_ui.app_connector:get_cached_main_window:565 - DBG_WINWATT_CACHE_GET reason_code=cache_reused_without_validation payload={'wrapper_type': 'UIAWrapper', 'handle': 396386, 'process_id': 23912, 'title': 'WinWatt gólya', 'class_name': 'TMainForm', 'control_type': 'Window'} last_validation_age_s=2.25 diagnostic_fast_mode=True
2026-08-25 22:19:15.749 | DEBUG    | winwatt_automation.live_ui.app_connector:get_cached_main_window:566 - DBG_PHASE_TIMING phase=get_cached_main_window elapsed_ms=0.000 reason_code=cache_reused_without_validation
2026-08-25 22:19:15.812 | DEBUG    | winwatt_automation.live_ui.app_connector:get_cached_main_window:565 - DBG_WINWATT_CACHE_GET reason_code=cache_reused_without_validation payload={'wrapper_type': 'UIAWrapper', 'handle': 396386, 'process_id': 23912, 'title': 'WinWatt gólya', 'class_name': 'TMainForm', 'control_type': 'Window'} last_validation_age_s=2.312000000005355 diagnostic_fast_mode=True
2026-08-25 22:19:15.812 | DEBUG    | winwatt_automation.live_ui.app_connector:get_cached_main_window:566 - DBG_PHASE_TIMING phase=get_cached_main_window elapsed_ms=0.000 reason_code=cache_reused_without_validation
2026-08-25 22:19:15.812 | DEBUG    | winwatt_automation.live_ui.app_connector:get_cached_main_window:565 - DBG_WINWATT_CACHE_GET reason_code=cache_reused_without_validation payload={'wrapper_type': 'UIAWrapper', 'handle': 396386, 'process_id': 23912, 'title': 'WinWatt gólya', 'class_name': 'TMainForm', 'control_type': 'Window'} last_validation_age_s=2.312000000005355 diagnostic_fast_mode=True
2026-08-25 22:19:15.812 | DEBUG    | winwatt_automation.live_ui.app_connector:get_cached_main_window:566 - DBG_PHASE_TIMING phase=get_cached_main_window elapsed_ms=0.000 reason_code=cache_reused_without_validation
2026-08-25 22:19:15.812 | INFO     | winwatt_automation.live_ui.menu_helpers:_menu_items:1101 - DBG_MENU_ITEMS_SUMMARY total_items=7 visible_items=7 topbar_band=(181, 106, 590, 159) topbar_band_visible_count=7 popup_region_visible_count=0 force_refresh=False handle=396386
2026-08-25 22:19:15.812 | DEBUG    | winwatt_automation.live_ui.menu_helpers:_menu_items:1111 - Discovered 7 MenuItem controls
2026-08-25 22:19:15.812 | DEBUG    | winwatt_automation.live_ui.menu_helpers:_log_phase_timing:83 - DBG_PHASE_TIMING phase=_menu_items elapsed_ms=0.000 force_refresh=False total_items=7 visible_items=7
2026-08-25 22:19:15.812 | DEBUG    | winwatt_automation.live_ui.menu_helpers:_log_popup_fragment:499 - DBG_MENU_FRAGMENT_MAIN_WINDOW source_scope=main_window control_type=MenuItem class_name= text='Rendszer' rectangle={'left': 181, 'top': 106, 'right': 209, 'bottom': 134} center=(195, 120) process_id=23912 native_handle=None topbar_candidate=True popup_candidate=False
2026-08-25 22:19:15.812 | DEBUG    | winwatt_automation.live_ui.menu_helpers:_log_popup_fragment:499 - DBG_MENU_FRAGMENT_MAIN_WINDOW source_scope=main_window control_type=MenuItem class_name= text='Fájl' rectangle={'left': 181, 'top': 135, 'right': 221, 'bottom': 159} center=(201, 147) process_id=23912 native_handle=None topbar_candidate=True popup_candidate=False
2026-08-25 22:19:15.812 | DEBUG    | winwatt_automation.live_ui.menu_helpers:_log_popup_fragment:499 - DBG_MENU_FRAGMENT_MAIN_WINDOW source_scope=main_window control_type=MenuItem class_name= text='Jegyzékek' rectangle={'left': 221, 'top': 135, 'right': 304, 'bottom': 159} center=(262, 147) process_id=23912 native_handle=None topbar_candidate=True popup_candidate=False
2026-08-25 22:19:15.812 | DEBUG    | winwatt_automation.live_ui.menu_helpers:_log_popup_fragment:499 - DBG_MENU_FRAGMENT_MAIN_WINDOW source_scope=main_window control_type=MenuItem class_name= text='Adatbázis...' rectangle={'left': 304, 'top': 135, 'right': 397, 'bottom': 159} center=(350, 147) process_id=23912 native_handle=None topbar_candidate=True popup_candidate=False
2026-08-25 22:19:15.812 | DEBUG    | winwatt_automation.live_ui.menu_helpers:_log_popup_fragment:499 - DBG_MENU_FRAGMENT_MAIN_WINDOW source_scope=main_window control_type=MenuItem class_name= text='Beállítások' rectangle={'left': 396, 'top': 135, 'right': 484, 'bottom': 159} center=(440, 147) process_id=23912 native_handle=None topbar_candidate=True popup_candidate=False
2026-08-25 22:19:15.812 | DEBUG    | winwatt_automation.live_ui.menu_helpers:_log_popup_fragment:499 - DBG_MENU_FRAGMENT_MAIN_WINDOW source_scope=main_window control_type=MenuItem class_name= text='Ablak' rectangle={'left': 484, 'top': 135, 'right': 539, 'bottom': 159} center=(511, 147) process_id=23912 native_handle=None topbar_candidate=True popup_candidate=False
2026-08-25 22:19:15.812 | DEBUG    | winwatt_automation.live_ui.menu_helpers:_log_popup_fragment:499 - DBG_MENU_FRAGMENT_MAIN_WINDOW source_scope=main_window control_type=MenuItem class_name= text='Súgó' rectangle={'left': 539, 'top': 135, 'right': 590, 'bottom': 159} center=(564, 147) process_id=23912 native_handle=None topbar_candidate=True popup_candidate=False
2026-08-25 22:19:15.812 | DEBUG    | winwatt_automation.live_ui.menu_helpers:_menu_like_controls_from_main_window:1599 - DBG_MENU_FRAGMENT_SOURCE_SUMMARY source_scope=main_window count=7
2026-08-25 22:19:15.836 | DEBUG    | winwatt_automation.live_ui.app_connector:get_cached_main_window:565 - DBG_WINWATT_CACHE_GET reason_code=cache_reused_without_validation payload={'wrapper_type': 'UIAWrapper', 'handle': 396386, 'process_id': 23912, 'title': 'WinWatt gólya', 'class_name': 'TMainForm', 'control_type': 'Window'} last_validation_age_s=2.312000000005355 diagnostic_fast_mode=True
2026-08-25 22:19:15.837 | DEBUG    | winwatt_automation.live_ui.app_connector:get_cached_main_window:566 - DBG_PHASE_TIMING phase=get_cached_main_window elapsed_ms=16.000 reason_code=cache_reused_without_validation
2026-08-25 22:19:15.837 | DEBUG    | winwatt_automation.live_ui.menu_helpers:capture_menu_popup_snapshot:1682 - DBG_POPUP_ROW_DEDUPE rect={'left': 181, 'top': 106, 'right': 209, 'bottom': 134} normalized_text=rendszer class_name= source_scope=main_window deduplicated=False
2026-08-25 22:19:15.838 | DEBUG    | winwatt_automation.live_ui.menu_helpers:capture_menu_popup_snapshot:1682 - DBG_POPUP_ROW_DEDUPE rect={'left': 181, 'top': 135, 'right': 221, 'bottom': 159} normalized_text=fájl class_name= source_scope=main_window deduplicated=False
2026-08-25 22:19:15.838 | DEBUG    | winwatt_automation.live_ui.menu_helpers:capture_menu_popup_snapshot:1682 - DBG_POPUP_ROW_DEDUPE rect={'left': 221, 'top': 135, 'right': 304, 'bottom': 159} normalized_text=jegyzékek class_name= source_scope=main_window deduplicated=False
2026-08-25 22:19:15.838 | DEBUG    | winwatt_automation.live_ui.menu_helpers:capture_menu_popup_snapshot:1682 - DBG_POPUP_ROW_DEDUPE rect={'left': 304, 'top': 135, 'right': 397, 'bottom': 159} normalized_text=adatbázis... class_name= source_scope=main_window deduplicated=False
2026-08-25 22:19:15.838 | DEBUG    | winwatt_automation.live_ui.menu_helpers:capture_menu_popup_snapshot:1682 - DBG_POPUP_ROW_DEDUPE rect={'left': 396, 'top': 135, 'right': 484, 'bottom': 159} normalized_text=beállítások class_name= source_scope=main_window deduplicated=False
2026-08-25 22:19:15.838 | DEBUG    | winwatt_automation.live_ui.menu_helpers:capture_menu_popup_snapshot:1682 - DBG_POPUP_ROW_DEDUPE rect={'left': 484, 'top': 135, 'right': 539, 'bottom': 159} normalized_text=ablak class_name= source_scope=main_window deduplicated=False
2026-08-25 22:19:15.838 | DEBUG    | winwatt_automation.live_ui.menu_helpers:capture_menu_popup_snapshot:1682 - DBG_POPUP_ROW_DEDUPE rect={'left': 539, 'top': 135, 'right': 590, 'bottom': 159} normalized_text=súgó class_name= source_scope=main_window deduplicated=False
2026-08-25 22:19:15.838 | INFO     | winwatt_automation.live_ui.menu_helpers:capture_menu_popup_snapshot:1724 - POPUP_SNAPSHOT_SUMMARY main_window_fragments=7 global_scan_fragments=0 deduped_fragments=7 topbar_like=6 popup_like=0 empty_text=0 topbar_band=(181, 135, 590, 159) empty_text_vertical_cluster_detected=False accepted_popup_rows=0 popup_heuristic=candidate_count_below_threshold
2026-08-25 22:19:15.838 | DEBUG    | winwatt_automation.live_ui.menu_helpers:capture_menu_popup_snapshot:1737 - Captured menu snapshot rows=7
2026-08-25 22:19:15.838 | DEBUG    | winwatt_automation.live_ui.menu_helpers:_log_phase_timing:83 - DBG_PHASE_TIMING phase=capture_menu_popup_snapshot elapsed_ms=78.000 main_rows=7 global_rows=0 unique_rows=7 diagnostic_fast_mode=True
2026-08-25 22:19:15.838 | DEBUG    | winwatt_automation.live_ui.app_connector:get_cached_main_window:565 - DBG_WINWATT_CACHE_GET reason_code=cache_reused_without_validation payload={'wrapper_type': 'UIAWrapper', 'handle': 396386, 'process_id': 23912, 'title': 'WinWatt gólya', 'class_name': 'TMainForm', 'control_type': 'Window'} last_validation_age_s=2.327999999979511 diagnostic_fast_mode=True
2026-08-25 22:19:15.838 | DEBUG    | winwatt_automation.live_ui.app_connector:get_cached_main_window:566 - DBG_PHASE_TIMING phase=get_cached_main_window elapsed_ms=0.000 reason_code=cache_reused_without_validation
2026-08-25 22:19:16.112 | DEBUG    | winwatt_automation.live_ui.app_connector:get_cached_main_window:565 - DBG_WINWATT_CACHE_GET reason_code=cache_reused_without_validation payload={'wrapper_type': 'UIAWrapper', 'handle': 396386, 'process_id': 23912, 'title': 'WinWatt gólya', 'class_name': 'TMainForm', 'control_type': 'Window'} last_validation_age_s=2.5929999999934807 diagnostic_fast_mode=True
2026-08-25 22:19:16.112 | DEBUG    | winwatt_automation.live_ui.app_connector:get_cached_main_window:566 - DBG_PHASE_TIMING phase=get_cached_main_window elapsed_ms=16.000 reason_code=cache_reused_without_validation
2026-08-25 22:19:16.112 | DEBUG    | winwatt_automation.live_ui.app_connector:get_cached_main_window:565 - DBG_WINWATT_CACHE_GET reason_code=cache_reused_without_validation payload={'wrapper_type': 'UIAWrapper', 'handle': 396386, 'process_id': 23912, 'title': 'WinWatt gólya', 'class_name': 'TMainForm', 'control_type': 'Window'} last_validation_age_s=2.6089999999967404 diagnostic_fast_mode=True
2026-08-25 22:19:16.112 | DEBUG    | winwatt_automation.live_ui.app_connector:get_cached_main_window:566 - DBG_PHASE_TIMING phase=get_cached_main_window elapsed_ms=0.000 reason_code=cache_reused_without_validation
2026-08-25 22:19:16.545 | INFO     | winwatt_automation.live_ui.menu_helpers:_menu_items:1101 - DBG_MENU_ITEMS_SUMMARY total_items=7 visible_items=7 topbar_band=(181, 106, 590, 159) topbar_band_visible_count=7 popup_region_visible_count=0 force_refresh=True handle=396386
2026-08-25 22:19:16.545 | DEBUG    | winwatt_automation.live_ui.menu_helpers:_menu_items:1111 - Discovered 7 MenuItem controls
2026-08-25 22:19:16.545 | DEBUG    | winwatt_automation.live_ui.menu_helpers:_log_phase_timing:83 - DBG_PHASE_TIMING phase=_menu_items elapsed_ms=454.000 force_refresh=True total_items=7 visible_items=7
2026-08-25 22:19:16.595 | INFO     | winwatt_automation.live_ui.menu_helpers:list_top_menu_items:1141 - Top-level menu items (raw): ['Rendszer', 'Fájl', 'Jegyzékek', 'Adatbázis...', 'Beállítások', 'Ablak', 'Súgó']
2026-08-25 22:19:16.595 | DEBUG    | winwatt_automation.live_ui.menu_helpers:_log_phase_timing:83 - DBG_PHASE_TIMING phase=list_top_menu_items elapsed_ms=500.000 count=7
2026-08-25 22:19:16.595 | DEBUG    | winwatt_automation.runtime_mapping.menu_text:normalize_menu_title:31 - normalize_menu_title ellipsis_handled raw="Adatbázis..." normalized="adatbázis"
2026-08-25 22:19:16.595 | INFO     | winwatt_automation.runtime_mapping.program_mapper:explore_menu_tree:3583 - DBG_WINWATT_NORMAL_MENU_OPEN_NO_POPUP state=no_project top_menu=Fájl attempt=0 raw_row_count=7 popup_like_count=0 topbar_like_count=6 filtered_row_count=0
2026-08-25 22:19:16.595 | INFO     | winwatt_automation.runtime_mapping.program_mapper:_open_and_capture_root_menu:1489 - DBG_WINWATT_NORMAL_MENU_OPEN_START state=no_project top_menu=Fájl menu_kind=normal
2026-08-25 22:19:16.611 | DEBUG    | winwatt_automation.live_ui.app_connector:get_cached_main_window:565 - DBG_WINWATT_CACHE_GET reason_code=cache_reused_without_validation payload={'wrapper_type': 'UIAWrapper', 'handle': 396386, 'process_id': 23912, 'title': 'WinWatt gólya', 'class_name': 'TMainForm', 'control_type': 'Window'} last_validation_age_s=3.0929999999934807 diagnostic_fast_mode=True
2026-08-25 22:19:16.611 | DEBUG    | winwatt_automation.live_ui.app_connector:get_cached_main_window:566 - DBG_PHASE_TIMING phase=get_cached_main_window elapsed_ms=16.000 reason_code=cache_reused_without_validation
2026-08-25 22:19:16.779 | DEBUG    | winwatt_automation.live_ui.app_connector:get_cached_main_window:565 - DBG_WINWATT_CACHE_GET reason_code=cache_reused_without_validation payload={'wrapper_type': 'UIAWrapper', 'handle': 396386, 'process_id': 23912, 'title': 'WinWatt gólya', 'class_name': 'TMainForm', 'control_type': 'Window'} last_validation_age_s=3.2809999999881256 diagnostic_fast_mode=True
2026-08-25 22:19:16.779 | DEBUG    | winwatt_automation.live_ui.app_connector:get_cached_main_window:566 - DBG_PHASE_TIMING phase=get_cached_main_window elapsed_ms=0.000 reason_code=cache_reused_without_validation
2026-08-25 22:19:16.779 | DEBUG    | winwatt_automation.live_ui.app_connector:get_cached_main_window:565 - DBG_WINWATT_CACHE_GET reason_code=cache_reused_without_validation payload={'wrapper_type': 'UIAWrapper', 'handle': 396386, 'process_id': 23912, 'title': 'WinWatt gólya', 'class_name': 'TMainForm', 'control_type': 'Window'} last_validation_age_s=3.2809999999881256 diagnostic_fast_mode=True
2026-08-25 22:19:16.779 | DEBUG    | winwatt_automation.live_ui.app_connector:get_cached_main_window:566 - DBG_PHASE_TIMING phase=get_cached_main_window elapsed_ms=0.000 reason_code=cache_reused_without_validation
2026-08-25 22:19:17.229 | INFO     | winwatt_automation.live_ui.menu_helpers:_menu_items:1101 - DBG_MENU_ITEMS_SUMMARY total_items=7 visible_items=7 topbar_band=(181, 106, 590, 159) topbar_band_visible_count=7 popup_region_visible_count=0 force_refresh=True handle=396386
2026-08-25 22:19:17.229 | DEBUG    | winwatt_automation.live_ui.menu_helpers:_menu_items:1111 - Discovered 7 MenuItem controls
2026-08-25 22:19:17.229 | DEBUG    | winwatt_automation.live_ui.menu_helpers:_log_phase_timing:83 - DBG_PHASE_TIMING phase=_menu_items elapsed_ms=437.000 force_refresh=True total_items=7 visible_items=7
2026-08-25 22:19:17.296 | INFO     | winwatt_automation.live_ui.menu_helpers:list_top_menu_items:1141 - Top-level menu items (raw): ['Rendszer', 'Fájl', 'Jegyzékek', 'Adatbázis...', 'Beállítások', 'Ablak', 'Súgó']
2026-08-25 22:19:17.296 | DEBUG    | winwatt_automation.live_ui.menu_helpers:_log_phase_timing:83 - DBG_PHASE_TIMING phase=list_top_menu_items elapsed_ms=516.000 count=7
2026-08-25 22:19:17.299 | DEBUG    | winwatt_automation.live_ui.app_connector:get_cached_main_window:565 - DBG_WINWATT_CACHE_GET reason_code=cache_reused_without_validation payload={'wrapper_type': 'UIAWrapper', 'handle': 396386, 'process_id': 23912, 'title': 'WinWatt gólya', 'class_name': 'TMainForm', 'control_type': 'Window'} last_validation_age_s=3.7969999999913853 diagnostic_fast_mode=True
2026-08-25 22:19:17.299 | DEBUG    | winwatt_automation.live_ui.app_connector:get_cached_main_window:566 - DBG_PHASE_TIMING phase=get_cached_main_window elapsed_ms=0.000 reason_code=cache_reused_without_validation
2026-08-25 22:19:17.346 | INFO     | winwatt_automation.live_ui.app_connector:prepare_main_window_for_menu_interaction:970 - Preparing WinWatt window for menu interaction
2026-08-25 22:19:17.346 | DEBUG    | winwatt_automation.live_ui.app_connector:get_cached_main_window:565 - DBG_WINWATT_CACHE_GET reason_code=cache_reused_without_validation payload={'wrapper_type': 'UIAWrapper', 'handle': 396386, 'process_id': 23912, 'title': 'WinWatt gólya', 'class_name': 'TMainForm', 'control_type': 'Window'} last_validation_age_s=3.8429999999934807 diagnostic_fast_mode=True
2026-08-25 22:19:17.346 | DEBUG    | winwatt_automation.live_ui.app_connector:get_cached_main_window:566 - DBG_PHASE_TIMING phase=get_cached_main_window elapsed_ms=0.000 reason_code=cache_reused_without_validation
2026-08-25 22:19:17.346 | INFO     | winwatt_automation.live_ui.app_connector:prepare_main_window_for_menu_interaction:990 - Window state before: normal
2026-08-25 22:19:17.362 | INFO     | winwatt_automation.live_ui.app_connector:prepare_main_window_for_menu_interaction:1011 - Window maximized
2026-08-25 22:19:17.377 | INFO     | winwatt_automation.live_ui.app_connector:prepare_main_window_for_menu_interaction:1020 - Focus confirmed
2026-08-25 22:19:17.387 | DEBUG    | winwatt_automation.live_ui.app_connector:get_cached_main_window:565 - DBG_WINWATT_CACHE_GET reason_code=cache_reused_without_validation payload={'wrapper_type': 'UIAWrapper', 'handle': 396386, 'process_id': 23912, 'title': 'WinWatt gólya', 'class_name': 'TMainForm', 'control_type': 'Window'} last_validation_age_s=3.875 diagnostic_fast_mode=True
2026-08-25 22:19:17.387 | DEBUG    | winwatt_automation.live_ui.app_connector:get_cached_main_window:566 - DBG_PHASE_TIMING phase=get_cached_main_window elapsed_ms=0.000 reason_code=cache_reused_without_validation
2026-08-25 22:19:17.401 | INFO     | winwatt_automation.live_ui.app_connector:ensure_main_window_foreground_before_click:1179 - DBG_WINWATT_FOCUS_GUARD_PRECHECK action_label=click_top_menu_item:Fájl wrapper_type=UIAWrapper cached_handle=396386 cached_pid=23912 cached_title=WinWatt gólya cached_class=TMainForm precheck_exists=False precheck_visible=True precheck_enabled=True rect={'left': -10, 'top': -10, 'right': 1930, 'bottom': 1030, 'width': 1940, 'height': 1040}
2026-08-25 22:19:17.410 | WARNING  | winwatt_automation.live_ui.app_connector:ensure_main_window_foreground_before_click:1277 - DBG_WINWATT_FOCUS_GUARD_CLICK_OVERRIDE action_label=click_top_menu_item:Fájl reason=exists_false_but_identity_strong wrapper_type=UIAWrapper identity_reasons=['handle', 'process_id', 'title', 'class_name', 'rect', 'visible', 'enabled'] cached_identity={'wrapper_type': 'UIAWrapper', 'handle': 396386, 'process_id': 23912, 'title': 'WinWatt gólya', 'class_name': 'TMainForm', 'control_type': 'Window'} rect={'left': -10, 'top': -10, 'right': 1930, 'bottom': 1030, 'width': 1940, 'height': 1040}
2026-08-25 22:19:17.410 | INFO     | winwatt_automation.live_ui.app_connector:is_winwatt_foreground_context:1123 - DBG_WINWATT_FOREGROUND_CONTEXT expected_handle=396386 expected_process_id=23912 expected_title=WinWatt gólya expected_class_name=TMainForm actual_foreground_handle=396386 actual_foreground_process_id=23912 actual_foreground_title=WinWatt gólya actual_foreground_class_name=TMainForm allow_dialog=False result_reason=handle_match
2026-08-25 22:19:17.410 | INFO     | winwatt_automation.live_ui.app_connector:ensure_main_window_foreground_before_click:1340 - DBG_WINWATT_FOCUS_GUARD_RESULT action_label=click_top_menu_item:Fájl status=focus_ok reason=handle_match foreground={'handle': 396386, 'title': 'WinWatt gólya', 'class_name': 'TMainForm', 'process_id': 23912} same_context_as_cached_main=True win32_uia_identity_match=True
2026-08-25 22:19:17.426 | INFO     | winwatt_automation.live_ui.menu_helpers:click_top_menu_item:2326 - click_top_menu_item('Fájl'): foreground_before_click={'handle': 396386, 'title': 'WinWatt gólya', 'class_name': 'TMainForm', 'process_id': 23912}
2026-08-25 22:19:17.435 | DEBUG    | winwatt_automation.live_ui.app_connector:get_cached_main_window:565 - DBG_WINWATT_CACHE_GET reason_code=cache_reused_without_validation payload={'wrapper_type': 'UIAWrapper', 'handle': 396386, 'process_id': 23912, 'title': 'WinWatt gólya', 'class_name': 'TMainForm', 'control_type': 'Window'} last_validation_age_s=3.9219999999913853 diagnostic_fast_mode=True
2026-08-25 22:19:17.435 | DEBUG    | winwatt_automation.live_ui.app_connector:get_cached_main_window:566 - DBG_PHASE_TIMING phase=get_cached_main_window elapsed_ms=15.000 reason_code=cache_reused_without_validation
2026-08-25 22:19:17.435 | DEBUG    | winwatt_automation.live_ui.app_connector:get_cached_main_window:565 - DBG_WINWATT_CACHE_GET reason_code=cache_reused_without_validation payload={'wrapper_type': 'UIAWrapper', 'handle': 396386, 'process_id': 23912, 'title': 'WinWatt gólya', 'class_name': 'TMainForm', 'control_type': 'Window'} last_validation_age_s=3.937000000005355 diagnostic_fast_mode=True
2026-08-25 22:19:17.435 | DEBUG    | winwatt_automation.live_ui.app_connector:get_cached_main_window:566 - DBG_PHASE_TIMING phase=get_cached_main_window elapsed_ms=0.000 reason_code=cache_reused_without_validation
2026-08-25 22:19:17.435 | INFO     | winwatt_automation.live_ui.menu_helpers:_menu_items:1101 - DBG_MENU_ITEMS_SUMMARY total_items=7 visible_items=7 topbar_band=(181, 106, 590, 159) topbar_band_visible_count=0 popup_region_visible_count=0 force_refresh=False handle=396386
2026-08-25 22:19:17.435 | DEBUG    | winwatt_automation.live_ui.menu_helpers:_menu_items:1111 - Discovered 7 MenuItem controls
2026-08-25 22:19:17.435 | DEBUG    | winwatt_automation.live_ui.menu_helpers:_log_phase_timing:83 - DBG_PHASE_TIMING phase=_menu_items elapsed_ms=15.000 force_refresh=False total_items=7 visible_items=7
2026-08-25 22:19:17.563 | DEBUG    | winwatt_automation.live_ui.app_connector:get_cached_main_window:565 - DBG_WINWATT_CACHE_GET reason_code=cache_reused_without_validation payload={'wrapper_type': 'UIAWrapper', 'handle': 396386, 'process_id': 23912, 'title': 'WinWatt gólya', 'class_name': 'TMainForm', 'control_type': 'Window'} last_validation_age_s=4.062000000005355 diagnostic_fast_mode=True
2026-08-25 22:19:17.563 | DEBUG    | winwatt_automation.live_ui.app_connector:get_cached_main_window:566 - DBG_PHASE_TIMING phase=get_cached_main_window elapsed_ms=15.000 reason_code=cache_reused_without_validation
2026-08-25 22:19:17.569 | DEBUG    | winwatt_automation.live_ui.app_connector:get_cached_main_window:565 - DBG_WINWATT_CACHE_GET reason_code=cache_reused_without_validation payload={'wrapper_type': 'UIAWrapper', 'handle': 396386, 'process_id': 23912, 'title': 'WinWatt gólya', 'class_name': 'TMainForm', 'control_type': 'Window'} last_validation_age_s=4.062000000005355 diagnostic_fast_mode=True
2026-08-25 22:19:17.569 | DEBUG    | winwatt_automation.live_ui.app_connector:get_cached_main_window:566 - DBG_PHASE_TIMING phase=get_cached_main_window elapsed_ms=0.000 reason_code=cache_reused_without_validation
2026-08-25 22:19:17.574 | DEBUG    | winwatt_automation.live_ui.app_connector:get_cached_main_window:565 - DBG_WINWATT_CACHE_GET reason_code=cache_reused_without_validation payload={'wrapper_type': 'UIAWrapper', 'handle': 396386, 'process_id': 23912, 'title': 'WinWatt gólya', 'class_name': 'TMainForm', 'control_type': 'Window'} last_validation_age_s=4.062000000005355 diagnostic_fast_mode=True
2026-08-25 22:19:17.574 | DEBUG    | winwatt_automation.live_ui.app_connector:get_cached_main_window:566 - DBG_PHASE_TIMING phase=get_cached_main_window elapsed_ms=0.000 reason_code=cache_reused_without_validation
2026-08-25 22:19:17.884 | INFO     | winwatt_automation.live_ui.menu_helpers:_menu_items:1101 - DBG_MENU_ITEMS_SUMMARY total_items=7 visible_items=7 topbar_band=(181, 106, 590, 159) topbar_band_visible_count=0 popup_region_visible_count=0 force_refresh=False handle=396386
2026-08-25 22:19:17.884 | DEBUG    | winwatt_automation.live_ui.menu_helpers:_menu_items:1111 - Discovered 7 MenuItem controls
2026-08-25 22:19:17.884 | DEBUG    | winwatt_automation.live_ui.menu_helpers:_log_phase_timing:83 - DBG_PHASE_TIMING phase=_menu_items elapsed_ms=313.000 force_refresh=False total_items=7 visible_items=7
2026-08-25 22:19:17.884 | DEBUG    | winwatt_automation.live_ui.menu_helpers:_log_popup_fragment:499 - DBG_MENU_FRAGMENT_MAIN_WINDOW source_scope=main_window control_type=MenuItem class_name= text='Rendszer' rectangle={'left': 0, 'top': 0, 'right': 28, 'bottom': 28} center=(14, 14) process_id=23912 native_handle=None topbar_candidate=False popup_candidate=False
2026-08-25 22:19:17.884 | DEBUG    | winwatt_automation.live_ui.menu_helpers:_log_popup_fragment:499 - DBG_MENU_FRAGMENT_MAIN_WINDOW source_scope=main_window control_type=MenuItem class_name= text='Fájl' rectangle={'left': 0, 'top': 29, 'right': 40, 'bottom': 53} center=(20, 41) process_id=23912 native_handle=None topbar_candidate=False popup_candidate=False
2026-08-25 22:19:17.884 | DEBUG    | winwatt_automation.live_ui.menu_helpers:_log_popup_fragment:499 - DBG_MENU_FRAGMENT_MAIN_WINDOW source_scope=main_window control_type=MenuItem class_name= text='Jegyzékek' rectangle={'left': 40, 'top': 29, 'right': 123, 'bottom': 53} center=(81, 41) process_id=23912 native_handle=None topbar_candidate=False popup_candidate=False
2026-08-25 22:19:17.884 | DEBUG    | winwatt_automation.live_ui.menu_helpers:_log_popup_fragment:499 - DBG_MENU_FRAGMENT_MAIN_WINDOW source_scope=main_window control_type=MenuItem class_name= text='Adatbázis...' rectangle={'left': 123, 'top': 29, 'right': 216, 'bottom': 53} center=(169, 41) process_id=23912 native_handle=None topbar_candidate=False popup_candidate=False
2026-08-25 22:19:17.884 | DEBUG    | winwatt_automation.live_ui.menu_helpers:_log_popup_fragment:499 - DBG_MENU_FRAGMENT_MAIN_WINDOW source_scope=main_window control_type=MenuItem class_name= text='Beállítások' rectangle={'left': 215, 'top': 29, 'right': 303, 'bottom': 53} center=(259, 41) process_id=23912 native_handle=None topbar_candidate=False popup_candidate=False
2026-08-25 22:19:17.884 | DEBUG    | winwatt_automation.live_ui.menu_helpers:_log_popup_fragment:499 - DBG_MENU_FRAGMENT_MAIN_WINDOW source_scope=main_window control_type=MenuItem class_name= text='Ablak' rectangle={'left': 303, 'top': 29, 'right': 358, 'bottom': 53} center=(330, 41) process_id=23912 native_handle=None topbar_candidate=False popup_candidate=False
2026-08-25 22:19:17.884 | DEBUG    | winwatt_automation.live_ui.menu_helpers:_log_popup_fragment:499 - DBG_MENU_FRAGMENT_MAIN_WINDOW source_scope=main_window control_type=MenuItem class_name= text='Súgó' rectangle={'left': 358, 'top': 29, 'right': 409, 'bottom': 53} center=(383, 41) process_id=23912 native_handle=None topbar_candidate=False popup_candidate=False
2026-08-25 22:19:17.884 | DEBUG    | winwatt_automation.live_ui.menu_helpers:_menu_like_controls_from_main_window:1599 - DBG_MENU_FRAGMENT_SOURCE_SUMMARY source_scope=main_window count=7
2026-08-25 22:19:17.884 | DEBUG    | winwatt_automation.live_ui.app_connector:get_cached_main_window:565 - DBG_WINWATT_CACHE_GET reason_code=cache_reused_without_validation payload={'wrapper_type': 'UIAWrapper', 'handle': 396386, 'process_id': 23912, 'title': 'WinWatt gólya', 'class_name': 'TMainForm', 'control_type': 'Window'} last_validation_age_s=4.375 diagnostic_fast_mode=True
2026-08-25 22:19:17.884 | DEBUG    | winwatt_automation.live_ui.app_connector:get_cached_main_window:566 - DBG_PHASE_TIMING phase=get_cached_main_window elapsed_ms=0.000 reason_code=cache_reused_without_validation
2026-08-25 22:19:17.963 | DEBUG    | winwatt_automation.live_ui.menu_helpers:capture_menu_popup_snapshot:1682 - DBG_POPUP_ROW_DEDUPE rect={'left': 0, 'top': 0, 'right': 28, 'bottom': 28} normalized_text=rendszer class_name= source_scope=main_window deduplicated=False
2026-08-25 22:19:17.963 | DEBUG    | winwatt_automation.live_ui.menu_helpers:capture_menu_popup_snapshot:1682 - DBG_POPUP_ROW_DEDUPE rect={'left': 0, 'top': 29, 'right': 40, 'bottom': 53} normalized_text=fájl class_name= source_scope=main_window deduplicated=False
2026-08-25 22:19:17.963 | DEBUG    | winwatt_automation.live_ui.menu_helpers:capture_menu_popup_snapshot:1682 - DBG_POPUP_ROW_DEDUPE rect={'left': 40, 'top': 29, 'right': 123, 'bottom': 53} normalized_text=jegyzékek class_name= source_scope=main_window deduplicated=False
2026-08-25 22:19:17.963 | DEBUG    | winwatt_automation.live_ui.menu_helpers:capture_menu_popup_snapshot:1682 - DBG_POPUP_ROW_DEDUPE rect={'left': 123, 'top': 29, 'right': 216, 'bottom': 53} normalized_text=adatbázis... class_name= source_scope=main_window deduplicated=False
2026-08-25 22:19:17.963 | DEBUG    | winwatt_automation.live_ui.menu_helpers:capture_menu_popup_snapshot:1682 - DBG_POPUP_ROW_DEDUPE rect={'left': 215, 'top': 29, 'right': 303, 'bottom': 53} normalized_text=beállítások class_name= source_scope=main_window deduplicated=False
2026-08-25 22:19:17.963 | DEBUG    | winwatt_automation.live_ui.menu_helpers:capture_menu_popup_snapshot:1682 - DBG_POPUP_ROW_DEDUPE rect={'left': 303, 'top': 29, 'right': 358, 'bottom': 53} normalized_text=ablak class_name= source_scope=main_window deduplicated=False
2026-08-25 22:19:17.963 | DEBUG    | winwatt_automation.live_ui.menu_helpers:capture_menu_popup_snapshot:1682 - DBG_POPUP_ROW_DEDUPE rect={'left': 358, 'top': 29, 'right': 409, 'bottom': 53} normalized_text=súgó class_name= source_scope=main_window deduplicated=False
2026-08-25 22:19:17.963 | INFO     | winwatt_automation.live_ui.menu_helpers:capture_menu_popup_snapshot:1724 - POPUP_SNAPSHOT_SUMMARY main_window_fragments=7 global_scan_fragments=0 deduped_fragments=7 topbar_like=6 popup_like=0 empty_text=0 topbar_band=(0, 29, 409, 53) empty_text_vertical_cluster_detected=False accepted_popup_rows=0 popup_heuristic=candidate_count_below_threshold
2026-08-25 22:19:17.974 | DEBUG    | winwatt_automation.live_ui.menu_helpers:capture_menu_popup_snapshot:1737 - Captured menu snapshot rows=7
2026-08-25 22:19:17.974 | DEBUG    | winwatt_automation.live_ui.menu_helpers:_log_phase_timing:83 - DBG_PHASE_TIMING phase=capture_menu_popup_snapshot elapsed_ms=421.000 main_rows=7 global_rows=0 unique_rows=7 diagnostic_fast_mode=True
2026-08-25 22:19:18.100 | INFO     | winwatt_automation.live_ui.menu_helpers:_validate_post_menu_open_foreground:962 - post_click_foreground_validation title=Fájl foreground={'handle': 396386, 'title': 'WinWatt gólya', 'class_name': 'TMainForm', 'process_id': 23912}
2026-08-25 22:19:18.107 | INFO     | winwatt_automation.live_ui.app_connector:is_winwatt_foreground_context:1123 - DBG_WINWATT_FOREGROUND_CONTEXT expected_handle=396386 expected_process_id=23912 expected_title=WinWatt gólya expected_class_name=TMainForm actual_foreground_handle=396386 actual_foreground_process_id=23912 actual_foreground_title=WinWatt gólya actual_foreground_class_name=TMainForm allow_dialog=True result_reason=handle_match
2026-08-25 22:19:18.107 | DEBUG    | winwatt_automation.live_ui.app_connector:get_cached_main_window:565 - DBG_WINWATT_CACHE_GET reason_code=cache_reused_without_validation payload={'wrapper_type': 'UIAWrapper', 'handle': 396386, 'process_id': 23912, 'title': 'WinWatt gólya', 'class_name': 'TMainForm', 'control_type': 'Window'} last_validation_age_s=4.60899999999674 diagnostic_fast_mode=True
2026-08-25 22:19:18.107 | DEBUG    | winwatt_automation.live_ui.app_connector:get_cached_main_window:566 - DBG_PHASE_TIMING phase=get_cached_main_window elapsed_ms=0.000 reason_code=cache_reused_without_validation
2026-08-25 22:19:18.123 | DEBUG    | winwatt_automation.live_ui.app_connector:get_cached_main_window:565 - DBG_WINWATT_CACHE_GET reason_code=cache_reused_without_validation payload={'wrapper_type': 'UIAWrapper', 'handle': 396386, 'process_id': 23912, 'title': 'WinWatt gólya', 'class_name': 'TMainForm', 'control_type': 'Window'} last_validation_age_s=4.60899999999674 diagnostic_fast_mode=True
2026-08-25 22:19:18.123 | DEBUG    | winwatt_automation.live_ui.app_connector:get_cached_main_window:566 - DBG_PHASE_TIMING phase=get_cached_main_window elapsed_ms=16.000 reason_code=cache_reused_without_validation
2026-08-25 22:19:18.123 | DEBUG    | winwatt_automation.live_ui.app_connector:get_cached_main_window:565 - DBG_WINWATT_CACHE_GET reason_code=cache_reused_without_validation payload={'wrapper_type': 'UIAWrapper', 'handle': 396386, 'process_id': 23912, 'title': 'WinWatt gólya', 'class_name': 'TMainForm', 'control_type': 'Window'} last_validation_age_s=4.625 diagnostic_fast_mode=True
2026-08-25 22:19:18.123 | DEBUG    | winwatt_automation.live_ui.app_connector:get_cached_main_window:566 - DBG_PHASE_TIMING phase=get_cached_main_window elapsed_ms=0.000 reason_code=cache_reused_without_validation
2026-08-25 22:19:18.449 | INFO     | winwatt_automation.live_ui.menu_helpers:_menu_items:1101 - DBG_MENU_ITEMS_SUMMARY total_items=16 visible_items=16 topbar_band=(0, 0, 409, 53) topbar_band_visible_count=7 popup_region_visible_count=9 force_refresh=False handle=396386
2026-08-25 22:19:18.449 | DEBUG    | winwatt_automation.live_ui.menu_helpers:_menu_items:1111 - Discovered 16 MenuItem controls
2026-08-25 22:19:18.449 | DEBUG    | winwatt_automation.live_ui.menu_helpers:_log_phase_timing:83 - DBG_PHASE_TIMING phase=_menu_items elapsed_ms=328.000 force_refresh=False total_items=16 visible_items=16
2026-08-25 22:19:18.466 | INFO     | winwatt_automation.live_ui.menu_helpers:_menu_row_from_wrapper:1545 - TEXT_EXTRACTION_FALLBACK_USED source=legacy_text confidence=medium rect={'left': 4, 'top': 56, 'right': 687, 'bottom': 84}
2026-08-25 22:19:18.471 | DEBUG    | winwatt_automation.live_ui.menu_helpers:_log_popup_fragment:499 - DBG_MENU_FRAGMENT_MAIN_WINDOW source_scope=main_window control_type=MenuItem class_name= text='Végrehajtás' rectangle={'left': 4, 'top': 56, 'right': 687, 'bottom': 84} center=(345, 70) process_id=23912 native_handle=None topbar_candidate=False popup_candidate=True
2026-08-25 22:19:18.491 | INFO     | winwatt_automation.live_ui.menu_helpers:_menu_row_from_wrapper:1545 - TEXT_EXTRACTION_FALLBACK_USED source=legacy_text confidence=medium rect={'left': 4, 'top': 84, 'right': 687, 'bottom': 112}
2026-08-25 22:19:18.498 | DEBUG    | winwatt_automation.live_ui.menu_helpers:_log_popup_fragment:499 - DBG_MENU_FRAGMENT_MAIN_WINDOW source_scope=main_window control_type=MenuItem class_name= text='Végrehajtás' rectangle={'left': 4, 'top': 84, 'right': 687, 'bottom': 112} center=(345, 98) process_id=23912 native_handle=None topbar_candidate=False popup_candidate=True
2026-08-25 22:19:18.513 | WARNING  | winwatt_automation.live_ui.menu_helpers:_menu_row_from_wrapper:1547 - TEXT_EXTRACTION_FAILED source_scope=main_window rect={'left': 4, 'top': 111, 'right': 687, 'bottom': 139}
2026-08-25 22:19:18.518 | DEBUG    | winwatt_automation.live_ui.menu_helpers:_log_popup_fragment:499 - DBG_MENU_FRAGMENT_MAIN_WINDOW source_scope=main_window control_type=MenuItem class_name= text='' rectangle={'left': 4, 'top': 111, 'right': 687, 'bottom': 139} center=(345, 125) process_id=23912 native_handle=None topbar_candidate=False popup_candidate=True
2026-08-25 22:19:18.538 | WARNING  | winwatt_automation.live_ui.menu_helpers:_menu_row_from_wrapper:1547 - TEXT_EXTRACTION_FAILED source_scope=main_window rect={'left': 4, 'top': 139, 'right': 687, 'bottom': 167}
2026-08-25 22:19:18.543 | DEBUG    | winwatt_automation.live_ui.menu_helpers:_log_popup_fragment:499 - DBG_MENU_FRAGMENT_MAIN_WINDOW source_scope=main_window control_type=MenuItem class_name= text='' rectangle={'left': 4, 'top': 139, 'right': 687, 'bottom': 167} center=(345, 153) process_id=23912 native_handle=None topbar_candidate=False popup_candidate=True
2026-08-25 22:19:18.561 | INFO     | winwatt_automation.live_ui.menu_helpers:_menu_row_from_wrapper:1545 - TEXT_EXTRACTION_FALLBACK_USED source=legacy_text confidence=medium rect={'left': 4, 'top': 166, 'right': 687, 'bottom': 194}
2026-08-25 22:19:18.569 | DEBUG    | winwatt_automation.live_ui.menu_helpers:_log_popup_fragment:499 - DBG_MENU_FRAGMENT_MAIN_WINDOW source_scope=main_window control_type=MenuItem class_name= text='Végrehajtás' rectangle={'left': 4, 'top': 166, 'right': 687, 'bottom': 194} center=(345, 180) process_id=23912 native_handle=None topbar_candidate=False popup_candidate=True
2026-08-25 22:19:18.591 | WARNING  | winwatt_automation.live_ui.menu_helpers:_menu_row_from_wrapper:1547 - TEXT_EXTRACTION_FAILED source_scope=main_window rect={'left': 4, 'top': 201, 'right': 687, 'bottom': 229}
2026-08-25 22:19:18.595 | DEBUG    | winwatt_automation.live_ui.menu_helpers:_log_popup_fragment:499 - DBG_MENU_FRAGMENT_MAIN_WINDOW source_scope=main_window control_type=MenuItem class_name= text='' rectangle={'left': 4, 'top': 201, 'right': 687, 'bottom': 229} center=(345, 215) process_id=23912 native_handle=None topbar_candidate=False popup_candidate=True
2026-08-25 22:19:18.611 | INFO     | winwatt_automation.live_ui.menu_helpers:_menu_row_from_wrapper:1545 - TEXT_EXTRACTION_FALLBACK_USED source=legacy_text confidence=medium rect={'left': 4, 'top': 229, 'right': 687, 'bottom': 257}
2026-08-25 22:19:18.616 | DEBUG    | winwatt_automation.live_ui.menu_helpers:_log_popup_fragment:499 - DBG_MENU_FRAGMENT_MAIN_WINDOW source_scope=main_window control_type=MenuItem class_name= text='Végrehajtás' rectangle={'left': 4, 'top': 229, 'right': 687, 'bottom': 257} center=(345, 243) process_id=23912 native_handle=None topbar_candidate=False popup_candidate=True
2026-08-25 22:19:18.631 | INFO     | winwatt_automation.live_ui.menu_helpers:_menu_row_from_wrapper:1545 - TEXT_EXTRACTION_FALLBACK_USED source=legacy_text confidence=medium rect={'left': 4, 'top': 264, 'right': 687, 'bottom': 292}
2026-08-25 22:19:18.637 | DEBUG    | winwatt_automation.live_ui.menu_helpers:_log_popup_fragment:499 - DBG_MENU_FRAGMENT_MAIN_WINDOW source_scope=main_window control_type=MenuItem class_name= text='Végrehajtás' rectangle={'left': 4, 'top': 264, 'right': 687, 'bottom': 292} center=(345, 278) process_id=23912 native_handle=None topbar_candidate=False popup_candidate=True
2026-08-25 22:19:18.653 | INFO     | winwatt_automation.live_ui.menu_helpers:_menu_row_from_wrapper:1545 - TEXT_EXTRACTION_FALLBACK_USED source=legacy_text confidence=medium rect={'left': 4, 'top': 299, 'right': 687, 'bottom': 327}
2026-08-25 22:19:18.658 | DEBUG    | winwatt_automation.live_ui.menu_helpers:_log_popup_fragment:499 - DBG_MENU_FRAGMENT_MAIN_WINDOW source_scope=main_window control_type=MenuItem class_name= text='Végrehajtás' rectangle={'left': 4, 'top': 299, 'right': 687, 'bottom': 327} center=(345, 313) process_id=23912 native_handle=None topbar_candidate=False popup_candidate=True
2026-08-25 22:19:18.659 | DEBUG    | winwatt_automation.live_ui.menu_helpers:_log_popup_fragment:499 - DBG_MENU_FRAGMENT_MAIN_WINDOW source_scope=main_window control_type=MenuItem class_name= text='Rendszer' rectangle={'left': 0, 'top': 0, 'right': 28, 'bottom': 28} center=(14, 14) process_id=23912 native_handle=None topbar_candidate=True popup_candidate=False
2026-08-25 22:19:18.660 | DEBUG    | winwatt_automation.live_ui.menu_helpers:_log_popup_fragment:499 - DBG_MENU_FRAGMENT_MAIN_WINDOW source_scope=main_window control_type=MenuItem class_name= text='Fájl' rectangle={'left': 0, 'top': 29, 'right': 40, 'bottom': 53} center=(20, 41) process_id=23912 native_handle=None topbar_candidate=True popup_candidate=False
2026-08-25 22:19:18.660 | DEBUG    | winwatt_automation.live_ui.menu_helpers:_log_popup_fragment:499 - DBG_MENU_FRAGMENT_MAIN_WINDOW source_scope=main_window control_type=MenuItem class_name= text='Jegyzékek' rectangle={'left': 40, 'top': 29, 'right': 123, 'bottom': 53} center=(81, 41) process_id=23912 native_handle=None topbar_candidate=True popup_candidate=False
2026-08-25 22:19:18.661 | DEBUG    | winwatt_automation.live_ui.menu_helpers:_log_popup_fragment:499 - DBG_MENU_FRAGMENT_MAIN_WINDOW source_scope=main_window control_type=MenuItem class_name= text='Adatbázis...' rectangle={'left': 123, 'top': 29, 'right': 216, 'bottom': 53} center=(169, 41) process_id=23912 native_handle=None topbar_candidate=True popup_candidate=False
2026-08-25 22:19:18.664 | DEBUG    | winwatt_automation.live_ui.menu_helpers:_log_popup_fragment:499 - DBG_MENU_FRAGMENT_MAIN_WINDOW source_scope=main_window control_type=MenuItem class_name= text='Beállítások' rectangle={'left': 215, 'top': 29, 'right': 303, 'bottom': 53} center=(259, 41) process_id=23912 native_handle=None topbar_candidate=True popup_candidate=False
2026-08-25 22:19:18.665 | DEBUG    | winwatt_automation.live_ui.menu_helpers:_log_popup_fragment:499 - DBG_MENU_FRAGMENT_MAIN_WINDOW source_scope=main_window control_type=MenuItem class_name= text='Ablak' rectangle={'left': 303, 'top': 29, 'right': 358, 'bottom': 53} center=(330, 41) process_id=23912 native_handle=None topbar_candidate=True popup_candidate=False
2026-08-25 22:19:18.665 | DEBUG    | winwatt_automation.live_ui.menu_helpers:_log_popup_fragment:499 - DBG_MENU_FRAGMENT_MAIN_WINDOW source_scope=main_window control_type=MenuItem class_name= text='Súgó' rectangle={'left': 358, 'top': 29, 'right': 409, 'bottom': 53} center=(383, 41) process_id=23912 native_handle=None topbar_candidate=True popup_candidate=False
2026-08-25 22:19:18.666 | DEBUG    | winwatt_automation.live_ui.menu_helpers:_menu_like_controls_from_main_window:1599 - DBG_MENU_FRAGMENT_SOURCE_SUMMARY source_scope=main_window count=16
2026-08-25 22:19:18.670 | DEBUG    | winwatt_automation.live_ui.app_connector:get_cached_main_window:565 - DBG_WINWATT_CACHE_GET reason_code=cache_reused_without_validation payload={'wrapper_type': 'UIAWrapper', 'handle': 396386, 'process_id': 23912, 'title': 'WinWatt gólya', 'class_name': 'TMainForm', 'control_type': 'Window'} last_validation_age_s=5.155999999988126 diagnostic_fast_mode=True
2026-08-25 22:19:18.670 | DEBUG    | winwatt_automation.live_ui.app_connector:get_cached_main_window:566 - DBG_PHASE_TIMING phase=get_cached_main_window elapsed_ms=16.000 reason_code=cache_reused_without_validation
2026-08-25 22:19:19.085 | DEBUG    | winwatt_automation.live_ui.menu_helpers:capture_menu_popup_snapshot:1682 - DBG_POPUP_ROW_DEDUPE rect={'left': 4, 'top': 56, 'right': 687, 'bottom': 84} normalized_text=végrehajtás class_name= source_scope=main_window deduplicated=False
2026-08-25 22:19:19.085 | DEBUG    | winwatt_automation.live_ui.menu_helpers:capture_menu_popup_snapshot:1682 - DBG_POPUP_ROW_DEDUPE rect={'left': 4, 'top': 84, 'right': 687, 'bottom': 112} normalized_text=végrehajtás class_name= source_scope=main_window deduplicated=False
2026-08-25 22:19:19.085 | DEBUG    | winwatt_automation.live_ui.menu_helpers:capture_menu_popup_snapshot:1682 - DBG_POPUP_ROW_DEDUPE rect={'left': 4, 'top': 111, 'right': 687, 'bottom': 139} normalized_text= class_name= source_scope=main_window deduplicated=False
2026-08-25 22:19:19.085 | DEBUG    | winwatt_automation.live_ui.menu_helpers:capture_menu_popup_snapshot:1682 - DBG_POPUP_ROW_DEDUPE rect={'left': 4, 'top': 139, 'right': 687, 'bottom': 167} normalized_text= class_name= source_scope=main_window deduplicated=False
2026-08-25 22:19:19.085 | DEBUG    | winwatt_automation.live_ui.menu_helpers:capture_menu_popup_snapshot:1682 - DBG_POPUP_ROW_DEDUPE rect={'left': 4, 'top': 166, 'right': 687, 'bottom': 194} normalized_text=végrehajtás class_name= source_scope=main_window deduplicated=False
2026-08-25 22:19:19.085 | DEBUG    | winwatt_automation.live_ui.menu_helpers:capture_menu_popup_snapshot:1682 - DBG_POPUP_ROW_DEDUPE rect={'left': 4, 'top': 201, 'right': 687, 'bottom': 229} normalized_text= class_name= source_scope=main_window deduplicated=False
2026-08-25 22:19:19.085 | DEBUG    | winwatt_automation.live_ui.menu_helpers:capture_menu_popup_snapshot:1682 - DBG_POPUP_ROW_DEDUPE rect={'left': 4, 'top': 229, 'right': 687, 'bottom': 257} normalized_text=végrehajtás class_name= source_scope=main_window deduplicated=False
2026-08-25 22:19:19.085 | DEBUG    | winwatt_automation.live_ui.menu_helpers:capture_menu_popup_snapshot:1682 - DBG_POPUP_ROW_DEDUPE rect={'left': 4, 'top': 264, 'right': 687, 'bottom': 292} normalized_text=végrehajtás class_name= source_scope=main_window deduplicated=False
2026-08-25 22:19:19.085 | DEBUG    | winwatt_automation.live_ui.menu_helpers:capture_menu_popup_snapshot:1682 - DBG_POPUP_ROW_DEDUPE rect={'left': 4, 'top': 299, 'right': 687, 'bottom': 327} normalized_text=végrehajtás class_name= source_scope=main_window deduplicated=False
2026-08-25 22:19:19.085 | DEBUG    | winwatt_automation.live_ui.menu_helpers:capture_menu_popup_snapshot:1682 - DBG_POPUP_ROW_DEDUPE rect={'left': 0, 'top': 0, 'right': 28, 'bottom': 28} normalized_text=rendszer class_name= source_scope=main_window deduplicated=False
2026-08-25 22:19:19.085 | DEBUG    | winwatt_automation.live_ui.menu_helpers:capture_menu_popup_snapshot:1682 - DBG_POPUP_ROW_DEDUPE rect={'left': 0, 'top': 29, 'right': 40, 'bottom': 53} normalized_text=fájl class_name= source_scope=main_window deduplicated=False
2026-08-25 22:19:19.085 | DEBUG    | winwatt_automation.live_ui.menu_helpers:capture_menu_popup_snapshot:1682 - DBG_POPUP_ROW_DEDUPE rect={'left': 40, 'top': 29, 'right': 123, 'bottom': 53} normalized_text=jegyzékek class_name= source_scope=main_window deduplicated=False
2026-08-25 22:19:19.085 | DEBUG    | winwatt_automation.live_ui.menu_helpers:capture_menu_popup_snapshot:1682 - DBG_POPUP_ROW_DEDUPE rect={'left': 123, 'top': 29, 'right': 216, 'bottom': 53} normalized_text=adatbázis... class_name= source_scope=main_window deduplicated=False
2026-08-25 22:19:19.085 | DEBUG    | winwatt_automation.live_ui.menu_helpers:capture_menu_popup_snapshot:1682 - DBG_POPUP_ROW_DEDUPE rect={'left': 215, 'top': 29, 'right': 303, 'bottom': 53} normalized_text=beállítások class_name= source_scope=main_window deduplicated=False
2026-08-25 22:19:19.085 | DEBUG    | winwatt_automation.live_ui.menu_helpers:capture_menu_popup_snapshot:1682 - DBG_POPUP_ROW_DEDUPE rect={'left': 303, 'top': 29, 'right': 358, 'bottom': 53} normalized_text=ablak class_name= source_scope=main_window deduplicated=False
2026-08-25 22:19:19.085 | DEBUG    | winwatt_automation.live_ui.menu_helpers:capture_menu_popup_snapshot:1682 - DBG_POPUP_ROW_DEDUPE rect={'left': 358, 'top': 29, 'right': 409, 'bottom': 53} normalized_text=súgó class_name= source_scope=main_window deduplicated=False
2026-08-25 22:19:19.085 | INFO     | winwatt_automation.live_ui.menu_helpers:capture_menu_popup_snapshot:1724 - POPUP_SNAPSHOT_SUMMARY main_window_fragments=16 global_scan_fragments=0 deduped_fragments=16 topbar_like=6 popup_like=9 empty_text=3 topbar_band=(0, 29, 409, 53) empty_text_vertical_cluster_detected=False accepted_popup_rows=0 popup_heuristic=candidate_count_below_threshold
2026-08-25 22:19:19.085 | DEBUG    | winwatt_automation.live_ui.menu_helpers:capture_menu_popup_snapshot:1737 - Captured menu snapshot rows=16
2026-08-25 22:19:19.085 | DEBUG    | winwatt_automation.live_ui.menu_helpers:_log_phase_timing:83 - DBG_PHASE_TIMING phase=capture_menu_popup_snapshot elapsed_ms=969.000 main_rows=16 global_rows=0 unique_rows=16 diagnostic_fast_mode=True
2026-08-25 22:19:19.085 | DEBUG    | winwatt_automation.live_ui.menu_helpers:did_any_new_menu_popup_appear:2272 - Menu popup snapshot diff: before=7 after=16 new=9
2026-08-25 22:19:19.085 | DEBUG    | winwatt_automation.live_ui.menu_helpers:did_any_new_menu_popup_appear:2272 - Menu popup snapshot diff: before=7 after=16 new=9
2026-08-25 22:19:19.100 | DEBUG    | winwatt_automation.live_ui.app_connector:get_cached_main_window:565 - DBG_WINWATT_CACHE_GET reason_code=cache_reused_without_validation payload={'wrapper_type': 'UIAWrapper', 'handle': 396386, 'process_id': 23912, 'title': 'WinWatt gólya', 'class_name': 'TMainForm', 'control_type': 'Window'} last_validation_age_s=5.577999999979511 diagnostic_fast_mode=True
2026-08-25 22:19:19.100 | DEBUG    | winwatt_automation.live_ui.app_connector:get_cached_main_window:566 - DBG_PHASE_TIMING phase=get_cached_main_window elapsed_ms=15.000 reason_code=cache_reused_without_validation
2026-08-25 22:19:19.103 | DEBUG    | winwatt_automation.live_ui.app_connector:get_cached_main_window:565 - DBG_WINWATT_CACHE_GET reason_code=cache_reused_without_validation payload={'wrapper_type': 'UIAWrapper', 'handle': 396386, 'process_id': 23912, 'title': 'WinWatt gólya', 'class_name': 'TMainForm', 'control_type': 'Window'} last_validation_age_s=5.592999999993481 diagnostic_fast_mode=True
2026-08-25 22:19:19.103 | DEBUG    | winwatt_automation.live_ui.app_connector:get_cached_main_window:566 - DBG_PHASE_TIMING phase=get_cached_main_window elapsed_ms=0.000 reason_code=cache_reused_without_validation
2026-08-25 22:19:19.103 | DEBUG    | winwatt_automation.live_ui.app_connector:get_cached_main_window:565 - DBG_WINWATT_CACHE_GET reason_code=cache_reused_without_validation payload={'wrapper_type': 'UIAWrapper', 'handle': 396386, 'process_id': 23912, 'title': 'WinWatt gólya', 'class_name': 'TMainForm', 'control_type': 'Window'} last_validation_age_s=5.592999999993481 diagnostic_fast_mode=True
2026-08-25 22:19:19.103 | DEBUG    | winwatt_automation.live_ui.app_connector:get_cached_main_window:566 - DBG_PHASE_TIMING phase=get_cached_main_window elapsed_ms=0.000 reason_code=cache_reused_without_validation
2026-08-25 22:19:19.117 | INFO     | winwatt_automation.live_ui.menu_helpers:_menu_items:1101 - DBG_MENU_ITEMS_SUMMARY total_items=16 visible_items=16 topbar_band=(0, 0, 687, 327) topbar_band_visible_count=16 popup_region_visible_count=0 force_refresh=False handle=396386
2026-08-25 22:19:19.117 | DEBUG    | winwatt_automation.live_ui.menu_helpers:_menu_items:1111 - Discovered 16 MenuItem controls
2026-08-25 22:19:19.117 | DEBUG    | winwatt_automation.live_ui.menu_helpers:_log_phase_timing:83 - DBG_PHASE_TIMING phase=_menu_items elapsed_ms=16.000 force_refresh=False total_items=16 visible_items=16
2026-08-25 22:19:19.132 | INFO     | winwatt_automation.live_ui.menu_helpers:_menu_row_from_wrapper:1545 - TEXT_EXTRACTION_FALLBACK_USED source=legacy_text confidence=medium rect={'left': 4, 'top': 56, 'right': 687, 'bottom': 84}
2026-08-25 22:19:19.132 | DEBUG    | winwatt_automation.live_ui.menu_helpers:_log_popup_fragment:499 - DBG_MENU_FRAGMENT_MAIN_WINDOW source_scope=main_window control_type=MenuItem class_name= text='Végrehajtás' rectangle={'left': 4, 'top': 56, 'right': 687, 'bottom': 84} center=(345, 70) process_id=23912 native_handle=None topbar_candidate=True popup_candidate=False
2026-08-25 22:19:19.144 | INFO     | winwatt_automation.live_ui.menu_helpers:_menu_row_from_wrapper:1545 - TEXT_EXTRACTION_FALLBACK_USED source=legacy_text confidence=medium rect={'left': 4, 'top': 84, 'right': 687, 'bottom': 112}
2026-08-25 22:19:19.147 | DEBUG    | winwatt_automation.live_ui.menu_helpers:_log_popup_fragment:499 - DBG_MENU_FRAGMENT_MAIN_WINDOW source_scope=main_window control_type=MenuItem class_name= text='Végrehajtás' rectangle={'left': 4, 'top': 84, 'right': 687, 'bottom': 112} center=(345, 98) process_id=23912 native_handle=None topbar_candidate=True popup_candidate=False
2026-08-25 22:19:19.156 | WARNING  | winwatt_automation.live_ui.menu_helpers:_menu_row_from_wrapper:1547 - TEXT_EXTRACTION_FAILED source_scope=main_window rect={'left': 4, 'top': 111, 'right': 687, 'bottom': 139}
2026-08-25 22:19:19.159 | DEBUG    | winwatt_automation.live_ui.menu_helpers:_log_popup_fragment:499 - DBG_MENU_FRAGMENT_MAIN_WINDOW source_scope=main_window control_type=MenuItem class_name= text='' rectangle={'left': 4, 'top': 111, 'right': 687, 'bottom': 139} center=(345, 125) process_id=23912 native_handle=None topbar_candidate=True popup_candidate=False
2026-08-25 22:19:19.168 | WARNING  | winwatt_automation.live_ui.menu_helpers:_menu_row_from_wrapper:1547 - TEXT_EXTRACTION_FAILED source_scope=main_window rect={'left': 4, 'top': 139, 'right': 687, 'bottom': 167}
2026-08-25 22:19:19.169 | DEBUG    | winwatt_automation.live_ui.menu_helpers:_log_popup_fragment:499 - DBG_MENU_FRAGMENT_MAIN_WINDOW source_scope=main_window control_type=MenuItem class_name= text='' rectangle={'left': 4, 'top': 139, 'right': 687, 'bottom': 167} center=(345, 153) process_id=23912 native_handle=None topbar_candidate=True popup_candidate=False
2026-08-25 22:19:19.179 | INFO     | winwatt_automation.live_ui.menu_helpers:_menu_row_from_wrapper:1545 - TEXT_EXTRACTION_FALLBACK_USED source=legacy_text confidence=medium rect={'left': 4, 'top': 166, 'right': 687, 'bottom': 194}
2026-08-25 22:19:19.183 | DEBUG    | winwatt_automation.live_ui.menu_helpers:_log_popup_fragment:499 - DBG_MENU_FRAGMENT_MAIN_WINDOW source_scope=main_window control_type=MenuItem class_name= text='Végrehajtás' rectangle={'left': 4, 'top': 166, 'right': 687, 'bottom': 194} center=(345, 180) process_id=23912 native_handle=None topbar_candidate=True popup_candidate=False
2026-08-25 22:19:19.191 | WARNING  | winwatt_automation.live_ui.menu_helpers:_menu_row_from_wrapper:1547 - TEXT_EXTRACTION_FAILED source_scope=main_window rect={'left': 4, 'top': 201, 'right': 687, 'bottom': 229}
2026-08-25 22:19:19.194 | DEBUG    | winwatt_automation.live_ui.menu_helpers:_log_popup_fragment:499 - DBG_MENU_FRAGMENT_MAIN_WINDOW source_scope=main_window control_type=MenuItem class_name= text='' rectangle={'left': 4, 'top': 201, 'right': 687, 'bottom': 229} center=(345, 215) process_id=23912 native_handle=None topbar_candidate=True popup_candidate=False
2026-08-25 22:19:19.194 | INFO     | winwatt_automation.live_ui.menu_helpers:_menu_row_from_wrapper:1545 - TEXT_EXTRACTION_FALLBACK_USED source=legacy_text confidence=medium rect={'left': 4, 'top': 229, 'right': 687, 'bottom': 257}
2026-08-25 22:19:19.194 | DEBUG    | winwatt_automation.live_ui.menu_helpers:_log_popup_fragment:499 - DBG_MENU_FRAGMENT_MAIN_WINDOW source_scope=main_window control_type=MenuItem class_name= text='Végrehajtás' rectangle={'left': 4, 'top': 229, 'right': 687, 'bottom': 257} center=(345, 243) process_id=23912 native_handle=None topbar_candidate=True popup_candidate=False
2026-08-25 22:19:19.210 | INFO     | winwatt_automation.live_ui.menu_helpers:_menu_row_from_wrapper:1545 - TEXT_EXTRACTION_FALLBACK_USED source=legacy_text confidence=medium rect={'left': 4, 'top': 264, 'right': 687, 'bottom': 292}
2026-08-25 22:19:19.210 | DEBUG    | winwatt_automation.live_ui.menu_helpers:_log_popup_fragment:499 - DBG_MENU_FRAGMENT_MAIN_WINDOW source_scope=main_window control_type=MenuItem class_name= text='Végrehajtás' rectangle={'left': 4, 'top': 264, 'right': 687, 'bottom': 292} center=(345, 278) process_id=23912 native_handle=None topbar_candidate=True popup_candidate=False
2026-08-25 22:19:19.210 | INFO     | winwatt_automation.live_ui.menu_helpers:_menu_row_from_wrapper:1545 - TEXT_EXTRACTION_FALLBACK_USED source=legacy_text confidence=medium rect={'left': 4, 'top': 299, 'right': 687, 'bottom': 327}
2026-08-25 22:19:19.210 | DEBUG    | winwatt_automation.live_ui.menu_helpers:_log_popup_fragment:499 - DBG_MENU_FRAGMENT_MAIN_WINDOW source_scope=main_window control_type=MenuItem class_name= text='Végrehajtás' rectangle={'left': 4, 'top': 299, 'right': 687, 'bottom': 327} center=(345, 313) process_id=23912 native_handle=None topbar_candidate=True popup_candidate=False
2026-08-25 22:19:19.210 | DEBUG    | winwatt_automation.live_ui.menu_helpers:_log_popup_fragment:499 - DBG_MENU_FRAGMENT_MAIN_WINDOW source_scope=main_window control_type=MenuItem class_name= text='Rendszer' rectangle={'left': 0, 'top': 0, 'right': 28, 'bottom': 28} center=(14, 14) process_id=23912 native_handle=None topbar_candidate=True popup_candidate=False
2026-08-25 22:19:19.210 | DEBUG    | winwatt_automation.live_ui.menu_helpers:_log_popup_fragment:499 - DBG_MENU_FRAGMENT_MAIN_WINDOW source_scope=main_window control_type=MenuItem class_name= text='Fájl' rectangle={'left': 0, 'top': 29, 'right': 40, 'bottom': 53} center=(20, 41) process_id=23912 native_handle=None topbar_candidate=True popup_candidate=False
2026-08-25 22:19:19.210 | DEBUG    | winwatt_automation.live_ui.menu_helpers:_log_popup_fragment:499 - DBG_MENU_FRAGMENT_MAIN_WINDOW source_scope=main_window control_type=MenuItem class_name= text='Jegyzékek' rectangle={'left': 40, 'top': 29, 'right': 123, 'bottom': 53} center=(81, 41) process_id=23912 native_handle=None topbar_candidate=True popup_candidate=False
2026-08-25 22:19:19.224 | DEBUG    | winwatt_automation.live_ui.menu_helpers:_log_popup_fragment:499 - DBG_MENU_FRAGMENT_MAIN_WINDOW source_scope=main_window control_type=MenuItem class_name= text='Adatbázis...' rectangle={'left': 123, 'top': 29, 'right': 216, 'bottom': 53} center=(169, 41) process_id=23912 native_handle=None topbar_candidate=True popup_candidate=False
2026-08-25 22:19:19.224 | DEBUG    | winwatt_automation.live_ui.menu_helpers:_log_popup_fragment:499 - DBG_MENU_FRAGMENT_MAIN_WINDOW source_scope=main_window control_type=MenuItem class_name= text='Beállítások' rectangle={'left': 215, 'top': 29, 'right': 303, 'bottom': 53} center=(259, 41) process_id=23912 native_handle=None topbar_candidate=True popup_candidate=False
2026-08-25 22:19:19.224 | DEBUG    | winwatt_automation.live_ui.menu_helpers:_log_popup_fragment:499 - DBG_MENU_FRAGMENT_MAIN_WINDOW source_scope=main_window control_type=MenuItem class_name= text='Ablak' rectangle={'left': 303, 'top': 29, 'right': 358, 'bottom': 53} center=(330, 41) process_id=23912 native_handle=None topbar_candidate=True popup_candidate=False
2026-08-25 22:19:19.226 | DEBUG    | winwatt_automation.live_ui.menu_helpers:_log_popup_fragment:499 - DBG_MENU_FRAGMENT_MAIN_WINDOW source_scope=main_window control_type=MenuItem class_name= text='Súgó' rectangle={'left': 358, 'top': 29, 'right': 409, 'bottom': 53} center=(383, 41) process_id=23912 native_handle=None topbar_candidate=True popup_candidate=False
2026-08-25 22:19:19.226 | DEBUG    | winwatt_automation.live_ui.menu_helpers:_menu_like_controls_from_main_window:1599 - DBG_MENU_FRAGMENT_SOURCE_SUMMARY source_scope=main_window count=16
2026-08-25 22:19:19.226 | DEBUG    | winwatt_automation.live_ui.app_connector:get_cached_main_window:565 - DBG_WINWATT_CACHE_GET reason_code=cache_reused_without_validation payload={'wrapper_type': 'UIAWrapper', 'handle': 396386, 'process_id': 23912, 'title': 'WinWatt gólya', 'class_name': 'TMainForm', 'control_type': 'Window'} last_validation_age_s=5.717999999993481 diagnostic_fast_mode=True
2026-08-25 22:19:19.226 | DEBUG    | winwatt_automation.live_ui.app_connector:get_cached_main_window:566 - DBG_PHASE_TIMING phase=get_cached_main_window elapsed_ms=0.000 reason_code=cache_reused_without_validation
2026-08-25 22:19:19.637 | DEBUG    | winwatt_automation.live_ui.menu_helpers:capture_menu_popup_snapshot:1682 - DBG_POPUP_ROW_DEDUPE rect={'left': 4, 'top': 56, 'right': 687, 'bottom': 84} normalized_text=végrehajtás class_name= source_scope=main_window deduplicated=False
2026-08-25 22:19:19.637 | DEBUG    | winwatt_automation.live_ui.menu_helpers:capture_menu_popup_snapshot:1682 - DBG_POPUP_ROW_DEDUPE rect={'left': 4, 'top': 84, 'right': 687, 'bottom': 112} normalized_text=végrehajtás class_name= source_scope=main_window deduplicated=False
2026-08-25 22:19:19.637 | DEBUG    | winwatt_automation.live_ui.menu_helpers:capture_menu_popup_snapshot:1682 - DBG_POPUP_ROW_DEDUPE rect={'left': 4, 'top': 111, 'right': 687, 'bottom': 139} normalized_text= class_name= source_scope=main_window deduplicated=False
2026-08-25 22:19:19.637 | DEBUG    | winwatt_automation.live_ui.menu_helpers:capture_menu_popup_snapshot:1682 - DBG_POPUP_ROW_DEDUPE rect={'left': 4, 'top': 139, 'right': 687, 'bottom': 167} normalized_text= class_name= source_scope=main_window deduplicated=False
2026-08-25 22:19:19.637 | DEBUG    | winwatt_automation.live_ui.menu_helpers:capture_menu_popup_snapshot:1682 - DBG_POPUP_ROW_DEDUPE rect={'left': 4, 'top': 166, 'right': 687, 'bottom': 194} normalized_text=végrehajtás class_name= source_scope=main_window deduplicated=False
2026-08-25 22:19:19.637 | DEBUG    | winwatt_automation.live_ui.menu_helpers:capture_menu_popup_snapshot:1682 - DBG_POPUP_ROW_DEDUPE rect={'left': 4, 'top': 201, 'right': 687, 'bottom': 229} normalized_text= class_name= source_scope=main_window deduplicated=False
2026-08-25 22:19:19.637 | DEBUG    | winwatt_automation.live_ui.menu_helpers:capture_menu_popup_snapshot:1682 - DBG_POPUP_ROW_DEDUPE rect={'left': 4, 'top': 229, 'right': 687, 'bottom': 257} normalized_text=végrehajtás class_name= source_scope=main_window deduplicated=False
2026-08-25 22:19:19.637 | DEBUG    | winwatt_automation.live_ui.menu_helpers:capture_menu_popup_snapshot:1682 - DBG_POPUP_ROW_DEDUPE rect={'left': 4, 'top': 264, 'right': 687, 'bottom': 292} normalized_text=végrehajtás class_name= source_scope=main_window deduplicated=False
2026-08-25 22:19:19.637 | DEBUG    | winwatt_automation.live_ui.menu_helpers:capture_menu_popup_snapshot:1682 - DBG_POPUP_ROW_DEDUPE rect={'left': 4, 'top': 299, 'right': 687, 'bottom': 327} normalized_text=végrehajtás class_name= source_scope=main_window deduplicated=False
2026-08-25 22:19:19.637 | DEBUG    | winwatt_automation.live_ui.menu_helpers:capture_menu_popup_snapshot:1682 - DBG_POPUP_ROW_DEDUPE rect={'left': 0, 'top': 0, 'right': 28, 'bottom': 28} normalized_text=rendszer class_name= source_scope=main_window deduplicated=False
2026-08-25 22:19:19.637 | DEBUG    | winwatt_automation.live_ui.menu_helpers:capture_menu_popup_snapshot:1682 - DBG_POPUP_ROW_DEDUPE rect={'left': 0, 'top': 29, 'right': 40, 'bottom': 53} normalized_text=fájl class_name= source_scope=main_window deduplicated=False
2026-08-25 22:19:19.637 | DEBUG    | winwatt_automation.live_ui.menu_helpers:capture_menu_popup_snapshot:1682 - DBG_POPUP_ROW_DEDUPE rect={'left': 40, 'top': 29, 'right': 123, 'bottom': 53} normalized_text=jegyzékek class_name= source_scope=main_window deduplicated=False
2026-08-25 22:19:19.637 | DEBUG    | winwatt_automation.live_ui.menu_helpers:capture_menu_popup_snapshot:1682 - DBG_POPUP_ROW_DEDUPE rect={'left': 123, 'top': 29, 'right': 216, 'bottom': 53} normalized_text=adatbázis... class_name= source_scope=main_window deduplicated=False
2026-08-25 22:19:19.637 | DEBUG    | winwatt_automation.live_ui.menu_helpers:capture_menu_popup_snapshot:1682 - DBG_POPUP_ROW_DEDUPE rect={'left': 215, 'top': 29, 'right': 303, 'bottom': 53} normalized_text=beállítások class_name= source_scope=main_window deduplicated=False
2026-08-25 22:19:19.637 | DEBUG    | winwatt_automation.live_ui.menu_helpers:capture_menu_popup_snapshot:1682 - DBG_POPUP_ROW_DEDUPE rect={'left': 303, 'top': 29, 'right': 358, 'bottom': 53} normalized_text=ablak class_name= source_scope=main_window deduplicated=False
2026-08-25 22:19:19.637 | DEBUG    | winwatt_automation.live_ui.menu_helpers:capture_menu_popup_snapshot:1682 - DBG_POPUP_ROW_DEDUPE rect={'left': 358, 'top': 29, 'right': 409, 'bottom': 53} normalized_text=súgó class_name= source_scope=main_window deduplicated=False
2026-08-25 22:19:19.637 | INFO     | winwatt_automation.live_ui.menu_helpers:capture_menu_popup_snapshot:1724 - POPUP_SNAPSHOT_SUMMARY main_window_fragments=16 global_scan_fragments=0 deduped_fragments=16 topbar_like=6 popup_like=9 empty_text=3 topbar_band=(0, 29, 409, 53) empty_text_vertical_cluster_detected=False accepted_popup_rows=0 popup_heuristic=candidate_count_below_threshold
2026-08-25 22:19:19.637 | DEBUG    | winwatt_automation.live_ui.menu_helpers:capture_menu_popup_snapshot:1737 - Captured menu snapshot rows=16
2026-08-25 22:19:19.637 | DEBUG    | winwatt_automation.live_ui.menu_helpers:_log_phase_timing:83 - DBG_PHASE_TIMING phase=capture_menu_popup_snapshot elapsed_ms=547.000 main_rows=16 global_rows=0 unique_rows=16 diagnostic_fast_mode=True
2026-08-25 22:19:19.646 | DEBUG    | winwatt_automation.live_ui.app_connector:get_cached_main_window:565 - DBG_WINWATT_CACHE_GET reason_code=cache_reused_without_validation payload={'wrapper_type': 'UIAWrapper', 'handle': 396386, 'process_id': 23912, 'title': 'WinWatt gólya', 'class_name': 'TMainForm', 'control_type': 'Window'} last_validation_age_s=6.125 diagnostic_fast_mode=True
2026-08-25 22:19:19.646 | DEBUG    | winwatt_automation.live_ui.app_connector:get_cached_main_window:566 - DBG_PHASE_TIMING phase=get_cached_main_window elapsed_ms=15.000 reason_code=cache_reused_without_validation
2026-08-25 22:19:19.646 | DEBUG    | winwatt_automation.live_ui.app_connector:get_cached_main_window:565 - DBG_WINWATT_CACHE_GET reason_code=cache_reused_without_validation payload={'wrapper_type': 'UIAWrapper', 'handle': 396386, 'process_id': 23912, 'title': 'WinWatt gólya', 'class_name': 'TMainForm', 'control_type': 'Window'} last_validation_age_s=6.139999999984866 diagnostic_fast_mode=True
2026-08-25 22:19:19.646 | DEBUG    | winwatt_automation.live_ui.app_connector:get_cached_main_window:566 - DBG_PHASE_TIMING phase=get_cached_main_window elapsed_ms=0.000 reason_code=cache_reused_without_validation
2026-08-25 22:19:20.380 | INFO     | winwatt_automation.live_ui.menu_helpers:_menu_items:1101 - DBG_MENU_ITEMS_SUMMARY total_items=16 visible_items=16 topbar_band=(0, 0, 687, 327) topbar_band_visible_count=16 popup_region_visible_count=0 force_refresh=True handle=396386
2026-08-25 22:19:20.380 | DEBUG    | winwatt_automation.live_ui.menu_helpers:_menu_items:1111 - Discovered 16 MenuItem controls
2026-08-25 22:19:20.380 | DEBUG    | winwatt_automation.live_ui.menu_helpers:_log_phase_timing:83 - DBG_PHASE_TIMING phase=_menu_items elapsed_ms=750.000 force_refresh=True total_items=16 visible_items=16
2026-08-25 22:19:20.384 | INFO     | winwatt_automation.live_ui.menu_helpers:_log_top_menu_popup_diagnostics:526 - DBG_MENU_EMPTY_TEXT_VERTICAL_CLUSTER detected=False accepted_popup_rows=0 reason=candidate_count_below_threshold topbar_band=(0, 29, 409, 53)
2026-08-25 22:19:20.384 | INFO     | winwatt_automation.live_ui.menu_helpers:_log_top_menu_popup_diagnostics:548 - DBG_TOP_MENU_CLICK_POPUP_DIAG title=Fájl total_visible_menuitems=16 topbar_band_menuitems=6 popup_region_menuitems=9 new_cluster_below_topbar=True visible_texts_under_title=['Végrehajtás', 'Végrehajtás', '', '', 'Végrehajtás', '', 'Végrehajtás', 'Végrehajtás', 'Végrehajtás'] topbar_band=(0, 29, 409, 53) snapshot_row_count=16
2026-08-25 22:19:20.384 | DEBUG    | winwatt_automation.live_ui.app_connector:get_cached_main_window:565 - DBG_WINWATT_CACHE_GET reason_code=cache_reused_without_validation payload={'wrapper_type': 'UIAWrapper', 'handle': 396386, 'process_id': 23912, 'title': 'WinWatt gólya', 'class_name': 'TMainForm', 'control_type': 'Window'} last_validation_age_s=6.875 diagnostic_fast_mode=True
2026-08-25 22:19:20.384 | DEBUG    | winwatt_automation.live_ui.app_connector:get_cached_main_window:566 - DBG_PHASE_TIMING phase=get_cached_main_window elapsed_ms=0.000 reason_code=cache_reused_without_validation
2026-08-25 22:19:20.511 | DEBUG    | winwatt_automation.live_ui.app_connector:get_cached_main_window:565 - DBG_WINWATT_CACHE_GET reason_code=cache_reused_without_validation payload={'wrapper_type': 'UIAWrapper', 'handle': 396386, 'process_id': 23912, 'title': 'WinWatt gólya', 'class_name': 'TMainForm', 'control_type': 'Window'} last_validation_age_s=7.0 diagnostic_fast_mode=True
2026-08-25 22:19:20.511 | DEBUG    | winwatt_automation.live_ui.app_connector:get_cached_main_window:566 - DBG_PHASE_TIMING phase=get_cached_main_window elapsed_ms=0.000 reason_code=cache_reused_without_validation
2026-08-25 22:19:20.526 | DEBUG    | winwatt_automation.live_ui.app_connector:get_cached_main_window:565 - DBG_WINWATT_CACHE_GET reason_code=cache_reused_without_validation payload={'wrapper_type': 'UIAWrapper', 'handle': 396386, 'process_id': 23912, 'title': 'WinWatt gólya', 'class_name': 'TMainForm', 'control_type': 'Window'} last_validation_age_s=7.0 diagnostic_fast_mode=True
2026-08-25 22:19:20.526 | DEBUG    | winwatt_automation.live_ui.app_connector:get_cached_main_window:566 - DBG_PHASE_TIMING phase=get_cached_main_window elapsed_ms=15.000 reason_code=cache_reused_without_validation
2026-08-25 22:19:20.526 | INFO     | winwatt_automation.live_ui.menu_helpers:_menu_items:1101 - DBG_MENU_ITEMS_SUMMARY total_items=16 visible_items=16 topbar_band=(0, 0, 687, 327) topbar_band_visible_count=16 popup_region_visible_count=0 force_refresh=False handle=396386
2026-08-25 22:19:20.526 | DEBUG    | winwatt_automation.live_ui.menu_helpers:_menu_items:1111 - Discovered 16 MenuItem controls
2026-08-25 22:19:20.526 | DEBUG    | winwatt_automation.live_ui.menu_helpers:_log_phase_timing:83 - DBG_PHASE_TIMING phase=_menu_items elapsed_ms=15.000 force_refresh=False total_items=16 visible_items=16
2026-08-25 22:19:20.542 | INFO     | winwatt_automation.live_ui.menu_helpers:_menu_row_from_wrapper:1545 - TEXT_EXTRACTION_FALLBACK_USED source=legacy_text confidence=medium rect={'left': 4, 'top': 56, 'right': 687, 'bottom': 84}
2026-08-25 22:19:20.542 | DEBUG    | winwatt_automation.live_ui.menu_helpers:_log_popup_fragment:499 - DBG_MENU_FRAGMENT_MAIN_WINDOW source_scope=main_window control_type=MenuItem class_name= text='Végrehajtás' rectangle={'left': 4, 'top': 56, 'right': 687, 'bottom': 84} center=(345, 70) process_id=23912 native_handle=None topbar_candidate=True popup_candidate=False
2026-08-25 22:19:20.542 | INFO     | winwatt_automation.live_ui.menu_helpers:_menu_row_from_wrapper:1545 - TEXT_EXTRACTION_FALLBACK_USED source=legacy_text confidence=medium rect={'left': 4, 'top': 84, 'right': 687, 'bottom': 112}
2026-08-25 22:19:20.558 | DEBUG    | winwatt_automation.live_ui.menu_helpers:_log_popup_fragment:499 - DBG_MENU_FRAGMENT_MAIN_WINDOW source_scope=main_window control_type=MenuItem class_name= text='Végrehajtás' rectangle={'left': 4, 'top': 84, 'right': 687, 'bottom': 112} center=(345, 98) process_id=23912 native_handle=None topbar_candidate=True popup_candidate=False
2026-08-25 22:19:20.558 | WARNING  | winwatt_automation.live_ui.menu_helpers:_menu_row_from_wrapper:1547 - TEXT_EXTRACTION_FAILED source_scope=main_window rect={'left': 4, 'top': 111, 'right': 687, 'bottom': 139}
2026-08-25 22:19:20.558 | DEBUG    | winwatt_automation.live_ui.menu_helpers:_log_popup_fragment:499 - DBG_MENU_FRAGMENT_MAIN_WINDOW source_scope=main_window control_type=MenuItem class_name= text='' rectangle={'left': 4, 'top': 111, 'right': 687, 'bottom': 139} center=(345, 125) process_id=23912 native_handle=None topbar_candidate=True popup_candidate=False
2026-08-25 22:19:20.574 | WARNING  | winwatt_automation.live_ui.menu_helpers:_menu_row_from_wrapper:1547 - TEXT_EXTRACTION_FAILED source_scope=main_window rect={'left': 4, 'top': 139, 'right': 687, 'bottom': 167}
2026-08-25 22:19:20.576 | DEBUG    | winwatt_automation.live_ui.menu_helpers:_log_popup_fragment:499 - DBG_MENU_FRAGMENT_MAIN_WINDOW source_scope=main_window control_type=MenuItem class_name= text='' rectangle={'left': 4, 'top': 139, 'right': 687, 'bottom': 167} center=(345, 153) process_id=23912 native_handle=None topbar_candidate=True popup_candidate=False
2026-08-25 22:19:20.584 | INFO     | winwatt_automation.live_ui.menu_helpers:_menu_row_from_wrapper:1545 - TEXT_EXTRACTION_FALLBACK_USED source=legacy_text confidence=medium rect={'left': 4, 'top': 166, 'right': 687, 'bottom': 194}
2026-08-25 22:19:20.585 | DEBUG    | winwatt_automation.live_ui.menu_helpers:_log_popup_fragment:499 - DBG_MENU_FRAGMENT_MAIN_WINDOW source_scope=main_window control_type=MenuItem class_name= text='Végrehajtás' rectangle={'left': 4, 'top': 166, 'right': 687, 'bottom': 194} center=(345, 180) process_id=23912 native_handle=None topbar_candidate=True popup_candidate=False
2026-08-25 22:19:20.591 | WARNING  | winwatt_automation.live_ui.menu_helpers:_menu_row_from_wrapper:1547 - TEXT_EXTRACTION_FAILED source_scope=main_window rect={'left': 4, 'top': 201, 'right': 687, 'bottom': 229}
2026-08-25 22:19:20.594 | DEBUG    | winwatt_automation.live_ui.menu_helpers:_log_popup_fragment:499 - DBG_MENU_FRAGMENT_MAIN_WINDOW source_scope=main_window control_type=MenuItem class_name= text='' rectangle={'left': 4, 'top': 201, 'right': 687, 'bottom': 229} center=(345, 215) process_id=23912 native_handle=None topbar_candidate=True popup_candidate=False
2026-08-25 22:19:20.600 | INFO     | winwatt_automation.live_ui.menu_helpers:_menu_row_from_wrapper:1545 - TEXT_EXTRACTION_FALLBACK_USED source=legacy_text confidence=medium rect={'left': 4, 'top': 229, 'right': 687, 'bottom': 257}
2026-08-25 22:19:20.607 | DEBUG    | winwatt_automation.live_ui.menu_helpers:_log_popup_fragment:499 - DBG_MENU_FRAGMENT_MAIN_WINDOW source_scope=main_window control_type=MenuItem class_name= text='Végrehajtás' rectangle={'left': 4, 'top': 229, 'right': 687, 'bottom': 257} center=(345, 243) process_id=23912 native_handle=None topbar_candidate=True popup_candidate=False
2026-08-25 22:19:20.614 | INFO     | winwatt_automation.live_ui.menu_helpers:_menu_row_from_wrapper:1545 - TEXT_EXTRACTION_FALLBACK_USED source=legacy_text confidence=medium rect={'left': 4, 'top': 264, 'right': 687, 'bottom': 292}
2026-08-25 22:19:20.614 | DEBUG    | winwatt_automation.live_ui.menu_helpers:_log_popup_fragment:499 - DBG_MENU_FRAGMENT_MAIN_WINDOW source_scope=main_window control_type=MenuItem class_name= text='Végrehajtás' rectangle={'left': 4, 'top': 264, 'right': 687, 'bottom': 292} center=(345, 278) process_id=23912 native_handle=None topbar_candidate=True popup_candidate=False
2026-08-25 22:19:20.623 | INFO     | winwatt_automation.live_ui.menu_helpers:_menu_row_from_wrapper:1545 - TEXT_EXTRACTION_FALLBACK_USED source=legacy_text confidence=medium rect={'left': 4, 'top': 299, 'right': 687, 'bottom': 327}
2026-08-25 22:19:20.623 | DEBUG    | winwatt_automation.live_ui.menu_helpers:_log_popup_fragment:499 - DBG_MENU_FRAGMENT_MAIN_WINDOW source_scope=main_window control_type=MenuItem class_name= text='Végrehajtás' rectangle={'left': 4, 'top': 299, 'right': 687, 'bottom': 327} center=(345, 313) process_id=23912 native_handle=None topbar_candidate=True popup_candidate=False
2026-08-25 22:19:20.623 | DEBUG    | winwatt_automation.live_ui.menu_helpers:_log_popup_fragment:499 - DBG_MENU_FRAGMENT_MAIN_WINDOW source_scope=main_window control_type=MenuItem class_name= text='Rendszer' rectangle={'left': 0, 'top': 0, 'right': 28, 'bottom': 28} center=(14, 14) process_id=23912 native_handle=None topbar_candidate=True popup_candidate=False
2026-08-25 22:19:20.623 | DEBUG    | winwatt_automation.live_ui.menu_helpers:_log_popup_fragment:499 - DBG_MENU_FRAGMENT_MAIN_WINDOW source_scope=main_window control_type=MenuItem class_name= text='Fájl' rectangle={'left': 0, 'top': 29, 'right': 40, 'bottom': 53} center=(20, 41) process_id=23912 native_handle=None topbar_candidate=True popup_candidate=False
2026-08-25 22:19:20.623 | DEBUG    | winwatt_automation.live_ui.menu_helpers:_log_popup_fragment:499 - DBG_MENU_FRAGMENT_MAIN_WINDOW source_scope=main_window control_type=MenuItem class_name= text='Jegyzékek' rectangle={'left': 40, 'top': 29, 'right': 123, 'bottom': 53} center=(81, 41) process_id=23912 native_handle=None topbar_candidate=True popup_candidate=False
2026-08-25 22:19:20.623 | DEBUG    | winwatt_automation.live_ui.menu_helpers:_log_popup_fragment:499 - DBG_MENU_FRAGMENT_MAIN_WINDOW source_scope=main_window control_type=MenuItem class_name= text='Adatbázis...' rectangle={'left': 123, 'top': 29, 'right': 216, 'bottom': 53} center=(169, 41) process_id=23912 native_handle=None topbar_candidate=True popup_candidate=False
2026-08-25 22:19:20.623 | DEBUG    | winwatt_automation.live_ui.menu_helpers:_log_popup_fragment:499 - DBG_MENU_FRAGMENT_MAIN_WINDOW source_scope=main_window control_type=MenuItem class_name= text='Beállítások' rectangle={'left': 215, 'top': 29, 'right': 303, 'bottom': 53} center=(259, 41) process_id=23912 native_handle=None topbar_candidate=True popup_candidate=False
2026-08-25 22:19:20.623 | DEBUG    | winwatt_automation.live_ui.menu_helpers:_log_popup_fragment:499 - DBG_MENU_FRAGMENT_MAIN_WINDOW source_scope=main_window control_type=MenuItem class_name= text='Ablak' rectangle={'left': 303, 'top': 29, 'right': 358, 'bottom': 53} center=(330, 41) process_id=23912 native_handle=None topbar_candidate=True popup_candidate=False
2026-08-25 22:19:20.623 | DEBUG    | winwatt_automation.live_ui.menu_helpers:_log_popup_fragment:499 - DBG_MENU_FRAGMENT_MAIN_WINDOW source_scope=main_window control_type=MenuItem class_name= text='Súgó' rectangle={'left': 358, 'top': 29, 'right': 409, 'bottom': 53} center=(383, 41) process_id=23912 native_handle=None topbar_candidate=True popup_candidate=False
2026-08-25 22:19:20.623 | DEBUG    | winwatt_automation.live_ui.menu_helpers:_menu_like_controls_from_main_window:1599 - DBG_MENU_FRAGMENT_SOURCE_SUMMARY source_scope=main_window count=16
2026-08-25 22:19:20.623 | DEBUG    | winwatt_automation.live_ui.app_connector:get_cached_main_window:565 - DBG_WINWATT_CACHE_GET reason_code=cache_reused_without_validation payload={'wrapper_type': 'UIAWrapper', 'handle': 396386, 'process_id': 23912, 'title': 'WinWatt gólya', 'class_name': 'TMainForm', 'control_type': 'Window'} last_validation_age_s=7.125 diagnostic_fast_mode=True
2026-08-25 22:19:20.623 | DEBUG    | winwatt_automation.live_ui.app_connector:get_cached_main_window:566 - DBG_PHASE_TIMING phase=get_cached_main_window elapsed_ms=0.000 reason_code=cache_reused_without_validation
2026-08-25 22:19:20.623 | DEBUG    | winwatt_automation.live_ui.menu_helpers:capture_menu_popup_snapshot:1682 - DBG_POPUP_ROW_DEDUPE rect={'left': 4, 'top': 56, 'right': 687, 'bottom': 84} normalized_text=végrehajtás class_name= source_scope=main_window deduplicated=False
2026-08-25 22:19:20.623 | DEBUG    | winwatt_automation.live_ui.menu_helpers:capture_menu_popup_snapshot:1682 - DBG_POPUP_ROW_DEDUPE rect={'left': 4, 'top': 84, 'right': 687, 'bottom': 112} normalized_text=végrehajtás class_name= source_scope=main_window deduplicated=False
2026-08-25 22:19:20.623 | DEBUG    | winwatt_automation.live_ui.menu_helpers:capture_menu_popup_snapshot:1682 - DBG_POPUP_ROW_DEDUPE rect={'left': 4, 'top': 111, 'right': 687, 'bottom': 139} normalized_text= class_name= source_scope=main_window deduplicated=False
2026-08-25 22:19:20.623 | DEBUG    | winwatt_automation.live_ui.menu_helpers:capture_menu_popup_snapshot:1682 - DBG_POPUP_ROW_DEDUPE rect={'left': 4, 'top': 139, 'right': 687, 'bottom': 167} normalized_text= class_name= source_scope=main_window deduplicated=False
2026-08-25 22:19:20.623 | DEBUG    | winwatt_automation.live_ui.menu_helpers:capture_menu_popup_snapshot:1682 - DBG_POPUP_ROW_DEDUPE rect={'left': 4, 'top': 166, 'right': 687, 'bottom': 194} normalized_text=végrehajtás class_name= source_scope=main_window deduplicated=False
2026-08-25 22:19:20.634 | DEBUG    | winwatt_automation.live_ui.menu_helpers:capture_menu_popup_snapshot:1682 - DBG_POPUP_ROW_DEDUPE rect={'left': 4, 'top': 201, 'right': 687, 'bottom': 229} normalized_text= class_name= source_scope=main_window deduplicated=False
2026-08-25 22:19:20.634 | DEBUG    | winwatt_automation.live_ui.menu_helpers:capture_menu_popup_snapshot:1682 - DBG_POPUP_ROW_DEDUPE rect={'left': 4, 'top': 229, 'right': 687, 'bottom': 257} normalized_text=végrehajtás class_name= source_scope=main_window deduplicated=False
2026-08-25 22:19:20.634 | DEBUG    | winwatt_automation.live_ui.menu_helpers:capture_menu_popup_snapshot:1682 - DBG_POPUP_ROW_DEDUPE rect={'left': 4, 'top': 264, 'right': 687, 'bottom': 292} normalized_text=végrehajtás class_name= source_scope=main_window deduplicated=False
2026-08-25 22:19:20.634 | DEBUG    | winwatt_automation.live_ui.menu_helpers:capture_menu_popup_snapshot:1682 - DBG_POPUP_ROW_DEDUPE rect={'left': 4, 'top': 299, 'right': 687, 'bottom': 327} normalized_text=végrehajtás class_name= source_scope=main_window deduplicated=False
2026-08-25 22:19:20.634 | DEBUG    | winwatt_automation.live_ui.menu_helpers:capture_menu_popup_snapshot:1682 - DBG_POPUP_ROW_DEDUPE rect={'left': 0, 'top': 0, 'right': 28, 'bottom': 28} normalized_text=rendszer class_name= source_scope=main_window deduplicated=False
2026-08-25 22:19:20.634 | DEBUG    | winwatt_automation.live_ui.menu_helpers:capture_menu_popup_snapshot:1682 - DBG_POPUP_ROW_DEDUPE rect={'left': 0, 'top': 29, 'right': 40, 'bottom': 53} normalized_text=fájl class_name= source_scope=main_window deduplicated=False
2026-08-25 22:19:20.634 | DEBUG    | winwatt_automation.live_ui.menu_helpers:capture_menu_popup_snapshot:1682 - DBG_POPUP_ROW_DEDUPE rect={'left': 40, 'top': 29, 'right': 123, 'bottom': 53} normalized_text=jegyzékek class_name= source_scope=main_window deduplicated=False
2026-08-25 22:19:20.634 | DEBUG    | winwatt_automation.live_ui.menu_helpers:capture_menu_popup_snapshot:1682 - DBG_POPUP_ROW_DEDUPE rect={'left': 123, 'top': 29, 'right': 216, 'bottom': 53} normalized_text=adatbázis... class_name= source_scope=main_window deduplicated=False
2026-08-25 22:19:20.634 | DEBUG    | winwatt_automation.live_ui.menu_helpers:capture_menu_popup_snapshot:1682 - DBG_POPUP_ROW_DEDUPE rect={'left': 215, 'top': 29, 'right': 303, 'bottom': 53} normalized_text=beállítások class_name= source_scope=main_window deduplicated=False
2026-08-25 22:19:20.634 | DEBUG    | winwatt_automation.live_ui.menu_helpers:capture_menu_popup_snapshot:1682 - DBG_POPUP_ROW_DEDUPE rect={'left': 303, 'top': 29, 'right': 358, 'bottom': 53} normalized_text=ablak class_name= source_scope=main_window deduplicated=False
2026-08-25 22:19:20.634 | DEBUG    | winwatt_automation.live_ui.menu_helpers:capture_menu_popup_snapshot:1682 - DBG_POPUP_ROW_DEDUPE rect={'left': 358, 'top': 29, 'right': 409, 'bottom': 53} normalized_text=súgó class_name= source_scope=main_window deduplicated=False
2026-08-25 22:19:20.634 | INFO     | winwatt_automation.live_ui.menu_helpers:capture_menu_popup_snapshot:1724 - POPUP_SNAPSHOT_SUMMARY main_window_fragments=16 global_scan_fragments=0 deduped_fragments=16 topbar_like=6 popup_like=9 empty_text=3 topbar_band=(0, 29, 409, 53) empty_text_vertical_cluster_detected=False accepted_popup_rows=0 popup_heuristic=candidate_count_below_threshold
2026-08-25 22:19:20.636 | DEBUG    | winwatt_automation.live_ui.menu_helpers:capture_menu_popup_snapshot:1737 - Captured menu snapshot rows=16
2026-08-25 22:19:20.636 | DEBUG    | winwatt_automation.live_ui.menu_helpers:_log_phase_timing:83 - DBG_PHASE_TIMING phase=capture_menu_popup_snapshot elapsed_ms=250.000 main_rows=16 global_rows=0 unique_rows=16 diagnostic_fast_mode=True
2026-08-25 22:19:20.638 | DEBUG    | winwatt_automation.live_ui.app_connector:get_cached_main_window:565 - DBG_WINWATT_CACHE_GET reason_code=cache_reused_without_validation payload={'wrapper_type': 'UIAWrapper', 'handle': 396386, 'process_id': 23912, 'title': 'WinWatt gólya', 'class_name': 'TMainForm', 'control_type': 'Window'} last_validation_age_s=7.125 diagnostic_fast_mode=True
2026-08-25 22:19:20.638 | DEBUG    | winwatt_automation.live_ui.app_connector:get_cached_main_window:566 - DBG_PHASE_TIMING phase=get_cached_main_window elapsed_ms=15.000 reason_code=cache_reused_without_validation
2026-08-25 22:19:20.847 | DEBUG    | winwatt_automation.live_ui.app_connector:get_cached_main_window:565 - DBG_WINWATT_CACHE_GET reason_code=cache_reused_without_validation payload={'wrapper_type': 'UIAWrapper', 'handle': 396386, 'process_id': 23912, 'title': 'WinWatt gólya', 'class_name': 'TMainForm', 'control_type': 'Window'} last_validation_age_s=7.342999999993481 diagnostic_fast_mode=True
2026-08-25 22:19:20.859 | DEBUG    | winwatt_automation.live_ui.app_connector:get_cached_main_window:566 - DBG_PHASE_TIMING phase=get_cached_main_window elapsed_ms=16.000 reason_code=cache_reused_without_validation
2026-08-25 22:19:20.860 | DEBUG    | winwatt_automation.live_ui.app_connector:get_cached_main_window:565 - DBG_WINWATT_CACHE_GET reason_code=cache_reused_without_validation payload={'wrapper_type': 'UIAWrapper', 'handle': 396386, 'process_id': 23912, 'title': 'WinWatt gólya', 'class_name': 'TMainForm', 'control_type': 'Window'} last_validation_age_s=7.35899999999674 diagnostic_fast_mode=True
2026-08-25 22:19:20.860 | DEBUG    | winwatt_automation.live_ui.app_connector:get_cached_main_window:566 - DBG_PHASE_TIMING phase=get_cached_main_window elapsed_ms=0.000 reason_code=cache_reused_without_validation
2026-08-25 22:19:21.608 | INFO     | winwatt_automation.live_ui.menu_helpers:_menu_items:1101 - DBG_MENU_ITEMS_SUMMARY total_items=16 visible_items=16 topbar_band=(0, 0, 687, 327) topbar_band_visible_count=16 popup_region_visible_count=0 force_refresh=True handle=396386
2026-08-25 22:19:21.608 | DEBUG    | winwatt_automation.live_ui.menu_helpers:_menu_items:1111 - Discovered 16 MenuItem controls
2026-08-25 22:19:21.608 | DEBUG    | winwatt_automation.live_ui.menu_helpers:_log_phase_timing:83 - DBG_PHASE_TIMING phase=_menu_items elapsed_ms=766.000 force_refresh=True total_items=16 visible_items=16
2026-08-25 22:19:21.751 | INFO     | winwatt_automation.live_ui.menu_helpers:list_top_menu_items:1141 - Top-level menu items (raw): ['Rendszer', 'Fájl', 'Jegyzékek', 'Adatbázis...', 'Beállítások', 'Ablak', 'Súgó']
2026-08-25 22:19:21.751 | DEBUG    | winwatt_automation.live_ui.menu_helpers:_log_phase_timing:83 - DBG_PHASE_TIMING phase=list_top_menu_items elapsed_ms=907.000 count=7
2026-08-25 22:19:21.751 | DEBUG    | winwatt_automation.runtime_mapping.menu_text:normalize_menu_title:31 - normalize_menu_title ellipsis_handled raw="Adatbázis..." normalized="adatbázis"
2026-08-25 22:19:21.751 | INFO     | winwatt_automation.runtime_mapping.program_mapper:_open_and_capture_root_menu:1532 - RECENT_PROJECT_BLOCK_SUMMARY state=no_project top_menu=Fájl attempt=1 popup_block_classification=normal_popup recent_projects_block=False stateful_menu_block=False accepted_rows=9 filtered_rows=9
2026-08-25 22:19:21.751 | INFO     | winwatt_automation.runtime_mapping.program_mapper:_open_and_capture_root_menu:1533 - DBG_WINWATT_NORMAL_MENU_OPEN_VALIDATED state=no_project top_menu=Fájl attempt=1 raw_row_count=16 popup_like_count=9 topbar_like_count=6
2026-08-25 22:19:21.751 | INFO     | winwatt_automation.runtime_mapping.program_mapper:_open_and_capture_root_menu:1542 - DBG_WINWATT_NORMAL_MENU_POPUP_ROWS_ACCEPTED state=no_project top_menu=Fájl attempt=1 accepted_row_count=9
2026-08-25 22:19:21.751 | DEBUG    | winwatt_automation.live_ui.app_connector:get_cached_main_window:565 - DBG_WINWATT_CACHE_GET reason_code=cache_reused_without_validation payload={'wrapper_type': 'UIAWrapper', 'handle': 396386, 'process_id': 23912, 'title': 'WinWatt gólya', 'class_name': 'TMainForm', 'control_type': 'Window'} last_validation_age_s=8.25 diagnostic_fast_mode=True
2026-08-25 22:19:21.751 | DEBUG    | winwatt_automation.live_ui.app_connector:get_cached_main_window:566 - DBG_PHASE_TIMING phase=get_cached_main_window elapsed_ms=0.000 reason_code=cache_reused_without_validation
2026-08-25 22:19:21.911 | DEBUG    | winwatt_automation.live_ui.app_connector:get_cached_main_window:565 - DBG_WINWATT_CACHE_GET reason_code=cache_reused_without_validation payload={'wrapper_type': 'UIAWrapper', 'handle': 396386, 'process_id': 23912, 'title': 'WinWatt gólya', 'class_name': 'TMainForm', 'control_type': 'Window'} last_validation_age_s=8.405999999988126 diagnostic_fast_mode=True
2026-08-25 22:19:21.911 | DEBUG    | winwatt_automation.live_ui.app_connector:get_cached_main_window:566 - DBG_PHASE_TIMING phase=get_cached_main_window elapsed_ms=0.000 reason_code=cache_reused_without_validation
2026-08-25 22:19:21.926 | DEBUG    | winwatt_automation.live_ui.app_connector:get_cached_main_window:565 - DBG_WINWATT_CACHE_GET reason_code=cache_reused_without_validation payload={'wrapper_type': 'UIAWrapper', 'handle': 396386, 'process_id': 23912, 'title': 'WinWatt gólya', 'class_name': 'TMainForm', 'control_type': 'Window'} last_validation_age_s=8.405999999988126 diagnostic_fast_mode=True
2026-08-25 22:19:21.926 | DEBUG    | winwatt_automation.live_ui.app_connector:get_cached_main_window:566 - DBG_PHASE_TIMING phase=get_cached_main_window elapsed_ms=16.000 reason_code=cache_reused_without_validation
2026-08-25 22:19:22.656 | INFO     | winwatt_automation.live_ui.menu_helpers:_menu_items:1101 - DBG_MENU_ITEMS_SUMMARY total_items=16 visible_items=16 topbar_band=(0, 0, 687, 327) topbar_band_visible_count=16 popup_region_visible_count=0 force_refresh=True handle=396386
2026-08-25 22:19:22.656 | DEBUG    | winwatt_automation.live_ui.menu_helpers:_menu_items:1111 - Discovered 16 MenuItem controls
2026-08-25 22:19:22.656 | DEBUG    | winwatt_automation.live_ui.menu_helpers:_log_phase_timing:83 - DBG_PHASE_TIMING phase=_menu_items elapsed_ms=750.000 force_refresh=True total_items=16 visible_items=16
2026-08-25 22:19:22.788 | INFO     | winwatt_automation.live_ui.menu_helpers:list_top_menu_items:1141 - Top-level menu items (raw): ['Rendszer', 'Fájl', 'Jegyzékek', 'Adatbázis...', 'Beállítások', 'Ablak', 'Súgó']
2026-08-25 22:19:22.788 | DEBUG    | winwatt_automation.live_ui.menu_helpers:_log_phase_timing:83 - DBG_PHASE_TIMING phase=list_top_menu_items elapsed_ms=875.000 count=7
2026-08-25 22:19:22.788 | INFO     | winwatt_automation.runtime_mapping.program_mapper:_open_and_capture_root_menu:1573 - DBG_WINWATT_NORMAL_MENU_OPEN_RESULT state=no_project top_menu=Fájl result_type=child_popup_opened raw_row_count=9 filtered_row_count=9 popup_like_count=9 topbar_like_count=0
2026-08-25 22:19:22.800 | INFO     | winwatt_automation.runtime_mapping.program_mapper:_open_and_capture_root_menu:1583 - DBG_WINWATT_NORMAL_MENU_POPUP_SUMMARY state=no_project top_menu=Fájl depth=1 rows=9 popup_like_count=9 topbar_like_count=0
2026-08-25 22:19:22.800 | INFO     | winwatt_automation.runtime_mapping.program_mapper:_build_menu_rows_from_popup_rows:1040 - DBG_MENU_BUILD_INPUT_ROW state=no_project top_menu=Fájl row_index=0 text='Végrehajtás' rectangle={'left': 4, 'top': 56, 'right': 687, 'bottom': 84} topbar_like=False popup_like=True source_scope=main_window fragments=0
2026-08-25 22:19:22.800 | DEBUG    | winwatt_automation.runtime_mapping.program_mapper:_build_menu_rows_from_popup_rows:1087 - RAW_MENU_TITLE="Végrehajtás" NORMALIZED_MENU_TITLE="végrehajtás"
2026-08-25 22:19:22.800 | INFO     | winwatt_automation.runtime_mapping.program_mapper:_build_menu_rows_from_popup_rows:1200 - DBG_WINWATT_NORMAL_MENU_ROW state=no_project top_menu=Fájl row_index=0 text='Végrehajtás' normalized_text=végrehajtás source_scope=main_window separator=False enabled_guess=True rectangle={'left': 4, 'top': 56, 'right': 687, 'bottom': 84} depth=1
2026-08-25 22:19:22.800 | INFO     | winwatt_automation.runtime_mapping.program_mapper:_build_menu_rows_from_popup_rows:1040 - DBG_MENU_BUILD_INPUT_ROW state=no_project top_menu=Fájl row_index=1 text='Végrehajtás' rectangle={'left': 4, 'top': 84, 'right': 687, 'bottom': 112} topbar_like=False popup_like=True source_scope=main_window fragments=0
2026-08-25 22:19:22.800 | DEBUG    | winwatt_automation.runtime_mapping.program_mapper:_build_menu_rows_from_popup_rows:1087 - RAW_MENU_TITLE="Végrehajtás" NORMALIZED_MENU_TITLE="végrehajtás"
2026-08-25 22:19:22.800 | INFO     | winwatt_automation.runtime_mapping.program_mapper:_build_menu_rows_from_popup_rows:1200 - DBG_WINWATT_NORMAL_MENU_ROW state=no_project top_menu=Fájl row_index=1 text='Végrehajtás' normalized_text=végrehajtás source_scope=main_window separator=False enabled_guess=True rectangle={'left': 4, 'top': 84, 'right': 687, 'bottom': 112} depth=1
2026-08-25 22:19:22.800 | INFO     | winwatt_automation.runtime_mapping.program_mapper:_build_menu_rows_from_popup_rows:1040 - DBG_MENU_BUILD_INPUT_ROW state=no_project top_menu=Fájl row_index=2 text='' rectangle={'left': 4, 'top': 111, 'right': 687, 'bottom': 139} topbar_like=False popup_like=True source_scope=main_window fragments=0
2026-08-25 22:19:22.800 | WARNING  | winwatt_automation.runtime_mapping.program_mapper:_resolve_row_text_with_fallback:687 - TEXT_EXTRACTION_FAILED row_index=2 source_scope=main_window fragment_count=0 rectangle={'left': 4, 'top': 111, 'right': 687, 'bottom': 139}
2026-08-25 22:19:22.800 | DEBUG    | winwatt_automation.runtime_mapping.program_mapper:_build_menu_rows_from_popup_rows:1087 - RAW_MENU_TITLE="" NORMALIZED_MENU_TITLE=""
2026-08-25 22:19:22.800 | INFO     | winwatt_automation.runtime_mapping.program_mapper:_build_menu_rows_from_popup_rows:1100 - DBG_WINWATT_EMPTY_NORMALIZED_MENU_TITLE row_index=2 raw_text= normalized_text= is_separator=False source_scope=main_window control_type=MenuItem class_name= rectangle={'left': 4, 'top': 111, 'right': 687, 'bottom': 139} fragment_count=0 fragment_texts=[]
2026-08-25 22:19:22.800 | INFO     | winwatt_automation.runtime_mapping.program_mapper:_build_menu_rows_from_popup_rows:1145 - REPLACED_EMPTY_POPUP_ROW_WITH_PLACEHOLDER row_index=02
2026-08-25 22:19:22.800 | INFO     | winwatt_automation.runtime_mapping.program_mapper:_build_menu_rows_from_popup_rows:1149 - GEOM_PLACEHOLDER_CREATED row_index=02 rect={'left': 4, 'top': 111, 'right': 687, 'bottom': 139} popup_reason=below_topbar_band
2026-08-25 22:19:22.800 | INFO     | winwatt_automation.runtime_mapping.program_mapper:_build_menu_rows_from_popup_rows:1200 - DBG_WINWATT_NORMAL_MENU_ROW state=no_project top_menu=Fájl row_index=2 text='[unlabeled row 2]' normalized_text=[unlabeled row 2] source_scope=main_window separator=False enabled_guess=False rectangle={'left': 4, 'top': 111, 'right': 687, 'bottom': 139} depth=1
2026-08-25 22:19:22.800 | INFO     | winwatt_automation.runtime_mapping.program_mapper:_build_menu_rows_from_popup_rows:1040 - DBG_MENU_BUILD_INPUT_ROW state=no_project top_menu=Fájl row_index=3 text='' rectangle={'left': 4, 'top': 139, 'right': 687, 'bottom': 167} topbar_like=False popup_like=True source_scope=main_window fragments=0
2026-08-25 22:19:22.800 | WARNING  | winwatt_automation.runtime_mapping.program_mapper:_resolve_row_text_with_fallback:687 - TEXT_EXTRACTION_FAILED row_index=3 source_scope=main_window fragment_count=0 rectangle={'left': 4, 'top': 139, 'right': 687, 'bottom': 167}
2026-08-25 22:19:22.800 | DEBUG    | winwatt_automation.runtime_mapping.program_mapper:_build_menu_rows_from_popup_rows:1087 - RAW_MENU_TITLE="" NORMALIZED_MENU_TITLE=""
2026-08-25 22:19:22.800 | INFO     | winwatt_automation.runtime_mapping.program_mapper:_build_menu_rows_from_popup_rows:1100 - DBG_WINWATT_EMPTY_NORMALIZED_MENU_TITLE row_index=3 raw_text= normalized_text= is_separator=False source_scope=main_window control_type=MenuItem class_name= rectangle={'left': 4, 'top': 139, 'right': 687, 'bottom': 167} fragment_count=0 fragment_texts=[]
2026-08-25 22:19:22.800 | INFO     | winwatt_automation.runtime_mapping.program_mapper:_build_menu_rows_from_popup_rows:1145 - REPLACED_EMPTY_POPUP_ROW_WITH_PLACEHOLDER row_index=03
2026-08-25 22:19:22.800 | INFO     | winwatt_automation.runtime_mapping.program_mapper:_build_menu_rows_from_popup_rows:1149 - GEOM_PLACEHOLDER_CREATED row_index=03 rect={'left': 4, 'top': 139, 'right': 687, 'bottom': 167} popup_reason=below_topbar_band
2026-08-25 22:19:22.800 | INFO     | winwatt_automation.runtime_mapping.program_mapper:_build_menu_rows_from_popup_rows:1200 - DBG_WINWATT_NORMAL_MENU_ROW state=no_project top_menu=Fájl row_index=3 text='[unlabeled row 3]' normalized_text=[unlabeled row 3] source_scope=main_window separator=False enabled_guess=False rectangle={'left': 4, 'top': 139, 'right': 687, 'bottom': 167} depth=1
2026-08-25 22:19:22.800 | INFO     | winwatt_automation.runtime_mapping.program_mapper:_build_menu_rows_from_popup_rows:1040 - DBG_MENU_BUILD_INPUT_ROW state=no_project top_menu=Fájl row_index=4 text='Végrehajtás' rectangle={'left': 4, 'top': 166, 'right': 687, 'bottom': 194} topbar_like=False popup_like=True source_scope=main_window fragments=0
2026-08-25 22:19:22.800 | DEBUG    | winwatt_automation.runtime_mapping.program_mapper:_build_menu_rows_from_popup_rows:1087 - RAW_MENU_TITLE="Végrehajtás" NORMALIZED_MENU_TITLE="végrehajtás"
2026-08-25 22:19:22.800 | INFO     | winwatt_automation.runtime_mapping.program_mapper:_build_menu_rows_from_popup_rows:1200 - DBG_WINWATT_NORMAL_MENU_ROW state=no_project top_menu=Fájl row_index=4 text='Végrehajtás' normalized_text=végrehajtás source_scope=main_window separator=False enabled_guess=True rectangle={'left': 4, 'top': 166, 'right': 687, 'bottom': 194} depth=1
2026-08-25 22:19:22.800 | INFO     | winwatt_automation.runtime_mapping.program_mapper:_build_menu_rows_from_popup_rows:1040 - DBG_MENU_BUILD_INPUT_ROW state=no_project top_menu=Fájl row_index=5 text='' rectangle={'left': 4, 'top': 201, 'right': 687, 'bottom': 229} topbar_like=False popup_like=True source_scope=main_window fragments=0
2026-08-25 22:19:22.800 | WARNING  | winwatt_automation.runtime_mapping.program_mapper:_resolve_row_text_with_fallback:687 - TEXT_EXTRACTION_FAILED row_index=5 source_scope=main_window fragment_count=0 rectangle={'left': 4, 'top': 201, 'right': 687, 'bottom': 229}
2026-08-25 22:19:22.800 | DEBUG    | winwatt_automation.runtime_mapping.program_mapper:_build_menu_rows_from_popup_rows:1087 - RAW_MENU_TITLE="" NORMALIZED_MENU_TITLE=""
2026-08-25 22:19:22.800 | INFO     | winwatt_automation.runtime_mapping.program_mapper:_build_menu_rows_from_popup_rows:1100 - DBG_WINWATT_EMPTY_NORMALIZED_MENU_TITLE row_index=5 raw_text= normalized_text= is_separator=False source_scope=main_window control_type=MenuItem class_name= rectangle={'left': 4, 'top': 201, 'right': 687, 'bottom': 229} fragment_count=0 fragment_texts=[]
2026-08-25 22:19:22.800 | INFO     | winwatt_automation.runtime_mapping.program_mapper:_build_menu_rows_from_popup_rows:1145 - REPLACED_EMPTY_POPUP_ROW_WITH_PLACEHOLDER row_index=05
2026-08-25 22:19:22.800 | INFO     | winwatt_automation.runtime_mapping.program_mapper:_build_menu_rows_from_popup_rows:1149 - GEOM_PLACEHOLDER_CREATED row_index=05 rect={'left': 4, 'top': 201, 'right': 687, 'bottom': 229} popup_reason=below_topbar_band
2026-08-25 22:19:22.800 | INFO     | winwatt_automation.runtime_mapping.program_mapper:_build_menu_rows_from_popup_rows:1200 - DBG_WINWATT_NORMAL_MENU_ROW state=no_project top_menu=Fájl row_index=5 text='[unlabeled row 5]' normalized_text=[unlabeled row 5] source_scope=main_window separator=False enabled_guess=False rectangle={'left': 4, 'top': 201, 'right': 687, 'bottom': 229} depth=1
2026-08-25 22:19:22.800 | INFO     | winwatt_automation.runtime_mapping.program_mapper:_build_menu_rows_from_popup_rows:1040 - DBG_MENU_BUILD_INPUT_ROW state=no_project top_menu=Fájl row_index=6 text='Végrehajtás' rectangle={'left': 4, 'top': 229, 'right': 687, 'bottom': 257} topbar_like=False popup_like=True source_scope=main_window fragments=0
2026-08-25 22:19:22.800 | DEBUG    | winwatt_automation.runtime_mapping.program_mapper:_build_menu_rows_from_popup_rows:1087 - RAW_MENU_TITLE="Végrehajtás" NORMALIZED_MENU_TITLE="végrehajtás"
2026-08-25 22:19:22.800 | INFO     | winwatt_automation.runtime_mapping.program_mapper:_build_menu_rows_from_popup_rows:1200 - DBG_WINWATT_NORMAL_MENU_ROW state=no_project top_menu=Fájl row_index=6 text='Végrehajtás' normalized_text=végrehajtás source_scope=main_window separator=False enabled_guess=True rectangle={'left': 4, 'top': 229, 'right': 687, 'bottom': 257} depth=1
2026-08-25 22:19:22.800 | INFO     | winwatt_automation.runtime_mapping.program_mapper:_build_menu_rows_from_popup_rows:1040 - DBG_MENU_BUILD_INPUT_ROW state=no_project top_menu=Fájl row_index=7 text='Végrehajtás' rectangle={'left': 4, 'top': 264, 'right': 687, 'bottom': 292} topbar_like=False popup_like=True source_scope=main_window fragments=0
2026-08-25 22:19:22.800 | DEBUG    | winwatt_automation.runtime_mapping.program_mapper:_build_menu_rows_from_popup_rows:1087 - RAW_MENU_TITLE="Végrehajtás" NORMALIZED_MENU_TITLE="végrehajtás"
2026-08-25 22:19:22.800 | INFO     | winwatt_automation.runtime_mapping.program_mapper:_build_menu_rows_from_popup_rows:1200 - DBG_WINWATT_NORMAL_MENU_ROW state=no_project top_menu=Fájl row_index=7 text='Végrehajtás' normalized_text=végrehajtás source_scope=main_window separator=False enabled_guess=True rectangle={'left': 4, 'top': 264, 'right': 687, 'bottom': 292} depth=1
2026-08-25 22:19:22.800 | INFO     | winwatt_automation.runtime_mapping.program_mapper:_build_menu_rows_from_popup_rows:1040 - DBG_MENU_BUILD_INPUT_ROW state=no_project top_menu=Fájl row_index=8 text='Végrehajtás' rectangle={'left': 4, 'top': 299, 'right': 687, 'bottom': 327} topbar_like=False popup_like=True source_scope=main_window fragments=0
2026-08-25 22:19:22.800 | DEBUG    | winwatt_automation.runtime_mapping.program_mapper:_build_menu_rows_from_popup_rows:1087 - RAW_MENU_TITLE="Végrehajtás" NORMALIZED_MENU_TITLE="végrehajtás"
2026-08-25 22:19:22.800 | INFO     | winwatt_automation.runtime_mapping.program_mapper:_build_menu_rows_from_popup_rows:1200 - DBG_WINWATT_NORMAL_MENU_ROW state=no_project top_menu=Fájl row_index=8 text='Végrehajtás' normalized_text=végrehajtás source_scope=main_window separator=False enabled_guess=True rectangle={'left': 4, 'top': 299, 'right': 687, 'bottom': 327} depth=1
2026-08-25 22:19:22.800 | INFO     | winwatt_automation.runtime_mapping.program_mapper:_build_menu_rows_from_popup_rows:1244 - MENU_ROW_BUILD_SUMMARY state=no_project top_menu=Fájl input_rows=9 mapped_rows=9 placeholders=3 filtered_overlap=0 filtered_empty_non_actionable=0 rejected_foreign_rows=0 deduped_rows=0
2026-08-25 22:19:22.800 | DEBUG    | winwatt_automation.runtime_mapping.program_mapper:_log_phase_timing:281 - DBG_PHASE_TIMING phase=_build_menu_rows_from_popup_rows elapsed_ms=0.000 state_id=no_project top_menu=Fájl input_rows=9 mapped_rows=9
2026-08-25 22:19:22.800 | INFO     | winwatt_automation.runtime_mapping.program_mapper:explore_menu_tree:3672 - ACTION_CATALOG_INPUT_SUMMARY state=no_project top_menu=Fájl depth=1 candidate_rows=9 placeholders=3 low_or_none_confidence=3 legacy_text_only=6 unknown_pending=0
2026-08-25 22:19:22.800 | INFO     | winwatt_automation.runtime_mapping.program_mapper:explore_menu_tree:3826 - DBG_SUBTREE_TRAVERSAL_DECISION state=no_project path=['Fájl', 'Végrehajtás'] placeholder=False skipped_by_safety=True reused_from_previous_state=False action_type=unknown source_scope=main_window skip_parent_reopen=False diagnostic_fast_mode=True placeholder_focus_mode=False
2026-08-25 22:19:22.800 | INFO     | winwatt_automation.runtime_mapping.program_mapper:_reopen_parent_popup_rows:2167 - DBG_WINWATT_NORMAL_MENU_REOPEN_PARENT state=no_project top_menu=Fájl parent_path=['Fájl'] cached_popup_path=('fájl',) suppress_placeholder_top_menu_relist=True
2026-08-25 22:19:22.800 | INFO     | winwatt_automation.runtime_mapping.program_mapper:_reopen_parent_popup_rows:2187 - POPUP_OWNERSHIP_CONFIRMED state=no_project top_menu=Fájl normalized_parent=('fájl',) popup_state_path=('fájl',) row_count=9
2026-08-25 22:19:22.800 | DEBUG    | winwatt_automation.runtime_mapping.program_mapper:_log_phase_timing:281 - DBG_PHASE_TIMING phase=reopen_parent_popup_rows elapsed_ms=0.000 strategy=popup_state_reuse row_count=9 parent_path=Fájl
2026-08-25 22:19:22.800 | INFO     | winwatt_automation.runtime_mapping.program_mapper:_activate_row_for_exploration:1275 - DBG_PLACEHOLDER_TRAVERSAL_CANDIDATE path=['Fájl', 'Végrehajtás'] row_index=0 placeholder=False action_type=click source_scope=main_window meta={'popup_block_classification': 'normal_popup', 'recent_projects_block': False, 'recent_project_entry': False, 'stateful_menu_block': False} popup_visible_count=9 topbar_visible_count=0 diagnostic_fast_mode=True
2026-08-25 22:19:22.800 | INFO     | winwatt_automation.runtime_mapping.program_mapper:_activate_row_for_exploration:1292 - DBG_PLACEHOLDER_TRAVERSAL_DECISION path=['Fájl', 'Végrehajtás'] decision=click_structured_row action_type=click source_scope=main_window popup_visible_count=9 popup_rows_count=9 meta_source=main_window click_strategy=None
2026-08-25 22:19:22.800 | DEBUG    | winwatt_automation.live_ui.app_connector:get_cached_main_window:565 - DBG_WINWATT_CACHE_GET reason_code=cache_reused_without_validation payload={'wrapper_type': 'UIAWrapper', 'handle': 396386, 'process_id': 23912, 'title': 'WinWatt gólya', 'class_name': 'TMainForm', 'control_type': 'Window'} last_validation_age_s=9.296999999991385 diagnostic_fast_mode=True
2026-08-25 22:19:22.800 | DEBUG    | winwatt_automation.live_ui.app_connector:get_cached_main_window:566 - DBG_PHASE_TIMING phase=get_cached_main_window elapsed_ms=0.000 reason_code=cache_reused_without_validation
2026-08-25 22:19:22.800 | INFO     | winwatt_automation.live_ui.app_connector:ensure_main_window_foreground_before_click:1179 - DBG_WINWATT_FOCUS_GUARD_PRECHECK action_label=click_structured_popup_row[0] wrapper_type=UIAWrapper cached_handle=396386 cached_pid=23912 cached_title=WinWatt gólya cached_class=TMainForm precheck_exists=False precheck_visible=True precheck_enabled=True rect={'left': -10, 'top': -10, 'right': 1930, 'bottom': 1030, 'width': 1940, 'height': 1040}
2026-08-25 22:19:22.880 | DEBUG    | winwatt_automation.live_ui.app_connector:list_candidate_windows:180 - Discovered 1 WinWatt-like windows on backend=win32
2026-08-25 22:19:22.880 | DEBUG    | winwatt_automation.live_ui.app_connector:list_candidate_windows:182 - Candidate[win32]: {'title': 'WinWatt gólya', 'window_text': 'WinWatt gólya', 'class_name': 'TMainForm', 'control_type': None, 'process_id': 23912, 'handle': None, 'is_visible': True, 'is_enabled': True, 'rectangle': {'left': -10, 'top': -10, 'right': 1930, 'bottom': 1030, 'width': 1940, 'height': 1040}, 'size': {'width': 1940, 'height': 1040}}
2026-08-25 22:19:22.880 | INFO     | winwatt_automation.live_ui.app_connector:_connect_with_win32_handle:276 - DBG_WINWATT_CONNECT_WIN32_CANDIDATES locator=backend=win32 ranked_candidates=[{'rank': 1, 'score': (1, 1, 1, 1, 2017600), 'process_id': 23912, 'handle': None, 'class_name': 'TMainForm', 'title': 'WinWatt gólya', 'visible': True, 'enabled': True}]
2026-08-25 22:19:22.895 | INFO     | winwatt_automation.live_ui.app_connector:select_main_window:224 - Candidate ranking score=(1, 1, 1, 1, 2017600) data={'title': 'WinWatt gólya', 'window_text': 'WinWatt gólya', 'class_name': 'TMainForm', 'control_type': None, 'process_id': 23912, 'handle': None, 'is_visible': True, 'is_enabled': True, 'rectangle': {'left': -10, 'top': -10, 'right': 1930, 'bottom': 1030, 'width': 1940, 'height': 1040}, 'size': {'width': 1940, 'height': 1040}}
2026-08-25 22:19:22.895 | INFO     | winwatt_automation.live_ui.app_connector:select_main_window:234 - Selected main window process_id=23912 handle=None score=(1, 1, 1, 1, 2017600) reasons=['has_process_id=True', 'has_handle=False', 'visible=True', 'enabled=True', 'title_has_winwatt=True', 'area=2017600']
2026-08-25 22:19:22.895 | INFO     | winwatt_automation.live_ui.app_connector:_connect_with_win32_handle:293 - DBG_WINWATT_CONNECT_WIN32_SELECTED selected_payload={'title': 'WinWatt gólya', 'window_text': 'WinWatt gólya', 'class_name': 'TMainForm', 'control_type': None, 'process_id': 23912, 'handle': None, 'is_visible': True, 'is_enabled': True, 'rectangle': {'left': -10, 'top': -10, 'right': 1930, 'bottom': 1030, 'width': 1940, 'height': 1040}, 'size': {'width': 1940, 'height': 1040}} selected_handle_is_none=True
2026-08-25 22:19:22.896 | INFO     | winwatt_automation.live_ui.app_connector:_connect_with_win32_handle:336 - Connected to WinWatt backend=win32 attach_mode=process candidate={'process_id': 23912, 'handle': None, 'class_name': 'TMainForm', 'title': 'WinWatt gólya'}
2026-08-25 22:19:22.896 | INFO     | winwatt_automation.live_ui.app_connector:_connect_with_win32_handle:350 - DBG_WINWATT_CONNECT_WIN32_RESOLVED process_id=23912 resolved_handle=None selected_payload={'title': 'WinWatt gólya', 'window_text': 'WinWatt gólya', 'class_name': 'TMainForm', 'control_type': None, 'process_id': 23912, 'handle': None, 'is_visible': True, 'is_enabled': True, 'rectangle': {'left': -10, 'top': -10, 'right': 1930, 'bottom': 1030, 'width': 1940, 'height': 1040}, 'size': {'width': 1940, 'height': 1040}}
2026-08-25 22:19:22.896 | INFO     | winwatt_automation.live_ui.app_connector:_resolve_uia_main_window:382 - DBG_WINWATT_RESOLVE_UIA_WIN32_SELECTED selected_payload={'title': 'WinWatt gólya', 'window_text': 'WinWatt gólya', 'class_name': 'TMainForm', 'control_type': None, 'process_id': 23912, 'handle': None, 'is_visible': True, 'is_enabled': True, 'rectangle': {'left': -10, 'top': -10, 'right': 1930, 'bottom': 1030, 'width': 1940, 'height': 1040}, 'size': {'width': 1940, 'height': 1040}}
2026-08-25 22:19:22.896 | INFO     | winwatt_automation.live_ui.app_connector:_resolve_uia_main_window:388 - Connected to WinWatt backend=uia process_id=23912
2026-08-25 22:19:22.896 | INFO     | winwatt_automation.live_ui.app_connector:_resolve_uia_main_window:390 - Resolving main WinWatt window backend=uia class_name=TMainForm title_re=.*WinWatt.*
2026-08-25 22:19:23.165 | INFO     | winwatt_automation.live_ui.app_connector:_resolve_uia_main_window:400 - DBG_WINWATT_RESOLVE_UIA_PRIMARY selected_payload={'title': 'WinWatt gólya', 'window_text': 'WinWatt gólya', 'class_name': 'TMainForm', 'control_type': None, 'process_id': 23912, 'handle': None, 'is_visible': True, 'is_enabled': True, 'rectangle': {'left': -10, 'top': -10, 'right': 1930, 'bottom': 1030, 'width': 1940, 'height': 1040}, 'size': {'width': 1940, 'height': 1040}} primary_result={'wrapper_type': 'UIAWrapper', 'handle': 396386, 'process_id': 23912, 'title': 'WinWatt gólya', 'class_name': 'TMainForm', 'control_type': 'Window'} identity_match_with_win32=None
2026-08-25 22:19:23.165 | WARNING  | winwatt_automation.live_ui.app_connector:ensure_main_window_foreground_before_click:1216 - DBG_WINWATT_FOCUS_GUARD_STALE_REFRESH_CONTINUE action_label=click_structured_popup_row[0] reason=stale_wrapper_relaxed_foreground_identity_pass relaxed_pass=True relaxed_pass_reason=identity_foreground_visible_enabled_match cached_identity={'wrapper_type': 'UIAWrapper', 'handle': 396386, 'process_id': 23912, 'title': 'WinWatt gólya', 'class_name': 'TMainForm', 'control_type': 'Window'} refreshed_identity={'wrapper_type': 'UIAWrapper', 'handle': 396386, 'process_id': 23912, 'title': 'WinWatt gólya', 'class_name': 'TMainForm', 'control_type': 'Window'} cached_rect={'left': -10, 'top': -10, 'right': 1930, 'bottom': 1030, 'width': 1940, 'height': 1040} refreshed_rect={'left': -10, 'top': -10, 'right': 1930, 'bottom': 1030, 'width': 1940, 'height': 1040} foreground={'handle': 396386, 'title': 'WinWatt gólya', 'class_name': 'TMainForm', 'process_id': 23912}
2026-08-25 22:19:23.180 | INFO     | winwatt_automation.live_ui.app_connector:is_winwatt_foreground_context:1123 - DBG_WINWATT_FOREGROUND_CONTEXT expected_handle=396386 expected_process_id=23912 expected_title=WinWatt gólya expected_class_name=TMainForm actual_foreground_handle=396386 actual_foreground_process_id=23912 actual_foreground_title=WinWatt gólya actual_foreground_class_name=TMainForm allow_dialog=True result_reason=handle_match
2026-08-25 22:19:23.183 | INFO     | winwatt_automation.live_ui.app_connector:ensure_main_window_foreground_before_click:1340 - DBG_WINWATT_FOCUS_GUARD_RESULT action_label=click_structured_popup_row[0] status=focus_ok reason=handle_match foreground={'handle': 396386, 'title': 'WinWatt gólya', 'class_name': 'TMainForm', 'process_id': 23912} same_context_as_cached_main=True win32_uia_identity_match=True
2026-08-25 22:19:23.305 | INFO     | winwatt_automation.live_ui.menu_helpers:click_structured_popup_row:2238 - Popup row click: selected row index=0 selected row rectangle={'left': 4, 'top': 56, 'right': 687, 'bottom': 84} top menu clicked more than once=False
2026-08-25 22:19:23.994 | DEBUG    | winwatt_automation.live_ui.app_connector:get_cached_main_window:565 - DBG_WINWATT_CACHE_GET reason_code=cache_reused_without_validation payload={'wrapper_type': 'UIAWrapper', 'handle': 396386, 'process_id': 23912, 'title': 'WinWatt gólya', 'class_name': 'TMainForm', 'control_type': 'Window'} last_validation_age_s=9.796999999991385 diagnostic_fast_mode=True
2026-08-25 22:19:23.994 | DEBUG    | winwatt_automation.live_ui.app_connector:get_cached_main_window:566 - DBG_PHASE_TIMING phase=get_cached_main_window elapsed_ms=687.000 reason_code=cache_reused_without_validation
2026-08-25 22:19:25.107 | DEBUG    | winwatt_automation.live_ui.app_connector:get_cached_main_window:565 - DBG_WINWATT_CACHE_GET reason_code=cache_reused_without_validation payload={'wrapper_type': 'UIAWrapper', 'handle': 396386, 'process_id': 23912, 'title': 'WinWatt gólya', 'class_name': 'TMainForm', 'control_type': 'Window'} last_validation_age_s=11.59299999999348 diagnostic_fast_mode=True
2026-08-25 22:19:25.107 | DEBUG    | winwatt_automation.live_ui.app_connector:get_cached_main_window:566 - DBG_PHASE_TIMING phase=get_cached_main_window elapsed_ms=16.000 reason_code=cache_reused_without_validation
2026-08-25 22:19:25.107 | DEBUG    | winwatt_automation.live_ui.app_connector:get_cached_main_window:565 - DBG_WINWATT_CACHE_GET reason_code=cache_reused_without_validation payload={'wrapper_type': 'UIAWrapper', 'handle': 396386, 'process_id': 23912, 'title': 'WinWatt gólya', 'class_name': 'TMainForm', 'control_type': 'Window'} last_validation_age_s=11.60899999999674 diagnostic_fast_mode=True
2026-08-25 22:19:25.107 | DEBUG    | winwatt_automation.live_ui.app_connector:get_cached_main_window:566 - DBG_PHASE_TIMING phase=get_cached_main_window elapsed_ms=0.000 reason_code=cache_reused_without_validation
2026-08-25 22:19:25.315 | INFO     | winwatt_automation.live_ui.menu_helpers:_menu_items:1101 - DBG_MENU_ITEMS_SUMMARY total_items=7 visible_items=7 topbar_band=(0, 0, 409, 53) topbar_band_visible_count=7 popup_region_visible_count=0 force_refresh=False handle=396386
2026-08-25 22:19:25.315 | DEBUG    | winwatt_automation.live_ui.menu_helpers:_menu_items:1111 - Discovered 7 MenuItem controls
2026-08-25 22:19:25.315 | DEBUG    | winwatt_automation.live_ui.menu_helpers:_log_phase_timing:83 - DBG_PHASE_TIMING phase=_menu_items elapsed_ms=219.000 force_refresh=False total_items=7 visible_items=7
2026-08-25 22:19:25.315 | DEBUG    | winwatt_automation.live_ui.menu_helpers:_log_popup_fragment:499 - DBG_MENU_FRAGMENT_MAIN_WINDOW source_scope=main_window control_type=MenuItem class_name= text='Rendszer' rectangle={'left': 0, 'top': 0, 'right': 28, 'bottom': 28} center=(14, 14) process_id=23912 native_handle=None topbar_candidate=True popup_candidate=False
2026-08-25 22:19:25.315 | DEBUG    | winwatt_automation.live_ui.menu_helpers:_log_popup_fragment:499 - DBG_MENU_FRAGMENT_MAIN_WINDOW source_scope=main_window control_type=MenuItem class_name= text='Fájl' rectangle={'left': 0, 'top': 29, 'right': 40, 'bottom': 53} center=(20, 41) process_id=23912 native_handle=None topbar_candidate=True popup_candidate=False
2026-08-25 22:19:25.315 | DEBUG    | winwatt_automation.live_ui.menu_helpers:_log_popup_fragment:499 - DBG_MENU_FRAGMENT_MAIN_WINDOW source_scope=main_window control_type=MenuItem class_name= text='Jegyzékek' rectangle={'left': 40, 'top': 29, 'right': 123, 'bottom': 53} center=(81, 41) process_id=23912 native_handle=None topbar_candidate=True popup_candidate=False
2026-08-25 22:19:25.315 | DEBUG    | winwatt_automation.live_ui.menu_helpers:_log_popup_fragment:499 - DBG_MENU_FRAGMENT_MAIN_WINDOW source_scope=main_window control_type=MenuItem class_name= text='Adatbázis...' rectangle={'left': 123, 'top': 29, 'right': 216, 'bottom': 53} center=(169, 41) process_id=23912 native_handle=None topbar_candidate=True popup_candidate=False
2026-08-25 22:19:25.315 | DEBUG    | winwatt_automation.live_ui.menu_helpers:_log_popup_fragment:499 - DBG_MENU_FRAGMENT_MAIN_WINDOW source_scope=main_window control_type=MenuItem class_name= text='Beállítások' rectangle={'left': 215, 'top': 29, 'right': 303, 'bottom': 53} center=(259, 41) process_id=23912 native_handle=None topbar_candidate=True popup_candidate=False
2026-08-25 22:19:25.315 | DEBUG    | winwatt_automation.live_ui.menu_helpers:_log_popup_fragment:499 - DBG_MENU_FRAGMENT_MAIN_WINDOW source_scope=main_window control_type=MenuItem class_name= text='Ablak' rectangle={'left': 303, 'top': 29, 'right': 358, 'bottom': 53} center=(330, 41) process_id=23912 native_handle=None topbar_candidate=True popup_candidate=False
2026-08-25 22:19:25.315 | DEBUG    | winwatt_automation.live_ui.menu_helpers:_log_popup_fragment:499 - DBG_MENU_FRAGMENT_MAIN_WINDOW source_scope=main_window control_type=MenuItem class_name= text='Súgó' rectangle={'left': 358, 'top': 29, 'right': 409, 'bottom': 53} center=(383, 41) process_id=23912 native_handle=None topbar_candidate=True popup_candidate=False
2026-08-25 22:19:25.315 | DEBUG    | winwatt_automation.live_ui.menu_helpers:_menu_like_controls_from_main_window:1599 - DBG_MENU_FRAGMENT_SOURCE_SUMMARY source_scope=main_window count=7
2026-08-25 22:19:25.315 | DEBUG    | winwatt_automation.live_ui.app_connector:get_cached_main_window:565 - DBG_WINWATT_CACHE_GET reason_code=cache_reused_without_validation payload={'wrapper_type': 'UIAWrapper', 'handle': 396386, 'process_id': 23912, 'title': 'WinWatt gólya', 'class_name': 'TMainForm', 'control_type': 'Window'} last_validation_age_s=11.812000000005355 diagnostic_fast_mode=True
2026-08-25 22:19:25.315 | DEBUG    | winwatt_automation.live_ui.app_connector:get_cached_main_window:566 - DBG_PHASE_TIMING phase=get_cached_main_window elapsed_ms=0.000 reason_code=cache_reused_without_validation
2026-08-25 22:19:25.315 | DEBUG    | winwatt_automation.live_ui.menu_helpers:capture_menu_popup_snapshot:1682 - DBG_POPUP_ROW_DEDUPE rect={'left': 0, 'top': 0, 'right': 28, 'bottom': 28} normalized_text=rendszer class_name= source_scope=main_window deduplicated=False
2026-08-25 22:19:25.315 | DEBUG    | winwatt_automation.live_ui.menu_helpers:capture_menu_popup_snapshot:1682 - DBG_POPUP_ROW_DEDUPE rect={'left': 0, 'top': 29, 'right': 40, 'bottom': 53} normalized_text=fájl class_name= source_scope=main_window deduplicated=False
2026-08-25 22:19:25.315 | DEBUG    | winwatt_automation.live_ui.menu_helpers:capture_menu_popup_snapshot:1682 - DBG_POPUP_ROW_DEDUPE rect={'left': 40, 'top': 29, 'right': 123, 'bottom': 53} normalized_text=jegyzékek class_name= source_scope=main_window deduplicated=False
2026-08-25 22:19:25.315 | DEBUG    | winwatt_automation.live_ui.menu_helpers:capture_menu_popup_snapshot:1682 - DBG_POPUP_ROW_DEDUPE rect={'left': 123, 'top': 29, 'right': 216, 'bottom': 53} normalized_text=adatbázis... class_name= source_scope=main_window deduplicated=False
2026-08-25 22:19:25.315 | DEBUG    | winwatt_automation.live_ui.menu_helpers:capture_menu_popup_snapshot:1682 - DBG_POPUP_ROW_DEDUPE rect={'left': 215, 'top': 29, 'right': 303, 'bottom': 53} normalized_text=beállítások class_name= source_scope=main_window deduplicated=False
2026-08-25 22:19:25.315 | DEBUG    | winwatt_automation.live_ui.menu_helpers:capture_menu_popup_snapshot:1682 - DBG_POPUP_ROW_DEDUPE rect={'left': 303, 'top': 29, 'right': 358, 'bottom': 53} normalized_text=ablak class_name= source_scope=main_window deduplicated=False
2026-08-25 22:19:25.315 | DEBUG    | winwatt_automation.live_ui.menu_helpers:capture_menu_popup_snapshot:1682 - DBG_POPUP_ROW_DEDUPE rect={'left': 358, 'top': 29, 'right': 409, 'bottom': 53} normalized_text=súgó class_name= source_scope=main_window deduplicated=False
2026-08-25 22:19:25.315 | INFO     | winwatt_automation.live_ui.menu_helpers:capture_menu_popup_snapshot:1724 - POPUP_SNAPSHOT_SUMMARY main_window_fragments=7 global_scan_fragments=0 deduped_fragments=7 topbar_like=6 popup_like=0 empty_text=0 topbar_band=(0, 29, 409, 53) empty_text_vertical_cluster_detected=False accepted_popup_rows=0 popup_heuristic=candidate_count_below_threshold
2026-08-25 22:19:25.315 | DEBUG    | winwatt_automation.live_ui.menu_helpers:capture_menu_popup_snapshot:1737 - Captured menu snapshot rows=7
2026-08-25 22:19:25.315 | DEBUG    | winwatt_automation.live_ui.menu_helpers:_log_phase_timing:83 - DBG_PHASE_TIMING phase=capture_menu_popup_snapshot elapsed_ms=2015.000 main_rows=7 global_rows=0 unique_rows=7 diagnostic_fast_mode=True
2026-08-25 22:19:25.315 | INFO     | winwatt_automation.runtime_mapping.program_mapper:explore_menu_tree:3897 - DBG_POST_ACTION_POPUP_VISIBILITY state=no_project path=['Fájl', 'Végrehajtás'] popup_visible_count=0 topbar_visible_count=6 snapshot_rows=7 placeholder=False
2026-08-25 22:19:25.315 | DEBUG    | winwatt_automation.runtime_mapping.menu_text:normalize_menu_title:31 - normalize_menu_title ellipsis_handled raw="Adatbázis..." normalized="adatbázis"
2026-08-25 22:19:25.315 | INFO     | winwatt_automation.runtime_mapping.program_mapper:_safe_depth_decision:1721 - SAFE_DEPTH_BLOCKED state=no_project path=['Fájl', 'Végrehajtás'] current_depth=1 max_depth=2 action_state_classification=executes_command reason=non_submenu_branch
2026-08-25 22:19:25.329 | DEBUG    | winwatt_automation.runtime_mapping.program_mapper:_row_to_node:812 - RAW_MENU_TITLE="Végrehajtás" NORMALIZED_MENU_TITLE="végrehajtás"
2026-08-25 22:19:25.329 | DEBUG    | winwatt_automation.runtime_mapping.program_mapper:_row_to_node:875 - _row_to_node state=no_project top_menu=Fájl level=1 index=0 title=Végrehajtás placeholder=False classification=skipped_by_safety
2026-08-25 22:19:25.330 | DEBUG    | winwatt_automation.runtime_mapping.program_mapper:_log_phase_timing:281 - DBG_PHASE_TIMING phase=_row_to_node elapsed_ms=0.000 top_menu=Fájl level=1 index=0 title=Végrehajtás placeholder=False
2026-08-25 22:19:25.330 | DEBUG    | winwatt_automation.live_ui.app_connector:get_cached_main_window:565 - DBG_WINWATT_CACHE_GET reason_code=cache_reused_without_validation payload={'wrapper_type': 'UIAWrapper', 'handle': 396386, 'process_id': 23912, 'title': 'WinWatt gólya', 'class_name': 'TMainForm', 'control_type': 'Window'} last_validation_age_s=11.827999999979511 diagnostic_fast_mode=True
2026-08-25 22:19:25.330 | DEBUG    | winwatt_automation.live_ui.app_connector:get_cached_main_window:566 - DBG_PHASE_TIMING phase=get_cached_main_window elapsed_ms=0.000 reason_code=cache_reused_without_validation
2026-08-25 22:19:25.515 | DEBUG    | winwatt_automation.live_ui.app_connector:get_cached_main_window:565 - DBG_WINWATT_CACHE_GET reason_code=cache_reused_without_validation payload={'wrapper_type': 'UIAWrapper', 'handle': 396386, 'process_id': 23912, 'title': 'WinWatt gólya', 'class_name': 'TMainForm', 'control_type': 'Window'} last_validation_age_s=12.0 diagnostic_fast_mode=True
2026-08-25 22:19:25.515 | DEBUG    | winwatt_automation.live_ui.app_connector:get_cached_main_window:566 - DBG_PHASE_TIMING phase=get_cached_main_window elapsed_ms=15.000 reason_code=cache_reused_without_validation
2026-08-25 22:19:25.518 | DEBUG    | winwatt_automation.live_ui.app_connector:get_cached_main_window:565 - DBG_WINWATT_CACHE_GET reason_code=cache_reused_without_validation payload={'wrapper_type': 'UIAWrapper', 'handle': 396386, 'process_id': 23912, 'title': 'WinWatt gólya', 'class_name': 'TMainForm', 'control_type': 'Window'} last_validation_age_s=12.014999999984866 diagnostic_fast_mode=True
2026-08-25 22:19:25.518 | DEBUG    | winwatt_automation.live_ui.app_connector:get_cached_main_window:566 - DBG_PHASE_TIMING phase=get_cached_main_window elapsed_ms=0.000 reason_code=cache_reused_without_validation
2026-08-25 22:19:25.902 | INFO     | winwatt_automation.live_ui.menu_helpers:_menu_items:1101 - DBG_MENU_ITEMS_SUMMARY total_items=7 visible_items=7 topbar_band=(0, 0, 409, 53) topbar_band_visible_count=7 popup_region_visible_count=0 force_refresh=True handle=396386
2026-08-25 22:19:25.902 | DEBUG    | winwatt_automation.live_ui.menu_helpers:_menu_items:1111 - Discovered 7 MenuItem controls
2026-08-25 22:19:25.902 | DEBUG    | winwatt_automation.live_ui.menu_helpers:_log_phase_timing:83 - DBG_PHASE_TIMING phase=_menu_items elapsed_ms=390.000 force_refresh=True total_items=7 visible_items=7
2026-08-25 22:19:25.933 | INFO     | winwatt_automation.live_ui.menu_helpers:list_top_menu_items:1141 - Top-level menu items (raw): ['Rendszer', 'Fájl', 'Jegyzékek', 'Adatbázis...', 'Beállítások', 'Ablak', 'Súgó']
2026-08-25 22:19:25.933 | DEBUG    | winwatt_automation.live_ui.menu_helpers:_log_phase_timing:83 - DBG_PHASE_TIMING phase=list_top_menu_items elapsed_ms=422.000 count=7
2026-08-25 22:19:25.933 | INFO     | winwatt_automation.runtime_mapping.program_mapper:_evaluate_action_admission:1969 - ACTION_ADMISSION_REJECTED top_menu=Fájl path=['Fájl', 'Végrehajtás'] traversal_depth=1 reason=legacy_text_only_without_interaction_evidence classification=executes_command result_type=no_observable_effect placeholder=False text_confidence=medium raw_text_sources=['legacy_text'] skip_reason=None
2026-08-25 22:19:25.933 | INFO     | winwatt_automation.runtime_mapping.program_mapper:_evaluate_action_admission:1982 - ACTION_STRUCTURE_ONLY_ROW top_menu=Fájl path=['Fájl', 'Végrehajtás'] traversal_depth=1 reason=legacy_text_only_without_interaction_evidence
2026-08-25 22:19:25.949 | DEBUG    | winwatt_automation.live_ui.app_connector:get_cached_main_window:565 - DBG_WINWATT_CACHE_GET reason_code=cache_reused_without_validation payload={'wrapper_type': 'UIAWrapper', 'handle': 396386, 'process_id': 23912, 'title': 'WinWatt gólya', 'class_name': 'TMainForm', 'control_type': 'Window'} last_validation_age_s=12.421999999991385 diagnostic_fast_mode=True
2026-08-25 22:19:25.949 | DEBUG    | winwatt_automation.live_ui.app_connector:get_cached_main_window:566 - DBG_PHASE_TIMING phase=get_cached_main_window elapsed_ms=15.000 reason_code=cache_reused_without_validation
2026-08-25 22:19:26.124 | DEBUG    | winwatt_automation.live_ui.app_connector:get_cached_main_window:565 - DBG_WINWATT_CACHE_GET reason_code=cache_reused_without_validation payload={'wrapper_type': 'UIAWrapper', 'handle': 396386, 'process_id': 23912, 'title': 'WinWatt gólya', 'class_name': 'TMainForm', 'control_type': 'Window'} last_validation_age_s=12.60899999999674 diagnostic_fast_mode=True
2026-08-25 22:19:26.124 | DEBUG    | winwatt_automation.live_ui.app_connector:get_cached_main_window:566 - DBG_PHASE_TIMING phase=get_cached_main_window elapsed_ms=16.000 reason_code=cache_reused_without_validation
2026-08-25 22:19:26.124 | DEBUG    | winwatt_automation.live_ui.app_connector:get_cached_main_window:565 - DBG_WINWATT_CACHE_GET reason_code=cache_reused_without_validation payload={'wrapper_type': 'UIAWrapper', 'handle': 396386, 'process_id': 23912, 'title': 'WinWatt gólya', 'class_name': 'TMainForm', 'control_type': 'Window'} last_validation_age_s=12.625 diagnostic_fast_mode=True
2026-08-25 22:19:26.124 | DEBUG    | winwatt_automation.live_ui.app_connector:get_cached_main_window:566 - DBG_PHASE_TIMING phase=get_cached_main_window elapsed_ms=0.000 reason_code=cache_reused_without_validation
2026-08-25 22:19:26.566 | INFO     | winwatt_automation.live_ui.menu_helpers:_menu_items:1101 - DBG_MENU_ITEMS_SUMMARY total_items=7 visible_items=7 topbar_band=(0, 0, 409, 53) topbar_band_visible_count=7 popup_region_visible_count=0 force_refresh=True handle=396386
2026-08-25 22:19:26.566 | DEBUG    | winwatt_automation.live_ui.menu_helpers:_menu_items:1111 - Discovered 7 MenuItem controls
2026-08-25 22:19:26.566 | DEBUG    | winwatt_automation.live_ui.menu_helpers:_log_phase_timing:83 - DBG_PHASE_TIMING phase=_menu_items elapsed_ms=453.000 force_refresh=True total_items=7 visible_items=7
2026-08-25 22:19:26.598 | INFO     | winwatt_automation.live_ui.menu_helpers:list_top_menu_items:1141 - Top-level menu items (raw): ['Rendszer', 'Fájl', 'Jegyzékek', 'Adatbázis...', 'Beállítások', 'Ablak', 'Súgó']
2026-08-25 22:19:26.598 | DEBUG    | winwatt_automation.live_ui.menu_helpers:_log_phase_timing:83 - DBG_PHASE_TIMING phase=list_top_menu_items elapsed_ms=484.000 count=7
2026-08-25 22:19:26.598 | INFO     | winwatt_automation.runtime_mapping.program_mapper:_run_action_evidence_probe:2983 - ACTION_EVIDENCE_PROBE_START state=no_project top_menu=Fájl path=['Fájl', 'Végrehajtás'] row_index=0 rejection_reason=None
2026-08-25 22:19:26.598 | INFO     | winwatt_automation.runtime_mapping.program_mapper:_activate_row_for_exploration:1275 - DBG_PLACEHOLDER_TRAVERSAL_CANDIDATE path=['Fájl', 'Végrehajtás'] row_index=0 placeholder=False action_type=click source_scope=main_window meta={'popup_block_classification': 'normal_popup', 'recent_projects_block': False, 'recent_project_entry': False, 'stateful_menu_block': False, 'action_discovery': {'classification': 'no_observable_effect', 'policy': {'treat_as_navigation': False, 'expand_children': False, 'retry_on_next_pass': False}}} popup_visible_count=9 topbar_visible_count=0 diagnostic_fast_mode=True
2026-08-25 22:19:26.598 | INFO     | winwatt_automation.runtime_mapping.program_mapper:_activate_row_for_exploration:1292 - DBG_PLACEHOLDER_TRAVERSAL_DECISION path=['Fájl', 'Végrehajtás'] decision=click_structured_row action_type=click source_scope=main_window popup_visible_count=9 popup_rows_count=9 meta_source=main_window click_strategy=None
2026-08-25 22:19:26.598 | DEBUG    | winwatt_automation.live_ui.app_connector:get_cached_main_window:565 - DBG_WINWATT_CACHE_GET reason_code=cache_reused_without_validation payload={'wrapper_type': 'UIAWrapper', 'handle': 396386, 'process_id': 23912, 'title': 'WinWatt gólya', 'class_name': 'TMainForm', 'control_type': 'Window'} last_validation_age_s=13.09299999999348 diagnostic_fast_mode=True
2026-08-25 22:19:26.598 | DEBUG    | winwatt_automation.live_ui.app_connector:get_cached_main_window:566 - DBG_PHASE_TIMING phase=get_cached_main_window elapsed_ms=0.000 reason_code=cache_reused_without_validation
2026-08-25 22:19:26.613 | INFO     | winwatt_automation.live_ui.app_connector:ensure_main_window_foreground_before_click:1179 - DBG_WINWATT_FOCUS_GUARD_PRECHECK action_label=click_structured_popup_row[0] wrapper_type=UIAWrapper cached_handle=396386 cached_pid=23912 cached_title=WinWatt gólya cached_class=TMainForm precheck_exists=False precheck_visible=True precheck_enabled=False rect={'left': -10, 'top': -10, 'right': 1930, 'bottom': 1030, 'width': 1940, 'height': 1040}
2026-08-25 22:19:26.613 | ERROR    | winwatt_automation.live_ui.app_connector:ensure_main_window_foreground_before_click:1295 - DBG_WINWATT_FOCUS_GUARD_HARD_FAIL action_label=click_structured_popup_row[0] reason=exists_false identity_reasons=['handle', 'process_id', 'title', 'class_name', 'rect', 'visible'] cached_identity={'wrapper_type': 'UIAWrapper', 'handle': 396386, 'process_id': 23912, 'title': 'WinWatt gólya', 'class_name': 'TMainForm', 'control_type': 'Window'} rect={'left': -10, 'top': -10, 'right': 1930, 'bottom': 1030, 'width': 1940, 'height': 1040} refresh_diagnostic={'action_label': 'click_structured_popup_row[0]', 'cached_identity': {'wrapper_type': 'UIAWrapper', 'handle': 396386, 'process_id': 23912, 'title': 'WinWatt gólya', 'class_name': 'TMainForm', 'control_type': 'Window'}, 'cached_rect': {'left': -10, 'top': -10, 'right': 1930, 'bottom': 1030, 'width': 1940, 'height': 1040}, 'visible': True, 'enabled': False, 'refresh_attempted': False, 'refresh_permitted': True, 'reason': 'cached_window_not_ready'}
2026-08-25 22:19:26.613 | INFO     | winwatt_automation.runtime_mapping.program_mapper:_activate_row_for_exploration:1316 - DBG_WINWATT_STRUCTURED_ROW_CLICK_EXCEPTION exception_class=FocusGuardError exception_message=focus_not_restored: main window no longer exists before action=click_structured_popup_row[0] current_path=['Fájl', 'Végrehajtás'] fallback_to_hover=True popup_rows_count=9
2026-08-25 22:19:26.613 | DEBUG    | winwatt_automation.runtime_mapping.program_mapper:_activate_row_for_exploration:1323 - structured row click failed; fallback to hover path=['Fájl', 'Végrehajtás'] error=focus_not_restored: main window no longer exists before action=click_structured_popup_row[0]
2026-08-25 22:19:26.728 | DEBUG    | winwatt_automation.live_ui.app_connector:get_cached_main_window:565 - DBG_WINWATT_CACHE_GET reason_code=cache_reused_without_validation payload={'wrapper_type': 'UIAWrapper', 'handle': 396386, 'process_id': 23912, 'title': 'WinWatt gólya', 'class_name': 'TMainForm', 'control_type': 'Window'} last_validation_age_s=13.21799999999348 diagnostic_fast_mode=True
2026-08-25 22:19:26.729 | DEBUG    | winwatt_automation.live_ui.app_connector:get_cached_main_window:566 - DBG_PHASE_TIMING phase=get_cached_main_window elapsed_ms=0.000 reason_code=cache_reused_without_validation
2026-08-25 22:19:26.776 | DEBUG    | winwatt_automation.live_ui.app_connector:get_cached_main_window:565 - DBG_WINWATT_CACHE_GET reason_code=cache_reused_without_validation payload={'wrapper_type': 'UIAWrapper', 'handle': 396386, 'process_id': 23912, 'title': 'WinWatt gólya', 'class_name': 'TMainForm', 'control_type': 'Window'} last_validation_age_s=13.264999999984866 diagnostic_fast_mode=True
2026-08-25 22:19:26.776 | DEBUG    | winwatt_automation.live_ui.app_connector:get_cached_main_window:566 - DBG_PHASE_TIMING phase=get_cached_main_window elapsed_ms=0.000 reason_code=cache_reused_without_validation
2026-08-25 22:19:26.785 | DEBUG    | winwatt_automation.live_ui.app_connector:get_cached_main_window:565 - DBG_WINWATT_CACHE_GET reason_code=cache_reused_without_validation payload={'wrapper_type': 'UIAWrapper', 'handle': 396386, 'process_id': 23912, 'title': 'WinWatt gólya', 'class_name': 'TMainForm', 'control_type': 'Window'} last_validation_age_s=13.264999999984866 diagnostic_fast_mode=True
2026-08-25 22:19:26.785 | DEBUG    | winwatt_automation.live_ui.app_connector:get_cached_main_window:566 - DBG_PHASE_TIMING phase=get_cached_main_window elapsed_ms=16.000 reason_code=cache_reused_without_validation
2026-08-25 22:19:26.785 | INFO     | winwatt_automation.live_ui.menu_helpers:_menu_items:1101 - DBG_MENU_ITEMS_SUMMARY total_items=7 visible_items=7 topbar_band=(0, 0, 409, 53) topbar_band_visible_count=7 popup_region_visible_count=0 force_refresh=False handle=396386
2026-08-25 22:19:26.785 | DEBUG    | winwatt_automation.live_ui.menu_helpers:_menu_items:1111 - Discovered 7 MenuItem controls
2026-08-25 22:19:26.785 | DEBUG    | winwatt_automation.live_ui.menu_helpers:_log_phase_timing:83 - DBG_PHASE_TIMING phase=_menu_items elapsed_ms=16.000 force_refresh=False total_items=7 visible_items=7
2026-08-25 22:19:26.785 | DEBUG    | winwatt_automation.live_ui.menu_helpers:_log_popup_fragment:499 - DBG_MENU_FRAGMENT_MAIN_WINDOW source_scope=main_window control_type=MenuItem class_name= text='Rendszer' rectangle={'left': 0, 'top': 0, 'right': 28, 'bottom': 28} center=(14, 14) process_id=23912 native_handle=None topbar_candidate=True popup_candidate=False
2026-08-25 22:19:26.785 | DEBUG    | winwatt_automation.live_ui.menu_helpers:_log_popup_fragment:499 - DBG_MENU_FRAGMENT_MAIN_WINDOW source_scope=main_window control_type=MenuItem class_name= text='Fájl' rectangle={'left': 0, 'top': 29, 'right': 40, 'bottom': 53} center=(20, 41) process_id=23912 native_handle=None topbar_candidate=True popup_candidate=False
2026-08-25 22:19:26.785 | DEBUG    | winwatt_automation.live_ui.menu_helpers:_log_popup_fragment:499 - DBG_MENU_FRAGMENT_MAIN_WINDOW source_scope=main_window control_type=MenuItem class_name= text='Jegyzékek' rectangle={'left': 40, 'top': 29, 'right': 123, 'bottom': 53} center=(81, 41) process_id=23912 native_handle=None topbar_candidate=True popup_candidate=False
2026-08-25 22:19:26.785 | DEBUG    | winwatt_automation.live_ui.menu_helpers:_log_popup_fragment:499 - DBG_MENU_FRAGMENT_MAIN_WINDOW source_scope=main_window control_type=MenuItem class_name= text='Adatbázis...' rectangle={'left': 123, 'top': 29, 'right': 216, 'bottom': 53} center=(169, 41) process_id=23912 native_handle=None topbar_candidate=True popup_candidate=False
2026-08-25 22:19:26.785 | DEBUG    | winwatt_automation.live_ui.menu_helpers:_log_popup_fragment:499 - DBG_MENU_FRAGMENT_MAIN_WINDOW source_scope=main_window control_type=MenuItem class_name= text='Beállítások' rectangle={'left': 215, 'top': 29, 'right': 303, 'bottom': 53} center=(259, 41) process_id=23912 native_handle=None topbar_candidate=True popup_candidate=False
2026-08-25 22:19:26.785 | DEBUG    | winwatt_automation.live_ui.menu_helpers:_log_popup_fragment:499 - DBG_MENU_FRAGMENT_MAIN_WINDOW source_scope=main_window control_type=MenuItem class_name= text='Ablak' rectangle={'left': 303, 'top': 29, 'right': 358, 'bottom': 53} center=(330, 41) process_id=23912 native_handle=None topbar_candidate=True popup_candidate=False
2026-08-25 22:19:26.785 | DEBUG    | winwatt_automation.live_ui.menu_helpers:_log_popup_fragment:499 - DBG_MENU_FRAGMENT_MAIN_WINDOW source_scope=main_window control_type=MenuItem class_name= text='Súgó' rectangle={'left': 358, 'top': 29, 'right': 409, 'bottom': 53} center=(383, 41) process_id=23912 native_handle=None topbar_candidate=True popup_candidate=False
2026-08-25 22:19:26.785 | DEBUG    | winwatt_automation.live_ui.menu_helpers:_menu_like_controls_from_main_window:1599 - DBG_MENU_FRAGMENT_SOURCE_SUMMARY source_scope=main_window count=7
2026-08-25 22:19:26.792 | DEBUG    | winwatt_automation.live_ui.app_connector:get_cached_main_window:565 - DBG_WINWATT_CACHE_GET reason_code=cache_reused_without_validation payload={'wrapper_type': 'UIAWrapper', 'handle': 396386, 'process_id': 23912, 'title': 'WinWatt gólya', 'class_name': 'TMainForm', 'control_type': 'Window'} last_validation_age_s=13.280999999988126 diagnostic_fast_mode=True
2026-08-25 22:19:26.792 | DEBUG    | winwatt_automation.live_ui.app_connector:get_cached_main_window:566 - DBG_PHASE_TIMING phase=get_cached_main_window elapsed_ms=0.000 reason_code=cache_reused_without_validation
2026-08-25 22:19:26.792 | DEBUG    | winwatt_automation.live_ui.menu_helpers:capture_menu_popup_snapshot:1682 - DBG_POPUP_ROW_DEDUPE rect={'left': 0, 'top': 0, 'right': 28, 'bottom': 28} normalized_text=rendszer class_name= source_scope=main_window deduplicated=False
2026-08-25 22:19:26.792 | DEBUG    | winwatt_automation.live_ui.menu_helpers:capture_menu_popup_snapshot:1682 - DBG_POPUP_ROW_DEDUPE rect={'left': 0, 'top': 29, 'right': 40, 'bottom': 53} normalized_text=fájl class_name= source_scope=main_window deduplicated=False
2026-08-25 22:19:26.792 | DEBUG    | winwatt_automation.live_ui.menu_helpers:capture_menu_popup_snapshot:1682 - DBG_POPUP_ROW_DEDUPE rect={'left': 40, 'top': 29, 'right': 123, 'bottom': 53} normalized_text=jegyzékek class_name= source_scope=main_window deduplicated=False
2026-08-25 22:19:26.792 | DEBUG    | winwatt_automation.live_ui.menu_helpers:capture_menu_popup_snapshot:1682 - DBG_POPUP_ROW_DEDUPE rect={'left': 123, 'top': 29, 'right': 216, 'bottom': 53} normalized_text=adatbázis... class_name= source_scope=main_window deduplicated=False
2026-08-25 22:19:26.792 | DEBUG    | winwatt_automation.live_ui.menu_helpers:capture_menu_popup_snapshot:1682 - DBG_POPUP_ROW_DEDUPE rect={'left': 215, 'top': 29, 'right': 303, 'bottom': 53} normalized_text=beállítások class_name= source_scope=main_window deduplicated=False
2026-08-25 22:19:26.792 | DEBUG    | winwatt_automation.live_ui.menu_helpers:capture_menu_popup_snapshot:1682 - DBG_POPUP_ROW_DEDUPE rect={'left': 303, 'top': 29, 'right': 358, 'bottom': 53} normalized_text=ablak class_name= source_scope=main_window deduplicated=False
2026-08-25 22:19:26.792 | DEBUG    | winwatt_automation.live_ui.menu_helpers:capture_menu_popup_snapshot:1682 - DBG_POPUP_ROW_DEDUPE rect={'left': 358, 'top': 29, 'right': 409, 'bottom': 53} normalized_text=súgó class_name= source_scope=main_window deduplicated=False
2026-08-25 22:19:26.792 | INFO     | winwatt_automation.live_ui.menu_helpers:capture_menu_popup_snapshot:1724 - POPUP_SNAPSHOT_SUMMARY main_window_fragments=7 global_scan_fragments=0 deduped_fragments=7 topbar_like=6 popup_like=0 empty_text=0 topbar_band=(0, 29, 409, 53) empty_text_vertical_cluster_detected=False accepted_popup_rows=0 popup_heuristic=candidate_count_below_threshold
2026-08-25 22:19:26.792 | DEBUG    | winwatt_automation.live_ui.menu_helpers:capture_menu_popup_snapshot:1737 - Captured menu snapshot rows=7
2026-08-25 22:19:26.792 | DEBUG    | winwatt_automation.live_ui.menu_helpers:_log_phase_timing:83 - DBG_PHASE_TIMING phase=capture_menu_popup_snapshot elapsed_ms=63.000 main_rows=7 global_rows=0 unique_rows=7 diagnostic_fast_mode=True
2026-08-25 22:19:26.792 | DEBUG    | winwatt_automation.live_ui.app_connector:get_cached_main_window:565 - DBG_WINWATT_CACHE_GET reason_code=cache_reused_without_validation payload={'wrapper_type': 'UIAWrapper', 'handle': 396386, 'process_id': 23912, 'title': 'WinWatt gólya', 'class_name': 'TMainForm', 'control_type': 'Window'} last_validation_age_s=13.280999999988126 diagnostic_fast_mode=True
2026-08-25 22:19:26.792 | DEBUG    | winwatt_automation.live_ui.app_connector:get_cached_main_window:566 - DBG_PHASE_TIMING phase=get_cached_main_window elapsed_ms=0.000 reason_code=cache_reused_without_validation
2026-08-25 22:19:26.966 | DEBUG    | winwatt_automation.live_ui.app_connector:get_cached_main_window:565 - DBG_WINWATT_CACHE_GET reason_code=cache_reused_without_validation payload={'wrapper_type': 'UIAWrapper', 'handle': 396386, 'process_id': 23912, 'title': 'WinWatt gólya', 'class_name': 'TMainForm', 'control_type': 'Window'} last_validation_age_s=13.452999999979511 diagnostic_fast_mode=True
2026-08-25 22:19:26.966 | DEBUG    | winwatt_automation.live_ui.app_connector:get_cached_main_window:566 - DBG_PHASE_TIMING phase=get_cached_main_window elapsed_ms=0.000 reason_code=cache_reused_without_validation
2026-08-25 22:19:26.966 | DEBUG    | winwatt_automation.live_ui.app_connector:get_cached_main_window:565 - DBG_WINWATT_CACHE_GET reason_code=cache_reused_without_validation payload={'wrapper_type': 'UIAWrapper', 'handle': 396386, 'process_id': 23912, 'title': 'WinWatt gólya', 'class_name': 'TMainForm', 'control_type': 'Window'} last_validation_age_s=13.452999999979511 diagnostic_fast_mode=True
2026-08-25 22:19:26.966 | DEBUG    | winwatt_automation.live_ui.app_connector:get_cached_main_window:566 - DBG_PHASE_TIMING phase=get_cached_main_window elapsed_ms=0.000 reason_code=cache_reused_without_validation
2026-08-25 22:19:27.361 | INFO     | winwatt_automation.live_ui.menu_helpers:_menu_items:1101 - DBG_MENU_ITEMS_SUMMARY total_items=7 visible_items=7 topbar_band=(0, 0, 409, 53) topbar_band_visible_count=7 popup_region_visible_count=0 force_refresh=True handle=396386
2026-08-25 22:19:27.361 | DEBUG    | winwatt_automation.live_ui.menu_helpers:_menu_items:1111 - Discovered 7 MenuItem controls
2026-08-25 22:19:27.361 | DEBUG    | winwatt_automation.live_ui.menu_helpers:_log_phase_timing:83 - DBG_PHASE_TIMING phase=_menu_items elapsed_ms=406.000 force_refresh=True total_items=7 visible_items=7
2026-08-25 22:19:27.410 | INFO     | winwatt_automation.live_ui.menu_helpers:list_top_menu_items:1141 - Top-level menu items (raw): ['Rendszer', 'Fájl', 'Jegyzékek', 'Adatbázis...', 'Beállítások', 'Ablak', 'Súgó']
2026-08-25 22:19:27.410 | DEBUG    | winwatt_automation.live_ui.menu_helpers:_log_phase_timing:83 - DBG_PHASE_TIMING phase=list_top_menu_items elapsed_ms=453.000 count=7
2026-08-25 22:19:27.410 | INFO     | winwatt_automation.runtime_mapping.program_mapper:_run_action_evidence_probe:3030 - ACTION_OUTCOME_RECLASSIFIED state=no_project top_menu=Fájl path=['Fájl', 'Végrehajtás'] from=no_visible_change to=dialog_opened
2026-08-25 22:19:27.410 | INFO     | winwatt_automation.runtime_mapping.program_mapper:_run_action_evidence_probe:3031 - ACTION_EVIDENCE_PROBE_RESULT state=no_project top_menu=Fájl path=['Fájl', 'Végrehajtás'] row_index=0 result_type=dialog_opened evidence={'popup_row_count_before': 0, 'visible_item_count_before': 0, 'foreground_title_before': 'Projekt létrehozása', 'foreground_class_before': '#32770', 'main_window_enabled_before': False, 'popup_row_count_after': 7, 'visible_item_count_after': 7, 'foreground_title_after': 'Projekt létrehozása', 'foreground_class_after': '#32770', 'main_window_enabled_after': False, 'new_dialog_detected': True, 'popup_closed': False, 'child_popup_opened': False, 'menu_selection_highlight_changed': True, 'click_exception': None, 'evidence_strength': 'strong', 'placeholder_geometry_signature': None, 'placeholder_geometry_stable': False, 'textual_child_rows_detected': False, 'popup_closed_without_dialog': False, 'popup_closed_with_foreground_change': False, 'focus_changed_without_dialog': False, 'result_type': 'dialog_opened'}
2026-08-25 22:19:27.410 | INFO     | winwatt_automation.runtime_mapping.program_mapper:_evaluate_action_admission:1991 - ACTION_ADMISSION_ACCEPTED top_menu=Fájl path=['Fájl', 'Végrehajtás'] traversal_depth=1 reason=interaction_evidence:dialog_opened classification=executes_command result_type=dialog_opened placeholder=False text_confidence=medium raw_text_sources=['legacy_text'] skip_reason=None
2026-08-25 22:19:27.410 | INFO     | winwatt_automation.runtime_mapping.program_mapper:explore_menu_tree:4155 - ACTION_ADMISSION_ACCEPTED_WITH_PROBE top_menu=Fájl path=['Fájl', 'Végrehajtás'] traversal_depth=1 reason=interaction_evidence:dialog_opened probe_result_type=dialog_opened evidence_strength=strong
2026-08-25 22:19:27.410 | INFO     | winwatt_automation.runtime_mapping.program_mapper:_build_action_catalog_entry:1851 - ACTION_CATALOG_ENTRY state_path=['Fájl', 'Végrehajtás'] entry={'path': ['Fájl', 'Végrehajtás'], 'action_type': 'no_effect', 'action_state_classification': 'executes_command', 'opens_modal': False, 'opens_submenu': False, 'changes_menu_state': False, 'opens_project_and_changes_runtime_state': False, 'traversal_depth': 1, 'treat_as_navigation': False, 'expand_children': False, 'retry_on_next_pass': False}
2026-08-25 22:19:27.410 | DEBUG    | winwatt_automation.runtime_mapping.program_mapper:explore_menu_tree:3701 - visited path skip state=no_project path=('fájl', 'végrehajtás')
2026-08-25 22:19:27.410 | DEBUG    | winwatt_automation.runtime_mapping.program_mapper:_row_to_node:812 - RAW_MENU_TITLE="[unlabeled row 2]" NORMALIZED_MENU_TITLE="[unlabeled row 2]"
2026-08-25 22:19:27.410 | DEBUG    | winwatt_automation.runtime_mapping.program_mapper:_row_to_node:875 - _row_to_node state=no_project top_menu=Fájl level=1 index=2 title=[unlabeled row 2] placeholder=True classification=skipped_by_safety
2026-08-25 22:19:27.410 | DEBUG    | winwatt_automation.runtime_mapping.program_mapper:_log_phase_timing:281 - DBG_PHASE_TIMING phase=_row_to_node elapsed_ms=0.000 top_menu=Fájl level=1 index=2 title=[unlabeled row 2] placeholder=True
2026-08-25 22:19:27.410 | DEBUG    | winwatt_automation.live_ui.app_connector:get_cached_main_window:565 - DBG_WINWATT_CACHE_GET reason_code=cache_reused_without_validation payload={'wrapper_type': 'UIAWrapper', 'handle': 396386, 'process_id': 23912, 'title': 'WinWatt gólya', 'class_name': 'TMainForm', 'control_type': 'Window'} last_validation_age_s=13.905999999988126 diagnostic_fast_mode=True
2026-08-25 22:19:27.410 | DEBUG    | winwatt_automation.live_ui.app_connector:get_cached_main_window:566 - DBG_PHASE_TIMING phase=get_cached_main_window elapsed_ms=0.000 reason_code=cache_reused_without_validation
2026-08-25 22:19:27.600 | DEBUG    | winwatt_automation.live_ui.app_connector:get_cached_main_window:565 - DBG_WINWATT_CACHE_GET reason_code=cache_reused_without_validation payload={'wrapper_type': 'UIAWrapper', 'handle': 396386, 'process_id': 23912, 'title': 'WinWatt gólya', 'class_name': 'TMainForm', 'control_type': 'Window'} last_validation_age_s=14.09299999999348 diagnostic_fast_mode=True
2026-08-25 22:19:27.600 | DEBUG    | winwatt_automation.live_ui.app_connector:get_cached_main_window:566 - DBG_PHASE_TIMING phase=get_cached_main_window elapsed_ms=0.000 reason_code=cache_reused_without_validation
2026-08-25 22:19:27.600 | DEBUG    | winwatt_automation.live_ui.app_connector:get_cached_main_window:565 - DBG_WINWATT_CACHE_GET reason_code=cache_reused_without_validation payload={'wrapper_type': 'UIAWrapper', 'handle': 396386, 'process_id': 23912, 'title': 'WinWatt gólya', 'class_name': 'TMainForm', 'control_type': 'Window'} last_validation_age_s=14.09299999999348 diagnostic_fast_mode=True
2026-08-25 22:19:27.600 | DEBUG    | winwatt_automation.live_ui.app_connector:get_cached_main_window:566 - DBG_PHASE_TIMING phase=get_cached_main_window elapsed_ms=0.000 reason_code=cache_reused_without_validation
2026-08-25 22:19:27.986 | INFO     | winwatt_automation.live_ui.menu_helpers:_menu_items:1101 - DBG_MENU_ITEMS_SUMMARY total_items=7 visible_items=7 topbar_band=(0, 0, 409, 53) topbar_band_visible_count=7 popup_region_visible_count=0 force_refresh=True handle=396386
2026-08-25 22:19:27.986 | DEBUG    | winwatt_automation.live_ui.menu_helpers:_menu_items:1111 - Discovered 7 MenuItem controls
2026-08-25 22:19:27.986 | DEBUG    | winwatt_automation.live_ui.menu_helpers:_log_phase_timing:83 - DBG_PHASE_TIMING phase=_menu_items elapsed_ms=391.000 force_refresh=True total_items=7 visible_items=7
2026-08-25 22:19:28.033 | INFO     | winwatt_automation.live_ui.menu_helpers:list_top_menu_items:1141 - Top-level menu items (raw): ['Rendszer', 'Fájl', 'Jegyzékek', 'Adatbázis...', 'Beállítások', 'Ablak', 'Súgó']
2026-08-25 22:19:28.033 | DEBUG    | winwatt_automation.live_ui.menu_helpers:_log_phase_timing:83 - DBG_PHASE_TIMING phase=list_top_menu_items elapsed_ms=438.000 count=7
2026-08-25 22:19:28.033 | INFO     | winwatt_automation.runtime_mapping.program_mapper:_evaluate_action_admission:1969 - ACTION_ADMISSION_REJECTED top_menu=Fájl path=['Fájl', '[unlabeled row 2]'] traversal_depth=1 reason=disabled_menu_item classification=unknown result_type=no_observable_effect placeholder=True text_confidence=none raw_text_sources=[] skip_reason=None
2026-08-25 22:19:28.033 | INFO     | winwatt_automation.runtime_mapping.program_mapper:_evaluate_action_admission:1982 - ACTION_STRUCTURE_ONLY_ROW top_menu=Fájl path=['Fájl', '[unlabeled row 2]'] traversal_depth=1 reason=disabled_menu_item
2026-08-25 22:19:28.033 | DEBUG    | winwatt_automation.runtime_mapping.program_mapper:_row_to_node:812 - RAW_MENU_TITLE="[unlabeled row 3]" NORMALIZED_MENU_TITLE="[unlabeled row 3]"
2026-08-25 22:19:28.033 | DEBUG    | winwatt_automation.runtime_mapping.program_mapper:_row_to_node:875 - _row_to_node state=no_project top_menu=Fájl level=1 index=3 title=[unlabeled row 3] placeholder=True classification=skipped_by_safety
2026-08-25 22:19:28.033 | DEBUG    | winwatt_automation.runtime_mapping.program_mapper:_log_phase_timing:281 - DBG_PHASE_TIMING phase=_row_to_node elapsed_ms=0.000 top_menu=Fájl level=1 index=3 title=[unlabeled row 3] placeholder=True
2026-08-25 22:19:28.033 | DEBUG    | winwatt_automation.live_ui.app_connector:get_cached_main_window:565 - DBG_WINWATT_CACHE_GET reason_code=cache_reused_without_validation payload={'wrapper_type': 'UIAWrapper', 'handle': 396386, 'process_id': 23912, 'title': 'WinWatt gólya', 'class_name': 'TMainForm', 'control_type': 'Window'} last_validation_age_s=14.530999999988126 diagnostic_fast_mode=True
2026-08-25 22:19:28.033 | DEBUG    | winwatt_automation.live_ui.app_connector:get_cached_main_window:566 - DBG_PHASE_TIMING phase=get_cached_main_window elapsed_ms=0.000 reason_code=cache_reused_without_validation
2026-08-25 22:19:28.209 | DEBUG    | winwatt_automation.live_ui.app_connector:get_cached_main_window:565 - DBG_WINWATT_CACHE_GET reason_code=cache_reused_without_validation payload={'wrapper_type': 'UIAWrapper', 'handle': 396386, 'process_id': 23912, 'title': 'WinWatt gólya', 'class_name': 'TMainForm', 'control_type': 'Window'} last_validation_age_s=14.702999999979511 diagnostic_fast_mode=True
2026-08-25 22:19:28.209 | DEBUG    | winwatt_automation.live_ui.app_connector:get_cached_main_window:566 - DBG_PHASE_TIMING phase=get_cached_main_window elapsed_ms=0.000 reason_code=cache_reused_without_validation
2026-08-25 22:19:28.209 | DEBUG    | winwatt_automation.live_ui.app_connector:get_cached_main_window:565 - DBG_WINWATT_CACHE_GET reason_code=cache_reused_without_validation payload={'wrapper_type': 'UIAWrapper', 'handle': 396386, 'process_id': 23912, 'title': 'WinWatt gólya', 'class_name': 'TMainForm', 'control_type': 'Window'} last_validation_age_s=14.702999999979511 diagnostic_fast_mode=True
2026-08-25 22:19:28.209 | DEBUG    | winwatt_automation.live_ui.app_connector:get_cached_main_window:566 - DBG_PHASE_TIMING phase=get_cached_main_window elapsed_ms=0.000 reason_code=cache_reused_without_validation
2026-08-25 22:19:28.800 | INFO     | winwatt_automation.live_ui.menu_helpers:_menu_items:1101 - DBG_MENU_ITEMS_SUMMARY total_items=7 visible_items=7 topbar_band=(0, 0, 409, 53) topbar_band_visible_count=7 popup_region_visible_count=0 force_refresh=True handle=396386
2026-08-25 22:19:28.800 | DEBUG    | winwatt_automation.live_ui.menu_helpers:_menu_items:1111 - Discovered 7 MenuItem controls
2026-08-25 22:19:28.800 | DEBUG    | winwatt_automation.live_ui.menu_helpers:_log_phase_timing:83 - DBG_PHASE_TIMING phase=_menu_items elapsed_ms=594.000 force_refresh=True total_items=7 visible_items=7
2026-08-25 22:19:28.829 | INFO     | winwatt_automation.live_ui.menu_helpers:list_top_menu_items:1141 - Top-level menu items (raw): ['Rendszer', 'Fájl', 'Jegyzékek', 'Adatbázis...', 'Beállítások', 'Ablak', 'Súgó']
2026-08-25 22:19:28.829 | DEBUG    | winwatt_automation.live_ui.menu_helpers:_log_phase_timing:83 - DBG_PHASE_TIMING phase=list_top_menu_items elapsed_ms=625.000 count=7
2026-08-25 22:19:28.829 | INFO     | winwatt_automation.runtime_mapping.program_mapper:_evaluate_action_admission:1969 - ACTION_ADMISSION_REJECTED top_menu=Fájl path=['Fájl', '[unlabeled row 3]'] traversal_depth=1 reason=disabled_menu_item classification=unknown result_type=no_observable_effect placeholder=True text_confidence=none raw_text_sources=[] skip_reason=None
2026-08-25 22:19:28.829 | INFO     | winwatt_automation.runtime_mapping.program_mapper:_evaluate_action_admission:1982 - ACTION_STRUCTURE_ONLY_ROW top_menu=Fájl path=['Fájl', '[unlabeled row 3]'] traversal_depth=1 reason=disabled_menu_item
2026-08-25 22:19:28.829 | DEBUG    | winwatt_automation.runtime_mapping.program_mapper:explore_menu_tree:3701 - visited path skip state=no_project path=('fájl', 'végrehajtás')
2026-08-25 22:19:28.829 | DEBUG    | winwatt_automation.runtime_mapping.program_mapper:_row_to_node:812 - RAW_MENU_TITLE="[unlabeled row 5]" NORMALIZED_MENU_TITLE="[unlabeled row 5]"
2026-08-25 22:19:28.829 | DEBUG    | winwatt_automation.runtime_mapping.program_mapper:_row_to_node:875 - _row_to_node state=no_project top_menu=Fájl level=1 index=5 title=[unlabeled row 5] placeholder=True classification=skipped_by_safety
2026-08-25 22:19:28.829 | DEBUG    | winwatt_automation.runtime_mapping.program_mapper:_log_phase_timing:281 - DBG_PHASE_TIMING phase=_row_to_node elapsed_ms=0.000 top_menu=Fájl level=1 index=5 title=[unlabeled row 5] placeholder=True
2026-08-25 22:19:28.844 | DEBUG    | winwatt_automation.live_ui.app_connector:get_cached_main_window:565 - DBG_WINWATT_CACHE_GET reason_code=cache_reused_without_validation payload={'wrapper_type': 'UIAWrapper', 'handle': 396386, 'process_id': 23912, 'title': 'WinWatt gólya', 'class_name': 'TMainForm', 'control_type': 'Window'} last_validation_age_s=15.327999999979511 diagnostic_fast_mode=True
2026-08-25 22:19:28.844 | DEBUG    | winwatt_automation.live_ui.app_connector:get_cached_main_window:566 - DBG_PHASE_TIMING phase=get_cached_main_window elapsed_ms=15.000 reason_code=cache_reused_without_validation
2026-08-25 22:19:29.019 | DEBUG    | winwatt_automation.live_ui.app_connector:get_cached_main_window:565 - DBG_WINWATT_CACHE_GET reason_code=cache_reused_without_validation payload={'wrapper_type': 'UIAWrapper', 'handle': 396386, 'process_id': 23912, 'title': 'WinWatt gólya', 'class_name': 'TMainForm', 'control_type': 'Window'} last_validation_age_s=15.514999999984866 diagnostic_fast_mode=True
2026-08-25 22:19:29.019 | DEBUG    | winwatt_automation.live_ui.app_connector:get_cached_main_window:566 - DBG_PHASE_TIMING phase=get_cached_main_window elapsed_ms=0.000 reason_code=cache_reused_without_validation
2026-08-25 22:19:29.019 | DEBUG    | winwatt_automation.live_ui.app_connector:get_cached_main_window:565 - DBG_WINWATT_CACHE_GET reason_code=cache_reused_without_validation payload={'wrapper_type': 'UIAWrapper', 'handle': 396386, 'process_id': 23912, 'title': 'WinWatt gólya', 'class_name': 'TMainForm', 'control_type': 'Window'} last_validation_age_s=15.514999999984866 diagnostic_fast_mode=True
2026-08-25 22:19:29.019 | DEBUG    | winwatt_automation.live_ui.app_connector:get_cached_main_window:566 - DBG_PHASE_TIMING phase=get_cached_main_window elapsed_ms=0.000 reason_code=cache_reused_without_validation
2026-08-25 22:19:29.388 | INFO     | winwatt_automation.live_ui.menu_helpers:_menu_items:1101 - DBG_MENU_ITEMS_SUMMARY total_items=7 visible_items=7 topbar_band=(0, 0, 409, 53) topbar_band_visible_count=7 popup_region_visible_count=0 force_refresh=True handle=396386
2026-08-25 22:19:29.388 | DEBUG    | winwatt_automation.live_ui.menu_helpers:_menu_items:1111 - Discovered 7 MenuItem controls
2026-08-25 22:19:29.388 | DEBUG    | winwatt_automation.live_ui.menu_helpers:_log_phase_timing:83 - DBG_PHASE_TIMING phase=_menu_items elapsed_ms=375.000 force_refresh=True total_items=7 visible_items=7
2026-08-25 22:19:29.431 | INFO     | winwatt_automation.live_ui.menu_helpers:list_top_menu_items:1141 - Top-level menu items (raw): ['Rendszer', 'Fájl', 'Jegyzékek', 'Adatbázis...', 'Beállítások', 'Ablak', 'Súgó']
2026-08-25 22:19:29.431 | DEBUG    | winwatt_automation.live_ui.menu_helpers:_log_phase_timing:83 - DBG_PHASE_TIMING phase=list_top_menu_items elapsed_ms=407.000 count=7
2026-08-25 22:19:29.431 | INFO     | winwatt_automation.runtime_mapping.program_mapper:_evaluate_action_admission:1969 - ACTION_ADMISSION_REJECTED top_menu=Fájl path=['Fájl', '[unlabeled row 5]'] traversal_depth=1 reason=disabled_menu_item classification=unknown result_type=no_observable_effect placeholder=True text_confidence=none raw_text_sources=[] skip_reason=None
2026-08-25 22:19:29.431 | INFO     | winwatt_automation.runtime_mapping.program_mapper:_evaluate_action_admission:1982 - ACTION_STRUCTURE_ONLY_ROW top_menu=Fájl path=['Fájl', '[unlabeled row 5]'] traversal_depth=1 reason=disabled_menu_item
2026-08-25 22:19:29.431 | DEBUG    | winwatt_automation.runtime_mapping.program_mapper:explore_menu_tree:3701 - visited path skip state=no_project path=('fájl', 'végrehajtás')
2026-08-25 22:19:29.431 | DEBUG    | winwatt_automation.runtime_mapping.program_mapper:explore_menu_tree:3701 - visited path skip state=no_project path=('fájl', 'végrehajtás')
2026-08-25 22:19:29.431 | DEBUG    | winwatt_automation.runtime_mapping.program_mapper:explore_menu_tree:3701 - visited path skip state=no_project path=('fájl', 'végrehajtás')
2026-08-25 22:19:29.431 | INFO     | winwatt_automation.runtime_mapping.program_mapper:_log_phase_timing:279 - DBG_PHASE_TIMING phase=subtree_traversal elapsed_ms=6625.000 state_id=no_project top_menu=Fájl depth=1 rows=9 nodes=4 actions=4
2026-08-25 22:19:29.431 | INFO     | winwatt_automation.runtime_mapping.program_mapper:explore_menu_tree:4182 - ACTION_CATALOG_OUTPUT_SUMMARY state=no_project top_menu=Fájl depth=1 candidate_rows=9 probed_rows=1 admitted_after_probe=1 admitted_actions=1 still_structure_only=3 suppressed_unknown=0 placeholders_retained=3
2026-08-25 22:19:29.431 | DEBUG    | winwatt_automation.runtime_mapping.program_mapper:map_runtime_state:4327 - RAW_MENU_TITLE="Fájl" NORMALIZED_MENU_TITLE="fájl"
2026-08-25 22:19:29.431 | INFO     | winwatt_automation.runtime_mapping.program_mapper:map_runtime_state:4340 - MAP_RUNTIME_STATE_MENU_RESULT state_id=no_project top_menu=Fájl rows=9 nodes=4 actions=4 dialogs=0 windows=0 catalog=1
2026-08-25 22:19:29.431 | DEBUG    | winwatt_automation.live_ui.app_connector:get_cached_main_window:565 - DBG_WINWATT_CACHE_GET reason_code=cache_reused_without_validation payload={'wrapper_type': 'UIAWrapper', 'handle': 396386, 'process_id': 23912, 'title': 'WinWatt gólya', 'class_name': 'TMainForm', 'control_type': 'Window'} last_validation_age_s=15.921999999991385 diagnostic_fast_mode=True
2026-08-25 22:19:29.431 | DEBUG    | winwatt_automation.live_ui.app_connector:get_cached_main_window:566 - DBG_PHASE_TIMING phase=get_cached_main_window elapsed_ms=0.000 reason_code=cache_reused_without_validation
2026-08-25 22:19:29.431 | WARNING  | winwatt_automation.runtime_mapping.program_mapper:should_restore_clean_menu_baseline:943 - baseline_restore_needed state=no_project stage=after:Fájl reason=main_window_disabled
2026-08-25 22:19:29.431 | DEBUG    | winwatt_automation.runtime_mapping.program_mapper:restore_clean_menu_baseline:960 - baseline_restore start state=no_project stage=after:Fájl
2026-08-25 22:19:29.431 | DEBUG    | winwatt_automation.live_ui.app_connector:get_cached_main_window:565 - DBG_WINWATT_CACHE_GET reason_code=cache_reused_without_validation payload={'wrapper_type': 'UIAWrapper', 'handle': 396386, 'process_id': 23912, 'title': 'WinWatt gólya', 'class_name': 'TMainForm', 'control_type': 'Window'} last_validation_age_s=15.921999999991385 diagnostic_fast_mode=True
2026-08-25 22:19:29.431 | DEBUG    | winwatt_automation.live_ui.app_connector:get_cached_main_window:566 - DBG_PHASE_TIMING phase=get_cached_main_window elapsed_ms=0.000 reason_code=cache_reused_without_validation
2026-08-25 22:19:29.431 | INFO     | winwatt_automation.live_ui.app_connector:ensure_main_window_foreground_before_click:1179 - DBG_WINWATT_FOCUS_GUARD_PRECHECK action_label=baseline_restore:no_project:after:Fájl wrapper_type=UIAWrapper cached_handle=396386 cached_pid=23912 cached_title=WinWatt gólya cached_class=TMainForm precheck_exists=False precheck_visible=True precheck_enabled=False rect={'left': -10, 'top': -10, 'right': 1930, 'bottom': 1030, 'width': 1940, 'height': 1040}
2026-08-25 22:19:29.431 | ERROR    | winwatt_automation.live_ui.app_connector:ensure_main_window_foreground_before_click:1295 - DBG_WINWATT_FOCUS_GUARD_HARD_FAIL action_label=baseline_restore:no_project:after:Fájl reason=exists_false identity_reasons=['handle', 'process_id', 'title', 'class_name', 'rect', 'visible'] cached_identity={'wrapper_type': 'UIAWrapper', 'handle': 396386, 'process_id': 23912, 'title': 'WinWatt gólya', 'class_name': 'TMainForm', 'control_type': 'Window'} rect={'left': -10, 'top': -10, 'right': 1930, 'bottom': 1030, 'width': 1940, 'height': 1040} refresh_diagnostic={'action_label': 'baseline_restore:no_project:after:Fájl', 'cached_identity': {'wrapper_type': 'UIAWrapper', 'handle': 396386, 'process_id': 23912, 'title': 'WinWatt gólya', 'class_name': 'TMainForm', 'control_type': 'Window'}, 'cached_rect': {'left': -10, 'top': -10, 'right': 1930, 'bottom': 1030, 'width': 1940, 'height': 1040}, 'visible': True, 'enabled': False, 'refresh_attempted': False, 'refresh_permitted': False, 'reason': 'refresh_not_permitted'}
2026-08-25 22:19:29.447 | DEBUG    | winwatt_automation.live_ui.app_connector:get_cached_main_window:565 - DBG_WINWATT_CACHE_GET reason_code=cache_reused_without_validation payload={'wrapper_type': 'UIAWrapper', 'handle': 396386, 'process_id': 23912, 'title': 'WinWatt gólya', 'class_name': 'TMainForm', 'control_type': 'Window'} last_validation_age_s=15.921999999991385 diagnostic_fast_mode=True
2026-08-25 22:19:29.447 | DEBUG    | winwatt_automation.live_ui.app_connector:get_cached_main_window:566 - DBG_PHASE_TIMING phase=get_cached_main_window elapsed_ms=15.000 reason_code=cache_reused_without_validation
2026-08-25 22:19:29.447 | WARNING  | winwatt_automation.runtime_mapping.program_mapper:restore_clean_menu_baseline:966 - baseline_restore modal_pending state=no_project stage=after:Fájl error=focus_not_restored: main window no longer exists before action=baseline_restore:no_project:after:Fájl
2026-08-25 22:19:29.447 | INFO     | winwatt_automation.runtime_mapping.program_mapper:recover_after_project_open:3392 - project_open_recovery_start timeout_s=15.0 poll_interval_s=0.25
2026-08-25 22:19:29.447 | DEBUG    | winwatt_automation.live_ui.app_connector:get_cached_main_window:565 - DBG_WINWATT_CACHE_GET reason_code=cache_reused_without_validation payload={'wrapper_type': 'UIAWrapper', 'handle': 396386, 'process_id': 23912, 'title': 'WinWatt gólya', 'class_name': 'TMainForm', 'control_type': 'Window'} last_validation_age_s=15.937000000005355 diagnostic_fast_mode=True
2026-08-25 22:19:29.447 | DEBUG    | winwatt_automation.live_ui.app_connector:get_cached_main_window:566 - DBG_PHASE_TIMING phase=get_cached_main_window elapsed_ms=0.000 reason_code=cache_reused_without_validation
2026-08-25 22:19:29.641 | WARNING  | winwatt_automation.runtime_mapping.program_mapper:recover_after_project_open:3419 - project_open_recovery_modal_detected diagnostics={'foreground_window': {'handle': 1248292, 'title': 'Projekt létrehozása', 'class_name': '#32770', 'process_id': 23912}, 'dialog_candidates': [], 'main_window': {'enabled': False, 'visible': True, 'rect': {'left': -10, 'top': -10, 'right': 1930, 'bottom': 1030}, 'title': 'WinWatt gólya', 'class_name': 'TMainForm', 'process_id': 23912, 'handle': None, 'exists': True}}
2026-08-25 22:19:29.641 | INFO     | winwatt_automation.runtime_mapping.program_mapper:_attempt_project_open_modal_close:3321 - project_open_recovery_close_attempt method=key name=Esc
2026-08-25 22:19:30.114 | DEBUG    | winwatt_automation.live_ui.app_connector:get_cached_main_window:565 - DBG_WINWATT_CACHE_GET reason_code=cache_reused_without_validation payload={'wrapper_type': 'UIAWrapper', 'handle': 396386, 'process_id': 23912, 'title': 'WinWatt gólya', 'class_name': 'TMainForm', 'control_type': 'Window'} last_validation_age_s=16.389999999984866 diagnostic_fast_mode=True
2026-08-25 22:19:30.114 | DEBUG    | winwatt_automation.live_ui.app_connector:get_cached_main_window:566 - DBG_PHASE_TIMING phase=get_cached_main_window elapsed_ms=219.000 reason_code=cache_reused_without_validation
2026-08-25 22:19:30.124 | INFO     | winwatt_automation.runtime_mapping.program_mapper:_attempt_project_open_modal_close:3329 - project_open_recovery_close_success method=key name=Esc
2026-08-25 22:19:30.380 | DEBUG    | winwatt_automation.live_ui.app_connector:get_cached_main_window:565 - DBG_WINWATT_CACHE_GET reason_code=cache_reused_without_validation payload={'wrapper_type': 'UIAWrapper', 'handle': 396386, 'process_id': 23912, 'title': 'WinWatt gólya', 'class_name': 'TMainForm', 'control_type': 'Window'} last_validation_age_s=16.875 diagnostic_fast_mode=True
2026-08-25 22:19:30.380 | DEBUG    | winwatt_automation.live_ui.app_connector:get_cached_main_window:566 - DBG_PHASE_TIMING phase=get_cached_main_window elapsed_ms=0.000 reason_code=cache_reused_without_validation
2026-08-25 22:19:30.385 | INFO     | winwatt_automation.runtime_mapping.program_mapper:recover_after_project_open:3403 - project_open_recovery_success
2026-08-25 22:19:30.575 | INFO     | winwatt_automation.runtime_mapping.program_mapper:restore_clean_menu_baseline:969 - baseline_restore modal_pending_recovered state=no_project stage=after:Fájl
2026-08-25 22:19:30.636 | DEBUG    | winwatt_automation.live_ui.app_connector:get_cached_main_window:565 - DBG_WINWATT_CACHE_GET reason_code=cache_reused_without_validation payload={'wrapper_type': 'UIAWrapper', 'handle': 396386, 'process_id': 23912, 'title': 'WinWatt gólya', 'class_name': 'TMainForm', 'control_type': 'Window'} last_validation_age_s=17.125 diagnostic_fast_mode=True
2026-08-25 22:19:30.636 | DEBUG    | winwatt_automation.live_ui.app_connector:get_cached_main_window:566 - DBG_PHASE_TIMING phase=get_cached_main_window elapsed_ms=0.000 reason_code=cache_reused_without_validation
2026-08-25 22:19:30.957 | DEBUG    | winwatt_automation.live_ui.app_connector:get_cached_main_window:565 - DBG_WINWATT_CACHE_GET reason_code=cache_reused_without_validation payload={'wrapper_type': 'UIAWrapper', 'handle': 396386, 'process_id': 23912, 'title': 'WinWatt gólya', 'class_name': 'TMainForm', 'control_type': 'Window'} last_validation_age_s=17.45299999997951 diagnostic_fast_mode=True
2026-08-25 22:19:30.957 | DEBUG    | winwatt_automation.live_ui.app_connector:get_cached_main_window:566 - DBG_PHASE_TIMING phase=get_cached_main_window elapsed_ms=0.000 reason_code=cache_reused_without_validation
2026-08-25 22:19:30.957 | DEBUG    | winwatt_automation.live_ui.app_connector:get_cached_main_window:565 - DBG_WINWATT_CACHE_GET reason_code=cache_reused_without_validation payload={'wrapper_type': 'UIAWrapper', 'handle': 396386, 'process_id': 23912, 'title': 'WinWatt gólya', 'class_name': 'TMainForm', 'control_type': 'Window'} last_validation_age_s=17.45299999997951 diagnostic_fast_mode=True
2026-08-25 22:19:30.957 | DEBUG    | winwatt_automation.live_ui.app_connector:get_cached_main_window:566 - DBG_PHASE_TIMING phase=get_cached_main_window elapsed_ms=0.000 reason_code=cache_reused_without_validation
2026-08-25 22:19:30.957 | INFO     | winwatt_automation.live_ui.menu_helpers:_menu_items:1101 - DBG_MENU_ITEMS_SUMMARY total_items=7 visible_items=7 topbar_band=(0, 0, 409, 53) topbar_band_visible_count=7 popup_region_visible_count=0 force_refresh=False handle=396386
2026-08-25 22:19:30.957 | DEBUG    | winwatt_automation.live_ui.menu_helpers:_menu_items:1111 - Discovered 7 MenuItem controls
2026-08-25 22:19:30.957 | DEBUG    | winwatt_automation.live_ui.menu_helpers:_log_phase_timing:83 - DBG_PHASE_TIMING phase=_menu_items elapsed_ms=0.000 force_refresh=False total_items=7 visible_items=7
2026-08-25 22:19:30.974 | DEBUG    | winwatt_automation.live_ui.menu_helpers:_log_popup_fragment:499 - DBG_MENU_FRAGMENT_MAIN_WINDOW source_scope=main_window control_type=MenuItem class_name= text='Rendszer' rectangle={'left': 0, 'top': 0, 'right': 28, 'bottom': 28} center=(14, 14) process_id=23912 native_handle=None topbar_candidate=True popup_candidate=False
2026-08-25 22:19:30.974 | DEBUG    | winwatt_automation.live_ui.menu_helpers:_log_popup_fragment:499 - DBG_MENU_FRAGMENT_MAIN_WINDOW source_scope=main_window control_type=MenuItem class_name= text='Fájl' rectangle={'left': 0, 'top': 29, 'right': 40, 'bottom': 53} center=(20, 41) process_id=23912 native_handle=None topbar_candidate=True popup_candidate=False
2026-08-25 22:19:30.974 | DEBUG    | winwatt_automation.live_ui.menu_helpers:_log_popup_fragment:499 - DBG_MENU_FRAGMENT_MAIN_WINDOW source_scope=main_window control_type=MenuItem class_name= text='Jegyzékek' rectangle={'left': 40, 'top': 29, 'right': 123, 'bottom': 53} center=(81, 41) process_id=23912 native_handle=None topbar_candidate=True popup_candidate=False
2026-08-25 22:19:30.974 | DEBUG    | winwatt_automation.live_ui.menu_helpers:_log_popup_fragment:499 - DBG_MENU_FRAGMENT_MAIN_WINDOW source_scope=main_window control_type=MenuItem class_name= text='Adatbázis...' rectangle={'left': 123, 'top': 29, 'right': 216, 'bottom': 53} center=(169, 41) process_id=23912 native_handle=None topbar_candidate=True popup_candidate=False
2026-08-25 22:19:30.974 | DEBUG    | winwatt_automation.live_ui.menu_helpers:_log_popup_fragment:499 - DBG_MENU_FRAGMENT_MAIN_WINDOW source_scope=main_window control_type=MenuItem class_name= text='Beállítások' rectangle={'left': 215, 'top': 29, 'right': 303, 'bottom': 53} center=(259, 41) process_id=23912 native_handle=None topbar_candidate=True popup_candidate=False
2026-08-25 22:19:30.974 | DEBUG    | winwatt_automation.live_ui.menu_helpers:_log_popup_fragment:499 - DBG_MENU_FRAGMENT_MAIN_WINDOW source_scope=main_window control_type=MenuItem class_name= text='Ablak' rectangle={'left': 303, 'top': 29, 'right': 358, 'bottom': 53} center=(330, 41) process_id=23912 native_handle=None topbar_candidate=True popup_candidate=False
2026-08-25 22:19:30.974 | DEBUG    | winwatt_automation.live_ui.menu_helpers:_log_popup_fragment:499 - DBG_MENU_FRAGMENT_MAIN_WINDOW source_scope=main_window control_type=MenuItem class_name= text='Súgó' rectangle={'left': 358, 'top': 29, 'right': 409, 'bottom': 53} center=(383, 41) process_id=23912 native_handle=None topbar_candidate=True popup_candidate=False
2026-08-25 22:19:30.974 | DEBUG    | winwatt_automation.live_ui.menu_helpers:_menu_like_controls_from_main_window:1599 - DBG_MENU_FRAGMENT_SOURCE_SUMMARY source_scope=main_window count=7
2026-08-25 22:19:30.974 | DEBUG    | winwatt_automation.live_ui.app_connector:get_cached_main_window:565 - DBG_WINWATT_CACHE_GET reason_code=cache_reused_without_validation payload={'wrapper_type': 'UIAWrapper', 'handle': 396386, 'process_id': 23912, 'title': 'WinWatt gólya', 'class_name': 'TMainForm', 'control_type': 'Window'} last_validation_age_s=17.46799999999348 diagnostic_fast_mode=True
2026-08-25 22:19:30.974 | DEBUG    | winwatt_automation.live_ui.app_connector:get_cached_main_window:566 - DBG_PHASE_TIMING phase=get_cached_main_window elapsed_ms=0.000 reason_code=cache_reused_without_validation
2026-08-25 22:19:30.974 | DEBUG    | winwatt_automation.live_ui.menu_helpers:capture_menu_popup_snapshot:1682 - DBG_POPUP_ROW_DEDUPE rect={'left': 0, 'top': 0, 'right': 28, 'bottom': 28} normalized_text=rendszer class_name= source_scope=main_window deduplicated=False
2026-08-25 22:19:30.974 | DEBUG    | winwatt_automation.live_ui.menu_helpers:capture_menu_popup_snapshot:1682 - DBG_POPUP_ROW_DEDUPE rect={'left': 0, 'top': 29, 'right': 40, 'bottom': 53} normalized_text=fájl class_name= source_scope=main_window deduplicated=False
2026-08-25 22:19:30.974 | DEBUG    | winwatt_automation.live_ui.menu_helpers:capture_menu_popup_snapshot:1682 - DBG_POPUP_ROW_DEDUPE rect={'left': 40, 'top': 29, 'right': 123, 'bottom': 53} normalized_text=jegyzékek class_name= source_scope=main_window deduplicated=False
2026-08-25 22:19:30.974 | DEBUG    | winwatt_automation.live_ui.menu_helpers:capture_menu_popup_snapshot:1682 - DBG_POPUP_ROW_DEDUPE rect={'left': 123, 'top': 29, 'right': 216, 'bottom': 53} normalized_text=adatbázis... class_name= source_scope=main_window deduplicated=False
2026-08-25 22:19:30.974 | DEBUG    | winwatt_automation.live_ui.menu_helpers:capture_menu_popup_snapshot:1682 - DBG_POPUP_ROW_DEDUPE rect={'left': 215, 'top': 29, 'right': 303, 'bottom': 53} normalized_text=beállítások class_name= source_scope=main_window deduplicated=False
2026-08-25 22:19:30.974 | DEBUG    | winwatt_automation.live_ui.menu_helpers:capture_menu_popup_snapshot:1682 - DBG_POPUP_ROW_DEDUPE rect={'left': 303, 'top': 29, 'right': 358, 'bottom': 53} normalized_text=ablak class_name= source_scope=main_window deduplicated=False
2026-08-25 22:19:30.974 | DEBUG    | winwatt_automation.live_ui.menu_helpers:capture_menu_popup_snapshot:1682 - DBG_POPUP_ROW_DEDUPE rect={'left': 358, 'top': 29, 'right': 409, 'bottom': 53} normalized_text=súgó class_name= source_scope=main_window deduplicated=False
2026-08-25 22:19:30.974 | INFO     | winwatt_automation.live_ui.menu_helpers:capture_menu_popup_snapshot:1724 - POPUP_SNAPSHOT_SUMMARY main_window_fragments=7 global_scan_fragments=0 deduped_fragments=7 topbar_like=6 popup_like=0 empty_text=0 topbar_band=(0, 29, 409, 53) empty_text_vertical_cluster_detected=False accepted_popup_rows=0 popup_heuristic=candidate_count_below_threshold
2026-08-25 22:19:30.974 | DEBUG    | winwatt_automation.live_ui.menu_helpers:capture_menu_popup_snapshot:1737 - Captured menu snapshot rows=7
2026-08-25 22:19:30.974 | DEBUG    | winwatt_automation.live_ui.menu_helpers:_log_phase_timing:83 - DBG_PHASE_TIMING phase=capture_menu_popup_snapshot elapsed_ms=343.000 main_rows=7 global_rows=0 unique_rows=7 diagnostic_fast_mode=True
2026-08-25 22:19:31.102 | DEBUG    | winwatt_automation.live_ui.app_connector:get_cached_main_window:565 - DBG_WINWATT_CACHE_GET reason_code=cache_reused_without_validation payload={'wrapper_type': 'UIAWrapper', 'handle': 396386, 'process_id': 23912, 'title': 'WinWatt gólya', 'class_name': 'TMainForm', 'control_type': 'Window'} last_validation_age_s=17.59299999999348 diagnostic_fast_mode=True
2026-08-25 22:19:31.102 | DEBUG    | winwatt_automation.live_ui.app_connector:get_cached_main_window:566 - DBG_PHASE_TIMING phase=get_cached_main_window elapsed_ms=0.000 reason_code=cache_reused_without_validation
2026-08-25 22:19:31.117 | DEBUG    | winwatt_automation.live_ui.app_connector:get_cached_main_window:565 - DBG_WINWATT_CACHE_GET reason_code=cache_reused_without_validation payload={'wrapper_type': 'UIAWrapper', 'handle': 396386, 'process_id': 23912, 'title': 'WinWatt gólya', 'class_name': 'TMainForm', 'control_type': 'Window'} last_validation_age_s=17.60899999999674 diagnostic_fast_mode=True
2026-08-25 22:19:31.117 | DEBUG    | winwatt_automation.live_ui.app_connector:get_cached_main_window:566 - DBG_PHASE_TIMING phase=get_cached_main_window elapsed_ms=0.000 reason_code=cache_reused_without_validation
2026-08-25 22:19:31.133 | DEBUG    | winwatt_automation.live_ui.app_connector:get_cached_main_window:565 - DBG_WINWATT_CACHE_GET reason_code=cache_reused_without_validation payload={'wrapper_type': 'UIAWrapper', 'handle': 396386, 'process_id': 23912, 'title': 'WinWatt gólya', 'class_name': 'TMainForm', 'control_type': 'Window'} last_validation_age_s=17.60899999999674 diagnostic_fast_mode=True
2026-08-25 22:19:31.133 | DEBUG    | winwatt_automation.live_ui.app_connector:get_cached_main_window:566 - DBG_PHASE_TIMING phase=get_cached_main_window elapsed_ms=16.000 reason_code=cache_reused_without_validation
2026-08-25 22:19:31.133 | INFO     | winwatt_automation.live_ui.menu_helpers:_menu_items:1101 - DBG_MENU_ITEMS_SUMMARY total_items=7 visible_items=7 topbar_band=(0, 0, 409, 53) topbar_band_visible_count=7 popup_region_visible_count=0 force_refresh=False handle=396386
2026-08-25 22:19:31.133 | DEBUG    | winwatt_automation.live_ui.menu_helpers:_menu_items:1111 - Discovered 7 MenuItem controls
2026-08-25 22:19:31.144 | DEBUG    | winwatt_automation.live_ui.menu_helpers:_log_phase_timing:83 - DBG_PHASE_TIMING phase=_menu_items elapsed_ms=31.000 force_refresh=False total_items=7 visible_items=7
2026-08-25 22:19:31.145 | DEBUG    | winwatt_automation.live_ui.menu_helpers:_log_popup_fragment:499 - DBG_MENU_FRAGMENT_MAIN_WINDOW source_scope=main_window control_type=MenuItem class_name= text='Rendszer' rectangle={'left': 0, 'top': 0, 'right': 28, 'bottom': 28} center=(14, 14) process_id=23912 native_handle=None topbar_candidate=True popup_candidate=False
2026-08-25 22:19:31.147 | DEBUG    | winwatt_automation.live_ui.menu_helpers:_log_popup_fragment:499 - DBG_MENU_FRAGMENT_MAIN_WINDOW source_scope=main_window control_type=MenuItem class_name= text='Fájl' rectangle={'left': 0, 'top': 29, 'right': 40, 'bottom': 53} center=(20, 41) process_id=23912 native_handle=None topbar_candidate=True popup_candidate=False
2026-08-25 22:19:31.149 | DEBUG    | winwatt_automation.live_ui.menu_helpers:_log_popup_fragment:499 - DBG_MENU_FRAGMENT_MAIN_WINDOW source_scope=main_window control_type=MenuItem class_name= text='Jegyzékek' rectangle={'left': 40, 'top': 29, 'right': 123, 'bottom': 53} center=(81, 41) process_id=23912 native_handle=None topbar_candidate=True popup_candidate=False
2026-08-25 22:19:31.149 | DEBUG    | winwatt_automation.live_ui.menu_helpers:_log_popup_fragment:499 - DBG_MENU_FRAGMENT_MAIN_WINDOW source_scope=main_window control_type=MenuItem class_name= text='Adatbázis...' rectangle={'left': 123, 'top': 29, 'right': 216, 'bottom': 53} center=(169, 41) process_id=23912 native_handle=None topbar_candidate=True popup_candidate=False
2026-08-25 22:19:31.149 | DEBUG    | winwatt_automation.live_ui.menu_helpers:_log_popup_fragment:499 - DBG_MENU_FRAGMENT_MAIN_WINDOW source_scope=main_window control_type=MenuItem class_name= text='Beállítások' rectangle={'left': 215, 'top': 29, 'right': 303, 'bottom': 53} center=(259, 41) process_id=23912 native_handle=None topbar_candidate=True popup_candidate=False
2026-08-25 22:19:31.149 | DEBUG    | winwatt_automation.live_ui.menu_helpers:_log_popup_fragment:499 - DBG_MENU_FRAGMENT_MAIN_WINDOW source_scope=main_window control_type=MenuItem class_name= text='Ablak' rectangle={'left': 303, 'top': 29, 'right': 358, 'bottom': 53} center=(330, 41) process_id=23912 native_handle=None topbar_candidate=True popup_candidate=False
2026-08-25 22:19:31.149 | DEBUG    | winwatt_automation.live_ui.menu_helpers:_log_popup_fragment:499 - DBG_MENU_FRAGMENT_MAIN_WINDOW source_scope=main_window control_type=MenuItem class_name= text='Súgó' rectangle={'left': 358, 'top': 29, 'right': 409, 'bottom': 53} center=(383, 41) process_id=23912 native_handle=None topbar_candidate=True popup_candidate=False
2026-08-25 22:19:31.149 | DEBUG    | winwatt_automation.live_ui.menu_helpers:_menu_like_controls_from_main_window:1599 - DBG_MENU_FRAGMENT_SOURCE_SUMMARY source_scope=main_window count=7
2026-08-25 22:19:31.149 | DEBUG    | winwatt_automation.live_ui.app_connector:get_cached_main_window:565 - DBG_WINWATT_CACHE_GET reason_code=cache_reused_without_validation payload={'wrapper_type': 'UIAWrapper', 'handle': 396386, 'process_id': 23912, 'title': 'WinWatt gólya', 'class_name': 'TMainForm', 'control_type': 'Window'} last_validation_age_s=17.639999999984866 diagnostic_fast_mode=True
2026-08-25 22:19:31.149 | DEBUG    | winwatt_automation.live_ui.app_connector:get_cached_main_window:566 - DBG_PHASE_TIMING phase=get_cached_main_window elapsed_ms=0.000 reason_code=cache_reused_without_validation
2026-08-25 22:19:31.213 | DEBUG    | winwatt_automation.live_ui.menu_helpers:capture_menu_popup_snapshot:1682 - DBG_POPUP_ROW_DEDUPE rect={'left': 0, 'top': 0, 'right': 28, 'bottom': 28} normalized_text=rendszer class_name= source_scope=main_window deduplicated=False
2026-08-25 22:19:31.213 | DEBUG    | winwatt_automation.live_ui.menu_helpers:capture_menu_popup_snapshot:1682 - DBG_POPUP_ROW_DEDUPE rect={'left': 0, 'top': 29, 'right': 40, 'bottom': 53} normalized_text=fájl class_name= source_scope=main_window deduplicated=False
2026-08-25 22:19:31.213 | DEBUG    | winwatt_automation.live_ui.menu_helpers:capture_menu_popup_snapshot:1682 - DBG_POPUP_ROW_DEDUPE rect={'left': 40, 'top': 29, 'right': 123, 'bottom': 53} normalized_text=jegyzékek class_name= source_scope=main_window deduplicated=False
2026-08-25 22:19:31.213 | DEBUG    | winwatt_automation.live_ui.menu_helpers:capture_menu_popup_snapshot:1682 - DBG_POPUP_ROW_DEDUPE rect={'left': 123, 'top': 29, 'right': 216, 'bottom': 53} normalized_text=adatbázis... class_name= source_scope=main_window deduplicated=False
2026-08-25 22:19:31.213 | DEBUG    | winwatt_automation.live_ui.menu_helpers:capture_menu_popup_snapshot:1682 - DBG_POPUP_ROW_DEDUPE rect={'left': 215, 'top': 29, 'right': 303, 'bottom': 53} normalized_text=beállítások class_name= source_scope=main_window deduplicated=False
2026-08-25 22:19:31.213 | DEBUG    | winwatt_automation.live_ui.menu_helpers:capture_menu_popup_snapshot:1682 - DBG_POPUP_ROW_DEDUPE rect={'left': 303, 'top': 29, 'right': 358, 'bottom': 53} normalized_text=ablak class_name= source_scope=main_window deduplicated=False
2026-08-25 22:19:31.213 | DEBUG    | winwatt_automation.live_ui.menu_helpers:capture_menu_popup_snapshot:1682 - DBG_POPUP_ROW_DEDUPE rect={'left': 358, 'top': 29, 'right': 409, 'bottom': 53} normalized_text=súgó class_name= source_scope=main_window deduplicated=False
2026-08-25 22:19:31.213 | INFO     | winwatt_automation.live_ui.menu_helpers:capture_menu_popup_snapshot:1724 - POPUP_SNAPSHOT_SUMMARY main_window_fragments=7 global_scan_fragments=0 deduped_fragments=7 topbar_like=6 popup_like=0 empty_text=0 topbar_band=(0, 29, 409, 53) empty_text_vertical_cluster_detected=False accepted_popup_rows=0 popup_heuristic=candidate_count_below_threshold
2026-08-25 22:19:31.213 | DEBUG    | winwatt_automation.live_ui.menu_helpers:capture_menu_popup_snapshot:1737 - Captured menu snapshot rows=7
2026-08-25 22:19:31.213 | DEBUG    | winwatt_automation.live_ui.menu_helpers:_log_phase_timing:83 - DBG_PHASE_TIMING phase=capture_menu_popup_snapshot elapsed_ms=110.000 main_rows=7 global_rows=0 unique_rows=7 diagnostic_fast_mode=True
2026-08-25 22:19:31.276 | DEBUG    | winwatt_automation.live_ui.app_connector:get_cached_main_window:565 - DBG_WINWATT_CACHE_GET reason_code=cache_reused_without_validation payload={'wrapper_type': 'UIAWrapper', 'handle': 396386, 'process_id': 23912, 'title': 'WinWatt gólya', 'class_name': 'TMainForm', 'control_type': 'Window'} last_validation_age_s=17.764999999984866 diagnostic_fast_mode=True
2026-08-25 22:19:31.276 | DEBUG    | winwatt_automation.live_ui.app_connector:get_cached_main_window:566 - DBG_PHASE_TIMING phase=get_cached_main_window elapsed_ms=0.000 reason_code=cache_reused_without_validation
2026-08-25 22:19:31.276 | DEBUG    | winwatt_automation.live_ui.app_connector:get_cached_main_window:565 - DBG_WINWATT_CACHE_GET reason_code=cache_reused_without_validation payload={'wrapper_type': 'UIAWrapper', 'handle': 396386, 'process_id': 23912, 'title': 'WinWatt gólya', 'class_name': 'TMainForm', 'control_type': 'Window'} last_validation_age_s=17.764999999984866 diagnostic_fast_mode=True
2026-08-25 22:19:31.276 | DEBUG    | winwatt_automation.live_ui.app_connector:get_cached_main_window:566 - DBG_PHASE_TIMING phase=get_cached_main_window elapsed_ms=0.000 reason_code=cache_reused_without_validation
2026-08-25 22:19:31.276 | DEBUG    | winwatt_automation.live_ui.app_connector:get_cached_main_window:565 - DBG_WINWATT_CACHE_GET reason_code=cache_reused_without_validation payload={'wrapper_type': 'UIAWrapper', 'handle': 396386, 'process_id': 23912, 'title': 'WinWatt gólya', 'class_name': 'TMainForm', 'control_type': 'Window'} last_validation_age_s=17.764999999984866 diagnostic_fast_mode=True
2026-08-25 22:19:31.276 | DEBUG    | winwatt_automation.live_ui.app_connector:get_cached_main_window:566 - DBG_PHASE_TIMING phase=get_cached_main_window elapsed_ms=0.000 reason_code=cache_reused_without_validation
2026-08-25 22:19:31.499 | INFO     | winwatt_automation.live_ui.menu_helpers:_menu_items:1101 - DBG_MENU_ITEMS_SUMMARY total_items=7 visible_items=7 topbar_band=(0, 0, 409, 53) topbar_band_visible_count=7 popup_region_visible_count=0 force_refresh=False handle=396386
2026-08-25 22:19:31.499 | DEBUG    | winwatt_automation.live_ui.menu_helpers:_menu_items:1111 - Discovered 7 MenuItem controls
2026-08-25 22:19:31.499 | DEBUG    | winwatt_automation.live_ui.menu_helpers:_log_phase_timing:83 - DBG_PHASE_TIMING phase=_menu_items elapsed_ms=235.000 force_refresh=False total_items=7 visible_items=7
2026-08-25 22:19:31.499 | DEBUG    | winwatt_automation.live_ui.menu_helpers:_log_popup_fragment:499 - DBG_MENU_FRAGMENT_MAIN_WINDOW source_scope=main_window control_type=MenuItem class_name= text='Rendszer' rectangle={'left': 0, 'top': 0, 'right': 28, 'bottom': 28} center=(14, 14) process_id=23912 native_handle=None topbar_candidate=True popup_candidate=False
2026-08-25 22:19:31.501 | DEBUG    | winwatt_automation.live_ui.menu_helpers:_log_popup_fragment:499 - DBG_MENU_FRAGMENT_MAIN_WINDOW source_scope=main_window control_type=MenuItem class_name= text='Fájl' rectangle={'left': 0, 'top': 29, 'right': 40, 'bottom': 53} center=(20, 41) process_id=23912 native_handle=None topbar_candidate=True popup_candidate=False
2026-08-25 22:19:31.501 | DEBUG    | winwatt_automation.live_ui.menu_helpers:_log_popup_fragment:499 - DBG_MENU_FRAGMENT_MAIN_WINDOW source_scope=main_window control_type=MenuItem class_name= text='Jegyzékek' rectangle={'left': 40, 'top': 29, 'right': 123, 'bottom': 53} center=(81, 41) process_id=23912 native_handle=None topbar_candidate=True popup_candidate=False
2026-08-25 22:19:31.501 | DEBUG    | winwatt_automation.live_ui.menu_helpers:_log_popup_fragment:499 - DBG_MENU_FRAGMENT_MAIN_WINDOW source_scope=main_window control_type=MenuItem class_name= text='Adatbázis...' rectangle={'left': 123, 'top': 29, 'right': 216, 'bottom': 53} center=(169, 41) process_id=23912 native_handle=None topbar_candidate=True popup_candidate=False
2026-08-25 22:19:31.504 | DEBUG    | winwatt_automation.live_ui.menu_helpers:_log_popup_fragment:499 - DBG_MENU_FRAGMENT_MAIN_WINDOW source_scope=main_window control_type=MenuItem class_name= text='Beállítások' rectangle={'left': 215, 'top': 29, 'right': 303, 'bottom': 53} center=(259, 41) process_id=23912 native_handle=None topbar_candidate=True popup_candidate=False
2026-08-25 22:19:31.505 | DEBUG    | winwatt_automation.live_ui.menu_helpers:_log_popup_fragment:499 - DBG_MENU_FRAGMENT_MAIN_WINDOW source_scope=main_window control_type=MenuItem class_name= text='Ablak' rectangle={'left': 303, 'top': 29, 'right': 358, 'bottom': 53} center=(330, 41) process_id=23912 native_handle=None topbar_candidate=True popup_candidate=False
2026-08-25 22:19:31.506 | DEBUG    | winwatt_automation.live_ui.menu_helpers:_log_popup_fragment:499 - DBG_MENU_FRAGMENT_MAIN_WINDOW source_scope=main_window control_type=MenuItem class_name= text='Súgó' rectangle={'left': 358, 'top': 29, 'right': 409, 'bottom': 53} center=(383, 41) process_id=23912 native_handle=None topbar_candidate=True popup_candidate=False
2026-08-25 22:19:31.506 | DEBUG    | winwatt_automation.live_ui.menu_helpers:_menu_like_controls_from_main_window:1599 - DBG_MENU_FRAGMENT_SOURCE_SUMMARY source_scope=main_window count=7
2026-08-25 22:19:31.509 | DEBUG    | winwatt_automation.live_ui.app_connector:get_cached_main_window:565 - DBG_WINWATT_CACHE_GET reason_code=cache_reused_without_validation payload={'wrapper_type': 'UIAWrapper', 'handle': 396386, 'process_id': 23912, 'title': 'WinWatt gólya', 'class_name': 'TMainForm', 'control_type': 'Window'} last_validation_age_s=18.0 diagnostic_fast_mode=True
2026-08-25 22:19:31.510 | DEBUG    | winwatt_automation.live_ui.app_connector:get_cached_main_window:566 - DBG_PHASE_TIMING phase=get_cached_main_window elapsed_ms=0.000 reason_code=cache_reused_without_validation
2026-08-25 22:19:31.510 | DEBUG    | winwatt_automation.live_ui.menu_helpers:capture_menu_popup_snapshot:1682 - DBG_POPUP_ROW_DEDUPE rect={'left': 0, 'top': 0, 'right': 28, 'bottom': 28} normalized_text=rendszer class_name= source_scope=main_window deduplicated=False
2026-08-25 22:19:31.510 | DEBUG    | winwatt_automation.live_ui.menu_helpers:capture_menu_popup_snapshot:1682 - DBG_POPUP_ROW_DEDUPE rect={'left': 0, 'top': 29, 'right': 40, 'bottom': 53} normalized_text=fájl class_name= source_scope=main_window deduplicated=False
2026-08-25 22:19:31.510 | DEBUG    | winwatt_automation.live_ui.menu_helpers:capture_menu_popup_snapshot:1682 - DBG_POPUP_ROW_DEDUPE rect={'left': 40, 'top': 29, 'right': 123, 'bottom': 53} normalized_text=jegyzékek class_name= source_scope=main_window deduplicated=False
2026-08-25 22:19:31.510 | DEBUG    | winwatt_automation.live_ui.menu_helpers:capture_menu_popup_snapshot:1682 - DBG_POPUP_ROW_DEDUPE rect={'left': 123, 'top': 29, 'right': 216, 'bottom': 53} normalized_text=adatbázis... class_name= source_scope=main_window deduplicated=False
2026-08-25 22:19:31.510 | DEBUG    | winwatt_automation.live_ui.menu_helpers:capture_menu_popup_snapshot:1682 - DBG_POPUP_ROW_DEDUPE rect={'left': 215, 'top': 29, 'right': 303, 'bottom': 53} normalized_text=beállítások class_name= source_scope=main_window deduplicated=False
2026-08-25 22:19:31.511 | DEBUG    | winwatt_automation.live_ui.menu_helpers:capture_menu_popup_snapshot:1682 - DBG_POPUP_ROW_DEDUPE rect={'left': 303, 'top': 29, 'right': 358, 'bottom': 53} normalized_text=ablak class_name= source_scope=main_window deduplicated=False
2026-08-25 22:19:31.511 | DEBUG    | winwatt_automation.live_ui.menu_helpers:capture_menu_popup_snapshot:1682 - DBG_POPUP_ROW_DEDUPE rect={'left': 358, 'top': 29, 'right': 409, 'bottom': 53} normalized_text=súgó class_name= source_scope=main_window deduplicated=False
2026-08-25 22:19:31.511 | INFO     | winwatt_automation.live_ui.menu_helpers:capture_menu_popup_snapshot:1724 - POPUP_SNAPSHOT_SUMMARY main_window_fragments=7 global_scan_fragments=0 deduped_fragments=7 topbar_like=6 popup_like=0 empty_text=0 topbar_band=(0, 29, 409, 53) empty_text_vertical_cluster_detected=False accepted_popup_rows=0 popup_heuristic=candidate_count_below_threshold
2026-08-25 22:19:31.511 | DEBUG    | winwatt_automation.live_ui.menu_helpers:capture_menu_popup_snapshot:1737 - Captured menu snapshot rows=7
2026-08-25 22:19:31.511 | DEBUG    | winwatt_automation.live_ui.menu_helpers:_log_phase_timing:83 - DBG_PHASE_TIMING phase=capture_menu_popup_snapshot elapsed_ms=235.000 main_rows=7 global_rows=0 unique_rows=7 diagnostic_fast_mode=True
2026-08-25 22:19:31.564 | DEBUG    | winwatt_automation.live_ui.app_connector:get_cached_main_window:565 - DBG_WINWATT_CACHE_GET reason_code=cache_reused_without_validation payload={'wrapper_type': 'UIAWrapper', 'handle': 396386, 'process_id': 23912, 'title': 'WinWatt gólya', 'class_name': 'TMainForm', 'control_type': 'Window'} last_validation_age_s=18.062000000005355 diagnostic_fast_mode=True
2026-08-25 22:19:31.564 | DEBUG    | winwatt_automation.live_ui.app_connector:get_cached_main_window:566 - DBG_PHASE_TIMING phase=get_cached_main_window elapsed_ms=0.000 reason_code=cache_reused_without_validation
2026-08-25 22:19:31.571 | DEBUG    | winwatt_automation.live_ui.app_connector:get_cached_main_window:565 - DBG_WINWATT_CACHE_GET reason_code=cache_reused_without_validation payload={'wrapper_type': 'UIAWrapper', 'handle': 396386, 'process_id': 23912, 'title': 'WinWatt gólya', 'class_name': 'TMainForm', 'control_type': 'Window'} last_validation_age_s=18.062000000005355 diagnostic_fast_mode=True
2026-08-25 22:19:31.571 | DEBUG    | winwatt_automation.live_ui.app_connector:get_cached_main_window:566 - DBG_PHASE_TIMING phase=get_cached_main_window elapsed_ms=0.000 reason_code=cache_reused_without_validation
2026-08-25 22:19:31.578 | DEBUG    | winwatt_automation.live_ui.app_connector:get_cached_main_window:565 - DBG_WINWATT_CACHE_GET reason_code=cache_reused_without_validation payload={'wrapper_type': 'UIAWrapper', 'handle': 396386, 'process_id': 23912, 'title': 'WinWatt gólya', 'class_name': 'TMainForm', 'control_type': 'Window'} last_validation_age_s=18.062000000005355 diagnostic_fast_mode=True
2026-08-25 22:19:31.579 | DEBUG    | winwatt_automation.live_ui.app_connector:get_cached_main_window:566 - DBG_PHASE_TIMING phase=get_cached_main_window elapsed_ms=16.000 reason_code=cache_reused_without_validation
2026-08-25 22:19:31.579 | INFO     | winwatt_automation.live_ui.menu_helpers:_menu_items:1101 - DBG_MENU_ITEMS_SUMMARY total_items=7 visible_items=7 topbar_band=(0, 0, 409, 53) topbar_band_visible_count=7 popup_region_visible_count=0 force_refresh=False handle=396386
2026-08-25 22:19:31.579 | DEBUG    | winwatt_automation.live_ui.menu_helpers:_menu_items:1111 - Discovered 7 MenuItem controls
2026-08-25 22:19:31.579 | DEBUG    | winwatt_automation.live_ui.menu_helpers:_log_phase_timing:83 - DBG_PHASE_TIMING phase=_menu_items elapsed_ms=16.000 force_refresh=False total_items=7 visible_items=7
2026-08-25 22:19:31.579 | DEBUG    | winwatt_automation.live_ui.menu_helpers:_log_popup_fragment:499 - DBG_MENU_FRAGMENT_MAIN_WINDOW source_scope=main_window control_type=MenuItem class_name= text='Rendszer' rectangle={'left': 0, 'top': 0, 'right': 28, 'bottom': 28} center=(14, 14) process_id=23912 native_handle=None topbar_candidate=True popup_candidate=False
2026-08-25 22:19:31.579 | DEBUG    | winwatt_automation.live_ui.menu_helpers:_log_popup_fragment:499 - DBG_MENU_FRAGMENT_MAIN_WINDOW source_scope=main_window control_type=MenuItem class_name= text='Fájl' rectangle={'left': 0, 'top': 29, 'right': 40, 'bottom': 53} center=(20, 41) process_id=23912 native_handle=None topbar_candidate=True popup_candidate=False
2026-08-25 22:19:31.579 | DEBUG    | winwatt_automation.live_ui.menu_helpers:_log_popup_fragment:499 - DBG_MENU_FRAGMENT_MAIN_WINDOW source_scope=main_window control_type=MenuItem class_name= text='Jegyzékek' rectangle={'left': 40, 'top': 29, 'right': 123, 'bottom': 53} center=(81, 41) process_id=23912 native_handle=None topbar_candidate=True popup_candidate=False
2026-08-25 22:19:31.579 | DEBUG    | winwatt_automation.live_ui.menu_helpers:_log_popup_fragment:499 - DBG_MENU_FRAGMENT_MAIN_WINDOW source_scope=main_window control_type=MenuItem class_name= text='Adatbázis...' rectangle={'left': 123, 'top': 29, 'right': 216, 'bottom': 53} center=(169, 41) process_id=23912 native_handle=None topbar_candidate=True popup_candidate=False
2026-08-25 22:19:31.579 | DEBUG    | winwatt_automation.live_ui.menu_helpers:_log_popup_fragment:499 - DBG_MENU_FRAGMENT_MAIN_WINDOW source_scope=main_window control_type=MenuItem class_name= text='Beállítások' rectangle={'left': 215, 'top': 29, 'right': 303, 'bottom': 53} center=(259, 41) process_id=23912 native_handle=None topbar_candidate=True popup_candidate=False
2026-08-25 22:19:31.579 | DEBUG    | winwatt_automation.live_ui.menu_helpers:_log_popup_fragment:499 - DBG_MENU_FRAGMENT_MAIN_WINDOW source_scope=main_window control_type=MenuItem class_name= text='Ablak' rectangle={'left': 303, 'top': 29, 'right': 358, 'bottom': 53} center=(330, 41) process_id=23912 native_handle=None topbar_candidate=True popup_candidate=False
2026-08-25 22:19:31.579 | DEBUG    | winwatt_automation.live_ui.menu_helpers:_log_popup_fragment:499 - DBG_MENU_FRAGMENT_MAIN_WINDOW source_scope=main_window control_type=MenuItem class_name= text='Súgó' rectangle={'left': 358, 'top': 29, 'right': 409, 'bottom': 53} center=(383, 41) process_id=23912 native_handle=None topbar_candidate=True popup_candidate=False
2026-08-25 22:19:31.579 | DEBUG    | winwatt_automation.live_ui.menu_helpers:_menu_like_controls_from_main_window:1599 - DBG_MENU_FRAGMENT_SOURCE_SUMMARY source_scope=main_window count=7
2026-08-25 22:19:31.579 | DEBUG    | winwatt_automation.live_ui.app_connector:get_cached_main_window:565 - DBG_WINWATT_CACHE_GET reason_code=cache_reused_without_validation payload={'wrapper_type': 'UIAWrapper', 'handle': 396386, 'process_id': 23912, 'title': 'WinWatt gólya', 'class_name': 'TMainForm', 'control_type': 'Window'} last_validation_age_s=18.07799999997951 diagnostic_fast_mode=True
2026-08-25 22:19:31.579 | DEBUG    | winwatt_automation.live_ui.app_connector:get_cached_main_window:566 - DBG_PHASE_TIMING phase=get_cached_main_window elapsed_ms=0.000 reason_code=cache_reused_without_validation
2026-08-25 22:19:31.579 | DEBUG    | winwatt_automation.live_ui.menu_helpers:capture_menu_popup_snapshot:1682 - DBG_POPUP_ROW_DEDUPE rect={'left': 0, 'top': 0, 'right': 28, 'bottom': 28} normalized_text=rendszer class_name= source_scope=main_window deduplicated=False
2026-08-25 22:19:31.588 | DEBUG    | winwatt_automation.live_ui.menu_helpers:capture_menu_popup_snapshot:1682 - DBG_POPUP_ROW_DEDUPE rect={'left': 0, 'top': 29, 'right': 40, 'bottom': 53} normalized_text=fájl class_name= source_scope=main_window deduplicated=False
2026-08-25 22:19:31.588 | DEBUG    | winwatt_automation.live_ui.menu_helpers:capture_menu_popup_snapshot:1682 - DBG_POPUP_ROW_DEDUPE rect={'left': 40, 'top': 29, 'right': 123, 'bottom': 53} normalized_text=jegyzékek class_name= source_scope=main_window deduplicated=False
2026-08-25 22:19:31.588 | DEBUG    | winwatt_automation.live_ui.menu_helpers:capture_menu_popup_snapshot:1682 - DBG_POPUP_ROW_DEDUPE rect={'left': 123, 'top': 29, 'right': 216, 'bottom': 53} normalized_text=adatbázis... class_name= source_scope=main_window deduplicated=False
2026-08-25 22:19:31.588 | DEBUG    | winwatt_automation.live_ui.menu_helpers:capture_menu_popup_snapshot:1682 - DBG_POPUP_ROW_DEDUPE rect={'left': 215, 'top': 29, 'right': 303, 'bottom': 53} normalized_text=beállítások class_name= source_scope=main_window deduplicated=False
2026-08-25 22:19:31.588 | DEBUG    | winwatt_automation.live_ui.menu_helpers:capture_menu_popup_snapshot:1682 - DBG_POPUP_ROW_DEDUPE rect={'left': 303, 'top': 29, 'right': 358, 'bottom': 53} normalized_text=ablak class_name= source_scope=main_window deduplicated=False
2026-08-25 22:19:31.588 | DEBUG    | winwatt_automation.live_ui.menu_helpers:capture_menu_popup_snapshot:1682 - DBG_POPUP_ROW_DEDUPE rect={'left': 358, 'top': 29, 'right': 409, 'bottom': 53} normalized_text=súgó class_name= source_scope=main_window deduplicated=False
2026-08-25 22:19:31.588 | INFO     | winwatt_automation.live_ui.menu_helpers:capture_menu_popup_snapshot:1724 - POPUP_SNAPSHOT_SUMMARY main_window_fragments=7 global_scan_fragments=0 deduped_fragments=7 topbar_like=6 popup_like=0 empty_text=0 topbar_band=(0, 29, 409, 53) empty_text_vertical_cluster_detected=False accepted_popup_rows=0 popup_heuristic=candidate_count_below_threshold
2026-08-25 22:19:31.588 | DEBUG    | winwatt_automation.live_ui.menu_helpers:capture_menu_popup_snapshot:1737 - Captured menu snapshot rows=7
2026-08-25 22:19:31.588 | DEBUG    | winwatt_automation.live_ui.menu_helpers:_log_phase_timing:83 - DBG_PHASE_TIMING phase=capture_menu_popup_snapshot elapsed_ms=16.000 main_rows=7 global_rows=0 unique_rows=7 diagnostic_fast_mode=True
2026-08-25 22:19:31.588 | DEBUG    | winwatt_automation.runtime_mapping.program_mapper:restore_clean_menu_baseline:992 - baseline_restore success state=no_project stage=after:Fájl
2026-08-25 22:19:31.588 | INFO     | winwatt_automation.runtime_mapping.program_mapper:map_runtime_state:4418 - MAP_RUNTIME_STATE_FINAL_COUNTS state_id=no_project retained_top_menus=['Fájl'] rows=9 actions=4 dialogs=0 windows=0 transitions=0 partial=False stop_reason=None
2026-08-25 22:19:31.588 | INFO     | winwatt_automation.runtime_mapping.program_mapper:_build_state_atlas_entry:2053 - STATE_ATLAS_ENTRY_CREATED state_id=no_project top_menus=1 rows=9 actions=1 transitions=0 top_menu_texts=['Fájl'] action_sample=[['Fájl', 'Végrehajtás']]
[event] state_mapped: {"actions": 4, "dialogs": 0, "state_id": "no_project", "top_menus": 1}
2026-08-25 22:19:32.839 | INFO     | winwatt_automation.live_ui.app_connector:get_cached_main_window:597 - DBG_WINWATT_CACHE_GET reason_code=cache_missing_resolving_fresh diagnostic_fast_mode=True
2026-08-25 22:19:33.239 | DEBUG    | winwatt_automation.live_ui.app_connector:list_candidate_windows:180 - Discovered 0 WinWatt-like windows on backend=win32
2026-08-25 22:19:33.239 | INFO     | winwatt_automation.live_ui.app_connector:_connect_with_win32_handle:276 - DBG_WINWATT_CONNECT_WIN32_CANDIDATES locator=backend=win32 ranked_candidates=[]
2026-08-25 22:19:33.239 | WARNING  | winwatt_automation.runtime_mapping.program_mapper:_safe_capture_snapshot:191 - snapshot_capture_failed state_id=startup_after_relaunch error=No WinWatt-like windows were found
2026-08-25 22:19:33.741 | INFO     | winwatt_automation.live_ui.app_connector:get_cached_main_window:597 - DBG_WINWATT_CACHE_GET reason_code=cache_missing_resolving_fresh diagnostic_fast_mode=True
2026-08-25 22:19:36.379 | DEBUG    | winwatt_automation.live_ui.app_connector:list_candidate_windows:180 - Discovered 0 WinWatt-like windows on backend=win32
2026-08-25 22:19:36.379 | INFO     | winwatt_automation.live_ui.app_connector:_connect_with_win32_handle:276 - DBG_WINWATT_CONNECT_WIN32_CANDIDATES locator=backend=win32 ranked_candidates=[]
2026-08-25 22:19:36.379 | WARNING  | winwatt_automation.runtime_mapping.program_mapper:_safe_capture_snapshot:191 - snapshot_capture_failed state_id=startup_after_relaunch error=No WinWatt-like windows were found
2026-08-25 22:19:36.893 | INFO     | winwatt_automation.live_ui.app_connector:get_cached_main_window:597 - DBG_WINWATT_CACHE_GET reason_code=cache_missing_resolving_fresh diagnostic_fast_mode=True
2026-08-25 22:19:38.033 | DEBUG    | winwatt_automation.live_ui.app_connector:list_candidate_windows:180 - Discovered 0 WinWatt-like windows on backend=win32
2026-08-25 22:19:38.033 | INFO     | winwatt_automation.live_ui.app_connector:_connect_with_win32_handle:276 - DBG_WINWATT_CONNECT_WIN32_CANDIDATES locator=backend=win32 ranked_candidates=[]
2026-08-25 22:19:38.033 | WARNING  | winwatt_automation.runtime_mapping.program_mapper:_safe_capture_snapshot:191 - snapshot_capture_failed state_id=startup_after_relaunch error=No WinWatt-like windows were found
2026-08-25 22:19:38.534 | INFO     | winwatt_automation.live_ui.app_connector:get_cached_main_window:597 - DBG_WINWATT_CACHE_GET reason_code=cache_missing_resolving_fresh diagnostic_fast_mode=True
2026-08-25 22:19:38.708 | DEBUG    | winwatt_automation.live_ui.app_connector:list_candidate_windows:180 - Discovered 0 WinWatt-like windows on backend=win32
2026-08-25 22:19:38.708 | INFO     | winwatt_automation.live_ui.app_connector:_connect_with_win32_handle:276 - DBG_WINWATT_CONNECT_WIN32_CANDIDATES locator=backend=win32 ranked_candidates=[]
2026-08-25 22:19:38.708 | WARNING  | winwatt_automation.runtime_mapping.program_mapper:_safe_capture_snapshot:191 - snapshot_capture_failed state_id=startup_after_relaunch error=No WinWatt-like windows were found
2026-08-25 22:19:39.209 | INFO     | winwatt_automation.live_ui.app_connector:get_cached_main_window:597 - DBG_WINWATT_CACHE_GET reason_code=cache_missing_resolving_fresh diagnostic_fast_mode=True
2026-08-25 22:19:39.364 | DEBUG    | winwatt_automation.live_ui.app_connector:list_candidate_windows:180 - Discovered 0 WinWatt-like windows on backend=win32
2026-08-25 22:19:39.364 | INFO     | winwatt_automation.live_ui.app_connector:_connect_with_win32_handle:276 - DBG_WINWATT_CONNECT_WIN32_CANDIDATES locator=backend=win32 ranked_candidates=[]
2026-08-25 22:19:39.364 | WARNING  | winwatt_automation.runtime_mapping.program_mapper:_safe_capture_snapshot:191 - snapshot_capture_failed state_id=startup_after_relaunch error=No WinWatt-like windows were found
2026-08-25 22:19:39.865 | INFO     | winwatt_automation.live_ui.app_connector:get_cached_main_window:597 - DBG_WINWATT_CACHE_GET reason_code=cache_missing_resolving_fresh diagnostic_fast_mode=True
2026-08-25 22:19:39.964 | DEBUG    | winwatt_automation.live_ui.app_connector:list_candidate_windows:180 - Discovered 0 WinWatt-like windows on backend=win32
2026-08-25 22:19:39.964 | INFO     | winwatt_automation.live_ui.app_connector:_connect_with_win32_handle:276 - DBG_WINWATT_CONNECT_WIN32_CANDIDATES locator=backend=win32 ranked_candidates=[]
2026-08-25 22:19:39.964 | WARNING  | winwatt_automation.runtime_mapping.program_mapper:_safe_capture_snapshot:191 - snapshot_capture_failed state_id=startup_after_relaunch error=No WinWatt-like windows were found
2026-08-25 22:19:40.469 | INFO     | winwatt_automation.live_ui.app_connector:get_cached_main_window:597 - DBG_WINWATT_CACHE_GET reason_code=cache_missing_resolving_fresh diagnostic_fast_mode=True
2026-08-25 22:19:40.573 | DEBUG    | winwatt_automation.live_ui.app_connector:list_candidate_windows:180 - Discovered 0 WinWatt-like windows on backend=win32
2026-08-25 22:19:40.573 | INFO     | winwatt_automation.live_ui.app_connector:_connect_with_win32_handle:276 - DBG_WINWATT_CONNECT_WIN32_CANDIDATES locator=backend=win32 ranked_candidates=[]
2026-08-25 22:19:40.573 | WARNING  | winwatt_automation.runtime_mapping.program_mapper:_safe_capture_snapshot:191 - snapshot_capture_failed state_id=startup_after_relaunch error=No WinWatt-like windows were found
2026-08-25 22:19:41.078 | INFO     | winwatt_automation.live_ui.app_connector:get_cached_main_window:597 - DBG_WINWATT_CACHE_GET reason_code=cache_missing_resolving_fresh diagnostic_fast_mode=True
2026-08-25 22:19:41.151 | DEBUG    | winwatt_automation.live_ui.app_connector:list_candidate_windows:180 - Discovered 0 WinWatt-like windows on backend=win32
2026-08-25 22:19:41.151 | INFO     | winwatt_automation.live_ui.app_connector:_connect_with_win32_handle:276 - DBG_WINWATT_CONNECT_WIN32_CANDIDATES locator=backend=win32 ranked_candidates=[]
2026-08-25 22:19:41.151 | WARNING  | winwatt_automation.runtime_mapping.program_mapper:_safe_capture_snapshot:191 - snapshot_capture_failed state_id=startup_after_relaunch error=No WinWatt-like windows were found
2026-08-25 22:19:41.657 | INFO     | winwatt_automation.live_ui.app_connector:get_cached_main_window:597 - DBG_WINWATT_CACHE_GET reason_code=cache_missing_resolving_fresh diagnostic_fast_mode=True
2026-08-25 22:19:41.757 | DEBUG    | winwatt_automation.live_ui.app_connector:list_candidate_windows:180 - Discovered 0 WinWatt-like windows on backend=win32
2026-08-25 22:19:41.757 | INFO     | winwatt_automation.live_ui.app_connector:_connect_with_win32_handle:276 - DBG_WINWATT_CONNECT_WIN32_CANDIDATES locator=backend=win32 ranked_candidates=[]
2026-08-25 22:19:41.757 | WARNING  | winwatt_automation.runtime_mapping.program_mapper:_safe_capture_snapshot:191 - snapshot_capture_failed state_id=startup_after_relaunch error=No WinWatt-like windows were found
2026-08-25 22:19:42.258 | INFO     | winwatt_automation.live_ui.app_connector:get_cached_main_window:597 - DBG_WINWATT_CACHE_GET reason_code=cache_missing_resolving_fresh diagnostic_fast_mode=True
2026-08-25 22:19:42.329 | DEBUG    | winwatt_automation.live_ui.app_connector:list_candidate_windows:180 - Discovered 0 WinWatt-like windows on backend=win32
2026-08-25 22:19:42.329 | INFO     | winwatt_automation.live_ui.app_connector:_connect_with_win32_handle:276 - DBG_WINWATT_CONNECT_WIN32_CANDIDATES locator=backend=win32 ranked_candidates=[]
2026-08-25 22:19:42.329 | WARNING  | winwatt_automation.runtime_mapping.program_mapper:_safe_capture_snapshot:191 - snapshot_capture_failed state_id=startup_after_relaunch error=No WinWatt-like windows were found
2026-08-25 22:19:42.836 | INFO     | winwatt_automation.live_ui.app_connector:get_cached_main_window:597 - DBG_WINWATT_CACHE_GET reason_code=cache_missing_resolving_fresh diagnostic_fast_mode=True
2026-08-25 22:19:42.915 | DEBUG    | winwatt_automation.live_ui.app_connector:list_candidate_windows:180 - Discovered 0 WinWatt-like windows on backend=win32
2026-08-25 22:19:42.915 | INFO     | winwatt_automation.live_ui.app_connector:_connect_with_win32_handle:276 - DBG_WINWATT_CONNECT_WIN32_CANDIDATES locator=backend=win32 ranked_candidates=[]
2026-08-25 22:19:42.917 | WARNING  | winwatt_automation.runtime_mapping.program_mapper:_safe_capture_snapshot:191 - snapshot_capture_failed state_id=startup_after_relaunch error=No WinWatt-like windows were found
2026-08-25 22:19:43.418 | INFO     | winwatt_automation.live_ui.app_connector:get_cached_main_window:597 - DBG_WINWATT_CACHE_GET reason_code=cache_missing_resolving_fresh diagnostic_fast_mode=True
2026-08-25 22:19:43.521 | DEBUG    | winwatt_automation.live_ui.app_connector:list_candidate_windows:180 - Discovered 0 WinWatt-like windows on backend=win32
2026-08-25 22:19:43.521 | INFO     | winwatt_automation.live_ui.app_connector:_connect_with_win32_handle:276 - DBG_WINWATT_CONNECT_WIN32_CANDIDATES locator=backend=win32 ranked_candidates=[]
2026-08-25 22:19:43.521 | WARNING  | winwatt_automation.runtime_mapping.program_mapper:_safe_capture_snapshot:191 - snapshot_capture_failed state_id=startup_after_relaunch error=No WinWatt-like windows were found
2026-08-25 22:19:44.023 | INFO     | winwatt_automation.live_ui.app_connector:get_cached_main_window:597 - DBG_WINWATT_CACHE_GET reason_code=cache_missing_resolving_fresh diagnostic_fast_mode=True
2026-08-25 22:19:44.098 | DEBUG    | winwatt_automation.live_ui.app_connector:list_candidate_windows:180 - Discovered 0 WinWatt-like windows on backend=win32
2026-08-25 22:19:44.098 | INFO     | winwatt_automation.live_ui.app_connector:_connect_with_win32_handle:276 - DBG_WINWATT_CONNECT_WIN32_CANDIDATES locator=backend=win32 ranked_candidates=[]
2026-08-25 22:19:44.098 | WARNING  | winwatt_automation.runtime_mapping.program_mapper:_safe_capture_snapshot:191 - snapshot_capture_failed state_id=startup_after_relaunch error=No WinWatt-like windows were found
2026-08-25 22:19:44.611 | INFO     | winwatt_automation.live_ui.app_connector:get_cached_main_window:597 - DBG_WINWATT_CACHE_GET reason_code=cache_missing_resolving_fresh diagnostic_fast_mode=True
2026-08-25 22:19:44.815 | DEBUG    | winwatt_automation.live_ui.app_connector:list_candidate_windows:180 - Discovered 1 WinWatt-like windows on backend=win32
2026-08-25 22:19:44.815 | DEBUG    | winwatt_automation.live_ui.app_connector:list_candidate_windows:182 - Candidate[win32]: {'title': 'WinWatt gólya - C:\\Users\\Admin\\Documents\\GitHub\\autowinwatt\\winwatt_automation\\tests\\testwwp.wwp', 'window_text': 'WinWatt gólya - C:\\Users\\Admin\\Documents\\GitHub\\autowinwatt\\winwatt_automation\\tests\\testwwp.wwp', 'class_name': 'TMainForm', 'control_type': None, 'process_id': 20892, 'handle': None, 'is_visible': True, 'is_enabled': True, 'rectangle': {'left': 171, 'top': 96, 'right': 1170, 'bottom': 1151, 'width': 999, 'height': 1055}, 'size': {'width': 999, 'height': 1055}}
2026-08-25 22:19:44.815 | INFO     | winwatt_automation.live_ui.app_connector:_connect_with_win32_handle:276 - DBG_WINWATT_CONNECT_WIN32_CANDIDATES locator=backend=win32 ranked_candidates=[{'rank': 1, 'score': (1, 1, 1, 1, 1053945), 'process_id': 20892, 'handle': None, 'class_name': 'TMainForm', 'title': 'WinWatt gólya - C:\\Users\\Admin\\Documents\\GitHub\\autowinwatt\\winwatt_automation\\tests\\testwwp.wwp', 'visible': True, 'enabled': True}]
2026-08-25 22:19:44.815 | INFO     | winwatt_automation.live_ui.app_connector:select_main_window:224 - Candidate ranking score=(1, 1, 1, 1, 1053945) data={'title': 'WinWatt gólya - C:\\Users\\Admin\\Documents\\GitHub\\autowinwatt\\winwatt_automation\\tests\\testwwp.wwp', 'window_text': 'WinWatt gólya - C:\\Users\\Admin\\Documents\\GitHub\\autowinwatt\\winwatt_automation\\tests\\testwwp.wwp', 'class_name': 'TMainForm', 'control_type': None, 'process_id': 20892, 'handle': None, 'is_visible': True, 'is_enabled': True, 'rectangle': {'left': 171, 'top': 96, 'right': 1170, 'bottom': 1151, 'width': 999, 'height': 1055}, 'size': {'width': 999, 'height': 1055}}
2026-08-25 22:19:44.815 | INFO     | winwatt_automation.live_ui.app_connector:select_main_window:234 - Selected main window process_id=20892 handle=None score=(1, 1, 1, 1, 1053945) reasons=['has_process_id=True', 'has_handle=False', 'visible=True', 'enabled=True', 'title_has_winwatt=True', 'area=1053945']
2026-08-25 22:19:44.817 | INFO     | winwatt_automation.live_ui.app_connector:_connect_with_win32_handle:293 - DBG_WINWATT_CONNECT_WIN32_SELECTED selected_payload={'title': 'WinWatt gólya - C:\\Users\\Admin\\Documents\\GitHub\\autowinwatt\\winwatt_automation\\tests\\testwwp.wwp', 'window_text': 'WinWatt gólya - C:\\Users\\Admin\\Documents\\GitHub\\autowinwatt\\winwatt_automation\\tests\\testwwp.wwp', 'class_name': 'TMainForm', 'control_type': None, 'process_id': 20892, 'handle': None, 'is_visible': True, 'is_enabled': True, 'rectangle': {'left': 171, 'top': 96, 'right': 1170, 'bottom': 1151, 'width': 999, 'height': 1055}, 'size': {'width': 999, 'height': 1055}} selected_handle_is_none=True
2026-08-25 22:19:44.818 | INFO     | winwatt_automation.live_ui.app_connector:_connect_with_win32_handle:336 - Connected to WinWatt backend=win32 attach_mode=process candidate={'process_id': 20892, 'handle': None, 'class_name': 'TMainForm', 'title': 'WinWatt gólya - C:\\Users\\Admin\\Documents\\GitHub\\autowinwatt\\winwatt_automation\\tests\\testwwp.wwp'}
2026-08-25 22:19:44.831 | INFO     | winwatt_automation.live_ui.app_connector:_connect_with_win32_handle:350 - DBG_WINWATT_CONNECT_WIN32_RESOLVED process_id=20892 resolved_handle=None selected_payload={'title': 'WinWatt gólya - C:\\Users\\Admin\\Documents\\GitHub\\autowinwatt\\winwatt_automation\\tests\\testwwp.wwp', 'window_text': 'WinWatt gólya - C:\\Users\\Admin\\Documents\\GitHub\\autowinwatt\\winwatt_automation\\tests\\testwwp.wwp', 'class_name': 'TMainForm', 'control_type': None, 'process_id': 20892, 'handle': None, 'is_visible': True, 'is_enabled': True, 'rectangle': {'left': 171, 'top': 96, 'right': 1170, 'bottom': 1151, 'width': 999, 'height': 1055}, 'size': {'width': 999, 'height': 1055}}
2026-08-25 22:19:44.831 | INFO     | winwatt_automation.live_ui.app_connector:_resolve_uia_main_window:382 - DBG_WINWATT_RESOLVE_UIA_WIN32_SELECTED selected_payload={'title': 'WinWatt gólya - C:\\Users\\Admin\\Documents\\GitHub\\autowinwatt\\winwatt_automation\\tests\\testwwp.wwp', 'window_text': 'WinWatt gólya - C:\\Users\\Admin\\Documents\\GitHub\\autowinwatt\\winwatt_automation\\tests\\testwwp.wwp', 'class_name': 'TMainForm', 'control_type': None, 'process_id': 20892, 'handle': None, 'is_visible': True, 'is_enabled': True, 'rectangle': {'left': 171, 'top': 96, 'right': 1170, 'bottom': 1151, 'width': 999, 'height': 1055}, 'size': {'width': 999, 'height': 1055}}
2026-08-25 22:19:44.831 | INFO     | winwatt_automation.live_ui.app_connector:_resolve_uia_main_window:388 - Connected to WinWatt backend=uia process_id=20892
2026-08-25 22:19:44.831 | INFO     | winwatt_automation.live_ui.app_connector:_resolve_uia_main_window:390 - Resolving main WinWatt window backend=uia class_name=TMainForm title_re=.*WinWatt.*
2026-08-25 22:19:45.150 | INFO     | winwatt_automation.live_ui.app_connector:_resolve_uia_main_window:400 - DBG_WINWATT_RESOLVE_UIA_PRIMARY selected_payload={'title': 'WinWatt gólya - C:\\Users\\Admin\\Documents\\GitHub\\autowinwatt\\winwatt_automation\\tests\\testwwp.wwp', 'window_text': 'WinWatt gólya - C:\\Users\\Admin\\Documents\\GitHub\\autowinwatt\\winwatt_automation\\tests\\testwwp.wwp', 'class_name': 'TMainForm', 'control_type': None, 'process_id': 20892, 'handle': None, 'is_visible': True, 'is_enabled': True, 'rectangle': {'left': 171, 'top': 96, 'right': 1170, 'bottom': 1151, 'width': 999, 'height': 1055}, 'size': {'width': 999, 'height': 1055}} primary_result={'wrapper_type': 'UIAWrapper', 'handle': 1706870, 'process_id': 20892, 'title': 'WinWatt gólya - C:\\Users\\Admin\\Documents\\GitHub\\autowinwatt\\winwatt_automation\\tests\\testwwp.wwp', 'class_name': 'TMainForm', 'control_type': 'Window'} identity_match_with_win32=None
2026-08-25 22:19:45.150 | DEBUG    | winwatt_automation.live_ui.app_connector:get_cached_main_window:606 - DBG_PHASE_TIMING phase=get_cached_main_window elapsed_ms=531.000 reason_code=fresh_resolve
2026-08-25 22:19:45.347 | DEBUG    | winwatt_automation.live_ui.app_connector:get_cached_main_window:565 - DBG_WINWATT_CACHE_GET reason_code=cache_reused_without_validation payload={'wrapper_type': 'UIAWrapper', 'handle': 1706870, 'process_id': 20892, 'title': 'WinWatt gólya - C:\\Users\\Admin\\Documents\\GitHub\\autowinwatt\\winwatt_automation\\tests\\testwwp.wwp', 'class_name': 'TMainForm', 'control_type': 'Window'} last_validation_age_s=0.20300000000861473 diagnostic_fast_mode=True
2026-08-25 22:19:45.347 | DEBUG    | winwatt_automation.live_ui.app_connector:get_cached_main_window:566 - DBG_PHASE_TIMING phase=get_cached_main_window elapsed_ms=0.000 reason_code=cache_reused_without_validation
2026-08-25 22:19:45.347 | DEBUG    | winwatt_automation.live_ui.app_connector:get_cached_main_window:565 - DBG_WINWATT_CACHE_GET reason_code=cache_reused_without_validation payload={'wrapper_type': 'UIAWrapper', 'handle': 1706870, 'process_id': 20892, 'title': 'WinWatt gólya - C:\\Users\\Admin\\Documents\\GitHub\\autowinwatt\\winwatt_automation\\tests\\testwwp.wwp', 'class_name': 'TMainForm', 'control_type': 'Window'} last_validation_age_s=0.20300000000861473 diagnostic_fast_mode=True
2026-08-25 22:19:45.347 | DEBUG    | winwatt_automation.live_ui.app_connector:get_cached_main_window:566 - DBG_PHASE_TIMING phase=get_cached_main_window elapsed_ms=0.000 reason_code=cache_reused_without_validation
2026-08-25 22:19:45.845 | INFO     | winwatt_automation.live_ui.menu_helpers:_menu_items:1101 - DBG_MENU_ITEMS_SUMMARY total_items=7 visible_items=7 topbar_band=(181, 106, 574, 159) topbar_band_visible_count=7 popup_region_visible_count=0 force_refresh=True handle=1706870
2026-08-25 22:19:45.845 | DEBUG    | winwatt_automation.live_ui.menu_helpers:_menu_items:1111 - Discovered 7 MenuItem controls
2026-08-25 22:19:45.846 | DEBUG    | winwatt_automation.live_ui.menu_helpers:_log_phase_timing:83 - DBG_PHASE_TIMING phase=_menu_items elapsed_ms=500.000 force_refresh=True total_items=7 visible_items=7
2026-08-25 22:19:45.896 | INFO     | winwatt_automation.live_ui.menu_helpers:list_top_menu_items:1141 - Top-level menu items (raw): ['Rendszer', 'Fájl', 'Jegyzékek', 'Eszközök', 'Beállítások', 'Ablak', 'Súgó']
2026-08-25 22:19:45.896 | DEBUG    | winwatt_automation.live_ui.menu_helpers:_log_phase_timing:83 - DBG_PHASE_TIMING phase=list_top_menu_items elapsed_ms=547.000 count=7
2026-08-25 22:19:45.896 | DEBUG    | winwatt_automation.live_ui.app_connector:get_cached_main_window:565 - DBG_WINWATT_CACHE_GET reason_code=cache_reused_without_validation payload={'wrapper_type': 'UIAWrapper', 'handle': 1706870, 'process_id': 20892, 'title': 'WinWatt gólya - C:\\Users\\Admin\\Documents\\GitHub\\autowinwatt\\winwatt_automation\\tests\\testwwp.wwp', 'class_name': 'TMainForm', 'control_type': 'Window'} last_validation_age_s=0.75 diagnostic_fast_mode=True
2026-08-25 22:19:45.896 | DEBUG    | winwatt_automation.live_ui.app_connector:get_cached_main_window:566 - DBG_PHASE_TIMING phase=get_cached_main_window elapsed_ms=0.000 reason_code=cache_reused_without_validation
2026-08-25 22:19:46.063 | DEBUG    | winwatt_automation.live_ui.app_connector:get_cached_main_window:565 - DBG_WINWATT_CACHE_GET reason_code=cache_reused_without_validation payload={'wrapper_type': 'UIAWrapper', 'handle': 1706870, 'process_id': 20892, 'title': 'WinWatt gólya - C:\\Users\\Admin\\Documents\\GitHub\\autowinwatt\\winwatt_automation\\tests\\testwwp.wwp', 'class_name': 'TMainForm', 'control_type': 'Window'} last_validation_age_s=0.9220000000204891 diagnostic_fast_mode=True
2026-08-25 22:19:46.063 | DEBUG    | winwatt_automation.live_ui.app_connector:get_cached_main_window:566 - DBG_PHASE_TIMING phase=get_cached_main_window elapsed_ms=0.000 reason_code=cache_reused_without_validation
2026-08-25 22:19:46.063 | DEBUG    | winwatt_automation.live_ui.app_connector:get_cached_main_window:565 - DBG_WINWATT_CACHE_GET reason_code=cache_reused_without_validation payload={'wrapper_type': 'UIAWrapper', 'handle': 1706870, 'process_id': 20892, 'title': 'WinWatt gólya - C:\\Users\\Admin\\Documents\\GitHub\\autowinwatt\\winwatt_automation\\tests\\testwwp.wwp', 'class_name': 'TMainForm', 'control_type': 'Window'} last_validation_age_s=0.9220000000204891 diagnostic_fast_mode=True
2026-08-25 22:19:46.063 | DEBUG    | winwatt_automation.live_ui.app_connector:get_cached_main_window:566 - DBG_PHASE_TIMING phase=get_cached_main_window elapsed_ms=0.000 reason_code=cache_reused_without_validation
2026-08-25 22:19:46.523 | INFO     | winwatt_automation.live_ui.menu_helpers:_menu_items:1101 - DBG_MENU_ITEMS_SUMMARY total_items=7 visible_items=7 topbar_band=(181, 106, 574, 159) topbar_band_visible_count=7 popup_region_visible_count=0 force_refresh=True handle=1706870
2026-08-25 22:19:46.523 | DEBUG    | winwatt_automation.live_ui.menu_helpers:_menu_items:1111 - Discovered 7 MenuItem controls
2026-08-25 22:19:46.523 | DEBUG    | winwatt_automation.live_ui.menu_helpers:_log_phase_timing:83 - DBG_PHASE_TIMING phase=_menu_items elapsed_ms=453.000 force_refresh=True total_items=7 visible_items=7
2026-08-25 22:19:46.562 | INFO     | winwatt_automation.live_ui.menu_helpers:list_top_menu_items:1141 - Top-level menu items (raw): ['Rendszer', 'Fájl', 'Jegyzékek', 'Eszközök', 'Beállítások', 'Ablak', 'Súgó']
2026-08-25 22:19:46.562 | DEBUG    | winwatt_automation.live_ui.menu_helpers:_log_phase_timing:83 - DBG_PHASE_TIMING phase=list_top_menu_items elapsed_ms=500.000 count=7
[event] open_file_dialog_detected: {"project_open_method": "direct_launch", "project_open_sequence": ["C:\\Users\\Admin\\Documents\\GitHub\\autowinwatt\\winwatt_automation\\tests\\testwwp.wwp"], "value": false}
[event] file_dialog_path_entered: {"value": false}
[event] file_dialog_confirm_clicked: {"value": false}
[event] dialog_closed: {"value": false}
[event] observed_main_window_title_after_open: {"is_empty": false, "value": "WinWatt gólya - C:\\Users\\Admin\\Documents\\GitHub\\autowinwatt\\winwatt_automation\\tests\\testwwp.wwp"}
[event] observed_project_path: {"is_null": false, "value": "C:\\Users\\Admin\\Documents\\GitHub\\autowinwatt\\winwatt_automation\\tests\\testwwp.wwp"}
[event] path_match_normalized: {"expected_project_path": "C:\\Users\\Admin\\Documents\\GitHub\\autowinwatt\\winwatt_automation\\tests\\testwwp.wwp", "observed_project_path": "C:\\Users\\Admin\\Documents\\GitHub\\autowinwatt\\winwatt_automation\\tests\\testwwp.wwp", "value": true}
[event] project_open_result: {"already_open_before_mapping": false, "dialog_found": false, "enter_confirm_sent": false, "error": null, "expected_project_path": "C:\\Users\\Admin\\Documents\\GitHub\\autowinwatt\\winwatt_automation\\tests\\testwwp.wwp", "file_dialog_confirm_clicked": false, "file_dialog_path_entered": false, "focused_input_entry_attempted": false, "focused_input_entry_sent": false, "interaction_helper_called": false, "interaction_helper_result_present": false, "observed_project_path": "C:\\Users\\Admin\\Documents\\GitHub\\autowinwatt\\winwatt_automation\\tests\\testwwp.wwp", "open_file_dialog_detected": false, "path_entry_strategy_null_reason": "direct_project_launch_bootstrap", "path_entry_strategy_selected": null, "path_match_normalized": true, "post_confirm_dialog_closed": false, "post_confirm_path_match": true, "post_confirm_title": "WinWatt gólya - C:\\Users\\Admin\\Documents\\GitHub\\autowinwatt\\winwatt_automation\\tests\\testwwp.wwp", "project_open_attempt_started": true, "project_open_menu_item_clicked": false, "project_open_method": "direct_launch", "project_open_sequence": ["C:\\Users\\Admin\\Documents\\GitHub\\autowinwatt\\winwatt_automation\\tests\\testwwp.wwp"], "project_open_verdict": "opened_by_this_attempt", "startup_project_detected": false, "success": true}
[event] project_open_recovery: {"main_window_ready_after_attempt": true, "modal_detected": false, "reason": "fresh_process_launch", "success": true}
2026-08-25 22:19:46.579 | DEBUG    | winwatt_automation.live_ui.app_connector:get_cached_main_window:565 - DBG_WINWATT_CACHE_GET reason_code=cache_reused_without_validation payload={'wrapper_type': 'UIAWrapper', 'handle': 1706870, 'process_id': 20892, 'title': 'WinWatt gólya - C:\\Users\\Admin\\Documents\\GitHub\\autowinwatt\\winwatt_automation\\tests\\testwwp.wwp', 'class_name': 'TMainForm', 'control_type': 'Window'} last_validation_age_s=1.437999999994645 diagnostic_fast_mode=True
2026-08-25 22:19:46.579 | DEBUG    | winwatt_automation.live_ui.app_connector:get_cached_main_window:566 - DBG_PHASE_TIMING phase=get_cached_main_window elapsed_ms=0.000 reason_code=cache_reused_without_validation
2026-08-25 22:19:46.749 | DEBUG    | winwatt_automation.live_ui.app_connector:get_cached_main_window:565 - DBG_WINWATT_CACHE_GET reason_code=cache_reused_without_validation payload={'wrapper_type': 'UIAWrapper', 'handle': 1706870, 'process_id': 20892, 'title': 'WinWatt gólya - C:\\Users\\Admin\\Documents\\GitHub\\autowinwatt\\winwatt_automation\\tests\\testwwp.wwp', 'class_name': 'TMainForm', 'control_type': 'Window'} last_validation_age_s=1.610000000015134 diagnostic_fast_mode=True
2026-08-25 22:19:46.749 | DEBUG    | winwatt_automation.live_ui.app_connector:get_cached_main_window:566 - DBG_PHASE_TIMING phase=get_cached_main_window elapsed_ms=0.000 reason_code=cache_reused_without_validation
2026-08-25 22:19:46.749 | DEBUG    | winwatt_automation.live_ui.app_connector:get_cached_main_window:565 - DBG_WINWATT_CACHE_GET reason_code=cache_reused_without_validation payload={'wrapper_type': 'UIAWrapper', 'handle': 1706870, 'process_id': 20892, 'title': 'WinWatt gólya - C:\\Users\\Admin\\Documents\\GitHub\\autowinwatt\\winwatt_automation\\tests\\testwwp.wwp', 'class_name': 'TMainForm', 'control_type': 'Window'} last_validation_age_s=1.610000000015134 diagnostic_fast_mode=True
2026-08-25 22:19:46.749 | DEBUG    | winwatt_automation.live_ui.app_connector:get_cached_main_window:566 - DBG_PHASE_TIMING phase=get_cached_main_window elapsed_ms=0.000 reason_code=cache_reused_without_validation
2026-08-25 22:19:47.229 | INFO     | winwatt_automation.live_ui.menu_helpers:_menu_items:1101 - DBG_MENU_ITEMS_SUMMARY total_items=7 visible_items=7 topbar_band=(181, 106, 574, 159) topbar_band_visible_count=7 popup_region_visible_count=0 force_refresh=True handle=1706870
2026-08-25 22:19:47.229 | DEBUG    | winwatt_automation.live_ui.menu_helpers:_menu_items:1111 - Discovered 7 MenuItem controls
2026-08-25 22:19:47.229 | DEBUG    | winwatt_automation.live_ui.menu_helpers:_log_phase_timing:83 - DBG_PHASE_TIMING phase=_menu_items elapsed_ms=468.000 force_refresh=True total_items=7 visible_items=7
2026-08-25 22:19:47.323 | INFO     | winwatt_automation.live_ui.menu_helpers:list_top_menu_items:1141 - Top-level menu items (raw): ['Rendszer', 'Fájl', 'Jegyzékek', 'Eszközök', 'Beállítások', 'Ablak', 'Súgó']
2026-08-25 22:19:47.324 | DEBUG    | winwatt_automation.live_ui.menu_helpers:_log_phase_timing:83 - DBG_PHASE_TIMING phase=list_top_menu_items elapsed_ms=562.000 count=7
2026-08-25 22:19:47.327 | DEBUG    | winwatt_automation.live_ui.app_connector:get_cached_main_window:565 - DBG_WINWATT_CACHE_GET reason_code=cache_reused_without_validation payload={'wrapper_type': 'UIAWrapper', 'handle': 1706870, 'process_id': 20892, 'title': 'WinWatt gólya - C:\\Users\\Admin\\Documents\\GitHub\\autowinwatt\\winwatt_automation\\tests\\testwwp.wwp', 'class_name': 'TMainForm', 'control_type': 'Window'} last_validation_age_s=2.172000000020489 diagnostic_fast_mode=True
2026-08-25 22:19:47.328 | DEBUG    | winwatt_automation.live_ui.app_connector:get_cached_main_window:566 - DBG_PHASE_TIMING phase=get_cached_main_window elapsed_ms=16.000 reason_code=cache_reused_without_validation
2026-08-25 22:19:47.329 | INFO     | winwatt_automation.runtime_mapping.program_mapper:get_canonical_top_menu_names:924 - Canonical top-level menus [7]: ['Rendszer', 'Fájl', 'Jegyzékek', 'Eszközök', 'Beállítások', 'Ablak', 'Súgó']
2026-08-25 22:19:47.329 | INFO     | winwatt_automation.runtime_mapping.program_mapper:map_runtime_state:4276 - MAP_RUNTIME_STATE_SELECTION state_id=project_open discovered=['Rendszer', 'Fájl', 'Jegyzékek', 'Eszközök', 'Beállítások', 'Ablak', 'Súgó'] canonical=['Rendszer', 'Fájl', 'Jegyzékek', 'Eszközök', 'Beállítások', 'Ablak', 'Súgó'] requested=['fájl'] normalized_targets=['fájl']
2026-08-25 22:19:47.333 | DEBUG    | winwatt_automation.live_ui.app_connector:get_cached_main_window:565 - DBG_WINWATT_CACHE_GET reason_code=cache_reused_without_validation payload={'wrapper_type': 'UIAWrapper', 'handle': 1706870, 'process_id': 20892, 'title': 'WinWatt gólya - C:\\Users\\Admin\\Documents\\GitHub\\autowinwatt\\winwatt_automation\\tests\\testwwp.wwp', 'class_name': 'TMainForm', 'control_type': 'Window'} last_validation_age_s=2.187999999994645 diagnostic_fast_mode=True
2026-08-25 22:19:47.333 | DEBUG    | winwatt_automation.live_ui.app_connector:get_cached_main_window:566 - DBG_PHASE_TIMING phase=get_cached_main_window elapsed_ms=0.000 reason_code=cache_reused_without_validation
2026-08-25 22:19:47.412 | DEBUG    | winwatt_automation.live_ui.app_connector:get_cached_main_window:565 - DBG_WINWATT_CACHE_GET reason_code=cache_reused_without_validation payload={'wrapper_type': 'UIAWrapper', 'handle': 1706870, 'process_id': 20892, 'title': 'WinWatt gólya - C:\\Users\\Admin\\Documents\\GitHub\\autowinwatt\\winwatt_automation\\tests\\testwwp.wwp', 'class_name': 'TMainForm', 'control_type': 'Window'} last_validation_age_s=2.2660000000032596 diagnostic_fast_mode=True
2026-08-25 22:19:47.412 | DEBUG    | winwatt_automation.live_ui.app_connector:get_cached_main_window:566 - DBG_PHASE_TIMING phase=get_cached_main_window elapsed_ms=0.000 reason_code=cache_reused_without_validation
2026-08-25 22:19:47.412 | DEBUG    | winwatt_automation.live_ui.app_connector:get_cached_main_window:565 - DBG_WINWATT_CACHE_GET reason_code=cache_reused_without_validation payload={'wrapper_type': 'UIAWrapper', 'handle': 1706870, 'process_id': 20892, 'title': 'WinWatt gólya - C:\\Users\\Admin\\Documents\\GitHub\\autowinwatt\\winwatt_automation\\tests\\testwwp.wwp', 'class_name': 'TMainForm', 'control_type': 'Window'} last_validation_age_s=2.2660000000032596 diagnostic_fast_mode=True
2026-08-25 22:19:47.412 | DEBUG    | winwatt_automation.live_ui.app_connector:get_cached_main_window:566 - DBG_PHASE_TIMING phase=get_cached_main_window elapsed_ms=0.000 reason_code=cache_reused_without_validation
2026-08-25 22:19:47.420 | INFO     | winwatt_automation.live_ui.menu_helpers:_menu_items:1101 - DBG_MENU_ITEMS_SUMMARY total_items=7 visible_items=7 topbar_band=(181, 106, 574, 159) topbar_band_visible_count=7 popup_region_visible_count=0 force_refresh=False handle=1706870
2026-08-25 22:19:47.420 | DEBUG    | winwatt_automation.live_ui.menu_helpers:_menu_items:1111 - Discovered 7 MenuItem controls
2026-08-25 22:19:47.420 | DEBUG    | winwatt_automation.live_ui.menu_helpers:_log_phase_timing:83 - DBG_PHASE_TIMING phase=_menu_items elapsed_ms=16.000 force_refresh=False total_items=7 visible_items=7
2026-08-25 22:19:47.420 | DEBUG    | winwatt_automation.live_ui.menu_helpers:_log_popup_fragment:499 - DBG_MENU_FRAGMENT_MAIN_WINDOW source_scope=main_window control_type=MenuItem class_name= text='Rendszer' rectangle={'left': 181, 'top': 106, 'right': 209, 'bottom': 134} center=(195, 120) process_id=20892 native_handle=None topbar_candidate=True popup_candidate=False
2026-08-25 22:19:47.420 | DEBUG    | winwatt_automation.live_ui.menu_helpers:_log_popup_fragment:499 - DBG_MENU_FRAGMENT_MAIN_WINDOW source_scope=main_window control_type=MenuItem class_name= text='Fájl' rectangle={'left': 181, 'top': 135, 'right': 221, 'bottom': 159} center=(201, 147) process_id=20892 native_handle=None topbar_candidate=True popup_candidate=False
2026-08-25 22:19:47.420 | DEBUG    | winwatt_automation.live_ui.menu_helpers:_log_popup_fragment:499 - DBG_MENU_FRAGMENT_MAIN_WINDOW source_scope=main_window control_type=MenuItem class_name= text='Jegyzékek' rectangle={'left': 221, 'top': 135, 'right': 304, 'bottom': 159} center=(262, 147) process_id=20892 native_handle=None topbar_candidate=True popup_candidate=False
2026-08-25 22:19:47.420 | DEBUG    | winwatt_automation.live_ui.menu_helpers:_log_popup_fragment:499 - DBG_MENU_FRAGMENT_MAIN_WINDOW source_scope=main_window control_type=MenuItem class_name= text='Eszközök' rectangle={'left': 304, 'top': 135, 'right': 380, 'bottom': 159} center=(342, 147) process_id=20892 native_handle=None topbar_candidate=True popup_candidate=False
2026-08-25 22:19:47.420 | DEBUG    | winwatt_automation.live_ui.menu_helpers:_log_popup_fragment:499 - DBG_MENU_FRAGMENT_MAIN_WINDOW source_scope=main_window control_type=MenuItem class_name= text='Beállítások' rectangle={'left': 380, 'top': 135, 'right': 468, 'bottom': 159} center=(424, 147) process_id=20892 native_handle=None topbar_candidate=True popup_candidate=False
2026-08-25 22:19:47.420 | DEBUG    | winwatt_automation.live_ui.menu_helpers:_log_popup_fragment:499 - DBG_MENU_FRAGMENT_MAIN_WINDOW source_scope=main_window control_type=MenuItem class_name= text='Ablak' rectangle={'left': 468, 'top': 135, 'right': 523, 'bottom': 159} center=(495, 147) process_id=20892 native_handle=None topbar_candidate=True popup_candidate=False
2026-08-25 22:19:47.420 | DEBUG    | winwatt_automation.live_ui.menu_helpers:_log_popup_fragment:499 - DBG_MENU_FRAGMENT_MAIN_WINDOW source_scope=main_window control_type=MenuItem class_name= text='Súgó' rectangle={'left': 523, 'top': 135, 'right': 574, 'bottom': 159} center=(548, 147) process_id=20892 native_handle=None topbar_candidate=True popup_candidate=False
2026-08-25 22:19:47.420 | DEBUG    | winwatt_automation.live_ui.menu_helpers:_menu_like_controls_from_main_window:1599 - DBG_MENU_FRAGMENT_SOURCE_SUMMARY source_scope=main_window count=7
2026-08-25 22:19:47.420 | DEBUG    | winwatt_automation.live_ui.app_connector:get_cached_main_window:565 - DBG_WINWATT_CACHE_GET reason_code=cache_reused_without_validation payload={'wrapper_type': 'UIAWrapper', 'handle': 1706870, 'process_id': 20892, 'title': 'WinWatt gólya - C:\\Users\\Admin\\Documents\\GitHub\\autowinwatt\\winwatt_automation\\tests\\testwwp.wwp', 'class_name': 'TMainForm', 'control_type': 'Window'} last_validation_age_s=2.2820000000065193 diagnostic_fast_mode=True
2026-08-25 22:19:47.420 | DEBUG    | winwatt_automation.live_ui.app_connector:get_cached_main_window:566 - DBG_PHASE_TIMING phase=get_cached_main_window elapsed_ms=0.000 reason_code=cache_reused_without_validation
2026-08-25 22:19:47.420 | DEBUG    | winwatt_automation.live_ui.menu_helpers:capture_menu_popup_snapshot:1682 - DBG_POPUP_ROW_DEDUPE rect={'left': 181, 'top': 106, 'right': 209, 'bottom': 134} normalized_text=rendszer class_name= source_scope=main_window deduplicated=False
2026-08-25 22:19:47.420 | DEBUG    | winwatt_automation.live_ui.menu_helpers:capture_menu_popup_snapshot:1682 - DBG_POPUP_ROW_DEDUPE rect={'left': 181, 'top': 135, 'right': 221, 'bottom': 159} normalized_text=fájl class_name= source_scope=main_window deduplicated=False
2026-08-25 22:19:47.420 | DEBUG    | winwatt_automation.live_ui.menu_helpers:capture_menu_popup_snapshot:1682 - DBG_POPUP_ROW_DEDUPE rect={'left': 221, 'top': 135, 'right': 304, 'bottom': 159} normalized_text=jegyzékek class_name= source_scope=main_window deduplicated=False
2026-08-25 22:19:47.428 | DEBUG    | winwatt_automation.live_ui.menu_helpers:capture_menu_popup_snapshot:1682 - DBG_POPUP_ROW_DEDUPE rect={'left': 304, 'top': 135, 'right': 380, 'bottom': 159} normalized_text=eszközök class_name= source_scope=main_window deduplicated=False
2026-08-25 22:19:47.428 | DEBUG    | winwatt_automation.live_ui.menu_helpers:capture_menu_popup_snapshot:1682 - DBG_POPUP_ROW_DEDUPE rect={'left': 380, 'top': 135, 'right': 468, 'bottom': 159} normalized_text=beállítások class_name= source_scope=main_window deduplicated=False
2026-08-25 22:19:47.428 | DEBUG    | winwatt_automation.live_ui.menu_helpers:capture_menu_popup_snapshot:1682 - DBG_POPUP_ROW_DEDUPE rect={'left': 468, 'top': 135, 'right': 523, 'bottom': 159} normalized_text=ablak class_name= source_scope=main_window deduplicated=False
2026-08-25 22:19:47.428 | DEBUG    | winwatt_automation.live_ui.menu_helpers:capture_menu_popup_snapshot:1682 - DBG_POPUP_ROW_DEDUPE rect={'left': 523, 'top': 135, 'right': 574, 'bottom': 159} normalized_text=súgó class_name= source_scope=main_window deduplicated=False
2026-08-25 22:19:47.429 | INFO     | winwatt_automation.live_ui.menu_helpers:capture_menu_popup_snapshot:1724 - POPUP_SNAPSHOT_SUMMARY main_window_fragments=7 global_scan_fragments=0 deduped_fragments=7 topbar_like=6 popup_like=0 empty_text=0 topbar_band=(181, 135, 574, 159) empty_text_vertical_cluster_detected=False accepted_popup_rows=0 popup_heuristic=candidate_count_below_threshold
2026-08-25 22:19:47.429 | DEBUG    | winwatt_automation.live_ui.menu_helpers:capture_menu_popup_snapshot:1737 - Captured menu snapshot rows=7
2026-08-25 22:19:47.429 | DEBUG    | winwatt_automation.live_ui.menu_helpers:_log_phase_timing:83 - DBG_PHASE_TIMING phase=capture_menu_popup_snapshot elapsed_ms=94.000 main_rows=7 global_rows=0 unique_rows=7 diagnostic_fast_mode=True
2026-08-25 22:19:47.429 | DEBUG    | winwatt_automation.live_ui.app_connector:get_cached_main_window:565 - DBG_WINWATT_CACHE_GET reason_code=cache_reused_without_validation payload={'wrapper_type': 'UIAWrapper', 'handle': 1706870, 'process_id': 20892, 'title': 'WinWatt gólya - C:\\Users\\Admin\\Documents\\GitHub\\autowinwatt\\winwatt_automation\\tests\\testwwp.wwp', 'class_name': 'TMainForm', 'control_type': 'Window'} last_validation_age_s=2.2820000000065193 diagnostic_fast_mode=True
2026-08-25 22:19:47.429 | DEBUG    | winwatt_automation.live_ui.app_connector:get_cached_main_window:566 - DBG_PHASE_TIMING phase=get_cached_main_window elapsed_ms=0.000 reason_code=cache_reused_without_validation
2026-08-25 22:19:47.596 | DEBUG    | winwatt_automation.live_ui.app_connector:get_cached_main_window:565 - DBG_WINWATT_CACHE_GET reason_code=cache_reused_without_validation payload={'wrapper_type': 'UIAWrapper', 'handle': 1706870, 'process_id': 20892, 'title': 'WinWatt gólya - C:\\Users\\Admin\\Documents\\GitHub\\autowinwatt\\winwatt_automation\\tests\\testwwp.wwp', 'class_name': 'TMainForm', 'control_type': 'Window'} last_validation_age_s=2.4530000000086147 diagnostic_fast_mode=True
2026-08-25 22:19:47.596 | DEBUG    | winwatt_automation.live_ui.app_connector:get_cached_main_window:566 - DBG_PHASE_TIMING phase=get_cached_main_window elapsed_ms=0.000 reason_code=cache_reused_without_validation
2026-08-25 22:19:47.596 | DEBUG    | winwatt_automation.live_ui.app_connector:get_cached_main_window:565 - DBG_WINWATT_CACHE_GET reason_code=cache_reused_without_validation payload={'wrapper_type': 'UIAWrapper', 'handle': 1706870, 'process_id': 20892, 'title': 'WinWatt gólya - C:\\Users\\Admin\\Documents\\GitHub\\autowinwatt\\winwatt_automation\\tests\\testwwp.wwp', 'class_name': 'TMainForm', 'control_type': 'Window'} last_validation_age_s=2.4530000000086147 diagnostic_fast_mode=True
2026-08-25 22:19:47.611 | DEBUG    | winwatt_automation.live_ui.app_connector:get_cached_main_window:566 - DBG_PHASE_TIMING phase=get_cached_main_window elapsed_ms=16.000 reason_code=cache_reused_without_validation
2026-08-25 22:19:48.100 | INFO     | winwatt_automation.live_ui.menu_helpers:_menu_items:1101 - DBG_MENU_ITEMS_SUMMARY total_items=7 visible_items=7 topbar_band=(181, 106, 574, 159) topbar_band_visible_count=7 popup_region_visible_count=0 force_refresh=True handle=1706870
2026-08-25 22:19:48.100 | DEBUG    | winwatt_automation.live_ui.menu_helpers:_menu_items:1111 - Discovered 7 MenuItem controls
2026-08-25 22:19:48.100 | DEBUG    | winwatt_automation.live_ui.menu_helpers:_log_phase_timing:83 - DBG_PHASE_TIMING phase=_menu_items elapsed_ms=500.000 force_refresh=True total_items=7 visible_items=7
2026-08-25 22:19:48.146 | INFO     | winwatt_automation.live_ui.menu_helpers:list_top_menu_items:1141 - Top-level menu items (raw): ['Rendszer', 'Fájl', 'Jegyzékek', 'Eszközök', 'Beállítások', 'Ablak', 'Súgó']
2026-08-25 22:19:48.146 | DEBUG    | winwatt_automation.live_ui.menu_helpers:_log_phase_timing:83 - DBG_PHASE_TIMING phase=list_top_menu_items elapsed_ms=547.000 count=7
2026-08-25 22:19:48.146 | INFO     | winwatt_automation.runtime_mapping.program_mapper:explore_menu_tree:3583 - DBG_WINWATT_NORMAL_MENU_OPEN_NO_POPUP state=project_open top_menu=Fájl attempt=0 raw_row_count=7 popup_like_count=0 topbar_like_count=6 filtered_row_count=0
2026-08-25 22:19:48.146 | INFO     | winwatt_automation.runtime_mapping.program_mapper:_open_and_capture_root_menu:1489 - DBG_WINWATT_NORMAL_MENU_OPEN_START state=project_open top_menu=Fájl menu_kind=normal
2026-08-25 22:19:48.162 | DEBUG    | winwatt_automation.live_ui.app_connector:get_cached_main_window:565 - DBG_WINWATT_CACHE_GET reason_code=cache_reused_without_validation payload={'wrapper_type': 'UIAWrapper', 'handle': 1706870, 'process_id': 20892, 'title': 'WinWatt gólya - C:\\Users\\Admin\\Documents\\GitHub\\autowinwatt\\winwatt_automation\\tests\\testwwp.wwp', 'class_name': 'TMainForm', 'control_type': 'Window'} last_validation_age_s=3.0 diagnostic_fast_mode=True
2026-08-25 22:19:48.163 | DEBUG    | winwatt_automation.live_ui.app_connector:get_cached_main_window:566 - DBG_PHASE_TIMING phase=get_cached_main_window elapsed_ms=16.000 reason_code=cache_reused_without_validation
2026-08-25 22:19:48.335 | DEBUG    | winwatt_automation.live_ui.app_connector:get_cached_main_window:565 - DBG_WINWATT_CACHE_GET reason_code=cache_reused_without_validation payload={'wrapper_type': 'UIAWrapper', 'handle': 1706870, 'process_id': 20892, 'title': 'WinWatt gólya - C:\\Users\\Admin\\Documents\\GitHub\\autowinwatt\\winwatt_automation\\tests\\testwwp.wwp', 'class_name': 'TMainForm', 'control_type': 'Window'} last_validation_age_s=3.187999999994645 diagnostic_fast_mode=True
2026-08-25 22:19:48.335 | DEBUG    | winwatt_automation.live_ui.app_connector:get_cached_main_window:566 - DBG_PHASE_TIMING phase=get_cached_main_window elapsed_ms=0.000 reason_code=cache_reused_without_validation
2026-08-25 22:19:48.335 | DEBUG    | winwatt_automation.live_ui.app_connector:get_cached_main_window:565 - DBG_WINWATT_CACHE_GET reason_code=cache_reused_without_validation payload={'wrapper_type': 'UIAWrapper', 'handle': 1706870, 'process_id': 20892, 'title': 'WinWatt gólya - C:\\Users\\Admin\\Documents\\GitHub\\autowinwatt\\winwatt_automation\\tests\\testwwp.wwp', 'class_name': 'TMainForm', 'control_type': 'Window'} last_validation_age_s=3.187999999994645 diagnostic_fast_mode=True
2026-08-25 22:19:48.335 | DEBUG    | winwatt_automation.live_ui.app_connector:get_cached_main_window:566 - DBG_PHASE_TIMING phase=get_cached_main_window elapsed_ms=0.000 reason_code=cache_reused_without_validation
2026-08-25 22:19:48.968 | INFO     | winwatt_automation.live_ui.menu_helpers:_menu_items:1101 - DBG_MENU_ITEMS_SUMMARY total_items=7 visible_items=7 topbar_band=(181, 106, 574, 159) topbar_band_visible_count=7 popup_region_visible_count=0 force_refresh=True handle=1706870
2026-08-25 22:19:48.968 | DEBUG    | winwatt_automation.live_ui.menu_helpers:_menu_items:1111 - Discovered 7 MenuItem controls
2026-08-25 22:19:48.968 | DEBUG    | winwatt_automation.live_ui.menu_helpers:_log_phase_timing:83 - DBG_PHASE_TIMING phase=_menu_items elapsed_ms=640.000 force_refresh=True total_items=7 visible_items=7
2026-08-25 22:19:49.029 | INFO     | winwatt_automation.live_ui.menu_helpers:list_top_menu_items:1141 - Top-level menu items (raw): ['Rendszer', 'Fájl', 'Jegyzékek', 'Eszközök', 'Beállítások', 'Ablak', 'Súgó']
2026-08-25 22:19:49.029 | DEBUG    | winwatt_automation.live_ui.menu_helpers:_log_phase_timing:83 - DBG_PHASE_TIMING phase=list_top_menu_items elapsed_ms=703.000 count=7
2026-08-25 22:19:49.030 | DEBUG    | winwatt_automation.live_ui.app_connector:get_cached_main_window:565 - DBG_WINWATT_CACHE_GET reason_code=cache_reused_without_validation payload={'wrapper_type': 'UIAWrapper', 'handle': 1706870, 'process_id': 20892, 'title': 'WinWatt gólya - C:\\Users\\Admin\\Documents\\GitHub\\autowinwatt\\winwatt_automation\\tests\\testwwp.wwp', 'class_name': 'TMainForm', 'control_type': 'Window'} last_validation_age_s=3.8910000000032596 diagnostic_fast_mode=True
2026-08-25 22:19:49.030 | DEBUG    | winwatt_automation.live_ui.app_connector:get_cached_main_window:566 - DBG_PHASE_TIMING phase=get_cached_main_window elapsed_ms=0.000 reason_code=cache_reused_without_validation
2026-08-25 22:19:49.094 | INFO     | winwatt_automation.live_ui.app_connector:prepare_main_window_for_menu_interaction:970 - Preparing WinWatt window for menu interaction
2026-08-25 22:19:49.098 | DEBUG    | winwatt_automation.live_ui.app_connector:get_cached_main_window:565 - DBG_WINWATT_CACHE_GET reason_code=cache_reused_without_validation payload={'wrapper_type': 'UIAWrapper', 'handle': 1706870, 'process_id': 20892, 'title': 'WinWatt gólya - C:\\Users\\Admin\\Documents\\GitHub\\autowinwatt\\winwatt_automation\\tests\\testwwp.wwp', 'class_name': 'TMainForm', 'control_type': 'Window'} last_validation_age_s=3.9530000000086147 diagnostic_fast_mode=True
2026-08-25 22:19:49.098 | DEBUG    | winwatt_automation.live_ui.app_connector:get_cached_main_window:566 - DBG_PHASE_TIMING phase=get_cached_main_window elapsed_ms=0.000 reason_code=cache_reused_without_validation
2026-08-25 22:19:49.099 | INFO     | winwatt_automation.live_ui.app_connector:prepare_main_window_for_menu_interaction:990 - Window state before: normal
2026-08-25 22:19:49.101 | INFO     | winwatt_automation.live_ui.app_connector:prepare_main_window_for_menu_interaction:1011 - Window maximized
2026-08-25 22:19:49.113 | INFO     | winwatt_automation.live_ui.app_connector:prepare_main_window_for_menu_interaction:1020 - Focus confirmed
2026-08-25 22:19:49.137 | DEBUG    | winwatt_automation.live_ui.app_connector:get_cached_main_window:565 - DBG_WINWATT_CACHE_GET reason_code=cache_reused_without_validation payload={'wrapper_type': 'UIAWrapper', 'handle': 1706870, 'process_id': 20892, 'title': 'WinWatt gólya - C:\\Users\\Admin\\Documents\\GitHub\\autowinwatt\\winwatt_automation\\tests\\testwwp.wwp', 'class_name': 'TMainForm', 'control_type': 'Window'} last_validation_age_s=3.9690000000118744 diagnostic_fast_mode=True
2026-08-25 22:19:49.137 | DEBUG    | winwatt_automation.live_ui.app_connector:get_cached_main_window:566 - DBG_PHASE_TIMING phase=get_cached_main_window elapsed_ms=16.000 reason_code=cache_reused_without_validation
2026-08-25 22:19:49.153 | INFO     | winwatt_automation.live_ui.app_connector:ensure_main_window_foreground_before_click:1179 - DBG_WINWATT_FOCUS_GUARD_PRECHECK action_label=click_top_menu_item:Fájl wrapper_type=UIAWrapper cached_handle=1706870 cached_pid=20892 cached_title=WinWatt gólya - C:\Users\Admin\Documents\GitHub\autowinwatt\winwatt_automation\tests\testwwp.wwp cached_class=TMainForm precheck_exists=False precheck_visible=True precheck_enabled=True rect={'left': -10, 'top': -10, 'right': 1930, 'bottom': 1030, 'width': 1940, 'height': 1040}
2026-08-25 22:19:49.153 | WARNING  | winwatt_automation.live_ui.app_connector:ensure_main_window_foreground_before_click:1277 - DBG_WINWATT_FOCUS_GUARD_CLICK_OVERRIDE action_label=click_top_menu_item:Fájl reason=exists_false_but_identity_strong wrapper_type=UIAWrapper identity_reasons=['handle', 'process_id', 'title', 'class_name', 'rect', 'visible', 'enabled'] cached_identity={'wrapper_type': 'UIAWrapper', 'handle': 1706870, 'process_id': 20892, 'title': 'WinWatt gólya - C:\\Users\\Admin\\Documents\\GitHub\\autowinwatt\\winwatt_automation\\tests\\testwwp.wwp', 'class_name': 'TMainForm', 'control_type': 'Window'} rect={'left': -10, 'top': -10, 'right': 1930, 'bottom': 1030, 'width': 1940, 'height': 1040}
2026-08-25 22:19:49.169 | INFO     | winwatt_automation.live_ui.app_connector:is_winwatt_foreground_context:1123 - DBG_WINWATT_FOREGROUND_CONTEXT expected_handle=1706870 expected_process_id=20892 expected_title=WinWatt gólya - C:\Users\Admin\Documents\GitHub\autowinwatt\winwatt_automation\tests\testwwp.wwp expected_class_name=TMainForm actual_foreground_handle=1706870 actual_foreground_process_id=20892 actual_foreground_title=WinWatt gólya - C:\Users\Admin\Documents\GitHub\autowinwatt\winwatt_automation\tests\testwwp.wwp actual_foreground_class_name=TMainForm allow_dialog=False result_reason=handle_match
2026-08-25 22:19:49.169 | INFO     | winwatt_automation.live_ui.app_connector:ensure_main_window_foreground_before_click:1340 - DBG_WINWATT_FOCUS_GUARD_RESULT action_label=click_top_menu_item:Fájl status=focus_ok reason=handle_match foreground={'handle': 1706870, 'title': 'WinWatt gólya - C:\\Users\\Admin\\Documents\\GitHub\\autowinwatt\\winwatt_automation\\tests\\testwwp.wwp', 'class_name': 'TMainForm', 'process_id': 20892} same_context_as_cached_main=True win32_uia_identity_match=True
2026-08-25 22:19:49.169 | INFO     | winwatt_automation.live_ui.menu_helpers:click_top_menu_item:2326 - click_top_menu_item('Fájl'): foreground_before_click={'handle': 1706870, 'title': 'WinWatt gólya - C:\\Users\\Admin\\Documents\\GitHub\\autowinwatt\\winwatt_automation\\tests\\testwwp.wwp', 'class_name': 'TMainForm', 'process_id': 20892}
2026-08-25 22:19:49.169 | DEBUG    | winwatt_automation.live_ui.app_connector:get_cached_main_window:565 - DBG_WINWATT_CACHE_GET reason_code=cache_reused_without_validation payload={'wrapper_type': 'UIAWrapper', 'handle': 1706870, 'process_id': 20892, 'title': 'WinWatt gólya - C:\\Users\\Admin\\Documents\\GitHub\\autowinwatt\\winwatt_automation\\tests\\testwwp.wwp', 'class_name': 'TMainForm', 'control_type': 'Window'} last_validation_age_s=4.01600000000326 diagnostic_fast_mode=True
2026-08-25 22:19:49.169 | DEBUG    | winwatt_automation.live_ui.app_connector:get_cached_main_window:566 - DBG_PHASE_TIMING phase=get_cached_main_window elapsed_ms=0.000 reason_code=cache_reused_without_validation
2026-08-25 22:19:49.179 | DEBUG    | winwatt_automation.live_ui.app_connector:get_cached_main_window:565 - DBG_WINWATT_CACHE_GET reason_code=cache_reused_without_validation payload={'wrapper_type': 'UIAWrapper', 'handle': 1706870, 'process_id': 20892, 'title': 'WinWatt gólya - C:\\Users\\Admin\\Documents\\GitHub\\autowinwatt\\winwatt_automation\\tests\\testwwp.wwp', 'class_name': 'TMainForm', 'control_type': 'Window'} last_validation_age_s=4.01600000000326 diagnostic_fast_mode=True
2026-08-25 22:19:49.179 | DEBUG    | winwatt_automation.live_ui.app_connector:get_cached_main_window:566 - DBG_PHASE_TIMING phase=get_cached_main_window elapsed_ms=16.000 reason_code=cache_reused_without_validation
2026-08-25 22:19:49.182 | INFO     | winwatt_automation.live_ui.menu_helpers:_menu_items:1101 - DBG_MENU_ITEMS_SUMMARY total_items=7 visible_items=7 topbar_band=(181, 106, 574, 159) topbar_band_visible_count=0 popup_region_visible_count=0 force_refresh=False handle=1706870
2026-08-25 22:19:49.184 | DEBUG    | winwatt_automation.live_ui.menu_helpers:_menu_items:1111 - Discovered 7 MenuItem controls
2026-08-25 22:19:49.185 | DEBUG    | winwatt_automation.live_ui.menu_helpers:_log_phase_timing:83 - DBG_PHASE_TIMING phase=_menu_items elapsed_ms=31.000 force_refresh=False total_items=7 visible_items=7
2026-08-25 22:19:49.279 | DEBUG    | winwatt_automation.live_ui.app_connector:get_cached_main_window:565 - DBG_WINWATT_CACHE_GET reason_code=cache_reused_without_validation payload={'wrapper_type': 'UIAWrapper', 'handle': 1706870, 'process_id': 20892, 'title': 'WinWatt gólya - C:\\Users\\Admin\\Documents\\GitHub\\autowinwatt\\winwatt_automation\\tests\\testwwp.wwp', 'class_name': 'TMainForm', 'control_type': 'Window'} last_validation_age_s=4.14100000000326 diagnostic_fast_mode=True
2026-08-25 22:19:49.279 | DEBUG    | winwatt_automation.live_ui.app_connector:get_cached_main_window:566 - DBG_PHASE_TIMING phase=get_cached_main_window elapsed_ms=0.000 reason_code=cache_reused_without_validation
2026-08-25 22:19:49.294 | DEBUG    | winwatt_automation.live_ui.app_connector:get_cached_main_window:565 - DBG_WINWATT_CACHE_GET reason_code=cache_reused_without_validation payload={'wrapper_type': 'UIAWrapper', 'handle': 1706870, 'process_id': 20892, 'title': 'WinWatt gólya - C:\\Users\\Admin\\Documents\\GitHub\\autowinwatt\\winwatt_automation\\tests\\testwwp.wwp', 'class_name': 'TMainForm', 'control_type': 'Window'} last_validation_age_s=4.14100000000326 diagnostic_fast_mode=True
2026-08-25 22:19:49.294 | DEBUG    | winwatt_automation.live_ui.app_connector:get_cached_main_window:566 - DBG_PHASE_TIMING phase=get_cached_main_window elapsed_ms=16.000 reason_code=cache_reused_without_validation
2026-08-25 22:19:49.298 | DEBUG    | winwatt_automation.live_ui.app_connector:get_cached_main_window:565 - DBG_WINWATT_CACHE_GET reason_code=cache_reused_without_validation payload={'wrapper_type': 'UIAWrapper', 'handle': 1706870, 'process_id': 20892, 'title': 'WinWatt gólya - C:\\Users\\Admin\\Documents\\GitHub\\autowinwatt\\winwatt_automation\\tests\\testwwp.wwp', 'class_name': 'TMainForm', 'control_type': 'Window'} last_validation_age_s=4.157000000006519 diagnostic_fast_mode=True
2026-08-25 22:19:49.298 | DEBUG    | winwatt_automation.live_ui.app_connector:get_cached_main_window:566 - DBG_PHASE_TIMING phase=get_cached_main_window elapsed_ms=0.000 reason_code=cache_reused_without_validation
2026-08-25 22:19:49.598 | INFO     | winwatt_automation.live_ui.menu_helpers:_menu_items:1101 - DBG_MENU_ITEMS_SUMMARY total_items=7 visible_items=7 topbar_band=(181, 106, 574, 159) topbar_band_visible_count=0 popup_region_visible_count=0 force_refresh=False handle=1706870
2026-08-25 22:19:49.598 | DEBUG    | winwatt_automation.live_ui.menu_helpers:_menu_items:1111 - Discovered 7 MenuItem controls
2026-08-25 22:19:49.598 | DEBUG    | winwatt_automation.live_ui.menu_helpers:_log_phase_timing:83 - DBG_PHASE_TIMING phase=_menu_items elapsed_ms=312.000 force_refresh=False total_items=7 visible_items=7
2026-08-25 22:19:49.598 | DEBUG    | winwatt_automation.live_ui.menu_helpers:_log_popup_fragment:499 - DBG_MENU_FRAGMENT_MAIN_WINDOW source_scope=main_window control_type=MenuItem class_name= text='Rendszer' rectangle={'left': 0, 'top': 0, 'right': 28, 'bottom': 28} center=(14, 14) process_id=20892 native_handle=None topbar_candidate=False popup_candidate=False
2026-08-25 22:19:49.598 | DEBUG    | winwatt_automation.live_ui.menu_helpers:_log_popup_fragment:499 - DBG_MENU_FRAGMENT_MAIN_WINDOW source_scope=main_window control_type=MenuItem class_name= text='Fájl' rectangle={'left': 0, 'top': 29, 'right': 40, 'bottom': 53} center=(20, 41) process_id=20892 native_handle=None topbar_candidate=False popup_candidate=False
2026-08-25 22:19:49.598 | DEBUG    | winwatt_automation.live_ui.menu_helpers:_log_popup_fragment:499 - DBG_MENU_FRAGMENT_MAIN_WINDOW source_scope=main_window control_type=MenuItem class_name= text='Jegyzékek' rectangle={'left': 40, 'top': 29, 'right': 123, 'bottom': 53} center=(81, 41) process_id=20892 native_handle=None topbar_candidate=False popup_candidate=False
2026-08-25 22:19:49.598 | DEBUG    | winwatt_automation.live_ui.menu_helpers:_log_popup_fragment:499 - DBG_MENU_FRAGMENT_MAIN_WINDOW source_scope=main_window control_type=MenuItem class_name= text='Eszközök' rectangle={'left': 123, 'top': 29, 'right': 199, 'bottom': 53} center=(161, 41) process_id=20892 native_handle=None topbar_candidate=False popup_candidate=False
2026-08-25 22:19:49.598 | DEBUG    | winwatt_automation.live_ui.menu_helpers:_log_popup_fragment:499 - DBG_MENU_FRAGMENT_MAIN_WINDOW source_scope=main_window control_type=MenuItem class_name= text='Beállítások' rectangle={'left': 199, 'top': 29, 'right': 287, 'bottom': 53} center=(243, 41) process_id=20892 native_handle=None topbar_candidate=False popup_candidate=False
2026-08-25 22:19:49.598 | DEBUG    | winwatt_automation.live_ui.menu_helpers:_log_popup_fragment:499 - DBG_MENU_FRAGMENT_MAIN_WINDOW source_scope=main_window control_type=MenuItem class_name= text='Ablak' rectangle={'left': 286, 'top': 29, 'right': 341, 'bottom': 53} center=(313, 41) process_id=20892 native_handle=None topbar_candidate=False popup_candidate=False
2026-08-25 22:19:49.598 | DEBUG    | winwatt_automation.live_ui.menu_helpers:_log_popup_fragment:499 - DBG_MENU_FRAGMENT_MAIN_WINDOW source_scope=main_window control_type=MenuItem class_name= text='Súgó' rectangle={'left': 341, 'top': 29, 'right': 392, 'bottom': 53} center=(366, 41) process_id=20892 native_handle=None topbar_candidate=False popup_candidate=False
2026-08-25 22:19:49.598 | DEBUG    | winwatt_automation.live_ui.menu_helpers:_menu_like_controls_from_main_window:1599 - DBG_MENU_FRAGMENT_SOURCE_SUMMARY source_scope=main_window count=7
2026-08-25 22:19:49.612 | DEBUG    | winwatt_automation.live_ui.app_connector:get_cached_main_window:565 - DBG_WINWATT_CACHE_GET reason_code=cache_reused_without_validation payload={'wrapper_type': 'UIAWrapper', 'handle': 1706870, 'process_id': 20892, 'title': 'WinWatt gólya - C:\\Users\\Admin\\Documents\\GitHub\\autowinwatt\\winwatt_automation\\tests\\testwwp.wwp', 'class_name': 'TMainForm', 'control_type': 'Window'} last_validation_age_s=4.453000000008615 diagnostic_fast_mode=True
2026-08-25 22:19:49.612 | DEBUG    | winwatt_automation.live_ui.app_connector:get_cached_main_window:566 - DBG_PHASE_TIMING phase=get_cached_main_window elapsed_ms=16.000 reason_code=cache_reused_without_validation
2026-08-25 22:19:49.763 | DEBUG    | winwatt_automation.live_ui.menu_helpers:capture_menu_popup_snapshot:1682 - DBG_POPUP_ROW_DEDUPE rect={'left': 0, 'top': 0, 'right': 28, 'bottom': 28} normalized_text=rendszer class_name= source_scope=main_window deduplicated=False
2026-08-25 22:19:49.763 | DEBUG    | winwatt_automation.live_ui.menu_helpers:capture_menu_popup_snapshot:1682 - DBG_POPUP_ROW_DEDUPE rect={'left': 0, 'top': 29, 'right': 40, 'bottom': 53} normalized_text=fájl class_name= source_scope=main_window deduplicated=False
2026-08-25 22:19:49.763 | DEBUG    | winwatt_automation.live_ui.menu_helpers:capture_menu_popup_snapshot:1682 - DBG_POPUP_ROW_DEDUPE rect={'left': 40, 'top': 29, 'right': 123, 'bottom': 53} normalized_text=jegyzékek class_name= source_scope=main_window deduplicated=False
2026-08-25 22:19:49.763 | DEBUG    | winwatt_automation.live_ui.menu_helpers:capture_menu_popup_snapshot:1682 - DBG_POPUP_ROW_DEDUPE rect={'left': 123, 'top': 29, 'right': 199, 'bottom': 53} normalized_text=eszközök class_name= source_scope=main_window deduplicated=False
2026-08-25 22:19:49.763 | DEBUG    | winwatt_automation.live_ui.menu_helpers:capture_menu_popup_snapshot:1682 - DBG_POPUP_ROW_DEDUPE rect={'left': 199, 'top': 29, 'right': 287, 'bottom': 53} normalized_text=beállítások class_name= source_scope=main_window deduplicated=False
2026-08-25 22:19:49.763 | DEBUG    | winwatt_automation.live_ui.menu_helpers:capture_menu_popup_snapshot:1682 - DBG_POPUP_ROW_DEDUPE rect={'left': 286, 'top': 29, 'right': 341, 'bottom': 53} normalized_text=ablak class_name= source_scope=main_window deduplicated=False
2026-08-25 22:19:49.763 | DEBUG    | winwatt_automation.live_ui.menu_helpers:capture_menu_popup_snapshot:1682 - DBG_POPUP_ROW_DEDUPE rect={'left': 341, 'top': 29, 'right': 392, 'bottom': 53} normalized_text=súgó class_name= source_scope=main_window deduplicated=False
2026-08-25 22:19:49.763 | INFO     | winwatt_automation.live_ui.menu_helpers:capture_menu_popup_snapshot:1724 - POPUP_SNAPSHOT_SUMMARY main_window_fragments=7 global_scan_fragments=0 deduped_fragments=7 topbar_like=6 popup_like=0 empty_text=0 topbar_band=(0, 29, 392, 53) empty_text_vertical_cluster_detected=False accepted_popup_rows=0 popup_heuristic=candidate_count_below_threshold
2026-08-25 22:19:49.763 | DEBUG    | winwatt_automation.live_ui.menu_helpers:capture_menu_popup_snapshot:1737 - Captured menu snapshot rows=7
2026-08-25 22:19:49.763 | DEBUG    | winwatt_automation.live_ui.menu_helpers:_log_phase_timing:83 - DBG_PHASE_TIMING phase=capture_menu_popup_snapshot elapsed_ms=469.000 main_rows=7 global_rows=0 unique_rows=7 diagnostic_fast_mode=True
2026-08-25 22:19:49.884 | INFO     | winwatt_automation.live_ui.menu_helpers:_validate_post_menu_open_foreground:962 - post_click_foreground_validation title=Fájl foreground={'handle': 1706870, 'title': 'WinWatt gólya - C:\\Users\\Admin\\Documents\\GitHub\\autowinwatt\\winwatt_automation\\tests\\testwwp.wwp', 'class_name': 'TMainForm', 'process_id': 20892}
2026-08-25 22:19:49.916 | INFO     | winwatt_automation.live_ui.app_connector:is_winwatt_foreground_context:1123 - DBG_WINWATT_FOREGROUND_CONTEXT expected_handle=1706870 expected_process_id=20892 expected_title=WinWatt gólya - C:\Users\Admin\Documents\GitHub\autowinwatt\winwatt_automation\tests\testwwp.wwp expected_class_name=TMainForm actual_foreground_handle=1706870 actual_foreground_process_id=20892 actual_foreground_title=WinWatt gólya - C:\Users\Admin\Documents\GitHub\autowinwatt\winwatt_automation\tests\testwwp.wwp actual_foreground_class_name=TMainForm allow_dialog=True result_reason=handle_match
2026-08-25 22:19:49.933 | DEBUG    | winwatt_automation.live_ui.app_connector:get_cached_main_window:565 - DBG_WINWATT_CACHE_GET reason_code=cache_reused_without_validation payload={'wrapper_type': 'UIAWrapper', 'handle': 1706870, 'process_id': 20892, 'title': 'WinWatt gólya - C:\\Users\\Admin\\Documents\\GitHub\\autowinwatt\\winwatt_automation\\tests\\testwwp.wwp', 'class_name': 'TMainForm', 'control_type': 'Window'} last_validation_age_s=4.782000000006519 diagnostic_fast_mode=True
2026-08-25 22:19:49.933 | DEBUG    | winwatt_automation.live_ui.app_connector:get_cached_main_window:566 - DBG_PHASE_TIMING phase=get_cached_main_window elapsed_ms=0.000 reason_code=cache_reused_without_validation
2026-08-25 22:19:49.937 | DEBUG    | winwatt_automation.live_ui.app_connector:get_cached_main_window:565 - DBG_WINWATT_CACHE_GET reason_code=cache_reused_without_validation payload={'wrapper_type': 'UIAWrapper', 'handle': 1706870, 'process_id': 20892, 'title': 'WinWatt gólya - C:\\Users\\Admin\\Documents\\GitHub\\autowinwatt\\winwatt_automation\\tests\\testwwp.wwp', 'class_name': 'TMainForm', 'control_type': 'Window'} last_validation_age_s=4.797000000020489 diagnostic_fast_mode=True
2026-08-25 22:19:49.937 | DEBUG    | winwatt_automation.live_ui.app_connector:get_cached_main_window:566 - DBG_PHASE_TIMING phase=get_cached_main_window elapsed_ms=0.000 reason_code=cache_reused_without_validation
2026-08-25 22:19:49.947 | DEBUG    | winwatt_automation.live_ui.app_connector:get_cached_main_window:565 - DBG_WINWATT_CACHE_GET reason_code=cache_reused_without_validation payload={'wrapper_type': 'UIAWrapper', 'handle': 1706870, 'process_id': 20892, 'title': 'WinWatt gólya - C:\\Users\\Admin\\Documents\\GitHub\\autowinwatt\\winwatt_automation\\tests\\testwwp.wwp', 'class_name': 'TMainForm', 'control_type': 'Window'} last_validation_age_s=4.797000000020489 diagnostic_fast_mode=True
2026-08-25 22:19:49.947 | DEBUG    | winwatt_automation.live_ui.app_connector:get_cached_main_window:566 - DBG_PHASE_TIMING phase=get_cached_main_window elapsed_ms=0.000 reason_code=cache_reused_without_validation
2026-08-25 22:19:50.279 | INFO     | winwatt_automation.live_ui.menu_helpers:_menu_items:1101 - DBG_MENU_ITEMS_SUMMARY total_items=19 visible_items=19 topbar_band=(0, 0, 392, 53) topbar_band_visible_count=7 popup_region_visible_count=12 force_refresh=False handle=1706870
2026-08-25 22:19:50.279 | DEBUG    | winwatt_automation.live_ui.menu_helpers:_menu_items:1111 - Discovered 19 MenuItem controls
2026-08-25 22:19:50.279 | DEBUG    | winwatt_automation.live_ui.menu_helpers:_log_phase_timing:83 - DBG_PHASE_TIMING phase=_menu_items elapsed_ms=344.000 force_refresh=False total_items=19 visible_items=19
2026-08-25 22:19:50.296 | INFO     | winwatt_automation.live_ui.menu_helpers:_menu_row_from_wrapper:1545 - TEXT_EXTRACTION_FALLBACK_USED source=legacy_text confidence=medium rect={'left': 4, 'top': 56, 'right': 290, 'bottom': 84}
2026-08-25 22:19:50.296 | DEBUG    | winwatt_automation.live_ui.menu_helpers:_log_popup_fragment:499 - DBG_MENU_FRAGMENT_MAIN_WINDOW source_scope=main_window control_type=MenuItem class_name= text='Végrehajtás' rectangle={'left': 4, 'top': 56, 'right': 290, 'bottom': 84} center=(147, 70) process_id=20892 native_handle=None topbar_candidate=False popup_candidate=True
2026-08-25 22:19:50.296 | INFO     | winwatt_automation.live_ui.menu_helpers:_menu_row_from_wrapper:1545 - TEXT_EXTRACTION_FALLBACK_USED source=legacy_text confidence=medium rect={'left': 4, 'top': 84, 'right': 290, 'bottom': 112}
2026-08-25 22:19:50.313 | DEBUG    | winwatt_automation.live_ui.menu_helpers:_log_popup_fragment:499 - DBG_MENU_FRAGMENT_MAIN_WINDOW source_scope=main_window control_type=MenuItem class_name= text='Végrehajtás' rectangle={'left': 4, 'top': 84, 'right': 290, 'bottom': 112} center=(147, 98) process_id=20892 native_handle=None topbar_candidate=False popup_candidate=True
2026-08-25 22:19:50.313 | WARNING  | winwatt_automation.live_ui.menu_helpers:_menu_row_from_wrapper:1547 - TEXT_EXTRACTION_FAILED source_scope=main_window rect={'left': 4, 'top': 111, 'right': 290, 'bottom': 139}
2026-08-25 22:19:50.313 | DEBUG    | winwatt_automation.live_ui.menu_helpers:_log_popup_fragment:499 - DBG_MENU_FRAGMENT_MAIN_WINDOW source_scope=main_window control_type=MenuItem class_name= text='' rectangle={'left': 4, 'top': 111, 'right': 290, 'bottom': 139} center=(147, 125) process_id=20892 native_handle=None topbar_candidate=False popup_candidate=True
2026-08-25 22:19:50.329 | INFO     | winwatt_automation.live_ui.menu_helpers:_menu_row_from_wrapper:1545 - TEXT_EXTRACTION_FALLBACK_USED source=legacy_text confidence=medium rect={'left': 4, 'top': 139, 'right': 290, 'bottom': 167}
2026-08-25 22:19:50.329 | DEBUG    | winwatt_automation.live_ui.menu_helpers:_log_popup_fragment:499 - DBG_MENU_FRAGMENT_MAIN_WINDOW source_scope=main_window control_type=MenuItem class_name= text='Végrehajtás' rectangle={'left': 4, 'top': 139, 'right': 290, 'bottom': 167} center=(147, 153) process_id=20892 native_handle=None topbar_candidate=False popup_candidate=True
2026-08-25 22:19:50.329 | INFO     | winwatt_automation.live_ui.menu_helpers:_menu_row_from_wrapper:1545 - TEXT_EXTRACTION_FALLBACK_USED source=legacy_text confidence=medium rect={'left': 4, 'top': 166, 'right': 290, 'bottom': 194}
2026-08-25 22:19:50.339 | DEBUG    | winwatt_automation.live_ui.menu_helpers:_log_popup_fragment:499 - DBG_MENU_FRAGMENT_MAIN_WINDOW source_scope=main_window control_type=MenuItem class_name= text='Végrehajtás' rectangle={'left': 4, 'top': 166, 'right': 290, 'bottom': 194} center=(147, 180) process_id=20892 native_handle=None topbar_candidate=False popup_candidate=True
2026-08-25 22:19:50.346 | INFO     | winwatt_automation.live_ui.menu_helpers:_menu_row_from_wrapper:1545 - TEXT_EXTRACTION_FALLBACK_USED source=legacy_text confidence=medium rect={'left': 4, 'top': 194, 'right': 290, 'bottom': 222}
2026-08-25 22:19:50.346 | DEBUG    | winwatt_automation.live_ui.menu_helpers:_log_popup_fragment:499 - DBG_MENU_FRAGMENT_MAIN_WINDOW source_scope=main_window control_type=MenuItem class_name= text='Végrehajtás' rectangle={'left': 4, 'top': 194, 'right': 290, 'bottom': 222} center=(147, 208) process_id=20892 native_handle=None topbar_candidate=False popup_candidate=True
2026-08-25 22:19:50.346 | INFO     | winwatt_automation.live_ui.menu_helpers:_menu_row_from_wrapper:1545 - TEXT_EXTRACTION_FALLBACK_USED source=legacy_text confidence=medium rect={'left': 4, 'top': 221, 'right': 290, 'bottom': 249}
2026-08-25 22:19:50.361 | DEBUG    | winwatt_automation.live_ui.menu_helpers:_log_popup_fragment:499 - DBG_MENU_FRAGMENT_MAIN_WINDOW source_scope=main_window control_type=MenuItem class_name= text='Végrehajtás' rectangle={'left': 4, 'top': 221, 'right': 290, 'bottom': 249} center=(147, 235) process_id=20892 native_handle=None topbar_candidate=False popup_candidate=True
2026-08-25 22:19:50.370 | INFO     | winwatt_automation.live_ui.menu_helpers:_menu_row_from_wrapper:1545 - TEXT_EXTRACTION_FALLBACK_USED source=legacy_text confidence=medium rect={'left': 4, 'top': 249, 'right': 290, 'bottom': 277}
2026-08-25 22:19:50.372 | DEBUG    | winwatt_automation.live_ui.menu_helpers:_log_popup_fragment:499 - DBG_MENU_FRAGMENT_MAIN_WINDOW source_scope=main_window control_type=MenuItem class_name= text='Végrehajtás' rectangle={'left': 4, 'top': 249, 'right': 290, 'bottom': 277} center=(147, 263) process_id=20892 native_handle=None topbar_candidate=False popup_candidate=True
2026-08-25 22:19:50.379 | INFO     | winwatt_automation.live_ui.menu_helpers:_menu_row_from_wrapper:1545 - TEXT_EXTRACTION_FALLBACK_USED source=legacy_text confidence=medium rect={'left': 4, 'top': 284, 'right': 290, 'bottom': 312}
2026-08-25 22:19:50.379 | DEBUG    | winwatt_automation.live_ui.menu_helpers:_log_popup_fragment:499 - DBG_MENU_FRAGMENT_MAIN_WINDOW source_scope=main_window control_type=MenuItem class_name= text='Megnyitás' rectangle={'left': 4, 'top': 284, 'right': 290, 'bottom': 312} center=(147, 298) process_id=20892 native_handle=None topbar_candidate=False popup_candidate=True
2026-08-25 22:19:50.379 | INFO     | winwatt_automation.live_ui.menu_helpers:_menu_row_from_wrapper:1545 - TEXT_EXTRACTION_FALLBACK_USED source=legacy_text confidence=medium rect={'left': 4, 'top': 311, 'right': 290, 'bottom': 339}
2026-08-25 22:19:50.379 | DEBUG    | winwatt_automation.live_ui.menu_helpers:_log_popup_fragment:499 - DBG_MENU_FRAGMENT_MAIN_WINDOW source_scope=main_window control_type=MenuItem class_name= text='Végrehajtás' rectangle={'left': 4, 'top': 311, 'right': 290, 'bottom': 339} center=(147, 325) process_id=20892 native_handle=None topbar_candidate=False popup_candidate=True
2026-08-25 22:19:50.396 | INFO     | winwatt_automation.live_ui.menu_helpers:_menu_row_from_wrapper:1545 - TEXT_EXTRACTION_FALLBACK_USED source=legacy_text confidence=medium rect={'left': 4, 'top': 339, 'right': 290, 'bottom': 367}
2026-08-25 22:19:50.396 | DEBUG    | winwatt_automation.live_ui.menu_helpers:_log_popup_fragment:499 - DBG_MENU_FRAGMENT_MAIN_WINDOW source_scope=main_window control_type=MenuItem class_name= text='Végrehajtás' rectangle={'left': 4, 'top': 339, 'right': 290, 'bottom': 367} center=(147, 353) process_id=20892 native_handle=None topbar_candidate=False popup_candidate=True
2026-08-25 22:19:50.396 | INFO     | winwatt_automation.live_ui.menu_helpers:_menu_row_from_wrapper:1545 - TEXT_EXTRACTION_FALLBACK_USED source=legacy_text confidence=medium rect={'left': 4, 'top': 374, 'right': 290, 'bottom': 402}
2026-08-25 22:19:50.396 | DEBUG    | winwatt_automation.live_ui.menu_helpers:_log_popup_fragment:499 - DBG_MENU_FRAGMENT_MAIN_WINDOW source_scope=main_window control_type=MenuItem class_name= text='Végrehajtás' rectangle={'left': 4, 'top': 374, 'right': 290, 'bottom': 402} center=(147, 388) process_id=20892 native_handle=None topbar_candidate=False popup_candidate=True
2026-08-25 22:19:50.396 | DEBUG    | winwatt_automation.live_ui.menu_helpers:_log_popup_fragment:499 - DBG_MENU_FRAGMENT_MAIN_WINDOW source_scope=main_window control_type=MenuItem class_name= text='Rendszer' rectangle={'left': 0, 'top': 0, 'right': 28, 'bottom': 28} center=(14, 14) process_id=20892 native_handle=None topbar_candidate=True popup_candidate=False
2026-08-25 22:19:50.396 | DEBUG    | winwatt_automation.live_ui.menu_helpers:_log_popup_fragment:499 - DBG_MENU_FRAGMENT_MAIN_WINDOW source_scope=main_window control_type=MenuItem class_name= text='Fájl' rectangle={'left': 0, 'top': 29, 'right': 40, 'bottom': 53} center=(20, 41) process_id=20892 native_handle=None topbar_candidate=True popup_candidate=False
2026-08-25 22:19:50.396 | DEBUG    | winwatt_automation.live_ui.menu_helpers:_log_popup_fragment:499 - DBG_MENU_FRAGMENT_MAIN_WINDOW source_scope=main_window control_type=MenuItem class_name= text='Jegyzékek' rectangle={'left': 40, 'top': 29, 'right': 123, 'bottom': 53} center=(81, 41) process_id=20892 native_handle=None topbar_candidate=True popup_candidate=False
2026-08-25 22:19:50.396 | DEBUG    | winwatt_automation.live_ui.menu_helpers:_log_popup_fragment:499 - DBG_MENU_FRAGMENT_MAIN_WINDOW source_scope=main_window control_type=MenuItem class_name= text='Eszközök' rectangle={'left': 123, 'top': 29, 'right': 199, 'bottom': 53} center=(161, 41) process_id=20892 native_handle=None topbar_candidate=True popup_candidate=False
2026-08-25 22:19:50.396 | DEBUG    | winwatt_automation.live_ui.menu_helpers:_log_popup_fragment:499 - DBG_MENU_FRAGMENT_MAIN_WINDOW source_scope=main_window control_type=MenuItem class_name= text='Beállítások' rectangle={'left': 199, 'top': 29, 'right': 287, 'bottom': 53} center=(243, 41) process_id=20892 native_handle=None topbar_candidate=True popup_candidate=False
2026-08-25 22:19:50.396 | DEBUG    | winwatt_automation.live_ui.menu_helpers:_log_popup_fragment:499 - DBG_MENU_FRAGMENT_MAIN_WINDOW source_scope=main_window control_type=MenuItem class_name= text='Ablak' rectangle={'left': 286, 'top': 29, 'right': 341, 'bottom': 53} center=(313, 41) process_id=20892 native_handle=None topbar_candidate=True popup_candidate=False
2026-08-25 22:19:50.412 | DEBUG    | winwatt_automation.live_ui.menu_helpers:_log_popup_fragment:499 - DBG_MENU_FRAGMENT_MAIN_WINDOW source_scope=main_window control_type=MenuItem class_name= text='Súgó' rectangle={'left': 341, 'top': 29, 'right': 392, 'bottom': 53} center=(366, 41) process_id=20892 native_handle=None topbar_candidate=True popup_candidate=False
2026-08-25 22:19:50.412 | DEBUG    | winwatt_automation.live_ui.menu_helpers:_menu_like_controls_from_main_window:1599 - DBG_MENU_FRAGMENT_SOURCE_SUMMARY source_scope=main_window count=19
2026-08-25 22:19:50.413 | DEBUG    | winwatt_automation.live_ui.app_connector:get_cached_main_window:565 - DBG_WINWATT_CACHE_GET reason_code=cache_reused_without_validation payload={'wrapper_type': 'UIAWrapper', 'handle': 1706870, 'process_id': 20892, 'title': 'WinWatt gólya - C:\\Users\\Admin\\Documents\\GitHub\\autowinwatt\\winwatt_automation\\tests\\testwwp.wwp', 'class_name': 'TMainForm', 'control_type': 'Window'} last_validation_age_s=5.26600000000326 diagnostic_fast_mode=True
2026-08-25 22:19:50.413 | DEBUG    | winwatt_automation.live_ui.app_connector:get_cached_main_window:566 - DBG_PHASE_TIMING phase=get_cached_main_window elapsed_ms=0.000 reason_code=cache_reused_without_validation
2026-08-25 22:19:50.572 | DEBUG    | winwatt_automation.live_ui.menu_helpers:capture_menu_popup_snapshot:1682 - DBG_POPUP_ROW_DEDUPE rect={'left': 4, 'top': 56, 'right': 290, 'bottom': 84} normalized_text=végrehajtás class_name= source_scope=main_window deduplicated=False
2026-08-25 22:19:50.572 | DEBUG    | winwatt_automation.live_ui.menu_helpers:capture_menu_popup_snapshot:1682 - DBG_POPUP_ROW_DEDUPE rect={'left': 4, 'top': 84, 'right': 290, 'bottom': 112} normalized_text=végrehajtás class_name= source_scope=main_window deduplicated=False
2026-08-25 22:19:50.572 | DEBUG    | winwatt_automation.live_ui.menu_helpers:capture_menu_popup_snapshot:1682 - DBG_POPUP_ROW_DEDUPE rect={'left': 4, 'top': 111, 'right': 290, 'bottom': 139} normalized_text= class_name= source_scope=main_window deduplicated=False
2026-08-25 22:19:50.572 | DEBUG    | winwatt_automation.live_ui.menu_helpers:capture_menu_popup_snapshot:1682 - DBG_POPUP_ROW_DEDUPE rect={'left': 4, 'top': 139, 'right': 290, 'bottom': 167} normalized_text=végrehajtás class_name= source_scope=main_window deduplicated=False
2026-08-25 22:19:50.572 | DEBUG    | winwatt_automation.live_ui.menu_helpers:capture_menu_popup_snapshot:1682 - DBG_POPUP_ROW_DEDUPE rect={'left': 4, 'top': 166, 'right': 290, 'bottom': 194} normalized_text=végrehajtás class_name= source_scope=main_window deduplicated=False
2026-08-25 22:19:50.572 | DEBUG    | winwatt_automation.live_ui.menu_helpers:capture_menu_popup_snapshot:1682 - DBG_POPUP_ROW_DEDUPE rect={'left': 4, 'top': 194, 'right': 290, 'bottom': 222} normalized_text=végrehajtás class_name= source_scope=main_window deduplicated=False
2026-08-25 22:19:50.572 | DEBUG    | winwatt_automation.live_ui.menu_helpers:capture_menu_popup_snapshot:1682 - DBG_POPUP_ROW_DEDUPE rect={'left': 4, 'top': 221, 'right': 290, 'bottom': 249} normalized_text=végrehajtás class_name= source_scope=main_window deduplicated=False
2026-08-25 22:19:50.572 | DEBUG    | winwatt_automation.live_ui.menu_helpers:capture_menu_popup_snapshot:1682 - DBG_POPUP_ROW_DEDUPE rect={'left': 4, 'top': 249, 'right': 290, 'bottom': 277} normalized_text=végrehajtás class_name= source_scope=main_window deduplicated=False
2026-08-25 22:19:50.572 | DEBUG    | winwatt_automation.live_ui.menu_helpers:capture_menu_popup_snapshot:1682 - DBG_POPUP_ROW_DEDUPE rect={'left': 4, 'top': 284, 'right': 290, 'bottom': 312} normalized_text=megnyitás class_name= source_scope=main_window deduplicated=False
2026-08-25 22:19:50.572 | DEBUG    | winwatt_automation.live_ui.menu_helpers:capture_menu_popup_snapshot:1682 - DBG_POPUP_ROW_DEDUPE rect={'left': 4, 'top': 311, 'right': 290, 'bottom': 339} normalized_text=végrehajtás class_name= source_scope=main_window deduplicated=False
2026-08-25 22:19:50.572 | DEBUG    | winwatt_automation.live_ui.menu_helpers:capture_menu_popup_snapshot:1682 - DBG_POPUP_ROW_DEDUPE rect={'left': 4, 'top': 339, 'right': 290, 'bottom': 367} normalized_text=végrehajtás class_name= source_scope=main_window deduplicated=False
2026-08-25 22:19:50.572 | DEBUG    | winwatt_automation.live_ui.menu_helpers:capture_menu_popup_snapshot:1682 - DBG_POPUP_ROW_DEDUPE rect={'left': 4, 'top': 374, 'right': 290, 'bottom': 402} normalized_text=végrehajtás class_name= source_scope=main_window deduplicated=False
2026-08-25 22:19:50.572 | DEBUG    | winwatt_automation.live_ui.menu_helpers:capture_menu_popup_snapshot:1682 - DBG_POPUP_ROW_DEDUPE rect={'left': 0, 'top': 0, 'right': 28, 'bottom': 28} normalized_text=rendszer class_name= source_scope=main_window deduplicated=False
2026-08-25 22:19:50.572 | DEBUG    | winwatt_automation.live_ui.menu_helpers:capture_menu_popup_snapshot:1682 - DBG_POPUP_ROW_DEDUPE rect={'left': 0, 'top': 29, 'right': 40, 'bottom': 53} normalized_text=fájl class_name= source_scope=main_window deduplicated=False
2026-08-25 22:19:50.572 | DEBUG    | winwatt_automation.live_ui.menu_helpers:capture_menu_popup_snapshot:1682 - DBG_POPUP_ROW_DEDUPE rect={'left': 40, 'top': 29, 'right': 123, 'bottom': 53} normalized_text=jegyzékek class_name= source_scope=main_window deduplicated=False
2026-08-25 22:19:50.578 | DEBUG    | winwatt_automation.live_ui.menu_helpers:capture_menu_popup_snapshot:1682 - DBG_POPUP_ROW_DEDUPE rect={'left': 123, 'top': 29, 'right': 199, 'bottom': 53} normalized_text=eszközök class_name= source_scope=main_window deduplicated=False
2026-08-25 22:19:50.578 | DEBUG    | winwatt_automation.live_ui.menu_helpers:capture_menu_popup_snapshot:1682 - DBG_POPUP_ROW_DEDUPE rect={'left': 199, 'top': 29, 'right': 287, 'bottom': 53} normalized_text=beállítások class_name= source_scope=main_window deduplicated=False
2026-08-25 22:19:50.578 | DEBUG    | winwatt_automation.live_ui.menu_helpers:capture_menu_popup_snapshot:1682 - DBG_POPUP_ROW_DEDUPE rect={'left': 286, 'top': 29, 'right': 341, 'bottom': 53} normalized_text=ablak class_name= source_scope=main_window deduplicated=False
2026-08-25 22:19:50.578 | DEBUG    | winwatt_automation.live_ui.menu_helpers:capture_menu_popup_snapshot:1682 - DBG_POPUP_ROW_DEDUPE rect={'left': 341, 'top': 29, 'right': 392, 'bottom': 53} normalized_text=súgó class_name= source_scope=main_window deduplicated=False
2026-08-25 22:19:50.578 | INFO     | winwatt_automation.live_ui.menu_helpers:capture_menu_popup_snapshot:1724 - POPUP_SNAPSHOT_SUMMARY main_window_fragments=19 global_scan_fragments=0 deduped_fragments=19 topbar_like=6 popup_like=12 empty_text=1 topbar_band=(0, 29, 392, 53) empty_text_vertical_cluster_detected=False accepted_popup_rows=0 popup_heuristic=candidate_count_below_threshold
2026-08-25 22:19:50.579 | DEBUG    | winwatt_automation.live_ui.menu_helpers:capture_menu_popup_snapshot:1737 - Captured menu snapshot rows=19
2026-08-25 22:19:50.579 | DEBUG    | winwatt_automation.live_ui.menu_helpers:_log_phase_timing:83 - DBG_PHASE_TIMING phase=capture_menu_popup_snapshot elapsed_ms=656.000 main_rows=19 global_rows=0 unique_rows=19 diagnostic_fast_mode=True
2026-08-25 22:19:50.579 | DEBUG    | winwatt_automation.live_ui.menu_helpers:did_any_new_menu_popup_appear:2272 - Menu popup snapshot diff: before=7 after=19 new=12
2026-08-25 22:19:50.579 | DEBUG    | winwatt_automation.live_ui.menu_helpers:did_any_new_menu_popup_appear:2272 - Menu popup snapshot diff: before=7 after=19 new=12
2026-08-25 22:19:50.579 | DEBUG    | winwatt_automation.live_ui.app_connector:get_cached_main_window:565 - DBG_WINWATT_CACHE_GET reason_code=cache_reused_without_validation payload={'wrapper_type': 'UIAWrapper', 'handle': 1706870, 'process_id': 20892, 'title': 'WinWatt gólya - C:\\Users\\Admin\\Documents\\GitHub\\autowinwatt\\winwatt_automation\\tests\\testwwp.wwp', 'class_name': 'TMainForm', 'control_type': 'Window'} last_validation_age_s=5.437999999994645 diagnostic_fast_mode=True
2026-08-25 22:19:50.579 | DEBUG    | winwatt_automation.live_ui.app_connector:get_cached_main_window:566 - DBG_PHASE_TIMING phase=get_cached_main_window elapsed_ms=0.000 reason_code=cache_reused_without_validation
2026-08-25 22:19:50.579 | DEBUG    | winwatt_automation.live_ui.app_connector:get_cached_main_window:565 - DBG_WINWATT_CACHE_GET reason_code=cache_reused_without_validation payload={'wrapper_type': 'UIAWrapper', 'handle': 1706870, 'process_id': 20892, 'title': 'WinWatt gólya - C:\\Users\\Admin\\Documents\\GitHub\\autowinwatt\\winwatt_automation\\tests\\testwwp.wwp', 'class_name': 'TMainForm', 'control_type': 'Window'} last_validation_age_s=5.437999999994645 diagnostic_fast_mode=True
2026-08-25 22:19:50.579 | DEBUG    | winwatt_automation.live_ui.app_connector:get_cached_main_window:566 - DBG_PHASE_TIMING phase=get_cached_main_window elapsed_ms=0.000 reason_code=cache_reused_without_validation
2026-08-25 22:19:50.579 | DEBUG    | winwatt_automation.live_ui.app_connector:get_cached_main_window:565 - DBG_WINWATT_CACHE_GET reason_code=cache_reused_without_validation payload={'wrapper_type': 'UIAWrapper', 'handle': 1706870, 'process_id': 20892, 'title': 'WinWatt gólya - C:\\Users\\Admin\\Documents\\GitHub\\autowinwatt\\winwatt_automation\\tests\\testwwp.wwp', 'class_name': 'TMainForm', 'control_type': 'Window'} last_validation_age_s=5.437999999994645 diagnostic_fast_mode=True
2026-08-25 22:19:50.579 | DEBUG    | winwatt_automation.live_ui.app_connector:get_cached_main_window:566 - DBG_PHASE_TIMING phase=get_cached_main_window elapsed_ms=0.000 reason_code=cache_reused_without_validation
2026-08-25 22:19:50.975 | INFO     | winwatt_automation.live_ui.menu_helpers:_menu_items:1101 - DBG_MENU_ITEMS_SUMMARY total_items=19 visible_items=19 topbar_band=(0, 0, 392, 402) topbar_band_visible_count=19 popup_region_visible_count=0 force_refresh=False handle=1706870
2026-08-25 22:19:50.975 | DEBUG    | winwatt_automation.live_ui.menu_helpers:_menu_items:1111 - Discovered 19 MenuItem controls
2026-08-25 22:19:50.976 | DEBUG    | winwatt_automation.live_ui.menu_helpers:_log_phase_timing:83 - DBG_PHASE_TIMING phase=_menu_items elapsed_ms=390.000 force_refresh=False total_items=19 visible_items=19
2026-08-25 22:19:50.981 | INFO     | winwatt_automation.live_ui.menu_helpers:_menu_row_from_wrapper:1545 - TEXT_EXTRACTION_FALLBACK_USED source=legacy_text confidence=medium rect={'left': 4, 'top': 56, 'right': 290, 'bottom': 84}
2026-08-25 22:19:50.981 | DEBUG    | winwatt_automation.live_ui.menu_helpers:_log_popup_fragment:499 - DBG_MENU_FRAGMENT_MAIN_WINDOW source_scope=main_window control_type=MenuItem class_name= text='Végrehajtás' rectangle={'left': 4, 'top': 56, 'right': 290, 'bottom': 84} center=(147, 70) process_id=20892 native_handle=None topbar_candidate=True popup_candidate=False
2026-08-25 22:19:50.998 | INFO     | winwatt_automation.live_ui.menu_helpers:_menu_row_from_wrapper:1545 - TEXT_EXTRACTION_FALLBACK_USED source=legacy_text confidence=medium rect={'left': 4, 'top': 84, 'right': 290, 'bottom': 112}
2026-08-25 22:19:51.003 | DEBUG    | winwatt_automation.live_ui.menu_helpers:_log_popup_fragment:499 - DBG_MENU_FRAGMENT_MAIN_WINDOW source_scope=main_window control_type=MenuItem class_name= text='Végrehajtás' rectangle={'left': 4, 'top': 84, 'right': 290, 'bottom': 112} center=(147, 98) process_id=20892 native_handle=None topbar_candidate=True popup_candidate=False
2026-08-25 22:19:51.005 | WARNING  | winwatt_automation.live_ui.menu_helpers:_menu_row_from_wrapper:1547 - TEXT_EXTRACTION_FAILED source_scope=main_window rect={'left': 4, 'top': 111, 'right': 290, 'bottom': 139}
2026-08-25 22:19:51.014 | DEBUG    | winwatt_automation.live_ui.menu_helpers:_log_popup_fragment:499 - DBG_MENU_FRAGMENT_MAIN_WINDOW source_scope=main_window control_type=MenuItem class_name= text='' rectangle={'left': 4, 'top': 111, 'right': 290, 'bottom': 139} center=(147, 125) process_id=20892 native_handle=None topbar_candidate=True popup_candidate=False
2026-08-25 22:19:51.022 | INFO     | winwatt_automation.live_ui.menu_helpers:_menu_row_from_wrapper:1545 - TEXT_EXTRACTION_FALLBACK_USED source=legacy_text confidence=medium rect={'left': 4, 'top': 139, 'right': 290, 'bottom': 167}
2026-08-25 22:19:51.025 | DEBUG    | winwatt_automation.live_ui.menu_helpers:_log_popup_fragment:499 - DBG_MENU_FRAGMENT_MAIN_WINDOW source_scope=main_window control_type=MenuItem class_name= text='Végrehajtás' rectangle={'left': 4, 'top': 139, 'right': 290, 'bottom': 167} center=(147, 153) process_id=20892 native_handle=None topbar_candidate=True popup_candidate=False
2026-08-25 22:19:51.030 | INFO     | winwatt_automation.live_ui.menu_helpers:_menu_row_from_wrapper:1545 - TEXT_EXTRACTION_FALLBACK_USED source=legacy_text confidence=medium rect={'left': 4, 'top': 166, 'right': 290, 'bottom': 194}
2026-08-25 22:19:51.030 | DEBUG    | winwatt_automation.live_ui.menu_helpers:_log_popup_fragment:499 - DBG_MENU_FRAGMENT_MAIN_WINDOW source_scope=main_window control_type=MenuItem class_name= text='Végrehajtás' rectangle={'left': 4, 'top': 166, 'right': 290, 'bottom': 194} center=(147, 180) process_id=20892 native_handle=None topbar_candidate=True popup_candidate=False
2026-08-25 22:19:51.030 | INFO     | winwatt_automation.live_ui.menu_helpers:_menu_row_from_wrapper:1545 - TEXT_EXTRACTION_FALLBACK_USED source=legacy_text confidence=medium rect={'left': 4, 'top': 194, 'right': 290, 'bottom': 222}
2026-08-25 22:19:51.046 | DEBUG    | winwatt_automation.live_ui.menu_helpers:_log_popup_fragment:499 - DBG_MENU_FRAGMENT_MAIN_WINDOW source_scope=main_window control_type=MenuItem class_name= text='Végrehajtás' rectangle={'left': 4, 'top': 194, 'right': 290, 'bottom': 222} center=(147, 208) process_id=20892 native_handle=None topbar_candidate=True popup_candidate=False
2026-08-25 22:19:51.046 | INFO     | winwatt_automation.live_ui.menu_helpers:_menu_row_from_wrapper:1545 - TEXT_EXTRACTION_FALLBACK_USED source=legacy_text confidence=medium rect={'left': 4, 'top': 221, 'right': 290, 'bottom': 249}
2026-08-25 22:19:51.046 | DEBUG    | winwatt_automation.live_ui.menu_helpers:_log_popup_fragment:499 - DBG_MENU_FRAGMENT_MAIN_WINDOW source_scope=main_window control_type=MenuItem class_name= text='Végrehajtás' rectangle={'left': 4, 'top': 221, 'right': 290, 'bottom': 249} center=(147, 235) process_id=20892 native_handle=None topbar_candidate=True popup_candidate=False
2026-08-25 22:19:51.063 | INFO     | winwatt_automation.live_ui.menu_helpers:_menu_row_from_wrapper:1545 - TEXT_EXTRACTION_FALLBACK_USED source=legacy_text confidence=medium rect={'left': 4, 'top': 249, 'right': 290, 'bottom': 277}
2026-08-25 22:19:51.063 | DEBUG    | winwatt_automation.live_ui.menu_helpers:_log_popup_fragment:499 - DBG_MENU_FRAGMENT_MAIN_WINDOW source_scope=main_window control_type=MenuItem class_name= text='Végrehajtás' rectangle={'left': 4, 'top': 249, 'right': 290, 'bottom': 277} center=(147, 263) process_id=20892 native_handle=None topbar_candidate=True popup_candidate=False
2026-08-25 22:19:51.073 | INFO     | winwatt_automation.live_ui.menu_helpers:_menu_row_from_wrapper:1545 - TEXT_EXTRACTION_FALLBACK_USED source=legacy_text confidence=medium rect={'left': 4, 'top': 284, 'right': 290, 'bottom': 312}
2026-08-25 22:19:51.078 | DEBUG    | winwatt_automation.live_ui.menu_helpers:_log_popup_fragment:499 - DBG_MENU_FRAGMENT_MAIN_WINDOW source_scope=main_window control_type=MenuItem class_name= text='Megnyitás' rectangle={'left': 4, 'top': 284, 'right': 290, 'bottom': 312} center=(147, 298) process_id=20892 native_handle=None topbar_candidate=True popup_candidate=False
2026-08-25 22:19:51.079 | INFO     | winwatt_automation.live_ui.menu_helpers:_menu_row_from_wrapper:1545 - TEXT_EXTRACTION_FALLBACK_USED source=legacy_text confidence=medium rect={'left': 4, 'top': 311, 'right': 290, 'bottom': 339}
2026-08-25 22:19:51.079 | DEBUG    | winwatt_automation.live_ui.menu_helpers:_log_popup_fragment:499 - DBG_MENU_FRAGMENT_MAIN_WINDOW source_scope=main_window control_type=MenuItem class_name= text='Végrehajtás' rectangle={'left': 4, 'top': 311, 'right': 290, 'bottom': 339} center=(147, 325) process_id=20892 native_handle=None topbar_candidate=True popup_candidate=False
2026-08-25 22:19:51.096 | INFO     | winwatt_automation.live_ui.menu_helpers:_menu_row_from_wrapper:1545 - TEXT_EXTRACTION_FALLBACK_USED source=legacy_text confidence=medium rect={'left': 4, 'top': 339, 'right': 290, 'bottom': 367}
2026-08-25 22:19:51.096 | DEBUG    | winwatt_automation.live_ui.menu_helpers:_log_popup_fragment:499 - DBG_MENU_FRAGMENT_MAIN_WINDOW source_scope=main_window control_type=MenuItem class_name= text='Végrehajtás' rectangle={'left': 4, 'top': 339, 'right': 290, 'bottom': 367} center=(147, 353) process_id=20892 native_handle=None topbar_candidate=True popup_candidate=False
2026-08-25 22:19:51.096 | INFO     | winwatt_automation.live_ui.menu_helpers:_menu_row_from_wrapper:1545 - TEXT_EXTRACTION_FALLBACK_USED source=legacy_text confidence=medium rect={'left': 4, 'top': 374, 'right': 290, 'bottom': 402}
2026-08-25 22:19:51.111 | DEBUG    | winwatt_automation.live_ui.menu_helpers:_log_popup_fragment:499 - DBG_MENU_FRAGMENT_MAIN_WINDOW source_scope=main_window control_type=MenuItem class_name= text='Végrehajtás' rectangle={'left': 4, 'top': 374, 'right': 290, 'bottom': 402} center=(147, 388) process_id=20892 native_handle=None topbar_candidate=True popup_candidate=False
2026-08-25 22:19:51.113 | DEBUG    | winwatt_automation.live_ui.menu_helpers:_log_popup_fragment:499 - DBG_MENU_FRAGMENT_MAIN_WINDOW source_scope=main_window control_type=MenuItem class_name= text='Rendszer' rectangle={'left': 0, 'top': 0, 'right': 28, 'bottom': 28} center=(14, 14) process_id=20892 native_handle=None topbar_candidate=True popup_candidate=False
2026-08-25 22:19:51.113 | DEBUG    | winwatt_automation.live_ui.menu_helpers:_log_popup_fragment:499 - DBG_MENU_FRAGMENT_MAIN_WINDOW source_scope=main_window control_type=MenuItem class_name= text='Fájl' rectangle={'left': 0, 'top': 29, 'right': 40, 'bottom': 53} center=(20, 41) process_id=20892 native_handle=None topbar_candidate=True popup_candidate=False
2026-08-25 22:19:51.113 | DEBUG    | winwatt_automation.live_ui.menu_helpers:_log_popup_fragment:499 - DBG_MENU_FRAGMENT_MAIN_WINDOW source_scope=main_window control_type=MenuItem class_name= text='Jegyzékek' rectangle={'left': 40, 'top': 29, 'right': 123, 'bottom': 53} center=(81, 41) process_id=20892 native_handle=None topbar_candidate=True popup_candidate=False
2026-08-25 22:19:51.113 | DEBUG    | winwatt_automation.live_ui.menu_helpers:_log_popup_fragment:499 - DBG_MENU_FRAGMENT_MAIN_WINDOW source_scope=main_window control_type=MenuItem class_name= text='Eszközök' rectangle={'left': 123, 'top': 29, 'right': 199, 'bottom': 53} center=(161, 41) process_id=20892 native_handle=None topbar_candidate=True popup_candidate=False
2026-08-25 22:19:51.113 | DEBUG    | winwatt_automation.live_ui.menu_helpers:_log_popup_fragment:499 - DBG_MENU_FRAGMENT_MAIN_WINDOW source_scope=main_window control_type=MenuItem class_name= text='Beállítások' rectangle={'left': 199, 'top': 29, 'right': 287, 'bottom': 53} center=(243, 41) process_id=20892 native_handle=None topbar_candidate=True popup_candidate=False
2026-08-25 22:19:51.113 | DEBUG    | winwatt_automation.live_ui.menu_helpers:_log_popup_fragment:499 - DBG_MENU_FRAGMENT_MAIN_WINDOW source_scope=main_window control_type=MenuItem class_name= text='Ablak' rectangle={'left': 286, 'top': 29, 'right': 341, 'bottom': 53} center=(313, 41) process_id=20892 native_handle=None topbar_candidate=True popup_candidate=False
2026-08-25 22:19:51.113 | DEBUG    | winwatt_automation.live_ui.menu_helpers:_log_popup_fragment:499 - DBG_MENU_FRAGMENT_MAIN_WINDOW source_scope=main_window control_type=MenuItem class_name= text='Súgó' rectangle={'left': 341, 'top': 29, 'right': 392, 'bottom': 53} center=(366, 41) process_id=20892 native_handle=None topbar_candidate=True popup_candidate=False
2026-08-25 22:19:51.113 | DEBUG    | winwatt_automation.live_ui.menu_helpers:_menu_like_controls_from_main_window:1599 - DBG_MENU_FRAGMENT_SOURCE_SUMMARY source_scope=main_window count=19
2026-08-25 22:19:51.113 | DEBUG    | winwatt_automation.live_ui.app_connector:get_cached_main_window:565 - DBG_WINWATT_CACHE_GET reason_code=cache_reused_without_validation payload={'wrapper_type': 'UIAWrapper', 'handle': 1706870, 'process_id': 20892, 'title': 'WinWatt gólya - C:\\Users\\Admin\\Documents\\GitHub\\autowinwatt\\winwatt_automation\\tests\\testwwp.wwp', 'class_name': 'TMainForm', 'control_type': 'Window'} last_validation_age_s=5.969000000011874 diagnostic_fast_mode=True
2026-08-25 22:19:51.113 | DEBUG    | winwatt_automation.live_ui.app_connector:get_cached_main_window:566 - DBG_PHASE_TIMING phase=get_cached_main_window elapsed_ms=0.000 reason_code=cache_reused_without_validation
2026-08-25 22:19:51.573 | DEBUG    | winwatt_automation.live_ui.menu_helpers:capture_menu_popup_snapshot:1682 - DBG_POPUP_ROW_DEDUPE rect={'left': 4, 'top': 56, 'right': 290, 'bottom': 84} normalized_text=végrehajtás class_name= source_scope=main_window deduplicated=False
2026-08-25 22:19:51.573 | DEBUG    | winwatt_automation.live_ui.menu_helpers:capture_menu_popup_snapshot:1682 - DBG_POPUP_ROW_DEDUPE rect={'left': 4, 'top': 84, 'right': 290, 'bottom': 112} normalized_text=végrehajtás class_name= source_scope=main_window deduplicated=False
2026-08-25 22:19:51.573 | DEBUG    | winwatt_automation.live_ui.menu_helpers:capture_menu_popup_snapshot:1682 - DBG_POPUP_ROW_DEDUPE rect={'left': 4, 'top': 111, 'right': 290, 'bottom': 139} normalized_text= class_name= source_scope=main_window deduplicated=False
2026-08-25 22:19:51.573 | DEBUG    | winwatt_automation.live_ui.menu_helpers:capture_menu_popup_snapshot:1682 - DBG_POPUP_ROW_DEDUPE rect={'left': 4, 'top': 139, 'right': 290, 'bottom': 167} normalized_text=végrehajtás class_name= source_scope=main_window deduplicated=False
2026-08-25 22:19:51.573 | DEBUG    | winwatt_automation.live_ui.menu_helpers:capture_menu_popup_snapshot:1682 - DBG_POPUP_ROW_DEDUPE rect={'left': 4, 'top': 166, 'right': 290, 'bottom': 194} normalized_text=végrehajtás class_name= source_scope=main_window deduplicated=False
2026-08-25 22:19:51.573 | DEBUG    | winwatt_automation.live_ui.menu_helpers:capture_menu_popup_snapshot:1682 - DBG_POPUP_ROW_DEDUPE rect={'left': 4, 'top': 194, 'right': 290, 'bottom': 222} normalized_text=végrehajtás class_name= source_scope=main_window deduplicated=False
2026-08-25 22:19:51.573 | DEBUG    | winwatt_automation.live_ui.menu_helpers:capture_menu_popup_snapshot:1682 - DBG_POPUP_ROW_DEDUPE rect={'left': 4, 'top': 221, 'right': 290, 'bottom': 249} normalized_text=végrehajtás class_name= source_scope=main_window deduplicated=False
2026-08-25 22:19:51.573 | DEBUG    | winwatt_automation.live_ui.menu_helpers:capture_menu_popup_snapshot:1682 - DBG_POPUP_ROW_DEDUPE rect={'left': 4, 'top': 249, 'right': 290, 'bottom': 277} normalized_text=végrehajtás class_name= source_scope=main_window deduplicated=False
2026-08-25 22:19:51.573 | DEBUG    | winwatt_automation.live_ui.menu_helpers:capture_menu_popup_snapshot:1682 - DBG_POPUP_ROW_DEDUPE rect={'left': 4, 'top': 284, 'right': 290, 'bottom': 312} normalized_text=megnyitás class_name= source_scope=main_window deduplicated=False
2026-08-25 22:19:51.573 | DEBUG    | winwatt_automation.live_ui.menu_helpers:capture_menu_popup_snapshot:1682 - DBG_POPUP_ROW_DEDUPE rect={'left': 4, 'top': 311, 'right': 290, 'bottom': 339} normalized_text=végrehajtás class_name= source_scope=main_window deduplicated=False
2026-08-25 22:19:51.573 | DEBUG    | winwatt_automation.live_ui.menu_helpers:capture_menu_popup_snapshot:1682 - DBG_POPUP_ROW_DEDUPE rect={'left': 4, 'top': 339, 'right': 290, 'bottom': 367} normalized_text=végrehajtás class_name= source_scope=main_window deduplicated=False
2026-08-25 22:19:51.573 | DEBUG    | winwatt_automation.live_ui.menu_helpers:capture_menu_popup_snapshot:1682 - DBG_POPUP_ROW_DEDUPE rect={'left': 4, 'top': 374, 'right': 290, 'bottom': 402} normalized_text=végrehajtás class_name= source_scope=main_window deduplicated=False
2026-08-25 22:19:51.573 | DEBUG    | winwatt_automation.live_ui.menu_helpers:capture_menu_popup_snapshot:1682 - DBG_POPUP_ROW_DEDUPE rect={'left': 0, 'top': 0, 'right': 28, 'bottom': 28} normalized_text=rendszer class_name= source_scope=main_window deduplicated=False
2026-08-25 22:19:51.573 | DEBUG    | winwatt_automation.live_ui.menu_helpers:capture_menu_popup_snapshot:1682 - DBG_POPUP_ROW_DEDUPE rect={'left': 0, 'top': 29, 'right': 40, 'bottom': 53} normalized_text=fájl class_name= source_scope=main_window deduplicated=False
2026-08-25 22:19:51.573 | DEBUG    | winwatt_automation.live_ui.menu_helpers:capture_menu_popup_snapshot:1682 - DBG_POPUP_ROW_DEDUPE rect={'left': 40, 'top': 29, 'right': 123, 'bottom': 53} normalized_text=jegyzékek class_name= source_scope=main_window deduplicated=False
2026-08-25 22:19:51.573 | DEBUG    | winwatt_automation.live_ui.menu_helpers:capture_menu_popup_snapshot:1682 - DBG_POPUP_ROW_DEDUPE rect={'left': 123, 'top': 29, 'right': 199, 'bottom': 53} normalized_text=eszközök class_name= source_scope=main_window deduplicated=False
2026-08-25 22:19:51.573 | DEBUG    | winwatt_automation.live_ui.menu_helpers:capture_menu_popup_snapshot:1682 - DBG_POPUP_ROW_DEDUPE rect={'left': 199, 'top': 29, 'right': 287, 'bottom': 53} normalized_text=beállítások class_name= source_scope=main_window deduplicated=False
2026-08-25 22:19:51.578 | DEBUG    | winwatt_automation.live_ui.menu_helpers:capture_menu_popup_snapshot:1682 - DBG_POPUP_ROW_DEDUPE rect={'left': 286, 'top': 29, 'right': 341, 'bottom': 53} normalized_text=ablak class_name= source_scope=main_window deduplicated=False
2026-08-25 22:19:51.578 | DEBUG    | winwatt_automation.live_ui.menu_helpers:capture_menu_popup_snapshot:1682 - DBG_POPUP_ROW_DEDUPE rect={'left': 341, 'top': 29, 'right': 392, 'bottom': 53} normalized_text=súgó class_name= source_scope=main_window deduplicated=False
2026-08-25 22:19:51.579 | INFO     | winwatt_automation.live_ui.menu_helpers:capture_menu_popup_snapshot:1724 - POPUP_SNAPSHOT_SUMMARY main_window_fragments=19 global_scan_fragments=0 deduped_fragments=19 topbar_like=6 popup_like=12 empty_text=1 topbar_band=(0, 29, 392, 53) empty_text_vertical_cluster_detected=False accepted_popup_rows=0 popup_heuristic=candidate_count_below_threshold
2026-08-25 22:19:51.579 | DEBUG    | winwatt_automation.live_ui.menu_helpers:capture_menu_popup_snapshot:1737 - Captured menu snapshot rows=19
2026-08-25 22:19:51.579 | DEBUG    | winwatt_automation.live_ui.menu_helpers:_log_phase_timing:83 - DBG_PHASE_TIMING phase=capture_menu_popup_snapshot elapsed_ms=1000.000 main_rows=19 global_rows=0 unique_rows=19 diagnostic_fast_mode=True
2026-08-25 22:19:51.579 | DEBUG    | winwatt_automation.live_ui.app_connector:get_cached_main_window:565 - DBG_WINWATT_CACHE_GET reason_code=cache_reused_without_validation payload={'wrapper_type': 'UIAWrapper', 'handle': 1706870, 'process_id': 20892, 'title': 'WinWatt gólya - C:\\Users\\Admin\\Documents\\GitHub\\autowinwatt\\winwatt_automation\\tests\\testwwp.wwp', 'class_name': 'TMainForm', 'control_type': 'Window'} last_validation_age_s=6.437999999994645 diagnostic_fast_mode=True
2026-08-25 22:19:51.579 | DEBUG    | winwatt_automation.live_ui.app_connector:get_cached_main_window:566 - DBG_PHASE_TIMING phase=get_cached_main_window elapsed_ms=0.000 reason_code=cache_reused_without_validation
2026-08-25 22:19:51.579 | DEBUG    | winwatt_automation.live_ui.app_connector:get_cached_main_window:565 - DBG_WINWATT_CACHE_GET reason_code=cache_reused_without_validation payload={'wrapper_type': 'UIAWrapper', 'handle': 1706870, 'process_id': 20892, 'title': 'WinWatt gólya - C:\\Users\\Admin\\Documents\\GitHub\\autowinwatt\\winwatt_automation\\tests\\testwwp.wwp', 'class_name': 'TMainForm', 'control_type': 'Window'} last_validation_age_s=6.437999999994645 diagnostic_fast_mode=True
2026-08-25 22:19:51.579 | DEBUG    | winwatt_automation.live_ui.app_connector:get_cached_main_window:566 - DBG_PHASE_TIMING phase=get_cached_main_window elapsed_ms=0.000 reason_code=cache_reused_without_validation
2026-08-25 22:19:52.363 | INFO     | winwatt_automation.live_ui.menu_helpers:_menu_items:1101 - DBG_MENU_ITEMS_SUMMARY total_items=19 visible_items=19 topbar_band=(0, 0, 392, 402) topbar_band_visible_count=19 popup_region_visible_count=0 force_refresh=True handle=1706870
2026-08-25 22:19:52.363 | DEBUG    | winwatt_automation.live_ui.menu_helpers:_menu_items:1111 - Discovered 19 MenuItem controls
2026-08-25 22:19:52.363 | DEBUG    | winwatt_automation.live_ui.menu_helpers:_log_phase_timing:83 - DBG_PHASE_TIMING phase=_menu_items elapsed_ms=781.000 force_refresh=True total_items=19 visible_items=19
2026-08-25 22:19:52.376 | INFO     | winwatt_automation.live_ui.menu_helpers:_log_top_menu_popup_diagnostics:526 - DBG_MENU_EMPTY_TEXT_VERTICAL_CLUSTER detected=False accepted_popup_rows=0 reason=candidate_count_below_threshold topbar_band=(0, 29, 392, 53)
2026-08-25 22:19:52.376 | INFO     | winwatt_automation.live_ui.menu_helpers:_log_top_menu_popup_diagnostics:548 - DBG_TOP_MENU_CLICK_POPUP_DIAG title=Fájl total_visible_menuitems=19 topbar_band_menuitems=6 popup_region_menuitems=12 new_cluster_below_topbar=True visible_texts_under_title=['Végrehajtás', 'Végrehajtás', '', 'Végrehajtás', 'Végrehajtás', 'Végrehajtás', 'Végrehajtás', 'Végrehajtás', 'Megnyitás', 'Végrehajtás', 'Végrehajtás', 'Végrehajtás'] topbar_band=(0, 29, 392, 53) snapshot_row_count=19
2026-08-25 22:19:52.379 | DEBUG    | winwatt_automation.live_ui.app_connector:get_cached_main_window:565 - DBG_WINWATT_CACHE_GET reason_code=cache_reused_without_validation payload={'wrapper_type': 'UIAWrapper', 'handle': 1706870, 'process_id': 20892, 'title': 'WinWatt gólya - C:\\Users\\Admin\\Documents\\GitHub\\autowinwatt\\winwatt_automation\\tests\\testwwp.wwp', 'class_name': 'TMainForm', 'control_type': 'Window'} last_validation_age_s=7.235000000015134 diagnostic_fast_mode=True
2026-08-25 22:19:52.379 | DEBUG    | winwatt_automation.live_ui.app_connector:get_cached_main_window:566 - DBG_PHASE_TIMING phase=get_cached_main_window elapsed_ms=0.000 reason_code=cache_reused_without_validation
2026-08-25 22:19:52.563 | DEBUG    | winwatt_automation.live_ui.app_connector:get_cached_main_window:565 - DBG_WINWATT_CACHE_GET reason_code=cache_reused_without_validation payload={'wrapper_type': 'UIAWrapper', 'handle': 1706870, 'process_id': 20892, 'title': 'WinWatt gólya - C:\\Users\\Admin\\Documents\\GitHub\\autowinwatt\\winwatt_automation\\tests\\testwwp.wwp', 'class_name': 'TMainForm', 'control_type': 'Window'} last_validation_age_s=7.422000000020489 diagnostic_fast_mode=True
2026-08-25 22:19:52.563 | DEBUG    | winwatt_automation.live_ui.app_connector:get_cached_main_window:566 - DBG_PHASE_TIMING phase=get_cached_main_window elapsed_ms=0.000 reason_code=cache_reused_without_validation
2026-08-25 22:19:52.563 | DEBUG    | winwatt_automation.live_ui.app_connector:get_cached_main_window:565 - DBG_WINWATT_CACHE_GET reason_code=cache_reused_without_validation payload={'wrapper_type': 'UIAWrapper', 'handle': 1706870, 'process_id': 20892, 'title': 'WinWatt gólya - C:\\Users\\Admin\\Documents\\GitHub\\autowinwatt\\winwatt_automation\\tests\\testwwp.wwp', 'class_name': 'TMainForm', 'control_type': 'Window'} last_validation_age_s=7.422000000020489 diagnostic_fast_mode=True
2026-08-25 22:19:52.563 | DEBUG    | winwatt_automation.live_ui.app_connector:get_cached_main_window:566 - DBG_PHASE_TIMING phase=get_cached_main_window elapsed_ms=0.000 reason_code=cache_reused_without_validation
2026-08-25 22:19:52.579 | INFO     | winwatt_automation.live_ui.menu_helpers:_menu_items:1101 - DBG_MENU_ITEMS_SUMMARY total_items=19 visible_items=19 topbar_band=(0, 0, 392, 402) topbar_band_visible_count=19 popup_region_visible_count=0 force_refresh=False handle=1706870
2026-08-25 22:19:52.579 | DEBUG    | winwatt_automation.live_ui.menu_helpers:_menu_items:1111 - Discovered 19 MenuItem controls
2026-08-25 22:19:52.579 | DEBUG    | winwatt_automation.live_ui.menu_helpers:_log_phase_timing:83 - DBG_PHASE_TIMING phase=_menu_items elapsed_ms=16.000 force_refresh=False total_items=19 visible_items=19
2026-08-25 22:19:52.597 | INFO     | winwatt_automation.live_ui.menu_helpers:_menu_row_from_wrapper:1545 - TEXT_EXTRACTION_FALLBACK_USED source=legacy_text confidence=medium rect={'left': 4, 'top': 56, 'right': 290, 'bottom': 84}
2026-08-25 22:19:52.597 | DEBUG    | winwatt_automation.live_ui.menu_helpers:_log_popup_fragment:499 - DBG_MENU_FRAGMENT_MAIN_WINDOW source_scope=main_window control_type=MenuItem class_name= text='Végrehajtás' rectangle={'left': 4, 'top': 56, 'right': 290, 'bottom': 84} center=(147, 70) process_id=20892 native_handle=None topbar_candidate=True popup_candidate=False
2026-08-25 22:19:52.597 | INFO     | winwatt_automation.live_ui.menu_helpers:_menu_row_from_wrapper:1545 - TEXT_EXTRACTION_FALLBACK_USED source=legacy_text confidence=medium rect={'left': 4, 'top': 84, 'right': 290, 'bottom': 112}
2026-08-25 22:19:52.597 | DEBUG    | winwatt_automation.live_ui.menu_helpers:_log_popup_fragment:499 - DBG_MENU_FRAGMENT_MAIN_WINDOW source_scope=main_window control_type=MenuItem class_name= text='Végrehajtás' rectangle={'left': 4, 'top': 84, 'right': 290, 'bottom': 112} center=(147, 98) process_id=20892 native_handle=None topbar_candidate=True popup_candidate=False
2026-08-25 22:19:52.612 | WARNING  | winwatt_automation.live_ui.menu_helpers:_menu_row_from_wrapper:1547 - TEXT_EXTRACTION_FAILED source_scope=main_window rect={'left': 4, 'top': 111, 'right': 290, 'bottom': 139}
2026-08-25 22:19:52.612 | DEBUG    | winwatt_automation.live_ui.menu_helpers:_log_popup_fragment:499 - DBG_MENU_FRAGMENT_MAIN_WINDOW source_scope=main_window control_type=MenuItem class_name= text='' rectangle={'left': 4, 'top': 111, 'right': 290, 'bottom': 139} center=(147, 125) process_id=20892 native_handle=None topbar_candidate=True popup_candidate=False
2026-08-25 22:19:52.627 | INFO     | winwatt_automation.live_ui.menu_helpers:_menu_row_from_wrapper:1545 - TEXT_EXTRACTION_FALLBACK_USED source=legacy_text confidence=medium rect={'left': 4, 'top': 139, 'right': 290, 'bottom': 167}
2026-08-25 22:19:52.629 | DEBUG    | winwatt_automation.live_ui.menu_helpers:_log_popup_fragment:499 - DBG_MENU_FRAGMENT_MAIN_WINDOW source_scope=main_window control_type=MenuItem class_name= text='Végrehajtás' rectangle={'left': 4, 'top': 139, 'right': 290, 'bottom': 167} center=(147, 153) process_id=20892 native_handle=None topbar_candidate=True popup_candidate=False
2026-08-25 22:19:52.629 | INFO     | winwatt_automation.live_ui.menu_helpers:_menu_row_from_wrapper:1545 - TEXT_EXTRACTION_FALLBACK_USED source=legacy_text confidence=medium rect={'left': 4, 'top': 166, 'right': 290, 'bottom': 194}
2026-08-25 22:19:52.629 | DEBUG    | winwatt_automation.live_ui.menu_helpers:_log_popup_fragment:499 - DBG_MENU_FRAGMENT_MAIN_WINDOW source_scope=main_window control_type=MenuItem class_name= text='Végrehajtás' rectangle={'left': 4, 'top': 166, 'right': 290, 'bottom': 194} center=(147, 180) process_id=20892 native_handle=None topbar_candidate=True popup_candidate=False
2026-08-25 22:19:52.646 | INFO     | winwatt_automation.live_ui.menu_helpers:_menu_row_from_wrapper:1545 - TEXT_EXTRACTION_FALLBACK_USED source=legacy_text confidence=medium rect={'left': 4, 'top': 194, 'right': 290, 'bottom': 222}
2026-08-25 22:19:52.646 | DEBUG    | winwatt_automation.live_ui.menu_helpers:_log_popup_fragment:499 - DBG_MENU_FRAGMENT_MAIN_WINDOW source_scope=main_window control_type=MenuItem class_name= text='Végrehajtás' rectangle={'left': 4, 'top': 194, 'right': 290, 'bottom': 222} center=(147, 208) process_id=20892 native_handle=None topbar_candidate=True popup_candidate=False
2026-08-25 22:19:52.646 | INFO     | winwatt_automation.live_ui.menu_helpers:_menu_row_from_wrapper:1545 - TEXT_EXTRACTION_FALLBACK_USED source=legacy_text confidence=medium rect={'left': 4, 'top': 221, 'right': 290, 'bottom': 249}
2026-08-25 22:19:52.646 | DEBUG    | winwatt_automation.live_ui.menu_helpers:_log_popup_fragment:499 - DBG_MENU_FRAGMENT_MAIN_WINDOW source_scope=main_window control_type=MenuItem class_name= text='Végrehajtás' rectangle={'left': 4, 'top': 221, 'right': 290, 'bottom': 249} center=(147, 235) process_id=20892 native_handle=None topbar_candidate=True popup_candidate=False
2026-08-25 22:19:52.663 | INFO     | winwatt_automation.live_ui.menu_helpers:_menu_row_from_wrapper:1545 - TEXT_EXTRACTION_FALLBACK_USED source=legacy_text confidence=medium rect={'left': 4, 'top': 249, 'right': 290, 'bottom': 277}
2026-08-25 22:19:52.663 | DEBUG    | winwatt_automation.live_ui.menu_helpers:_log_popup_fragment:499 - DBG_MENU_FRAGMENT_MAIN_WINDOW source_scope=main_window control_type=MenuItem class_name= text='Végrehajtás' rectangle={'left': 4, 'top': 249, 'right': 290, 'bottom': 277} center=(147, 263) process_id=20892 native_handle=None topbar_candidate=True popup_candidate=False
2026-08-25 22:19:52.682 | INFO     | winwatt_automation.live_ui.menu_helpers:_menu_row_from_wrapper:1545 - TEXT_EXTRACTION_FALLBACK_USED source=legacy_text confidence=medium rect={'left': 4, 'top': 284, 'right': 290, 'bottom': 312}
2026-08-25 22:19:52.682 | DEBUG    | winwatt_automation.live_ui.menu_helpers:_log_popup_fragment:499 - DBG_MENU_FRAGMENT_MAIN_WINDOW source_scope=main_window control_type=MenuItem class_name= text='Megnyitás' rectangle={'left': 4, 'top': 284, 'right': 290, 'bottom': 312} center=(147, 298) process_id=20892 native_handle=None topbar_candidate=True popup_candidate=False
2026-08-25 22:19:52.682 | INFO     | winwatt_automation.live_ui.menu_helpers:_menu_row_from_wrapper:1545 - TEXT_EXTRACTION_FALLBACK_USED source=legacy_text confidence=medium rect={'left': 4, 'top': 311, 'right': 290, 'bottom': 339}
2026-08-25 22:19:52.696 | DEBUG    | winwatt_automation.live_ui.menu_helpers:_log_popup_fragment:499 - DBG_MENU_FRAGMENT_MAIN_WINDOW source_scope=main_window control_type=MenuItem class_name= text='Végrehajtás' rectangle={'left': 4, 'top': 311, 'right': 290, 'bottom': 339} center=(147, 325) process_id=20892 native_handle=None topbar_candidate=True popup_candidate=False
2026-08-25 22:19:52.696 | INFO     | winwatt_automation.live_ui.menu_helpers:_menu_row_from_wrapper:1545 - TEXT_EXTRACTION_FALLBACK_USED source=legacy_text confidence=medium rect={'left': 4, 'top': 339, 'right': 290, 'bottom': 367}
2026-08-25 22:19:52.696 | DEBUG    | winwatt_automation.live_ui.menu_helpers:_log_popup_fragment:499 - DBG_MENU_FRAGMENT_MAIN_WINDOW source_scope=main_window control_type=MenuItem class_name= text='Végrehajtás' rectangle={'left': 4, 'top': 339, 'right': 290, 'bottom': 367} center=(147, 353) process_id=20892 native_handle=None topbar_candidate=True popup_candidate=False
2026-08-25 22:19:52.713 | INFO     | winwatt_automation.live_ui.menu_helpers:_menu_row_from_wrapper:1545 - TEXT_EXTRACTION_FALLBACK_USED source=legacy_text confidence=medium rect={'left': 4, 'top': 374, 'right': 290, 'bottom': 402}
2026-08-25 22:19:52.713 | DEBUG    | winwatt_automation.live_ui.menu_helpers:_log_popup_fragment:499 - DBG_MENU_FRAGMENT_MAIN_WINDOW source_scope=main_window control_type=MenuItem class_name= text='Végrehajtás' rectangle={'left': 4, 'top': 374, 'right': 290, 'bottom': 402} center=(147, 388) process_id=20892 native_handle=None topbar_candidate=True popup_candidate=False
2026-08-25 22:19:52.713 | DEBUG    | winwatt_automation.live_ui.menu_helpers:_log_popup_fragment:499 - DBG_MENU_FRAGMENT_MAIN_WINDOW source_scope=main_window control_type=MenuItem class_name= text='Rendszer' rectangle={'left': 0, 'top': 0, 'right': 28, 'bottom': 28} center=(14, 14) process_id=20892 native_handle=None topbar_candidate=True popup_candidate=False
2026-08-25 22:19:52.713 | DEBUG    | winwatt_automation.live_ui.menu_helpers:_log_popup_fragment:499 - DBG_MENU_FRAGMENT_MAIN_WINDOW source_scope=main_window control_type=MenuItem class_name= text='Fájl' rectangle={'left': 0, 'top': 29, 'right': 40, 'bottom': 53} center=(20, 41) process_id=20892 native_handle=None topbar_candidate=True popup_candidate=False
2026-08-25 22:19:52.713 | DEBUG    | winwatt_automation.live_ui.menu_helpers:_log_popup_fragment:499 - DBG_MENU_FRAGMENT_MAIN_WINDOW source_scope=main_window control_type=MenuItem class_name= text='Jegyzékek' rectangle={'left': 40, 'top': 29, 'right': 123, 'bottom': 53} center=(81, 41) process_id=20892 native_handle=None topbar_candidate=True popup_candidate=False
2026-08-25 22:19:52.713 | DEBUG    | winwatt_automation.live_ui.menu_helpers:_log_popup_fragment:499 - DBG_MENU_FRAGMENT_MAIN_WINDOW source_scope=main_window control_type=MenuItem class_name= text='Eszközök' rectangle={'left': 123, 'top': 29, 'right': 199, 'bottom': 53} center=(161, 41) process_id=20892 native_handle=None topbar_candidate=True popup_candidate=False
2026-08-25 22:19:52.713 | DEBUG    | winwatt_automation.live_ui.menu_helpers:_log_popup_fragment:499 - DBG_MENU_FRAGMENT_MAIN_WINDOW source_scope=main_window control_type=MenuItem class_name= text='Beállítások' rectangle={'left': 199, 'top': 29, 'right': 287, 'bottom': 53} center=(243, 41) process_id=20892 native_handle=None topbar_candidate=True popup_candidate=False
2026-08-25 22:19:52.713 | DEBUG    | winwatt_automation.live_ui.menu_helpers:_log_popup_fragment:499 - DBG_MENU_FRAGMENT_MAIN_WINDOW source_scope=main_window control_type=MenuItem class_name= text='Ablak' rectangle={'left': 286, 'top': 29, 'right': 341, 'bottom': 53} center=(313, 41) process_id=20892 native_handle=None topbar_candidate=True popup_candidate=False
2026-08-25 22:19:52.713 | DEBUG    | winwatt_automation.live_ui.menu_helpers:_log_popup_fragment:499 - DBG_MENU_FRAGMENT_MAIN_WINDOW source_scope=main_window control_type=MenuItem class_name= text='Súgó' rectangle={'left': 341, 'top': 29, 'right': 392, 'bottom': 53} center=(366, 41) process_id=20892 native_handle=None topbar_candidate=True popup_candidate=False
2026-08-25 22:19:52.713 | DEBUG    | winwatt_automation.live_ui.menu_helpers:_menu_like_controls_from_main_window:1599 - DBG_MENU_FRAGMENT_SOURCE_SUMMARY source_scope=main_window count=19
2026-08-25 22:19:52.713 | DEBUG    | winwatt_automation.live_ui.app_connector:get_cached_main_window:565 - DBG_WINWATT_CACHE_GET reason_code=cache_reused_without_validation payload={'wrapper_type': 'UIAWrapper', 'handle': 1706870, 'process_id': 20892, 'title': 'WinWatt gólya - C:\\Users\\Admin\\Documents\\GitHub\\autowinwatt\\winwatt_automation\\tests\\testwwp.wwp', 'class_name': 'TMainForm', 'control_type': 'Window'} last_validation_age_s=7.562999999994645 diagnostic_fast_mode=True
2026-08-25 22:19:52.713 | DEBUG    | winwatt_automation.live_ui.app_connector:get_cached_main_window:566 - DBG_PHASE_TIMING phase=get_cached_main_window elapsed_ms=0.000 reason_code=cache_reused_without_validation
2026-08-25 22:19:52.713 | DEBUG    | winwatt_automation.live_ui.menu_helpers:capture_menu_popup_snapshot:1682 - DBG_POPUP_ROW_DEDUPE rect={'left': 4, 'top': 56, 'right': 290, 'bottom': 84} normalized_text=végrehajtás class_name= source_scope=main_window deduplicated=False
2026-08-25 22:19:52.713 | DEBUG    | winwatt_automation.live_ui.menu_helpers:capture_menu_popup_snapshot:1682 - DBG_POPUP_ROW_DEDUPE rect={'left': 4, 'top': 84, 'right': 290, 'bottom': 112} normalized_text=végrehajtás class_name= source_scope=main_window deduplicated=False
2026-08-25 22:19:52.713 | DEBUG    | winwatt_automation.live_ui.menu_helpers:capture_menu_popup_snapshot:1682 - DBG_POPUP_ROW_DEDUPE rect={'left': 4, 'top': 111, 'right': 290, 'bottom': 139} normalized_text= class_name= source_scope=main_window deduplicated=False
2026-08-25 22:19:52.713 | DEBUG    | winwatt_automation.live_ui.menu_helpers:capture_menu_popup_snapshot:1682 - DBG_POPUP_ROW_DEDUPE rect={'left': 4, 'top': 139, 'right': 290, 'bottom': 167} normalized_text=végrehajtás class_name= source_scope=main_window deduplicated=False
2026-08-25 22:19:52.713 | DEBUG    | winwatt_automation.live_ui.menu_helpers:capture_menu_popup_snapshot:1682 - DBG_POPUP_ROW_DEDUPE rect={'left': 4, 'top': 166, 'right': 290, 'bottom': 194} normalized_text=végrehajtás class_name= source_scope=main_window deduplicated=False
2026-08-25 22:19:52.713 | DEBUG    | winwatt_automation.live_ui.menu_helpers:capture_menu_popup_snapshot:1682 - DBG_POPUP_ROW_DEDUPE rect={'left': 4, 'top': 194, 'right': 290, 'bottom': 222} normalized_text=végrehajtás class_name= source_scope=main_window deduplicated=False
2026-08-25 22:19:52.713 | DEBUG    | winwatt_automation.live_ui.menu_helpers:capture_menu_popup_snapshot:1682 - DBG_POPUP_ROW_DEDUPE rect={'left': 4, 'top': 221, 'right': 290, 'bottom': 249} normalized_text=végrehajtás class_name= source_scope=main_window deduplicated=False
2026-08-25 22:19:52.713 | DEBUG    | winwatt_automation.live_ui.menu_helpers:capture_menu_popup_snapshot:1682 - DBG_POPUP_ROW_DEDUPE rect={'left': 4, 'top': 249, 'right': 290, 'bottom': 277} normalized_text=végrehajtás class_name= source_scope=main_window deduplicated=False
2026-08-25 22:19:52.713 | DEBUG    | winwatt_automation.live_ui.menu_helpers:capture_menu_popup_snapshot:1682 - DBG_POPUP_ROW_DEDUPE rect={'left': 4, 'top': 284, 'right': 290, 'bottom': 312} normalized_text=megnyitás class_name= source_scope=main_window deduplicated=False
2026-08-25 22:19:52.713 | DEBUG    | winwatt_automation.live_ui.menu_helpers:capture_menu_popup_snapshot:1682 - DBG_POPUP_ROW_DEDUPE rect={'left': 4, 'top': 311, 'right': 290, 'bottom': 339} normalized_text=végrehajtás class_name= source_scope=main_window deduplicated=False
2026-08-25 22:19:52.713 | DEBUG    | winwatt_automation.live_ui.menu_helpers:capture_menu_popup_snapshot:1682 - DBG_POPUP_ROW_DEDUPE rect={'left': 4, 'top': 339, 'right': 290, 'bottom': 367} normalized_text=végrehajtás class_name= source_scope=main_window deduplicated=False
2026-08-25 22:19:52.713 | DEBUG    | winwatt_automation.live_ui.menu_helpers:capture_menu_popup_snapshot:1682 - DBG_POPUP_ROW_DEDUPE rect={'left': 4, 'top': 374, 'right': 290, 'bottom': 402} normalized_text=végrehajtás class_name= source_scope=main_window deduplicated=False
2026-08-25 22:19:52.713 | DEBUG    | winwatt_automation.live_ui.menu_helpers:capture_menu_popup_snapshot:1682 - DBG_POPUP_ROW_DEDUPE rect={'left': 0, 'top': 0, 'right': 28, 'bottom': 28} normalized_text=rendszer class_name= source_scope=main_window deduplicated=False
2026-08-25 22:19:52.713 | DEBUG    | winwatt_automation.live_ui.menu_helpers:capture_menu_popup_snapshot:1682 - DBG_POPUP_ROW_DEDUPE rect={'left': 0, 'top': 29, 'right': 40, 'bottom': 53} normalized_text=fájl class_name= source_scope=main_window deduplicated=False
2026-08-25 22:19:52.713 | DEBUG    | winwatt_automation.live_ui.menu_helpers:capture_menu_popup_snapshot:1682 - DBG_POPUP_ROW_DEDUPE rect={'left': 40, 'top': 29, 'right': 123, 'bottom': 53} normalized_text=jegyzékek class_name= source_scope=main_window deduplicated=False
2026-08-25 22:19:52.713 | DEBUG    | winwatt_automation.live_ui.menu_helpers:capture_menu_popup_snapshot:1682 - DBG_POPUP_ROW_DEDUPE rect={'left': 123, 'top': 29, 'right': 199, 'bottom': 53} normalized_text=eszközök class_name= source_scope=main_window deduplicated=False
2026-08-25 22:19:52.713 | DEBUG    | winwatt_automation.live_ui.menu_helpers:capture_menu_popup_snapshot:1682 - DBG_POPUP_ROW_DEDUPE rect={'left': 199, 'top': 29, 'right': 287, 'bottom': 53} normalized_text=beállítások class_name= source_scope=main_window deduplicated=False
2026-08-25 22:19:52.713 | DEBUG    | winwatt_automation.live_ui.menu_helpers:capture_menu_popup_snapshot:1682 - DBG_POPUP_ROW_DEDUPE rect={'left': 286, 'top': 29, 'right': 341, 'bottom': 53} normalized_text=ablak class_name= source_scope=main_window deduplicated=False
2026-08-25 22:19:52.727 | DEBUG    | winwatt_automation.live_ui.menu_helpers:capture_menu_popup_snapshot:1682 - DBG_POPUP_ROW_DEDUPE rect={'left': 341, 'top': 29, 'right': 392, 'bottom': 53} normalized_text=súgó class_name= source_scope=main_window deduplicated=False
2026-08-25 22:19:52.727 | INFO     | winwatt_automation.live_ui.menu_helpers:capture_menu_popup_snapshot:1724 - POPUP_SNAPSHOT_SUMMARY main_window_fragments=19 global_scan_fragments=0 deduped_fragments=19 topbar_like=6 popup_like=12 empty_text=1 topbar_band=(0, 29, 392, 53) empty_text_vertical_cluster_detected=False accepted_popup_rows=0 popup_heuristic=candidate_count_below_threshold
2026-08-25 22:19:52.727 | DEBUG    | winwatt_automation.live_ui.menu_helpers:capture_menu_popup_snapshot:1737 - Captured menu snapshot rows=19
2026-08-25 22:19:52.728 | DEBUG    | winwatt_automation.live_ui.menu_helpers:_log_phase_timing:83 - DBG_PHASE_TIMING phase=capture_menu_popup_snapshot elapsed_ms=343.000 main_rows=19 global_rows=0 unique_rows=19 diagnostic_fast_mode=True
2026-08-25 22:19:52.729 | DEBUG    | winwatt_automation.live_ui.app_connector:get_cached_main_window:565 - DBG_WINWATT_CACHE_GET reason_code=cache_reused_without_validation payload={'wrapper_type': 'UIAWrapper', 'handle': 1706870, 'process_id': 20892, 'title': 'WinWatt gólya - C:\\Users\\Admin\\Documents\\GitHub\\autowinwatt\\winwatt_automation\\tests\\testwwp.wwp', 'class_name': 'TMainForm', 'control_type': 'Window'} last_validation_age_s=7.578000000008615 diagnostic_fast_mode=True
2026-08-25 22:19:52.729 | DEBUG    | winwatt_automation.live_ui.app_connector:get_cached_main_window:566 - DBG_PHASE_TIMING phase=get_cached_main_window elapsed_ms=0.000 reason_code=cache_reused_without_validation
2026-08-25 22:19:52.912 | DEBUG    | winwatt_automation.live_ui.app_connector:get_cached_main_window:565 - DBG_WINWATT_CACHE_GET reason_code=cache_reused_without_validation payload={'wrapper_type': 'UIAWrapper', 'handle': 1706870, 'process_id': 20892, 'title': 'WinWatt gólya - C:\\Users\\Admin\\Documents\\GitHub\\autowinwatt\\winwatt_automation\\tests\\testwwp.wwp', 'class_name': 'TMainForm', 'control_type': 'Window'} last_validation_age_s=7.76600000000326 diagnostic_fast_mode=True
2026-08-25 22:19:52.912 | DEBUG    | winwatt_automation.live_ui.app_connector:get_cached_main_window:566 - DBG_PHASE_TIMING phase=get_cached_main_window elapsed_ms=0.000 reason_code=cache_reused_without_validation
2026-08-25 22:19:52.912 | DEBUG    | winwatt_automation.live_ui.app_connector:get_cached_main_window:565 - DBG_WINWATT_CACHE_GET reason_code=cache_reused_without_validation payload={'wrapper_type': 'UIAWrapper', 'handle': 1706870, 'process_id': 20892, 'title': 'WinWatt gólya - C:\\Users\\Admin\\Documents\\GitHub\\autowinwatt\\winwatt_automation\\tests\\testwwp.wwp', 'class_name': 'TMainForm', 'control_type': 'Window'} last_validation_age_s=7.76600000000326 diagnostic_fast_mode=True
2026-08-25 22:19:52.912 | DEBUG    | winwatt_automation.live_ui.app_connector:get_cached_main_window:566 - DBG_PHASE_TIMING phase=get_cached_main_window elapsed_ms=0.000 reason_code=cache_reused_without_validation
2026-08-25 22:19:53.646 | INFO     | winwatt_automation.live_ui.menu_helpers:_menu_items:1101 - DBG_MENU_ITEMS_SUMMARY total_items=19 visible_items=19 topbar_band=(0, 0, 392, 402) topbar_band_visible_count=19 popup_region_visible_count=0 force_refresh=True handle=1706870
2026-08-25 22:19:53.646 | DEBUG    | winwatt_automation.live_ui.menu_helpers:_menu_items:1111 - Discovered 19 MenuItem controls
2026-08-25 22:19:53.646 | DEBUG    | winwatt_automation.live_ui.menu_helpers:_log_phase_timing:83 - DBG_PHASE_TIMING phase=_menu_items elapsed_ms=734.000 force_refresh=True total_items=19 visible_items=19
2026-08-25 22:19:53.831 | INFO     | winwatt_automation.live_ui.menu_helpers:list_top_menu_items:1141 - Top-level menu items (raw): ['Rendszer', 'Fájl', 'Jegyzékek', 'Eszközök', 'Beállítások', 'Ablak', 'Súgó']
2026-08-25 22:19:53.831 | DEBUG    | winwatt_automation.live_ui.menu_helpers:_log_phase_timing:83 - DBG_PHASE_TIMING phase=list_top_menu_items elapsed_ms=922.000 count=7
2026-08-25 22:19:53.846 | INFO     | winwatt_automation.runtime_mapping.program_mapper:_open_and_capture_root_menu:1532 - RECENT_PROJECT_BLOCK_SUMMARY state=project_open top_menu=Fájl attempt=1 popup_block_classification=normal_popup recent_projects_block=False stateful_menu_block=False accepted_rows=12 filtered_rows=12
2026-08-25 22:19:53.846 | INFO     | winwatt_automation.runtime_mapping.program_mapper:_open_and_capture_root_menu:1533 - DBG_WINWATT_NORMAL_MENU_OPEN_VALIDATED state=project_open top_menu=Fájl attempt=1 raw_row_count=19 popup_like_count=12 topbar_like_count=6
2026-08-25 22:19:53.846 | INFO     | winwatt_automation.runtime_mapping.program_mapper:_open_and_capture_root_menu:1542 - DBG_WINWATT_NORMAL_MENU_POPUP_ROWS_ACCEPTED state=project_open top_menu=Fájl attempt=1 accepted_row_count=12
2026-08-25 22:19:53.846 | DEBUG    | winwatt_automation.live_ui.app_connector:get_cached_main_window:565 - DBG_WINWATT_CACHE_GET reason_code=cache_reused_without_validation payload={'wrapper_type': 'UIAWrapper', 'handle': 1706870, 'process_id': 20892, 'title': 'WinWatt gólya - C:\\Users\\Admin\\Documents\\GitHub\\autowinwatt\\winwatt_automation\\tests\\testwwp.wwp', 'class_name': 'TMainForm', 'control_type': 'Window'} last_validation_age_s=8.703000000008615 diagnostic_fast_mode=True
2026-08-25 22:19:53.846 | DEBUG    | winwatt_automation.live_ui.app_connector:get_cached_main_window:566 - DBG_PHASE_TIMING phase=get_cached_main_window elapsed_ms=0.000 reason_code=cache_reused_without_validation
2026-08-25 22:19:54.014 | DEBUG    | winwatt_automation.live_ui.app_connector:get_cached_main_window:565 - DBG_WINWATT_CACHE_GET reason_code=cache_reused_without_validation payload={'wrapper_type': 'UIAWrapper', 'handle': 1706870, 'process_id': 20892, 'title': 'WinWatt gólya - C:\\Users\\Admin\\Documents\\GitHub\\autowinwatt\\winwatt_automation\\tests\\testwwp.wwp', 'class_name': 'TMainForm', 'control_type': 'Window'} last_validation_age_s=8.875 diagnostic_fast_mode=True
2026-08-25 22:19:54.014 | DEBUG    | winwatt_automation.live_ui.app_connector:get_cached_main_window:566 - DBG_PHASE_TIMING phase=get_cached_main_window elapsed_ms=0.000 reason_code=cache_reused_without_validation
2026-08-25 22:19:54.027 | DEBUG    | winwatt_automation.live_ui.app_connector:get_cached_main_window:565 - DBG_WINWATT_CACHE_GET reason_code=cache_reused_without_validation payload={'wrapper_type': 'UIAWrapper', 'handle': 1706870, 'process_id': 20892, 'title': 'WinWatt gólya - C:\\Users\\Admin\\Documents\\GitHub\\autowinwatt\\winwatt_automation\\tests\\testwwp.wwp', 'class_name': 'TMainForm', 'control_type': 'Window'} last_validation_age_s=8.875 diagnostic_fast_mode=True
2026-08-25 22:19:54.027 | DEBUG    | winwatt_automation.live_ui.app_connector:get_cached_main_window:566 - DBG_PHASE_TIMING phase=get_cached_main_window elapsed_ms=0.000 reason_code=cache_reused_without_validation
2026-08-25 22:19:54.779 | INFO     | winwatt_automation.live_ui.menu_helpers:_menu_items:1101 - DBG_MENU_ITEMS_SUMMARY total_items=19 visible_items=19 topbar_band=(0, 0, 392, 402) topbar_band_visible_count=19 popup_region_visible_count=0 force_refresh=True handle=1706870
2026-08-25 22:19:54.779 | DEBUG    | winwatt_automation.live_ui.menu_helpers:_menu_items:1111 - Discovered 19 MenuItem controls
2026-08-25 22:19:54.779 | DEBUG    | winwatt_automation.live_ui.menu_helpers:_log_phase_timing:83 - DBG_PHASE_TIMING phase=_menu_items elapsed_ms=766.000 force_refresh=True total_items=19 visible_items=19
2026-08-25 22:19:54.964 | INFO     | winwatt_automation.live_ui.menu_helpers:list_top_menu_items:1141 - Top-level menu items (raw): ['Rendszer', 'Fájl', 'Jegyzékek', 'Eszközök', 'Beállítások', 'Ablak', 'Súgó']
2026-08-25 22:19:54.964 | DEBUG    | winwatt_automation.live_ui.menu_helpers:_log_phase_timing:83 - DBG_PHASE_TIMING phase=list_top_menu_items elapsed_ms=938.000 count=7
2026-08-25 22:19:54.964 | INFO     | winwatt_automation.runtime_mapping.program_mapper:_open_and_capture_root_menu:1573 - DBG_WINWATT_NORMAL_MENU_OPEN_RESULT state=project_open top_menu=Fájl result_type=child_popup_opened raw_row_count=12 filtered_row_count=12 popup_like_count=12 topbar_like_count=0
2026-08-25 22:19:54.964 | INFO     | winwatt_automation.runtime_mapping.program_mapper:_open_and_capture_root_menu:1583 - DBG_WINWATT_NORMAL_MENU_POPUP_SUMMARY state=project_open top_menu=Fájl depth=1 rows=12 popup_like_count=12 topbar_like_count=0
2026-08-25 22:19:54.964 | INFO     | winwatt_automation.runtime_mapping.program_mapper:_build_menu_rows_from_popup_rows:1040 - DBG_MENU_BUILD_INPUT_ROW state=project_open top_menu=Fájl row_index=0 text='Végrehajtás' rectangle={'left': 4, 'top': 56, 'right': 290, 'bottom': 84} topbar_like=False popup_like=True source_scope=main_window fragments=0
2026-08-25 22:19:54.964 | DEBUG    | winwatt_automation.runtime_mapping.program_mapper:_build_menu_rows_from_popup_rows:1087 - RAW_MENU_TITLE="Végrehajtás" NORMALIZED_MENU_TITLE="végrehajtás"
2026-08-25 22:19:54.964 | INFO     | winwatt_automation.runtime_mapping.program_mapper:_build_menu_rows_from_popup_rows:1200 - DBG_WINWATT_NORMAL_MENU_ROW state=project_open top_menu=Fájl row_index=0 text='Végrehajtás' normalized_text=végrehajtás source_scope=main_window separator=False enabled_guess=True rectangle={'left': 4, 'top': 56, 'right': 290, 'bottom': 84} depth=1
2026-08-25 22:19:54.964 | INFO     | winwatt_automation.runtime_mapping.program_mapper:_build_menu_rows_from_popup_rows:1040 - DBG_MENU_BUILD_INPUT_ROW state=project_open top_menu=Fájl row_index=1 text='Végrehajtás' rectangle={'left': 4, 'top': 84, 'right': 290, 'bottom': 112} topbar_like=False popup_like=True source_scope=main_window fragments=0
2026-08-25 22:19:54.964 | DEBUG    | winwatt_automation.runtime_mapping.program_mapper:_build_menu_rows_from_popup_rows:1087 - RAW_MENU_TITLE="Végrehajtás" NORMALIZED_MENU_TITLE="végrehajtás"
2026-08-25 22:19:54.964 | INFO     | winwatt_automation.runtime_mapping.program_mapper:_build_menu_rows_from_popup_rows:1200 - DBG_WINWATT_NORMAL_MENU_ROW state=project_open top_menu=Fájl row_index=1 text='Végrehajtás' normalized_text=végrehajtás source_scope=main_window separator=False enabled_guess=True rectangle={'left': 4, 'top': 84, 'right': 290, 'bottom': 112} depth=1
2026-08-25 22:19:54.964 | INFO     | winwatt_automation.runtime_mapping.program_mapper:_build_menu_rows_from_popup_rows:1040 - DBG_MENU_BUILD_INPUT_ROW state=project_open top_menu=Fájl row_index=2 text='' rectangle={'left': 4, 'top': 111, 'right': 290, 'bottom': 139} topbar_like=False popup_like=True source_scope=main_window fragments=0
2026-08-25 22:19:54.964 | WARNING  | winwatt_automation.runtime_mapping.program_mapper:_resolve_row_text_with_fallback:687 - TEXT_EXTRACTION_FAILED row_index=2 source_scope=main_window fragment_count=0 rectangle={'left': 4, 'top': 111, 'right': 290, 'bottom': 139}
2026-08-25 22:19:54.964 | DEBUG    | winwatt_automation.runtime_mapping.program_mapper:_build_menu_rows_from_popup_rows:1087 - RAW_MENU_TITLE="" NORMALIZED_MENU_TITLE=""
2026-08-25 22:19:54.964 | INFO     | winwatt_automation.runtime_mapping.program_mapper:_build_menu_rows_from_popup_rows:1100 - DBG_WINWATT_EMPTY_NORMALIZED_MENU_TITLE row_index=2 raw_text= normalized_text= is_separator=False source_scope=main_window control_type=MenuItem class_name= rectangle={'left': 4, 'top': 111, 'right': 290, 'bottom': 139} fragment_count=0 fragment_texts=[]
2026-08-25 22:19:54.964 | INFO     | winwatt_automation.runtime_mapping.program_mapper:_build_menu_rows_from_popup_rows:1145 - REPLACED_EMPTY_POPUP_ROW_WITH_PLACEHOLDER row_index=02
2026-08-25 22:19:54.964 | INFO     | winwatt_automation.runtime_mapping.program_mapper:_build_menu_rows_from_popup_rows:1149 - GEOM_PLACEHOLDER_CREATED row_index=02 rect={'left': 4, 'top': 111, 'right': 290, 'bottom': 139} popup_reason=below_topbar_band
2026-08-25 22:19:54.964 | INFO     | winwatt_automation.runtime_mapping.program_mapper:_build_menu_rows_from_popup_rows:1200 - DBG_WINWATT_NORMAL_MENU_ROW state=project_open top_menu=Fájl row_index=2 text='[unlabeled row 2]' normalized_text=[unlabeled row 2] source_scope=main_window separator=False enabled_guess=False rectangle={'left': 4, 'top': 111, 'right': 290, 'bottom': 139} depth=1
2026-08-25 22:19:54.964 | INFO     | winwatt_automation.runtime_mapping.program_mapper:_build_menu_rows_from_popup_rows:1040 - DBG_MENU_BUILD_INPUT_ROW state=project_open top_menu=Fájl row_index=3 text='Végrehajtás' rectangle={'left': 4, 'top': 139, 'right': 290, 'bottom': 167} topbar_like=False popup_like=True source_scope=main_window fragments=0
2026-08-25 22:19:54.964 | DEBUG    | winwatt_automation.runtime_mapping.program_mapper:_build_menu_rows_from_popup_rows:1087 - RAW_MENU_TITLE="Végrehajtás" NORMALIZED_MENU_TITLE="végrehajtás"
2026-08-25 22:19:54.964 | INFO     | winwatt_automation.runtime_mapping.program_mapper:_build_menu_rows_from_popup_rows:1200 - DBG_WINWATT_NORMAL_MENU_ROW state=project_open top_menu=Fájl row_index=3 text='Végrehajtás' normalized_text=végrehajtás source_scope=main_window separator=False enabled_guess=True rectangle={'left': 4, 'top': 139, 'right': 290, 'bottom': 167} depth=1
2026-08-25 22:19:54.964 | INFO     | winwatt_automation.runtime_mapping.program_mapper:_build_menu_rows_from_popup_rows:1040 - DBG_MENU_BUILD_INPUT_ROW state=project_open top_menu=Fájl row_index=4 text='Végrehajtás' rectangle={'left': 4, 'top': 166, 'right': 290, 'bottom': 194} topbar_like=False popup_like=True source_scope=main_window fragments=0
2026-08-25 22:19:54.964 | DEBUG    | winwatt_automation.runtime_mapping.program_mapper:_build_menu_rows_from_popup_rows:1087 - RAW_MENU_TITLE="Végrehajtás" NORMALIZED_MENU_TITLE="végrehajtás"
2026-08-25 22:19:54.964 | INFO     | winwatt_automation.runtime_mapping.program_mapper:_build_menu_rows_from_popup_rows:1200 - DBG_WINWATT_NORMAL_MENU_ROW state=project_open top_menu=Fájl row_index=4 text='Végrehajtás' normalized_text=végrehajtás source_scope=main_window separator=False enabled_guess=True rectangle={'left': 4, 'top': 166, 'right': 290, 'bottom': 194} depth=1
2026-08-25 22:19:54.964 | INFO     | winwatt_automation.runtime_mapping.program_mapper:_build_menu_rows_from_popup_rows:1040 - DBG_MENU_BUILD_INPUT_ROW state=project_open top_menu=Fájl row_index=5 text='Végrehajtás' rectangle={'left': 4, 'top': 194, 'right': 290, 'bottom': 222} topbar_like=False popup_like=True source_scope=main_window fragments=0
2026-08-25 22:19:54.964 | DEBUG    | winwatt_automation.runtime_mapping.program_mapper:_build_menu_rows_from_popup_rows:1087 - RAW_MENU_TITLE="Végrehajtás" NORMALIZED_MENU_TITLE="végrehajtás"
2026-08-25 22:19:54.964 | INFO     | winwatt_automation.runtime_mapping.program_mapper:_build_menu_rows_from_popup_rows:1200 - DBG_WINWATT_NORMAL_MENU_ROW state=project_open top_menu=Fájl row_index=5 text='Végrehajtás' normalized_text=végrehajtás source_scope=main_window separator=False enabled_guess=True rectangle={'left': 4, 'top': 194, 'right': 290, 'bottom': 222} depth=1
2026-08-25 22:19:54.964 | INFO     | winwatt_automation.runtime_mapping.program_mapper:_build_menu_rows_from_popup_rows:1040 - DBG_MENU_BUILD_INPUT_ROW state=project_open top_menu=Fájl row_index=6 text='Végrehajtás' rectangle={'left': 4, 'top': 221, 'right': 290, 'bottom': 249} topbar_like=False popup_like=True source_scope=main_window fragments=0
2026-08-25 22:19:54.964 | DEBUG    | winwatt_automation.runtime_mapping.program_mapper:_build_menu_rows_from_popup_rows:1087 - RAW_MENU_TITLE="Végrehajtás" NORMALIZED_MENU_TITLE="végrehajtás"
2026-08-25 22:19:54.964 | INFO     | winwatt_automation.runtime_mapping.program_mapper:_build_menu_rows_from_popup_rows:1200 - DBG_WINWATT_NORMAL_MENU_ROW state=project_open top_menu=Fájl row_index=6 text='Végrehajtás' normalized_text=végrehajtás source_scope=main_window separator=False enabled_guess=True rectangle={'left': 4, 'top': 221, 'right': 290, 'bottom': 249} depth=1
2026-08-25 22:19:54.964 | INFO     | winwatt_automation.runtime_mapping.program_mapper:_build_menu_rows_from_popup_rows:1040 - DBG_MENU_BUILD_INPUT_ROW state=project_open top_menu=Fájl row_index=7 text='Végrehajtás' rectangle={'left': 4, 'top': 249, 'right': 290, 'bottom': 277} topbar_like=False popup_like=True source_scope=main_window fragments=0
2026-08-25 22:19:54.964 | DEBUG    | winwatt_automation.runtime_mapping.program_mapper:_build_menu_rows_from_popup_rows:1087 - RAW_MENU_TITLE="Végrehajtás" NORMALIZED_MENU_TITLE="végrehajtás"
2026-08-25 22:19:54.964 | INFO     | winwatt_automation.runtime_mapping.program_mapper:_build_menu_rows_from_popup_rows:1200 - DBG_WINWATT_NORMAL_MENU_ROW state=project_open top_menu=Fájl row_index=7 text='Végrehajtás' normalized_text=végrehajtás source_scope=main_window separator=False enabled_guess=True rectangle={'left': 4, 'top': 249, 'right': 290, 'bottom': 277} depth=1
2026-08-25 22:19:54.964 | INFO     | winwatt_automation.runtime_mapping.program_mapper:_build_menu_rows_from_popup_rows:1040 - DBG_MENU_BUILD_INPUT_ROW state=project_open top_menu=Fájl row_index=8 text='Megnyitás' rectangle={'left': 4, 'top': 284, 'right': 290, 'bottom': 312} topbar_like=False popup_like=True source_scope=main_window fragments=0
2026-08-25 22:19:54.964 | DEBUG    | winwatt_automation.runtime_mapping.program_mapper:_build_menu_rows_from_popup_rows:1087 - RAW_MENU_TITLE="Megnyitás" NORMALIZED_MENU_TITLE="megnyitás"
2026-08-25 22:19:54.964 | INFO     | winwatt_automation.runtime_mapping.program_mapper:_build_menu_rows_from_popup_rows:1200 - DBG_WINWATT_NORMAL_MENU_ROW state=project_open top_menu=Fájl row_index=8 text='Megnyitás' normalized_text=megnyitás source_scope=main_window separator=False enabled_guess=True rectangle={'left': 4, 'top': 284, 'right': 290, 'bottom': 312} depth=1
2026-08-25 22:19:54.964 | INFO     | winwatt_automation.runtime_mapping.program_mapper:_build_menu_rows_from_popup_rows:1040 - DBG_MENU_BUILD_INPUT_ROW state=project_open top_menu=Fájl row_index=9 text='Végrehajtás' rectangle={'left': 4, 'top': 311, 'right': 290, 'bottom': 339} topbar_like=False popup_like=True source_scope=main_window fragments=0
2026-08-25 22:19:54.964 | DEBUG    | winwatt_automation.runtime_mapping.program_mapper:_build_menu_rows_from_popup_rows:1087 - RAW_MENU_TITLE="Végrehajtás" NORMALIZED_MENU_TITLE="végrehajtás"
2026-08-25 22:19:54.964 | INFO     | winwatt_automation.runtime_mapping.program_mapper:_build_menu_rows_from_popup_rows:1200 - DBG_WINWATT_NORMAL_MENU_ROW state=project_open top_menu=Fájl row_index=9 text='Végrehajtás' normalized_text=végrehajtás source_scope=main_window separator=False enabled_guess=True rectangle={'left': 4, 'top': 311, 'right': 290, 'bottom': 339} depth=1
2026-08-25 22:19:54.964 | INFO     | winwatt_automation.runtime_mapping.program_mapper:_build_menu_rows_from_popup_rows:1040 - DBG_MENU_BUILD_INPUT_ROW state=project_open top_menu=Fájl row_index=10 text='Végrehajtás' rectangle={'left': 4, 'top': 339, 'right': 290, 'bottom': 367} topbar_like=False popup_like=True source_scope=main_window fragments=0
2026-08-25 22:19:54.964 | DEBUG    | winwatt_automation.runtime_mapping.program_mapper:_build_menu_rows_from_popup_rows:1087 - RAW_MENU_TITLE="Végrehajtás" NORMALIZED_MENU_TITLE="végrehajtás"
2026-08-25 22:19:54.964 | INFO     | winwatt_automation.runtime_mapping.program_mapper:_build_menu_rows_from_popup_rows:1200 - DBG_WINWATT_NORMAL_MENU_ROW state=project_open top_menu=Fájl row_index=10 text='Végrehajtás' normalized_text=végrehajtás source_scope=main_window separator=False enabled_guess=True rectangle={'left': 4, 'top': 339, 'right': 290, 'bottom': 367} depth=1
2026-08-25 22:19:54.964 | INFO     | winwatt_automation.runtime_mapping.program_mapper:_build_menu_rows_from_popup_rows:1040 - DBG_MENU_BUILD_INPUT_ROW state=project_open top_menu=Fájl row_index=11 text='Végrehajtás' rectangle={'left': 4, 'top': 374, 'right': 290, 'bottom': 402} topbar_like=False popup_like=True source_scope=main_window fragments=0
2026-08-25 22:19:54.964 | DEBUG    | winwatt_automation.runtime_mapping.program_mapper:_build_menu_rows_from_popup_rows:1087 - RAW_MENU_TITLE="Végrehajtás" NORMALIZED_MENU_TITLE="végrehajtás"
2026-08-25 22:19:54.964 | INFO     | winwatt_automation.runtime_mapping.program_mapper:_build_menu_rows_from_popup_rows:1200 - DBG_WINWATT_NORMAL_MENU_ROW state=project_open top_menu=Fájl row_index=11 text='Végrehajtás' normalized_text=végrehajtás source_scope=main_window separator=False enabled_guess=True rectangle={'left': 4, 'top': 374, 'right': 290, 'bottom': 402} depth=1
2026-08-25 22:19:54.964 | INFO     | winwatt_automation.runtime_mapping.program_mapper:_build_menu_rows_from_popup_rows:1244 - MENU_ROW_BUILD_SUMMARY state=project_open top_menu=Fájl input_rows=12 mapped_rows=12 placeholders=1 filtered_overlap=0 filtered_empty_non_actionable=0 rejected_foreign_rows=0 deduped_rows=0
2026-08-25 22:19:54.964 | DEBUG    | winwatt_automation.runtime_mapping.program_mapper:_log_phase_timing:281 - DBG_PHASE_TIMING phase=_build_menu_rows_from_popup_rows elapsed_ms=0.000 state_id=project_open top_menu=Fájl input_rows=12 mapped_rows=12
2026-08-25 22:19:54.964 | INFO     | winwatt_automation.runtime_mapping.program_mapper:explore_menu_tree:3672 - ACTION_CATALOG_INPUT_SUMMARY state=project_open top_menu=Fájl depth=1 candidate_rows=12 placeholders=1 low_or_none_confidence=1 legacy_text_only=11 unknown_pending=0
2026-08-25 22:19:54.964 | INFO     | winwatt_automation.runtime_mapping.program_mapper:explore_menu_tree:3826 - DBG_SUBTREE_TRAVERSAL_DECISION state=project_open path=['Fájl', 'Végrehajtás'] placeholder=False skipped_by_safety=True reused_from_previous_state=False action_type=unknown source_scope=main_window skip_parent_reopen=False diagnostic_fast_mode=True placeholder_focus_mode=False
2026-08-25 22:19:54.964 | INFO     | winwatt_automation.runtime_mapping.program_mapper:_reopen_parent_popup_rows:2167 - DBG_WINWATT_NORMAL_MENU_REOPEN_PARENT state=project_open top_menu=Fájl parent_path=['Fájl'] cached_popup_path=('fájl',) suppress_placeholder_top_menu_relist=True
2026-08-25 22:19:54.964 | INFO     | winwatt_automation.runtime_mapping.program_mapper:_reopen_parent_popup_rows:2187 - POPUP_OWNERSHIP_CONFIRMED state=project_open top_menu=Fájl normalized_parent=('fájl',) popup_state_path=('fájl',) row_count=12
2026-08-25 22:19:54.964 | DEBUG    | winwatt_automation.runtime_mapping.program_mapper:_log_phase_timing:281 - DBG_PHASE_TIMING phase=reopen_parent_popup_rows elapsed_ms=0.000 strategy=popup_state_reuse row_count=12 parent_path=Fájl
2026-08-25 22:19:54.964 | INFO     | winwatt_automation.runtime_mapping.program_mapper:_activate_row_for_exploration:1275 - DBG_PLACEHOLDER_TRAVERSAL_CANDIDATE path=['Fájl', 'Végrehajtás'] row_index=0 placeholder=False action_type=click source_scope=main_window meta={'popup_block_classification': 'normal_popup', 'recent_projects_block': False, 'recent_project_entry': False, 'stateful_menu_block': False} popup_visible_count=12 topbar_visible_count=0 diagnostic_fast_mode=True
2026-08-25 22:19:54.964 | INFO     | winwatt_automation.runtime_mapping.program_mapper:_activate_row_for_exploration:1292 - DBG_PLACEHOLDER_TRAVERSAL_DECISION path=['Fájl', 'Végrehajtás'] decision=click_structured_row action_type=click source_scope=main_window popup_visible_count=12 popup_rows_count=12 meta_source=main_window click_strategy=None
2026-08-25 22:19:54.964 | DEBUG    | winwatt_automation.live_ui.app_connector:get_cached_main_window:565 - DBG_WINWATT_CACHE_GET reason_code=cache_reused_without_validation payload={'wrapper_type': 'UIAWrapper', 'handle': 1706870, 'process_id': 20892, 'title': 'WinWatt gólya - C:\\Users\\Admin\\Documents\\GitHub\\autowinwatt\\winwatt_automation\\tests\\testwwp.wwp', 'class_name': 'TMainForm', 'control_type': 'Window'} last_validation_age_s=9.812999999994645 diagnostic_fast_mode=True
2026-08-25 22:19:54.964 | DEBUG    | winwatt_automation.live_ui.app_connector:get_cached_main_window:566 - DBG_PHASE_TIMING phase=get_cached_main_window elapsed_ms=0.000 reason_code=cache_reused_without_validation
2026-08-25 22:19:54.964 | INFO     | winwatt_automation.live_ui.app_connector:ensure_main_window_foreground_before_click:1179 - DBG_WINWATT_FOCUS_GUARD_PRECHECK action_label=click_structured_popup_row[0] wrapper_type=UIAWrapper cached_handle=1706870 cached_pid=20892 cached_title=WinWatt gólya - C:\Users\Admin\Documents\GitHub\autowinwatt\winwatt_automation\tests\testwwp.wwp cached_class=TMainForm precheck_exists=False precheck_visible=True precheck_enabled=True rect={'left': -10, 'top': -10, 'right': 1930, 'bottom': 1030, 'width': 1940, 'height': 1040}
2026-08-25 22:19:55.046 | DEBUG    | winwatt_automation.live_ui.app_connector:list_candidate_windows:180 - Discovered 1 WinWatt-like windows on backend=win32
2026-08-25 22:19:55.046 | DEBUG    | winwatt_automation.live_ui.app_connector:list_candidate_windows:182 - Candidate[win32]: {'title': 'WinWatt gólya - C:\\Users\\Admin\\Documents\\GitHub\\autowinwatt\\winwatt_automation\\tests\\testwwp.wwp', 'window_text': 'WinWatt gólya - C:\\Users\\Admin\\Documents\\GitHub\\autowinwatt\\winwatt_automation\\tests\\testwwp.wwp', 'class_name': 'TMainForm', 'control_type': None, 'process_id': 20892, 'handle': None, 'is_visible': True, 'is_enabled': True, 'rectangle': {'left': -10, 'top': -10, 'right': 1930, 'bottom': 1030, 'width': 1940, 'height': 1040}, 'size': {'width': 1940, 'height': 1040}}
2026-08-25 22:19:55.046 | INFO     | winwatt_automation.live_ui.app_connector:_connect_with_win32_handle:276 - DBG_WINWATT_CONNECT_WIN32_CANDIDATES locator=backend=win32 ranked_candidates=[{'rank': 1, 'score': (1, 1, 1, 1, 2017600), 'process_id': 20892, 'handle': None, 'class_name': 'TMainForm', 'title': 'WinWatt gólya - C:\\Users\\Admin\\Documents\\GitHub\\autowinwatt\\winwatt_automation\\tests\\testwwp.wwp', 'visible': True, 'enabled': True}]
2026-08-25 22:19:55.046 | INFO     | winwatt_automation.live_ui.app_connector:select_main_window:224 - Candidate ranking score=(1, 1, 1, 1, 2017600) data={'title': 'WinWatt gólya - C:\\Users\\Admin\\Documents\\GitHub\\autowinwatt\\winwatt_automation\\tests\\testwwp.wwp', 'window_text': 'WinWatt gólya - C:\\Users\\Admin\\Documents\\GitHub\\autowinwatt\\winwatt_automation\\tests\\testwwp.wwp', 'class_name': 'TMainForm', 'control_type': None, 'process_id': 20892, 'handle': None, 'is_visible': True, 'is_enabled': True, 'rectangle': {'left': -10, 'top': -10, 'right': 1930, 'bottom': 1030, 'width': 1940, 'height': 1040}, 'size': {'width': 1940, 'height': 1040}}
2026-08-25 22:19:55.046 | INFO     | winwatt_automation.live_ui.app_connector:select_main_window:234 - Selected main window process_id=20892 handle=None score=(1, 1, 1, 1, 2017600) reasons=['has_process_id=True', 'has_handle=False', 'visible=True', 'enabled=True', 'title_has_winwatt=True', 'area=2017600']
2026-08-25 22:19:55.046 | INFO     | winwatt_automation.live_ui.app_connector:_connect_with_win32_handle:293 - DBG_WINWATT_CONNECT_WIN32_SELECTED selected_payload={'title': 'WinWatt gólya - C:\\Users\\Admin\\Documents\\GitHub\\autowinwatt\\winwatt_automation\\tests\\testwwp.wwp', 'window_text': 'WinWatt gólya - C:\\Users\\Admin\\Documents\\GitHub\\autowinwatt\\winwatt_automation\\tests\\testwwp.wwp', 'class_name': 'TMainForm', 'control_type': None, 'process_id': 20892, 'handle': None, 'is_visible': True, 'is_enabled': True, 'rectangle': {'left': -10, 'top': -10, 'right': 1930, 'bottom': 1030, 'width': 1940, 'height': 1040}, 'size': {'width': 1940, 'height': 1040}} selected_handle_is_none=True
2026-08-25 22:19:55.046 | INFO     | winwatt_automation.live_ui.app_connector:_connect_with_win32_handle:336 - Connected to WinWatt backend=win32 attach_mode=process candidate={'process_id': 20892, 'handle': None, 'class_name': 'TMainForm', 'title': 'WinWatt gólya - C:\\Users\\Admin\\Documents\\GitHub\\autowinwatt\\winwatt_automation\\tests\\testwwp.wwp'}
2026-08-25 22:19:55.062 | INFO     | winwatt_automation.live_ui.app_connector:_connect_with_win32_handle:350 - DBG_WINWATT_CONNECT_WIN32_RESOLVED process_id=20892 resolved_handle=None selected_payload={'title': 'WinWatt gólya - C:\\Users\\Admin\\Documents\\GitHub\\autowinwatt\\winwatt_automation\\tests\\testwwp.wwp', 'window_text': 'WinWatt gólya - C:\\Users\\Admin\\Documents\\GitHub\\autowinwatt\\winwatt_automation\\tests\\testwwp.wwp', 'class_name': 'TMainForm', 'control_type': None, 'process_id': 20892, 'handle': None, 'is_visible': True, 'is_enabled': True, 'rectangle': {'left': -10, 'top': -10, 'right': 1930, 'bottom': 1030, 'width': 1940, 'height': 1040}, 'size': {'width': 1940, 'height': 1040}}
2026-08-25 22:19:55.062 | INFO     | winwatt_automation.live_ui.app_connector:_resolve_uia_main_window:382 - DBG_WINWATT_RESOLVE_UIA_WIN32_SELECTED selected_payload={'title': 'WinWatt gólya - C:\\Users\\Admin\\Documents\\GitHub\\autowinwatt\\winwatt_automation\\tests\\testwwp.wwp', 'window_text': 'WinWatt gólya - C:\\Users\\Admin\\Documents\\GitHub\\autowinwatt\\winwatt_automation\\tests\\testwwp.wwp', 'class_name': 'TMainForm', 'control_type': None, 'process_id': 20892, 'handle': None, 'is_visible': True, 'is_enabled': True, 'rectangle': {'left': -10, 'top': -10, 'right': 1930, 'bottom': 1030, 'width': 1940, 'height': 1040}, 'size': {'width': 1940, 'height': 1040}}
2026-08-25 22:19:55.062 | INFO     | winwatt_automation.live_ui.app_connector:_resolve_uia_main_window:388 - Connected to WinWatt backend=uia process_id=20892
2026-08-25 22:19:55.062 | INFO     | winwatt_automation.live_ui.app_connector:_resolve_uia_main_window:390 - Resolving main WinWatt window backend=uia class_name=TMainForm title_re=.*WinWatt.*
2026-08-25 22:19:55.329 | INFO     | winwatt_automation.live_ui.app_connector:_resolve_uia_main_window:400 - DBG_WINWATT_RESOLVE_UIA_PRIMARY selected_payload={'title': 'WinWatt gólya - C:\\Users\\Admin\\Documents\\GitHub\\autowinwatt\\winwatt_automation\\tests\\testwwp.wwp', 'window_text': 'WinWatt gólya - C:\\Users\\Admin\\Documents\\GitHub\\autowinwatt\\winwatt_automation\\tests\\testwwp.wwp', 'class_name': 'TMainForm', 'control_type': None, 'process_id': 20892, 'handle': None, 'is_visible': True, 'is_enabled': True, 'rectangle': {'left': -10, 'top': -10, 'right': 1930, 'bottom': 1030, 'width': 1940, 'height': 1040}, 'size': {'width': 1940, 'height': 1040}} primary_result={'wrapper_type': 'UIAWrapper', 'handle': 1706870, 'process_id': 20892, 'title': 'WinWatt gólya - C:\\Users\\Admin\\Documents\\GitHub\\autowinwatt\\winwatt_automation\\tests\\testwwp.wwp', 'class_name': 'TMainForm', 'control_type': 'Window'} identity_match_with_win32=None
2026-08-25 22:19:55.329 | WARNING  | winwatt_automation.live_ui.app_connector:ensure_main_window_foreground_before_click:1216 - DBG_WINWATT_FOCUS_GUARD_STALE_REFRESH_CONTINUE action_label=click_structured_popup_row[0] reason=stale_wrapper_relaxed_foreground_identity_pass relaxed_pass=True relaxed_pass_reason=identity_foreground_visible_enabled_match cached_identity={'wrapper_type': 'UIAWrapper', 'handle': 1706870, 'process_id': 20892, 'title': 'WinWatt gólya - C:\\Users\\Admin\\Documents\\GitHub\\autowinwatt\\winwatt_automation\\tests\\testwwp.wwp', 'class_name': 'TMainForm', 'control_type': 'Window'} refreshed_identity={'wrapper_type': 'UIAWrapper', 'handle': 1706870, 'process_id': 20892, 'title': 'WinWatt gólya - C:\\Users\\Admin\\Documents\\GitHub\\autowinwatt\\winwatt_automation\\tests\\testwwp.wwp', 'class_name': 'TMainForm', 'control_type': 'Window'} cached_rect={'left': -10, 'top': -10, 'right': 1930, 'bottom': 1030, 'width': 1940, 'height': 1040} refreshed_rect={'left': -10, 'top': -10, 'right': 1930, 'bottom': 1030, 'width': 1940, 'height': 1040} foreground={'handle': 1706870, 'title': 'WinWatt gólya - C:\\Users\\Admin\\Documents\\GitHub\\autowinwatt\\winwatt_automation\\tests\\testwwp.wwp', 'class_name': 'TMainForm', 'process_id': 20892}
2026-08-25 22:19:55.349 | INFO     | winwatt_automation.live_ui.app_connector:is_winwatt_foreground_context:1123 - DBG_WINWATT_FOREGROUND_CONTEXT expected_handle=1706870 expected_process_id=20892 expected_title=WinWatt gólya - C:\Users\Admin\Documents\GitHub\autowinwatt\winwatt_automation\tests\testwwp.wwp expected_class_name=TMainForm actual_foreground_handle=1706870 actual_foreground_process_id=20892 actual_foreground_title=WinWatt gólya - C:\Users\Admin\Documents\GitHub\autowinwatt\winwatt_automation\tests\testwwp.wwp actual_foreground_class_name=TMainForm allow_dialog=True result_reason=handle_match
2026-08-25 22:19:55.350 | INFO     | winwatt_automation.live_ui.app_connector:ensure_main_window_foreground_before_click:1340 - DBG_WINWATT_FOCUS_GUARD_RESULT action_label=click_structured_popup_row[0] status=focus_ok reason=handle_match foreground={'handle': 1706870, 'title': 'WinWatt gólya - C:\\Users\\Admin\\Documents\\GitHub\\autowinwatt\\winwatt_automation\\tests\\testwwp.wwp', 'class_name': 'TMainForm', 'process_id': 20892} same_context_as_cached_main=True win32_uia_identity_match=True
2026-08-25 22:19:55.477 | INFO     | winwatt_automation.live_ui.menu_helpers:click_structured_popup_row:2238 - Popup row click: selected row index=0 selected row rectangle={'left': 4, 'top': 56, 'right': 290, 'bottom': 84} top menu clicked more than once=False
2026-08-25 22:19:55.841 | DEBUG    | winwatt_automation.live_ui.app_connector:get_cached_main_window:565 - DBG_WINWATT_CACHE_GET reason_code=cache_reused_without_validation payload={'wrapper_type': 'UIAWrapper', 'handle': 1706870, 'process_id': 20892, 'title': 'WinWatt gólya', 'class_name': 'TMainForm', 'control_type': 'Window'} last_validation_age_s=10.328000000008615 diagnostic_fast_mode=True
2026-08-25 22:19:55.841 | DEBUG    | winwatt_automation.live_ui.app_connector:get_cached_main_window:566 - DBG_PHASE_TIMING phase=get_cached_main_window elapsed_ms=375.000 reason_code=cache_reused_without_validation
2026-08-25 22:19:56.752 | DEBUG    | winwatt_automation.live_ui.app_connector:get_cached_main_window:565 - DBG_WINWATT_CACHE_GET reason_code=cache_reused_without_validation payload={'wrapper_type': 'UIAWrapper', 'handle': 1706870, 'process_id': 20892, 'title': 'WinWatt gólya', 'class_name': 'TMainForm', 'control_type': 'Window'} last_validation_age_s=11.610000000015134 diagnostic_fast_mode=True
2026-08-25 22:19:56.752 | DEBUG    | winwatt_automation.live_ui.app_connector:get_cached_main_window:566 - DBG_PHASE_TIMING phase=get_cached_main_window elapsed_ms=0.000 reason_code=cache_reused_without_validation
2026-08-25 22:19:56.752 | DEBUG    | winwatt_automation.live_ui.app_connector:get_cached_main_window:565 - DBG_WINWATT_CACHE_GET reason_code=cache_reused_without_validation payload={'wrapper_type': 'UIAWrapper', 'handle': 1706870, 'process_id': 20892, 'title': 'WinWatt gólya', 'class_name': 'TMainForm', 'control_type': 'Window'} last_validation_age_s=11.610000000015134 diagnostic_fast_mode=True
2026-08-25 22:19:56.752 | DEBUG    | winwatt_automation.live_ui.app_connector:get_cached_main_window:566 - DBG_PHASE_TIMING phase=get_cached_main_window elapsed_ms=0.000 reason_code=cache_reused_without_validation
2026-08-25 22:19:56.999 | INFO     | winwatt_automation.live_ui.menu_helpers:_menu_items:1101 - DBG_MENU_ITEMS_SUMMARY total_items=7 visible_items=7 topbar_band=(0, 0, 409, 53) topbar_band_visible_count=7 popup_region_visible_count=0 force_refresh=False handle=1706870
2026-08-25 22:19:57.000 | DEBUG    | winwatt_automation.live_ui.menu_helpers:_menu_items:1111 - Discovered 7 MenuItem controls
2026-08-25 22:19:57.000 | DEBUG    | winwatt_automation.live_ui.menu_helpers:_log_phase_timing:83 - DBG_PHASE_TIMING phase=_menu_items elapsed_ms=250.000 force_refresh=False total_items=7 visible_items=7
2026-08-25 22:19:57.000 | DEBUG    | winwatt_automation.live_ui.menu_helpers:_log_popup_fragment:499 - DBG_MENU_FRAGMENT_MAIN_WINDOW source_scope=main_window control_type=MenuItem class_name= text='Rendszer' rectangle={'left': 0, 'top': 0, 'right': 28, 'bottom': 28} center=(14, 14) process_id=20892 native_handle=None topbar_candidate=True popup_candidate=False
2026-08-25 22:19:57.001 | DEBUG    | winwatt_automation.live_ui.menu_helpers:_log_popup_fragment:499 - DBG_MENU_FRAGMENT_MAIN_WINDOW source_scope=main_window control_type=MenuItem class_name= text='Fájl' rectangle={'left': 0, 'top': 29, 'right': 40, 'bottom': 53} center=(20, 41) process_id=20892 native_handle=None topbar_candidate=True popup_candidate=False
2026-08-25 22:19:57.002 | DEBUG    | winwatt_automation.live_ui.menu_helpers:_log_popup_fragment:499 - DBG_MENU_FRAGMENT_MAIN_WINDOW source_scope=main_window control_type=MenuItem class_name= text='Jegyzékek' rectangle={'left': 40, 'top': 29, 'right': 123, 'bottom': 53} center=(81, 41) process_id=20892 native_handle=None topbar_candidate=True popup_candidate=False
2026-08-25 22:19:57.002 | DEBUG    | winwatt_automation.live_ui.menu_helpers:_log_popup_fragment:499 - DBG_MENU_FRAGMENT_MAIN_WINDOW source_scope=main_window control_type=MenuItem class_name= text='Adatbázis...' rectangle={'left': 123, 'top': 29, 'right': 216, 'bottom': 53} center=(169, 41) process_id=20892 native_handle=None topbar_candidate=True popup_candidate=False
2026-08-25 22:19:57.002 | DEBUG    | winwatt_automation.live_ui.menu_helpers:_log_popup_fragment:499 - DBG_MENU_FRAGMENT_MAIN_WINDOW source_scope=main_window control_type=MenuItem class_name= text='Beállítások' rectangle={'left': 215, 'top': 29, 'right': 303, 'bottom': 53} center=(259, 41) process_id=20892 native_handle=None topbar_candidate=True popup_candidate=False
2026-08-25 22:19:57.003 | DEBUG    | winwatt_automation.live_ui.menu_helpers:_log_popup_fragment:499 - DBG_MENU_FRAGMENT_MAIN_WINDOW source_scope=main_window control_type=MenuItem class_name= text='Ablak' rectangle={'left': 303, 'top': 29, 'right': 358, 'bottom': 53} center=(330, 41) process_id=20892 native_handle=None topbar_candidate=True popup_candidate=False
2026-08-25 22:19:57.003 | DEBUG    | winwatt_automation.live_ui.menu_helpers:_log_popup_fragment:499 - DBG_MENU_FRAGMENT_MAIN_WINDOW source_scope=main_window control_type=MenuItem class_name= text='Súgó' rectangle={'left': 358, 'top': 29, 'right': 409, 'bottom': 53} center=(383, 41) process_id=20892 native_handle=None topbar_candidate=True popup_candidate=False
2026-08-25 22:19:57.003 | DEBUG    | winwatt_automation.live_ui.menu_helpers:_menu_like_controls_from_main_window:1599 - DBG_MENU_FRAGMENT_SOURCE_SUMMARY source_scope=main_window count=7
2026-08-25 22:19:57.005 | DEBUG    | winwatt_automation.live_ui.app_connector:get_cached_main_window:565 - DBG_WINWATT_CACHE_GET reason_code=cache_reused_without_validation payload={'wrapper_type': 'UIAWrapper', 'handle': 1706870, 'process_id': 20892, 'title': 'WinWatt gólya', 'class_name': 'TMainForm', 'control_type': 'Window'} last_validation_age_s=11.860000000015134 diagnostic_fast_mode=True
2026-08-25 22:19:57.005 | DEBUG    | winwatt_automation.live_ui.app_connector:get_cached_main_window:566 - DBG_PHASE_TIMING phase=get_cached_main_window elapsed_ms=0.000 reason_code=cache_reused_without_validation
2026-08-25 22:19:57.005 | DEBUG    | winwatt_automation.live_ui.menu_helpers:capture_menu_popup_snapshot:1682 - DBG_POPUP_ROW_DEDUPE rect={'left': 0, 'top': 0, 'right': 28, 'bottom': 28} normalized_text=rendszer class_name= source_scope=main_window deduplicated=False
2026-08-25 22:19:57.005 | DEBUG    | winwatt_automation.live_ui.menu_helpers:capture_menu_popup_snapshot:1682 - DBG_POPUP_ROW_DEDUPE rect={'left': 0, 'top': 29, 'right': 40, 'bottom': 53} normalized_text=fájl class_name= source_scope=main_window deduplicated=False
2026-08-25 22:19:57.006 | DEBUG    | winwatt_automation.live_ui.menu_helpers:capture_menu_popup_snapshot:1682 - DBG_POPUP_ROW_DEDUPE rect={'left': 40, 'top': 29, 'right': 123, 'bottom': 53} normalized_text=jegyzékek class_name= source_scope=main_window deduplicated=False
2026-08-25 22:19:57.006 | DEBUG    | winwatt_automation.live_ui.menu_helpers:capture_menu_popup_snapshot:1682 - DBG_POPUP_ROW_DEDUPE rect={'left': 123, 'top': 29, 'right': 216, 'bottom': 53} normalized_text=adatbázis... class_name= source_scope=main_window deduplicated=False
2026-08-25 22:19:57.006 | DEBUG    | winwatt_automation.live_ui.menu_helpers:capture_menu_popup_snapshot:1682 - DBG_POPUP_ROW_DEDUPE rect={'left': 215, 'top': 29, 'right': 303, 'bottom': 53} normalized_text=beállítások class_name= source_scope=main_window deduplicated=False
2026-08-25 22:19:57.006 | DEBUG    | winwatt_automation.live_ui.menu_helpers:capture_menu_popup_snapshot:1682 - DBG_POPUP_ROW_DEDUPE rect={'left': 303, 'top': 29, 'right': 358, 'bottom': 53} normalized_text=ablak class_name= source_scope=main_window deduplicated=False
2026-08-25 22:19:57.006 | DEBUG    | winwatt_automation.live_ui.menu_helpers:capture_menu_popup_snapshot:1682 - DBG_POPUP_ROW_DEDUPE rect={'left': 358, 'top': 29, 'right': 409, 'bottom': 53} normalized_text=súgó class_name= source_scope=main_window deduplicated=False
2026-08-25 22:19:57.007 | INFO     | winwatt_automation.live_ui.menu_helpers:capture_menu_popup_snapshot:1724 - POPUP_SNAPSHOT_SUMMARY main_window_fragments=7 global_scan_fragments=0 deduped_fragments=7 topbar_like=6 popup_like=0 empty_text=0 topbar_band=(0, 29, 409, 53) empty_text_vertical_cluster_detected=False accepted_popup_rows=0 popup_heuristic=candidate_count_below_threshold
2026-08-25 22:19:57.007 | DEBUG    | winwatt_automation.live_ui.menu_helpers:capture_menu_popup_snapshot:1737 - Captured menu snapshot rows=7
2026-08-25 22:19:57.007 | DEBUG    | winwatt_automation.live_ui.menu_helpers:_log_phase_timing:83 - DBG_PHASE_TIMING phase=capture_menu_popup_snapshot elapsed_ms=1532.000 main_rows=7 global_rows=0 unique_rows=7 diagnostic_fast_mode=True
2026-08-25 22:19:57.007 | INFO     | winwatt_automation.runtime_mapping.program_mapper:explore_menu_tree:3897 - DBG_POST_ACTION_POPUP_VISIBILITY state=project_open path=['Fájl', 'Végrehajtás'] popup_visible_count=0 topbar_visible_count=6 snapshot_rows=7 placeholder=False
2026-08-25 22:19:57.007 | DEBUG    | winwatt_automation.runtime_mapping.menu_text:normalize_menu_title:31 - normalize_menu_title ellipsis_handled raw="Adatbázis..." normalized="adatbázis"
2026-08-25 22:19:57.008 | INFO     | winwatt_automation.runtime_mapping.program_mapper:_safe_depth_decision:1721 - SAFE_DEPTH_BLOCKED state=project_open path=['Fájl', 'Végrehajtás'] current_depth=1 max_depth=2 action_state_classification=executes_command reason=non_submenu_branch
2026-08-25 22:19:57.008 | DEBUG    | winwatt_automation.runtime_mapping.program_mapper:_row_to_node:812 - RAW_MENU_TITLE="Végrehajtás" NORMALIZED_MENU_TITLE="végrehajtás"
2026-08-25 22:19:57.008 | DEBUG    | winwatt_automation.runtime_mapping.program_mapper:_row_to_node:875 - _row_to_node state=project_open top_menu=Fájl level=1 index=0 title=Végrehajtás placeholder=False classification=skipped_by_safety
2026-08-25 22:19:57.008 | DEBUG    | winwatt_automation.runtime_mapping.program_mapper:_log_phase_timing:281 - DBG_PHASE_TIMING phase=_row_to_node elapsed_ms=0.000 top_menu=Fájl level=1 index=0 title=Végrehajtás placeholder=False
2026-08-25 22:19:57.011 | DEBUG    | winwatt_automation.live_ui.app_connector:get_cached_main_window:565 - DBG_WINWATT_CACHE_GET reason_code=cache_reused_without_validation payload={'wrapper_type': 'UIAWrapper', 'handle': 1706870, 'process_id': 20892, 'title': 'WinWatt gólya', 'class_name': 'TMainForm', 'control_type': 'Window'} last_validation_age_s=11.860000000015134 diagnostic_fast_mode=True
2026-08-25 22:19:57.011 | DEBUG    | winwatt_automation.live_ui.app_connector:get_cached_main_window:566 - DBG_PHASE_TIMING phase=get_cached_main_window elapsed_ms=0.000 reason_code=cache_reused_without_validation
2026-08-25 22:19:57.196 | DEBUG    | winwatt_automation.live_ui.app_connector:get_cached_main_window:565 - DBG_WINWATT_CACHE_GET reason_code=cache_reused_without_validation payload={'wrapper_type': 'UIAWrapper', 'handle': 1706870, 'process_id': 20892, 'title': 'WinWatt gólya', 'class_name': 'TMainForm', 'control_type': 'Window'} last_validation_age_s=12.047000000020489 diagnostic_fast_mode=True
2026-08-25 22:19:57.196 | DEBUG    | winwatt_automation.live_ui.app_connector:get_cached_main_window:566 - DBG_PHASE_TIMING phase=get_cached_main_window elapsed_ms=0.000 reason_code=cache_reused_without_validation
2026-08-25 22:19:57.196 | DEBUG    | winwatt_automation.live_ui.app_connector:get_cached_main_window:565 - DBG_WINWATT_CACHE_GET reason_code=cache_reused_without_validation payload={'wrapper_type': 'UIAWrapper', 'handle': 1706870, 'process_id': 20892, 'title': 'WinWatt gólya', 'class_name': 'TMainForm', 'control_type': 'Window'} last_validation_age_s=12.047000000020489 diagnostic_fast_mode=True
2026-08-25 22:19:57.196 | DEBUG    | winwatt_automation.live_ui.app_connector:get_cached_main_window:566 - DBG_PHASE_TIMING phase=get_cached_main_window elapsed_ms=0.000 reason_code=cache_reused_without_validation
2026-08-25 22:19:57.696 | INFO     | winwatt_automation.live_ui.menu_helpers:_menu_items:1101 - DBG_MENU_ITEMS_SUMMARY total_items=7 visible_items=7 topbar_band=(0, 0, 409, 53) topbar_band_visible_count=7 popup_region_visible_count=0 force_refresh=True handle=1706870
2026-08-25 22:19:57.696 | DEBUG    | winwatt_automation.live_ui.menu_helpers:_menu_items:1111 - Discovered 7 MenuItem controls
2026-08-25 22:19:57.696 | DEBUG    | winwatt_automation.live_ui.menu_helpers:_log_phase_timing:83 - DBG_PHASE_TIMING phase=_menu_items elapsed_ms=500.000 force_refresh=True total_items=7 visible_items=7
2026-08-25 22:19:57.772 | INFO     | winwatt_automation.live_ui.menu_helpers:list_top_menu_items:1141 - Top-level menu items (raw): ['Rendszer', 'Fájl', 'Jegyzékek', 'Adatbázis...', 'Beállítások', 'Ablak', 'Súgó']
2026-08-25 22:19:57.772 | DEBUG    | winwatt_automation.live_ui.menu_helpers:_log_phase_timing:83 - DBG_PHASE_TIMING phase=list_top_menu_items elapsed_ms=578.000 count=7
2026-08-25 22:19:57.772 | INFO     | winwatt_automation.runtime_mapping.program_mapper:_evaluate_action_admission:1969 - ACTION_ADMISSION_REJECTED top_menu=Fájl path=['Fájl', 'Végrehajtás'] traversal_depth=1 reason=legacy_text_only_without_interaction_evidence classification=executes_command result_type=no_observable_effect placeholder=False text_confidence=medium raw_text_sources=['legacy_text'] skip_reason=None
2026-08-25 22:19:57.772 | INFO     | winwatt_automation.runtime_mapping.program_mapper:_evaluate_action_admission:1982 - ACTION_STRUCTURE_ONLY_ROW top_menu=Fájl path=['Fájl', 'Végrehajtás'] traversal_depth=1 reason=legacy_text_only_without_interaction_evidence
2026-08-25 22:19:57.778 | DEBUG    | winwatt_automation.live_ui.app_connector:get_cached_main_window:565 - DBG_WINWATT_CACHE_GET reason_code=cache_reused_without_validation payload={'wrapper_type': 'UIAWrapper', 'handle': 1706870, 'process_id': 20892, 'title': 'WinWatt gólya', 'class_name': 'TMainForm', 'control_type': 'Window'} last_validation_age_s=12.625 diagnostic_fast_mode=True
2026-08-25 22:19:57.778 | DEBUG    | winwatt_automation.live_ui.app_connector:get_cached_main_window:566 - DBG_PHASE_TIMING phase=get_cached_main_window elapsed_ms=0.000 reason_code=cache_reused_without_validation
2026-08-25 22:19:58.080 | DEBUG    | winwatt_automation.live_ui.app_connector:get_cached_main_window:565 - DBG_WINWATT_CACHE_GET reason_code=cache_reused_without_validation payload={'wrapper_type': 'UIAWrapper', 'handle': 1706870, 'process_id': 20892, 'title': 'WinWatt gólya', 'class_name': 'TMainForm', 'control_type': 'Window'} last_validation_age_s=12.937999999994645 diagnostic_fast_mode=True
2026-08-25 22:19:58.080 | DEBUG    | winwatt_automation.live_ui.app_connector:get_cached_main_window:566 - DBG_PHASE_TIMING phase=get_cached_main_window elapsed_ms=0.000 reason_code=cache_reused_without_validation
2026-08-25 22:19:58.087 | DEBUG    | winwatt_automation.live_ui.app_connector:get_cached_main_window:565 - DBG_WINWATT_CACHE_GET reason_code=cache_reused_without_validation payload={'wrapper_type': 'UIAWrapper', 'handle': 1706870, 'process_id': 20892, 'title': 'WinWatt gólya', 'class_name': 'TMainForm', 'control_type': 'Window'} last_validation_age_s=12.937999999994645 diagnostic_fast_mode=True
2026-08-25 22:19:58.087 | DEBUG    | winwatt_automation.live_ui.app_connector:get_cached_main_window:566 - DBG_PHASE_TIMING phase=get_cached_main_window elapsed_ms=0.000 reason_code=cache_reused_without_validation
2026-08-25 22:19:58.593 | INFO     | winwatt_automation.live_ui.menu_helpers:_menu_items:1101 - DBG_MENU_ITEMS_SUMMARY total_items=7 visible_items=7 topbar_band=(0, 0, 409, 53) topbar_band_visible_count=7 popup_region_visible_count=0 force_refresh=True handle=1706870
2026-08-25 22:19:58.593 | DEBUG    | winwatt_automation.live_ui.menu_helpers:_menu_items:1111 - Discovered 7 MenuItem controls
2026-08-25 22:19:58.593 | DEBUG    | winwatt_automation.live_ui.menu_helpers:_log_phase_timing:83 - DBG_PHASE_TIMING phase=_menu_items elapsed_ms=515.000 force_refresh=True total_items=7 visible_items=7
2026-08-25 22:19:58.688 | INFO     | winwatt_automation.live_ui.menu_helpers:list_top_menu_items:1141 - Top-level menu items (raw): ['Rendszer', 'Fájl', 'Jegyzékek', 'Adatbázis...', 'Beállítások', 'Ablak', 'Súgó']
2026-08-25 22:19:58.688 | DEBUG    | winwatt_automation.live_ui.menu_helpers:_log_phase_timing:83 - DBG_PHASE_TIMING phase=list_top_menu_items elapsed_ms=609.000 count=7
2026-08-25 22:19:58.690 | INFO     | winwatt_automation.runtime_mapping.program_mapper:_run_action_evidence_probe:2983 - ACTION_EVIDENCE_PROBE_START state=project_open top_menu=Fájl path=['Fájl', 'Végrehajtás'] row_index=0 rejection_reason=None
2026-08-25 22:19:58.690 | INFO     | winwatt_automation.runtime_mapping.program_mapper:_activate_row_for_exploration:1275 - DBG_PLACEHOLDER_TRAVERSAL_CANDIDATE path=['Fájl', 'Végrehajtás'] row_index=0 placeholder=False action_type=click source_scope=main_window meta={'popup_block_classification': 'normal_popup', 'recent_projects_block': False, 'recent_project_entry': False, 'stateful_menu_block': False, 'action_discovery': {'classification': 'no_observable_effect', 'policy': {'treat_as_navigation': False, 'expand_children': False, 'retry_on_next_pass': False}}} popup_visible_count=12 topbar_visible_count=0 diagnostic_fast_mode=True
2026-08-25 22:19:58.690 | INFO     | winwatt_automation.runtime_mapping.program_mapper:_activate_row_for_exploration:1292 - DBG_PLACEHOLDER_TRAVERSAL_DECISION path=['Fájl', 'Végrehajtás'] decision=click_structured_row action_type=click source_scope=main_window popup_visible_count=12 popup_rows_count=12 meta_source=main_window click_strategy=None
2026-08-25 22:19:58.697 | DEBUG    | winwatt_automation.live_ui.app_connector:get_cached_main_window:565 - DBG_WINWATT_CACHE_GET reason_code=cache_reused_without_validation payload={'wrapper_type': 'UIAWrapper', 'handle': 1706870, 'process_id': 20892, 'title': 'WinWatt gólya', 'class_name': 'TMainForm', 'control_type': 'Window'} last_validation_age_s=13.547000000020489 diagnostic_fast_mode=True
2026-08-25 22:19:58.697 | DEBUG    | winwatt_automation.live_ui.app_connector:get_cached_main_window:566 - DBG_PHASE_TIMING phase=get_cached_main_window elapsed_ms=0.000 reason_code=cache_reused_without_validation
2026-08-25 22:19:58.705 | INFO     | winwatt_automation.live_ui.app_connector:ensure_main_window_foreground_before_click:1179 - DBG_WINWATT_FOCUS_GUARD_PRECHECK action_label=click_structured_popup_row[0] wrapper_type=UIAWrapper cached_handle=1706870 cached_pid=20892 cached_title=WinWatt gólya cached_class=TMainForm precheck_exists=False precheck_visible=True precheck_enabled=False rect={'left': -10, 'top': -10, 'right': 1930, 'bottom': 1030, 'width': 1940, 'height': 1040}
2026-08-25 22:19:58.705 | ERROR    | winwatt_automation.live_ui.app_connector:ensure_main_window_foreground_before_click:1295 - DBG_WINWATT_FOCUS_GUARD_HARD_FAIL action_label=click_structured_popup_row[0] reason=exists_false identity_reasons=['handle', 'process_id', 'title', 'class_name', 'rect', 'visible'] cached_identity={'wrapper_type': 'UIAWrapper', 'handle': 1706870, 'process_id': 20892, 'title': 'WinWatt gólya', 'class_name': 'TMainForm', 'control_type': 'Window'} rect={'left': -10, 'top': -10, 'right': 1930, 'bottom': 1030, 'width': 1940, 'height': 1040} refresh_diagnostic={'action_label': 'click_structured_popup_row[0]', 'cached_identity': {'wrapper_type': 'UIAWrapper', 'handle': 1706870, 'process_id': 20892, 'title': 'WinWatt gólya', 'class_name': 'TMainForm', 'control_type': 'Window'}, 'cached_rect': {'left': -10, 'top': -10, 'right': 1930, 'bottom': 1030, 'width': 1940, 'height': 1040}, 'visible': True, 'enabled': False, 'refresh_attempted': False, 'refresh_permitted': True, 'reason': 'cached_window_not_ready'}
2026-08-25 22:19:58.705 | INFO     | winwatt_automation.runtime_mapping.program_mapper:_activate_row_for_exploration:1316 - DBG_WINWATT_STRUCTURED_ROW_CLICK_EXCEPTION exception_class=FocusGuardError exception_message=focus_not_restored: main window no longer exists before action=click_structured_popup_row[0] current_path=['Fájl', 'Végrehajtás'] fallback_to_hover=True popup_rows_count=12
2026-08-25 22:19:58.705 | DEBUG    | winwatt_automation.runtime_mapping.program_mapper:_activate_row_for_exploration:1323 - structured row click failed; fallback to hover path=['Fájl', 'Végrehajtás'] error=focus_not_restored: main window no longer exists before action=click_structured_popup_row[0]
2026-08-25 22:19:58.808 | DEBUG    | winwatt_automation.live_ui.app_connector:get_cached_main_window:565 - DBG_WINWATT_CACHE_GET reason_code=cache_reused_without_validation payload={'wrapper_type': 'UIAWrapper', 'handle': 1706870, 'process_id': 20892, 'title': 'WinWatt gólya', 'class_name': 'TMainForm', 'control_type': 'Window'} last_validation_age_s=13.65700000000652 diagnostic_fast_mode=True
2026-08-25 22:19:58.808 | DEBUG    | winwatt_automation.live_ui.app_connector:get_cached_main_window:566 - DBG_PHASE_TIMING phase=get_cached_main_window elapsed_ms=0.000 reason_code=cache_reused_without_validation
2026-08-25 22:19:58.858 | DEBUG    | winwatt_automation.live_ui.app_connector:get_cached_main_window:565 - DBG_WINWATT_CACHE_GET reason_code=cache_reused_without_validation payload={'wrapper_type': 'UIAWrapper', 'handle': 1706870, 'process_id': 20892, 'title': 'WinWatt gólya', 'class_name': 'TMainForm', 'control_type': 'Window'} last_validation_age_s=13.703000000008615 diagnostic_fast_mode=True
2026-08-25 22:19:58.858 | DEBUG    | winwatt_automation.live_ui.app_connector:get_cached_main_window:566 - DBG_PHASE_TIMING phase=get_cached_main_window elapsed_ms=16.000 reason_code=cache_reused_without_validation
2026-08-25 22:19:58.858 | DEBUG    | winwatt_automation.live_ui.app_connector:get_cached_main_window:565 - DBG_WINWATT_CACHE_GET reason_code=cache_reused_without_validation payload={'wrapper_type': 'UIAWrapper', 'handle': 1706870, 'process_id': 20892, 'title': 'WinWatt gólya', 'class_name': 'TMainForm', 'control_type': 'Window'} last_validation_age_s=13.719000000011874 diagnostic_fast_mode=True
2026-08-25 22:19:58.858 | DEBUG    | winwatt_automation.live_ui.app_connector:get_cached_main_window:566 - DBG_PHASE_TIMING phase=get_cached_main_window elapsed_ms=0.000 reason_code=cache_reused_without_validation
2026-08-25 22:19:59.046 | INFO     | winwatt_automation.live_ui.menu_helpers:_menu_items:1101 - DBG_MENU_ITEMS_SUMMARY total_items=7 visible_items=7 topbar_band=(0, 0, 409, 53) topbar_band_visible_count=7 popup_region_visible_count=0 force_refresh=False handle=1706870
2026-08-25 22:19:59.058 | DEBUG    | winwatt_automation.live_ui.menu_helpers:_menu_items:1111 - Discovered 7 MenuItem controls
2026-08-25 22:19:59.058 | DEBUG    | winwatt_automation.live_ui.menu_helpers:_log_phase_timing:83 - DBG_PHASE_TIMING phase=_menu_items elapsed_ms=204.000 force_refresh=False total_items=7 visible_items=7
2026-08-25 22:19:59.058 | DEBUG    | winwatt_automation.live_ui.menu_helpers:_log_popup_fragment:499 - DBG_MENU_FRAGMENT_MAIN_WINDOW source_scope=main_window control_type=MenuItem class_name= text='Rendszer' rectangle={'left': 0, 'top': 0, 'right': 28, 'bottom': 28} center=(14, 14) process_id=20892 native_handle=None topbar_candidate=True popup_candidate=False
2026-08-25 22:19:59.060 | DEBUG    | winwatt_automation.live_ui.menu_helpers:_log_popup_fragment:499 - DBG_MENU_FRAGMENT_MAIN_WINDOW source_scope=main_window control_type=MenuItem class_name= text='Fájl' rectangle={'left': 0, 'top': 29, 'right': 40, 'bottom': 53} center=(20, 41) process_id=20892 native_handle=None topbar_candidate=True popup_candidate=False
2026-08-25 22:19:59.061 | DEBUG    | winwatt_automation.live_ui.menu_helpers:_log_popup_fragment:499 - DBG_MENU_FRAGMENT_MAIN_WINDOW source_scope=main_window control_type=MenuItem class_name= text='Jegyzékek' rectangle={'left': 40, 'top': 29, 'right': 123, 'bottom': 53} center=(81, 41) process_id=20892 native_handle=None topbar_candidate=True popup_candidate=False
2026-08-25 22:19:59.062 | DEBUG    | winwatt_automation.live_ui.menu_helpers:_log_popup_fragment:499 - DBG_MENU_FRAGMENT_MAIN_WINDOW source_scope=main_window control_type=MenuItem class_name= text='Adatbázis...' rectangle={'left': 123, 'top': 29, 'right': 216, 'bottom': 53} center=(169, 41) process_id=20892 native_handle=None topbar_candidate=True popup_candidate=False
2026-08-25 22:19:59.064 | DEBUG    | winwatt_automation.live_ui.menu_helpers:_log_popup_fragment:499 - DBG_MENU_FRAGMENT_MAIN_WINDOW source_scope=main_window control_type=MenuItem class_name= text='Beállítások' rectangle={'left': 215, 'top': 29, 'right': 303, 'bottom': 53} center=(259, 41) process_id=20892 native_handle=None topbar_candidate=True popup_candidate=False
2026-08-25 22:19:59.065 | DEBUG    | winwatt_automation.live_ui.menu_helpers:_log_popup_fragment:499 - DBG_MENU_FRAGMENT_MAIN_WINDOW source_scope=main_window control_type=MenuItem class_name= text='Ablak' rectangle={'left': 303, 'top': 29, 'right': 358, 'bottom': 53} center=(330, 41) process_id=20892 native_handle=None topbar_candidate=True popup_candidate=False
2026-08-25 22:19:59.065 | DEBUG    | winwatt_automation.live_ui.menu_helpers:_log_popup_fragment:499 - DBG_MENU_FRAGMENT_MAIN_WINDOW source_scope=main_window control_type=MenuItem class_name= text='Súgó' rectangle={'left': 358, 'top': 29, 'right': 409, 'bottom': 53} center=(383, 41) process_id=20892 native_handle=None topbar_candidate=True popup_candidate=False
2026-08-25 22:19:59.066 | DEBUG    | winwatt_automation.live_ui.menu_helpers:_menu_like_controls_from_main_window:1599 - DBG_MENU_FRAGMENT_SOURCE_SUMMARY source_scope=main_window count=7
2026-08-25 22:19:59.069 | DEBUG    | winwatt_automation.live_ui.app_connector:get_cached_main_window:565 - DBG_WINWATT_CACHE_GET reason_code=cache_reused_without_validation payload={'wrapper_type': 'UIAWrapper', 'handle': 1706870, 'process_id': 20892, 'title': 'WinWatt gólya', 'class_name': 'TMainForm', 'control_type': 'Window'} last_validation_age_s=13.922000000020489 diagnostic_fast_mode=True
2026-08-25 22:19:59.069 | DEBUG    | winwatt_automation.live_ui.app_connector:get_cached_main_window:566 - DBG_PHASE_TIMING phase=get_cached_main_window elapsed_ms=0.000 reason_code=cache_reused_without_validation
2026-08-25 22:19:59.070 | DEBUG    | winwatt_automation.live_ui.menu_helpers:capture_menu_popup_snapshot:1682 - DBG_POPUP_ROW_DEDUPE rect={'left': 0, 'top': 0, 'right': 28, 'bottom': 28} normalized_text=rendszer class_name= source_scope=main_window deduplicated=False
2026-08-25 22:19:59.070 | DEBUG    | winwatt_automation.live_ui.menu_helpers:capture_menu_popup_snapshot:1682 - DBG_POPUP_ROW_DEDUPE rect={'left': 0, 'top': 29, 'right': 40, 'bottom': 53} normalized_text=fájl class_name= source_scope=main_window deduplicated=False
2026-08-25 22:19:59.070 | DEBUG    | winwatt_automation.live_ui.menu_helpers:capture_menu_popup_snapshot:1682 - DBG_POPUP_ROW_DEDUPE rect={'left': 40, 'top': 29, 'right': 123, 'bottom': 53} normalized_text=jegyzékek class_name= source_scope=main_window deduplicated=False
2026-08-25 22:19:59.070 | DEBUG    | winwatt_automation.live_ui.menu_helpers:capture_menu_popup_snapshot:1682 - DBG_POPUP_ROW_DEDUPE rect={'left': 123, 'top': 29, 'right': 216, 'bottom': 53} normalized_text=adatbázis... class_name= source_scope=main_window deduplicated=False
2026-08-25 22:19:59.070 | DEBUG    | winwatt_automation.live_ui.menu_helpers:capture_menu_popup_snapshot:1682 - DBG_POPUP_ROW_DEDUPE rect={'left': 215, 'top': 29, 'right': 303, 'bottom': 53} normalized_text=beállítások class_name= source_scope=main_window deduplicated=False
2026-08-25 22:19:59.070 | DEBUG    | winwatt_automation.live_ui.menu_helpers:capture_menu_popup_snapshot:1682 - DBG_POPUP_ROW_DEDUPE rect={'left': 303, 'top': 29, 'right': 358, 'bottom': 53} normalized_text=ablak class_name= source_scope=main_window deduplicated=False
2026-08-25 22:19:59.071 | DEBUG    | winwatt_automation.live_ui.menu_helpers:capture_menu_popup_snapshot:1682 - DBG_POPUP_ROW_DEDUPE rect={'left': 358, 'top': 29, 'right': 409, 'bottom': 53} normalized_text=súgó class_name= source_scope=main_window deduplicated=False
2026-08-25 22:19:59.071 | INFO     | winwatt_automation.live_ui.menu_helpers:capture_menu_popup_snapshot:1724 - POPUP_SNAPSHOT_SUMMARY main_window_fragments=7 global_scan_fragments=0 deduped_fragments=7 topbar_like=6 popup_like=0 empty_text=0 topbar_band=(0, 29, 409, 53) empty_text_vertical_cluster_detected=False accepted_popup_rows=0 popup_heuristic=candidate_count_below_threshold
2026-08-25 22:19:59.071 | DEBUG    | winwatt_automation.live_ui.menu_helpers:capture_menu_popup_snapshot:1737 - Captured menu snapshot rows=7
2026-08-25 22:19:59.071 | DEBUG    | winwatt_automation.live_ui.menu_helpers:_log_phase_timing:83 - DBG_PHASE_TIMING phase=capture_menu_popup_snapshot elapsed_ms=265.000 main_rows=7 global_rows=0 unique_rows=7 diagnostic_fast_mode=True
2026-08-25 22:19:59.074 | DEBUG    | winwatt_automation.live_ui.app_connector:get_cached_main_window:565 - DBG_WINWATT_CACHE_GET reason_code=cache_reused_without_validation payload={'wrapper_type': 'UIAWrapper', 'handle': 1706870, 'process_id': 20892, 'title': 'WinWatt gólya', 'class_name': 'TMainForm', 'control_type': 'Window'} last_validation_age_s=13.922000000020489 diagnostic_fast_mode=True
2026-08-25 22:19:59.075 | DEBUG    | winwatt_automation.live_ui.app_connector:get_cached_main_window:566 - DBG_PHASE_TIMING phase=get_cached_main_window elapsed_ms=0.000 reason_code=cache_reused_without_validation
2026-08-25 22:19:59.279 | DEBUG    | winwatt_automation.live_ui.app_connector:get_cached_main_window:565 - DBG_WINWATT_CACHE_GET reason_code=cache_reused_without_validation payload={'wrapper_type': 'UIAWrapper', 'handle': 1706870, 'process_id': 20892, 'title': 'WinWatt gólya', 'class_name': 'TMainForm', 'control_type': 'Window'} last_validation_age_s=14.125 diagnostic_fast_mode=True
2026-08-25 22:19:59.279 | DEBUG    | winwatt_automation.live_ui.app_connector:get_cached_main_window:566 - DBG_PHASE_TIMING phase=get_cached_main_window elapsed_ms=16.000 reason_code=cache_reused_without_validation
2026-08-25 22:19:59.279 | DEBUG    | winwatt_automation.live_ui.app_connector:get_cached_main_window:565 - DBG_WINWATT_CACHE_GET reason_code=cache_reused_without_validation payload={'wrapper_type': 'UIAWrapper', 'handle': 1706870, 'process_id': 20892, 'title': 'WinWatt gólya', 'class_name': 'TMainForm', 'control_type': 'Window'} last_validation_age_s=14.14100000000326 diagnostic_fast_mode=True
2026-08-25 22:19:59.279 | DEBUG    | winwatt_automation.live_ui.app_connector:get_cached_main_window:566 - DBG_PHASE_TIMING phase=get_cached_main_window elapsed_ms=0.000 reason_code=cache_reused_without_validation
2026-08-25 22:19:59.749 | INFO     | winwatt_automation.live_ui.menu_helpers:_menu_items:1101 - DBG_MENU_ITEMS_SUMMARY total_items=7 visible_items=7 topbar_band=(0, 0, 409, 53) topbar_band_visible_count=7 popup_region_visible_count=0 force_refresh=True handle=1706870
2026-08-25 22:19:59.749 | DEBUG    | winwatt_automation.live_ui.menu_helpers:_menu_items:1111 - Discovered 7 MenuItem controls
2026-08-25 22:19:59.749 | DEBUG    | winwatt_automation.live_ui.menu_helpers:_log_phase_timing:83 - DBG_PHASE_TIMING phase=_menu_items elapsed_ms=485.000 force_refresh=True total_items=7 visible_items=7
2026-08-25 22:19:59.779 | INFO     | winwatt_automation.live_ui.menu_helpers:list_top_menu_items:1141 - Top-level menu items (raw): ['Rendszer', 'Fájl', 'Jegyzékek', 'Adatbázis...', 'Beállítások', 'Ablak', 'Súgó']
2026-08-25 22:19:59.779 | DEBUG    | winwatt_automation.live_ui.menu_helpers:_log_phase_timing:83 - DBG_PHASE_TIMING phase=list_top_menu_items elapsed_ms=516.000 count=7
2026-08-25 22:19:59.779 | INFO     | winwatt_automation.runtime_mapping.program_mapper:_run_action_evidence_probe:3030 - ACTION_OUTCOME_RECLASSIFIED state=project_open top_menu=Fájl path=['Fájl', 'Végrehajtás'] from=no_visible_change to=child_popup_opened
2026-08-25 22:19:59.779 | INFO     | winwatt_automation.runtime_mapping.program_mapper:_run_action_evidence_probe:3031 - ACTION_EVIDENCE_PROBE_RESULT state=project_open top_menu=Fájl path=['Fájl', 'Végrehajtás'] row_index=0 result_type=child_popup_opened evidence={'popup_row_count_before': 0, 'visible_item_count_before': 0, 'foreground_title_before': 'Projekt létrehozása', 'foreground_class_before': '#32770', 'main_window_enabled_before': False, 'popup_row_count_after': 7, 'visible_item_count_after': 7, 'foreground_title_after': 'Projekt létrehozása', 'foreground_class_after': '#32770', 'main_window_enabled_after': False, 'new_dialog_detected': False, 'popup_closed': False, 'child_popup_opened': True, 'menu_selection_highlight_changed': False, 'click_exception': None, 'evidence_strength': 'strong', 'placeholder_geometry_signature': None, 'placeholder_geometry_stable': False, 'textual_child_rows_detected': True, 'popup_closed_without_dialog': False, 'popup_closed_with_foreground_change': False, 'focus_changed_without_dialog': False, 'result_type': 'child_popup_opened'}
2026-08-25 22:19:59.779 | INFO     | winwatt_automation.runtime_mapping.program_mapper:_evaluate_action_admission:1991 - ACTION_ADMISSION_ACCEPTED top_menu=Fájl path=['Fájl', 'Végrehajtás'] traversal_depth=1 reason=interaction_evidence:child_popup_opened classification=executes_command result_type=child_popup_opened placeholder=False text_confidence=medium raw_text_sources=['legacy_text'] skip_reason=None
2026-08-25 22:19:59.790 | INFO     | winwatt_automation.runtime_mapping.program_mapper:explore_menu_tree:4155 - ACTION_ADMISSION_ACCEPTED_WITH_PROBE top_menu=Fájl path=['Fájl', 'Végrehajtás'] traversal_depth=1 reason=interaction_evidence:child_popup_opened probe_result_type=child_popup_opened evidence_strength=strong
2026-08-25 22:19:59.790 | INFO     | winwatt_automation.runtime_mapping.program_mapper:_build_action_catalog_entry:1851 - ACTION_CATALOG_ENTRY state_path=['Fájl', 'Végrehajtás'] entry={'path': ['Fájl', 'Végrehajtás'], 'action_type': 'no_effect', 'action_state_classification': 'executes_command', 'opens_modal': False, 'opens_submenu': False, 'changes_menu_state': False, 'opens_project_and_changes_runtime_state': False, 'traversal_depth': 1, 'treat_as_navigation': False, 'expand_children': False, 'retry_on_next_pass': False}
2026-08-25 22:19:59.790 | DEBUG    | winwatt_automation.runtime_mapping.program_mapper:explore_menu_tree:3701 - visited path skip state=project_open path=('fájl', 'végrehajtás')
2026-08-25 22:19:59.790 | DEBUG    | winwatt_automation.runtime_mapping.program_mapper:_row_to_node:812 - RAW_MENU_TITLE="[unlabeled row 2]" NORMALIZED_MENU_TITLE="[unlabeled row 2]"
2026-08-25 22:19:59.790 | DEBUG    | winwatt_automation.runtime_mapping.program_mapper:_row_to_node:875 - _row_to_node state=project_open top_menu=Fájl level=1 index=2 title=[unlabeled row 2] placeholder=True classification=skipped_by_safety
2026-08-25 22:19:59.790 | DEBUG    | winwatt_automation.runtime_mapping.program_mapper:_log_phase_timing:281 - DBG_PHASE_TIMING phase=_row_to_node elapsed_ms=0.000 top_menu=Fájl level=1 index=2 title=[unlabeled row 2] placeholder=True
2026-08-25 22:19:59.790 | DEBUG    | winwatt_automation.live_ui.app_connector:get_cached_main_window:565 - DBG_WINWATT_CACHE_GET reason_code=cache_reused_without_validation payload={'wrapper_type': 'UIAWrapper', 'handle': 1706870, 'process_id': 20892, 'title': 'WinWatt gólya', 'class_name': 'TMainForm', 'control_type': 'Window'} last_validation_age_s=14.64100000000326 diagnostic_fast_mode=True
2026-08-25 22:19:59.790 | DEBUG    | winwatt_automation.live_ui.app_connector:get_cached_main_window:566 - DBG_PHASE_TIMING phase=get_cached_main_window elapsed_ms=0.000 reason_code=cache_reused_without_validation
2026-08-25 22:19:59.980 | DEBUG    | winwatt_automation.live_ui.app_connector:get_cached_main_window:565 - DBG_WINWATT_CACHE_GET reason_code=cache_reused_without_validation payload={'wrapper_type': 'UIAWrapper', 'handle': 1706870, 'process_id': 20892, 'title': 'WinWatt gólya', 'class_name': 'TMainForm', 'control_type': 'Window'} last_validation_age_s=14.828000000008615 diagnostic_fast_mode=True
2026-08-25 22:19:59.980 | DEBUG    | winwatt_automation.live_ui.app_connector:get_cached_main_window:566 - DBG_PHASE_TIMING phase=get_cached_main_window elapsed_ms=0.000 reason_code=cache_reused_without_validation
2026-08-25 22:19:59.980 | DEBUG    | winwatt_automation.live_ui.app_connector:get_cached_main_window:565 - DBG_WINWATT_CACHE_GET reason_code=cache_reused_without_validation payload={'wrapper_type': 'UIAWrapper', 'handle': 1706870, 'process_id': 20892, 'title': 'WinWatt gólya', 'class_name': 'TMainForm', 'control_type': 'Window'} last_validation_age_s=14.828000000008615 diagnostic_fast_mode=True
2026-08-25 22:19:59.980 | DEBUG    | winwatt_automation.live_ui.app_connector:get_cached_main_window:566 - DBG_PHASE_TIMING phase=get_cached_main_window elapsed_ms=0.000 reason_code=cache_reused_without_validation
2026-08-25 22:20:00.396 | INFO     | winwatt_automation.live_ui.menu_helpers:_menu_items:1101 - DBG_MENU_ITEMS_SUMMARY total_items=7 visible_items=7 topbar_band=(0, 0, 409, 53) topbar_band_visible_count=7 popup_region_visible_count=0 force_refresh=True handle=1706870
2026-08-25 22:20:00.396 | DEBUG    | winwatt_automation.live_ui.menu_helpers:_menu_items:1111 - Discovered 7 MenuItem controls
2026-08-25 22:20:00.396 | DEBUG    | winwatt_automation.live_ui.menu_helpers:_log_phase_timing:83 - DBG_PHASE_TIMING phase=_menu_items elapsed_ms=422.000 force_refresh=True total_items=7 visible_items=7
2026-08-25 22:20:00.432 | INFO     | winwatt_automation.live_ui.menu_helpers:list_top_menu_items:1141 - Top-level menu items (raw): ['Rendszer', 'Fájl', 'Jegyzékek', 'Adatbázis...', 'Beállítások', 'Ablak', 'Súgó']
2026-08-25 22:20:00.432 | DEBUG    | winwatt_automation.live_ui.menu_helpers:_log_phase_timing:83 - DBG_PHASE_TIMING phase=list_top_menu_items elapsed_ms=454.000 count=7
2026-08-25 22:20:00.432 | INFO     | winwatt_automation.runtime_mapping.program_mapper:_evaluate_action_admission:1969 - ACTION_ADMISSION_REJECTED top_menu=Fájl path=['Fájl', '[unlabeled row 2]'] traversal_depth=1 reason=disabled_menu_item classification=unknown result_type=no_observable_effect placeholder=True text_confidence=none raw_text_sources=[] skip_reason=None
2026-08-25 22:20:00.432 | INFO     | winwatt_automation.runtime_mapping.program_mapper:_evaluate_action_admission:1982 - ACTION_STRUCTURE_ONLY_ROW top_menu=Fájl path=['Fájl', '[unlabeled row 2]'] traversal_depth=1 reason=disabled_menu_item
2026-08-25 22:20:00.432 | DEBUG    | winwatt_automation.runtime_mapping.program_mapper:explore_menu_tree:3701 - visited path skip state=project_open path=('fájl', 'végrehajtás')
2026-08-25 22:20:00.432 | DEBUG    | winwatt_automation.runtime_mapping.program_mapper:explore_menu_tree:3701 - visited path skip state=project_open path=('fájl', 'végrehajtás')
2026-08-25 22:20:00.432 | DEBUG    | winwatt_automation.runtime_mapping.program_mapper:explore_menu_tree:3701 - visited path skip state=project_open path=('fájl', 'végrehajtás')
2026-08-25 22:20:00.432 | DEBUG    | winwatt_automation.runtime_mapping.program_mapper:explore_menu_tree:3701 - visited path skip state=project_open path=('fájl', 'végrehajtás')
2026-08-25 22:20:00.432 | DEBUG    | winwatt_automation.runtime_mapping.program_mapper:explore_menu_tree:3701 - visited path skip state=project_open path=('fájl', 'végrehajtás')
2026-08-25 22:20:00.432 | INFO     | winwatt_automation.runtime_mapping.program_mapper:explore_menu_tree:3826 - DBG_SUBTREE_TRAVERSAL_DECISION state=project_open path=['Fájl', 'Megnyitás'] placeholder=False skipped_by_safety=False reused_from_previous_state=False action_type=unknown source_scope=main_window skip_parent_reopen=False diagnostic_fast_mode=True placeholder_focus_mode=False
2026-08-25 22:20:00.432 | INFO     | winwatt_automation.runtime_mapping.program_mapper:_reopen_parent_popup_rows:2167 - DBG_WINWATT_NORMAL_MENU_REOPEN_PARENT state=project_open top_menu=Fájl parent_path=['Fájl'] cached_popup_path=('fájl',) suppress_placeholder_top_menu_relist=True
2026-08-25 22:20:00.432 | INFO     | winwatt_automation.runtime_mapping.program_mapper:_reopen_parent_popup_rows:2187 - POPUP_OWNERSHIP_CONFIRMED state=project_open top_menu=Fájl normalized_parent=('fájl',) popup_state_path=('fájl',) row_count=12
2026-08-25 22:20:00.432 | DEBUG    | winwatt_automation.runtime_mapping.program_mapper:_log_phase_timing:281 - DBG_PHASE_TIMING phase=reopen_parent_popup_rows elapsed_ms=0.000 strategy=popup_state_reuse row_count=12 parent_path=Fájl
2026-08-25 22:20:00.432 | INFO     | winwatt_automation.runtime_mapping.program_mapper:_activate_row_for_exploration:1275 - DBG_PLACEHOLDER_TRAVERSAL_CANDIDATE path=['Fájl', 'Megnyitás'] row_index=8 placeholder=False action_type=click source_scope=main_window meta={'popup_block_classification': 'normal_popup', 'recent_projects_block': False, 'recent_project_entry': False, 'stateful_menu_block': False} popup_visible_count=12 topbar_visible_count=0 diagnostic_fast_mode=True
2026-08-25 22:20:00.432 | INFO     | winwatt_automation.runtime_mapping.program_mapper:_activate_row_for_exploration:1292 - DBG_PLACEHOLDER_TRAVERSAL_DECISION path=['Fájl', 'Megnyitás'] decision=click_structured_row action_type=click source_scope=main_window popup_visible_count=12 popup_rows_count=12 meta_source=main_window click_strategy=None
2026-08-25 22:20:00.446 | DEBUG    | winwatt_automation.live_ui.app_connector:get_cached_main_window:565 - DBG_WINWATT_CACHE_GET reason_code=cache_reused_without_validation payload={'wrapper_type': 'UIAWrapper', 'handle': 1706870, 'process_id': 20892, 'title': 'WinWatt gólya', 'class_name': 'TMainForm', 'control_type': 'Window'} last_validation_age_s=15.28200000000652 diagnostic_fast_mode=True
2026-08-25 22:20:00.446 | DEBUG    | winwatt_automation.live_ui.app_connector:get_cached_main_window:566 - DBG_PHASE_TIMING phase=get_cached_main_window elapsed_ms=15.000 reason_code=cache_reused_without_validation
2026-08-25 22:20:00.446 | INFO     | winwatt_automation.live_ui.app_connector:ensure_main_window_foreground_before_click:1179 - DBG_WINWATT_FOCUS_GUARD_PRECHECK action_label=click_structured_popup_row[8] wrapper_type=UIAWrapper cached_handle=1706870 cached_pid=20892 cached_title=WinWatt gólya cached_class=TMainForm precheck_exists=False precheck_visible=True precheck_enabled=False rect={'left': -10, 'top': -10, 'right': 1930, 'bottom': 1030, 'width': 1940, 'height': 1040}
2026-08-25 22:20:00.446 | ERROR    | winwatt_automation.live_ui.app_connector:ensure_main_window_foreground_before_click:1295 - DBG_WINWATT_FOCUS_GUARD_HARD_FAIL action_label=click_structured_popup_row[8] reason=exists_false identity_reasons=['handle', 'process_id', 'title', 'class_name', 'rect', 'visible'] cached_identity={'wrapper_type': 'UIAWrapper', 'handle': 1706870, 'process_id': 20892, 'title': 'WinWatt gólya', 'class_name': 'TMainForm', 'control_type': 'Window'} rect={'left': -10, 'top': -10, 'right': 1930, 'bottom': 1030, 'width': 1940, 'height': 1040} refresh_diagnostic={'action_label': 'click_structured_popup_row[8]', 'cached_identity': {'wrapper_type': 'UIAWrapper', 'handle': 1706870, 'process_id': 20892, 'title': 'WinWatt gólya', 'class_name': 'TMainForm', 'control_type': 'Window'}, 'cached_rect': {'left': -10, 'top': -10, 'right': 1930, 'bottom': 1030, 'width': 1940, 'height': 1040}, 'visible': True, 'enabled': False, 'refresh_attempted': False, 'refresh_permitted': True, 'reason': 'cached_window_not_ready'}
2026-08-25 22:20:00.446 | INFO     | winwatt_automation.runtime_mapping.program_mapper:_activate_row_for_exploration:1316 - DBG_WINWATT_STRUCTURED_ROW_CLICK_EXCEPTION exception_class=FocusGuardError exception_message=focus_not_restored: main window no longer exists before action=click_structured_popup_row[8] current_path=['Fájl', 'Megnyitás'] fallback_to_hover=True popup_rows_count=12
2026-08-25 22:20:00.446 | DEBUG    | winwatt_automation.runtime_mapping.program_mapper:_activate_row_for_exploration:1323 - structured row click failed; fallback to hover path=['Fájl', 'Megnyitás'] error=focus_not_restored: main window no longer exists before action=click_structured_popup_row[8]
2026-08-25 22:20:00.553 | DEBUG    | winwatt_automation.live_ui.app_connector:get_cached_main_window:565 - DBG_WINWATT_CACHE_GET reason_code=cache_reused_without_validation payload={'wrapper_type': 'UIAWrapper', 'handle': 1706870, 'process_id': 20892, 'title': 'WinWatt gólya', 'class_name': 'TMainForm', 'control_type': 'Window'} last_validation_age_s=15.40700000000652 diagnostic_fast_mode=True
2026-08-25 22:20:00.553 | DEBUG    | winwatt_automation.live_ui.app_connector:get_cached_main_window:566 - DBG_PHASE_TIMING phase=get_cached_main_window elapsed_ms=0.000 reason_code=cache_reused_without_validation
2026-08-25 22:20:00.596 | DEBUG    | winwatt_automation.live_ui.app_connector:get_cached_main_window:565 - DBG_WINWATT_CACHE_GET reason_code=cache_reused_without_validation payload={'wrapper_type': 'UIAWrapper', 'handle': 1706870, 'process_id': 20892, 'title': 'WinWatt gólya', 'class_name': 'TMainForm', 'control_type': 'Window'} last_validation_age_s=15.453000000008615 diagnostic_fast_mode=True
2026-08-25 22:20:00.596 | DEBUG    | winwatt_automation.live_ui.app_connector:get_cached_main_window:566 - DBG_PHASE_TIMING phase=get_cached_main_window elapsed_ms=0.000 reason_code=cache_reused_without_validation
2026-08-25 22:20:00.596 | DEBUG    | winwatt_automation.live_ui.app_connector:get_cached_main_window:565 - DBG_WINWATT_CACHE_GET reason_code=cache_reused_without_validation payload={'wrapper_type': 'UIAWrapper', 'handle': 1706870, 'process_id': 20892, 'title': 'WinWatt gólya', 'class_name': 'TMainForm', 'control_type': 'Window'} last_validation_age_s=15.453000000008615 diagnostic_fast_mode=True
2026-08-25 22:20:00.596 | DEBUG    | winwatt_automation.live_ui.app_connector:get_cached_main_window:566 - DBG_PHASE_TIMING phase=get_cached_main_window elapsed_ms=0.000 reason_code=cache_reused_without_validation
2026-08-25 22:20:00.596 | INFO     | winwatt_automation.live_ui.menu_helpers:_menu_items:1101 - DBG_MENU_ITEMS_SUMMARY total_items=7 visible_items=7 topbar_band=(0, 0, 409, 53) topbar_band_visible_count=7 popup_region_visible_count=0 force_refresh=False handle=1706870
2026-08-25 22:20:00.596 | DEBUG    | winwatt_automation.live_ui.menu_helpers:_menu_items:1111 - Discovered 7 MenuItem controls
2026-08-25 22:20:00.596 | DEBUG    | winwatt_automation.live_ui.menu_helpers:_log_phase_timing:83 - DBG_PHASE_TIMING phase=_menu_items elapsed_ms=0.000 force_refresh=False total_items=7 visible_items=7
2026-08-25 22:20:00.596 | DEBUG    | winwatt_automation.live_ui.menu_helpers:_log_popup_fragment:499 - DBG_MENU_FRAGMENT_MAIN_WINDOW source_scope=main_window control_type=MenuItem class_name= text='Rendszer' rectangle={'left': 0, 'top': 0, 'right': 28, 'bottom': 28} center=(14, 14) process_id=20892 native_handle=None topbar_candidate=True popup_candidate=False
2026-08-25 22:20:00.596 | DEBUG    | winwatt_automation.live_ui.menu_helpers:_log_popup_fragment:499 - DBG_MENU_FRAGMENT_MAIN_WINDOW source_scope=main_window control_type=MenuItem class_name= text='Fájl' rectangle={'left': 0, 'top': 29, 'right': 40, 'bottom': 53} center=(20, 41) process_id=20892 native_handle=None topbar_candidate=True popup_candidate=False
2026-08-25 22:20:00.596 | DEBUG    | winwatt_automation.live_ui.menu_helpers:_log_popup_fragment:499 - DBG_MENU_FRAGMENT_MAIN_WINDOW source_scope=main_window control_type=MenuItem class_name= text='Jegyzékek' rectangle={'left': 40, 'top': 29, 'right': 123, 'bottom': 53} center=(81, 41) process_id=20892 native_handle=None topbar_candidate=True popup_candidate=False
2026-08-25 22:20:00.596 | DEBUG    | winwatt_automation.live_ui.menu_helpers:_log_popup_fragment:499 - DBG_MENU_FRAGMENT_MAIN_WINDOW source_scope=main_window control_type=MenuItem class_name= text='Adatbázis...' rectangle={'left': 123, 'top': 29, 'right': 216, 'bottom': 53} center=(169, 41) process_id=20892 native_handle=None topbar_candidate=True popup_candidate=False
2026-08-25 22:20:00.596 | DEBUG    | winwatt_automation.live_ui.menu_helpers:_log_popup_fragment:499 - DBG_MENU_FRAGMENT_MAIN_WINDOW source_scope=main_window control_type=MenuItem class_name= text='Beállítások' rectangle={'left': 215, 'top': 29, 'right': 303, 'bottom': 53} center=(259, 41) process_id=20892 native_handle=None topbar_candidate=True popup_candidate=False
2026-08-25 22:20:00.596 | DEBUG    | winwatt_automation.live_ui.menu_helpers:_log_popup_fragment:499 - DBG_MENU_FRAGMENT_MAIN_WINDOW source_scope=main_window control_type=MenuItem class_name= text='Ablak' rectangle={'left': 303, 'top': 29, 'right': 358, 'bottom': 53} center=(330, 41) process_id=20892 native_handle=None topbar_candidate=True popup_candidate=False
2026-08-25 22:20:00.596 | DEBUG    | winwatt_automation.live_ui.menu_helpers:_log_popup_fragment:499 - DBG_MENU_FRAGMENT_MAIN_WINDOW source_scope=main_window control_type=MenuItem class_name= text='Súgó' rectangle={'left': 358, 'top': 29, 'right': 409, 'bottom': 53} center=(383, 41) process_id=20892 native_handle=None topbar_candidate=True popup_candidate=False
2026-08-25 22:20:00.596 | DEBUG    | winwatt_automation.live_ui.menu_helpers:_menu_like_controls_from_main_window:1599 - DBG_MENU_FRAGMENT_SOURCE_SUMMARY source_scope=main_window count=7
2026-08-25 22:20:00.613 | DEBUG    | winwatt_automation.live_ui.app_connector:get_cached_main_window:565 - DBG_WINWATT_CACHE_GET reason_code=cache_reused_without_validation payload={'wrapper_type': 'UIAWrapper', 'handle': 1706870, 'process_id': 20892, 'title': 'WinWatt gólya', 'class_name': 'TMainForm', 'control_type': 'Window'} last_validation_age_s=15.453000000008615 diagnostic_fast_mode=True
2026-08-25 22:20:00.613 | DEBUG    | winwatt_automation.live_ui.app_connector:get_cached_main_window:566 - DBG_PHASE_TIMING phase=get_cached_main_window elapsed_ms=16.000 reason_code=cache_reused_without_validation
2026-08-25 22:20:00.613 | DEBUG    | winwatt_automation.live_ui.menu_helpers:capture_menu_popup_snapshot:1682 - DBG_POPUP_ROW_DEDUPE rect={'left': 0, 'top': 0, 'right': 28, 'bottom': 28} normalized_text=rendszer class_name= source_scope=main_window deduplicated=False
2026-08-25 22:20:00.613 | DEBUG    | winwatt_automation.live_ui.menu_helpers:capture_menu_popup_snapshot:1682 - DBG_POPUP_ROW_DEDUPE rect={'left': 0, 'top': 29, 'right': 40, 'bottom': 53} normalized_text=fájl class_name= source_scope=main_window deduplicated=False
2026-08-25 22:20:00.613 | DEBUG    | winwatt_automation.live_ui.menu_helpers:capture_menu_popup_snapshot:1682 - DBG_POPUP_ROW_DEDUPE rect={'left': 40, 'top': 29, 'right': 123, 'bottom': 53} normalized_text=jegyzékek class_name= source_scope=main_window deduplicated=False
2026-08-25 22:20:00.613 | DEBUG    | winwatt_automation.live_ui.menu_helpers:capture_menu_popup_snapshot:1682 - DBG_POPUP_ROW_DEDUPE rect={'left': 123, 'top': 29, 'right': 216, 'bottom': 53} normalized_text=adatbázis... class_name= source_scope=main_window deduplicated=False
2026-08-25 22:20:00.613 | DEBUG    | winwatt_automation.live_ui.menu_helpers:capture_menu_popup_snapshot:1682 - DBG_POPUP_ROW_DEDUPE rect={'left': 215, 'top': 29, 'right': 303, 'bottom': 53} normalized_text=beállítások class_name= source_scope=main_window deduplicated=False
2026-08-25 22:20:00.613 | DEBUG    | winwatt_automation.live_ui.menu_helpers:capture_menu_popup_snapshot:1682 - DBG_POPUP_ROW_DEDUPE rect={'left': 303, 'top': 29, 'right': 358, 'bottom': 53} normalized_text=ablak class_name= source_scope=main_window deduplicated=False
2026-08-25 22:20:00.613 | DEBUG    | winwatt_automation.live_ui.menu_helpers:capture_menu_popup_snapshot:1682 - DBG_POPUP_ROW_DEDUPE rect={'left': 358, 'top': 29, 'right': 409, 'bottom': 53} normalized_text=súgó class_name= source_scope=main_window deduplicated=False
2026-08-25 22:20:00.613 | INFO     | winwatt_automation.live_ui.menu_helpers:capture_menu_popup_snapshot:1724 - POPUP_SNAPSHOT_SUMMARY main_window_fragments=7 global_scan_fragments=0 deduped_fragments=7 topbar_like=6 popup_like=0 empty_text=0 topbar_band=(0, 29, 409, 53) empty_text_vertical_cluster_detected=False accepted_popup_rows=0 popup_heuristic=candidate_count_below_threshold
2026-08-25 22:20:00.613 | DEBUG    | winwatt_automation.live_ui.menu_helpers:capture_menu_popup_snapshot:1737 - Captured menu snapshot rows=7
2026-08-25 22:20:00.613 | DEBUG    | winwatt_automation.live_ui.menu_helpers:_log_phase_timing:83 - DBG_PHASE_TIMING phase=capture_menu_popup_snapshot elapsed_ms=62.000 main_rows=7 global_rows=0 unique_rows=7 diagnostic_fast_mode=True
2026-08-25 22:20:00.613 | INFO     | winwatt_automation.runtime_mapping.program_mapper:explore_menu_tree:3897 - DBG_POST_ACTION_POPUP_VISIBILITY state=project_open path=['Fájl', 'Megnyitás'] popup_visible_count=0 topbar_visible_count=6 snapshot_rows=7 placeholder=False
2026-08-25 22:20:00.613 | DEBUG    | winwatt_automation.runtime_mapping.menu_text:normalize_menu_title:31 - normalize_menu_title ellipsis_handled raw="Adatbázis..." normalized="adatbázis"
2026-08-25 22:20:00.613 | INFO     | winwatt_automation.runtime_mapping.program_mapper:_safe_depth_decision:1721 - SAFE_DEPTH_BLOCKED state=project_open path=['Fájl', 'Megnyitás'] current_depth=1 max_depth=2 action_state_classification=executes_command reason=non_submenu_branch
2026-08-25 22:20:00.613 | DEBUG    | winwatt_automation.runtime_mapping.program_mapper:_row_to_node:812 - RAW_MENU_TITLE="Megnyitás" NORMALIZED_MENU_TITLE="megnyitás"
2026-08-25 22:20:00.613 | DEBUG    | winwatt_automation.runtime_mapping.program_mapper:_row_to_node:875 - _row_to_node state=project_open top_menu=Fájl level=1 index=8 title=Megnyitás placeholder=False classification=leaf_action
2026-08-25 22:20:00.613 | DEBUG    | winwatt_automation.runtime_mapping.program_mapper:_log_phase_timing:281 - DBG_PHASE_TIMING phase=_row_to_node elapsed_ms=0.000 top_menu=Fájl level=1 index=8 title=Megnyitás placeholder=False
2026-08-25 22:20:00.613 | DEBUG    | winwatt_automation.live_ui.app_connector:get_cached_main_window:565 - DBG_WINWATT_CACHE_GET reason_code=cache_reused_without_validation payload={'wrapper_type': 'UIAWrapper', 'handle': 1706870, 'process_id': 20892, 'title': 'WinWatt gólya', 'class_name': 'TMainForm', 'control_type': 'Window'} last_validation_age_s=15.469000000011874 diagnostic_fast_mode=True
2026-08-25 22:20:00.613 | DEBUG    | winwatt_automation.live_ui.app_connector:get_cached_main_window:566 - DBG_PHASE_TIMING phase=get_cached_main_window elapsed_ms=0.000 reason_code=cache_reused_without_validation
2026-08-25 22:20:00.833 | DEBUG    | winwatt_automation.live_ui.app_connector:get_cached_main_window:565 - DBG_WINWATT_CACHE_GET reason_code=cache_reused_without_validation payload={'wrapper_type': 'UIAWrapper', 'handle': 1706870, 'process_id': 20892, 'title': 'WinWatt gólya', 'class_name': 'TMainForm', 'control_type': 'Window'} last_validation_age_s=15.687999999994645 diagnostic_fast_mode=True
2026-08-25 22:20:00.833 | DEBUG    | winwatt_automation.live_ui.app_connector:get_cached_main_window:566 - DBG_PHASE_TIMING phase=get_cached_main_window elapsed_ms=0.000 reason_code=cache_reused_without_validation
2026-08-25 22:20:00.833 | DEBUG    | winwatt_automation.live_ui.app_connector:get_cached_main_window:565 - DBG_WINWATT_CACHE_GET reason_code=cache_reused_without_validation payload={'wrapper_type': 'UIAWrapper', 'handle': 1706870, 'process_id': 20892, 'title': 'WinWatt gólya', 'class_name': 'TMainForm', 'control_type': 'Window'} last_validation_age_s=15.687999999994645 diagnostic_fast_mode=True
2026-08-25 22:20:00.833 | DEBUG    | winwatt_automation.live_ui.app_connector:get_cached_main_window:566 - DBG_PHASE_TIMING phase=get_cached_main_window elapsed_ms=0.000 reason_code=cache_reused_without_validation
2026-08-25 22:20:01.279 | INFO     | winwatt_automation.live_ui.menu_helpers:_menu_items:1101 - DBG_MENU_ITEMS_SUMMARY total_items=7 visible_items=7 topbar_band=(0, 0, 409, 53) topbar_band_visible_count=7 popup_region_visible_count=0 force_refresh=True handle=1706870
2026-08-25 22:20:01.279 | DEBUG    | winwatt_automation.live_ui.menu_helpers:_menu_items:1111 - Discovered 7 MenuItem controls
2026-08-25 22:20:01.279 | DEBUG    | winwatt_automation.live_ui.menu_helpers:_log_phase_timing:83 - DBG_PHASE_TIMING phase=_menu_items elapsed_ms=453.000 force_refresh=True total_items=7 visible_items=7
2026-08-25 22:20:01.313 | INFO     | winwatt_automation.live_ui.menu_helpers:list_top_menu_items:1141 - Top-level menu items (raw): ['Rendszer', 'Fájl', 'Jegyzékek', 'Adatbázis...', 'Beállítások', 'Ablak', 'Súgó']
2026-08-25 22:20:01.313 | DEBUG    | winwatt_automation.live_ui.menu_helpers:_log_phase_timing:83 - DBG_PHASE_TIMING phase=list_top_menu_items elapsed_ms=484.000 count=7
2026-08-25 22:20:01.313 | INFO     | winwatt_automation.runtime_mapping.program_mapper:_evaluate_action_admission:1969 - ACTION_ADMISSION_REJECTED top_menu=Fájl path=['Fájl', 'Megnyitás'] traversal_depth=1 reason=legacy_text_only_without_interaction_evidence classification=executes_command result_type=no_observable_effect placeholder=False text_confidence=medium raw_text_sources=['legacy_text'] skip_reason=None
2026-08-25 22:20:01.313 | INFO     | winwatt_automation.runtime_mapping.program_mapper:_evaluate_action_admission:1982 - ACTION_STRUCTURE_ONLY_ROW top_menu=Fájl path=['Fájl', 'Megnyitás'] traversal_depth=1 reason=legacy_text_only_without_interaction_evidence
2026-08-25 22:20:01.329 | DEBUG    | winwatt_automation.live_ui.app_connector:get_cached_main_window:565 - DBG_WINWATT_CACHE_GET reason_code=cache_reused_without_validation payload={'wrapper_type': 'UIAWrapper', 'handle': 1706870, 'process_id': 20892, 'title': 'WinWatt gólya', 'class_name': 'TMainForm', 'control_type': 'Window'} last_validation_age_s=16.17200000002049 diagnostic_fast_mode=True
2026-08-25 22:20:01.329 | DEBUG    | winwatt_automation.live_ui.app_connector:get_cached_main_window:566 - DBG_PHASE_TIMING phase=get_cached_main_window elapsed_ms=16.000 reason_code=cache_reused_without_validation
2026-08-25 22:20:01.505 | DEBUG    | winwatt_automation.live_ui.app_connector:get_cached_main_window:565 - DBG_WINWATT_CACHE_GET reason_code=cache_reused_without_validation payload={'wrapper_type': 'UIAWrapper', 'handle': 1706870, 'process_id': 20892, 'title': 'WinWatt gólya', 'class_name': 'TMainForm', 'control_type': 'Window'} last_validation_age_s=16.360000000015134 diagnostic_fast_mode=True
2026-08-25 22:20:01.505 | DEBUG    | winwatt_automation.live_ui.app_connector:get_cached_main_window:566 - DBG_PHASE_TIMING phase=get_cached_main_window elapsed_ms=0.000 reason_code=cache_reused_without_validation
2026-08-25 22:20:01.506 | DEBUG    | winwatt_automation.live_ui.app_connector:get_cached_main_window:565 - DBG_WINWATT_CACHE_GET reason_code=cache_reused_without_validation payload={'wrapper_type': 'UIAWrapper', 'handle': 1706870, 'process_id': 20892, 'title': 'WinWatt gólya', 'class_name': 'TMainForm', 'control_type': 'Window'} last_validation_age_s=16.360000000015134 diagnostic_fast_mode=True
2026-08-25 22:20:01.506 | DEBUG    | winwatt_automation.live_ui.app_connector:get_cached_main_window:566 - DBG_PHASE_TIMING phase=get_cached_main_window elapsed_ms=0.000 reason_code=cache_reused_without_validation
2026-08-25 22:20:01.877 | INFO     | winwatt_automation.live_ui.menu_helpers:_menu_items:1101 - DBG_MENU_ITEMS_SUMMARY total_items=7 visible_items=7 topbar_band=(0, 0, 409, 53) topbar_band_visible_count=7 popup_region_visible_count=0 force_refresh=True handle=1706870
2026-08-25 22:20:01.877 | DEBUG    | winwatt_automation.live_ui.menu_helpers:_menu_items:1111 - Discovered 7 MenuItem controls
2026-08-25 22:20:01.877 | DEBUG    | winwatt_automation.live_ui.menu_helpers:_log_phase_timing:83 - DBG_PHASE_TIMING phase=_menu_items elapsed_ms=375.000 force_refresh=True total_items=7 visible_items=7
2026-08-25 22:20:01.910 | INFO     | winwatt_automation.live_ui.menu_helpers:list_top_menu_items:1141 - Top-level menu items (raw): ['Rendszer', 'Fájl', 'Jegyzékek', 'Adatbázis...', 'Beállítások', 'Ablak', 'Súgó']
2026-08-25 22:20:01.910 | DEBUG    | winwatt_automation.live_ui.menu_helpers:_log_phase_timing:83 - DBG_PHASE_TIMING phase=list_top_menu_items elapsed_ms=406.000 count=7
2026-08-25 22:20:01.925 | INFO     | winwatt_automation.runtime_mapping.program_mapper:_run_action_evidence_probe:2983 - ACTION_EVIDENCE_PROBE_START state=project_open top_menu=Fájl path=['Fájl', 'Megnyitás'] row_index=8 rejection_reason=None
2026-08-25 22:20:01.925 | INFO     | winwatt_automation.runtime_mapping.program_mapper:_activate_row_for_exploration:1275 - DBG_PLACEHOLDER_TRAVERSAL_CANDIDATE path=['Fájl', 'Megnyitás'] row_index=8 placeholder=False action_type=click source_scope=main_window meta={'popup_block_classification': 'normal_popup', 'recent_projects_block': False, 'recent_project_entry': False, 'stateful_menu_block': False, 'action_discovery': {'classification': 'no_observable_effect', 'policy': {'treat_as_navigation': False, 'expand_children': False, 'retry_on_next_pass': False}}} popup_visible_count=12 topbar_visible_count=0 diagnostic_fast_mode=True
2026-08-25 22:20:01.925 | INFO     | winwatt_automation.runtime_mapping.program_mapper:_activate_row_for_exploration:1292 - DBG_PLACEHOLDER_TRAVERSAL_DECISION path=['Fájl', 'Megnyitás'] decision=click_structured_row action_type=click source_scope=main_window popup_visible_count=12 popup_rows_count=12 meta_source=main_window click_strategy=None
2026-08-25 22:20:01.925 | DEBUG    | winwatt_automation.live_ui.app_connector:get_cached_main_window:565 - DBG_WINWATT_CACHE_GET reason_code=cache_reused_without_validation payload={'wrapper_type': 'UIAWrapper', 'handle': 1706870, 'process_id': 20892, 'title': 'WinWatt gólya', 'class_name': 'TMainForm', 'control_type': 'Window'} last_validation_age_s=16.78200000000652 diagnostic_fast_mode=True
2026-08-25 22:20:01.925 | DEBUG    | winwatt_automation.live_ui.app_connector:get_cached_main_window:566 - DBG_PHASE_TIMING phase=get_cached_main_window elapsed_ms=0.000 reason_code=cache_reused_without_validation
2026-08-25 22:20:01.925 | INFO     | winwatt_automation.live_ui.app_connector:ensure_main_window_foreground_before_click:1179 - DBG_WINWATT_FOCUS_GUARD_PRECHECK action_label=click_structured_popup_row[8] wrapper_type=UIAWrapper cached_handle=1706870 cached_pid=20892 cached_title=WinWatt gólya cached_class=TMainForm precheck_exists=False precheck_visible=True precheck_enabled=False rect={'left': -10, 'top': -10, 'right': 1930, 'bottom': 1030, 'width': 1940, 'height': 1040}
2026-08-25 22:20:01.925 | ERROR    | winwatt_automation.live_ui.app_connector:ensure_main_window_foreground_before_click:1295 - DBG_WINWATT_FOCUS_GUARD_HARD_FAIL action_label=click_structured_popup_row[8] reason=exists_false identity_reasons=['handle', 'process_id', 'title', 'class_name', 'rect', 'visible'] cached_identity={'wrapper_type': 'UIAWrapper', 'handle': 1706870, 'process_id': 20892, 'title': 'WinWatt gólya', 'class_name': 'TMainForm', 'control_type': 'Window'} rect={'left': -10, 'top': -10, 'right': 1930, 'bottom': 1030, 'width': 1940, 'height': 1040} refresh_diagnostic={'action_label': 'click_structured_popup_row[8]', 'cached_identity': {'wrapper_type': 'UIAWrapper', 'handle': 1706870, 'process_id': 20892, 'title': 'WinWatt gólya', 'class_name': 'TMainForm', 'control_type': 'Window'}, 'cached_rect': {'left': -10, 'top': -10, 'right': 1930, 'bottom': 1030, 'width': 1940, 'height': 1040}, 'visible': True, 'enabled': False, 'refresh_attempted': False, 'refresh_permitted': True, 'reason': 'cached_window_not_ready'}
2026-08-25 22:20:01.925 | INFO     | winwatt_automation.runtime_mapping.program_mapper:_activate_row_for_exploration:1316 - DBG_WINWATT_STRUCTURED_ROW_CLICK_EXCEPTION exception_class=FocusGuardError exception_message=focus_not_restored: main window no longer exists before action=click_structured_popup_row[8] current_path=['Fájl', 'Megnyitás'] fallback_to_hover=True popup_rows_count=12
2026-08-25 22:20:01.925 | DEBUG    | winwatt_automation.runtime_mapping.program_mapper:_activate_row_for_exploration:1323 - structured row click failed; fallback to hover path=['Fájl', 'Megnyitás'] error=focus_not_restored: main window no longer exists before action=click_structured_popup_row[8]
2026-08-25 22:20:02.034 | DEBUG    | winwatt_automation.live_ui.app_connector:get_cached_main_window:565 - DBG_WINWATT_CACHE_GET reason_code=cache_reused_without_validation payload={'wrapper_type': 'UIAWrapper', 'handle': 1706870, 'process_id': 20892, 'title': 'WinWatt gólya', 'class_name': 'TMainForm', 'control_type': 'Window'} last_validation_age_s=16.89100000000326 diagnostic_fast_mode=True
2026-08-25 22:20:02.034 | DEBUG    | winwatt_automation.live_ui.app_connector:get_cached_main_window:566 - DBG_PHASE_TIMING phase=get_cached_main_window elapsed_ms=0.000 reason_code=cache_reused_without_validation
2026-08-25 22:20:02.076 | DEBUG    | winwatt_automation.live_ui.app_connector:get_cached_main_window:565 - DBG_WINWATT_CACHE_GET reason_code=cache_reused_without_validation payload={'wrapper_type': 'UIAWrapper', 'handle': 1706870, 'process_id': 20892, 'title': 'WinWatt gólya', 'class_name': 'TMainForm', 'control_type': 'Window'} last_validation_age_s=16.937999999994645 diagnostic_fast_mode=True
2026-08-25 22:20:02.076 | DEBUG    | winwatt_automation.live_ui.app_connector:get_cached_main_window:566 - DBG_PHASE_TIMING phase=get_cached_main_window elapsed_ms=0.000 reason_code=cache_reused_without_validation
2026-08-25 22:20:02.076 | DEBUG    | winwatt_automation.live_ui.app_connector:get_cached_main_window:565 - DBG_WINWATT_CACHE_GET reason_code=cache_reused_without_validation payload={'wrapper_type': 'UIAWrapper', 'handle': 1706870, 'process_id': 20892, 'title': 'WinWatt gólya', 'class_name': 'TMainForm', 'control_type': 'Window'} last_validation_age_s=16.937999999994645 diagnostic_fast_mode=True
2026-08-25 22:20:02.076 | DEBUG    | winwatt_automation.live_ui.app_connector:get_cached_main_window:566 - DBG_PHASE_TIMING phase=get_cached_main_window elapsed_ms=0.000 reason_code=cache_reused_without_validation
2026-08-25 22:20:02.076 | INFO     | winwatt_automation.live_ui.menu_helpers:_menu_items:1101 - DBG_MENU_ITEMS_SUMMARY total_items=7 visible_items=7 topbar_band=(0, 0, 409, 53) topbar_band_visible_count=7 popup_region_visible_count=0 force_refresh=False handle=1706870
2026-08-25 22:20:02.076 | DEBUG    | winwatt_automation.live_ui.menu_helpers:_menu_items:1111 - Discovered 7 MenuItem controls
2026-08-25 22:20:02.076 | DEBUG    | winwatt_automation.live_ui.menu_helpers:_log_phase_timing:83 - DBG_PHASE_TIMING phase=_menu_items elapsed_ms=0.000 force_refresh=False total_items=7 visible_items=7
2026-08-25 22:20:02.076 | DEBUG    | winwatt_automation.live_ui.menu_helpers:_log_popup_fragment:499 - DBG_MENU_FRAGMENT_MAIN_WINDOW source_scope=main_window control_type=MenuItem class_name= text='Rendszer' rectangle={'left': 0, 'top': 0, 'right': 28, 'bottom': 28} center=(14, 14) process_id=20892 native_handle=None topbar_candidate=True popup_candidate=False
2026-08-25 22:20:02.076 | DEBUG    | winwatt_automation.live_ui.menu_helpers:_log_popup_fragment:499 - DBG_MENU_FRAGMENT_MAIN_WINDOW source_scope=main_window control_type=MenuItem class_name= text='Fájl' rectangle={'left': 0, 'top': 29, 'right': 40, 'bottom': 53} center=(20, 41) process_id=20892 native_handle=None topbar_candidate=True popup_candidate=False
2026-08-25 22:20:02.076 | DEBUG    | winwatt_automation.live_ui.menu_helpers:_log_popup_fragment:499 - DBG_MENU_FRAGMENT_MAIN_WINDOW source_scope=main_window control_type=MenuItem class_name= text='Jegyzékek' rectangle={'left': 40, 'top': 29, 'right': 123, 'bottom': 53} center=(81, 41) process_id=20892 native_handle=None topbar_candidate=True popup_candidate=False
2026-08-25 22:20:02.076 | DEBUG    | winwatt_automation.live_ui.menu_helpers:_log_popup_fragment:499 - DBG_MENU_FRAGMENT_MAIN_WINDOW source_scope=main_window control_type=MenuItem class_name= text='Adatbázis...' rectangle={'left': 123, 'top': 29, 'right': 216, 'bottom': 53} center=(169, 41) process_id=20892 native_handle=None topbar_candidate=True popup_candidate=False
2026-08-25 22:20:02.076 | DEBUG    | winwatt_automation.live_ui.menu_helpers:_log_popup_fragment:499 - DBG_MENU_FRAGMENT_MAIN_WINDOW source_scope=main_window control_type=MenuItem class_name= text='Beállítások' rectangle={'left': 215, 'top': 29, 'right': 303, 'bottom': 53} center=(259, 41) process_id=20892 native_handle=None topbar_candidate=True popup_candidate=False
2026-08-25 22:20:02.076 | DEBUG    | winwatt_automation.live_ui.menu_helpers:_log_popup_fragment:499 - DBG_MENU_FRAGMENT_MAIN_WINDOW source_scope=main_window control_type=MenuItem class_name= text='Ablak' rectangle={'left': 303, 'top': 29, 'right': 358, 'bottom': 53} center=(330, 41) process_id=20892 native_handle=None topbar_candidate=True popup_candidate=False
2026-08-25 22:20:02.076 | DEBUG    | winwatt_automation.live_ui.menu_helpers:_log_popup_fragment:499 - DBG_MENU_FRAGMENT_MAIN_WINDOW source_scope=main_window control_type=MenuItem class_name= text='Súgó' rectangle={'left': 358, 'top': 29, 'right': 409, 'bottom': 53} center=(383, 41) process_id=20892 native_handle=None topbar_candidate=True popup_candidate=False
2026-08-25 22:20:02.076 | DEBUG    | winwatt_automation.live_ui.menu_helpers:_menu_like_controls_from_main_window:1599 - DBG_MENU_FRAGMENT_SOURCE_SUMMARY source_scope=main_window count=7
2026-08-25 22:20:02.092 | DEBUG    | winwatt_automation.live_ui.app_connector:get_cached_main_window:565 - DBG_WINWATT_CACHE_GET reason_code=cache_reused_without_validation payload={'wrapper_type': 'UIAWrapper', 'handle': 1706870, 'process_id': 20892, 'title': 'WinWatt gólya', 'class_name': 'TMainForm', 'control_type': 'Window'} last_validation_age_s=16.937999999994645 diagnostic_fast_mode=True
2026-08-25 22:20:02.092 | DEBUG    | winwatt_automation.live_ui.app_connector:get_cached_main_window:566 - DBG_PHASE_TIMING phase=get_cached_main_window elapsed_ms=15.000 reason_code=cache_reused_without_validation
2026-08-25 22:20:02.092 | DEBUG    | winwatt_automation.live_ui.menu_helpers:capture_menu_popup_snapshot:1682 - DBG_POPUP_ROW_DEDUPE rect={'left': 0, 'top': 0, 'right': 28, 'bottom': 28} normalized_text=rendszer class_name= source_scope=main_window deduplicated=False
2026-08-25 22:20:02.092 | DEBUG    | winwatt_automation.live_ui.menu_helpers:capture_menu_popup_snapshot:1682 - DBG_POPUP_ROW_DEDUPE rect={'left': 0, 'top': 29, 'right': 40, 'bottom': 53} normalized_text=fájl class_name= source_scope=main_window deduplicated=False
2026-08-25 22:20:02.092 | DEBUG    | winwatt_automation.live_ui.menu_helpers:capture_menu_popup_snapshot:1682 - DBG_POPUP_ROW_DEDUPE rect={'left': 40, 'top': 29, 'right': 123, 'bottom': 53} normalized_text=jegyzékek class_name= source_scope=main_window deduplicated=False
2026-08-25 22:20:02.092 | DEBUG    | winwatt_automation.live_ui.menu_helpers:capture_menu_popup_snapshot:1682 - DBG_POPUP_ROW_DEDUPE rect={'left': 123, 'top': 29, 'right': 216, 'bottom': 53} normalized_text=adatbázis... class_name= source_scope=main_window deduplicated=False
2026-08-25 22:20:02.092 | DEBUG    | winwatt_automation.live_ui.menu_helpers:capture_menu_popup_snapshot:1682 - DBG_POPUP_ROW_DEDUPE rect={'left': 215, 'top': 29, 'right': 303, 'bottom': 53} normalized_text=beállítások class_name= source_scope=main_window deduplicated=False
2026-08-25 22:20:02.092 | DEBUG    | winwatt_automation.live_ui.menu_helpers:capture_menu_popup_snapshot:1682 - DBG_POPUP_ROW_DEDUPE rect={'left': 303, 'top': 29, 'right': 358, 'bottom': 53} normalized_text=ablak class_name= source_scope=main_window deduplicated=False
2026-08-25 22:20:02.095 | DEBUG    | winwatt_automation.live_ui.menu_helpers:capture_menu_popup_snapshot:1682 - DBG_POPUP_ROW_DEDUPE rect={'left': 358, 'top': 29, 'right': 409, 'bottom': 53} normalized_text=súgó class_name= source_scope=main_window deduplicated=False
2026-08-25 22:20:02.095 | INFO     | winwatt_automation.live_ui.menu_helpers:capture_menu_popup_snapshot:1724 - POPUP_SNAPSHOT_SUMMARY main_window_fragments=7 global_scan_fragments=0 deduped_fragments=7 topbar_like=6 popup_like=0 empty_text=0 topbar_band=(0, 29, 409, 53) empty_text_vertical_cluster_detected=False accepted_popup_rows=0 popup_heuristic=candidate_count_below_threshold
2026-08-25 22:20:02.095 | DEBUG    | winwatt_automation.live_ui.menu_helpers:capture_menu_popup_snapshot:1737 - Captured menu snapshot rows=7
2026-08-25 22:20:02.095 | DEBUG    | winwatt_automation.live_ui.menu_helpers:_log_phase_timing:83 - DBG_PHASE_TIMING phase=capture_menu_popup_snapshot elapsed_ms=62.000 main_rows=7 global_rows=0 unique_rows=7 diagnostic_fast_mode=True
2026-08-25 22:20:02.095 | DEBUG    | winwatt_automation.live_ui.app_connector:get_cached_main_window:565 - DBG_WINWATT_CACHE_GET reason_code=cache_reused_without_validation payload={'wrapper_type': 'UIAWrapper', 'handle': 1706870, 'process_id': 20892, 'title': 'WinWatt gólya', 'class_name': 'TMainForm', 'control_type': 'Window'} last_validation_age_s=16.953000000008615 diagnostic_fast_mode=True
2026-08-25 22:20:02.095 | DEBUG    | winwatt_automation.live_ui.app_connector:get_cached_main_window:566 - DBG_PHASE_TIMING phase=get_cached_main_window elapsed_ms=0.000 reason_code=cache_reused_without_validation
2026-08-25 22:20:02.305 | DEBUG    | winwatt_automation.live_ui.app_connector:get_cached_main_window:565 - DBG_WINWATT_CACHE_GET reason_code=cache_reused_without_validation payload={'wrapper_type': 'UIAWrapper', 'handle': 1706870, 'process_id': 20892, 'title': 'WinWatt gólya', 'class_name': 'TMainForm', 'control_type': 'Window'} last_validation_age_s=17.15700000000652 diagnostic_fast_mode=True
2026-08-25 22:20:02.305 | DEBUG    | winwatt_automation.live_ui.app_connector:get_cached_main_window:566 - DBG_PHASE_TIMING phase=get_cached_main_window elapsed_ms=0.000 reason_code=cache_reused_without_validation
2026-08-25 22:20:02.305 | DEBUG    | winwatt_automation.live_ui.app_connector:get_cached_main_window:565 - DBG_WINWATT_CACHE_GET reason_code=cache_reused_without_validation payload={'wrapper_type': 'UIAWrapper', 'handle': 1706870, 'process_id': 20892, 'title': 'WinWatt gólya', 'class_name': 'TMainForm', 'control_type': 'Window'} last_validation_age_s=17.15700000000652 diagnostic_fast_mode=True
2026-08-25 22:20:02.305 | DEBUG    | winwatt_automation.live_ui.app_connector:get_cached_main_window:566 - DBG_PHASE_TIMING phase=get_cached_main_window elapsed_ms=0.000 reason_code=cache_reused_without_validation
2026-08-25 22:20:02.699 | INFO     | winwatt_automation.live_ui.menu_helpers:_menu_items:1101 - DBG_MENU_ITEMS_SUMMARY total_items=7 visible_items=7 topbar_band=(0, 0, 409, 53) topbar_band_visible_count=7 popup_region_visible_count=0 force_refresh=True handle=1706870
2026-08-25 22:20:02.699 | DEBUG    | winwatt_automation.live_ui.menu_helpers:_menu_items:1111 - Discovered 7 MenuItem controls
2026-08-25 22:20:02.699 | DEBUG    | winwatt_automation.live_ui.menu_helpers:_log_phase_timing:83 - DBG_PHASE_TIMING phase=_menu_items elapsed_ms=390.000 force_refresh=True total_items=7 visible_items=7
2026-08-25 22:20:02.734 | INFO     | winwatt_automation.live_ui.menu_helpers:list_top_menu_items:1141 - Top-level menu items (raw): ['Rendszer', 'Fájl', 'Jegyzékek', 'Adatbázis...', 'Beállítások', 'Ablak', 'Súgó']
2026-08-25 22:20:02.734 | DEBUG    | winwatt_automation.live_ui.menu_helpers:_log_phase_timing:83 - DBG_PHASE_TIMING phase=list_top_menu_items elapsed_ms=437.000 count=7
2026-08-25 22:20:02.745 | INFO     | winwatt_automation.runtime_mapping.program_mapper:_run_action_evidence_probe:3030 - ACTION_OUTCOME_RECLASSIFIED state=project_open top_menu=Fájl path=['Fájl', 'Megnyitás'] from=no_visible_change to=dialog_opened
2026-08-25 22:20:02.745 | INFO     | winwatt_automation.runtime_mapping.program_mapper:_run_action_evidence_probe:3031 - ACTION_EVIDENCE_PROBE_RESULT state=project_open top_menu=Fájl path=['Fájl', 'Megnyitás'] row_index=8 result_type=dialog_opened evidence={'popup_row_count_before': 0, 'visible_item_count_before': 0, 'foreground_title_before': 'Projekt létrehozása', 'foreground_class_before': '#32770', 'main_window_enabled_before': False, 'popup_row_count_after': 7, 'visible_item_count_after': 7, 'foreground_title_after': 'Projekt létrehozása', 'foreground_class_after': '#32770', 'main_window_enabled_after': False, 'new_dialog_detected': True, 'popup_closed': False, 'child_popup_opened': False, 'menu_selection_highlight_changed': True, 'click_exception': None, 'evidence_strength': 'strong', 'placeholder_geometry_signature': None, 'placeholder_geometry_stable': False, 'textual_child_rows_detected': False, 'popup_closed_without_dialog': False, 'popup_closed_with_foreground_change': False, 'focus_changed_without_dialog': False, 'result_type': 'dialog_opened'}
2026-08-25 22:20:02.745 | INFO     | winwatt_automation.runtime_mapping.program_mapper:_evaluate_action_admission:1991 - ACTION_ADMISSION_ACCEPTED top_menu=Fájl path=['Fájl', 'Megnyitás'] traversal_depth=1 reason=interaction_evidence:dialog_opened classification=executes_command result_type=dialog_opened placeholder=False text_confidence=medium raw_text_sources=['legacy_text'] skip_reason=None
2026-08-25 22:20:02.745 | INFO     | winwatt_automation.runtime_mapping.program_mapper:explore_menu_tree:4155 - ACTION_ADMISSION_ACCEPTED_WITH_PROBE top_menu=Fájl path=['Fájl', 'Megnyitás'] traversal_depth=1 reason=interaction_evidence:dialog_opened probe_result_type=dialog_opened evidence_strength=strong
2026-08-25 22:20:02.745 | INFO     | winwatt_automation.runtime_mapping.program_mapper:_build_action_catalog_entry:1851 - ACTION_CATALOG_ENTRY state_path=['Fájl', 'Megnyitás'] entry={'path': ['Fájl', 'Megnyitás'], 'action_type': 'no_effect', 'action_state_classification': 'executes_command', 'opens_modal': False, 'opens_submenu': False, 'changes_menu_state': False, 'opens_project_and_changes_runtime_state': False, 'traversal_depth': 1, 'treat_as_navigation': False, 'expand_children': False, 'retry_on_next_pass': False}
2026-08-25 22:20:02.745 | DEBUG    | winwatt_automation.runtime_mapping.program_mapper:explore_menu_tree:3701 - visited path skip state=project_open path=('fájl', 'végrehajtás')
2026-08-25 22:20:02.745 | DEBUG    | winwatt_automation.runtime_mapping.program_mapper:explore_menu_tree:3701 - visited path skip state=project_open path=('fájl', 'végrehajtás')
2026-08-25 22:20:02.745 | DEBUG    | winwatt_automation.runtime_mapping.program_mapper:explore_menu_tree:3701 - visited path skip state=project_open path=('fájl', 'végrehajtás')
2026-08-25 22:20:02.745 | INFO     | winwatt_automation.runtime_mapping.program_mapper:_log_phase_timing:279 - DBG_PHASE_TIMING phase=subtree_traversal elapsed_ms=7781.000 state_id=project_open top_menu=Fájl depth=1 rows=12 nodes=3 actions=3
2026-08-25 22:20:02.745 | INFO     | winwatt_automation.runtime_mapping.program_mapper:explore_menu_tree:4182 - ACTION_CATALOG_OUTPUT_SUMMARY state=project_open top_menu=Fájl depth=1 candidate_rows=12 probed_rows=2 admitted_after_probe=2 admitted_actions=2 still_structure_only=1 suppressed_unknown=0 placeholders_retained=1
2026-08-25 22:20:02.745 | DEBUG    | winwatt_automation.runtime_mapping.program_mapper:map_runtime_state:4327 - RAW_MENU_TITLE="Fájl" NORMALIZED_MENU_TITLE="fájl"
2026-08-25 22:20:02.745 | INFO     | winwatt_automation.runtime_mapping.program_mapper:map_runtime_state:4340 - MAP_RUNTIME_STATE_MENU_RESULT state_id=project_open top_menu=Fájl rows=12 nodes=3 actions=3 dialogs=0 windows=0 catalog=2
2026-08-25 22:20:02.745 | DEBUG    | winwatt_automation.live_ui.app_connector:get_cached_main_window:565 - DBG_WINWATT_CACHE_GET reason_code=cache_reused_without_validation payload={'wrapper_type': 'UIAWrapper', 'handle': 1706870, 'process_id': 20892, 'title': 'WinWatt gólya', 'class_name': 'TMainForm', 'control_type': 'Window'} last_validation_age_s=17.594000000011874 diagnostic_fast_mode=True
2026-08-25 22:20:02.745 | DEBUG    | winwatt_automation.live_ui.app_connector:get_cached_main_window:566 - DBG_PHASE_TIMING phase=get_cached_main_window elapsed_ms=0.000 reason_code=cache_reused_without_validation
2026-08-25 22:20:02.745 | WARNING  | winwatt_automation.runtime_mapping.program_mapper:should_restore_clean_menu_baseline:943 - baseline_restore_needed state=project_open stage=after:Fájl reason=main_window_disabled
2026-08-25 22:20:02.745 | DEBUG    | winwatt_automation.runtime_mapping.program_mapper:restore_clean_menu_baseline:960 - baseline_restore start state=project_open stage=after:Fájl
2026-08-25 22:20:02.745 | DEBUG    | winwatt_automation.live_ui.app_connector:get_cached_main_window:565 - DBG_WINWATT_CACHE_GET reason_code=cache_reused_without_validation payload={'wrapper_type': 'UIAWrapper', 'handle': 1706870, 'process_id': 20892, 'title': 'WinWatt gólya', 'class_name': 'TMainForm', 'control_type': 'Window'} last_validation_age_s=17.594000000011874 diagnostic_fast_mode=True
2026-08-25 22:20:02.745 | DEBUG    | winwatt_automation.live_ui.app_connector:get_cached_main_window:566 - DBG_PHASE_TIMING phase=get_cached_main_window elapsed_ms=0.000 reason_code=cache_reused_without_validation
2026-08-25 22:20:02.763 | INFO     | winwatt_automation.live_ui.app_connector:ensure_main_window_foreground_before_click:1179 - DBG_WINWATT_FOCUS_GUARD_PRECHECK action_label=baseline_restore:project_open:after:Fájl wrapper_type=UIAWrapper cached_handle=1706870 cached_pid=20892 cached_title=WinWatt gólya cached_class=TMainForm precheck_exists=False precheck_visible=True precheck_enabled=False rect={'left': -10, 'top': -10, 'right': 1930, 'bottom': 1030, 'width': 1940, 'height': 1040}
2026-08-25 22:20:02.763 | ERROR    | winwatt_automation.live_ui.app_connector:ensure_main_window_foreground_before_click:1295 - DBG_WINWATT_FOCUS_GUARD_HARD_FAIL action_label=baseline_restore:project_open:after:Fájl reason=exists_false identity_reasons=['handle', 'process_id', 'title', 'class_name', 'rect', 'visible'] cached_identity={'wrapper_type': 'UIAWrapper', 'handle': 1706870, 'process_id': 20892, 'title': 'WinWatt gólya', 'class_name': 'TMainForm', 'control_type': 'Window'} rect={'left': -10, 'top': -10, 'right': 1930, 'bottom': 1030, 'width': 1940, 'height': 1040} refresh_diagnostic={'action_label': 'baseline_restore:project_open:after:Fájl', 'cached_identity': {'wrapper_type': 'UIAWrapper', 'handle': 1706870, 'process_id': 20892, 'title': 'WinWatt gólya', 'class_name': 'TMainForm', 'control_type': 'Window'}, 'cached_rect': {'left': -10, 'top': -10, 'right': 1930, 'bottom': 1030, 'width': 1940, 'height': 1040}, 'visible': True, 'enabled': False, 'refresh_attempted': False, 'refresh_permitted': False, 'reason': 'refresh_not_permitted'}
2026-08-25 22:20:02.768 | DEBUG    | winwatt_automation.live_ui.app_connector:get_cached_main_window:565 - DBG_WINWATT_CACHE_GET reason_code=cache_reused_without_validation payload={'wrapper_type': 'UIAWrapper', 'handle': 1706870, 'process_id': 20892, 'title': 'WinWatt gólya', 'class_name': 'TMainForm', 'control_type': 'Window'} last_validation_age_s=17.625 diagnostic_fast_mode=True
2026-08-25 22:20:02.768 | DEBUG    | winwatt_automation.live_ui.app_connector:get_cached_main_window:566 - DBG_PHASE_TIMING phase=get_cached_main_window elapsed_ms=0.000 reason_code=cache_reused_without_validation
2026-08-25 22:20:02.768 | WARNING  | winwatt_automation.runtime_mapping.program_mapper:restore_clean_menu_baseline:966 - baseline_restore modal_pending state=project_open stage=after:Fájl error=focus_not_restored: main window no longer exists before action=baseline_restore:project_open:after:Fájl
2026-08-25 22:20:02.768 | INFO     | winwatt_automation.runtime_mapping.program_mapper:recover_after_project_open:3392 - project_open_recovery_start timeout_s=15.0 poll_interval_s=0.25
2026-08-25 22:20:02.774 | DEBUG    | winwatt_automation.live_ui.app_connector:get_cached_main_window:565 - DBG_WINWATT_CACHE_GET reason_code=cache_reused_without_validation payload={'wrapper_type': 'UIAWrapper', 'handle': 1706870, 'process_id': 20892, 'title': 'WinWatt gólya', 'class_name': 'TMainForm', 'control_type': 'Window'} last_validation_age_s=17.625 diagnostic_fast_mode=True
2026-08-25 22:20:02.774 | DEBUG    | winwatt_automation.live_ui.app_connector:get_cached_main_window:566 - DBG_PHASE_TIMING phase=get_cached_main_window elapsed_ms=0.000 reason_code=cache_reused_without_validation
2026-08-25 22:20:02.968 | WARNING  | winwatt_automation.runtime_mapping.program_mapper:recover_after_project_open:3419 - project_open_recovery_modal_detected diagnostics={'foreground_window': {'handle': 1182946, 'title': 'Projekt létrehozása', 'class_name': '#32770', 'process_id': 20892}, 'dialog_candidates': [], 'main_window': {'enabled': False, 'visible': True, 'rect': {'left': -10, 'top': -10, 'right': 1930, 'bottom': 1030}, 'title': 'WinWatt gólya', 'class_name': 'TMainForm', 'process_id': 20892, 'handle': None, 'exists': True}}
2026-08-25 22:20:02.968 | INFO     | winwatt_automation.runtime_mapping.program_mapper:_attempt_project_open_modal_close:3321 - project_open_recovery_close_attempt method=key name=Esc
2026-08-25 22:20:03.402 | DEBUG    | winwatt_automation.live_ui.app_connector:get_cached_main_window:565 - DBG_WINWATT_CACHE_GET reason_code=cache_reused_without_validation payload={'wrapper_type': 'UIAWrapper', 'handle': 1706870, 'process_id': 20892, 'title': 'WinWatt gólya', 'class_name': 'TMainForm', 'control_type': 'Window'} last_validation_age_s=18.062999999994645 diagnostic_fast_mode=True
2026-08-25 22:20:03.414 | DEBUG    | winwatt_automation.live_ui.app_connector:get_cached_main_window:566 - DBG_PHASE_TIMING phase=get_cached_main_window elapsed_ms=203.000 reason_code=cache_reused_without_validation
2026-08-25 22:20:03.417 | INFO     | winwatt_automation.runtime_mapping.program_mapper:_attempt_project_open_modal_close:3329 - project_open_recovery_close_success method=key name=Esc
2026-08-25 22:20:03.682 | DEBUG    | winwatt_automation.live_ui.app_connector:get_cached_main_window:565 - DBG_WINWATT_CACHE_GET reason_code=cache_reused_without_validation payload={'wrapper_type': 'UIAWrapper', 'handle': 1706870, 'process_id': 20892, 'title': 'WinWatt gólya', 'class_name': 'TMainForm', 'control_type': 'Window'} last_validation_age_s=18.53200000000652 diagnostic_fast_mode=True
2026-08-25 22:20:03.682 | DEBUG    | winwatt_automation.live_ui.app_connector:get_cached_main_window:566 - DBG_PHASE_TIMING phase=get_cached_main_window elapsed_ms=0.000 reason_code=cache_reused_without_validation
2026-08-25 22:20:03.699 | INFO     | winwatt_automation.runtime_mapping.program_mapper:recover_after_project_open:3403 - project_open_recovery_success
2026-08-25 22:20:03.880 | INFO     | winwatt_automation.runtime_mapping.program_mapper:restore_clean_menu_baseline:969 - baseline_restore modal_pending_recovered state=project_open stage=after:Fájl
2026-08-25 22:20:03.948 | DEBUG    | winwatt_automation.live_ui.app_connector:get_cached_main_window:565 - DBG_WINWATT_CACHE_GET reason_code=cache_reused_without_validation payload={'wrapper_type': 'UIAWrapper', 'handle': 1706870, 'process_id': 20892, 'title': 'WinWatt gólya', 'class_name': 'TMainForm', 'control_type': 'Window'} last_validation_age_s=18.79700000002049 diagnostic_fast_mode=True
2026-08-25 22:20:03.948 | DEBUG    | winwatt_automation.live_ui.app_connector:get_cached_main_window:566 - DBG_PHASE_TIMING phase=get_cached_main_window elapsed_ms=0.000 reason_code=cache_reused_without_validation
2026-08-25 22:20:04.228 | DEBUG    | winwatt_automation.live_ui.app_connector:get_cached_main_window:565 - DBG_WINWATT_CACHE_GET reason_code=cache_reused_without_validation payload={'wrapper_type': 'UIAWrapper', 'handle': 1706870, 'process_id': 20892, 'title': 'WinWatt gólya', 'class_name': 'TMainForm', 'control_type': 'Window'} last_validation_age_s=19.078000000008615 diagnostic_fast_mode=True
2026-08-25 22:20:04.228 | DEBUG    | winwatt_automation.live_ui.app_connector:get_cached_main_window:566 - DBG_PHASE_TIMING phase=get_cached_main_window elapsed_ms=0.000 reason_code=cache_reused_without_validation
2026-08-25 22:20:04.236 | DEBUG    | winwatt_automation.live_ui.app_connector:get_cached_main_window:565 - DBG_WINWATT_CACHE_GET reason_code=cache_reused_without_validation payload={'wrapper_type': 'UIAWrapper', 'handle': 1706870, 'process_id': 20892, 'title': 'WinWatt gólya', 'class_name': 'TMainForm', 'control_type': 'Window'} last_validation_age_s=19.078000000008615 diagnostic_fast_mode=True
2026-08-25 22:20:04.236 | DEBUG    | winwatt_automation.live_ui.app_connector:get_cached_main_window:566 - DBG_PHASE_TIMING phase=get_cached_main_window elapsed_ms=16.000 reason_code=cache_reused_without_validation
2026-08-25 22:20:04.236 | INFO     | winwatt_automation.live_ui.menu_helpers:_menu_items:1101 - DBG_MENU_ITEMS_SUMMARY total_items=7 visible_items=7 topbar_band=(0, 0, 409, 53) topbar_band_visible_count=7 popup_region_visible_count=0 force_refresh=False handle=1706870
2026-08-25 22:20:04.236 | DEBUG    | winwatt_automation.live_ui.menu_helpers:_menu_items:1111 - Discovered 7 MenuItem controls
2026-08-25 22:20:04.236 | DEBUG    | winwatt_automation.live_ui.menu_helpers:_log_phase_timing:83 - DBG_PHASE_TIMING phase=_menu_items elapsed_ms=16.000 force_refresh=False total_items=7 visible_items=7
2026-08-25 22:20:04.236 | DEBUG    | winwatt_automation.live_ui.menu_helpers:_log_popup_fragment:499 - DBG_MENU_FRAGMENT_MAIN_WINDOW source_scope=main_window control_type=MenuItem class_name= text='Rendszer' rectangle={'left': 0, 'top': 0, 'right': 28, 'bottom': 28} center=(14, 14) process_id=20892 native_handle=None topbar_candidate=True popup_candidate=False
2026-08-25 22:20:04.236 | DEBUG    | winwatt_automation.live_ui.menu_helpers:_log_popup_fragment:499 - DBG_MENU_FRAGMENT_MAIN_WINDOW source_scope=main_window control_type=MenuItem class_name= text='Fájl' rectangle={'left': 0, 'top': 29, 'right': 40, 'bottom': 53} center=(20, 41) process_id=20892 native_handle=None topbar_candidate=True popup_candidate=False
2026-08-25 22:20:04.236 | DEBUG    | winwatt_automation.live_ui.menu_helpers:_log_popup_fragment:499 - DBG_MENU_FRAGMENT_MAIN_WINDOW source_scope=main_window control_type=MenuItem class_name= text='Jegyzékek' rectangle={'left': 40, 'top': 29, 'right': 123, 'bottom': 53} center=(81, 41) process_id=20892 native_handle=None topbar_candidate=True popup_candidate=False
2026-08-25 22:20:04.236 | DEBUG    | winwatt_automation.live_ui.menu_helpers:_log_popup_fragment:499 - DBG_MENU_FRAGMENT_MAIN_WINDOW source_scope=main_window control_type=MenuItem class_name= text='Adatbázis...' rectangle={'left': 123, 'top': 29, 'right': 216, 'bottom': 53} center=(169, 41) process_id=20892 native_handle=None topbar_candidate=True popup_candidate=False
2026-08-25 22:20:04.236 | DEBUG    | winwatt_automation.live_ui.menu_helpers:_log_popup_fragment:499 - DBG_MENU_FRAGMENT_MAIN_WINDOW source_scope=main_window control_type=MenuItem class_name= text='Beállítások' rectangle={'left': 215, 'top': 29, 'right': 303, 'bottom': 53} center=(259, 41) process_id=20892 native_handle=None topbar_candidate=True popup_candidate=False
2026-08-25 22:20:04.236 | DEBUG    | winwatt_automation.live_ui.menu_helpers:_log_popup_fragment:499 - DBG_MENU_FRAGMENT_MAIN_WINDOW source_scope=main_window control_type=MenuItem class_name= text='Ablak' rectangle={'left': 303, 'top': 29, 'right': 358, 'bottom': 53} center=(330, 41) process_id=20892 native_handle=None topbar_candidate=True popup_candidate=False
2026-08-25 22:20:04.236 | DEBUG    | winwatt_automation.live_ui.menu_helpers:_log_popup_fragment:499 - DBG_MENU_FRAGMENT_MAIN_WINDOW source_scope=main_window control_type=MenuItem class_name= text='Súgó' rectangle={'left': 358, 'top': 29, 'right': 409, 'bottom': 53} center=(383, 41) process_id=20892 native_handle=None topbar_candidate=True popup_candidate=False
2026-08-25 22:20:04.236 | DEBUG    | winwatt_automation.live_ui.menu_helpers:_menu_like_controls_from_main_window:1599 - DBG_MENU_FRAGMENT_SOURCE_SUMMARY source_scope=main_window count=7
2026-08-25 22:20:04.247 | DEBUG    | winwatt_automation.live_ui.app_connector:get_cached_main_window:565 - DBG_WINWATT_CACHE_GET reason_code=cache_reused_without_validation payload={'wrapper_type': 'UIAWrapper', 'handle': 1706870, 'process_id': 20892, 'title': 'WinWatt gólya', 'class_name': 'TMainForm', 'control_type': 'Window'} last_validation_age_s=19.094000000011874 diagnostic_fast_mode=True
2026-08-25 22:20:04.248 | DEBUG    | winwatt_automation.live_ui.app_connector:get_cached_main_window:566 - DBG_PHASE_TIMING phase=get_cached_main_window elapsed_ms=16.000 reason_code=cache_reused_without_validation
2026-08-25 22:20:04.248 | DEBUG    | winwatt_automation.live_ui.menu_helpers:capture_menu_popup_snapshot:1682 - DBG_POPUP_ROW_DEDUPE rect={'left': 0, 'top': 0, 'right': 28, 'bottom': 28} normalized_text=rendszer class_name= source_scope=main_window deduplicated=False
2026-08-25 22:20:04.249 | DEBUG    | winwatt_automation.live_ui.menu_helpers:capture_menu_popup_snapshot:1682 - DBG_POPUP_ROW_DEDUPE rect={'left': 0, 'top': 29, 'right': 40, 'bottom': 53} normalized_text=fájl class_name= source_scope=main_window deduplicated=False
2026-08-25 22:20:04.249 | DEBUG    | winwatt_automation.live_ui.menu_helpers:capture_menu_popup_snapshot:1682 - DBG_POPUP_ROW_DEDUPE rect={'left': 40, 'top': 29, 'right': 123, 'bottom': 53} normalized_text=jegyzékek class_name= source_scope=main_window deduplicated=False
2026-08-25 22:20:04.249 | DEBUG    | winwatt_automation.live_ui.menu_helpers:capture_menu_popup_snapshot:1682 - DBG_POPUP_ROW_DEDUPE rect={'left': 123, 'top': 29, 'right': 216, 'bottom': 53} normalized_text=adatbázis... class_name= source_scope=main_window deduplicated=False
2026-08-25 22:20:04.249 | DEBUG    | winwatt_automation.live_ui.menu_helpers:capture_menu_popup_snapshot:1682 - DBG_POPUP_ROW_DEDUPE rect={'left': 215, 'top': 29, 'right': 303, 'bottom': 53} normalized_text=beállítások class_name= source_scope=main_window deduplicated=False
2026-08-25 22:20:04.249 | DEBUG    | winwatt_automation.live_ui.menu_helpers:capture_menu_popup_snapshot:1682 - DBG_POPUP_ROW_DEDUPE rect={'left': 303, 'top': 29, 'right': 358, 'bottom': 53} normalized_text=ablak class_name= source_scope=main_window deduplicated=False
2026-08-25 22:20:04.250 | DEBUG    | winwatt_automation.live_ui.menu_helpers:capture_menu_popup_snapshot:1682 - DBG_POPUP_ROW_DEDUPE rect={'left': 358, 'top': 29, 'right': 409, 'bottom': 53} normalized_text=súgó class_name= source_scope=main_window deduplicated=False
2026-08-25 22:20:04.250 | INFO     | winwatt_automation.live_ui.menu_helpers:capture_menu_popup_snapshot:1724 - POPUP_SNAPSHOT_SUMMARY main_window_fragments=7 global_scan_fragments=0 deduped_fragments=7 topbar_like=6 popup_like=0 empty_text=0 topbar_band=(0, 29, 409, 53) empty_text_vertical_cluster_detected=False accepted_popup_rows=0 popup_heuristic=candidate_count_below_threshold
2026-08-25 22:20:04.250 | DEBUG    | winwatt_automation.live_ui.menu_helpers:capture_menu_popup_snapshot:1737 - Captured menu snapshot rows=7
2026-08-25 22:20:04.250 | DEBUG    | winwatt_automation.live_ui.menu_helpers:_log_phase_timing:83 - DBG_PHASE_TIMING phase=capture_menu_popup_snapshot elapsed_ms=313.000 main_rows=7 global_rows=0 unique_rows=7 diagnostic_fast_mode=True
2026-08-25 22:20:04.354 | DEBUG    | winwatt_automation.live_ui.app_connector:get_cached_main_window:565 - DBG_WINWATT_CACHE_GET reason_code=cache_reused_without_validation payload={'wrapper_type': 'UIAWrapper', 'handle': 1706870, 'process_id': 20892, 'title': 'WinWatt gólya', 'class_name': 'TMainForm', 'control_type': 'Window'} last_validation_age_s=19.203000000008615 diagnostic_fast_mode=True
2026-08-25 22:20:04.354 | DEBUG    | winwatt_automation.live_ui.app_connector:get_cached_main_window:566 - DBG_PHASE_TIMING phase=get_cached_main_window elapsed_ms=0.000 reason_code=cache_reused_without_validation
2026-08-25 22:20:04.354 | DEBUG    | winwatt_automation.live_ui.app_connector:get_cached_main_window:565 - DBG_WINWATT_CACHE_GET reason_code=cache_reused_without_validation payload={'wrapper_type': 'UIAWrapper', 'handle': 1706870, 'process_id': 20892, 'title': 'WinWatt gólya', 'class_name': 'TMainForm', 'control_type': 'Window'} last_validation_age_s=19.203000000008615 diagnostic_fast_mode=True
2026-08-25 22:20:04.354 | DEBUG    | winwatt_automation.live_ui.app_connector:get_cached_main_window:566 - DBG_PHASE_TIMING phase=get_cached_main_window elapsed_ms=0.000 reason_code=cache_reused_without_validation
2026-08-25 22:20:04.354 | DEBUG    | winwatt_automation.live_ui.app_connector:get_cached_main_window:565 - DBG_WINWATT_CACHE_GET reason_code=cache_reused_without_validation payload={'wrapper_type': 'UIAWrapper', 'handle': 1706870, 'process_id': 20892, 'title': 'WinWatt gólya', 'class_name': 'TMainForm', 'control_type': 'Window'} last_validation_age_s=19.203000000008615 diagnostic_fast_mode=True
2026-08-25 22:20:04.354 | DEBUG    | winwatt_automation.live_ui.app_connector:get_cached_main_window:566 - DBG_PHASE_TIMING phase=get_cached_main_window elapsed_ms=0.000 reason_code=cache_reused_without_validation
2026-08-25 22:20:04.354 | INFO     | winwatt_automation.live_ui.menu_helpers:_menu_items:1101 - DBG_MENU_ITEMS_SUMMARY total_items=7 visible_items=7 topbar_band=(0, 0, 409, 53) topbar_band_visible_count=7 popup_region_visible_count=0 force_refresh=False handle=1706870
2026-08-25 22:20:04.354 | DEBUG    | winwatt_automation.live_ui.menu_helpers:_menu_items:1111 - Discovered 7 MenuItem controls
2026-08-25 22:20:04.354 | DEBUG    | winwatt_automation.live_ui.menu_helpers:_log_phase_timing:83 - DBG_PHASE_TIMING phase=_menu_items elapsed_ms=0.000 force_refresh=False total_items=7 visible_items=7
2026-08-25 22:20:04.354 | DEBUG    | winwatt_automation.live_ui.menu_helpers:_log_popup_fragment:499 - DBG_MENU_FRAGMENT_MAIN_WINDOW source_scope=main_window control_type=MenuItem class_name= text='Rendszer' rectangle={'left': 0, 'top': 0, 'right': 28, 'bottom': 28} center=(14, 14) process_id=20892 native_handle=None topbar_candidate=True popup_candidate=False
2026-08-25 22:20:04.354 | DEBUG    | winwatt_automation.live_ui.menu_helpers:_log_popup_fragment:499 - DBG_MENU_FRAGMENT_MAIN_WINDOW source_scope=main_window control_type=MenuItem class_name= text='Fájl' rectangle={'left': 0, 'top': 29, 'right': 40, 'bottom': 53} center=(20, 41) process_id=20892 native_handle=None topbar_candidate=True popup_candidate=False
2026-08-25 22:20:04.354 | DEBUG    | winwatt_automation.live_ui.menu_helpers:_log_popup_fragment:499 - DBG_MENU_FRAGMENT_MAIN_WINDOW source_scope=main_window control_type=MenuItem class_name= text='Jegyzékek' rectangle={'left': 40, 'top': 29, 'right': 123, 'bottom': 53} center=(81, 41) process_id=20892 native_handle=None topbar_candidate=True popup_candidate=False
2026-08-25 22:20:04.354 | DEBUG    | winwatt_automation.live_ui.menu_helpers:_log_popup_fragment:499 - DBG_MENU_FRAGMENT_MAIN_WINDOW source_scope=main_window control_type=MenuItem class_name= text='Adatbázis...' rectangle={'left': 123, 'top': 29, 'right': 216, 'bottom': 53} center=(169, 41) process_id=20892 native_handle=None topbar_candidate=True popup_candidate=False
2026-08-25 22:20:04.354 | DEBUG    | winwatt_automation.live_ui.menu_helpers:_log_popup_fragment:499 - DBG_MENU_FRAGMENT_MAIN_WINDOW source_scope=main_window control_type=MenuItem class_name= text='Beállítások' rectangle={'left': 215, 'top': 29, 'right': 303, 'bottom': 53} center=(259, 41) process_id=20892 native_handle=None topbar_candidate=True popup_candidate=False
2026-08-25 22:20:04.354 | DEBUG    | winwatt_automation.live_ui.menu_helpers:_log_popup_fragment:499 - DBG_MENU_FRAGMENT_MAIN_WINDOW source_scope=main_window control_type=MenuItem class_name= text='Ablak' rectangle={'left': 303, 'top': 29, 'right': 358, 'bottom': 53} center=(330, 41) process_id=20892 native_handle=None topbar_candidate=True popup_candidate=False
2026-08-25 22:20:04.354 | DEBUG    | winwatt_automation.live_ui.menu_helpers:_log_popup_fragment:499 - DBG_MENU_FRAGMENT_MAIN_WINDOW source_scope=main_window control_type=MenuItem class_name= text='Súgó' rectangle={'left': 358, 'top': 29, 'right': 409, 'bottom': 53} center=(383, 41) process_id=20892 native_handle=None topbar_candidate=True popup_candidate=False
2026-08-25 22:20:04.354 | DEBUG    | winwatt_automation.live_ui.menu_helpers:_menu_like_controls_from_main_window:1599 - DBG_MENU_FRAGMENT_SOURCE_SUMMARY source_scope=main_window count=7
2026-08-25 22:20:04.372 | DEBUG    | winwatt_automation.live_ui.app_connector:get_cached_main_window:565 - DBG_WINWATT_CACHE_GET reason_code=cache_reused_without_validation payload={'wrapper_type': 'UIAWrapper', 'handle': 1706870, 'process_id': 20892, 'title': 'WinWatt gólya', 'class_name': 'TMainForm', 'control_type': 'Window'} last_validation_age_s=19.203000000008615 diagnostic_fast_mode=True
2026-08-25 22:20:04.372 | DEBUG    | winwatt_automation.live_ui.app_connector:get_cached_main_window:566 - DBG_PHASE_TIMING phase=get_cached_main_window elapsed_ms=16.000 reason_code=cache_reused_without_validation
2026-08-25 22:20:04.372 | DEBUG    | winwatt_automation.live_ui.menu_helpers:capture_menu_popup_snapshot:1682 - DBG_POPUP_ROW_DEDUPE rect={'left': 0, 'top': 0, 'right': 28, 'bottom': 28} normalized_text=rendszer class_name= source_scope=main_window deduplicated=False
2026-08-25 22:20:04.372 | DEBUG    | winwatt_automation.live_ui.menu_helpers:capture_menu_popup_snapshot:1682 - DBG_POPUP_ROW_DEDUPE rect={'left': 0, 'top': 29, 'right': 40, 'bottom': 53} normalized_text=fájl class_name= source_scope=main_window deduplicated=False
2026-08-25 22:20:04.372 | DEBUG    | winwatt_automation.live_ui.menu_helpers:capture_menu_popup_snapshot:1682 - DBG_POPUP_ROW_DEDUPE rect={'left': 40, 'top': 29, 'right': 123, 'bottom': 53} normalized_text=jegyzékek class_name= source_scope=main_window deduplicated=False
2026-08-25 22:20:04.372 | DEBUG    | winwatt_automation.live_ui.menu_helpers:capture_menu_popup_snapshot:1682 - DBG_POPUP_ROW_DEDUPE rect={'left': 123, 'top': 29, 'right': 216, 'bottom': 53} normalized_text=adatbázis... class_name= source_scope=main_window deduplicated=False
2026-08-25 22:20:04.372 | DEBUG    | winwatt_automation.live_ui.menu_helpers:capture_menu_popup_snapshot:1682 - DBG_POPUP_ROW_DEDUPE rect={'left': 215, 'top': 29, 'right': 303, 'bottom': 53} normalized_text=beállítások class_name= source_scope=main_window deduplicated=False
2026-08-25 22:20:04.372 | DEBUG    | winwatt_automation.live_ui.menu_helpers:capture_menu_popup_snapshot:1682 - DBG_POPUP_ROW_DEDUPE rect={'left': 303, 'top': 29, 'right': 358, 'bottom': 53} normalized_text=ablak class_name= source_scope=main_window deduplicated=False
2026-08-25 22:20:04.372 | DEBUG    | winwatt_automation.live_ui.menu_helpers:capture_menu_popup_snapshot:1682 - DBG_POPUP_ROW_DEDUPE rect={'left': 358, 'top': 29, 'right': 409, 'bottom': 53} normalized_text=súgó class_name= source_scope=main_window deduplicated=False
2026-08-25 22:20:04.372 | INFO     | winwatt_automation.live_ui.menu_helpers:capture_menu_popup_snapshot:1724 - POPUP_SNAPSHOT_SUMMARY main_window_fragments=7 global_scan_fragments=0 deduped_fragments=7 topbar_like=6 popup_like=0 empty_text=0 topbar_band=(0, 29, 409, 53) empty_text_vertical_cluster_detected=False accepted_popup_rows=0 popup_heuristic=candidate_count_below_threshold
2026-08-25 22:20:04.372 | DEBUG    | winwatt_automation.live_ui.menu_helpers:capture_menu_popup_snapshot:1737 - Captured menu snapshot rows=7
2026-08-25 22:20:04.372 | DEBUG    | winwatt_automation.live_ui.menu_helpers:_log_phase_timing:83 - DBG_PHASE_TIMING phase=capture_menu_popup_snapshot elapsed_ms=16.000 main_rows=7 global_rows=0 unique_rows=7 diagnostic_fast_mode=True
2026-08-25 22:20:04.434 | DEBUG    | winwatt_automation.live_ui.app_connector:get_cached_main_window:565 - DBG_WINWATT_CACHE_GET reason_code=cache_reused_without_validation payload={'wrapper_type': 'UIAWrapper', 'handle': 1706870, 'process_id': 20892, 'title': 'WinWatt gólya', 'class_name': 'TMainForm', 'control_type': 'Window'} last_validation_age_s=19.28200000000652 diagnostic_fast_mode=True
2026-08-25 22:20:04.434 | DEBUG    | winwatt_automation.live_ui.app_connector:get_cached_main_window:566 - DBG_PHASE_TIMING phase=get_cached_main_window elapsed_ms=0.000 reason_code=cache_reused_without_validation
2026-08-25 22:20:04.522 | DEBUG    | winwatt_automation.live_ui.app_connector:get_cached_main_window:565 - DBG_WINWATT_CACHE_GET reason_code=cache_reused_without_validation payload={'wrapper_type': 'UIAWrapper', 'handle': 1706870, 'process_id': 20892, 'title': 'WinWatt gólya', 'class_name': 'TMainForm', 'control_type': 'Window'} last_validation_age_s=19.375 diagnostic_fast_mode=True
2026-08-25 22:20:04.522 | DEBUG    | winwatt_automation.live_ui.app_connector:get_cached_main_window:566 - DBG_PHASE_TIMING phase=get_cached_main_window elapsed_ms=0.000 reason_code=cache_reused_without_validation
2026-08-25 22:20:04.525 | DEBUG    | winwatt_automation.live_ui.app_connector:get_cached_main_window:565 - DBG_WINWATT_CACHE_GET reason_code=cache_reused_without_validation payload={'wrapper_type': 'UIAWrapper', 'handle': 1706870, 'process_id': 20892, 'title': 'WinWatt gólya', 'class_name': 'TMainForm', 'control_type': 'Window'} last_validation_age_s=19.375 diagnostic_fast_mode=True
2026-08-25 22:20:04.525 | DEBUG    | winwatt_automation.live_ui.app_connector:get_cached_main_window:566 - DBG_PHASE_TIMING phase=get_cached_main_window elapsed_ms=0.000 reason_code=cache_reused_without_validation
2026-08-25 22:20:04.737 | INFO     | winwatt_automation.live_ui.menu_helpers:_menu_items:1101 - DBG_MENU_ITEMS_SUMMARY total_items=7 visible_items=7 topbar_band=(0, 0, 409, 53) topbar_band_visible_count=7 popup_region_visible_count=0 force_refresh=False handle=1706870
2026-08-25 22:20:04.737 | DEBUG    | winwatt_automation.live_ui.menu_helpers:_menu_items:1111 - Discovered 7 MenuItem controls
2026-08-25 22:20:04.737 | DEBUG    | winwatt_automation.live_ui.menu_helpers:_log_phase_timing:83 - DBG_PHASE_TIMING phase=_menu_items elapsed_ms=219.000 force_refresh=False total_items=7 visible_items=7
2026-08-25 22:20:04.737 | DEBUG    | winwatt_automation.live_ui.menu_helpers:_log_popup_fragment:499 - DBG_MENU_FRAGMENT_MAIN_WINDOW source_scope=main_window control_type=MenuItem class_name= text='Rendszer' rectangle={'left': 0, 'top': 0, 'right': 28, 'bottom': 28} center=(14, 14) process_id=20892 native_handle=None topbar_candidate=True popup_candidate=False
2026-08-25 22:20:04.737 | DEBUG    | winwatt_automation.live_ui.menu_helpers:_log_popup_fragment:499 - DBG_MENU_FRAGMENT_MAIN_WINDOW source_scope=main_window control_type=MenuItem class_name= text='Fájl' rectangle={'left': 0, 'top': 29, 'right': 40, 'bottom': 53} center=(20, 41) process_id=20892 native_handle=None topbar_candidate=True popup_candidate=False
2026-08-25 22:20:04.737 | DEBUG    | winwatt_automation.live_ui.menu_helpers:_log_popup_fragment:499 - DBG_MENU_FRAGMENT_MAIN_WINDOW source_scope=main_window control_type=MenuItem class_name= text='Jegyzékek' rectangle={'left': 40, 'top': 29, 'right': 123, 'bottom': 53} center=(81, 41) process_id=20892 native_handle=None topbar_candidate=True popup_candidate=False
2026-08-25 22:20:04.737 | DEBUG    | winwatt_automation.live_ui.menu_helpers:_log_popup_fragment:499 - DBG_MENU_FRAGMENT_MAIN_WINDOW source_scope=main_window control_type=MenuItem class_name= text='Adatbázis...' rectangle={'left': 123, 'top': 29, 'right': 216, 'bottom': 53} center=(169, 41) process_id=20892 native_handle=None topbar_candidate=True popup_candidate=False
2026-08-25 22:20:04.737 | DEBUG    | winwatt_automation.live_ui.menu_helpers:_log_popup_fragment:499 - DBG_MENU_FRAGMENT_MAIN_WINDOW source_scope=main_window control_type=MenuItem class_name= text='Beállítások' rectangle={'left': 215, 'top': 29, 'right': 303, 'bottom': 53} center=(259, 41) process_id=20892 native_handle=None topbar_candidate=True popup_candidate=False
2026-08-25 22:20:04.737 | DEBUG    | winwatt_automation.live_ui.menu_helpers:_log_popup_fragment:499 - DBG_MENU_FRAGMENT_MAIN_WINDOW source_scope=main_window control_type=MenuItem class_name= text='Ablak' rectangle={'left': 303, 'top': 29, 'right': 358, 'bottom': 53} center=(330, 41) process_id=20892 native_handle=None topbar_candidate=True popup_candidate=False
2026-08-25 22:20:04.737 | DEBUG    | winwatt_automation.live_ui.menu_helpers:_log_popup_fragment:499 - DBG_MENU_FRAGMENT_MAIN_WINDOW source_scope=main_window control_type=MenuItem class_name= text='Súgó' rectangle={'left': 358, 'top': 29, 'right': 409, 'bottom': 53} center=(383, 41) process_id=20892 native_handle=None topbar_candidate=True popup_candidate=False
2026-08-25 22:20:04.737 | DEBUG    | winwatt_automation.live_ui.menu_helpers:_menu_like_controls_from_main_window:1599 - DBG_MENU_FRAGMENT_SOURCE_SUMMARY source_scope=main_window count=7
2026-08-25 22:20:04.737 | DEBUG    | winwatt_automation.live_ui.app_connector:get_cached_main_window:565 - DBG_WINWATT_CACHE_GET reason_code=cache_reused_without_validation payload={'wrapper_type': 'UIAWrapper', 'handle': 1706870, 'process_id': 20892, 'title': 'WinWatt gólya', 'class_name': 'TMainForm', 'control_type': 'Window'} last_validation_age_s=19.594000000011874 diagnostic_fast_mode=True
2026-08-25 22:20:04.737 | DEBUG    | winwatt_automation.live_ui.app_connector:get_cached_main_window:566 - DBG_PHASE_TIMING phase=get_cached_main_window elapsed_ms=0.000 reason_code=cache_reused_without_validation
2026-08-25 22:20:04.737 | DEBUG    | winwatt_automation.live_ui.menu_helpers:capture_menu_popup_snapshot:1682 - DBG_POPUP_ROW_DEDUPE rect={'left': 0, 'top': 0, 'right': 28, 'bottom': 28} normalized_text=rendszer class_name= source_scope=main_window deduplicated=False
2026-08-25 22:20:04.750 | DEBUG    | winwatt_automation.live_ui.menu_helpers:capture_menu_popup_snapshot:1682 - DBG_POPUP_ROW_DEDUPE rect={'left': 0, 'top': 29, 'right': 40, 'bottom': 53} normalized_text=fájl class_name= source_scope=main_window deduplicated=False
2026-08-25 22:20:04.750 | DEBUG    | winwatt_automation.live_ui.menu_helpers:capture_menu_popup_snapshot:1682 - DBG_POPUP_ROW_DEDUPE rect={'left': 40, 'top': 29, 'right': 123, 'bottom': 53} normalized_text=jegyzékek class_name= source_scope=main_window deduplicated=False
2026-08-25 22:20:04.750 | DEBUG    | winwatt_automation.live_ui.menu_helpers:capture_menu_popup_snapshot:1682 - DBG_POPUP_ROW_DEDUPE rect={'left': 123, 'top': 29, 'right': 216, 'bottom': 53} normalized_text=adatbázis... class_name= source_scope=main_window deduplicated=False
2026-08-25 22:20:04.750 | DEBUG    | winwatt_automation.live_ui.menu_helpers:capture_menu_popup_snapshot:1682 - DBG_POPUP_ROW_DEDUPE rect={'left': 215, 'top': 29, 'right': 303, 'bottom': 53} normalized_text=beállítások class_name= source_scope=main_window deduplicated=False
2026-08-25 22:20:04.750 | DEBUG    | winwatt_automation.live_ui.menu_helpers:capture_menu_popup_snapshot:1682 - DBG_POPUP_ROW_DEDUPE rect={'left': 303, 'top': 29, 'right': 358, 'bottom': 53} normalized_text=ablak class_name= source_scope=main_window deduplicated=False
2026-08-25 22:20:04.750 | DEBUG    | winwatt_automation.live_ui.menu_helpers:capture_menu_popup_snapshot:1682 - DBG_POPUP_ROW_DEDUPE rect={'left': 358, 'top': 29, 'right': 409, 'bottom': 53} normalized_text=súgó class_name= source_scope=main_window deduplicated=False
2026-08-25 22:20:04.750 | INFO     | winwatt_automation.live_ui.menu_helpers:capture_menu_popup_snapshot:1724 - POPUP_SNAPSHOT_SUMMARY main_window_fragments=7 global_scan_fragments=0 deduped_fragments=7 topbar_like=6 popup_like=0 empty_text=0 topbar_band=(0, 29, 409, 53) empty_text_vertical_cluster_detected=False accepted_popup_rows=0 popup_heuristic=candidate_count_below_threshold
2026-08-25 22:20:04.750 | DEBUG    | winwatt_automation.live_ui.menu_helpers:capture_menu_popup_snapshot:1737 - Captured menu snapshot rows=7
2026-08-25 22:20:04.750 | DEBUG    | winwatt_automation.live_ui.menu_helpers:_log_phase_timing:83 - DBG_PHASE_TIMING phase=capture_menu_popup_snapshot elapsed_ms=328.000 main_rows=7 global_rows=0 unique_rows=7 diagnostic_fast_mode=True
2026-08-25 22:20:04.802 | DEBUG    | winwatt_automation.live_ui.app_connector:get_cached_main_window:565 - DBG_WINWATT_CACHE_GET reason_code=cache_reused_without_validation payload={'wrapper_type': 'UIAWrapper', 'handle': 1706870, 'process_id': 20892, 'title': 'WinWatt gólya', 'class_name': 'TMainForm', 'control_type': 'Window'} last_validation_age_s=19.65700000000652 diagnostic_fast_mode=True
2026-08-25 22:20:04.802 | DEBUG    | winwatt_automation.live_ui.app_connector:get_cached_main_window:566 - DBG_PHASE_TIMING phase=get_cached_main_window elapsed_ms=0.000 reason_code=cache_reused_without_validation
2026-08-25 22:20:04.802 | DEBUG    | winwatt_automation.live_ui.app_connector:get_cached_main_window:565 - DBG_WINWATT_CACHE_GET reason_code=cache_reused_without_validation payload={'wrapper_type': 'UIAWrapper', 'handle': 1706870, 'process_id': 20892, 'title': 'WinWatt gólya', 'class_name': 'TMainForm', 'control_type': 'Window'} last_validation_age_s=19.65700000000652 diagnostic_fast_mode=True
2026-08-25 22:20:04.802 | DEBUG    | winwatt_automation.live_ui.app_connector:get_cached_main_window:566 - DBG_PHASE_TIMING phase=get_cached_main_window elapsed_ms=0.000 reason_code=cache_reused_without_validation
2026-08-25 22:20:04.802 | DEBUG    | winwatt_automation.live_ui.app_connector:get_cached_main_window:565 - DBG_WINWATT_CACHE_GET reason_code=cache_reused_without_validation payload={'wrapper_type': 'UIAWrapper', 'handle': 1706870, 'process_id': 20892, 'title': 'WinWatt gólya', 'class_name': 'TMainForm', 'control_type': 'Window'} last_validation_age_s=19.65700000000652 diagnostic_fast_mode=True
2026-08-25 22:20:04.802 | DEBUG    | winwatt_automation.live_ui.app_connector:get_cached_main_window:566 - DBG_PHASE_TIMING phase=get_cached_main_window elapsed_ms=0.000 reason_code=cache_reused_without_validation
2026-08-25 22:20:04.802 | INFO     | winwatt_automation.live_ui.menu_helpers:_menu_items:1101 - DBG_MENU_ITEMS_SUMMARY total_items=7 visible_items=7 topbar_band=(0, 0, 409, 53) topbar_band_visible_count=7 popup_region_visible_count=0 force_refresh=False handle=1706870
2026-08-25 22:20:04.802 | DEBUG    | winwatt_automation.live_ui.menu_helpers:_menu_items:1111 - Discovered 7 MenuItem controls
2026-08-25 22:20:04.814 | DEBUG    | winwatt_automation.live_ui.menu_helpers:_log_phase_timing:83 - DBG_PHASE_TIMING phase=_menu_items elapsed_ms=15.000 force_refresh=False total_items=7 visible_items=7
2026-08-25 22:20:04.815 | DEBUG    | winwatt_automation.live_ui.menu_helpers:_log_popup_fragment:499 - DBG_MENU_FRAGMENT_MAIN_WINDOW source_scope=main_window control_type=MenuItem class_name= text='Rendszer' rectangle={'left': 0, 'top': 0, 'right': 28, 'bottom': 28} center=(14, 14) process_id=20892 native_handle=None topbar_candidate=True popup_candidate=False
2026-08-25 22:20:04.815 | DEBUG    | winwatt_automation.live_ui.menu_helpers:_log_popup_fragment:499 - DBG_MENU_FRAGMENT_MAIN_WINDOW source_scope=main_window control_type=MenuItem class_name= text='Fájl' rectangle={'left': 0, 'top': 29, 'right': 40, 'bottom': 53} center=(20, 41) process_id=20892 native_handle=None topbar_candidate=True popup_candidate=False
2026-08-25 22:20:04.815 | DEBUG    | winwatt_automation.live_ui.menu_helpers:_log_popup_fragment:499 - DBG_MENU_FRAGMENT_MAIN_WINDOW source_scope=main_window control_type=MenuItem class_name= text='Jegyzékek' rectangle={'left': 40, 'top': 29, 'right': 123, 'bottom': 53} center=(81, 41) process_id=20892 native_handle=None topbar_candidate=True popup_candidate=False
2026-08-25 22:20:04.815 | DEBUG    | winwatt_automation.live_ui.menu_helpers:_log_popup_fragment:499 - DBG_MENU_FRAGMENT_MAIN_WINDOW source_scope=main_window control_type=MenuItem class_name= text='Adatbázis...' rectangle={'left': 123, 'top': 29, 'right': 216, 'bottom': 53} center=(169, 41) process_id=20892 native_handle=None topbar_candidate=True popup_candidate=False
2026-08-25 22:20:04.815 | DEBUG    | winwatt_automation.live_ui.menu_helpers:_log_popup_fragment:499 - DBG_MENU_FRAGMENT_MAIN_WINDOW source_scope=main_window control_type=MenuItem class_name= text='Beállítások' rectangle={'left': 215, 'top': 29, 'right': 303, 'bottom': 53} center=(259, 41) process_id=20892 native_handle=None topbar_candidate=True popup_candidate=False
2026-08-25 22:20:04.815 | DEBUG    | winwatt_automation.live_ui.menu_helpers:_log_popup_fragment:499 - DBG_MENU_FRAGMENT_MAIN_WINDOW source_scope=main_window control_type=MenuItem class_name= text='Ablak' rectangle={'left': 303, 'top': 29, 'right': 358, 'bottom': 53} center=(330, 41) process_id=20892 native_handle=None topbar_candidate=True popup_candidate=False
2026-08-25 22:20:04.815 | DEBUG    | winwatt_automation.live_ui.menu_helpers:_log_popup_fragment:499 - DBG_MENU_FRAGMENT_MAIN_WINDOW source_scope=main_window control_type=MenuItem class_name= text='Súgó' rectangle={'left': 358, 'top': 29, 'right': 409, 'bottom': 53} center=(383, 41) process_id=20892 native_handle=None topbar_candidate=True popup_candidate=False
2026-08-25 22:20:04.815 | DEBUG    | winwatt_automation.live_ui.menu_helpers:_menu_like_controls_from_main_window:1599 - DBG_MENU_FRAGMENT_SOURCE_SUMMARY source_scope=main_window count=7
2026-08-25 22:20:04.815 | DEBUG    | winwatt_automation.live_ui.app_connector:get_cached_main_window:565 - DBG_WINWATT_CACHE_GET reason_code=cache_reused_without_validation payload={'wrapper_type': 'UIAWrapper', 'handle': 1706870, 'process_id': 20892, 'title': 'WinWatt gólya', 'class_name': 'TMainForm', 'control_type': 'Window'} last_validation_age_s=19.67200000002049 diagnostic_fast_mode=True
2026-08-25 22:20:04.815 | DEBUG    | winwatt_automation.live_ui.app_connector:get_cached_main_window:566 - DBG_PHASE_TIMING phase=get_cached_main_window elapsed_ms=0.000 reason_code=cache_reused_without_validation
2026-08-25 22:20:04.815 | DEBUG    | winwatt_automation.live_ui.menu_helpers:capture_menu_popup_snapshot:1682 - DBG_POPUP_ROW_DEDUPE rect={'left': 0, 'top': 0, 'right': 28, 'bottom': 28} normalized_text=rendszer class_name= source_scope=main_window deduplicated=False
2026-08-25 22:20:04.815 | DEBUG    | winwatt_automation.live_ui.menu_helpers:capture_menu_popup_snapshot:1682 - DBG_POPUP_ROW_DEDUPE rect={'left': 0, 'top': 29, 'right': 40, 'bottom': 53} normalized_text=fájl class_name= source_scope=main_window deduplicated=False
2026-08-25 22:20:04.815 | DEBUG    | winwatt_automation.live_ui.menu_helpers:capture_menu_popup_snapshot:1682 - DBG_POPUP_ROW_DEDUPE rect={'left': 40, 'top': 29, 'right': 123, 'bottom': 53} normalized_text=jegyzékek class_name= source_scope=main_window deduplicated=False
2026-08-25 22:20:04.815 | DEBUG    | winwatt_automation.live_ui.menu_helpers:capture_menu_popup_snapshot:1682 - DBG_POPUP_ROW_DEDUPE rect={'left': 123, 'top': 29, 'right': 216, 'bottom': 53} normalized_text=adatbázis... class_name= source_scope=main_window deduplicated=False
2026-08-25 22:20:04.815 | DEBUG    | winwatt_automation.live_ui.menu_helpers:capture_menu_popup_snapshot:1682 - DBG_POPUP_ROW_DEDUPE rect={'left': 215, 'top': 29, 'right': 303, 'bottom': 53} normalized_text=beállítások class_name= source_scope=main_window deduplicated=False
2026-08-25 22:20:04.815 | DEBUG    | winwatt_automation.live_ui.menu_helpers:capture_menu_popup_snapshot:1682 - DBG_POPUP_ROW_DEDUPE rect={'left': 303, 'top': 29, 'right': 358, 'bottom': 53} normalized_text=ablak class_name= source_scope=main_window deduplicated=False
2026-08-25 22:20:04.815 | DEBUG    | winwatt_automation.live_ui.menu_helpers:capture_menu_popup_snapshot:1682 - DBG_POPUP_ROW_DEDUPE rect={'left': 358, 'top': 29, 'right': 409, 'bottom': 53} normalized_text=súgó class_name= source_scope=main_window deduplicated=False
2026-08-25 22:20:04.815 | INFO     | winwatt_automation.live_ui.menu_helpers:capture_menu_popup_snapshot:1724 - POPUP_SNAPSHOT_SUMMARY main_window_fragments=7 global_scan_fragments=0 deduped_fragments=7 topbar_like=6 popup_like=0 empty_text=0 topbar_band=(0, 29, 409, 53) empty_text_vertical_cluster_detected=False accepted_popup_rows=0 popup_heuristic=candidate_count_below_threshold
2026-08-25 22:20:04.815 | DEBUG    | winwatt_automation.live_ui.menu_helpers:capture_menu_popup_snapshot:1737 - Captured menu snapshot rows=7
2026-08-25 22:20:04.815 | DEBUG    | winwatt_automation.live_ui.menu_helpers:_log_phase_timing:83 - DBG_PHASE_TIMING phase=capture_menu_popup_snapshot elapsed_ms=15.000 main_rows=7 global_rows=0 unique_rows=7 diagnostic_fast_mode=True
2026-08-25 22:20:04.815 | DEBUG    | winwatt_automation.runtime_mapping.program_mapper:restore_clean_menu_baseline:992 - baseline_restore success state=project_open stage=after:Fájl
2026-08-25 22:20:04.815 | INFO     | winwatt_automation.runtime_mapping.program_mapper:map_runtime_state:4418 - MAP_RUNTIME_STATE_FINAL_COUNTS state_id=project_open retained_top_menus=['Fájl'] rows=12 actions=3 dialogs=0 windows=0 transitions=0 partial=False stop_reason=None
2026-08-25 22:20:04.815 | INFO     | winwatt_automation.runtime_mapping.program_mapper:_build_state_atlas_entry:2053 - STATE_ATLAS_ENTRY_CREATED state_id=project_open top_menus=1 rows=12 actions=2 transitions=0 top_menu_texts=['Fájl'] action_sample=[['Fájl', 'Végrehajtás'], ['Fájl', 'Megnyitás']]
[event] state_mapped: {"actions": 3, "dialogs": 0, "state_id": "project_open", "top_menus": 1}
2026-08-25 22:20:04.846 | INFO     | winwatt_automation.runtime_mapping.program_mapper:_build_state_atlas_entry:2053 - STATE_ATLAS_ENTRY_CREATED state_id=no_project top_menus=1 rows=9 actions=1 transitions=0 top_menu_texts=['Fájl'] action_sample=[['Fájl', 'Végrehajtás']]
2026-08-25 22:20:04.846 | INFO     | winwatt_automation.runtime_mapping.program_mapper:_build_state_atlas_entry:2053 - STATE_ATLAS_ENTRY_CREATED state_id=project_open top_menus=1 rows=12 actions=2 transitions=0 top_menu_texts=['Fájl'] action_sample=[['Fájl', 'Végrehajtás'], ['Fájl', 'Megnyitás']]
[event] runtime_diff: {"enabled_changes": 0, "project_only_paths": 1, "summary": {"actions_only_in_a": 2, "actions_only_in_b": 1, "enabled_changes": 0, "project_only_paths": 1, "shared_top_menus": 1}}
[event] knowledge_verification: {"baseline_loaded": false, "coverage_pct": 100.0, "covered_known_menu_paths": 0, "current_menu_paths": 5, "known_menu_paths": 0, "missing_dialogs": [], "missing_menu_paths": [], "missing_windows": [], "new_dialogs": [], "new_menu_paths": [["fájl", "[unlabeled row 2]"], ["fájl", "[unlabeled row 3]"], ["fájl", "[unlabeled row 5]"], ["fájl", "megnyitás"], ["fájl", "végrehajtás"]], "new_windows": []}
2026-08-25 22:20:04.859 | INFO     | winwatt_automation.live_ui.app_connector:log_cache_usage_summary:539 - CACHE_USAGE_SUMMARY reasons={'cache_missing_resolving_fresh': 28, 'cache_reused_without_validation': 209, 'fresh_resolve': 2} validation_age_summary={'count': 209, 'min_s': 0.187, 'max_s': 19.672} throttled_resolves=0
2026-08-25 22:20:04.859 | INFO     | winwatt_automation.live_ui.menu_helpers:log_popup_snapshot_summary:56 - POPUP_SNAPSHOT_SUMMARY snapshots=24 sources={'main_window': 231} dedupe={'kept': 231} topbar_like=144 popup_like=63 empty_text=12
2026-08-25 22:20:04.859 | INFO     | winwatt_automation.runtime_mapping.program_mapper:log_action_catalog_summary:2009 - ACTION_CATALOG_SUMMARY top_menu=Fájl counts={'executes_command': 3}
2026-08-25 22:20:04.859 | INFO     | __main__:main:264 - Runtime mapping completed summary no_project_top_menus=1 project_open_top_menus=1 diff_summary={'shared_top_menus': 1, 'actions_only_in_a': 2, 'actions_only_in_b': 1, 'enabled_changes': 0, 'project_only_paths': 1} log_profile=diagnostic
[event] runtime_mapping_summary: {"already_open_before_mapping": false, "diff_summary": {"actions_only_in_a": 2, "actions_only_in_b": 1, "enabled_changes": 0, "project_only_paths": 1, "shared_top_menus": 1}, "expected_project_path": "C:\\Users\\Admin\\Documents\\GitHub\\autowinwatt\\winwatt_automation\\tests\\testwwp.wwp", "no_project_top_menus": 1, "observed_project_path": "C:\\Users\\Admin\\Documents\\GitHub\\autowinwatt\\winwatt_automation\\tests\\testwwp.wwp", "path_match_normalized": true, "project_open_top_menus": 1, "project_open_verdict": "opened_by_this_attempt", "startup_project_detected": false}

finished_at=2026-08-25T20:20:04.862229+00:00 success=True exit_code=0
