run_id=0111_diagnostic_2026-08-25_20-20-21
started_at=2026-08-25T20:20:21.874150+00:00
command=python C:\Users\Admin\Documents\GitHub\autowinwatt\winwatt_automation\src\winwatt_automation\scripts\map_full_program.py --safe-mode safe --allow-process-restart --top-menus Fájl --max-submenu-depth 2 --output-dir data\runtime_maps\file_menu_depth2_fullscan_9_60 --log-profile diagnostic

2026-08-25 22:20:23.087 | INFO     | winwatt_automation.live_ui.app_connector:get_cached_main_window:597 - DBG_WINWATT_CACHE_GET reason_code=cache_missing_resolving_fresh diagnostic_fast_mode=False
2026-08-25 22:20:26.152 | DEBUG    | winwatt_automation.live_ui.app_connector:list_candidate_windows:180 - Discovered 0 WinWatt-like windows on backend=win32
2026-08-25 22:20:26.152 | INFO     | winwatt_automation.live_ui.app_connector:_connect_with_win32_handle:276 - DBG_WINWATT_CONNECT_WIN32_CANDIDATES locator=backend=win32 ranked_candidates=[]
2026-08-25 22:20:26.152 | WARNING  | winwatt_automation.runtime_mapping.program_mapper:_safe_capture_snapshot:191 - snapshot_capture_failed state_id=startup_after_relaunch error=No WinWatt-like windows were found
2026-08-25 22:20:26.653 | INFO     | winwatt_automation.live_ui.app_connector:get_cached_main_window:597 - DBG_WINWATT_CACHE_GET reason_code=cache_missing_resolving_fresh diagnostic_fast_mode=False
2026-08-25 22:20:28.263 | DEBUG    | winwatt_automation.live_ui.app_connector:list_candidate_windows:180 - Discovered 0 WinWatt-like windows on backend=win32
2026-08-25 22:20:28.263 | INFO     | winwatt_automation.live_ui.app_connector:_connect_with_win32_handle:276 - DBG_WINWATT_CONNECT_WIN32_CANDIDATES locator=backend=win32 ranked_candidates=[]
2026-08-25 22:20:28.263 | WARNING  | winwatt_automation.runtime_mapping.program_mapper:_safe_capture_snapshot:191 - snapshot_capture_failed state_id=startup_after_relaunch error=No WinWatt-like windows were found
2026-08-25 22:20:28.767 | INFO     | winwatt_automation.live_ui.app_connector:get_cached_main_window:597 - DBG_WINWATT_CACHE_GET reason_code=cache_missing_resolving_fresh diagnostic_fast_mode=False
2026-08-25 22:20:28.849 | DEBUG    | winwatt_automation.live_ui.app_connector:list_candidate_windows:180 - Discovered 0 WinWatt-like windows on backend=win32
2026-08-25 22:20:28.849 | INFO     | winwatt_automation.live_ui.app_connector:_connect_with_win32_handle:276 - DBG_WINWATT_CONNECT_WIN32_CANDIDATES locator=backend=win32 ranked_candidates=[]
2026-08-25 22:20:28.849 | WARNING  | winwatt_automation.runtime_mapping.program_mapper:_safe_capture_snapshot:191 - snapshot_capture_failed state_id=startup_after_relaunch error=No WinWatt-like windows were found
2026-08-25 22:20:29.353 | INFO     | winwatt_automation.live_ui.app_connector:get_cached_main_window:597 - DBG_WINWATT_CACHE_GET reason_code=cache_missing_resolving_fresh diagnostic_fast_mode=False
2026-08-25 22:20:29.439 | DEBUG    | winwatt_automation.live_ui.app_connector:list_candidate_windows:180 - Discovered 0 WinWatt-like windows on backend=win32
2026-08-25 22:20:29.439 | INFO     | winwatt_automation.live_ui.app_connector:_connect_with_win32_handle:276 - DBG_WINWATT_CONNECT_WIN32_CANDIDATES locator=backend=win32 ranked_candidates=[]
2026-08-25 22:20:29.439 | WARNING  | winwatt_automation.runtime_mapping.program_mapper:_safe_capture_snapshot:191 - snapshot_capture_failed state_id=startup_after_relaunch error=No WinWatt-like windows were found
2026-08-25 22:20:29.940 | INFO     | winwatt_automation.live_ui.app_connector:get_cached_main_window:597 - DBG_WINWATT_CACHE_GET reason_code=cache_missing_resolving_fresh diagnostic_fast_mode=False
2026-08-25 22:20:30.015 | DEBUG    | winwatt_automation.live_ui.app_connector:list_candidate_windows:180 - Discovered 0 WinWatt-like windows on backend=win32
2026-08-25 22:20:30.015 | INFO     | winwatt_automation.live_ui.app_connector:_connect_with_win32_handle:276 - DBG_WINWATT_CONNECT_WIN32_CANDIDATES locator=backend=win32 ranked_candidates=[]
2026-08-25 22:20:30.015 | WARNING  | winwatt_automation.runtime_mapping.program_mapper:_safe_capture_snapshot:191 - snapshot_capture_failed state_id=startup_after_relaunch error=No WinWatt-like windows were found
2026-08-25 22:20:30.524 | INFO     | winwatt_automation.live_ui.app_connector:get_cached_main_window:597 - DBG_WINWATT_CACHE_GET reason_code=cache_missing_resolving_fresh diagnostic_fast_mode=False
2026-08-25 22:20:30.608 | DEBUG    | winwatt_automation.live_ui.app_connector:list_candidate_windows:180 - Discovered 0 WinWatt-like windows on backend=win32
2026-08-25 22:20:30.608 | INFO     | winwatt_automation.live_ui.app_connector:_connect_with_win32_handle:276 - DBG_WINWATT_CONNECT_WIN32_CANDIDATES locator=backend=win32 ranked_candidates=[]
2026-08-25 22:20:30.608 | WARNING  | winwatt_automation.runtime_mapping.program_mapper:_safe_capture_snapshot:191 - snapshot_capture_failed state_id=startup_after_relaunch error=No WinWatt-like windows were found
2026-08-25 22:20:31.109 | INFO     | winwatt_automation.live_ui.app_connector:get_cached_main_window:597 - DBG_WINWATT_CACHE_GET reason_code=cache_missing_resolving_fresh diagnostic_fast_mode=False
2026-08-25 22:20:31.218 | DEBUG    | winwatt_automation.live_ui.app_connector:list_candidate_windows:180 - Discovered 0 WinWatt-like windows on backend=win32
2026-08-25 22:20:31.218 | INFO     | winwatt_automation.live_ui.app_connector:_connect_with_win32_handle:276 - DBG_WINWATT_CONNECT_WIN32_CANDIDATES locator=backend=win32 ranked_candidates=[]
2026-08-25 22:20:31.218 | WARNING  | winwatt_automation.runtime_mapping.program_mapper:_safe_capture_snapshot:191 - snapshot_capture_failed state_id=startup_after_relaunch error=No WinWatt-like windows were found
2026-08-25 22:20:31.720 | INFO     | winwatt_automation.live_ui.app_connector:get_cached_main_window:597 - DBG_WINWATT_CACHE_GET reason_code=cache_missing_resolving_fresh diagnostic_fast_mode=False
2026-08-25 22:20:31.837 | DEBUG    | winwatt_automation.live_ui.app_connector:list_candidate_windows:180 - Discovered 0 WinWatt-like windows on backend=win32
2026-08-25 22:20:31.837 | INFO     | winwatt_automation.live_ui.app_connector:_connect_with_win32_handle:276 - DBG_WINWATT_CONNECT_WIN32_CANDIDATES locator=backend=win32 ranked_candidates=[]
2026-08-25 22:20:31.837 | WARNING  | winwatt_automation.runtime_mapping.program_mapper:_safe_capture_snapshot:191 - snapshot_capture_failed state_id=startup_after_relaunch error=No WinWatt-like windows were found
2026-08-25 22:20:32.338 | INFO     | winwatt_automation.live_ui.app_connector:get_cached_main_window:597 - DBG_WINWATT_CACHE_GET reason_code=cache_missing_resolving_fresh diagnostic_fast_mode=False
2026-08-25 22:20:32.479 | DEBUG    | winwatt_automation.live_ui.app_connector:list_candidate_windows:180 - Discovered 0 WinWatt-like windows on backend=win32
2026-08-25 22:20:32.479 | INFO     | winwatt_automation.live_ui.app_connector:_connect_with_win32_handle:276 - DBG_WINWATT_CONNECT_WIN32_CANDIDATES locator=backend=win32 ranked_candidates=[]
2026-08-25 22:20:32.479 | WARNING  | winwatt_automation.runtime_mapping.program_mapper:_safe_capture_snapshot:191 - snapshot_capture_failed state_id=startup_after_relaunch error=No WinWatt-like windows were found
2026-08-25 22:20:32.989 | INFO     | winwatt_automation.live_ui.app_connector:get_cached_main_window:597 - DBG_WINWATT_CACHE_GET reason_code=cache_missing_resolving_fresh diagnostic_fast_mode=False
2026-08-25 22:20:33.064 | DEBUG    | winwatt_automation.live_ui.app_connector:list_candidate_windows:180 - Discovered 0 WinWatt-like windows on backend=win32
2026-08-25 22:20:33.064 | INFO     | winwatt_automation.live_ui.app_connector:_connect_with_win32_handle:276 - DBG_WINWATT_CONNECT_WIN32_CANDIDATES locator=backend=win32 ranked_candidates=[]
2026-08-25 22:20:33.064 | WARNING  | winwatt_automation.runtime_mapping.program_mapper:_safe_capture_snapshot:191 - snapshot_capture_failed state_id=startup_after_relaunch error=No WinWatt-like windows were found
2026-08-25 22:20:33.568 | INFO     | winwatt_automation.live_ui.app_connector:get_cached_main_window:597 - DBG_WINWATT_CACHE_GET reason_code=cache_missing_resolving_fresh diagnostic_fast_mode=False
2026-08-25 22:20:33.663 | DEBUG    | winwatt_automation.live_ui.app_connector:list_candidate_windows:180 - Discovered 0 WinWatt-like windows on backend=win32
2026-08-25 22:20:33.663 | INFO     | winwatt_automation.live_ui.app_connector:_connect_with_win32_handle:276 - DBG_WINWATT_CONNECT_WIN32_CANDIDATES locator=backend=win32 ranked_candidates=[]
2026-08-25 22:20:33.663 | WARNING  | winwatt_automation.runtime_mapping.program_mapper:_safe_capture_snapshot:191 - snapshot_capture_failed state_id=startup_after_relaunch error=No WinWatt-like windows were found
2026-08-25 22:20:34.164 | INFO     | winwatt_automation.live_ui.app_connector:get_cached_main_window:597 - DBG_WINWATT_CACHE_GET reason_code=cache_missing_resolving_fresh diagnostic_fast_mode=False
2026-08-25 22:20:34.229 | DEBUG    | winwatt_automation.live_ui.app_connector:list_candidate_windows:180 - Discovered 0 WinWatt-like windows on backend=win32
2026-08-25 22:20:34.229 | INFO     | winwatt_automation.live_ui.app_connector:_connect_with_win32_handle:276 - DBG_WINWATT_CONNECT_WIN32_CANDIDATES locator=backend=win32 ranked_candidates=[]
2026-08-25 22:20:34.229 | WARNING  | winwatt_automation.runtime_mapping.program_mapper:_safe_capture_snapshot:191 - snapshot_capture_failed state_id=startup_after_relaunch error=No WinWatt-like windows were found
2026-08-25 22:20:34.747 | INFO     | winwatt_automation.live_ui.app_connector:get_cached_main_window:597 - DBG_WINWATT_CACHE_GET reason_code=cache_missing_resolving_fresh diagnostic_fast_mode=False
2026-08-25 22:20:34.800 | WARNING  | winwatt_automation.runtime_mapping.program_mapper:_safe_capture_snapshot:191 - snapshot_capture_failed state_id=startup_after_relaunch error=Handle 658486 is not a vaild window handle
2026-08-25 22:20:35.302 | INFO     | winwatt_automation.live_ui.app_connector:get_cached_main_window:597 - DBG_WINWATT_CACHE_GET reason_code=cache_missing_resolving_fresh diagnostic_fast_mode=False
2026-08-25 22:20:35.413 | DEBUG    | winwatt_automation.live_ui.app_connector:list_candidate_windows:180 - Discovered 1 WinWatt-like windows on backend=win32
2026-08-25 22:20:35.413 | DEBUG    | winwatt_automation.live_ui.app_connector:list_candidate_windows:182 - Candidate[win32]: {'title': 'WinWatt gólya', 'window_text': 'WinWatt gólya', 'class_name': 'TMainForm', 'control_type': None, 'process_id': 24008, 'handle': None, 'is_visible': True, 'is_enabled': True, 'rectangle': {'left': 171, 'top': 96, 'right': 1170, 'bottom': 1151, 'width': 999, 'height': 1055}, 'size': {'width': 999, 'height': 1055}}
2026-08-25 22:20:35.415 | INFO     | winwatt_automation.live_ui.app_connector:_connect_with_win32_handle:276 - DBG_WINWATT_CONNECT_WIN32_CANDIDATES locator=backend=win32 ranked_candidates=[{'rank': 1, 'score': (1, 1, 1, 1, 1053945), 'process_id': 24008, 'handle': None, 'class_name': 'TMainForm', 'title': 'WinWatt gólya', 'visible': True, 'enabled': True}]
2026-08-25 22:20:35.415 | INFO     | winwatt_automation.live_ui.app_connector:select_main_window:224 - Candidate ranking score=(1, 1, 1, 1, 1053945) data={'title': 'WinWatt gólya', 'window_text': 'WinWatt gólya', 'class_name': 'TMainForm', 'control_type': None, 'process_id': 24008, 'handle': None, 'is_visible': True, 'is_enabled': True, 'rectangle': {'left': 171, 'top': 96, 'right': 1170, 'bottom': 1151, 'width': 999, 'height': 1055}, 'size': {'width': 999, 'height': 1055}}
2026-08-25 22:20:35.415 | INFO     | winwatt_automation.live_ui.app_connector:select_main_window:234 - Selected main window process_id=24008 handle=None score=(1, 1, 1, 1, 1053945) reasons=['has_process_id=True', 'has_handle=False', 'visible=True', 'enabled=True', 'title_has_winwatt=True', 'area=1053945']
2026-08-25 22:20:35.415 | INFO     | winwatt_automation.live_ui.app_connector:_connect_with_win32_handle:293 - DBG_WINWATT_CONNECT_WIN32_SELECTED selected_payload={'title': 'WinWatt gólya', 'window_text': 'WinWatt gólya', 'class_name': 'TMainForm', 'control_type': None, 'process_id': 24008, 'handle': None, 'is_visible': True, 'is_enabled': True, 'rectangle': {'left': 171, 'top': 96, 'right': 1170, 'bottom': 1151, 'width': 999, 'height': 1055}, 'size': {'width': 999, 'height': 1055}} selected_handle_is_none=True
2026-08-25 22:20:35.415 | INFO     | winwatt_automation.live_ui.app_connector:_connect_with_win32_handle:336 - Connected to WinWatt backend=win32 attach_mode=process candidate={'process_id': 24008, 'handle': None, 'class_name': 'TMainForm', 'title': 'WinWatt gólya'}
2026-08-25 22:20:35.419 | INFO     | winwatt_automation.live_ui.app_connector:_connect_with_win32_handle:350 - DBG_WINWATT_CONNECT_WIN32_RESOLVED process_id=24008 resolved_handle=None selected_payload={'title': 'WinWatt gólya', 'window_text': 'WinWatt gólya', 'class_name': 'TMainForm', 'control_type': None, 'process_id': 24008, 'handle': None, 'is_visible': True, 'is_enabled': True, 'rectangle': {'left': 171, 'top': 96, 'right': 1170, 'bottom': 1151, 'width': 999, 'height': 1055}, 'size': {'width': 999, 'height': 1055}}
2026-08-25 22:20:35.419 | INFO     | winwatt_automation.live_ui.app_connector:_resolve_uia_main_window:382 - DBG_WINWATT_RESOLVE_UIA_WIN32_SELECTED selected_payload={'title': 'WinWatt gólya', 'window_text': 'WinWatt gólya', 'class_name': 'TMainForm', 'control_type': None, 'process_id': 24008, 'handle': None, 'is_visible': True, 'is_enabled': True, 'rectangle': {'left': 171, 'top': 96, 'right': 1170, 'bottom': 1151, 'width': 999, 'height': 1055}, 'size': {'width': 999, 'height': 1055}}
2026-08-25 22:20:35.419 | INFO     | winwatt_automation.live_ui.app_connector:_resolve_uia_main_window:388 - Connected to WinWatt backend=uia process_id=24008
2026-08-25 22:20:35.419 | INFO     | winwatt_automation.live_ui.app_connector:_resolve_uia_main_window:390 - Resolving main WinWatt window backend=uia class_name=TMainForm title_re=.*WinWatt.*
2026-08-25 22:20:35.896 | INFO     | winwatt_automation.live_ui.app_connector:_resolve_uia_main_window:400 - DBG_WINWATT_RESOLVE_UIA_PRIMARY selected_payload={'title': 'WinWatt gólya', 'window_text': 'WinWatt gólya', 'class_name': 'TMainForm', 'control_type': None, 'process_id': 24008, 'handle': None, 'is_visible': True, 'is_enabled': True, 'rectangle': {'left': 171, 'top': 96, 'right': 1170, 'bottom': 1151, 'width': 999, 'height': 1055}, 'size': {'width': 999, 'height': 1055}} primary_result={'wrapper_type': 'UIAWrapper', 'handle': 461944, 'process_id': 24008, 'title': 'WinWatt gólya', 'class_name': 'TMainForm', 'control_type': 'Window'} identity_match_with_win32=None
2026-08-25 22:20:35.896 | DEBUG    | winwatt_automation.live_ui.app_connector:get_cached_main_window:606 - DBG_PHASE_TIMING phase=get_cached_main_window elapsed_ms=593.000 reason_code=fresh_resolve
2026-08-25 22:20:36.129 | DEBUG    | winwatt_automation.live_ui.app_connector:get_cached_main_window:565 - DBG_WINWATT_CACHE_GET reason_code=cache_reused_without_validation payload={'wrapper_type': 'UIAWrapper', 'handle': 461944, 'process_id': 24008, 'title': 'WinWatt gólya', 'class_name': 'TMainForm', 'control_type': 'Window'} last_validation_age_s=0.21900000001187436 diagnostic_fast_mode=False
2026-08-25 22:20:36.129 | DEBUG    | winwatt_automation.live_ui.app_connector:get_cached_main_window:566 - DBG_PHASE_TIMING phase=get_cached_main_window elapsed_ms=16.000 reason_code=cache_reused_without_validation
2026-08-25 22:20:36.129 | DEBUG    | winwatt_automation.live_ui.app_connector:get_cached_main_window:565 - DBG_WINWATT_CACHE_GET reason_code=cache_reused_without_validation payload={'wrapper_type': 'UIAWrapper', 'handle': 461944, 'process_id': 24008, 'title': 'WinWatt gólya', 'class_name': 'TMainForm', 'control_type': 'Window'} last_validation_age_s=0.235000000015134 diagnostic_fast_mode=False
2026-08-25 22:20:36.129 | DEBUG    | winwatt_automation.live_ui.app_connector:get_cached_main_window:566 - DBG_PHASE_TIMING phase=get_cached_main_window elapsed_ms=0.000 reason_code=cache_reused_without_validation
2026-08-25 22:20:36.580 | INFO     | winwatt_automation.live_ui.menu_helpers:_menu_items:1101 - DBG_MENU_ITEMS_SUMMARY total_items=7 visible_items=7 topbar_band=(181, 106, 590, 159) topbar_band_visible_count=7 popup_region_visible_count=0 force_refresh=True handle=461944
2026-08-25 22:20:36.580 | DEBUG    | winwatt_automation.live_ui.menu_helpers:_menu_items:1111 - Discovered 7 MenuItem controls
2026-08-25 22:20:36.580 | DEBUG    | winwatt_automation.live_ui.menu_helpers:_log_phase_timing:83 - DBG_PHASE_TIMING phase=_menu_items elapsed_ms=469.000 force_refresh=True total_items=7 visible_items=7
2026-08-25 22:20:36.629 | INFO     | winwatt_automation.live_ui.menu_helpers:list_top_menu_items:1141 - Top-level menu items (raw): ['Rendszer', 'Fájl', 'Jegyzékek', 'Adatbázis...', 'Beállítások', 'Ablak', 'Súgó']
2026-08-25 22:20:36.629 | DEBUG    | winwatt_automation.live_ui.menu_helpers:_log_phase_timing:83 - DBG_PHASE_TIMING phase=list_top_menu_items elapsed_ms=516.000 count=7
2026-08-25 22:20:36.629 | DEBUG    | winwatt_automation.live_ui.app_connector:get_cached_main_window:565 - DBG_WINWATT_CACHE_GET reason_code=cache_reused_without_validation payload={'wrapper_type': 'UIAWrapper', 'handle': 461944, 'process_id': 24008, 'title': 'WinWatt gólya', 'class_name': 'TMainForm', 'control_type': 'Window'} last_validation_age_s=0.735000000015134 diagnostic_fast_mode=False
2026-08-25 22:20:36.629 | DEBUG    | winwatt_automation.live_ui.app_connector:get_cached_main_window:566 - DBG_PHASE_TIMING phase=get_cached_main_window elapsed_ms=0.000 reason_code=cache_reused_without_validation
2026-08-25 22:20:36.849 | DEBUG    | winwatt_automation.live_ui.app_connector:get_cached_main_window:565 - DBG_WINWATT_CACHE_GET reason_code=cache_reused_without_validation payload={'wrapper_type': 'UIAWrapper', 'handle': 461944, 'process_id': 24008, 'title': 'WinWatt gólya', 'class_name': 'TMainForm', 'control_type': 'Window'} last_validation_age_s=0.9530000000086147 diagnostic_fast_mode=False
2026-08-25 22:20:36.849 | DEBUG    | winwatt_automation.live_ui.app_connector:get_cached_main_window:566 - DBG_PHASE_TIMING phase=get_cached_main_window elapsed_ms=0.000 reason_code=cache_reused_without_validation
2026-08-25 22:20:36.849 | DEBUG    | winwatt_automation.live_ui.app_connector:get_cached_main_window:565 - DBG_WINWATT_CACHE_GET reason_code=cache_reused_without_validation payload={'wrapper_type': 'UIAWrapper', 'handle': 461944, 'process_id': 24008, 'title': 'WinWatt gólya', 'class_name': 'TMainForm', 'control_type': 'Window'} last_validation_age_s=0.9530000000086147 diagnostic_fast_mode=False
2026-08-25 22:20:36.849 | DEBUG    | winwatt_automation.live_ui.app_connector:get_cached_main_window:566 - DBG_PHASE_TIMING phase=get_cached_main_window elapsed_ms=0.000 reason_code=cache_reused_without_validation
2026-08-25 22:20:37.315 | INFO     | winwatt_automation.live_ui.menu_helpers:_menu_items:1101 - DBG_MENU_ITEMS_SUMMARY total_items=7 visible_items=7 topbar_band=(181, 106, 590, 159) topbar_band_visible_count=7 popup_region_visible_count=0 force_refresh=True handle=461944
2026-08-25 22:20:37.315 | DEBUG    | winwatt_automation.live_ui.menu_helpers:_menu_items:1111 - Discovered 7 MenuItem controls
2026-08-25 22:20:37.315 | DEBUG    | winwatt_automation.live_ui.menu_helpers:_log_phase_timing:83 - DBG_PHASE_TIMING phase=_menu_items elapsed_ms=469.000 force_refresh=True total_items=7 visible_items=7
2026-08-25 22:20:37.379 | INFO     | winwatt_automation.live_ui.menu_helpers:list_top_menu_items:1141 - Top-level menu items (raw): ['Rendszer', 'Fájl', 'Jegyzékek', 'Adatbázis...', 'Beállítások', 'Ablak', 'Súgó']
2026-08-25 22:20:37.379 | DEBUG    | winwatt_automation.live_ui.menu_helpers:_log_phase_timing:83 - DBG_PHASE_TIMING phase=list_top_menu_items elapsed_ms=532.000 count=7
2026-08-25 22:20:37.379 | DEBUG    | winwatt_automation.live_ui.app_connector:get_cached_main_window:565 - DBG_WINWATT_CACHE_GET reason_code=cache_reused_without_validation payload={'wrapper_type': 'UIAWrapper', 'handle': 461944, 'process_id': 24008, 'title': 'WinWatt gólya', 'class_name': 'TMainForm', 'control_type': 'Window'} last_validation_age_s=1.485000000015134 diagnostic_fast_mode=False
2026-08-25 22:20:37.379 | DEBUG    | winwatt_automation.live_ui.app_connector:get_cached_main_window:566 - DBG_PHASE_TIMING phase=get_cached_main_window elapsed_ms=0.000 reason_code=cache_reused_without_validation
2026-08-25 22:20:37.580 | DEBUG    | winwatt_automation.live_ui.app_connector:get_cached_main_window:565 - DBG_WINWATT_CACHE_GET reason_code=cache_reused_without_validation payload={'wrapper_type': 'UIAWrapper', 'handle': 461944, 'process_id': 24008, 'title': 'WinWatt gólya', 'class_name': 'TMainForm', 'control_type': 'Window'} last_validation_age_s=1.672000000020489 diagnostic_fast_mode=False
2026-08-25 22:20:37.580 | DEBUG    | winwatt_automation.live_ui.app_connector:get_cached_main_window:566 - DBG_PHASE_TIMING phase=get_cached_main_window elapsed_ms=16.000 reason_code=cache_reused_without_validation
2026-08-25 22:20:37.580 | DEBUG    | winwatt_automation.live_ui.app_connector:get_cached_main_window:565 - DBG_WINWATT_CACHE_GET reason_code=cache_reused_without_validation payload={'wrapper_type': 'UIAWrapper', 'handle': 461944, 'process_id': 24008, 'title': 'WinWatt gólya', 'class_name': 'TMainForm', 'control_type': 'Window'} last_validation_age_s=1.687999999994645 diagnostic_fast_mode=False
2026-08-25 22:20:37.580 | DEBUG    | winwatt_automation.live_ui.app_connector:get_cached_main_window:566 - DBG_PHASE_TIMING phase=get_cached_main_window elapsed_ms=0.000 reason_code=cache_reused_without_validation
2026-08-25 22:20:38.030 | INFO     | winwatt_automation.live_ui.menu_helpers:_menu_items:1101 - DBG_MENU_ITEMS_SUMMARY total_items=7 visible_items=7 topbar_band=(181, 106, 590, 159) topbar_band_visible_count=7 popup_region_visible_count=0 force_refresh=True handle=461944
2026-08-25 22:20:38.030 | DEBUG    | winwatt_automation.live_ui.menu_helpers:_menu_items:1111 - Discovered 7 MenuItem controls
2026-08-25 22:20:38.031 | DEBUG    | winwatt_automation.live_ui.menu_helpers:_log_phase_timing:83 - DBG_PHASE_TIMING phase=_menu_items elapsed_ms=469.000 force_refresh=True total_items=7 visible_items=7
2026-08-25 22:20:38.080 | INFO     | winwatt_automation.live_ui.menu_helpers:list_top_menu_items:1141 - Top-level menu items (raw): ['Rendszer', 'Fájl', 'Jegyzékek', 'Adatbázis...', 'Beállítások', 'Ablak', 'Súgó']
2026-08-25 22:20:38.080 | DEBUG    | winwatt_automation.live_ui.menu_helpers:_log_phase_timing:83 - DBG_PHASE_TIMING phase=list_top_menu_items elapsed_ms=516.000 count=7
2026-08-25 22:20:38.080 | DEBUG    | winwatt_automation.live_ui.app_connector:get_cached_main_window:565 - DBG_WINWATT_CACHE_GET reason_code=cache_reused_without_validation payload={'wrapper_type': 'UIAWrapper', 'handle': 461944, 'process_id': 24008, 'title': 'WinWatt gólya', 'class_name': 'TMainForm', 'control_type': 'Window'} last_validation_age_s=2.187999999994645 diagnostic_fast_mode=False
2026-08-25 22:20:38.080 | DEBUG    | winwatt_automation.live_ui.app_connector:get_cached_main_window:566 - DBG_PHASE_TIMING phase=get_cached_main_window elapsed_ms=0.000 reason_code=cache_reused_without_validation
2026-08-25 22:20:38.080 | DEBUG    | winwatt_automation.runtime_mapping.menu_text:normalize_menu_title:31 - normalize_menu_title ellipsis_handled raw="Adatbázis..." normalized="adatbázis"
2026-08-25 22:20:38.080 | DEBUG    | winwatt_automation.runtime_mapping.menu_text:normalize_menu_title:31 - normalize_menu_title ellipsis_handled raw="Adatbázis..." normalized="adatbázis"
2026-08-25 22:20:38.080 | DEBUG    | winwatt_automation.runtime_mapping.menu_text:normalize_menu_title:31 - normalize_menu_title ellipsis_handled raw="Adatbázis..." normalized="adatbázis"
2026-08-25 22:20:38.080 | INFO     | winwatt_automation.runtime_mapping.program_mapper:get_canonical_top_menu_names:924 - Canonical top-level menus [7]: ['Rendszer', 'Fájl', 'Jegyzékek', 'Adatbázis...', 'Beállítások', 'Ablak', 'Súgó']
2026-08-25 22:20:38.080 | INFO     | winwatt_automation.runtime_mapping.program_mapper:map_runtime_state:4276 - MAP_RUNTIME_STATE_SELECTION state_id=no_project discovered=['Rendszer', 'Fájl', 'Jegyzékek', 'Adatbázis...', 'Beállítások', 'Ablak', 'Súgó'] canonical=['Rendszer', 'Fájl', 'Jegyzékek', 'Adatbázis...', 'Beállítások', 'Ablak', 'Súgó'] requested=['fájl'] normalized_targets=['fájl']
2026-08-25 22:20:38.080 | DEBUG    | winwatt_automation.live_ui.app_connector:get_cached_main_window:565 - DBG_WINWATT_CACHE_GET reason_code=cache_reused_without_validation payload={'wrapper_type': 'UIAWrapper', 'handle': 461944, 'process_id': 24008, 'title': 'WinWatt gólya', 'class_name': 'TMainForm', 'control_type': 'Window'} last_validation_age_s=2.187999999994645 diagnostic_fast_mode=False
2026-08-25 22:20:38.080 | DEBUG    | winwatt_automation.live_ui.app_connector:get_cached_main_window:566 - DBG_PHASE_TIMING phase=get_cached_main_window elapsed_ms=0.000 reason_code=cache_reused_without_validation
2026-08-25 22:20:38.183 | DEBUG    | winwatt_automation.live_ui.app_connector:get_cached_main_window:565 - DBG_WINWATT_CACHE_GET reason_code=cache_reused_without_validation payload={'wrapper_type': 'UIAWrapper', 'handle': 461944, 'process_id': 24008, 'title': 'WinWatt gólya', 'class_name': 'TMainForm', 'control_type': 'Window'} last_validation_age_s=2.2820000000065193 diagnostic_fast_mode=False
2026-08-25 22:20:38.183 | DEBUG    | winwatt_automation.live_ui.app_connector:get_cached_main_window:566 - DBG_PHASE_TIMING phase=get_cached_main_window elapsed_ms=0.000 reason_code=cache_reused_without_validation
2026-08-25 22:20:38.186 | DEBUG    | winwatt_automation.live_ui.app_connector:get_cached_main_window:565 - DBG_WINWATT_CACHE_GET reason_code=cache_reused_without_validation payload={'wrapper_type': 'UIAWrapper', 'handle': 461944, 'process_id': 24008, 'title': 'WinWatt gólya', 'class_name': 'TMainForm', 'control_type': 'Window'} last_validation_age_s=2.2820000000065193 diagnostic_fast_mode=False
2026-08-25 22:20:38.187 | DEBUG    | winwatt_automation.live_ui.app_connector:get_cached_main_window:566 - DBG_PHASE_TIMING phase=get_cached_main_window elapsed_ms=15.000 reason_code=cache_reused_without_validation
2026-08-25 22:20:38.189 | INFO     | winwatt_automation.live_ui.menu_helpers:_menu_items:1101 - DBG_MENU_ITEMS_SUMMARY total_items=7 visible_items=7 topbar_band=(181, 106, 590, 159) topbar_band_visible_count=7 popup_region_visible_count=0 force_refresh=False handle=461944
2026-08-25 22:20:38.190 | DEBUG    | winwatt_automation.live_ui.menu_helpers:_menu_items:1111 - Discovered 7 MenuItem controls
2026-08-25 22:20:38.190 | DEBUG    | winwatt_automation.live_ui.menu_helpers:_log_phase_timing:83 - DBG_PHASE_TIMING phase=_menu_items elapsed_ms=15.000 force_refresh=False total_items=7 visible_items=7
2026-08-25 22:20:38.190 | DEBUG    | winwatt_automation.live_ui.menu_helpers:_log_popup_fragment:499 - DBG_MENU_FRAGMENT_MAIN_WINDOW source_scope=main_window control_type=MenuItem class_name= text='Rendszer' rectangle={'left': 181, 'top': 106, 'right': 209, 'bottom': 134} center=(195, 120) process_id=24008 native_handle=None topbar_candidate=True popup_candidate=False
2026-08-25 22:20:38.191 | DEBUG    | winwatt_automation.live_ui.menu_helpers:_log_popup_fragment:499 - DBG_MENU_FRAGMENT_MAIN_WINDOW source_scope=main_window control_type=MenuItem class_name= text='Fájl' rectangle={'left': 181, 'top': 135, 'right': 221, 'bottom': 159} center=(201, 147) process_id=24008 native_handle=None topbar_candidate=True popup_candidate=False
2026-08-25 22:20:38.192 | DEBUG    | winwatt_automation.live_ui.menu_helpers:_log_popup_fragment:499 - DBG_MENU_FRAGMENT_MAIN_WINDOW source_scope=main_window control_type=MenuItem class_name= text='Jegyzékek' rectangle={'left': 221, 'top': 135, 'right': 304, 'bottom': 159} center=(262, 147) process_id=24008 native_handle=None topbar_candidate=True popup_candidate=False
2026-08-25 22:20:38.192 | DEBUG    | winwatt_automation.live_ui.menu_helpers:_log_popup_fragment:499 - DBG_MENU_FRAGMENT_MAIN_WINDOW source_scope=main_window control_type=MenuItem class_name= text='Adatbázis...' rectangle={'left': 304, 'top': 135, 'right': 397, 'bottom': 159} center=(350, 147) process_id=24008 native_handle=None topbar_candidate=True popup_candidate=False
2026-08-25 22:20:38.193 | DEBUG    | winwatt_automation.live_ui.menu_helpers:_log_popup_fragment:499 - DBG_MENU_FRAGMENT_MAIN_WINDOW source_scope=main_window control_type=MenuItem class_name= text='Beállítások' rectangle={'left': 396, 'top': 135, 'right': 484, 'bottom': 159} center=(440, 147) process_id=24008 native_handle=None topbar_candidate=True popup_candidate=False
2026-08-25 22:20:38.194 | DEBUG    | winwatt_automation.live_ui.menu_helpers:_log_popup_fragment:499 - DBG_MENU_FRAGMENT_MAIN_WINDOW source_scope=main_window control_type=MenuItem class_name= text='Ablak' rectangle={'left': 484, 'top': 135, 'right': 539, 'bottom': 159} center=(511, 147) process_id=24008 native_handle=None topbar_candidate=True popup_candidate=False
2026-08-25 22:20:38.195 | DEBUG    | winwatt_automation.live_ui.menu_helpers:_log_popup_fragment:499 - DBG_MENU_FRAGMENT_MAIN_WINDOW source_scope=main_window control_type=MenuItem class_name= text='Súgó' rectangle={'left': 539, 'top': 135, 'right': 590, 'bottom': 159} center=(564, 147) process_id=24008 native_handle=None topbar_candidate=True popup_candidate=False
2026-08-25 22:20:38.195 | DEBUG    | winwatt_automation.live_ui.menu_helpers:_menu_like_controls_from_main_window:1599 - DBG_MENU_FRAGMENT_SOURCE_SUMMARY source_scope=main_window count=7
2026-08-25 22:20:38.200 | DEBUG    | winwatt_automation.live_ui.app_connector:get_cached_main_window:565 - DBG_WINWATT_CACHE_GET reason_code=cache_reused_without_validation payload={'wrapper_type': 'UIAWrapper', 'handle': 461944, 'process_id': 24008, 'title': 'WinWatt gólya', 'class_name': 'TMainForm', 'control_type': 'Window'} last_validation_age_s=2.297000000020489 diagnostic_fast_mode=False
2026-08-25 22:20:38.200 | DEBUG    | winwatt_automation.live_ui.app_connector:get_cached_main_window:566 - DBG_PHASE_TIMING phase=get_cached_main_window elapsed_ms=16.000 reason_code=cache_reused_without_validation
2026-08-25 22:20:38.204 | DEBUG    | winwatt_automation.live_ui.app_connector:get_cached_main_window:565 - DBG_WINWATT_CACHE_GET reason_code=cache_reused_without_validation payload={'wrapper_type': 'UIAWrapper', 'handle': 461944, 'process_id': 24008, 'title': 'WinWatt gólya', 'class_name': 'TMainForm', 'control_type': 'Window'} last_validation_age_s=2.312999999994645 diagnostic_fast_mode=False
2026-08-25 22:20:38.204 | DEBUG    | winwatt_automation.live_ui.app_connector:get_cached_main_window:566 - DBG_PHASE_TIMING phase=get_cached_main_window elapsed_ms=0.000 reason_code=cache_reused_without_validation
2026-08-25 22:20:38.413 | DEBUG    | winwatt_automation.live_ui.menu_helpers:_log_popup_fragment:499 - DBG_MENU_FRAGMENT_GLOBAL_SCAN source_scope=global_process_scan control_type=MenuItem class_name= text='Rendszer' rectangle={'left': 181, 'top': 106, 'right': 209, 'bottom': 134} center=(195, 120) process_id=24008 native_handle=None topbar_candidate=True popup_candidate=False
2026-08-25 22:20:38.413 | DEBUG    | winwatt_automation.live_ui.menu_helpers:_log_popup_fragment:499 - DBG_MENU_FRAGMENT_GLOBAL_SCAN source_scope=global_process_scan control_type=MenuItem class_name= text='Fájl' rectangle={'left': 181, 'top': 135, 'right': 221, 'bottom': 159} center=(201, 147) process_id=24008 native_handle=None topbar_candidate=True popup_candidate=False
2026-08-25 22:20:38.413 | DEBUG    | winwatt_automation.live_ui.menu_helpers:_log_popup_fragment:499 - DBG_MENU_FRAGMENT_GLOBAL_SCAN source_scope=global_process_scan control_type=MenuItem class_name= text='Jegyzékek' rectangle={'left': 221, 'top': 135, 'right': 304, 'bottom': 159} center=(262, 147) process_id=24008 native_handle=None topbar_candidate=True popup_candidate=False
2026-08-25 22:20:38.413 | DEBUG    | winwatt_automation.live_ui.menu_helpers:_log_popup_fragment:499 - DBG_MENU_FRAGMENT_GLOBAL_SCAN source_scope=global_process_scan control_type=MenuItem class_name= text='Adatbázis...' rectangle={'left': 304, 'top': 135, 'right': 397, 'bottom': 159} center=(350, 147) process_id=24008 native_handle=None topbar_candidate=True popup_candidate=False
2026-08-25 22:20:38.413 | DEBUG    | winwatt_automation.live_ui.menu_helpers:_log_popup_fragment:499 - DBG_MENU_FRAGMENT_GLOBAL_SCAN source_scope=global_process_scan control_type=MenuItem class_name= text='Beállítások' rectangle={'left': 396, 'top': 135, 'right': 484, 'bottom': 159} center=(440, 147) process_id=24008 native_handle=None topbar_candidate=True popup_candidate=False
2026-08-25 22:20:38.413 | DEBUG    | winwatt_automation.live_ui.menu_helpers:_log_popup_fragment:499 - DBG_MENU_FRAGMENT_GLOBAL_SCAN source_scope=global_process_scan control_type=MenuItem class_name= text='Ablak' rectangle={'left': 484, 'top': 135, 'right': 539, 'bottom': 159} center=(511, 147) process_id=24008 native_handle=None topbar_candidate=True popup_candidate=False
2026-08-25 22:20:38.413 | DEBUG    | winwatt_automation.live_ui.menu_helpers:_log_popup_fragment:499 - DBG_MENU_FRAGMENT_GLOBAL_SCAN source_scope=global_process_scan control_type=MenuItem class_name= text='Súgó' rectangle={'left': 539, 'top': 135, 'right': 590, 'bottom': 159} center=(564, 147) process_id=24008 native_handle=None topbar_candidate=True popup_candidate=False
2026-08-25 22:20:38.463 | DEBUG    | winwatt_automation.live_ui.menu_helpers:_menu_like_controls_from_global_process_scan:1631 - DBG_MENU_FRAGMENT_SOURCE_SUMMARY source_scope=global_process_scan count=7 process_id=24008
2026-08-25 22:20:38.469 | DEBUG    | winwatt_automation.live_ui.app_connector:get_cached_main_window:565 - DBG_WINWATT_CACHE_GET reason_code=cache_reused_without_validation payload={'wrapper_type': 'UIAWrapper', 'handle': 461944, 'process_id': 24008, 'title': 'WinWatt gólya', 'class_name': 'TMainForm', 'control_type': 'Window'} last_validation_age_s=2.562999999994645 diagnostic_fast_mode=False
2026-08-25 22:20:38.469 | DEBUG    | winwatt_automation.live_ui.app_connector:get_cached_main_window:566 - DBG_PHASE_TIMING phase=get_cached_main_window elapsed_ms=15.000 reason_code=cache_reused_without_validation
2026-08-25 22:20:38.469 | DEBUG    | winwatt_automation.live_ui.menu_helpers:capture_menu_popup_snapshot:1682 - DBG_POPUP_ROW_DEDUPE rect={'left': 181, 'top': 106, 'right': 209, 'bottom': 134} normalized_text=rendszer class_name= source_scope=main_window deduplicated=False
2026-08-25 22:20:38.469 | DEBUG    | winwatt_automation.live_ui.menu_helpers:capture_menu_popup_snapshot:1682 - DBG_POPUP_ROW_DEDUPE rect={'left': 181, 'top': 135, 'right': 221, 'bottom': 159} normalized_text=fájl class_name= source_scope=main_window deduplicated=False
2026-08-25 22:20:38.469 | DEBUG    | winwatt_automation.live_ui.menu_helpers:capture_menu_popup_snapshot:1682 - DBG_POPUP_ROW_DEDUPE rect={'left': 221, 'top': 135, 'right': 304, 'bottom': 159} normalized_text=jegyzékek class_name= source_scope=main_window deduplicated=False
2026-08-25 22:20:38.469 | DEBUG    | winwatt_automation.live_ui.menu_helpers:capture_menu_popup_snapshot:1682 - DBG_POPUP_ROW_DEDUPE rect={'left': 304, 'top': 135, 'right': 397, 'bottom': 159} normalized_text=adatbázis... class_name= source_scope=main_window deduplicated=False
2026-08-25 22:20:38.469 | DEBUG    | winwatt_automation.live_ui.menu_helpers:capture_menu_popup_snapshot:1682 - DBG_POPUP_ROW_DEDUPE rect={'left': 396, 'top': 135, 'right': 484, 'bottom': 159} normalized_text=beállítások class_name= source_scope=main_window deduplicated=False
2026-08-25 22:20:38.469 | DEBUG    | winwatt_automation.live_ui.menu_helpers:capture_menu_popup_snapshot:1682 - DBG_POPUP_ROW_DEDUPE rect={'left': 484, 'top': 135, 'right': 539, 'bottom': 159} normalized_text=ablak class_name= source_scope=main_window deduplicated=False
2026-08-25 22:20:38.469 | DEBUG    | winwatt_automation.live_ui.menu_helpers:capture_menu_popup_snapshot:1682 - DBG_POPUP_ROW_DEDUPE rect={'left': 539, 'top': 135, 'right': 590, 'bottom': 159} normalized_text=súgó class_name= source_scope=main_window deduplicated=False
2026-08-25 22:20:38.469 | DEBUG    | winwatt_automation.live_ui.menu_helpers:capture_menu_popup_snapshot:1682 - DBG_POPUP_ROW_DEDUPE rect={'left': 181, 'top': 106, 'right': 209, 'bottom': 134} normalized_text=rendszer class_name= source_scope=global_process_scan deduplicated=False
2026-08-25 22:20:38.469 | DEBUG    | winwatt_automation.live_ui.menu_helpers:capture_menu_popup_snapshot:1682 - DBG_POPUP_ROW_DEDUPE rect={'left': 181, 'top': 135, 'right': 221, 'bottom': 159} normalized_text=fájl class_name= source_scope=global_process_scan deduplicated=False
2026-08-25 22:20:38.469 | DEBUG    | winwatt_automation.live_ui.menu_helpers:capture_menu_popup_snapshot:1682 - DBG_POPUP_ROW_DEDUPE rect={'left': 221, 'top': 135, 'right': 304, 'bottom': 159} normalized_text=jegyzékek class_name= source_scope=global_process_scan deduplicated=False
2026-08-25 22:20:38.469 | DEBUG    | winwatt_automation.live_ui.menu_helpers:capture_menu_popup_snapshot:1682 - DBG_POPUP_ROW_DEDUPE rect={'left': 304, 'top': 135, 'right': 397, 'bottom': 159} normalized_text=adatbázis... class_name= source_scope=global_process_scan deduplicated=False
2026-08-25 22:20:38.469 | DEBUG    | winwatt_automation.live_ui.menu_helpers:capture_menu_popup_snapshot:1682 - DBG_POPUP_ROW_DEDUPE rect={'left': 396, 'top': 135, 'right': 484, 'bottom': 159} normalized_text=beállítások class_name= source_scope=global_process_scan deduplicated=False
2026-08-25 22:20:38.469 | DEBUG    | winwatt_automation.live_ui.menu_helpers:capture_menu_popup_snapshot:1682 - DBG_POPUP_ROW_DEDUPE rect={'left': 484, 'top': 135, 'right': 539, 'bottom': 159} normalized_text=ablak class_name= source_scope=global_process_scan deduplicated=False
2026-08-25 22:20:38.469 | DEBUG    | winwatt_automation.live_ui.menu_helpers:capture_menu_popup_snapshot:1682 - DBG_POPUP_ROW_DEDUPE rect={'left': 539, 'top': 135, 'right': 590, 'bottom': 159} normalized_text=súgó class_name= source_scope=global_process_scan deduplicated=False
2026-08-25 22:20:38.469 | INFO     | winwatt_automation.live_ui.menu_helpers:capture_menu_popup_snapshot:1724 - POPUP_SNAPSHOT_SUMMARY main_window_fragments=7 global_scan_fragments=7 deduped_fragments=14 topbar_like=12 popup_like=0 empty_text=0 topbar_band=(181, 135, 590, 159) empty_text_vertical_cluster_detected=False accepted_popup_rows=0 popup_heuristic=candidate_count_below_threshold
2026-08-25 22:20:38.472 | DEBUG    | winwatt_automation.live_ui.menu_helpers:capture_menu_popup_snapshot:1737 - Captured menu snapshot rows=14
2026-08-25 22:20:38.472 | DEBUG    | winwatt_automation.live_ui.menu_helpers:_log_phase_timing:83 - DBG_PHASE_TIMING phase=capture_menu_popup_snapshot elapsed_ms=390.000 main_rows=7 global_rows=7 unique_rows=14 diagnostic_fast_mode=False
2026-08-25 22:20:38.482 | DEBUG    | winwatt_automation.live_ui.app_connector:get_cached_main_window:565 - DBG_WINWATT_CACHE_GET reason_code=cache_reused_without_validation payload={'wrapper_type': 'UIAWrapper', 'handle': 461944, 'process_id': 24008, 'title': 'WinWatt gólya', 'class_name': 'TMainForm', 'control_type': 'Window'} last_validation_age_s=2.5780000000086147 diagnostic_fast_mode=False
2026-08-25 22:20:38.482 | DEBUG    | winwatt_automation.live_ui.app_connector:get_cached_main_window:566 - DBG_PHASE_TIMING phase=get_cached_main_window elapsed_ms=16.000 reason_code=cache_reused_without_validation
2026-08-25 22:20:38.790 | DEBUG    | winwatt_automation.live_ui.app_connector:get_cached_main_window:565 - DBG_WINWATT_CACHE_GET reason_code=cache_reused_without_validation payload={'wrapper_type': 'UIAWrapper', 'handle': 461944, 'process_id': 24008, 'title': 'WinWatt gólya', 'class_name': 'TMainForm', 'control_type': 'Window'} last_validation_age_s=2.8910000000032596 diagnostic_fast_mode=False
2026-08-25 22:20:38.790 | DEBUG    | winwatt_automation.live_ui.app_connector:get_cached_main_window:566 - DBG_PHASE_TIMING phase=get_cached_main_window elapsed_ms=0.000 reason_code=cache_reused_without_validation
2026-08-25 22:20:38.792 | DEBUG    | winwatt_automation.live_ui.app_connector:get_cached_main_window:565 - DBG_WINWATT_CACHE_GET reason_code=cache_reused_without_validation payload={'wrapper_type': 'UIAWrapper', 'handle': 461944, 'process_id': 24008, 'title': 'WinWatt gólya', 'class_name': 'TMainForm', 'control_type': 'Window'} last_validation_age_s=2.8910000000032596 diagnostic_fast_mode=False
2026-08-25 22:20:38.792 | DEBUG    | winwatt_automation.live_ui.app_connector:get_cached_main_window:566 - DBG_PHASE_TIMING phase=get_cached_main_window elapsed_ms=0.000 reason_code=cache_reused_without_validation
2026-08-25 22:20:39.258 | INFO     | winwatt_automation.live_ui.menu_helpers:_menu_items:1101 - DBG_MENU_ITEMS_SUMMARY total_items=7 visible_items=7 topbar_band=(181, 106, 590, 159) topbar_band_visible_count=7 popup_region_visible_count=0 force_refresh=True handle=461944
2026-08-25 22:20:39.259 | DEBUG    | winwatt_automation.live_ui.menu_helpers:_menu_items:1111 - Discovered 7 MenuItem controls
2026-08-25 22:20:39.259 | DEBUG    | winwatt_automation.live_ui.menu_helpers:_log_phase_timing:83 - DBG_PHASE_TIMING phase=_menu_items elapsed_ms=469.000 force_refresh=True total_items=7 visible_items=7
2026-08-25 22:20:39.329 | INFO     | winwatt_automation.live_ui.menu_helpers:list_top_menu_items:1141 - Top-level menu items (raw): ['Rendszer', 'Fájl', 'Jegyzékek', 'Adatbázis...', 'Beállítások', 'Ablak', 'Súgó']
2026-08-25 22:20:39.329 | DEBUG    | winwatt_automation.live_ui.menu_helpers:_log_phase_timing:83 - DBG_PHASE_TIMING phase=list_top_menu_items elapsed_ms=547.000 count=7
2026-08-25 22:20:39.329 | DEBUG    | winwatt_automation.runtime_mapping.menu_text:normalize_menu_title:31 - normalize_menu_title ellipsis_handled raw="Adatbázis..." normalized="adatbázis"
2026-08-25 22:20:39.329 | DEBUG    | winwatt_automation.runtime_mapping.menu_text:normalize_menu_title:31 - normalize_menu_title ellipsis_handled raw="Adatbázis..." normalized="adatbázis"
2026-08-25 22:20:39.329 | INFO     | winwatt_automation.runtime_mapping.program_mapper:explore_menu_tree:3583 - DBG_WINWATT_NORMAL_MENU_OPEN_NO_POPUP state=no_project top_menu=Fájl attempt=0 raw_row_count=14 popup_like_count=0 topbar_like_count=12 filtered_row_count=0
2026-08-25 22:20:39.329 | INFO     | winwatt_automation.runtime_mapping.program_mapper:_open_and_capture_root_menu:1489 - DBG_WINWATT_NORMAL_MENU_OPEN_START state=no_project top_menu=Fájl menu_kind=normal
2026-08-25 22:20:39.329 | DEBUG    | winwatt_automation.live_ui.app_connector:get_cached_main_window:565 - DBG_WINWATT_CACHE_GET reason_code=cache_reused_without_validation payload={'wrapper_type': 'UIAWrapper', 'handle': 461944, 'process_id': 24008, 'title': 'WinWatt gólya', 'class_name': 'TMainForm', 'control_type': 'Window'} last_validation_age_s=3.437999999994645 diagnostic_fast_mode=False
2026-08-25 22:20:39.329 | DEBUG    | winwatt_automation.live_ui.app_connector:get_cached_main_window:566 - DBG_PHASE_TIMING phase=get_cached_main_window elapsed_ms=0.000 reason_code=cache_reused_without_validation
2026-08-25 22:20:39.529 | DEBUG    | winwatt_automation.live_ui.app_connector:get_cached_main_window:565 - DBG_WINWATT_CACHE_GET reason_code=cache_reused_without_validation payload={'wrapper_type': 'UIAWrapper', 'handle': 461944, 'process_id': 24008, 'title': 'WinWatt gólya', 'class_name': 'TMainForm', 'control_type': 'Window'} last_validation_age_s=3.625 diagnostic_fast_mode=False
2026-08-25 22:20:39.529 | DEBUG    | winwatt_automation.live_ui.app_connector:get_cached_main_window:566 - DBG_PHASE_TIMING phase=get_cached_main_window elapsed_ms=16.000 reason_code=cache_reused_without_validation
2026-08-25 22:20:39.529 | DEBUG    | winwatt_automation.live_ui.app_connector:get_cached_main_window:565 - DBG_WINWATT_CACHE_GET reason_code=cache_reused_without_validation payload={'wrapper_type': 'UIAWrapper', 'handle': 461944, 'process_id': 24008, 'title': 'WinWatt gólya', 'class_name': 'TMainForm', 'control_type': 'Window'} last_validation_age_s=3.6410000000032596 diagnostic_fast_mode=False
2026-08-25 22:20:39.529 | DEBUG    | winwatt_automation.live_ui.app_connector:get_cached_main_window:566 - DBG_PHASE_TIMING phase=get_cached_main_window elapsed_ms=0.000 reason_code=cache_reused_without_validation
2026-08-25 22:20:40.014 | INFO     | winwatt_automation.live_ui.menu_helpers:_menu_items:1101 - DBG_MENU_ITEMS_SUMMARY total_items=7 visible_items=7 topbar_band=(181, 106, 590, 159) topbar_band_visible_count=7 popup_region_visible_count=0 force_refresh=True handle=461944
2026-08-25 22:20:40.014 | DEBUG    | winwatt_automation.live_ui.menu_helpers:_menu_items:1111 - Discovered 7 MenuItem controls
2026-08-25 22:20:40.014 | DEBUG    | winwatt_automation.live_ui.menu_helpers:_log_phase_timing:83 - DBG_PHASE_TIMING phase=_menu_items elapsed_ms=500.000 force_refresh=True total_items=7 visible_items=7
2026-08-25 22:20:40.079 | INFO     | winwatt_automation.live_ui.menu_helpers:list_top_menu_items:1141 - Top-level menu items (raw): ['Rendszer', 'Fájl', 'Jegyzékek', 'Adatbázis...', 'Beállítások', 'Ablak', 'Súgó']
2026-08-25 22:20:40.079 | DEBUG    | winwatt_automation.live_ui.menu_helpers:_log_phase_timing:83 - DBG_PHASE_TIMING phase=list_top_menu_items elapsed_ms=563.000 count=7
2026-08-25 22:20:40.079 | INFO     | winwatt_automation.live_ui.app_connector:is_winwatt_foreground_context:1123 - DBG_WINWATT_FOREGROUND_CONTEXT expected_handle=461944 expected_process_id=24008 expected_title=WinWatt gólya expected_class_name=TMainForm actual_foreground_handle=461944 actual_foreground_process_id=24008 actual_foreground_title=WinWatt gólya actual_foreground_class_name=TMainForm allow_dialog=True result_reason=handle_match
2026-08-25 22:20:40.079 | INFO     | winwatt_automation.live_ui.app_connector:_cached_window_health_status:489 - DBG_WINWATT_CACHE_HEALTH reason_code=healthy payload={'wrapper_type': 'UIAWrapper', 'handle': 461944, 'process_id': 24008, 'title': 'WinWatt gólya', 'class_name': 'TMainForm', 'control_type': 'Window'}
2026-08-25 22:20:40.079 | DEBUG    | winwatt_automation.live_ui.app_connector:get_cached_main_window:574 - DBG_WINWATT_CACHE_GET reason_code=cache_validated_ok payload={'wrapper_type': 'UIAWrapper', 'handle': 461944, 'process_id': 24008, 'title': 'WinWatt gólya', 'class_name': 'TMainForm', 'control_type': 'Window'} last_validation_age_s=4.187999999994645 diagnostic_fast_mode=False
2026-08-25 22:20:40.079 | DEBUG    | winwatt_automation.live_ui.app_connector:get_cached_main_window:575 - DBG_PHASE_TIMING phase=get_cached_main_window elapsed_ms=0.000 reason_code=cache_validated_ok
2026-08-25 22:20:40.146 | INFO     | winwatt_automation.live_ui.app_connector:prepare_main_window_for_menu_interaction:970 - Preparing WinWatt window for menu interaction
2026-08-25 22:20:40.146 | DEBUG    | winwatt_automation.live_ui.app_connector:get_cached_main_window:565 - DBG_WINWATT_CACHE_GET reason_code=cache_reused_without_validation payload={'wrapper_type': 'UIAWrapper', 'handle': 461944, 'process_id': 24008, 'title': 'WinWatt gólya', 'class_name': 'TMainForm', 'control_type': 'Window'} last_validation_age_s=0.062000000005355105 diagnostic_fast_mode=False
2026-08-25 22:20:40.146 | DEBUG    | winwatt_automation.live_ui.app_connector:get_cached_main_window:566 - DBG_PHASE_TIMING phase=get_cached_main_window elapsed_ms=0.000 reason_code=cache_reused_without_validation
2026-08-25 22:20:40.146 | INFO     | winwatt_automation.live_ui.app_connector:prepare_main_window_for_menu_interaction:990 - Window state before: normal
2026-08-25 22:20:40.146 | INFO     | winwatt_automation.live_ui.app_connector:prepare_main_window_for_menu_interaction:1011 - Window maximized
2026-08-25 22:20:40.164 | INFO     | winwatt_automation.live_ui.app_connector:prepare_main_window_for_menu_interaction:1020 - Focus confirmed
2026-08-25 22:20:40.164 | DEBUG    | winwatt_automation.live_ui.app_connector:get_cached_main_window:565 - DBG_WINWATT_CACHE_GET reason_code=cache_reused_without_validation payload={'wrapper_type': 'UIAWrapper', 'handle': 461944, 'process_id': 24008, 'title': 'WinWatt gólya', 'class_name': 'TMainForm', 'control_type': 'Window'} last_validation_age_s=0.07800000000861473 diagnostic_fast_mode=False
2026-08-25 22:20:40.164 | DEBUG    | winwatt_automation.live_ui.app_connector:get_cached_main_window:566 - DBG_PHASE_TIMING phase=get_cached_main_window elapsed_ms=0.000 reason_code=cache_reused_without_validation
2026-08-25 22:20:40.199 | INFO     | winwatt_automation.live_ui.app_connector:ensure_main_window_foreground_before_click:1179 - DBG_WINWATT_FOCUS_GUARD_PRECHECK action_label=click_top_menu_item:Fájl wrapper_type=UIAWrapper cached_handle=461944 cached_pid=24008 cached_title=WinWatt gólya cached_class=TMainForm precheck_exists=False precheck_visible=True precheck_enabled=True rect={'left': -10, 'top': -10, 'right': 1930, 'bottom': 1030, 'width': 1940, 'height': 1040}
2026-08-25 22:20:40.199 | WARNING  | winwatt_automation.live_ui.app_connector:ensure_main_window_foreground_before_click:1277 - DBG_WINWATT_FOCUS_GUARD_CLICK_OVERRIDE action_label=click_top_menu_item:Fájl reason=exists_false_but_identity_strong wrapper_type=UIAWrapper identity_reasons=['handle', 'process_id', 'title', 'class_name', 'rect', 'visible', 'enabled'] cached_identity={'wrapper_type': 'UIAWrapper', 'handle': 461944, 'process_id': 24008, 'title': 'WinWatt gólya', 'class_name': 'TMainForm', 'control_type': 'Window'} rect={'left': -10, 'top': -10, 'right': 1930, 'bottom': 1030, 'width': 1940, 'height': 1040}
2026-08-25 22:20:40.216 | INFO     | winwatt_automation.live_ui.app_connector:is_winwatt_foreground_context:1123 - DBG_WINWATT_FOREGROUND_CONTEXT expected_handle=461944 expected_process_id=24008 expected_title=WinWatt gólya expected_class_name=TMainForm actual_foreground_handle=461944 actual_foreground_process_id=24008 actual_foreground_title=WinWatt gólya actual_foreground_class_name=TMainForm allow_dialog=False result_reason=handle_match
2026-08-25 22:20:40.230 | INFO     | winwatt_automation.live_ui.app_connector:ensure_main_window_foreground_before_click:1340 - DBG_WINWATT_FOCUS_GUARD_RESULT action_label=click_top_menu_item:Fájl status=focus_ok reason=handle_match foreground={'handle': 461944, 'title': 'WinWatt gólya', 'class_name': 'TMainForm', 'process_id': 24008} same_context_as_cached_main=True win32_uia_identity_match=True
2026-08-25 22:20:40.230 | INFO     | winwatt_automation.live_ui.menu_helpers:click_top_menu_item:2326 - click_top_menu_item('Fájl'): foreground_before_click={'handle': 461944, 'title': 'WinWatt gólya', 'class_name': 'TMainForm', 'process_id': 24008}
2026-08-25 22:20:40.236 | DEBUG    | winwatt_automation.live_ui.app_connector:get_cached_main_window:565 - DBG_WINWATT_CACHE_GET reason_code=cache_reused_without_validation payload={'wrapper_type': 'UIAWrapper', 'handle': 461944, 'process_id': 24008, 'title': 'WinWatt gólya', 'class_name': 'TMainForm', 'control_type': 'Window'} last_validation_age_s=0.14000000001396984 diagnostic_fast_mode=False
2026-08-25 22:20:40.236 | DEBUG    | winwatt_automation.live_ui.app_connector:get_cached_main_window:566 - DBG_PHASE_TIMING phase=get_cached_main_window elapsed_ms=16.000 reason_code=cache_reused_without_validation
2026-08-25 22:20:40.245 | DEBUG    | winwatt_automation.live_ui.app_connector:get_cached_main_window:565 - DBG_WINWATT_CACHE_GET reason_code=cache_reused_without_validation payload={'wrapper_type': 'UIAWrapper', 'handle': 461944, 'process_id': 24008, 'title': 'WinWatt gólya', 'class_name': 'TMainForm', 'control_type': 'Window'} last_validation_age_s=0.15600000001722947 diagnostic_fast_mode=False
2026-08-25 22:20:40.245 | DEBUG    | winwatt_automation.live_ui.app_connector:get_cached_main_window:566 - DBG_PHASE_TIMING phase=get_cached_main_window elapsed_ms=0.000 reason_code=cache_reused_without_validation
2026-08-25 22:20:40.250 | INFO     | winwatt_automation.live_ui.menu_helpers:_menu_items:1101 - DBG_MENU_ITEMS_SUMMARY total_items=7 visible_items=7 topbar_band=(181, 106, 590, 159) topbar_band_visible_count=0 popup_region_visible_count=0 force_refresh=False handle=461944
2026-08-25 22:20:40.250 | DEBUG    | winwatt_automation.live_ui.menu_helpers:_menu_items:1111 - Discovered 7 MenuItem controls
2026-08-25 22:20:40.250 | DEBUG    | winwatt_automation.live_ui.menu_helpers:_log_phase_timing:83 - DBG_PHASE_TIMING phase=_menu_items elapsed_ms=32.000 force_refresh=False total_items=7 visible_items=7
2026-08-25 22:20:40.437 | DEBUG    | winwatt_automation.live_ui.app_connector:get_cached_main_window:565 - DBG_WINWATT_CACHE_GET reason_code=cache_reused_without_validation payload={'wrapper_type': 'UIAWrapper', 'handle': 461944, 'process_id': 24008, 'title': 'WinWatt gólya', 'class_name': 'TMainForm', 'control_type': 'Window'} last_validation_age_s=0.3590000000258442 diagnostic_fast_mode=False
2026-08-25 22:20:40.445 | DEBUG    | winwatt_automation.live_ui.app_connector:get_cached_main_window:566 - DBG_PHASE_TIMING phase=get_cached_main_window elapsed_ms=0.000 reason_code=cache_reused_without_validation
2026-08-25 22:20:40.448 | DEBUG    | winwatt_automation.live_ui.app_connector:get_cached_main_window:565 - DBG_WINWATT_CACHE_GET reason_code=cache_reused_without_validation payload={'wrapper_type': 'UIAWrapper', 'handle': 461944, 'process_id': 24008, 'title': 'WinWatt gólya', 'class_name': 'TMainForm', 'control_type': 'Window'} last_validation_age_s=0.3590000000258442 diagnostic_fast_mode=False
2026-08-25 22:20:40.448 | DEBUG    | winwatt_automation.live_ui.app_connector:get_cached_main_window:566 - DBG_PHASE_TIMING phase=get_cached_main_window elapsed_ms=0.000 reason_code=cache_reused_without_validation
2026-08-25 22:20:40.448 | DEBUG    | winwatt_automation.live_ui.app_connector:get_cached_main_window:565 - DBG_WINWATT_CACHE_GET reason_code=cache_reused_without_validation payload={'wrapper_type': 'UIAWrapper', 'handle': 461944, 'process_id': 24008, 'title': 'WinWatt gólya', 'class_name': 'TMainForm', 'control_type': 'Window'} last_validation_age_s=0.3590000000258442 diagnostic_fast_mode=False
2026-08-25 22:20:40.448 | DEBUG    | winwatt_automation.live_ui.app_connector:get_cached_main_window:566 - DBG_PHASE_TIMING phase=get_cached_main_window elapsed_ms=0.000 reason_code=cache_reused_without_validation
2026-08-25 22:20:40.670 | INFO     | winwatt_automation.live_ui.menu_helpers:_menu_items:1101 - DBG_MENU_ITEMS_SUMMARY total_items=7 visible_items=7 topbar_band=(181, 106, 590, 159) topbar_band_visible_count=0 popup_region_visible_count=0 force_refresh=False handle=461944
2026-08-25 22:20:40.670 | DEBUG    | winwatt_automation.live_ui.menu_helpers:_menu_items:1111 - Discovered 7 MenuItem controls
2026-08-25 22:20:40.670 | DEBUG    | winwatt_automation.live_ui.menu_helpers:_log_phase_timing:83 - DBG_PHASE_TIMING phase=_menu_items elapsed_ms=235.000 force_refresh=False total_items=7 visible_items=7
2026-08-25 22:20:40.670 | DEBUG    | winwatt_automation.live_ui.menu_helpers:_log_popup_fragment:499 - DBG_MENU_FRAGMENT_MAIN_WINDOW source_scope=main_window control_type=MenuItem class_name= text='Rendszer' rectangle={'left': 0, 'top': 0, 'right': 28, 'bottom': 28} center=(14, 14) process_id=24008 native_handle=None topbar_candidate=False popup_candidate=False
2026-08-25 22:20:40.670 | DEBUG    | winwatt_automation.live_ui.menu_helpers:_log_popup_fragment:499 - DBG_MENU_FRAGMENT_MAIN_WINDOW source_scope=main_window control_type=MenuItem class_name= text='Fájl' rectangle={'left': 0, 'top': 29, 'right': 40, 'bottom': 53} center=(20, 41) process_id=24008 native_handle=None topbar_candidate=False popup_candidate=False
2026-08-25 22:20:40.670 | DEBUG    | winwatt_automation.live_ui.menu_helpers:_log_popup_fragment:499 - DBG_MENU_FRAGMENT_MAIN_WINDOW source_scope=main_window control_type=MenuItem class_name= text='Jegyzékek' rectangle={'left': 40, 'top': 29, 'right': 123, 'bottom': 53} center=(81, 41) process_id=24008 native_handle=None topbar_candidate=False popup_candidate=False
2026-08-25 22:20:40.670 | DEBUG    | winwatt_automation.live_ui.menu_helpers:_log_popup_fragment:499 - DBG_MENU_FRAGMENT_MAIN_WINDOW source_scope=main_window control_type=MenuItem class_name= text='Adatbázis...' rectangle={'left': 123, 'top': 29, 'right': 216, 'bottom': 53} center=(169, 41) process_id=24008 native_handle=None topbar_candidate=False popup_candidate=False
2026-08-25 22:20:40.670 | DEBUG    | winwatt_automation.live_ui.menu_helpers:_log_popup_fragment:499 - DBG_MENU_FRAGMENT_MAIN_WINDOW source_scope=main_window control_type=MenuItem class_name= text='Beállítások' rectangle={'left': 215, 'top': 29, 'right': 303, 'bottom': 53} center=(259, 41) process_id=24008 native_handle=None topbar_candidate=False popup_candidate=False
2026-08-25 22:20:40.678 | DEBUG    | winwatt_automation.live_ui.menu_helpers:_log_popup_fragment:499 - DBG_MENU_FRAGMENT_MAIN_WINDOW source_scope=main_window control_type=MenuItem class_name= text='Ablak' rectangle={'left': 303, 'top': 29, 'right': 358, 'bottom': 53} center=(330, 41) process_id=24008 native_handle=None topbar_candidate=False popup_candidate=False
2026-08-25 22:20:40.678 | DEBUG    | winwatt_automation.live_ui.menu_helpers:_log_popup_fragment:499 - DBG_MENU_FRAGMENT_MAIN_WINDOW source_scope=main_window control_type=MenuItem class_name= text='Súgó' rectangle={'left': 358, 'top': 29, 'right': 409, 'bottom': 53} center=(383, 41) process_id=24008 native_handle=None topbar_candidate=False popup_candidate=False
2026-08-25 22:20:40.678 | DEBUG    | winwatt_automation.live_ui.menu_helpers:_menu_like_controls_from_main_window:1599 - DBG_MENU_FRAGMENT_SOURCE_SUMMARY source_scope=main_window count=7
2026-08-25 22:20:40.681 | DEBUG    | winwatt_automation.live_ui.app_connector:get_cached_main_window:565 - DBG_WINWATT_CACHE_GET reason_code=cache_reused_without_validation payload={'wrapper_type': 'UIAWrapper', 'handle': 461944, 'process_id': 24008, 'title': 'WinWatt gólya', 'class_name': 'TMainForm', 'control_type': 'Window'} last_validation_age_s=0.5940000000118744 diagnostic_fast_mode=False
2026-08-25 22:20:40.681 | DEBUG    | winwatt_automation.live_ui.app_connector:get_cached_main_window:566 - DBG_PHASE_TIMING phase=get_cached_main_window elapsed_ms=0.000 reason_code=cache_reused_without_validation
2026-08-25 22:20:40.684 | DEBUG    | winwatt_automation.live_ui.app_connector:get_cached_main_window:565 - DBG_WINWATT_CACHE_GET reason_code=cache_reused_without_validation payload={'wrapper_type': 'UIAWrapper', 'handle': 461944, 'process_id': 24008, 'title': 'WinWatt gólya', 'class_name': 'TMainForm', 'control_type': 'Window'} last_validation_age_s=0.5940000000118744 diagnostic_fast_mode=False
2026-08-25 22:20:40.684 | DEBUG    | winwatt_automation.live_ui.app_connector:get_cached_main_window:566 - DBG_PHASE_TIMING phase=get_cached_main_window elapsed_ms=0.000 reason_code=cache_reused_without_validation
2026-08-25 22:20:41.075 | DEBUG    | winwatt_automation.live_ui.menu_helpers:_log_popup_fragment:499 - DBG_MENU_FRAGMENT_GLOBAL_SCAN source_scope=global_process_scan control_type=MenuItem class_name= text='Rendszer' rectangle={'left': 0, 'top': 0, 'right': 28, 'bottom': 28} center=(14, 14) process_id=24008 native_handle=None topbar_candidate=True popup_candidate=False
2026-08-25 22:20:41.075 | DEBUG    | winwatt_automation.live_ui.menu_helpers:_log_popup_fragment:499 - DBG_MENU_FRAGMENT_GLOBAL_SCAN source_scope=global_process_scan control_type=MenuItem class_name= text='Fájl' rectangle={'left': 0, 'top': 29, 'right': 40, 'bottom': 53} center=(20, 41) process_id=24008 native_handle=None topbar_candidate=True popup_candidate=False
2026-08-25 22:20:41.075 | DEBUG    | winwatt_automation.live_ui.menu_helpers:_log_popup_fragment:499 - DBG_MENU_FRAGMENT_GLOBAL_SCAN source_scope=global_process_scan control_type=MenuItem class_name= text='Jegyzékek' rectangle={'left': 40, 'top': 29, 'right': 123, 'bottom': 53} center=(81, 41) process_id=24008 native_handle=None topbar_candidate=True popup_candidate=False
2026-08-25 22:20:41.075 | DEBUG    | winwatt_automation.live_ui.menu_helpers:_log_popup_fragment:499 - DBG_MENU_FRAGMENT_GLOBAL_SCAN source_scope=global_process_scan control_type=MenuItem class_name= text='Adatbázis...' rectangle={'left': 123, 'top': 29, 'right': 216, 'bottom': 53} center=(169, 41) process_id=24008 native_handle=None topbar_candidate=True popup_candidate=False
2026-08-25 22:20:41.075 | DEBUG    | winwatt_automation.live_ui.menu_helpers:_log_popup_fragment:499 - DBG_MENU_FRAGMENT_GLOBAL_SCAN source_scope=global_process_scan control_type=MenuItem class_name= text='Beállítások' rectangle={'left': 215, 'top': 29, 'right': 303, 'bottom': 53} center=(259, 41) process_id=24008 native_handle=None topbar_candidate=True popup_candidate=False
2026-08-25 22:20:41.075 | DEBUG    | winwatt_automation.live_ui.menu_helpers:_log_popup_fragment:499 - DBG_MENU_FRAGMENT_GLOBAL_SCAN source_scope=global_process_scan control_type=MenuItem class_name= text='Ablak' rectangle={'left': 303, 'top': 29, 'right': 358, 'bottom': 53} center=(330, 41) process_id=24008 native_handle=None topbar_candidate=True popup_candidate=False
2026-08-25 22:20:41.075 | DEBUG    | winwatt_automation.live_ui.menu_helpers:_log_popup_fragment:499 - DBG_MENU_FRAGMENT_GLOBAL_SCAN source_scope=global_process_scan control_type=MenuItem class_name= text='Súgó' rectangle={'left': 358, 'top': 29, 'right': 409, 'bottom': 53} center=(383, 41) process_id=24008 native_handle=None topbar_candidate=True popup_candidate=False
2026-08-25 22:20:41.082 | DEBUG    | winwatt_automation.live_ui.menu_helpers:_menu_like_controls_from_global_process_scan:1631 - DBG_MENU_FRAGMENT_SOURCE_SUMMARY source_scope=global_process_scan count=7 process_id=24008
2026-08-25 22:20:41.082 | DEBUG    | winwatt_automation.live_ui.app_connector:get_cached_main_window:565 - DBG_WINWATT_CACHE_GET reason_code=cache_reused_without_validation payload={'wrapper_type': 'UIAWrapper', 'handle': 461944, 'process_id': 24008, 'title': 'WinWatt gólya', 'class_name': 'TMainForm', 'control_type': 'Window'} last_validation_age_s=1.0 diagnostic_fast_mode=False
2026-08-25 22:20:41.082 | DEBUG    | winwatt_automation.live_ui.app_connector:get_cached_main_window:566 - DBG_PHASE_TIMING phase=get_cached_main_window elapsed_ms=0.000 reason_code=cache_reused_without_validation
2026-08-25 22:20:41.082 | DEBUG    | winwatt_automation.live_ui.menu_helpers:capture_menu_popup_snapshot:1682 - DBG_POPUP_ROW_DEDUPE rect={'left': 0, 'top': 0, 'right': 28, 'bottom': 28} normalized_text=rendszer class_name= source_scope=main_window deduplicated=False
2026-08-25 22:20:41.082 | DEBUG    | winwatt_automation.live_ui.menu_helpers:capture_menu_popup_snapshot:1682 - DBG_POPUP_ROW_DEDUPE rect={'left': 0, 'top': 29, 'right': 40, 'bottom': 53} normalized_text=fájl class_name= source_scope=main_window deduplicated=False
2026-08-25 22:20:41.082 | DEBUG    | winwatt_automation.live_ui.menu_helpers:capture_menu_popup_snapshot:1682 - DBG_POPUP_ROW_DEDUPE rect={'left': 40, 'top': 29, 'right': 123, 'bottom': 53} normalized_text=jegyzékek class_name= source_scope=main_window deduplicated=False
2026-08-25 22:20:41.082 | DEBUG    | winwatt_automation.live_ui.menu_helpers:capture_menu_popup_snapshot:1682 - DBG_POPUP_ROW_DEDUPE rect={'left': 123, 'top': 29, 'right': 216, 'bottom': 53} normalized_text=adatbázis... class_name= source_scope=main_window deduplicated=False
2026-08-25 22:20:41.082 | DEBUG    | winwatt_automation.live_ui.menu_helpers:capture_menu_popup_snapshot:1682 - DBG_POPUP_ROW_DEDUPE rect={'left': 215, 'top': 29, 'right': 303, 'bottom': 53} normalized_text=beállítások class_name= source_scope=main_window deduplicated=False
2026-08-25 22:20:41.082 | DEBUG    | winwatt_automation.live_ui.menu_helpers:capture_menu_popup_snapshot:1682 - DBG_POPUP_ROW_DEDUPE rect={'left': 303, 'top': 29, 'right': 358, 'bottom': 53} normalized_text=ablak class_name= source_scope=main_window deduplicated=False
2026-08-25 22:20:41.082 | DEBUG    | winwatt_automation.live_ui.menu_helpers:capture_menu_popup_snapshot:1682 - DBG_POPUP_ROW_DEDUPE rect={'left': 358, 'top': 29, 'right': 409, 'bottom': 53} normalized_text=súgó class_name= source_scope=main_window deduplicated=False
2026-08-25 22:20:41.082 | DEBUG    | winwatt_automation.live_ui.menu_helpers:capture_menu_popup_snapshot:1682 - DBG_POPUP_ROW_DEDUPE rect={'left': 0, 'top': 0, 'right': 28, 'bottom': 28} normalized_text=rendszer class_name= source_scope=global_process_scan deduplicated=False
2026-08-25 22:20:41.082 | DEBUG    | winwatt_automation.live_ui.menu_helpers:capture_menu_popup_snapshot:1682 - DBG_POPUP_ROW_DEDUPE rect={'left': 0, 'top': 29, 'right': 40, 'bottom': 53} normalized_text=fájl class_name= source_scope=global_process_scan deduplicated=False
2026-08-25 22:20:41.082 | DEBUG    | winwatt_automation.live_ui.menu_helpers:capture_menu_popup_snapshot:1682 - DBG_POPUP_ROW_DEDUPE rect={'left': 40, 'top': 29, 'right': 123, 'bottom': 53} normalized_text=jegyzékek class_name= source_scope=global_process_scan deduplicated=False
2026-08-25 22:20:41.082 | DEBUG    | winwatt_automation.live_ui.menu_helpers:capture_menu_popup_snapshot:1682 - DBG_POPUP_ROW_DEDUPE rect={'left': 123, 'top': 29, 'right': 216, 'bottom': 53} normalized_text=adatbázis... class_name= source_scope=global_process_scan deduplicated=False
2026-08-25 22:20:41.082 | DEBUG    | winwatt_automation.live_ui.menu_helpers:capture_menu_popup_snapshot:1682 - DBG_POPUP_ROW_DEDUPE rect={'left': 215, 'top': 29, 'right': 303, 'bottom': 53} normalized_text=beállítások class_name= source_scope=global_process_scan deduplicated=False
2026-08-25 22:20:41.082 | DEBUG    | winwatt_automation.live_ui.menu_helpers:capture_menu_popup_snapshot:1682 - DBG_POPUP_ROW_DEDUPE rect={'left': 303, 'top': 29, 'right': 358, 'bottom': 53} normalized_text=ablak class_name= source_scope=global_process_scan deduplicated=False
2026-08-25 22:20:41.082 | DEBUG    | winwatt_automation.live_ui.menu_helpers:capture_menu_popup_snapshot:1682 - DBG_POPUP_ROW_DEDUPE rect={'left': 358, 'top': 29, 'right': 409, 'bottom': 53} normalized_text=súgó class_name= source_scope=global_process_scan deduplicated=False
2026-08-25 22:20:41.082 | INFO     | winwatt_automation.live_ui.menu_helpers:capture_menu_popup_snapshot:1724 - POPUP_SNAPSHOT_SUMMARY main_window_fragments=7 global_scan_fragments=7 deduped_fragments=14 topbar_like=12 popup_like=0 empty_text=0 topbar_band=(0, 29, 409, 53) empty_text_vertical_cluster_detected=False accepted_popup_rows=0 popup_heuristic=candidate_count_below_threshold
2026-08-25 22:20:41.082 | DEBUG    | winwatt_automation.live_ui.menu_helpers:capture_menu_popup_snapshot:1737 - Captured menu snapshot rows=14
2026-08-25 22:20:41.082 | DEBUG    | winwatt_automation.live_ui.menu_helpers:_log_phase_timing:83 - DBG_PHASE_TIMING phase=capture_menu_popup_snapshot elapsed_ms=641.000 main_rows=7 global_rows=7 unique_rows=14 diagnostic_fast_mode=False
2026-08-25 22:20:41.210 | INFO     | winwatt_automation.live_ui.menu_helpers:_validate_post_menu_open_foreground:962 - post_click_foreground_validation title=Fájl foreground={'handle': 461944, 'title': 'WinWatt gólya', 'class_name': 'TMainForm', 'process_id': 24008}
2026-08-25 22:20:41.218 | INFO     | winwatt_automation.live_ui.app_connector:is_winwatt_foreground_context:1123 - DBG_WINWATT_FOREGROUND_CONTEXT expected_handle=461944 expected_process_id=24008 expected_title=WinWatt gólya expected_class_name=TMainForm actual_foreground_handle=461944 actual_foreground_process_id=24008 actual_foreground_title=WinWatt gólya actual_foreground_class_name=TMainForm allow_dialog=True result_reason=handle_match
2026-08-25 22:20:41.218 | DEBUG    | winwatt_automation.live_ui.app_connector:get_cached_main_window:565 - DBG_WINWATT_CACHE_GET reason_code=cache_reused_without_validation payload={'wrapper_type': 'UIAWrapper', 'handle': 461944, 'process_id': 24008, 'title': 'WinWatt gólya', 'class_name': 'TMainForm', 'control_type': 'Window'} last_validation_age_s=1.1400000000139698 diagnostic_fast_mode=False
2026-08-25 22:20:41.218 | DEBUG    | winwatt_automation.live_ui.app_connector:get_cached_main_window:566 - DBG_PHASE_TIMING phase=get_cached_main_window elapsed_ms=0.000 reason_code=cache_reused_without_validation
2026-08-25 22:20:41.646 | DEBUG    | winwatt_automation.live_ui.app_connector:get_cached_main_window:565 - DBG_WINWATT_CACHE_GET reason_code=cache_reused_without_validation payload={'wrapper_type': 'UIAWrapper', 'handle': 461944, 'process_id': 24008, 'title': 'WinWatt gólya', 'class_name': 'TMainForm', 'control_type': 'Window'} last_validation_age_s=1.562000000005355 diagnostic_fast_mode=False
2026-08-25 22:20:41.646 | DEBUG    | winwatt_automation.live_ui.app_connector:get_cached_main_window:566 - DBG_PHASE_TIMING phase=get_cached_main_window elapsed_ms=0.000 reason_code=cache_reused_without_validation
2026-08-25 22:20:41.662 | DEBUG    | winwatt_automation.live_ui.app_connector:get_cached_main_window:565 - DBG_WINWATT_CACHE_GET reason_code=cache_reused_without_validation payload={'wrapper_type': 'UIAWrapper', 'handle': 461944, 'process_id': 24008, 'title': 'WinWatt gólya', 'class_name': 'TMainForm', 'control_type': 'Window'} last_validation_age_s=1.562000000005355 diagnostic_fast_mode=False
2026-08-25 22:20:41.662 | DEBUG    | winwatt_automation.live_ui.app_connector:get_cached_main_window:566 - DBG_PHASE_TIMING phase=get_cached_main_window elapsed_ms=16.000 reason_code=cache_reused_without_validation
2026-08-25 22:20:41.662 | INFO     | winwatt_automation.live_ui.menu_helpers:_menu_items:1101 - DBG_MENU_ITEMS_SUMMARY total_items=16 visible_items=16 topbar_band=(0, 0, 687, 327) topbar_band_visible_count=16 popup_region_visible_count=0 force_refresh=False handle=461944
2026-08-25 22:20:41.662 | DEBUG    | winwatt_automation.live_ui.menu_helpers:_menu_items:1111 - Discovered 16 MenuItem controls
2026-08-25 22:20:41.662 | DEBUG    | winwatt_automation.live_ui.menu_helpers:_log_phase_timing:83 - DBG_PHASE_TIMING phase=_menu_items elapsed_ms=16.000 force_refresh=False total_items=16 visible_items=16
2026-08-25 22:20:41.678 | INFO     | winwatt_automation.live_ui.menu_helpers:_menu_row_from_wrapper:1545 - TEXT_EXTRACTION_FALLBACK_USED source=legacy_text confidence=medium rect={'left': 4, 'top': 56, 'right': 687, 'bottom': 84}
2026-08-25 22:20:41.683 | DEBUG    | winwatt_automation.live_ui.menu_helpers:_log_popup_fragment:499 - DBG_MENU_FRAGMENT_MAIN_WINDOW source_scope=main_window control_type=MenuItem class_name= text='Végrehajtás' rectangle={'left': 4, 'top': 56, 'right': 687, 'bottom': 84} center=(345, 70) process_id=24008 native_handle=None topbar_candidate=True popup_candidate=False
2026-08-25 22:20:41.683 | INFO     | winwatt_automation.live_ui.menu_helpers:_menu_row_from_wrapper:1545 - TEXT_EXTRACTION_FALLBACK_USED source=legacy_text confidence=medium rect={'left': 4, 'top': 84, 'right': 687, 'bottom': 112}
2026-08-25 22:20:41.683 | DEBUG    | winwatt_automation.live_ui.menu_helpers:_log_popup_fragment:499 - DBG_MENU_FRAGMENT_MAIN_WINDOW source_scope=main_window control_type=MenuItem class_name= text='Végrehajtás' rectangle={'left': 4, 'top': 84, 'right': 687, 'bottom': 112} center=(345, 98) process_id=24008 native_handle=None topbar_candidate=True popup_candidate=False
2026-08-25 22:20:41.694 | WARNING  | winwatt_automation.live_ui.menu_helpers:_menu_row_from_wrapper:1547 - TEXT_EXTRACTION_FAILED source_scope=main_window rect={'left': 4, 'top': 111, 'right': 687, 'bottom': 139}
2026-08-25 22:20:41.701 | DEBUG    | winwatt_automation.live_ui.menu_helpers:_log_popup_fragment:499 - DBG_MENU_FRAGMENT_MAIN_WINDOW source_scope=main_window control_type=MenuItem class_name= text='' rectangle={'left': 4, 'top': 111, 'right': 687, 'bottom': 139} center=(345, 125) process_id=24008 native_handle=None topbar_candidate=True popup_candidate=False
2026-08-25 22:20:41.701 | WARNING  | winwatt_automation.live_ui.menu_helpers:_menu_row_from_wrapper:1547 - TEXT_EXTRACTION_FAILED source_scope=main_window rect={'left': 4, 'top': 139, 'right': 687, 'bottom': 167}
2026-08-25 22:20:41.709 | DEBUG    | winwatt_automation.live_ui.menu_helpers:_log_popup_fragment:499 - DBG_MENU_FRAGMENT_MAIN_WINDOW source_scope=main_window control_type=MenuItem class_name= text='' rectangle={'left': 4, 'top': 139, 'right': 687, 'bottom': 167} center=(345, 153) process_id=24008 native_handle=None topbar_candidate=True popup_candidate=False
2026-08-25 22:20:41.709 | INFO     | winwatt_automation.live_ui.menu_helpers:_menu_row_from_wrapper:1545 - TEXT_EXTRACTION_FALLBACK_USED source=legacy_text confidence=medium rect={'left': 4, 'top': 166, 'right': 687, 'bottom': 194}
2026-08-25 22:20:41.709 | DEBUG    | winwatt_automation.live_ui.menu_helpers:_log_popup_fragment:499 - DBG_MENU_FRAGMENT_MAIN_WINDOW source_scope=main_window control_type=MenuItem class_name= text='Végrehajtás' rectangle={'left': 4, 'top': 166, 'right': 687, 'bottom': 194} center=(345, 180) process_id=24008 native_handle=None topbar_candidate=True popup_candidate=False
2026-08-25 22:20:41.725 | WARNING  | winwatt_automation.live_ui.menu_helpers:_menu_row_from_wrapper:1547 - TEXT_EXTRACTION_FAILED source_scope=main_window rect={'left': 4, 'top': 201, 'right': 687, 'bottom': 229}
2026-08-25 22:20:41.725 | DEBUG    | winwatt_automation.live_ui.menu_helpers:_log_popup_fragment:499 - DBG_MENU_FRAGMENT_MAIN_WINDOW source_scope=main_window control_type=MenuItem class_name= text='' rectangle={'left': 4, 'top': 201, 'right': 687, 'bottom': 229} center=(345, 215) process_id=24008 native_handle=None topbar_candidate=True popup_candidate=False
2026-08-25 22:20:41.725 | INFO     | winwatt_automation.live_ui.menu_helpers:_menu_row_from_wrapper:1545 - TEXT_EXTRACTION_FALLBACK_USED source=legacy_text confidence=medium rect={'left': 4, 'top': 229, 'right': 687, 'bottom': 257}
2026-08-25 22:20:41.725 | DEBUG    | winwatt_automation.live_ui.menu_helpers:_log_popup_fragment:499 - DBG_MENU_FRAGMENT_MAIN_WINDOW source_scope=main_window control_type=MenuItem class_name= text='Végrehajtás' rectangle={'left': 4, 'top': 229, 'right': 687, 'bottom': 257} center=(345, 243) process_id=24008 native_handle=None topbar_candidate=True popup_candidate=False
2026-08-25 22:20:41.741 | INFO     | winwatt_automation.live_ui.menu_helpers:_menu_row_from_wrapper:1545 - TEXT_EXTRACTION_FALLBACK_USED source=legacy_text confidence=medium rect={'left': 4, 'top': 264, 'right': 687, 'bottom': 292}
2026-08-25 22:20:41.741 | DEBUG    | winwatt_automation.live_ui.menu_helpers:_log_popup_fragment:499 - DBG_MENU_FRAGMENT_MAIN_WINDOW source_scope=main_window control_type=MenuItem class_name= text='Végrehajtás' rectangle={'left': 4, 'top': 264, 'right': 687, 'bottom': 292} center=(345, 278) process_id=24008 native_handle=None topbar_candidate=True popup_candidate=False
2026-08-25 22:20:41.756 | INFO     | winwatt_automation.live_ui.menu_helpers:_menu_row_from_wrapper:1545 - TEXT_EXTRACTION_FALLBACK_USED source=legacy_text confidence=medium rect={'left': 4, 'top': 299, 'right': 687, 'bottom': 327}
2026-08-25 22:20:41.756 | DEBUG    | winwatt_automation.live_ui.menu_helpers:_log_popup_fragment:499 - DBG_MENU_FRAGMENT_MAIN_WINDOW source_scope=main_window control_type=MenuItem class_name= text='Végrehajtás' rectangle={'left': 4, 'top': 299, 'right': 687, 'bottom': 327} center=(345, 313) process_id=24008 native_handle=None topbar_candidate=True popup_candidate=False
2026-08-25 22:20:41.756 | DEBUG    | winwatt_automation.live_ui.menu_helpers:_log_popup_fragment:499 - DBG_MENU_FRAGMENT_MAIN_WINDOW source_scope=main_window control_type=MenuItem class_name= text='Rendszer' rectangle={'left': 0, 'top': 0, 'right': 28, 'bottom': 28} center=(14, 14) process_id=24008 native_handle=None topbar_candidate=True popup_candidate=False
2026-08-25 22:20:41.756 | DEBUG    | winwatt_automation.live_ui.menu_helpers:_log_popup_fragment:499 - DBG_MENU_FRAGMENT_MAIN_WINDOW source_scope=main_window control_type=MenuItem class_name= text='Fájl' rectangle={'left': 0, 'top': 29, 'right': 40, 'bottom': 53} center=(20, 41) process_id=24008 native_handle=None topbar_candidate=True popup_candidate=False
2026-08-25 22:20:41.756 | DEBUG    | winwatt_automation.live_ui.menu_helpers:_log_popup_fragment:499 - DBG_MENU_FRAGMENT_MAIN_WINDOW source_scope=main_window control_type=MenuItem class_name= text='Jegyzékek' rectangle={'left': 40, 'top': 29, 'right': 123, 'bottom': 53} center=(81, 41) process_id=24008 native_handle=None topbar_candidate=True popup_candidate=False
2026-08-25 22:20:41.756 | DEBUG    | winwatt_automation.live_ui.menu_helpers:_log_popup_fragment:499 - DBG_MENU_FRAGMENT_MAIN_WINDOW source_scope=main_window control_type=MenuItem class_name= text='Adatbázis...' rectangle={'left': 123, 'top': 29, 'right': 216, 'bottom': 53} center=(169, 41) process_id=24008 native_handle=None topbar_candidate=True popup_candidate=False
2026-08-25 22:20:41.756 | DEBUG    | winwatt_automation.live_ui.menu_helpers:_log_popup_fragment:499 - DBG_MENU_FRAGMENT_MAIN_WINDOW source_scope=main_window control_type=MenuItem class_name= text='Beállítások' rectangle={'left': 215, 'top': 29, 'right': 303, 'bottom': 53} center=(259, 41) process_id=24008 native_handle=None topbar_candidate=True popup_candidate=False
2026-08-25 22:20:41.756 | DEBUG    | winwatt_automation.live_ui.menu_helpers:_log_popup_fragment:499 - DBG_MENU_FRAGMENT_MAIN_WINDOW source_scope=main_window control_type=MenuItem class_name= text='Ablak' rectangle={'left': 303, 'top': 29, 'right': 358, 'bottom': 53} center=(330, 41) process_id=24008 native_handle=None topbar_candidate=True popup_candidate=False
2026-08-25 22:20:41.756 | DEBUG    | winwatt_automation.live_ui.menu_helpers:_log_popup_fragment:499 - DBG_MENU_FRAGMENT_MAIN_WINDOW source_scope=main_window control_type=MenuItem class_name= text='Súgó' rectangle={'left': 358, 'top': 29, 'right': 409, 'bottom': 53} center=(383, 41) process_id=24008 native_handle=None topbar_candidate=True popup_candidate=False
2026-08-25 22:20:41.756 | DEBUG    | winwatt_automation.live_ui.menu_helpers:_menu_like_controls_from_main_window:1599 - DBG_MENU_FRAGMENT_SOURCE_SUMMARY source_scope=main_window count=16
2026-08-25 22:20:41.756 | DEBUG    | winwatt_automation.live_ui.app_connector:get_cached_main_window:565 - DBG_WINWATT_CACHE_GET reason_code=cache_reused_without_validation payload={'wrapper_type': 'UIAWrapper', 'handle': 461944, 'process_id': 24008, 'title': 'WinWatt gólya', 'class_name': 'TMainForm', 'control_type': 'Window'} last_validation_age_s=1.672000000020489 diagnostic_fast_mode=False
2026-08-25 22:20:41.756 | DEBUG    | winwatt_automation.live_ui.app_connector:get_cached_main_window:566 - DBG_PHASE_TIMING phase=get_cached_main_window elapsed_ms=0.000 reason_code=cache_reused_without_validation
2026-08-25 22:20:41.756 | DEBUG    | winwatt_automation.live_ui.app_connector:get_cached_main_window:565 - DBG_WINWATT_CACHE_GET reason_code=cache_reused_without_validation payload={'wrapper_type': 'UIAWrapper', 'handle': 461944, 'process_id': 24008, 'title': 'WinWatt gólya', 'class_name': 'TMainForm', 'control_type': 'Window'} last_validation_age_s=1.672000000020489 diagnostic_fast_mode=False
2026-08-25 22:20:41.756 | DEBUG    | winwatt_automation.live_ui.app_connector:get_cached_main_window:566 - DBG_PHASE_TIMING phase=get_cached_main_window elapsed_ms=0.000 reason_code=cache_reused_without_validation
2026-08-25 22:20:42.456 | INFO     | winwatt_automation.live_ui.menu_helpers:_menu_row_from_wrapper:1545 - TEXT_EXTRACTION_FALLBACK_USED source=legacy_text confidence=medium rect={'left': 4, 'top': 56, 'right': 687, 'bottom': 84}
2026-08-25 22:20:42.460 | DEBUG    | winwatt_automation.live_ui.menu_helpers:_log_popup_fragment:499 - DBG_MENU_FRAGMENT_GLOBAL_SCAN source_scope=global_process_scan control_type=MenuItem class_name= text='Végrehajtás' rectangle={'left': 4, 'top': 56, 'right': 687, 'bottom': 84} center=(345, 70) process_id=24008 native_handle=None topbar_candidate=True popup_candidate=False
2026-08-25 22:20:42.471 | INFO     | winwatt_automation.live_ui.menu_helpers:_menu_row_from_wrapper:1545 - TEXT_EXTRACTION_FALLBACK_USED source=legacy_text confidence=medium rect={'left': 4, 'top': 84, 'right': 687, 'bottom': 112}
2026-08-25 22:20:42.475 | DEBUG    | winwatt_automation.live_ui.menu_helpers:_log_popup_fragment:499 - DBG_MENU_FRAGMENT_GLOBAL_SCAN source_scope=global_process_scan control_type=MenuItem class_name= text='Végrehajtás' rectangle={'left': 4, 'top': 84, 'right': 687, 'bottom': 112} center=(345, 98) process_id=24008 native_handle=None topbar_candidate=True popup_candidate=False
2026-08-25 22:20:42.487 | WARNING  | winwatt_automation.live_ui.menu_helpers:_menu_row_from_wrapper:1547 - TEXT_EXTRACTION_FAILED source_scope=global_process_scan rect={'left': 4, 'top': 111, 'right': 687, 'bottom': 139}
2026-08-25 22:20:42.490 | DEBUG    | winwatt_automation.live_ui.menu_helpers:_log_popup_fragment:499 - DBG_MENU_FRAGMENT_GLOBAL_SCAN source_scope=global_process_scan control_type=MenuItem class_name= text='' rectangle={'left': 4, 'top': 111, 'right': 687, 'bottom': 139} center=(345, 125) process_id=24008 native_handle=None topbar_candidate=True popup_candidate=False
2026-08-25 22:20:42.501 | WARNING  | winwatt_automation.live_ui.menu_helpers:_menu_row_from_wrapper:1547 - TEXT_EXTRACTION_FAILED source_scope=global_process_scan rect={'left': 4, 'top': 139, 'right': 687, 'bottom': 167}
2026-08-25 22:20:42.505 | DEBUG    | winwatt_automation.live_ui.menu_helpers:_log_popup_fragment:499 - DBG_MENU_FRAGMENT_GLOBAL_SCAN source_scope=global_process_scan control_type=MenuItem class_name= text='' rectangle={'left': 4, 'top': 139, 'right': 687, 'bottom': 167} center=(345, 153) process_id=24008 native_handle=None topbar_candidate=True popup_candidate=False
2026-08-25 22:20:42.514 | INFO     | winwatt_automation.live_ui.menu_helpers:_menu_row_from_wrapper:1545 - TEXT_EXTRACTION_FALLBACK_USED source=legacy_text confidence=medium rect={'left': 4, 'top': 166, 'right': 687, 'bottom': 194}
2026-08-25 22:20:42.517 | DEBUG    | winwatt_automation.live_ui.menu_helpers:_log_popup_fragment:499 - DBG_MENU_FRAGMENT_GLOBAL_SCAN source_scope=global_process_scan control_type=MenuItem class_name= text='Végrehajtás' rectangle={'left': 4, 'top': 166, 'right': 687, 'bottom': 194} center=(345, 180) process_id=24008 native_handle=None topbar_candidate=True popup_candidate=False
2026-08-25 22:20:42.525 | WARNING  | winwatt_automation.live_ui.menu_helpers:_menu_row_from_wrapper:1547 - TEXT_EXTRACTION_FAILED source_scope=global_process_scan rect={'left': 4, 'top': 201, 'right': 687, 'bottom': 229}
2026-08-25 22:20:42.527 | DEBUG    | winwatt_automation.live_ui.menu_helpers:_log_popup_fragment:499 - DBG_MENU_FRAGMENT_GLOBAL_SCAN source_scope=global_process_scan control_type=MenuItem class_name= text='' rectangle={'left': 4, 'top': 201, 'right': 687, 'bottom': 229} center=(345, 215) process_id=24008 native_handle=None topbar_candidate=True popup_candidate=False
2026-08-25 22:20:42.536 | INFO     | winwatt_automation.live_ui.menu_helpers:_menu_row_from_wrapper:1545 - TEXT_EXTRACTION_FALLBACK_USED source=legacy_text confidence=medium rect={'left': 4, 'top': 229, 'right': 687, 'bottom': 257}
2026-08-25 22:20:42.536 | DEBUG    | winwatt_automation.live_ui.menu_helpers:_log_popup_fragment:499 - DBG_MENU_FRAGMENT_GLOBAL_SCAN source_scope=global_process_scan control_type=MenuItem class_name= text='Végrehajtás' rectangle={'left': 4, 'top': 229, 'right': 687, 'bottom': 257} center=(345, 243) process_id=24008 native_handle=None topbar_candidate=True popup_candidate=False
2026-08-25 22:20:42.542 | INFO     | winwatt_automation.live_ui.menu_helpers:_menu_row_from_wrapper:1545 - TEXT_EXTRACTION_FALLBACK_USED source=legacy_text confidence=medium rect={'left': 4, 'top': 264, 'right': 687, 'bottom': 292}
2026-08-25 22:20:42.542 | DEBUG    | winwatt_automation.live_ui.menu_helpers:_log_popup_fragment:499 - DBG_MENU_FRAGMENT_GLOBAL_SCAN source_scope=global_process_scan control_type=MenuItem class_name= text='Végrehajtás' rectangle={'left': 4, 'top': 264, 'right': 687, 'bottom': 292} center=(345, 278) process_id=24008 native_handle=None topbar_candidate=True popup_candidate=False
2026-08-25 22:20:42.551 | INFO     | winwatt_automation.live_ui.menu_helpers:_menu_row_from_wrapper:1545 - TEXT_EXTRACTION_FALLBACK_USED source=legacy_text confidence=medium rect={'left': 4, 'top': 299, 'right': 687, 'bottom': 327}
2026-08-25 22:20:42.551 | DEBUG    | winwatt_automation.live_ui.menu_helpers:_log_popup_fragment:499 - DBG_MENU_FRAGMENT_GLOBAL_SCAN source_scope=global_process_scan control_type=MenuItem class_name= text='Végrehajtás' rectangle={'left': 4, 'top': 299, 'right': 687, 'bottom': 327} center=(345, 313) process_id=24008 native_handle=None topbar_candidate=True popup_candidate=False
2026-08-25 22:20:42.551 | DEBUG    | winwatt_automation.live_ui.menu_helpers:_log_popup_fragment:499 - DBG_MENU_FRAGMENT_GLOBAL_SCAN source_scope=global_process_scan control_type=MenuItem class_name= text='Rendszer' rectangle={'left': 0, 'top': 0, 'right': 28, 'bottom': 28} center=(14, 14) process_id=24008 native_handle=None topbar_candidate=True popup_candidate=False
2026-08-25 22:20:42.551 | DEBUG    | winwatt_automation.live_ui.menu_helpers:_log_popup_fragment:499 - DBG_MENU_FRAGMENT_GLOBAL_SCAN source_scope=global_process_scan control_type=MenuItem class_name= text='Fájl' rectangle={'left': 0, 'top': 29, 'right': 40, 'bottom': 53} center=(20, 41) process_id=24008 native_handle=None topbar_candidate=True popup_candidate=False
2026-08-25 22:20:42.551 | DEBUG    | winwatt_automation.live_ui.menu_helpers:_log_popup_fragment:499 - DBG_MENU_FRAGMENT_GLOBAL_SCAN source_scope=global_process_scan control_type=MenuItem class_name= text='Jegyzékek' rectangle={'left': 40, 'top': 29, 'right': 123, 'bottom': 53} center=(81, 41) process_id=24008 native_handle=None topbar_candidate=True popup_candidate=False
2026-08-25 22:20:42.551 | DEBUG    | winwatt_automation.live_ui.menu_helpers:_log_popup_fragment:499 - DBG_MENU_FRAGMENT_GLOBAL_SCAN source_scope=global_process_scan control_type=MenuItem class_name= text='Adatbázis...' rectangle={'left': 123, 'top': 29, 'right': 216, 'bottom': 53} center=(169, 41) process_id=24008 native_handle=None topbar_candidate=True popup_candidate=False
2026-08-25 22:20:42.562 | DEBUG    | winwatt_automation.live_ui.menu_helpers:_log_popup_fragment:499 - DBG_MENU_FRAGMENT_GLOBAL_SCAN source_scope=global_process_scan control_type=MenuItem class_name= text='Beállítások' rectangle={'left': 215, 'top': 29, 'right': 303, 'bottom': 53} center=(259, 41) process_id=24008 native_handle=None topbar_candidate=True popup_candidate=False
2026-08-25 22:20:42.562 | DEBUG    | winwatt_automation.live_ui.menu_helpers:_log_popup_fragment:499 - DBG_MENU_FRAGMENT_GLOBAL_SCAN source_scope=global_process_scan control_type=MenuItem class_name= text='Ablak' rectangle={'left': 303, 'top': 29, 'right': 358, 'bottom': 53} center=(330, 41) process_id=24008 native_handle=None topbar_candidate=True popup_candidate=False
2026-08-25 22:20:42.562 | DEBUG    | winwatt_automation.live_ui.menu_helpers:_log_popup_fragment:499 - DBG_MENU_FRAGMENT_GLOBAL_SCAN source_scope=global_process_scan control_type=MenuItem class_name= text='Súgó' rectangle={'left': 358, 'top': 29, 'right': 409, 'bottom': 53} center=(383, 41) process_id=24008 native_handle=None topbar_candidate=True popup_candidate=False
2026-08-25 22:20:42.566 | DEBUG    | winwatt_automation.live_ui.menu_helpers:_menu_like_controls_from_global_process_scan:1631 - DBG_MENU_FRAGMENT_SOURCE_SUMMARY source_scope=global_process_scan count=16 process_id=24008
2026-08-25 22:20:42.566 | DEBUG    | winwatt_automation.live_ui.app_connector:get_cached_main_window:565 - DBG_WINWATT_CACHE_GET reason_code=cache_reused_without_validation payload={'wrapper_type': 'UIAWrapper', 'handle': 461944, 'process_id': 24008, 'title': 'WinWatt gólya', 'class_name': 'TMainForm', 'control_type': 'Window'} last_validation_age_s=2.484000000025844 diagnostic_fast_mode=False
2026-08-25 22:20:42.566 | DEBUG    | winwatt_automation.live_ui.app_connector:get_cached_main_window:566 - DBG_PHASE_TIMING phase=get_cached_main_window elapsed_ms=0.000 reason_code=cache_reused_without_validation
2026-08-25 22:20:42.976 | DEBUG    | winwatt_automation.live_ui.menu_helpers:capture_menu_popup_snapshot:1682 - DBG_POPUP_ROW_DEDUPE rect={'left': 4, 'top': 56, 'right': 687, 'bottom': 84} normalized_text=végrehajtás class_name= source_scope=main_window deduplicated=False
2026-08-25 22:20:42.976 | DEBUG    | winwatt_automation.live_ui.menu_helpers:capture_menu_popup_snapshot:1682 - DBG_POPUP_ROW_DEDUPE rect={'left': 4, 'top': 84, 'right': 687, 'bottom': 112} normalized_text=végrehajtás class_name= source_scope=main_window deduplicated=False
2026-08-25 22:20:42.976 | DEBUG    | winwatt_automation.live_ui.menu_helpers:capture_menu_popup_snapshot:1682 - DBG_POPUP_ROW_DEDUPE rect={'left': 4, 'top': 111, 'right': 687, 'bottom': 139} normalized_text= class_name= source_scope=main_window deduplicated=False
2026-08-25 22:20:42.976 | DEBUG    | winwatt_automation.live_ui.menu_helpers:capture_menu_popup_snapshot:1682 - DBG_POPUP_ROW_DEDUPE rect={'left': 4, 'top': 139, 'right': 687, 'bottom': 167} normalized_text= class_name= source_scope=main_window deduplicated=False
2026-08-25 22:20:42.976 | DEBUG    | winwatt_automation.live_ui.menu_helpers:capture_menu_popup_snapshot:1682 - DBG_POPUP_ROW_DEDUPE rect={'left': 4, 'top': 166, 'right': 687, 'bottom': 194} normalized_text=végrehajtás class_name= source_scope=main_window deduplicated=False
2026-08-25 22:20:42.976 | DEBUG    | winwatt_automation.live_ui.menu_helpers:capture_menu_popup_snapshot:1682 - DBG_POPUP_ROW_DEDUPE rect={'left': 4, 'top': 201, 'right': 687, 'bottom': 229} normalized_text= class_name= source_scope=main_window deduplicated=False
2026-08-25 22:20:42.976 | DEBUG    | winwatt_automation.live_ui.menu_helpers:capture_menu_popup_snapshot:1682 - DBG_POPUP_ROW_DEDUPE rect={'left': 4, 'top': 229, 'right': 687, 'bottom': 257} normalized_text=végrehajtás class_name= source_scope=main_window deduplicated=False
2026-08-25 22:20:42.976 | DEBUG    | winwatt_automation.live_ui.menu_helpers:capture_menu_popup_snapshot:1682 - DBG_POPUP_ROW_DEDUPE rect={'left': 4, 'top': 264, 'right': 687, 'bottom': 292} normalized_text=végrehajtás class_name= source_scope=main_window deduplicated=False
2026-08-25 22:20:42.976 | DEBUG    | winwatt_automation.live_ui.menu_helpers:capture_menu_popup_snapshot:1682 - DBG_POPUP_ROW_DEDUPE rect={'left': 4, 'top': 299, 'right': 687, 'bottom': 327} normalized_text=végrehajtás class_name= source_scope=main_window deduplicated=False
2026-08-25 22:20:42.976 | DEBUG    | winwatt_automation.live_ui.menu_helpers:capture_menu_popup_snapshot:1682 - DBG_POPUP_ROW_DEDUPE rect={'left': 0, 'top': 0, 'right': 28, 'bottom': 28} normalized_text=rendszer class_name= source_scope=main_window deduplicated=False
2026-08-25 22:20:42.976 | DEBUG    | winwatt_automation.live_ui.menu_helpers:capture_menu_popup_snapshot:1682 - DBG_POPUP_ROW_DEDUPE rect={'left': 0, 'top': 29, 'right': 40, 'bottom': 53} normalized_text=fájl class_name= source_scope=main_window deduplicated=False
2026-08-25 22:20:42.976 | DEBUG    | winwatt_automation.live_ui.menu_helpers:capture_menu_popup_snapshot:1682 - DBG_POPUP_ROW_DEDUPE rect={'left': 40, 'top': 29, 'right': 123, 'bottom': 53} normalized_text=jegyzékek class_name= source_scope=main_window deduplicated=False
2026-08-25 22:20:42.976 | DEBUG    | winwatt_automation.live_ui.menu_helpers:capture_menu_popup_snapshot:1682 - DBG_POPUP_ROW_DEDUPE rect={'left': 123, 'top': 29, 'right': 216, 'bottom': 53} normalized_text=adatbázis... class_name= source_scope=main_window deduplicated=False
2026-08-25 22:20:42.976 | DEBUG    | winwatt_automation.live_ui.menu_helpers:capture_menu_popup_snapshot:1682 - DBG_POPUP_ROW_DEDUPE rect={'left': 215, 'top': 29, 'right': 303, 'bottom': 53} normalized_text=beállítások class_name= source_scope=main_window deduplicated=False
2026-08-25 22:20:42.976 | DEBUG    | winwatt_automation.live_ui.menu_helpers:capture_menu_popup_snapshot:1682 - DBG_POPUP_ROW_DEDUPE rect={'left': 303, 'top': 29, 'right': 358, 'bottom': 53} normalized_text=ablak class_name= source_scope=main_window deduplicated=False
2026-08-25 22:20:42.976 | DEBUG    | winwatt_automation.live_ui.menu_helpers:capture_menu_popup_snapshot:1682 - DBG_POPUP_ROW_DEDUPE rect={'left': 358, 'top': 29, 'right': 409, 'bottom': 53} normalized_text=súgó class_name= source_scope=main_window deduplicated=False
2026-08-25 22:20:42.976 | DEBUG    | winwatt_automation.live_ui.menu_helpers:capture_menu_popup_snapshot:1682 - DBG_POPUP_ROW_DEDUPE rect={'left': 4, 'top': 56, 'right': 687, 'bottom': 84} normalized_text=végrehajtás class_name= source_scope=global_process_scan deduplicated=False
2026-08-25 22:20:42.976 | DEBUG    | winwatt_automation.live_ui.menu_helpers:capture_menu_popup_snapshot:1682 - DBG_POPUP_ROW_DEDUPE rect={'left': 4, 'top': 84, 'right': 687, 'bottom': 112} normalized_text=végrehajtás class_name= source_scope=global_process_scan deduplicated=False
2026-08-25 22:20:42.976 | DEBUG    | winwatt_automation.live_ui.menu_helpers:capture_menu_popup_snapshot:1682 - DBG_POPUP_ROW_DEDUPE rect={'left': 4, 'top': 111, 'right': 687, 'bottom': 139} normalized_text= class_name= source_scope=global_process_scan deduplicated=False
2026-08-25 22:20:42.976 | DEBUG    | winwatt_automation.live_ui.menu_helpers:capture_menu_popup_snapshot:1682 - DBG_POPUP_ROW_DEDUPE rect={'left': 4, 'top': 139, 'right': 687, 'bottom': 167} normalized_text= class_name= source_scope=global_process_scan deduplicated=False
2026-08-25 22:20:42.976 | DEBUG    | winwatt_automation.live_ui.menu_helpers:capture_menu_popup_snapshot:1682 - DBG_POPUP_ROW_DEDUPE rect={'left': 4, 'top': 166, 'right': 687, 'bottom': 194} normalized_text=végrehajtás class_name= source_scope=global_process_scan deduplicated=False
2026-08-25 22:20:42.976 | DEBUG    | winwatt_automation.live_ui.menu_helpers:capture_menu_popup_snapshot:1682 - DBG_POPUP_ROW_DEDUPE rect={'left': 4, 'top': 201, 'right': 687, 'bottom': 229} normalized_text= class_name= source_scope=global_process_scan deduplicated=False
2026-08-25 22:20:42.976 | DEBUG    | winwatt_automation.live_ui.menu_helpers:capture_menu_popup_snapshot:1682 - DBG_POPUP_ROW_DEDUPE rect={'left': 4, 'top': 229, 'right': 687, 'bottom': 257} normalized_text=végrehajtás class_name= source_scope=global_process_scan deduplicated=False
2026-08-25 22:20:42.976 | DEBUG    | winwatt_automation.live_ui.menu_helpers:capture_menu_popup_snapshot:1682 - DBG_POPUP_ROW_DEDUPE rect={'left': 4, 'top': 264, 'right': 687, 'bottom': 292} normalized_text=végrehajtás class_name= source_scope=global_process_scan deduplicated=False
2026-08-25 22:20:42.976 | DEBUG    | winwatt_automation.live_ui.menu_helpers:capture_menu_popup_snapshot:1682 - DBG_POPUP_ROW_DEDUPE rect={'left': 4, 'top': 299, 'right': 687, 'bottom': 327} normalized_text=végrehajtás class_name= source_scope=global_process_scan deduplicated=False
2026-08-25 22:20:42.976 | DEBUG    | winwatt_automation.live_ui.menu_helpers:capture_menu_popup_snapshot:1682 - DBG_POPUP_ROW_DEDUPE rect={'left': 0, 'top': 0, 'right': 28, 'bottom': 28} normalized_text=rendszer class_name= source_scope=global_process_scan deduplicated=False
2026-08-25 22:20:42.976 | DEBUG    | winwatt_automation.live_ui.menu_helpers:capture_menu_popup_snapshot:1682 - DBG_POPUP_ROW_DEDUPE rect={'left': 0, 'top': 29, 'right': 40, 'bottom': 53} normalized_text=fájl class_name= source_scope=global_process_scan deduplicated=False
2026-08-25 22:20:42.976 | DEBUG    | winwatt_automation.live_ui.menu_helpers:capture_menu_popup_snapshot:1682 - DBG_POPUP_ROW_DEDUPE rect={'left': 40, 'top': 29, 'right': 123, 'bottom': 53} normalized_text=jegyzékek class_name= source_scope=global_process_scan deduplicated=False
2026-08-25 22:20:42.976 | DEBUG    | winwatt_automation.live_ui.menu_helpers:capture_menu_popup_snapshot:1682 - DBG_POPUP_ROW_DEDUPE rect={'left': 123, 'top': 29, 'right': 216, 'bottom': 53} normalized_text=adatbázis... class_name= source_scope=global_process_scan deduplicated=False
2026-08-25 22:20:42.976 | DEBUG    | winwatt_automation.live_ui.menu_helpers:capture_menu_popup_snapshot:1682 - DBG_POPUP_ROW_DEDUPE rect={'left': 215, 'top': 29, 'right': 303, 'bottom': 53} normalized_text=beállítások class_name= source_scope=global_process_scan deduplicated=False
2026-08-25 22:20:42.976 | DEBUG    | winwatt_automation.live_ui.menu_helpers:capture_menu_popup_snapshot:1682 - DBG_POPUP_ROW_DEDUPE rect={'left': 303, 'top': 29, 'right': 358, 'bottom': 53} normalized_text=ablak class_name= source_scope=global_process_scan deduplicated=False
2026-08-25 22:20:42.976 | DEBUG    | winwatt_automation.live_ui.menu_helpers:capture_menu_popup_snapshot:1682 - DBG_POPUP_ROW_DEDUPE rect={'left': 358, 'top': 29, 'right': 409, 'bottom': 53} normalized_text=súgó class_name= source_scope=global_process_scan deduplicated=False
2026-08-25 22:20:42.976 | INFO     | winwatt_automation.live_ui.menu_helpers:capture_menu_popup_snapshot:1724 - POPUP_SNAPSHOT_SUMMARY main_window_fragments=16 global_scan_fragments=16 deduped_fragments=32 topbar_like=12 popup_like=18 empty_text=6 topbar_band=(0, 29, 409, 53) empty_text_vertical_cluster_detected=False accepted_popup_rows=0 popup_heuristic=cluster_below_threshold
2026-08-25 22:20:42.976 | DEBUG    | winwatt_automation.live_ui.menu_helpers:capture_menu_popup_snapshot:1737 - Captured menu snapshot rows=32
2026-08-25 22:20:42.976 | DEBUG    | winwatt_automation.live_ui.menu_helpers:_log_phase_timing:83 - DBG_PHASE_TIMING phase=capture_menu_popup_snapshot elapsed_ms=1750.000 main_rows=16 global_rows=16 unique_rows=32 diagnostic_fast_mode=False
2026-08-25 22:20:42.976 | DEBUG    | winwatt_automation.live_ui.menu_helpers:did_any_new_menu_popup_appear:2272 - Menu popup snapshot diff: before=14 after=32 new=18
2026-08-25 22:20:42.976 | DEBUG    | winwatt_automation.live_ui.menu_helpers:did_any_new_menu_popup_appear:2272 - Menu popup snapshot diff: before=14 after=32 new=18
2026-08-25 22:20:42.976 | DEBUG    | winwatt_automation.live_ui.app_connector:get_cached_main_window:565 - DBG_WINWATT_CACHE_GET reason_code=cache_reused_without_validation payload={'wrapper_type': 'UIAWrapper', 'handle': 461944, 'process_id': 24008, 'title': 'WinWatt gólya', 'class_name': 'TMainForm', 'control_type': 'Window'} last_validation_age_s=2.89000000001397 diagnostic_fast_mode=False
2026-08-25 22:20:42.976 | DEBUG    | winwatt_automation.live_ui.app_connector:get_cached_main_window:566 - DBG_PHASE_TIMING phase=get_cached_main_window elapsed_ms=0.000 reason_code=cache_reused_without_validation
2026-08-25 22:20:42.976 | DEBUG    | winwatt_automation.live_ui.app_connector:get_cached_main_window:565 - DBG_WINWATT_CACHE_GET reason_code=cache_reused_without_validation payload={'wrapper_type': 'UIAWrapper', 'handle': 461944, 'process_id': 24008, 'title': 'WinWatt gólya', 'class_name': 'TMainForm', 'control_type': 'Window'} last_validation_age_s=2.89000000001397 diagnostic_fast_mode=False
2026-08-25 22:20:42.976 | DEBUG    | winwatt_automation.live_ui.app_connector:get_cached_main_window:566 - DBG_PHASE_TIMING phase=get_cached_main_window elapsed_ms=0.000 reason_code=cache_reused_without_validation
2026-08-25 22:20:42.976 | DEBUG    | winwatt_automation.live_ui.app_connector:get_cached_main_window:565 - DBG_WINWATT_CACHE_GET reason_code=cache_reused_without_validation payload={'wrapper_type': 'UIAWrapper', 'handle': 461944, 'process_id': 24008, 'title': 'WinWatt gólya', 'class_name': 'TMainForm', 'control_type': 'Window'} last_validation_age_s=2.89000000001397 diagnostic_fast_mode=False
2026-08-25 22:20:42.976 | DEBUG    | winwatt_automation.live_ui.app_connector:get_cached_main_window:566 - DBG_PHASE_TIMING phase=get_cached_main_window elapsed_ms=0.000 reason_code=cache_reused_without_validation
2026-08-25 22:20:43.002 | INFO     | winwatt_automation.live_ui.menu_helpers:_menu_items:1101 - DBG_MENU_ITEMS_SUMMARY total_items=16 visible_items=16 topbar_band=(0, 0, 687, 327) topbar_band_visible_count=16 popup_region_visible_count=0 force_refresh=False handle=461944
2026-08-25 22:20:43.002 | DEBUG    | winwatt_automation.live_ui.menu_helpers:_menu_items:1111 - Discovered 16 MenuItem controls
2026-08-25 22:20:43.002 | DEBUG    | winwatt_automation.live_ui.menu_helpers:_log_phase_timing:83 - DBG_PHASE_TIMING phase=_menu_items elapsed_ms=32.000 force_refresh=False total_items=16 visible_items=16
2026-08-25 22:20:43.007 | INFO     | winwatt_automation.live_ui.menu_helpers:_menu_row_from_wrapper:1545 - TEXT_EXTRACTION_FALLBACK_USED source=legacy_text confidence=medium rect={'left': 4, 'top': 56, 'right': 687, 'bottom': 84}
2026-08-25 22:20:43.007 | DEBUG    | winwatt_automation.live_ui.menu_helpers:_log_popup_fragment:499 - DBG_MENU_FRAGMENT_MAIN_WINDOW source_scope=main_window control_type=MenuItem class_name= text='Végrehajtás' rectangle={'left': 4, 'top': 56, 'right': 687, 'bottom': 84} center=(345, 70) process_id=24008 native_handle=None topbar_candidate=True popup_candidate=False
2026-08-25 22:20:43.019 | INFO     | winwatt_automation.live_ui.menu_helpers:_menu_row_from_wrapper:1545 - TEXT_EXTRACTION_FALLBACK_USED source=legacy_text confidence=medium rect={'left': 4, 'top': 84, 'right': 687, 'bottom': 112}
2026-08-25 22:20:43.019 | DEBUG    | winwatt_automation.live_ui.menu_helpers:_log_popup_fragment:499 - DBG_MENU_FRAGMENT_MAIN_WINDOW source_scope=main_window control_type=MenuItem class_name= text='Végrehajtás' rectangle={'left': 4, 'top': 84, 'right': 687, 'bottom': 112} center=(345, 98) process_id=24008 native_handle=None topbar_candidate=True popup_candidate=False
2026-08-25 22:20:43.024 | WARNING  | winwatt_automation.live_ui.menu_helpers:_menu_row_from_wrapper:1547 - TEXT_EXTRACTION_FAILED source_scope=main_window rect={'left': 4, 'top': 111, 'right': 687, 'bottom': 139}
2026-08-25 22:20:43.024 | DEBUG    | winwatt_automation.live_ui.menu_helpers:_log_popup_fragment:499 - DBG_MENU_FRAGMENT_MAIN_WINDOW source_scope=main_window control_type=MenuItem class_name= text='' rectangle={'left': 4, 'top': 111, 'right': 687, 'bottom': 139} center=(345, 125) process_id=24008 native_handle=None topbar_candidate=True popup_candidate=False
2026-08-25 22:20:43.024 | WARNING  | winwatt_automation.live_ui.menu_helpers:_menu_row_from_wrapper:1547 - TEXT_EXTRACTION_FAILED source_scope=main_window rect={'left': 4, 'top': 139, 'right': 687, 'bottom': 167}
2026-08-25 22:20:43.039 | DEBUG    | winwatt_automation.live_ui.menu_helpers:_log_popup_fragment:499 - DBG_MENU_FRAGMENT_MAIN_WINDOW source_scope=main_window control_type=MenuItem class_name= text='' rectangle={'left': 4, 'top': 139, 'right': 687, 'bottom': 167} center=(345, 153) process_id=24008 native_handle=None topbar_candidate=True popup_candidate=False
2026-08-25 22:20:43.051 | INFO     | winwatt_automation.live_ui.menu_helpers:_menu_row_from_wrapper:1545 - TEXT_EXTRACTION_FALLBACK_USED source=legacy_text confidence=medium rect={'left': 4, 'top': 166, 'right': 687, 'bottom': 194}
2026-08-25 22:20:43.053 | DEBUG    | winwatt_automation.live_ui.menu_helpers:_log_popup_fragment:499 - DBG_MENU_FRAGMENT_MAIN_WINDOW source_scope=main_window control_type=MenuItem class_name= text='Végrehajtás' rectangle={'left': 4, 'top': 166, 'right': 687, 'bottom': 194} center=(345, 180) process_id=24008 native_handle=None topbar_candidate=True popup_candidate=False
2026-08-25 22:20:43.061 | WARNING  | winwatt_automation.live_ui.menu_helpers:_menu_row_from_wrapper:1547 - TEXT_EXTRACTION_FAILED source_scope=main_window rect={'left': 4, 'top': 201, 'right': 687, 'bottom': 229}
2026-08-25 22:20:43.063 | DEBUG    | winwatt_automation.live_ui.menu_helpers:_log_popup_fragment:499 - DBG_MENU_FRAGMENT_MAIN_WINDOW source_scope=main_window control_type=MenuItem class_name= text='' rectangle={'left': 4, 'top': 201, 'right': 687, 'bottom': 229} center=(345, 215) process_id=24008 native_handle=None topbar_candidate=True popup_candidate=False
2026-08-25 22:20:43.070 | INFO     | winwatt_automation.live_ui.menu_helpers:_menu_row_from_wrapper:1545 - TEXT_EXTRACTION_FALLBACK_USED source=legacy_text confidence=medium rect={'left': 4, 'top': 229, 'right': 687, 'bottom': 257}
2026-08-25 22:20:43.072 | DEBUG    | winwatt_automation.live_ui.menu_helpers:_log_popup_fragment:499 - DBG_MENU_FRAGMENT_MAIN_WINDOW source_scope=main_window control_type=MenuItem class_name= text='Végrehajtás' rectangle={'left': 4, 'top': 229, 'right': 687, 'bottom': 257} center=(345, 243) process_id=24008 native_handle=None topbar_candidate=True popup_candidate=False
2026-08-25 22:20:43.079 | INFO     | winwatt_automation.live_ui.menu_helpers:_menu_row_from_wrapper:1545 - TEXT_EXTRACTION_FALLBACK_USED source=legacy_text confidence=medium rect={'left': 4, 'top': 264, 'right': 687, 'bottom': 292}
2026-08-25 22:20:43.079 | DEBUG    | winwatt_automation.live_ui.menu_helpers:_log_popup_fragment:499 - DBG_MENU_FRAGMENT_MAIN_WINDOW source_scope=main_window control_type=MenuItem class_name= text='Végrehajtás' rectangle={'left': 4, 'top': 264, 'right': 687, 'bottom': 292} center=(345, 278) process_id=24008 native_handle=None topbar_candidate=True popup_candidate=False
2026-08-25 22:20:43.084 | INFO     | winwatt_automation.live_ui.menu_helpers:_menu_row_from_wrapper:1545 - TEXT_EXTRACTION_FALLBACK_USED source=legacy_text confidence=medium rect={'left': 4, 'top': 299, 'right': 687, 'bottom': 327}
2026-08-25 22:20:43.084 | DEBUG    | winwatt_automation.live_ui.menu_helpers:_log_popup_fragment:499 - DBG_MENU_FRAGMENT_MAIN_WINDOW source_scope=main_window control_type=MenuItem class_name= text='Végrehajtás' rectangle={'left': 4, 'top': 299, 'right': 687, 'bottom': 327} center=(345, 313) process_id=24008 native_handle=None topbar_candidate=True popup_candidate=False
2026-08-25 22:20:43.084 | DEBUG    | winwatt_automation.live_ui.menu_helpers:_log_popup_fragment:499 - DBG_MENU_FRAGMENT_MAIN_WINDOW source_scope=main_window control_type=MenuItem class_name= text='Rendszer' rectangle={'left': 0, 'top': 0, 'right': 28, 'bottom': 28} center=(14, 14) process_id=24008 native_handle=None topbar_candidate=True popup_candidate=False
2026-08-25 22:20:43.084 | DEBUG    | winwatt_automation.live_ui.menu_helpers:_log_popup_fragment:499 - DBG_MENU_FRAGMENT_MAIN_WINDOW source_scope=main_window control_type=MenuItem class_name= text='Fájl' rectangle={'left': 0, 'top': 29, 'right': 40, 'bottom': 53} center=(20, 41) process_id=24008 native_handle=None topbar_candidate=True popup_candidate=False
2026-08-25 22:20:43.084 | DEBUG    | winwatt_automation.live_ui.menu_helpers:_log_popup_fragment:499 - DBG_MENU_FRAGMENT_MAIN_WINDOW source_scope=main_window control_type=MenuItem class_name= text='Jegyzékek' rectangle={'left': 40, 'top': 29, 'right': 123, 'bottom': 53} center=(81, 41) process_id=24008 native_handle=None topbar_candidate=True popup_candidate=False
2026-08-25 22:20:43.094 | DEBUG    | winwatt_automation.live_ui.menu_helpers:_log_popup_fragment:499 - DBG_MENU_FRAGMENT_MAIN_WINDOW source_scope=main_window control_type=MenuItem class_name= text='Adatbázis...' rectangle={'left': 123, 'top': 29, 'right': 216, 'bottom': 53} center=(169, 41) process_id=24008 native_handle=None topbar_candidate=True popup_candidate=False
2026-08-25 22:20:43.095 | DEBUG    | winwatt_automation.live_ui.menu_helpers:_log_popup_fragment:499 - DBG_MENU_FRAGMENT_MAIN_WINDOW source_scope=main_window control_type=MenuItem class_name= text='Beállítások' rectangle={'left': 215, 'top': 29, 'right': 303, 'bottom': 53} center=(259, 41) process_id=24008 native_handle=None topbar_candidate=True popup_candidate=False
2026-08-25 22:20:43.095 | DEBUG    | winwatt_automation.live_ui.menu_helpers:_log_popup_fragment:499 - DBG_MENU_FRAGMENT_MAIN_WINDOW source_scope=main_window control_type=MenuItem class_name= text='Ablak' rectangle={'left': 303, 'top': 29, 'right': 358, 'bottom': 53} center=(330, 41) process_id=24008 native_handle=None topbar_candidate=True popup_candidate=False
2026-08-25 22:20:43.097 | DEBUG    | winwatt_automation.live_ui.menu_helpers:_log_popup_fragment:499 - DBG_MENU_FRAGMENT_MAIN_WINDOW source_scope=main_window control_type=MenuItem class_name= text='Súgó' rectangle={'left': 358, 'top': 29, 'right': 409, 'bottom': 53} center=(383, 41) process_id=24008 native_handle=None topbar_candidate=True popup_candidate=False
2026-08-25 22:20:43.097 | DEBUG    | winwatt_automation.live_ui.menu_helpers:_menu_like_controls_from_main_window:1599 - DBG_MENU_FRAGMENT_SOURCE_SUMMARY source_scope=main_window count=16
2026-08-25 22:20:43.097 | DEBUG    | winwatt_automation.live_ui.app_connector:get_cached_main_window:565 - DBG_WINWATT_CACHE_GET reason_code=cache_reused_without_validation payload={'wrapper_type': 'UIAWrapper', 'handle': 461944, 'process_id': 24008, 'title': 'WinWatt gólya', 'class_name': 'TMainForm', 'control_type': 'Window'} last_validation_age_s=3.01500000001397 diagnostic_fast_mode=False
2026-08-25 22:20:43.097 | DEBUG    | winwatt_automation.live_ui.app_connector:get_cached_main_window:566 - DBG_PHASE_TIMING phase=get_cached_main_window elapsed_ms=0.000 reason_code=cache_reused_without_validation
2026-08-25 22:20:43.102 | DEBUG    | winwatt_automation.live_ui.app_connector:get_cached_main_window:565 - DBG_WINWATT_CACHE_GET reason_code=cache_reused_without_validation payload={'wrapper_type': 'UIAWrapper', 'handle': 461944, 'process_id': 24008, 'title': 'WinWatt gólya', 'class_name': 'TMainForm', 'control_type': 'Window'} last_validation_age_s=3.01500000001397 diagnostic_fast_mode=False
2026-08-25 22:20:43.102 | DEBUG    | winwatt_automation.live_ui.app_connector:get_cached_main_window:566 - DBG_PHASE_TIMING phase=get_cached_main_window elapsed_ms=0.000 reason_code=cache_reused_without_validation
2026-08-25 22:20:43.836 | INFO     | winwatt_automation.live_ui.menu_helpers:_menu_row_from_wrapper:1545 - TEXT_EXTRACTION_FALLBACK_USED source=legacy_text confidence=medium rect={'left': 4, 'top': 56, 'right': 687, 'bottom': 84}
2026-08-25 22:20:43.836 | DEBUG    | winwatt_automation.live_ui.menu_helpers:_log_popup_fragment:499 - DBG_MENU_FRAGMENT_GLOBAL_SCAN source_scope=global_process_scan control_type=MenuItem class_name= text='Végrehajtás' rectangle={'left': 4, 'top': 56, 'right': 687, 'bottom': 84} center=(345, 70) process_id=24008 native_handle=None topbar_candidate=True popup_candidate=False
2026-08-25 22:20:43.852 | INFO     | winwatt_automation.live_ui.menu_helpers:_menu_row_from_wrapper:1545 - TEXT_EXTRACTION_FALLBACK_USED source=legacy_text confidence=medium rect={'left': 4, 'top': 84, 'right': 687, 'bottom': 112}
2026-08-25 22:20:43.852 | DEBUG    | winwatt_automation.live_ui.menu_helpers:_log_popup_fragment:499 - DBG_MENU_FRAGMENT_GLOBAL_SCAN source_scope=global_process_scan control_type=MenuItem class_name= text='Végrehajtás' rectangle={'left': 4, 'top': 84, 'right': 687, 'bottom': 112} center=(345, 98) process_id=24008 native_handle=None topbar_candidate=True popup_candidate=False
2026-08-25 22:20:43.852 | WARNING  | winwatt_automation.live_ui.menu_helpers:_menu_row_from_wrapper:1547 - TEXT_EXTRACTION_FAILED source_scope=global_process_scan rect={'left': 4, 'top': 111, 'right': 687, 'bottom': 139}
2026-08-25 22:20:43.868 | DEBUG    | winwatt_automation.live_ui.menu_helpers:_log_popup_fragment:499 - DBG_MENU_FRAGMENT_GLOBAL_SCAN source_scope=global_process_scan control_type=MenuItem class_name= text='' rectangle={'left': 4, 'top': 111, 'right': 687, 'bottom': 139} center=(345, 125) process_id=24008 native_handle=None topbar_candidate=True popup_candidate=False
2026-08-25 22:20:43.868 | WARNING  | winwatt_automation.live_ui.menu_helpers:_menu_row_from_wrapper:1547 - TEXT_EXTRACTION_FAILED source_scope=global_process_scan rect={'left': 4, 'top': 139, 'right': 687, 'bottom': 167}
2026-08-25 22:20:43.868 | DEBUG    | winwatt_automation.live_ui.menu_helpers:_log_popup_fragment:499 - DBG_MENU_FRAGMENT_GLOBAL_SCAN source_scope=global_process_scan control_type=MenuItem class_name= text='' rectangle={'left': 4, 'top': 139, 'right': 687, 'bottom': 167} center=(345, 153) process_id=24008 native_handle=None topbar_candidate=True popup_candidate=False
2026-08-25 22:20:43.884 | INFO     | winwatt_automation.live_ui.menu_helpers:_menu_row_from_wrapper:1545 - TEXT_EXTRACTION_FALLBACK_USED source=legacy_text confidence=medium rect={'left': 4, 'top': 166, 'right': 687, 'bottom': 194}
2026-08-25 22:20:43.886 | DEBUG    | winwatt_automation.live_ui.menu_helpers:_log_popup_fragment:499 - DBG_MENU_FRAGMENT_GLOBAL_SCAN source_scope=global_process_scan control_type=MenuItem class_name= text='Végrehajtás' rectangle={'left': 4, 'top': 166, 'right': 687, 'bottom': 194} center=(345, 180) process_id=24008 native_handle=None topbar_candidate=True popup_candidate=False
2026-08-25 22:20:43.886 | WARNING  | winwatt_automation.live_ui.menu_helpers:_menu_row_from_wrapper:1547 - TEXT_EXTRACTION_FAILED source_scope=global_process_scan rect={'left': 4, 'top': 201, 'right': 687, 'bottom': 229}
2026-08-25 22:20:43.886 | DEBUG    | winwatt_automation.live_ui.menu_helpers:_log_popup_fragment:499 - DBG_MENU_FRAGMENT_GLOBAL_SCAN source_scope=global_process_scan control_type=MenuItem class_name= text='' rectangle={'left': 4, 'top': 201, 'right': 687, 'bottom': 229} center=(345, 215) process_id=24008 native_handle=None topbar_candidate=True popup_candidate=False
2026-08-25 22:20:43.903 | INFO     | winwatt_automation.live_ui.menu_helpers:_menu_row_from_wrapper:1545 - TEXT_EXTRACTION_FALLBACK_USED source=legacy_text confidence=medium rect={'left': 4, 'top': 229, 'right': 687, 'bottom': 257}
2026-08-25 22:20:43.903 | DEBUG    | winwatt_automation.live_ui.menu_helpers:_log_popup_fragment:499 - DBG_MENU_FRAGMENT_GLOBAL_SCAN source_scope=global_process_scan control_type=MenuItem class_name= text='Végrehajtás' rectangle={'left': 4, 'top': 229, 'right': 687, 'bottom': 257} center=(345, 243) process_id=24008 native_handle=None topbar_candidate=True popup_candidate=False
2026-08-25 22:20:43.903 | INFO     | winwatt_automation.live_ui.menu_helpers:_menu_row_from_wrapper:1545 - TEXT_EXTRACTION_FALLBACK_USED source=legacy_text confidence=medium rect={'left': 4, 'top': 264, 'right': 687, 'bottom': 292}
2026-08-25 22:20:43.916 | DEBUG    | winwatt_automation.live_ui.menu_helpers:_log_popup_fragment:499 - DBG_MENU_FRAGMENT_GLOBAL_SCAN source_scope=global_process_scan control_type=MenuItem class_name= text='Végrehajtás' rectangle={'left': 4, 'top': 264, 'right': 687, 'bottom': 292} center=(345, 278) process_id=24008 native_handle=None topbar_candidate=True popup_candidate=False
2026-08-25 22:20:43.916 | INFO     | winwatt_automation.live_ui.menu_helpers:_menu_row_from_wrapper:1545 - TEXT_EXTRACTION_FALLBACK_USED source=legacy_text confidence=medium rect={'left': 4, 'top': 299, 'right': 687, 'bottom': 327}
2026-08-25 22:20:43.926 | DEBUG    | winwatt_automation.live_ui.menu_helpers:_log_popup_fragment:499 - DBG_MENU_FRAGMENT_GLOBAL_SCAN source_scope=global_process_scan control_type=MenuItem class_name= text='Végrehajtás' rectangle={'left': 4, 'top': 299, 'right': 687, 'bottom': 327} center=(345, 313) process_id=24008 native_handle=None topbar_candidate=True popup_candidate=False
2026-08-25 22:20:43.926 | DEBUG    | winwatt_automation.live_ui.menu_helpers:_log_popup_fragment:499 - DBG_MENU_FRAGMENT_GLOBAL_SCAN source_scope=global_process_scan control_type=MenuItem class_name= text='Rendszer' rectangle={'left': 0, 'top': 0, 'right': 28, 'bottom': 28} center=(14, 14) process_id=24008 native_handle=None topbar_candidate=True popup_candidate=False
2026-08-25 22:20:43.926 | DEBUG    | winwatt_automation.live_ui.menu_helpers:_log_popup_fragment:499 - DBG_MENU_FRAGMENT_GLOBAL_SCAN source_scope=global_process_scan control_type=MenuItem class_name= text='Fájl' rectangle={'left': 0, 'top': 29, 'right': 40, 'bottom': 53} center=(20, 41) process_id=24008 native_handle=None topbar_candidate=True popup_candidate=False
2026-08-25 22:20:43.926 | DEBUG    | winwatt_automation.live_ui.menu_helpers:_log_popup_fragment:499 - DBG_MENU_FRAGMENT_GLOBAL_SCAN source_scope=global_process_scan control_type=MenuItem class_name= text='Jegyzékek' rectangle={'left': 40, 'top': 29, 'right': 123, 'bottom': 53} center=(81, 41) process_id=24008 native_handle=None topbar_candidate=True popup_candidate=False
2026-08-25 22:20:43.926 | DEBUG    | winwatt_automation.live_ui.menu_helpers:_log_popup_fragment:499 - DBG_MENU_FRAGMENT_GLOBAL_SCAN source_scope=global_process_scan control_type=MenuItem class_name= text='Adatbázis...' rectangle={'left': 123, 'top': 29, 'right': 216, 'bottom': 53} center=(169, 41) process_id=24008 native_handle=None topbar_candidate=True popup_candidate=False
2026-08-25 22:20:43.926 | DEBUG    | winwatt_automation.live_ui.menu_helpers:_log_popup_fragment:499 - DBG_MENU_FRAGMENT_GLOBAL_SCAN source_scope=global_process_scan control_type=MenuItem class_name= text='Beállítások' rectangle={'left': 215, 'top': 29, 'right': 303, 'bottom': 53} center=(259, 41) process_id=24008 native_handle=None topbar_candidate=True popup_candidate=False
2026-08-25 22:20:43.926 | DEBUG    | winwatt_automation.live_ui.menu_helpers:_log_popup_fragment:499 - DBG_MENU_FRAGMENT_GLOBAL_SCAN source_scope=global_process_scan control_type=MenuItem class_name= text='Ablak' rectangle={'left': 303, 'top': 29, 'right': 358, 'bottom': 53} center=(330, 41) process_id=24008 native_handle=None topbar_candidate=True popup_candidate=False
2026-08-25 22:20:43.932 | DEBUG    | winwatt_automation.live_ui.menu_helpers:_log_popup_fragment:499 - DBG_MENU_FRAGMENT_GLOBAL_SCAN source_scope=global_process_scan control_type=MenuItem class_name= text='Súgó' rectangle={'left': 358, 'top': 29, 'right': 409, 'bottom': 53} center=(383, 41) process_id=24008 native_handle=None topbar_candidate=True popup_candidate=False
2026-08-25 22:20:43.932 | DEBUG    | winwatt_automation.live_ui.menu_helpers:_menu_like_controls_from_global_process_scan:1631 - DBG_MENU_FRAGMENT_SOURCE_SUMMARY source_scope=global_process_scan count=16 process_id=24008
2026-08-25 22:20:43.932 | DEBUG    | winwatt_automation.live_ui.app_connector:get_cached_main_window:565 - DBG_WINWATT_CACHE_GET reason_code=cache_reused_without_validation payload={'wrapper_type': 'UIAWrapper', 'handle': 461944, 'process_id': 24008, 'title': 'WinWatt gólya', 'class_name': 'TMainForm', 'control_type': 'Window'} last_validation_age_s=3.8440000000118744 diagnostic_fast_mode=False
2026-08-25 22:20:43.932 | DEBUG    | winwatt_automation.live_ui.app_connector:get_cached_main_window:566 - DBG_PHASE_TIMING phase=get_cached_main_window elapsed_ms=0.000 reason_code=cache_reused_without_validation
2026-08-25 22:20:44.367 | DEBUG    | winwatt_automation.live_ui.menu_helpers:capture_menu_popup_snapshot:1682 - DBG_POPUP_ROW_DEDUPE rect={'left': 4, 'top': 56, 'right': 687, 'bottom': 84} normalized_text=végrehajtás class_name= source_scope=main_window deduplicated=False
2026-08-25 22:20:44.367 | DEBUG    | winwatt_automation.live_ui.menu_helpers:capture_menu_popup_snapshot:1682 - DBG_POPUP_ROW_DEDUPE rect={'left': 4, 'top': 84, 'right': 687, 'bottom': 112} normalized_text=végrehajtás class_name= source_scope=main_window deduplicated=False
2026-08-25 22:20:44.367 | DEBUG    | winwatt_automation.live_ui.menu_helpers:capture_menu_popup_snapshot:1682 - DBG_POPUP_ROW_DEDUPE rect={'left': 4, 'top': 111, 'right': 687, 'bottom': 139} normalized_text= class_name= source_scope=main_window deduplicated=False
2026-08-25 22:20:44.367 | DEBUG    | winwatt_automation.live_ui.menu_helpers:capture_menu_popup_snapshot:1682 - DBG_POPUP_ROW_DEDUPE rect={'left': 4, 'top': 139, 'right': 687, 'bottom': 167} normalized_text= class_name= source_scope=main_window deduplicated=False
2026-08-25 22:20:44.367 | DEBUG    | winwatt_automation.live_ui.menu_helpers:capture_menu_popup_snapshot:1682 - DBG_POPUP_ROW_DEDUPE rect={'left': 4, 'top': 166, 'right': 687, 'bottom': 194} normalized_text=végrehajtás class_name= source_scope=main_window deduplicated=False
2026-08-25 22:20:44.367 | DEBUG    | winwatt_automation.live_ui.menu_helpers:capture_menu_popup_snapshot:1682 - DBG_POPUP_ROW_DEDUPE rect={'left': 4, 'top': 201, 'right': 687, 'bottom': 229} normalized_text= class_name= source_scope=main_window deduplicated=False
2026-08-25 22:20:44.367 | DEBUG    | winwatt_automation.live_ui.menu_helpers:capture_menu_popup_snapshot:1682 - DBG_POPUP_ROW_DEDUPE rect={'left': 4, 'top': 229, 'right': 687, 'bottom': 257} normalized_text=végrehajtás class_name= source_scope=main_window deduplicated=False
2026-08-25 22:20:44.367 | DEBUG    | winwatt_automation.live_ui.menu_helpers:capture_menu_popup_snapshot:1682 - DBG_POPUP_ROW_DEDUPE rect={'left': 4, 'top': 264, 'right': 687, 'bottom': 292} normalized_text=végrehajtás class_name= source_scope=main_window deduplicated=False
2026-08-25 22:20:44.367 | DEBUG    | winwatt_automation.live_ui.menu_helpers:capture_menu_popup_snapshot:1682 - DBG_POPUP_ROW_DEDUPE rect={'left': 4, 'top': 299, 'right': 687, 'bottom': 327} normalized_text=végrehajtás class_name= source_scope=main_window deduplicated=False
2026-08-25 22:20:44.367 | DEBUG    | winwatt_automation.live_ui.menu_helpers:capture_menu_popup_snapshot:1682 - DBG_POPUP_ROW_DEDUPE rect={'left': 0, 'top': 0, 'right': 28, 'bottom': 28} normalized_text=rendszer class_name= source_scope=main_window deduplicated=False
2026-08-25 22:20:44.367 | DEBUG    | winwatt_automation.live_ui.menu_helpers:capture_menu_popup_snapshot:1682 - DBG_POPUP_ROW_DEDUPE rect={'left': 0, 'top': 29, 'right': 40, 'bottom': 53} normalized_text=fájl class_name= source_scope=main_window deduplicated=False
2026-08-25 22:20:44.367 | DEBUG    | winwatt_automation.live_ui.menu_helpers:capture_menu_popup_snapshot:1682 - DBG_POPUP_ROW_DEDUPE rect={'left': 40, 'top': 29, 'right': 123, 'bottom': 53} normalized_text=jegyzékek class_name= source_scope=main_window deduplicated=False
2026-08-25 22:20:44.367 | DEBUG    | winwatt_automation.live_ui.menu_helpers:capture_menu_popup_snapshot:1682 - DBG_POPUP_ROW_DEDUPE rect={'left': 123, 'top': 29, 'right': 216, 'bottom': 53} normalized_text=adatbázis... class_name= source_scope=main_window deduplicated=False
2026-08-25 22:20:44.367 | DEBUG    | winwatt_automation.live_ui.menu_helpers:capture_menu_popup_snapshot:1682 - DBG_POPUP_ROW_DEDUPE rect={'left': 215, 'top': 29, 'right': 303, 'bottom': 53} normalized_text=beállítások class_name= source_scope=main_window deduplicated=False
2026-08-25 22:20:44.367 | DEBUG    | winwatt_automation.live_ui.menu_helpers:capture_menu_popup_snapshot:1682 - DBG_POPUP_ROW_DEDUPE rect={'left': 303, 'top': 29, 'right': 358, 'bottom': 53} normalized_text=ablak class_name= source_scope=main_window deduplicated=False
2026-08-25 22:20:44.367 | DEBUG    | winwatt_automation.live_ui.menu_helpers:capture_menu_popup_snapshot:1682 - DBG_POPUP_ROW_DEDUPE rect={'left': 358, 'top': 29, 'right': 409, 'bottom': 53} normalized_text=súgó class_name= source_scope=main_window deduplicated=False
2026-08-25 22:20:44.367 | DEBUG    | winwatt_automation.live_ui.menu_helpers:capture_menu_popup_snapshot:1682 - DBG_POPUP_ROW_DEDUPE rect={'left': 4, 'top': 56, 'right': 687, 'bottom': 84} normalized_text=végrehajtás class_name= source_scope=global_process_scan deduplicated=False
2026-08-25 22:20:44.367 | DEBUG    | winwatt_automation.live_ui.menu_helpers:capture_menu_popup_snapshot:1682 - DBG_POPUP_ROW_DEDUPE rect={'left': 4, 'top': 84, 'right': 687, 'bottom': 112} normalized_text=végrehajtás class_name= source_scope=global_process_scan deduplicated=False
2026-08-25 22:20:44.367 | DEBUG    | winwatt_automation.live_ui.menu_helpers:capture_menu_popup_snapshot:1682 - DBG_POPUP_ROW_DEDUPE rect={'left': 4, 'top': 111, 'right': 687, 'bottom': 139} normalized_text= class_name= source_scope=global_process_scan deduplicated=False
2026-08-25 22:20:44.367 | DEBUG    | winwatt_automation.live_ui.menu_helpers:capture_menu_popup_snapshot:1682 - DBG_POPUP_ROW_DEDUPE rect={'left': 4, 'top': 139, 'right': 687, 'bottom': 167} normalized_text= class_name= source_scope=global_process_scan deduplicated=False
2026-08-25 22:20:44.367 | DEBUG    | winwatt_automation.live_ui.menu_helpers:capture_menu_popup_snapshot:1682 - DBG_POPUP_ROW_DEDUPE rect={'left': 4, 'top': 166, 'right': 687, 'bottom': 194} normalized_text=végrehajtás class_name= source_scope=global_process_scan deduplicated=False
2026-08-25 22:20:44.367 | DEBUG    | winwatt_automation.live_ui.menu_helpers:capture_menu_popup_snapshot:1682 - DBG_POPUP_ROW_DEDUPE rect={'left': 4, 'top': 201, 'right': 687, 'bottom': 229} normalized_text= class_name= source_scope=global_process_scan deduplicated=False
2026-08-25 22:20:44.367 | DEBUG    | winwatt_automation.live_ui.menu_helpers:capture_menu_popup_snapshot:1682 - DBG_POPUP_ROW_DEDUPE rect={'left': 4, 'top': 229, 'right': 687, 'bottom': 257} normalized_text=végrehajtás class_name= source_scope=global_process_scan deduplicated=False
2026-08-25 22:20:44.367 | DEBUG    | winwatt_automation.live_ui.menu_helpers:capture_menu_popup_snapshot:1682 - DBG_POPUP_ROW_DEDUPE rect={'left': 4, 'top': 264, 'right': 687, 'bottom': 292} normalized_text=végrehajtás class_name= source_scope=global_process_scan deduplicated=False
2026-08-25 22:20:44.367 | DEBUG    | winwatt_automation.live_ui.menu_helpers:capture_menu_popup_snapshot:1682 - DBG_POPUP_ROW_DEDUPE rect={'left': 4, 'top': 299, 'right': 687, 'bottom': 327} normalized_text=végrehajtás class_name= source_scope=global_process_scan deduplicated=False
2026-08-25 22:20:44.367 | DEBUG    | winwatt_automation.live_ui.menu_helpers:capture_menu_popup_snapshot:1682 - DBG_POPUP_ROW_DEDUPE rect={'left': 0, 'top': 0, 'right': 28, 'bottom': 28} normalized_text=rendszer class_name= source_scope=global_process_scan deduplicated=False
2026-08-25 22:20:44.367 | DEBUG    | winwatt_automation.live_ui.menu_helpers:capture_menu_popup_snapshot:1682 - DBG_POPUP_ROW_DEDUPE rect={'left': 0, 'top': 29, 'right': 40, 'bottom': 53} normalized_text=fájl class_name= source_scope=global_process_scan deduplicated=False
2026-08-25 22:20:44.367 | DEBUG    | winwatt_automation.live_ui.menu_helpers:capture_menu_popup_snapshot:1682 - DBG_POPUP_ROW_DEDUPE rect={'left': 40, 'top': 29, 'right': 123, 'bottom': 53} normalized_text=jegyzékek class_name= source_scope=global_process_scan deduplicated=False
2026-08-25 22:20:44.367 | DEBUG    | winwatt_automation.live_ui.menu_helpers:capture_menu_popup_snapshot:1682 - DBG_POPUP_ROW_DEDUPE rect={'left': 123, 'top': 29, 'right': 216, 'bottom': 53} normalized_text=adatbázis... class_name= source_scope=global_process_scan deduplicated=False
2026-08-25 22:20:44.367 | DEBUG    | winwatt_automation.live_ui.menu_helpers:capture_menu_popup_snapshot:1682 - DBG_POPUP_ROW_DEDUPE rect={'left': 215, 'top': 29, 'right': 303, 'bottom': 53} normalized_text=beállítások class_name= source_scope=global_process_scan deduplicated=False
2026-08-25 22:20:44.367 | DEBUG    | winwatt_automation.live_ui.menu_helpers:capture_menu_popup_snapshot:1682 - DBG_POPUP_ROW_DEDUPE rect={'left': 303, 'top': 29, 'right': 358, 'bottom': 53} normalized_text=ablak class_name= source_scope=global_process_scan deduplicated=False
2026-08-25 22:20:44.367 | DEBUG    | winwatt_automation.live_ui.menu_helpers:capture_menu_popup_snapshot:1682 - DBG_POPUP_ROW_DEDUPE rect={'left': 358, 'top': 29, 'right': 409, 'bottom': 53} normalized_text=súgó class_name= source_scope=global_process_scan deduplicated=False
2026-08-25 22:20:44.367 | INFO     | winwatt_automation.live_ui.menu_helpers:capture_menu_popup_snapshot:1724 - POPUP_SNAPSHOT_SUMMARY main_window_fragments=16 global_scan_fragments=16 deduped_fragments=32 topbar_like=12 popup_like=18 empty_text=6 topbar_band=(0, 29, 409, 53) empty_text_vertical_cluster_detected=False accepted_popup_rows=0 popup_heuristic=cluster_below_threshold
2026-08-25 22:20:44.367 | DEBUG    | winwatt_automation.live_ui.menu_helpers:capture_menu_popup_snapshot:1737 - Captured menu snapshot rows=32
2026-08-25 22:20:44.367 | DEBUG    | winwatt_automation.live_ui.menu_helpers:_log_phase_timing:83 - DBG_PHASE_TIMING phase=capture_menu_popup_snapshot elapsed_ms=1391.000 main_rows=16 global_rows=16 unique_rows=32 diagnostic_fast_mode=False
2026-08-25 22:20:44.367 | INFO     | winwatt_automation.live_ui.app_connector:is_winwatt_foreground_context:1123 - DBG_WINWATT_FOREGROUND_CONTEXT expected_handle=461944 expected_process_id=24008 expected_title=WinWatt gólya expected_class_name=TMainForm actual_foreground_handle=461944 actual_foreground_process_id=24008 actual_foreground_title=WinWatt gólya actual_foreground_class_name=TMainForm allow_dialog=True result_reason=handle_match
2026-08-25 22:20:44.367 | INFO     | winwatt_automation.live_ui.app_connector:_cached_window_health_status:489 - DBG_WINWATT_CACHE_HEALTH reason_code=healthy payload={'wrapper_type': 'UIAWrapper', 'handle': 461944, 'process_id': 24008, 'title': 'WinWatt gólya', 'class_name': 'TMainForm', 'control_type': 'Window'}
2026-08-25 22:20:44.383 | DEBUG    | winwatt_automation.live_ui.app_connector:get_cached_main_window:574 - DBG_WINWATT_CACHE_GET reason_code=cache_validated_ok payload={'wrapper_type': 'UIAWrapper', 'handle': 461944, 'process_id': 24008, 'title': 'WinWatt gólya', 'class_name': 'TMainForm', 'control_type': 'Window'} last_validation_age_s=4.2810000000172295 diagnostic_fast_mode=False
2026-08-25 22:20:44.383 | DEBUG    | winwatt_automation.live_ui.app_connector:get_cached_main_window:575 - DBG_PHASE_TIMING phase=get_cached_main_window elapsed_ms=16.000 reason_code=cache_validated_ok
2026-08-25 22:20:44.383 | DEBUG    | winwatt_automation.live_ui.app_connector:get_cached_main_window:565 - DBG_WINWATT_CACHE_GET reason_code=cache_reused_without_validation payload={'wrapper_type': 'UIAWrapper', 'handle': 461944, 'process_id': 24008, 'title': 'WinWatt gólya', 'class_name': 'TMainForm', 'control_type': 'Window'} last_validation_age_s=0.01600000000325963 diagnostic_fast_mode=False
2026-08-25 22:20:44.383 | DEBUG    | winwatt_automation.live_ui.app_connector:get_cached_main_window:566 - DBG_PHASE_TIMING phase=get_cached_main_window elapsed_ms=0.000 reason_code=cache_reused_without_validation
2026-08-25 22:20:45.193 | INFO     | winwatt_automation.live_ui.menu_helpers:_menu_items:1101 - DBG_MENU_ITEMS_SUMMARY total_items=16 visible_items=16 topbar_band=(0, 0, 687, 327) topbar_band_visible_count=16 popup_region_visible_count=0 force_refresh=True handle=461944
2026-08-25 22:20:45.193 | DEBUG    | winwatt_automation.live_ui.menu_helpers:_menu_items:1111 - Discovered 16 MenuItem controls
2026-08-25 22:20:45.193 | DEBUG    | winwatt_automation.live_ui.menu_helpers:_log_phase_timing:83 - DBG_PHASE_TIMING phase=_menu_items elapsed_ms=828.000 force_refresh=True total_items=16 visible_items=16
2026-08-25 22:20:45.204 | INFO     | winwatt_automation.live_ui.menu_helpers:_log_top_menu_popup_diagnostics:526 - DBG_MENU_EMPTY_TEXT_VERTICAL_CLUSTER detected=False accepted_popup_rows=0 reason=cluster_below_threshold topbar_band=(0, 29, 409, 53)
2026-08-25 22:20:45.204 | INFO     | winwatt_automation.live_ui.menu_helpers:_log_top_menu_popup_diagnostics:548 - DBG_TOP_MENU_CLICK_POPUP_DIAG title=Fájl total_visible_menuitems=16 topbar_band_menuitems=12 popup_region_menuitems=18 new_cluster_below_topbar=True visible_texts_under_title=['Végrehajtás', 'Végrehajtás', '', '', 'Végrehajtás', '', 'Végrehajtás', 'Végrehajtás', 'Végrehajtás', 'Végrehajtás', 'Végrehajtás', '', '', 'Végrehajtás', '', 'Végrehajtás', 'Végrehajtás', 'Végrehajtás'] topbar_band=(0, 29, 409, 53) snapshot_row_count=32
2026-08-25 22:20:45.209 | DEBUG    | winwatt_automation.live_ui.app_connector:get_cached_main_window:565 - DBG_WINWATT_CACHE_GET reason_code=cache_reused_without_validation payload={'wrapper_type': 'UIAWrapper', 'handle': 461944, 'process_id': 24008, 'title': 'WinWatt gólya', 'class_name': 'TMainForm', 'control_type': 'Window'} last_validation_age_s=0.8439999999827705 diagnostic_fast_mode=False
2026-08-25 22:20:45.209 | DEBUG    | winwatt_automation.live_ui.app_connector:get_cached_main_window:566 - DBG_PHASE_TIMING phase=get_cached_main_window elapsed_ms=0.000 reason_code=cache_reused_without_validation
2026-08-25 22:20:45.336 | DEBUG    | winwatt_automation.live_ui.app_connector:get_cached_main_window:565 - DBG_WINWATT_CACHE_GET reason_code=cache_reused_without_validation payload={'wrapper_type': 'UIAWrapper', 'handle': 461944, 'process_id': 24008, 'title': 'WinWatt gólya', 'class_name': 'TMainForm', 'control_type': 'Window'} last_validation_age_s=0.9689999999827705 diagnostic_fast_mode=False
2026-08-25 22:20:45.336 | DEBUG    | winwatt_automation.live_ui.app_connector:get_cached_main_window:566 - DBG_PHASE_TIMING phase=get_cached_main_window elapsed_ms=0.000 reason_code=cache_reused_without_validation
2026-08-25 22:20:45.336 | DEBUG    | winwatt_automation.live_ui.app_connector:get_cached_main_window:565 - DBG_WINWATT_CACHE_GET reason_code=cache_reused_without_validation payload={'wrapper_type': 'UIAWrapper', 'handle': 461944, 'process_id': 24008, 'title': 'WinWatt gólya', 'class_name': 'TMainForm', 'control_type': 'Window'} last_validation_age_s=0.9689999999827705 diagnostic_fast_mode=False
2026-08-25 22:20:45.336 | DEBUG    | winwatt_automation.live_ui.app_connector:get_cached_main_window:566 - DBG_PHASE_TIMING phase=get_cached_main_window elapsed_ms=0.000 reason_code=cache_reused_without_validation
2026-08-25 22:20:45.352 | INFO     | winwatt_automation.live_ui.menu_helpers:_menu_items:1101 - DBG_MENU_ITEMS_SUMMARY total_items=16 visible_items=16 topbar_band=(0, 0, 687, 327) topbar_band_visible_count=16 popup_region_visible_count=0 force_refresh=False handle=461944
2026-08-25 22:20:45.352 | DEBUG    | winwatt_automation.live_ui.menu_helpers:_menu_items:1111 - Discovered 16 MenuItem controls
2026-08-25 22:20:45.352 | DEBUG    | winwatt_automation.live_ui.menu_helpers:_log_phase_timing:83 - DBG_PHASE_TIMING phase=_menu_items elapsed_ms=15.000 force_refresh=False total_items=16 visible_items=16
2026-08-25 22:20:45.352 | INFO     | winwatt_automation.live_ui.menu_helpers:_menu_row_from_wrapper:1545 - TEXT_EXTRACTION_FALLBACK_USED source=legacy_text confidence=medium rect={'left': 4, 'top': 56, 'right': 687, 'bottom': 84}
2026-08-25 22:20:45.368 | DEBUG    | winwatt_automation.live_ui.menu_helpers:_log_popup_fragment:499 - DBG_MENU_FRAGMENT_MAIN_WINDOW source_scope=main_window control_type=MenuItem class_name= text='Végrehajtás' rectangle={'left': 4, 'top': 56, 'right': 687, 'bottom': 84} center=(345, 70) process_id=24008 native_handle=None topbar_candidate=True popup_candidate=False
2026-08-25 22:20:45.368 | INFO     | winwatt_automation.live_ui.menu_helpers:_menu_row_from_wrapper:1545 - TEXT_EXTRACTION_FALLBACK_USED source=legacy_text confidence=medium rect={'left': 4, 'top': 84, 'right': 687, 'bottom': 112}
2026-08-25 22:20:45.368 | DEBUG    | winwatt_automation.live_ui.menu_helpers:_log_popup_fragment:499 - DBG_MENU_FRAGMENT_MAIN_WINDOW source_scope=main_window control_type=MenuItem class_name= text='Végrehajtás' rectangle={'left': 4, 'top': 84, 'right': 687, 'bottom': 112} center=(345, 98) process_id=24008 native_handle=None topbar_candidate=True popup_candidate=False
2026-08-25 22:20:45.383 | WARNING  | winwatt_automation.live_ui.menu_helpers:_menu_row_from_wrapper:1547 - TEXT_EXTRACTION_FAILED source_scope=main_window rect={'left': 4, 'top': 111, 'right': 687, 'bottom': 139}
2026-08-25 22:20:45.383 | DEBUG    | winwatt_automation.live_ui.menu_helpers:_log_popup_fragment:499 - DBG_MENU_FRAGMENT_MAIN_WINDOW source_scope=main_window control_type=MenuItem class_name= text='' rectangle={'left': 4, 'top': 111, 'right': 687, 'bottom': 139} center=(345, 125) process_id=24008 native_handle=None topbar_candidate=True popup_candidate=False
2026-08-25 22:20:45.383 | WARNING  | winwatt_automation.live_ui.menu_helpers:_menu_row_from_wrapper:1547 - TEXT_EXTRACTION_FAILED source_scope=main_window rect={'left': 4, 'top': 139, 'right': 687, 'bottom': 167}
2026-08-25 22:20:45.383 | DEBUG    | winwatt_automation.live_ui.menu_helpers:_log_popup_fragment:499 - DBG_MENU_FRAGMENT_MAIN_WINDOW source_scope=main_window control_type=MenuItem class_name= text='' rectangle={'left': 4, 'top': 139, 'right': 687, 'bottom': 167} center=(345, 153) process_id=24008 native_handle=None topbar_candidate=True popup_candidate=False
2026-08-25 22:20:45.404 | INFO     | winwatt_automation.live_ui.menu_helpers:_menu_row_from_wrapper:1545 - TEXT_EXTRACTION_FALLBACK_USED source=legacy_text confidence=medium rect={'left': 4, 'top': 166, 'right': 687, 'bottom': 194}
2026-08-25 22:20:45.404 | DEBUG    | winwatt_automation.live_ui.menu_helpers:_log_popup_fragment:499 - DBG_MENU_FRAGMENT_MAIN_WINDOW source_scope=main_window control_type=MenuItem class_name= text='Végrehajtás' rectangle={'left': 4, 'top': 166, 'right': 687, 'bottom': 194} center=(345, 180) process_id=24008 native_handle=None topbar_candidate=True popup_candidate=False
2026-08-25 22:20:45.415 | WARNING  | winwatt_automation.live_ui.menu_helpers:_menu_row_from_wrapper:1547 - TEXT_EXTRACTION_FAILED source_scope=main_window rect={'left': 4, 'top': 201, 'right': 687, 'bottom': 229}
2026-08-25 22:20:45.415 | DEBUG    | winwatt_automation.live_ui.menu_helpers:_log_popup_fragment:499 - DBG_MENU_FRAGMENT_MAIN_WINDOW source_scope=main_window control_type=MenuItem class_name= text='' rectangle={'left': 4, 'top': 201, 'right': 687, 'bottom': 229} center=(345, 215) process_id=24008 native_handle=None topbar_candidate=True popup_candidate=False
2026-08-25 22:20:45.423 | INFO     | winwatt_automation.live_ui.menu_helpers:_menu_row_from_wrapper:1545 - TEXT_EXTRACTION_FALLBACK_USED source=legacy_text confidence=medium rect={'left': 4, 'top': 229, 'right': 687, 'bottom': 257}
2026-08-25 22:20:45.423 | DEBUG    | winwatt_automation.live_ui.menu_helpers:_log_popup_fragment:499 - DBG_MENU_FRAGMENT_MAIN_WINDOW source_scope=main_window control_type=MenuItem class_name= text='Végrehajtás' rectangle={'left': 4, 'top': 229, 'right': 687, 'bottom': 257} center=(345, 243) process_id=24008 native_handle=None topbar_candidate=True popup_candidate=False
2026-08-25 22:20:45.431 | INFO     | winwatt_automation.live_ui.menu_helpers:_menu_row_from_wrapper:1545 - TEXT_EXTRACTION_FALLBACK_USED source=legacy_text confidence=medium rect={'left': 4, 'top': 264, 'right': 687, 'bottom': 292}
2026-08-25 22:20:45.431 | DEBUG    | winwatt_automation.live_ui.menu_helpers:_log_popup_fragment:499 - DBG_MENU_FRAGMENT_MAIN_WINDOW source_scope=main_window control_type=MenuItem class_name= text='Végrehajtás' rectangle={'left': 4, 'top': 264, 'right': 687, 'bottom': 292} center=(345, 278) process_id=24008 native_handle=None topbar_candidate=True popup_candidate=False
2026-08-25 22:20:45.431 | INFO     | winwatt_automation.live_ui.menu_helpers:_menu_row_from_wrapper:1545 - TEXT_EXTRACTION_FALLBACK_USED source=legacy_text confidence=medium rect={'left': 4, 'top': 299, 'right': 687, 'bottom': 327}
2026-08-25 22:20:45.431 | DEBUG    | winwatt_automation.live_ui.menu_helpers:_log_popup_fragment:499 - DBG_MENU_FRAGMENT_MAIN_WINDOW source_scope=main_window control_type=MenuItem class_name= text='Végrehajtás' rectangle={'left': 4, 'top': 299, 'right': 687, 'bottom': 327} center=(345, 313) process_id=24008 native_handle=None topbar_candidate=True popup_candidate=False
2026-08-25 22:20:45.446 | DEBUG    | winwatt_automation.live_ui.menu_helpers:_log_popup_fragment:499 - DBG_MENU_FRAGMENT_MAIN_WINDOW source_scope=main_window control_type=MenuItem class_name= text='Rendszer' rectangle={'left': 0, 'top': 0, 'right': 28, 'bottom': 28} center=(14, 14) process_id=24008 native_handle=None topbar_candidate=True popup_candidate=False
2026-08-25 22:20:45.446 | DEBUG    | winwatt_automation.live_ui.menu_helpers:_log_popup_fragment:499 - DBG_MENU_FRAGMENT_MAIN_WINDOW source_scope=main_window control_type=MenuItem class_name= text='Fájl' rectangle={'left': 0, 'top': 29, 'right': 40, 'bottom': 53} center=(20, 41) process_id=24008 native_handle=None topbar_candidate=True popup_candidate=False
2026-08-25 22:20:45.446 | DEBUG    | winwatt_automation.live_ui.menu_helpers:_log_popup_fragment:499 - DBG_MENU_FRAGMENT_MAIN_WINDOW source_scope=main_window control_type=MenuItem class_name= text='Jegyzékek' rectangle={'left': 40, 'top': 29, 'right': 123, 'bottom': 53} center=(81, 41) process_id=24008 native_handle=None topbar_candidate=True popup_candidate=False
2026-08-25 22:20:45.446 | DEBUG    | winwatt_automation.live_ui.menu_helpers:_log_popup_fragment:499 - DBG_MENU_FRAGMENT_MAIN_WINDOW source_scope=main_window control_type=MenuItem class_name= text='Adatbázis...' rectangle={'left': 123, 'top': 29, 'right': 216, 'bottom': 53} center=(169, 41) process_id=24008 native_handle=None topbar_candidate=True popup_candidate=False
2026-08-25 22:20:45.446 | DEBUG    | winwatt_automation.live_ui.menu_helpers:_log_popup_fragment:499 - DBG_MENU_FRAGMENT_MAIN_WINDOW source_scope=main_window control_type=MenuItem class_name= text='Beállítások' rectangle={'left': 215, 'top': 29, 'right': 303, 'bottom': 53} center=(259, 41) process_id=24008 native_handle=None topbar_candidate=True popup_candidate=False
2026-08-25 22:20:45.446 | DEBUG    | winwatt_automation.live_ui.menu_helpers:_log_popup_fragment:499 - DBG_MENU_FRAGMENT_MAIN_WINDOW source_scope=main_window control_type=MenuItem class_name= text='Ablak' rectangle={'left': 303, 'top': 29, 'right': 358, 'bottom': 53} center=(330, 41) process_id=24008 native_handle=None topbar_candidate=True popup_candidate=False
2026-08-25 22:20:45.446 | DEBUG    | winwatt_automation.live_ui.menu_helpers:_log_popup_fragment:499 - DBG_MENU_FRAGMENT_MAIN_WINDOW source_scope=main_window control_type=MenuItem class_name= text='Súgó' rectangle={'left': 358, 'top': 29, 'right': 409, 'bottom': 53} center=(383, 41) process_id=24008 native_handle=None topbar_candidate=True popup_candidate=False
2026-08-25 22:20:45.446 | DEBUG    | winwatt_automation.live_ui.menu_helpers:_menu_like_controls_from_main_window:1599 - DBG_MENU_FRAGMENT_SOURCE_SUMMARY source_scope=main_window count=16
2026-08-25 22:20:45.446 | DEBUG    | winwatt_automation.live_ui.app_connector:get_cached_main_window:565 - DBG_WINWATT_CACHE_GET reason_code=cache_reused_without_validation payload={'wrapper_type': 'UIAWrapper', 'handle': 461944, 'process_id': 24008, 'title': 'WinWatt gólya', 'class_name': 'TMainForm', 'control_type': 'Window'} last_validation_age_s=1.0780000000086147 diagnostic_fast_mode=False
2026-08-25 22:20:45.446 | DEBUG    | winwatt_automation.live_ui.app_connector:get_cached_main_window:566 - DBG_PHASE_TIMING phase=get_cached_main_window elapsed_ms=0.000 reason_code=cache_reused_without_validation
2026-08-25 22:20:45.446 | DEBUG    | winwatt_automation.live_ui.app_connector:get_cached_main_window:565 - DBG_WINWATT_CACHE_GET reason_code=cache_reused_without_validation payload={'wrapper_type': 'UIAWrapper', 'handle': 461944, 'process_id': 24008, 'title': 'WinWatt gólya', 'class_name': 'TMainForm', 'control_type': 'Window'} last_validation_age_s=1.0780000000086147 diagnostic_fast_mode=False
2026-08-25 22:20:45.446 | DEBUG    | winwatt_automation.live_ui.app_connector:get_cached_main_window:566 - DBG_PHASE_TIMING phase=get_cached_main_window elapsed_ms=0.000 reason_code=cache_reused_without_validation
2026-08-25 22:20:45.746 | INFO     | winwatt_automation.live_ui.menu_helpers:_menu_row_from_wrapper:1545 - TEXT_EXTRACTION_FALLBACK_USED source=legacy_text confidence=medium rect={'left': 4, 'top': 56, 'right': 687, 'bottom': 84}
2026-08-25 22:20:45.746 | DEBUG    | winwatt_automation.live_ui.menu_helpers:_log_popup_fragment:499 - DBG_MENU_FRAGMENT_GLOBAL_SCAN source_scope=global_process_scan control_type=MenuItem class_name= text='Végrehajtás' rectangle={'left': 4, 'top': 56, 'right': 687, 'bottom': 84} center=(345, 70) process_id=24008 native_handle=None topbar_candidate=True popup_candidate=False
2026-08-25 22:20:45.746 | INFO     | winwatt_automation.live_ui.menu_helpers:_menu_row_from_wrapper:1545 - TEXT_EXTRACTION_FALLBACK_USED source=legacy_text confidence=medium rect={'left': 4, 'top': 84, 'right': 687, 'bottom': 112}
2026-08-25 22:20:45.761 | DEBUG    | winwatt_automation.live_ui.menu_helpers:_log_popup_fragment:499 - DBG_MENU_FRAGMENT_GLOBAL_SCAN source_scope=global_process_scan control_type=MenuItem class_name= text='Végrehajtás' rectangle={'left': 4, 'top': 84, 'right': 687, 'bottom': 112} center=(345, 98) process_id=24008 native_handle=None topbar_candidate=True popup_candidate=False
2026-08-25 22:20:45.761 | WARNING  | winwatt_automation.live_ui.menu_helpers:_menu_row_from_wrapper:1547 - TEXT_EXTRACTION_FAILED source_scope=global_process_scan rect={'left': 4, 'top': 111, 'right': 687, 'bottom': 139}
2026-08-25 22:20:45.761 | DEBUG    | winwatt_automation.live_ui.menu_helpers:_log_popup_fragment:499 - DBG_MENU_FRAGMENT_GLOBAL_SCAN source_scope=global_process_scan control_type=MenuItem class_name= text='' rectangle={'left': 4, 'top': 111, 'right': 687, 'bottom': 139} center=(345, 125) process_id=24008 native_handle=None topbar_candidate=True popup_candidate=False
2026-08-25 22:20:45.777 | WARNING  | winwatt_automation.live_ui.menu_helpers:_menu_row_from_wrapper:1547 - TEXT_EXTRACTION_FAILED source_scope=global_process_scan rect={'left': 4, 'top': 139, 'right': 687, 'bottom': 167}
2026-08-25 22:20:45.777 | DEBUG    | winwatt_automation.live_ui.menu_helpers:_log_popup_fragment:499 - DBG_MENU_FRAGMENT_GLOBAL_SCAN source_scope=global_process_scan control_type=MenuItem class_name= text='' rectangle={'left': 4, 'top': 139, 'right': 687, 'bottom': 167} center=(345, 153) process_id=24008 native_handle=None topbar_candidate=True popup_candidate=False
2026-08-25 22:20:45.777 | INFO     | winwatt_automation.live_ui.menu_helpers:_menu_row_from_wrapper:1545 - TEXT_EXTRACTION_FALLBACK_USED source=legacy_text confidence=medium rect={'left': 4, 'top': 166, 'right': 687, 'bottom': 194}
2026-08-25 22:20:45.793 | DEBUG    | winwatt_automation.live_ui.menu_helpers:_log_popup_fragment:499 - DBG_MENU_FRAGMENT_GLOBAL_SCAN source_scope=global_process_scan control_type=MenuItem class_name= text='Végrehajtás' rectangle={'left': 4, 'top': 166, 'right': 687, 'bottom': 194} center=(345, 180) process_id=24008 native_handle=None topbar_candidate=True popup_candidate=False
2026-08-25 22:20:45.793 | WARNING  | winwatt_automation.live_ui.menu_helpers:_menu_row_from_wrapper:1547 - TEXT_EXTRACTION_FAILED source_scope=global_process_scan rect={'left': 4, 'top': 201, 'right': 687, 'bottom': 229}
2026-08-25 22:20:45.793 | DEBUG    | winwatt_automation.live_ui.menu_helpers:_log_popup_fragment:499 - DBG_MENU_FRAGMENT_GLOBAL_SCAN source_scope=global_process_scan control_type=MenuItem class_name= text='' rectangle={'left': 4, 'top': 201, 'right': 687, 'bottom': 229} center=(345, 215) process_id=24008 native_handle=None topbar_candidate=True popup_candidate=False
2026-08-25 22:20:45.809 | INFO     | winwatt_automation.live_ui.menu_helpers:_menu_row_from_wrapper:1545 - TEXT_EXTRACTION_FALLBACK_USED source=legacy_text confidence=medium rect={'left': 4, 'top': 229, 'right': 687, 'bottom': 257}
2026-08-25 22:20:45.809 | DEBUG    | winwatt_automation.live_ui.menu_helpers:_log_popup_fragment:499 - DBG_MENU_FRAGMENT_GLOBAL_SCAN source_scope=global_process_scan control_type=MenuItem class_name= text='Végrehajtás' rectangle={'left': 4, 'top': 229, 'right': 687, 'bottom': 257} center=(345, 243) process_id=24008 native_handle=None topbar_candidate=True popup_candidate=False
2026-08-25 22:20:45.809 | INFO     | winwatt_automation.live_ui.menu_helpers:_menu_row_from_wrapper:1545 - TEXT_EXTRACTION_FALLBACK_USED source=legacy_text confidence=medium rect={'left': 4, 'top': 264, 'right': 687, 'bottom': 292}
2026-08-25 22:20:45.809 | DEBUG    | winwatt_automation.live_ui.menu_helpers:_log_popup_fragment:499 - DBG_MENU_FRAGMENT_GLOBAL_SCAN source_scope=global_process_scan control_type=MenuItem class_name= text='Végrehajtás' rectangle={'left': 4, 'top': 264, 'right': 687, 'bottom': 292} center=(345, 278) process_id=24008 native_handle=None topbar_candidate=True popup_candidate=False
2026-08-25 22:20:45.825 | INFO     | winwatt_automation.live_ui.menu_helpers:_menu_row_from_wrapper:1545 - TEXT_EXTRACTION_FALLBACK_USED source=legacy_text confidence=medium rect={'left': 4, 'top': 299, 'right': 687, 'bottom': 327}
2026-08-25 22:20:45.825 | DEBUG    | winwatt_automation.live_ui.menu_helpers:_log_popup_fragment:499 - DBG_MENU_FRAGMENT_GLOBAL_SCAN source_scope=global_process_scan control_type=MenuItem class_name= text='Végrehajtás' rectangle={'left': 4, 'top': 299, 'right': 687, 'bottom': 327} center=(345, 313) process_id=24008 native_handle=None topbar_candidate=True popup_candidate=False
2026-08-25 22:20:45.825 | DEBUG    | winwatt_automation.live_ui.menu_helpers:_log_popup_fragment:499 - DBG_MENU_FRAGMENT_GLOBAL_SCAN source_scope=global_process_scan control_type=MenuItem class_name= text='Rendszer' rectangle={'left': 0, 'top': 0, 'right': 28, 'bottom': 28} center=(14, 14) process_id=24008 native_handle=None topbar_candidate=True popup_candidate=False
2026-08-25 22:20:45.825 | DEBUG    | winwatt_automation.live_ui.menu_helpers:_log_popup_fragment:499 - DBG_MENU_FRAGMENT_GLOBAL_SCAN source_scope=global_process_scan control_type=MenuItem class_name= text='Fájl' rectangle={'left': 0, 'top': 29, 'right': 40, 'bottom': 53} center=(20, 41) process_id=24008 native_handle=None topbar_candidate=True popup_candidate=False
2026-08-25 22:20:45.825 | DEBUG    | winwatt_automation.live_ui.menu_helpers:_log_popup_fragment:499 - DBG_MENU_FRAGMENT_GLOBAL_SCAN source_scope=global_process_scan control_type=MenuItem class_name= text='Jegyzékek' rectangle={'left': 40, 'top': 29, 'right': 123, 'bottom': 53} center=(81, 41) process_id=24008 native_handle=None topbar_candidate=True popup_candidate=False
2026-08-25 22:20:45.825 | DEBUG    | winwatt_automation.live_ui.menu_helpers:_log_popup_fragment:499 - DBG_MENU_FRAGMENT_GLOBAL_SCAN source_scope=global_process_scan control_type=MenuItem class_name= text='Adatbázis...' rectangle={'left': 123, 'top': 29, 'right': 216, 'bottom': 53} center=(169, 41) process_id=24008 native_handle=None topbar_candidate=True popup_candidate=False
2026-08-25 22:20:45.825 | DEBUG    | winwatt_automation.live_ui.menu_helpers:_log_popup_fragment:499 - DBG_MENU_FRAGMENT_GLOBAL_SCAN source_scope=global_process_scan control_type=MenuItem class_name= text='Beállítások' rectangle={'left': 215, 'top': 29, 'right': 303, 'bottom': 53} center=(259, 41) process_id=24008 native_handle=None topbar_candidate=True popup_candidate=False
2026-08-25 22:20:45.825 | DEBUG    | winwatt_automation.live_ui.menu_helpers:_log_popup_fragment:499 - DBG_MENU_FRAGMENT_GLOBAL_SCAN source_scope=global_process_scan control_type=MenuItem class_name= text='Ablak' rectangle={'left': 303, 'top': 29, 'right': 358, 'bottom': 53} center=(330, 41) process_id=24008 native_handle=None topbar_candidate=True popup_candidate=False
2026-08-25 22:20:45.825 | DEBUG    | winwatt_automation.live_ui.menu_helpers:_log_popup_fragment:499 - DBG_MENU_FRAGMENT_GLOBAL_SCAN source_scope=global_process_scan control_type=MenuItem class_name= text='Súgó' rectangle={'left': 358, 'top': 29, 'right': 409, 'bottom': 53} center=(383, 41) process_id=24008 native_handle=None topbar_candidate=True popup_candidate=False
2026-08-25 22:20:45.840 | DEBUG    | winwatt_automation.live_ui.menu_helpers:_menu_like_controls_from_global_process_scan:1631 - DBG_MENU_FRAGMENT_SOURCE_SUMMARY source_scope=global_process_scan count=16 process_id=24008
2026-08-25 22:20:45.840 | DEBUG    | winwatt_automation.live_ui.app_connector:get_cached_main_window:565 - DBG_WINWATT_CACHE_GET reason_code=cache_reused_without_validation payload={'wrapper_type': 'UIAWrapper', 'handle': 461944, 'process_id': 24008, 'title': 'WinWatt gólya', 'class_name': 'TMainForm', 'control_type': 'Window'} last_validation_age_s=1.4689999999827705 diagnostic_fast_mode=False
2026-08-25 22:20:45.840 | DEBUG    | winwatt_automation.live_ui.app_connector:get_cached_main_window:566 - DBG_PHASE_TIMING phase=get_cached_main_window elapsed_ms=0.000 reason_code=cache_reused_without_validation
2026-08-25 22:20:46.305 | DEBUG    | winwatt_automation.live_ui.menu_helpers:capture_menu_popup_snapshot:1682 - DBG_POPUP_ROW_DEDUPE rect={'left': 4, 'top': 56, 'right': 687, 'bottom': 84} normalized_text=végrehajtás class_name= source_scope=main_window deduplicated=False
2026-08-25 22:20:46.305 | DEBUG    | winwatt_automation.live_ui.menu_helpers:capture_menu_popup_snapshot:1682 - DBG_POPUP_ROW_DEDUPE rect={'left': 4, 'top': 84, 'right': 687, 'bottom': 112} normalized_text=végrehajtás class_name= source_scope=main_window deduplicated=False
2026-08-25 22:20:46.305 | DEBUG    | winwatt_automation.live_ui.menu_helpers:capture_menu_popup_snapshot:1682 - DBG_POPUP_ROW_DEDUPE rect={'left': 4, 'top': 111, 'right': 687, 'bottom': 139} normalized_text= class_name= source_scope=main_window deduplicated=False
2026-08-25 22:20:46.305 | DEBUG    | winwatt_automation.live_ui.menu_helpers:capture_menu_popup_snapshot:1682 - DBG_POPUP_ROW_DEDUPE rect={'left': 4, 'top': 139, 'right': 687, 'bottom': 167} normalized_text= class_name= source_scope=main_window deduplicated=False
2026-08-25 22:20:46.305 | DEBUG    | winwatt_automation.live_ui.menu_helpers:capture_menu_popup_snapshot:1682 - DBG_POPUP_ROW_DEDUPE rect={'left': 4, 'top': 166, 'right': 687, 'bottom': 194} normalized_text=végrehajtás class_name= source_scope=main_window deduplicated=False
2026-08-25 22:20:46.305 | DEBUG    | winwatt_automation.live_ui.menu_helpers:capture_menu_popup_snapshot:1682 - DBG_POPUP_ROW_DEDUPE rect={'left': 4, 'top': 201, 'right': 687, 'bottom': 229} normalized_text= class_name= source_scope=main_window deduplicated=False
2026-08-25 22:20:46.305 | DEBUG    | winwatt_automation.live_ui.menu_helpers:capture_menu_popup_snapshot:1682 - DBG_POPUP_ROW_DEDUPE rect={'left': 4, 'top': 229, 'right': 687, 'bottom': 257} normalized_text=végrehajtás class_name= source_scope=main_window deduplicated=False
2026-08-25 22:20:46.305 | DEBUG    | winwatt_automation.live_ui.menu_helpers:capture_menu_popup_snapshot:1682 - DBG_POPUP_ROW_DEDUPE rect={'left': 4, 'top': 264, 'right': 687, 'bottom': 292} normalized_text=végrehajtás class_name= source_scope=main_window deduplicated=False
2026-08-25 22:20:46.305 | DEBUG    | winwatt_automation.live_ui.menu_helpers:capture_menu_popup_snapshot:1682 - DBG_POPUP_ROW_DEDUPE rect={'left': 4, 'top': 299, 'right': 687, 'bottom': 327} normalized_text=végrehajtás class_name= source_scope=main_window deduplicated=False
2026-08-25 22:20:46.305 | DEBUG    | winwatt_automation.live_ui.menu_helpers:capture_menu_popup_snapshot:1682 - DBG_POPUP_ROW_DEDUPE rect={'left': 0, 'top': 0, 'right': 28, 'bottom': 28} normalized_text=rendszer class_name= source_scope=main_window deduplicated=False
2026-08-25 22:20:46.305 | DEBUG    | winwatt_automation.live_ui.menu_helpers:capture_menu_popup_snapshot:1682 - DBG_POPUP_ROW_DEDUPE rect={'left': 0, 'top': 29, 'right': 40, 'bottom': 53} normalized_text=fájl class_name= source_scope=main_window deduplicated=False
2026-08-25 22:20:46.305 | DEBUG    | winwatt_automation.live_ui.menu_helpers:capture_menu_popup_snapshot:1682 - DBG_POPUP_ROW_DEDUPE rect={'left': 40, 'top': 29, 'right': 123, 'bottom': 53} normalized_text=jegyzékek class_name= source_scope=main_window deduplicated=False
2026-08-25 22:20:46.305 | DEBUG    | winwatt_automation.live_ui.menu_helpers:capture_menu_popup_snapshot:1682 - DBG_POPUP_ROW_DEDUPE rect={'left': 123, 'top': 29, 'right': 216, 'bottom': 53} normalized_text=adatbázis... class_name= source_scope=main_window deduplicated=False
2026-08-25 22:20:46.305 | DEBUG    | winwatt_automation.live_ui.menu_helpers:capture_menu_popup_snapshot:1682 - DBG_POPUP_ROW_DEDUPE rect={'left': 215, 'top': 29, 'right': 303, 'bottom': 53} normalized_text=beállítások class_name= source_scope=main_window deduplicated=False
2026-08-25 22:20:46.305 | DEBUG    | winwatt_automation.live_ui.menu_helpers:capture_menu_popup_snapshot:1682 - DBG_POPUP_ROW_DEDUPE rect={'left': 303, 'top': 29, 'right': 358, 'bottom': 53} normalized_text=ablak class_name= source_scope=main_window deduplicated=False
2026-08-25 22:20:46.305 | DEBUG    | winwatt_automation.live_ui.menu_helpers:capture_menu_popup_snapshot:1682 - DBG_POPUP_ROW_DEDUPE rect={'left': 358, 'top': 29, 'right': 409, 'bottom': 53} normalized_text=súgó class_name= source_scope=main_window deduplicated=False
2026-08-25 22:20:46.305 | DEBUG    | winwatt_automation.live_ui.menu_helpers:capture_menu_popup_snapshot:1682 - DBG_POPUP_ROW_DEDUPE rect={'left': 4, 'top': 56, 'right': 687, 'bottom': 84} normalized_text=végrehajtás class_name= source_scope=global_process_scan deduplicated=False
2026-08-25 22:20:46.305 | DEBUG    | winwatt_automation.live_ui.menu_helpers:capture_menu_popup_snapshot:1682 - DBG_POPUP_ROW_DEDUPE rect={'left': 4, 'top': 84, 'right': 687, 'bottom': 112} normalized_text=végrehajtás class_name= source_scope=global_process_scan deduplicated=False
2026-08-25 22:20:46.305 | DEBUG    | winwatt_automation.live_ui.menu_helpers:capture_menu_popup_snapshot:1682 - DBG_POPUP_ROW_DEDUPE rect={'left': 4, 'top': 111, 'right': 687, 'bottom': 139} normalized_text= class_name= source_scope=global_process_scan deduplicated=False
2026-08-25 22:20:46.305 | DEBUG    | winwatt_automation.live_ui.menu_helpers:capture_menu_popup_snapshot:1682 - DBG_POPUP_ROW_DEDUPE rect={'left': 4, 'top': 139, 'right': 687, 'bottom': 167} normalized_text= class_name= source_scope=global_process_scan deduplicated=False
2026-08-25 22:20:46.305 | DEBUG    | winwatt_automation.live_ui.menu_helpers:capture_menu_popup_snapshot:1682 - DBG_POPUP_ROW_DEDUPE rect={'left': 4, 'top': 166, 'right': 687, 'bottom': 194} normalized_text=végrehajtás class_name= source_scope=global_process_scan deduplicated=False
2026-08-25 22:20:46.305 | DEBUG    | winwatt_automation.live_ui.menu_helpers:capture_menu_popup_snapshot:1682 - DBG_POPUP_ROW_DEDUPE rect={'left': 4, 'top': 201, 'right': 687, 'bottom': 229} normalized_text= class_name= source_scope=global_process_scan deduplicated=False
2026-08-25 22:20:46.305 | DEBUG    | winwatt_automation.live_ui.menu_helpers:capture_menu_popup_snapshot:1682 - DBG_POPUP_ROW_DEDUPE rect={'left': 4, 'top': 229, 'right': 687, 'bottom': 257} normalized_text=végrehajtás class_name= source_scope=global_process_scan deduplicated=False
2026-08-25 22:20:46.305 | DEBUG    | winwatt_automation.live_ui.menu_helpers:capture_menu_popup_snapshot:1682 - DBG_POPUP_ROW_DEDUPE rect={'left': 4, 'top': 264, 'right': 687, 'bottom': 292} normalized_text=végrehajtás class_name= source_scope=global_process_scan deduplicated=False
2026-08-25 22:20:46.305 | DEBUG    | winwatt_automation.live_ui.menu_helpers:capture_menu_popup_snapshot:1682 - DBG_POPUP_ROW_DEDUPE rect={'left': 4, 'top': 299, 'right': 687, 'bottom': 327} normalized_text=végrehajtás class_name= source_scope=global_process_scan deduplicated=False
2026-08-25 22:20:46.305 | DEBUG    | winwatt_automation.live_ui.menu_helpers:capture_menu_popup_snapshot:1682 - DBG_POPUP_ROW_DEDUPE rect={'left': 0, 'top': 0, 'right': 28, 'bottom': 28} normalized_text=rendszer class_name= source_scope=global_process_scan deduplicated=False
2026-08-25 22:20:46.305 | DEBUG    | winwatt_automation.live_ui.menu_helpers:capture_menu_popup_snapshot:1682 - DBG_POPUP_ROW_DEDUPE rect={'left': 0, 'top': 29, 'right': 40, 'bottom': 53} normalized_text=fájl class_name= source_scope=global_process_scan deduplicated=False
2026-08-25 22:20:46.305 | DEBUG    | winwatt_automation.live_ui.menu_helpers:capture_menu_popup_snapshot:1682 - DBG_POPUP_ROW_DEDUPE rect={'left': 40, 'top': 29, 'right': 123, 'bottom': 53} normalized_text=jegyzékek class_name= source_scope=global_process_scan deduplicated=False
2026-08-25 22:20:46.305 | DEBUG    | winwatt_automation.live_ui.menu_helpers:capture_menu_popup_snapshot:1682 - DBG_POPUP_ROW_DEDUPE rect={'left': 123, 'top': 29, 'right': 216, 'bottom': 53} normalized_text=adatbázis... class_name= source_scope=global_process_scan deduplicated=False
2026-08-25 22:20:46.305 | DEBUG    | winwatt_automation.live_ui.menu_helpers:capture_menu_popup_snapshot:1682 - DBG_POPUP_ROW_DEDUPE rect={'left': 215, 'top': 29, 'right': 303, 'bottom': 53} normalized_text=beállítások class_name= source_scope=global_process_scan deduplicated=False
2026-08-25 22:20:46.305 | DEBUG    | winwatt_automation.live_ui.menu_helpers:capture_menu_popup_snapshot:1682 - DBG_POPUP_ROW_DEDUPE rect={'left': 303, 'top': 29, 'right': 358, 'bottom': 53} normalized_text=ablak class_name= source_scope=global_process_scan deduplicated=False
2026-08-25 22:20:46.305 | DEBUG    | winwatt_automation.live_ui.menu_helpers:capture_menu_popup_snapshot:1682 - DBG_POPUP_ROW_DEDUPE rect={'left': 358, 'top': 29, 'right': 409, 'bottom': 53} normalized_text=súgó class_name= source_scope=global_process_scan deduplicated=False
2026-08-25 22:20:46.305 | INFO     | winwatt_automation.live_ui.menu_helpers:capture_menu_popup_snapshot:1724 - POPUP_SNAPSHOT_SUMMARY main_window_fragments=16 global_scan_fragments=16 deduped_fragments=32 topbar_like=12 popup_like=18 empty_text=6 topbar_band=(0, 29, 409, 53) empty_text_vertical_cluster_detected=False accepted_popup_rows=0 popup_heuristic=cluster_below_threshold
2026-08-25 22:20:46.305 | DEBUG    | winwatt_automation.live_ui.menu_helpers:capture_menu_popup_snapshot:1737 - Captured menu snapshot rows=32
2026-08-25 22:20:46.305 | DEBUG    | winwatt_automation.live_ui.menu_helpers:_log_phase_timing:83 - DBG_PHASE_TIMING phase=capture_menu_popup_snapshot elapsed_ms=1094.000 main_rows=16 global_rows=16 unique_rows=32 diagnostic_fast_mode=False
2026-08-25 22:20:46.305 | DEBUG    | winwatt_automation.live_ui.app_connector:get_cached_main_window:565 - DBG_WINWATT_CACHE_GET reason_code=cache_reused_without_validation payload={'wrapper_type': 'UIAWrapper', 'handle': 461944, 'process_id': 24008, 'title': 'WinWatt gólya', 'class_name': 'TMainForm', 'control_type': 'Window'} last_validation_age_s=1.937999999994645 diagnostic_fast_mode=False
2026-08-25 22:20:46.305 | DEBUG    | winwatt_automation.live_ui.app_connector:get_cached_main_window:566 - DBG_PHASE_TIMING phase=get_cached_main_window elapsed_ms=0.000 reason_code=cache_reused_without_validation
2026-08-25 22:20:46.496 | DEBUG    | winwatt_automation.live_ui.app_connector:get_cached_main_window:565 - DBG_WINWATT_CACHE_GET reason_code=cache_reused_without_validation payload={'wrapper_type': 'UIAWrapper', 'handle': 461944, 'process_id': 24008, 'title': 'WinWatt gólya', 'class_name': 'TMainForm', 'control_type': 'Window'} last_validation_age_s=2.125 diagnostic_fast_mode=False
2026-08-25 22:20:46.496 | DEBUG    | winwatt_automation.live_ui.app_connector:get_cached_main_window:566 - DBG_PHASE_TIMING phase=get_cached_main_window elapsed_ms=0.000 reason_code=cache_reused_without_validation
2026-08-25 22:20:46.505 | DEBUG    | winwatt_automation.live_ui.app_connector:get_cached_main_window:565 - DBG_WINWATT_CACHE_GET reason_code=cache_reused_without_validation payload={'wrapper_type': 'UIAWrapper', 'handle': 461944, 'process_id': 24008, 'title': 'WinWatt gólya', 'class_name': 'TMainForm', 'control_type': 'Window'} last_validation_age_s=2.125 diagnostic_fast_mode=False
2026-08-25 22:20:46.505 | DEBUG    | winwatt_automation.live_ui.app_connector:get_cached_main_window:566 - DBG_PHASE_TIMING phase=get_cached_main_window elapsed_ms=16.000 reason_code=cache_reused_without_validation
2026-08-25 22:20:47.297 | INFO     | winwatt_automation.live_ui.menu_helpers:_menu_items:1101 - DBG_MENU_ITEMS_SUMMARY total_items=16 visible_items=16 topbar_band=(0, 0, 687, 327) topbar_band_visible_count=16 popup_region_visible_count=0 force_refresh=True handle=461944
2026-08-25 22:20:47.299 | DEBUG    | winwatt_automation.live_ui.menu_helpers:_menu_items:1111 - Discovered 16 MenuItem controls
2026-08-25 22:20:47.299 | DEBUG    | winwatt_automation.live_ui.menu_helpers:_log_phase_timing:83 - DBG_PHASE_TIMING phase=_menu_items elapsed_ms=813.000 force_refresh=True total_items=16 visible_items=16
2026-08-25 22:20:47.426 | INFO     | winwatt_automation.live_ui.menu_helpers:list_top_menu_items:1141 - Top-level menu items (raw): ['Rendszer', 'Fájl', 'Jegyzékek', 'Adatbázis...', 'Beállítások', 'Ablak', 'Súgó']
2026-08-25 22:20:47.426 | DEBUG    | winwatt_automation.live_ui.menu_helpers:_log_phase_timing:83 - DBG_PHASE_TIMING phase=list_top_menu_items elapsed_ms=938.000 count=7
2026-08-25 22:20:47.426 | DEBUG    | winwatt_automation.runtime_mapping.menu_text:normalize_menu_title:31 - normalize_menu_title ellipsis_handled raw="Adatbázis..." normalized="adatbázis"
2026-08-25 22:20:47.426 | DEBUG    | winwatt_automation.runtime_mapping.menu_text:normalize_menu_title:31 - normalize_menu_title ellipsis_handled raw="Adatbázis..." normalized="adatbázis"
2026-08-25 22:20:47.426 | INFO     | winwatt_automation.runtime_mapping.program_mapper:_open_and_capture_root_menu:1532 - RECENT_PROJECT_BLOCK_SUMMARY state=no_project top_menu=Fájl attempt=1 popup_block_classification=normal_popup recent_projects_block=False stateful_menu_block=False accepted_rows=18 filtered_rows=18
2026-08-25 22:20:47.426 | INFO     | winwatt_automation.runtime_mapping.program_mapper:_open_and_capture_root_menu:1533 - DBG_WINWATT_NORMAL_MENU_OPEN_VALIDATED state=no_project top_menu=Fájl attempt=1 raw_row_count=32 popup_like_count=18 topbar_like_count=12
2026-08-25 22:20:47.426 | INFO     | winwatt_automation.runtime_mapping.program_mapper:_open_and_capture_root_menu:1542 - DBG_WINWATT_NORMAL_MENU_POPUP_ROWS_ACCEPTED state=no_project top_menu=Fájl attempt=1 accepted_row_count=18
2026-08-25 22:20:47.426 | DEBUG    | winwatt_automation.live_ui.app_connector:get_cached_main_window:565 - DBG_WINWATT_CACHE_GET reason_code=cache_reused_without_validation payload={'wrapper_type': 'UIAWrapper', 'handle': 461944, 'process_id': 24008, 'title': 'WinWatt gólya', 'class_name': 'TMainForm', 'control_type': 'Window'} last_validation_age_s=3.062999999994645 diagnostic_fast_mode=False
2026-08-25 22:20:47.426 | DEBUG    | winwatt_automation.live_ui.app_connector:get_cached_main_window:566 - DBG_PHASE_TIMING phase=get_cached_main_window elapsed_ms=0.000 reason_code=cache_reused_without_validation
2026-08-25 22:20:47.640 | DEBUG    | winwatt_automation.live_ui.app_connector:get_cached_main_window:565 - DBG_WINWATT_CACHE_GET reason_code=cache_reused_without_validation payload={'wrapper_type': 'UIAWrapper', 'handle': 461944, 'process_id': 24008, 'title': 'WinWatt gólya', 'class_name': 'TMainForm', 'control_type': 'Window'} last_validation_age_s=3.2660000000032596 diagnostic_fast_mode=False
2026-08-25 22:20:47.640 | DEBUG    | winwatt_automation.live_ui.app_connector:get_cached_main_window:566 - DBG_PHASE_TIMING phase=get_cached_main_window elapsed_ms=15.000 reason_code=cache_reused_without_validation
2026-08-25 22:20:47.640 | DEBUG    | winwatt_automation.live_ui.app_connector:get_cached_main_window:565 - DBG_WINWATT_CACHE_GET reason_code=cache_reused_without_validation payload={'wrapper_type': 'UIAWrapper', 'handle': 461944, 'process_id': 24008, 'title': 'WinWatt gólya', 'class_name': 'TMainForm', 'control_type': 'Window'} last_validation_age_s=3.2809999999881256 diagnostic_fast_mode=False
2026-08-25 22:20:47.640 | DEBUG    | winwatt_automation.live_ui.app_connector:get_cached_main_window:566 - DBG_PHASE_TIMING phase=get_cached_main_window elapsed_ms=0.000 reason_code=cache_reused_without_validation
2026-08-25 22:20:48.355 | INFO     | winwatt_automation.live_ui.menu_helpers:_menu_items:1101 - DBG_MENU_ITEMS_SUMMARY total_items=16 visible_items=16 topbar_band=(0, 0, 687, 327) topbar_band_visible_count=16 popup_region_visible_count=0 force_refresh=True handle=461944
2026-08-25 22:20:48.355 | DEBUG    | winwatt_automation.live_ui.menu_helpers:_menu_items:1111 - Discovered 16 MenuItem controls
2026-08-25 22:20:48.355 | DEBUG    | winwatt_automation.live_ui.menu_helpers:_log_phase_timing:83 - DBG_PHASE_TIMING phase=_menu_items elapsed_ms=718.000 force_refresh=True total_items=16 visible_items=16
2026-08-25 22:20:48.508 | INFO     | winwatt_automation.live_ui.menu_helpers:list_top_menu_items:1141 - Top-level menu items (raw): ['Rendszer', 'Fájl', 'Jegyzékek', 'Adatbázis...', 'Beállítások', 'Ablak', 'Súgó']
2026-08-25 22:20:48.508 | DEBUG    | winwatt_automation.live_ui.menu_helpers:_log_phase_timing:83 - DBG_PHASE_TIMING phase=list_top_menu_items elapsed_ms=875.000 count=7
2026-08-25 22:20:48.509 | INFO     | winwatt_automation.runtime_mapping.program_mapper:_open_and_capture_root_menu:1573 - DBG_WINWATT_NORMAL_MENU_OPEN_RESULT state=no_project top_menu=Fájl result_type=child_popup_opened raw_row_count=18 filtered_row_count=18 popup_like_count=18 topbar_like_count=0
2026-08-25 22:20:48.509 | INFO     | winwatt_automation.runtime_mapping.program_mapper:_open_and_capture_root_menu:1583 - DBG_WINWATT_NORMAL_MENU_POPUP_SUMMARY state=no_project top_menu=Fájl depth=1 rows=18 popup_like_count=18 topbar_like_count=0
2026-08-25 22:20:48.510 | INFO     | winwatt_automation.runtime_mapping.program_mapper:_build_menu_rows_from_popup_rows:1040 - DBG_MENU_BUILD_INPUT_ROW state=no_project top_menu=Fájl row_index=0 text='Végrehajtás' rectangle={'left': 4, 'top': 56, 'right': 687, 'bottom': 84} topbar_like=False popup_like=True source_scope=main_window fragments=0
2026-08-25 22:20:48.510 | DEBUG    | winwatt_automation.runtime_mapping.program_mapper:_build_menu_rows_from_popup_rows:1087 - RAW_MENU_TITLE="Végrehajtás" NORMALIZED_MENU_TITLE="végrehajtás"
2026-08-25 22:20:48.510 | INFO     | winwatt_automation.runtime_mapping.program_mapper:_build_menu_rows_from_popup_rows:1200 - DBG_WINWATT_NORMAL_MENU_ROW state=no_project top_menu=Fájl row_index=0 text='Végrehajtás' normalized_text=végrehajtás source_scope=main_window separator=False enabled_guess=True rectangle={'left': 4, 'top': 56, 'right': 687, 'bottom': 84} depth=1
2026-08-25 22:20:48.510 | INFO     | winwatt_automation.runtime_mapping.program_mapper:_build_menu_rows_from_popup_rows:1040 - DBG_MENU_BUILD_INPUT_ROW state=no_project top_menu=Fájl row_index=1 text='Végrehajtás' rectangle={'left': 4, 'top': 84, 'right': 687, 'bottom': 112} topbar_like=False popup_like=True source_scope=main_window fragments=0
2026-08-25 22:20:48.510 | DEBUG    | winwatt_automation.runtime_mapping.program_mapper:_build_menu_rows_from_popup_rows:1087 - RAW_MENU_TITLE="Végrehajtás" NORMALIZED_MENU_TITLE="végrehajtás"
2026-08-25 22:20:48.511 | INFO     | winwatt_automation.runtime_mapping.program_mapper:_build_menu_rows_from_popup_rows:1200 - DBG_WINWATT_NORMAL_MENU_ROW state=no_project top_menu=Fájl row_index=1 text='Végrehajtás' normalized_text=végrehajtás source_scope=main_window separator=False enabled_guess=True rectangle={'left': 4, 'top': 84, 'right': 687, 'bottom': 112} depth=1
2026-08-25 22:20:48.511 | INFO     | winwatt_automation.runtime_mapping.program_mapper:_build_menu_rows_from_popup_rows:1040 - DBG_MENU_BUILD_INPUT_ROW state=no_project top_menu=Fájl row_index=2 text='' rectangle={'left': 4, 'top': 111, 'right': 687, 'bottom': 139} topbar_like=False popup_like=True source_scope=main_window fragments=0
2026-08-25 22:20:48.511 | WARNING  | winwatt_automation.runtime_mapping.program_mapper:_resolve_row_text_with_fallback:687 - TEXT_EXTRACTION_FAILED row_index=2 source_scope=main_window fragment_count=0 rectangle={'left': 4, 'top': 111, 'right': 687, 'bottom': 139}
2026-08-25 22:20:48.511 | DEBUG    | winwatt_automation.runtime_mapping.program_mapper:_build_menu_rows_from_popup_rows:1087 - RAW_MENU_TITLE="" NORMALIZED_MENU_TITLE=""
2026-08-25 22:20:48.511 | INFO     | winwatt_automation.runtime_mapping.program_mapper:_build_menu_rows_from_popup_rows:1100 - DBG_WINWATT_EMPTY_NORMALIZED_MENU_TITLE row_index=2 raw_text= normalized_text= is_separator=False source_scope=main_window control_type=MenuItem class_name= rectangle={'left': 4, 'top': 111, 'right': 687, 'bottom': 139} fragment_count=0 fragment_texts=[]
2026-08-25 22:20:48.511 | INFO     | winwatt_automation.runtime_mapping.program_mapper:_build_menu_rows_from_popup_rows:1145 - REPLACED_EMPTY_POPUP_ROW_WITH_PLACEHOLDER row_index=02
2026-08-25 22:20:48.512 | INFO     | winwatt_automation.runtime_mapping.program_mapper:_build_menu_rows_from_popup_rows:1149 - GEOM_PLACEHOLDER_CREATED row_index=02 rect={'left': 4, 'top': 111, 'right': 687, 'bottom': 139} popup_reason=below_topbar_band
2026-08-25 22:20:48.512 | INFO     | winwatt_automation.runtime_mapping.program_mapper:_build_menu_rows_from_popup_rows:1200 - DBG_WINWATT_NORMAL_MENU_ROW state=no_project top_menu=Fájl row_index=2 text='[unlabeled row 2]' normalized_text=[unlabeled row 2] source_scope=main_window separator=False enabled_guess=False rectangle={'left': 4, 'top': 111, 'right': 687, 'bottom': 139} depth=1
2026-08-25 22:20:48.512 | INFO     | winwatt_automation.runtime_mapping.program_mapper:_build_menu_rows_from_popup_rows:1040 - DBG_MENU_BUILD_INPUT_ROW state=no_project top_menu=Fájl row_index=3 text='' rectangle={'left': 4, 'top': 139, 'right': 687, 'bottom': 167} topbar_like=False popup_like=True source_scope=main_window fragments=0
2026-08-25 22:20:48.512 | WARNING  | winwatt_automation.runtime_mapping.program_mapper:_resolve_row_text_with_fallback:687 - TEXT_EXTRACTION_FAILED row_index=3 source_scope=main_window fragment_count=0 rectangle={'left': 4, 'top': 139, 'right': 687, 'bottom': 167}
2026-08-25 22:20:48.512 | DEBUG    | winwatt_automation.runtime_mapping.program_mapper:_build_menu_rows_from_popup_rows:1087 - RAW_MENU_TITLE="" NORMALIZED_MENU_TITLE=""
2026-08-25 22:20:48.512 | INFO     | winwatt_automation.runtime_mapping.program_mapper:_build_menu_rows_from_popup_rows:1100 - DBG_WINWATT_EMPTY_NORMALIZED_MENU_TITLE row_index=3 raw_text= normalized_text= is_separator=False source_scope=main_window control_type=MenuItem class_name= rectangle={'left': 4, 'top': 139, 'right': 687, 'bottom': 167} fragment_count=0 fragment_texts=[]
2026-08-25 22:20:48.513 | INFO     | winwatt_automation.runtime_mapping.program_mapper:_build_menu_rows_from_popup_rows:1145 - REPLACED_EMPTY_POPUP_ROW_WITH_PLACEHOLDER row_index=03
2026-08-25 22:20:48.513 | INFO     | winwatt_automation.runtime_mapping.program_mapper:_build_menu_rows_from_popup_rows:1149 - GEOM_PLACEHOLDER_CREATED row_index=03 rect={'left': 4, 'top': 139, 'right': 687, 'bottom': 167} popup_reason=below_topbar_band
2026-08-25 22:20:48.514 | INFO     | winwatt_automation.runtime_mapping.program_mapper:_build_menu_rows_from_popup_rows:1200 - DBG_WINWATT_NORMAL_MENU_ROW state=no_project top_menu=Fájl row_index=3 text='[unlabeled row 3]' normalized_text=[unlabeled row 3] source_scope=main_window separator=False enabled_guess=False rectangle={'left': 4, 'top': 139, 'right': 687, 'bottom': 167} depth=1
2026-08-25 22:20:48.514 | INFO     | winwatt_automation.runtime_mapping.program_mapper:_build_menu_rows_from_popup_rows:1040 - DBG_MENU_BUILD_INPUT_ROW state=no_project top_menu=Fájl row_index=4 text='Végrehajtás' rectangle={'left': 4, 'top': 166, 'right': 687, 'bottom': 194} topbar_like=False popup_like=True source_scope=main_window fragments=0
2026-08-25 22:20:48.514 | DEBUG    | winwatt_automation.runtime_mapping.program_mapper:_build_menu_rows_from_popup_rows:1087 - RAW_MENU_TITLE="Végrehajtás" NORMALIZED_MENU_TITLE="végrehajtás"
2026-08-25 22:20:48.514 | INFO     | winwatt_automation.runtime_mapping.program_mapper:_build_menu_rows_from_popup_rows:1200 - DBG_WINWATT_NORMAL_MENU_ROW state=no_project top_menu=Fájl row_index=4 text='Végrehajtás' normalized_text=végrehajtás source_scope=main_window separator=False enabled_guess=True rectangle={'left': 4, 'top': 166, 'right': 687, 'bottom': 194} depth=1
2026-08-25 22:20:48.515 | INFO     | winwatt_automation.runtime_mapping.program_mapper:_build_menu_rows_from_popup_rows:1040 - DBG_MENU_BUILD_INPUT_ROW state=no_project top_menu=Fájl row_index=5 text='' rectangle={'left': 4, 'top': 201, 'right': 687, 'bottom': 229} topbar_like=False popup_like=True source_scope=main_window fragments=0
2026-08-25 22:20:48.515 | WARNING  | winwatt_automation.runtime_mapping.program_mapper:_resolve_row_text_with_fallback:687 - TEXT_EXTRACTION_FAILED row_index=5 source_scope=main_window fragment_count=0 rectangle={'left': 4, 'top': 201, 'right': 687, 'bottom': 229}
2026-08-25 22:20:48.515 | DEBUG    | winwatt_automation.runtime_mapping.program_mapper:_build_menu_rows_from_popup_rows:1087 - RAW_MENU_TITLE="" NORMALIZED_MENU_TITLE=""
2026-08-25 22:20:48.516 | INFO     | winwatt_automation.runtime_mapping.program_mapper:_build_menu_rows_from_popup_rows:1100 - DBG_WINWATT_EMPTY_NORMALIZED_MENU_TITLE row_index=5 raw_text= normalized_text= is_separator=False source_scope=main_window control_type=MenuItem class_name= rectangle={'left': 4, 'top': 201, 'right': 687, 'bottom': 229} fragment_count=0 fragment_texts=[]
2026-08-25 22:20:48.516 | INFO     | winwatt_automation.runtime_mapping.program_mapper:_build_menu_rows_from_popup_rows:1145 - REPLACED_EMPTY_POPUP_ROW_WITH_PLACEHOLDER row_index=05
2026-08-25 22:20:48.516 | INFO     | winwatt_automation.runtime_mapping.program_mapper:_build_menu_rows_from_popup_rows:1149 - GEOM_PLACEHOLDER_CREATED row_index=05 rect={'left': 4, 'top': 201, 'right': 687, 'bottom': 229} popup_reason=below_topbar_band
2026-08-25 22:20:48.516 | INFO     | winwatt_automation.runtime_mapping.program_mapper:_build_menu_rows_from_popup_rows:1200 - DBG_WINWATT_NORMAL_MENU_ROW state=no_project top_menu=Fájl row_index=5 text='[unlabeled row 5]' normalized_text=[unlabeled row 5] source_scope=main_window separator=False enabled_guess=False rectangle={'left': 4, 'top': 201, 'right': 687, 'bottom': 229} depth=1
2026-08-25 22:20:48.516 | INFO     | winwatt_automation.runtime_mapping.program_mapper:_build_menu_rows_from_popup_rows:1040 - DBG_MENU_BUILD_INPUT_ROW state=no_project top_menu=Fájl row_index=6 text='Végrehajtás' rectangle={'left': 4, 'top': 229, 'right': 687, 'bottom': 257} topbar_like=False popup_like=True source_scope=main_window fragments=0
2026-08-25 22:20:48.516 | DEBUG    | winwatt_automation.runtime_mapping.program_mapper:_build_menu_rows_from_popup_rows:1087 - RAW_MENU_TITLE="Végrehajtás" NORMALIZED_MENU_TITLE="végrehajtás"
2026-08-25 22:20:48.516 | INFO     | winwatt_automation.runtime_mapping.program_mapper:_build_menu_rows_from_popup_rows:1200 - DBG_WINWATT_NORMAL_MENU_ROW state=no_project top_menu=Fájl row_index=6 text='Végrehajtás' normalized_text=végrehajtás source_scope=main_window separator=False enabled_guess=True rectangle={'left': 4, 'top': 229, 'right': 687, 'bottom': 257} depth=1
2026-08-25 22:20:48.517 | INFO     | winwatt_automation.runtime_mapping.program_mapper:_build_menu_rows_from_popup_rows:1040 - DBG_MENU_BUILD_INPUT_ROW state=no_project top_menu=Fájl row_index=7 text='Végrehajtás' rectangle={'left': 4, 'top': 264, 'right': 687, 'bottom': 292} topbar_like=False popup_like=True source_scope=main_window fragments=0
2026-08-25 22:20:48.517 | DEBUG    | winwatt_automation.runtime_mapping.program_mapper:_build_menu_rows_from_popup_rows:1087 - RAW_MENU_TITLE="Végrehajtás" NORMALIZED_MENU_TITLE="végrehajtás"
2026-08-25 22:20:48.517 | INFO     | winwatt_automation.runtime_mapping.program_mapper:_build_menu_rows_from_popup_rows:1200 - DBG_WINWATT_NORMAL_MENU_ROW state=no_project top_menu=Fájl row_index=7 text='Végrehajtás' normalized_text=végrehajtás source_scope=main_window separator=False enabled_guess=True rectangle={'left': 4, 'top': 264, 'right': 687, 'bottom': 292} depth=1
2026-08-25 22:20:48.517 | INFO     | winwatt_automation.runtime_mapping.program_mapper:_build_menu_rows_from_popup_rows:1040 - DBG_MENU_BUILD_INPUT_ROW state=no_project top_menu=Fájl row_index=8 text='Végrehajtás' rectangle={'left': 4, 'top': 299, 'right': 687, 'bottom': 327} topbar_like=False popup_like=True source_scope=main_window fragments=0
2026-08-25 22:20:48.518 | DEBUG    | winwatt_automation.runtime_mapping.program_mapper:_build_menu_rows_from_popup_rows:1087 - RAW_MENU_TITLE="Végrehajtás" NORMALIZED_MENU_TITLE="végrehajtás"
2026-08-25 22:20:48.518 | INFO     | winwatt_automation.runtime_mapping.program_mapper:_build_menu_rows_from_popup_rows:1200 - DBG_WINWATT_NORMAL_MENU_ROW state=no_project top_menu=Fájl row_index=8 text='Végrehajtás' normalized_text=végrehajtás source_scope=main_window separator=False enabled_guess=True rectangle={'left': 4, 'top': 299, 'right': 687, 'bottom': 327} depth=1
2026-08-25 22:20:48.518 | INFO     | winwatt_automation.runtime_mapping.program_mapper:_build_menu_rows_from_popup_rows:1040 - DBG_MENU_BUILD_INPUT_ROW state=no_project top_menu=Fájl row_index=9 text='Végrehajtás' rectangle={'left': 4, 'top': 56, 'right': 687, 'bottom': 84} topbar_like=False popup_like=True source_scope=global_process_scan fragments=0
2026-08-25 22:20:48.518 | DEBUG    | winwatt_automation.runtime_mapping.program_mapper:_build_menu_rows_from_popup_rows:1087 - RAW_MENU_TITLE="Végrehajtás" NORMALIZED_MENU_TITLE="végrehajtás"
2026-08-25 22:20:48.518 | INFO     | winwatt_automation.runtime_mapping.program_mapper:_build_menu_rows_from_popup_rows:1200 - DBG_WINWATT_NORMAL_MENU_ROW state=no_project top_menu=Fájl row_index=9 text='Végrehajtás' normalized_text=végrehajtás source_scope=global_process_scan separator=False enabled_guess=True rectangle={'left': 4, 'top': 56, 'right': 687, 'bottom': 84} depth=1
2026-08-25 22:20:48.519 | INFO     | winwatt_automation.runtime_mapping.program_mapper:_build_menu_rows_from_popup_rows:1040 - DBG_MENU_BUILD_INPUT_ROW state=no_project top_menu=Fájl row_index=10 text='Végrehajtás' rectangle={'left': 4, 'top': 84, 'right': 687, 'bottom': 112} topbar_like=False popup_like=True source_scope=global_process_scan fragments=0
2026-08-25 22:20:48.519 | DEBUG    | winwatt_automation.runtime_mapping.program_mapper:_build_menu_rows_from_popup_rows:1087 - RAW_MENU_TITLE="Végrehajtás" NORMALIZED_MENU_TITLE="végrehajtás"
2026-08-25 22:20:48.519 | INFO     | winwatt_automation.runtime_mapping.program_mapper:_build_menu_rows_from_popup_rows:1200 - DBG_WINWATT_NORMAL_MENU_ROW state=no_project top_menu=Fájl row_index=10 text='Végrehajtás' normalized_text=végrehajtás source_scope=global_process_scan separator=False enabled_guess=True rectangle={'left': 4, 'top': 84, 'right': 687, 'bottom': 112} depth=1
2026-08-25 22:20:48.519 | INFO     | winwatt_automation.runtime_mapping.program_mapper:_build_menu_rows_from_popup_rows:1040 - DBG_MENU_BUILD_INPUT_ROW state=no_project top_menu=Fájl row_index=11 text='' rectangle={'left': 4, 'top': 111, 'right': 687, 'bottom': 139} topbar_like=False popup_like=True source_scope=global_process_scan fragments=0
2026-08-25 22:20:48.519 | WARNING  | winwatt_automation.runtime_mapping.program_mapper:_resolve_row_text_with_fallback:687 - TEXT_EXTRACTION_FAILED row_index=11 source_scope=global_process_scan fragment_count=0 rectangle={'left': 4, 'top': 111, 'right': 687, 'bottom': 139}
2026-08-25 22:20:48.520 | DEBUG    | winwatt_automation.runtime_mapping.program_mapper:_build_menu_rows_from_popup_rows:1087 - RAW_MENU_TITLE="" NORMALIZED_MENU_TITLE=""
2026-08-25 22:20:48.520 | INFO     | winwatt_automation.runtime_mapping.program_mapper:_build_menu_rows_from_popup_rows:1100 - DBG_WINWATT_EMPTY_NORMALIZED_MENU_TITLE row_index=11 raw_text= normalized_text= is_separator=False source_scope=global_process_scan control_type=MenuItem class_name= rectangle={'left': 4, 'top': 111, 'right': 687, 'bottom': 139} fragment_count=0 fragment_texts=[]
2026-08-25 22:20:48.520 | INFO     | winwatt_automation.runtime_mapping.program_mapper:_build_menu_rows_from_popup_rows:1145 - REPLACED_EMPTY_POPUP_ROW_WITH_PLACEHOLDER row_index=11
2026-08-25 22:20:48.520 | INFO     | winwatt_automation.runtime_mapping.program_mapper:_build_menu_rows_from_popup_rows:1149 - GEOM_PLACEHOLDER_CREATED row_index=11 rect={'left': 4, 'top': 111, 'right': 687, 'bottom': 139} popup_reason=below_topbar_band
2026-08-25 22:20:48.520 | INFO     | winwatt_automation.runtime_mapping.program_mapper:_build_menu_rows_from_popup_rows:1200 - DBG_WINWATT_NORMAL_MENU_ROW state=no_project top_menu=Fájl row_index=11 text='[unlabeled row 11]' normalized_text=[unlabeled row 11] source_scope=global_process_scan separator=False enabled_guess=False rectangle={'left': 4, 'top': 111, 'right': 687, 'bottom': 139} depth=1
2026-08-25 22:20:48.521 | INFO     | winwatt_automation.runtime_mapping.program_mapper:_build_menu_rows_from_popup_rows:1040 - DBG_MENU_BUILD_INPUT_ROW state=no_project top_menu=Fájl row_index=12 text='' rectangle={'left': 4, 'top': 139, 'right': 687, 'bottom': 167} topbar_like=False popup_like=True source_scope=global_process_scan fragments=0
2026-08-25 22:20:48.521 | WARNING  | winwatt_automation.runtime_mapping.program_mapper:_resolve_row_text_with_fallback:687 - TEXT_EXTRACTION_FAILED row_index=12 source_scope=global_process_scan fragment_count=0 rectangle={'left': 4, 'top': 139, 'right': 687, 'bottom': 167}
2026-08-25 22:20:48.521 | DEBUG    | winwatt_automation.runtime_mapping.program_mapper:_build_menu_rows_from_popup_rows:1087 - RAW_MENU_TITLE="" NORMALIZED_MENU_TITLE=""
2026-08-25 22:20:48.521 | INFO     | winwatt_automation.runtime_mapping.program_mapper:_build_menu_rows_from_popup_rows:1100 - DBG_WINWATT_EMPTY_NORMALIZED_MENU_TITLE row_index=12 raw_text= normalized_text= is_separator=False source_scope=global_process_scan control_type=MenuItem class_name= rectangle={'left': 4, 'top': 139, 'right': 687, 'bottom': 167} fragment_count=0 fragment_texts=[]
2026-08-25 22:20:48.522 | INFO     | winwatt_automation.runtime_mapping.program_mapper:_build_menu_rows_from_popup_rows:1145 - REPLACED_EMPTY_POPUP_ROW_WITH_PLACEHOLDER row_index=12
2026-08-25 22:20:48.523 | INFO     | winwatt_automation.runtime_mapping.program_mapper:_build_menu_rows_from_popup_rows:1149 - GEOM_PLACEHOLDER_CREATED row_index=12 rect={'left': 4, 'top': 139, 'right': 687, 'bottom': 167} popup_reason=below_topbar_band
2026-08-25 22:20:48.523 | INFO     | winwatt_automation.runtime_mapping.program_mapper:_build_menu_rows_from_popup_rows:1200 - DBG_WINWATT_NORMAL_MENU_ROW state=no_project top_menu=Fájl row_index=12 text='[unlabeled row 12]' normalized_text=[unlabeled row 12] source_scope=global_process_scan separator=False enabled_guess=False rectangle={'left': 4, 'top': 139, 'right': 687, 'bottom': 167} depth=1
2026-08-25 22:20:48.523 | INFO     | winwatt_automation.runtime_mapping.program_mapper:_build_menu_rows_from_popup_rows:1040 - DBG_MENU_BUILD_INPUT_ROW state=no_project top_menu=Fájl row_index=13 text='Végrehajtás' rectangle={'left': 4, 'top': 166, 'right': 687, 'bottom': 194} topbar_like=False popup_like=True source_scope=global_process_scan fragments=0
2026-08-25 22:20:48.523 | DEBUG    | winwatt_automation.runtime_mapping.program_mapper:_build_menu_rows_from_popup_rows:1087 - RAW_MENU_TITLE="Végrehajtás" NORMALIZED_MENU_TITLE="végrehajtás"
2026-08-25 22:20:48.523 | INFO     | winwatt_automation.runtime_mapping.program_mapper:_build_menu_rows_from_popup_rows:1200 - DBG_WINWATT_NORMAL_MENU_ROW state=no_project top_menu=Fájl row_index=13 text='Végrehajtás' normalized_text=végrehajtás source_scope=global_process_scan separator=False enabled_guess=True rectangle={'left': 4, 'top': 166, 'right': 687, 'bottom': 194} depth=1
2026-08-25 22:20:48.523 | INFO     | winwatt_automation.runtime_mapping.program_mapper:_build_menu_rows_from_popup_rows:1040 - DBG_MENU_BUILD_INPUT_ROW state=no_project top_menu=Fájl row_index=14 text='' rectangle={'left': 4, 'top': 201, 'right': 687, 'bottom': 229} topbar_like=False popup_like=True source_scope=global_process_scan fragments=0
2026-08-25 22:20:48.524 | WARNING  | winwatt_automation.runtime_mapping.program_mapper:_resolve_row_text_with_fallback:687 - TEXT_EXTRACTION_FAILED row_index=14 source_scope=global_process_scan fragment_count=0 rectangle={'left': 4, 'top': 201, 'right': 687, 'bottom': 229}
2026-08-25 22:20:48.524 | DEBUG    | winwatt_automation.runtime_mapping.program_mapper:_build_menu_rows_from_popup_rows:1087 - RAW_MENU_TITLE="" NORMALIZED_MENU_TITLE=""
2026-08-25 22:20:48.524 | INFO     | winwatt_automation.runtime_mapping.program_mapper:_build_menu_rows_from_popup_rows:1100 - DBG_WINWATT_EMPTY_NORMALIZED_MENU_TITLE row_index=14 raw_text= normalized_text= is_separator=False source_scope=global_process_scan control_type=MenuItem class_name= rectangle={'left': 4, 'top': 201, 'right': 687, 'bottom': 229} fragment_count=0 fragment_texts=[]
2026-08-25 22:20:48.524 | INFO     | winwatt_automation.runtime_mapping.program_mapper:_build_menu_rows_from_popup_rows:1145 - REPLACED_EMPTY_POPUP_ROW_WITH_PLACEHOLDER row_index=14
2026-08-25 22:20:48.524 | INFO     | winwatt_automation.runtime_mapping.program_mapper:_build_menu_rows_from_popup_rows:1149 - GEOM_PLACEHOLDER_CREATED row_index=14 rect={'left': 4, 'top': 201, 'right': 687, 'bottom': 229} popup_reason=below_topbar_band
2026-08-25 22:20:48.524 | INFO     | winwatt_automation.runtime_mapping.program_mapper:_build_menu_rows_from_popup_rows:1200 - DBG_WINWATT_NORMAL_MENU_ROW state=no_project top_menu=Fájl row_index=14 text='[unlabeled row 14]' normalized_text=[unlabeled row 14] source_scope=global_process_scan separator=False enabled_guess=False rectangle={'left': 4, 'top': 201, 'right': 687, 'bottom': 229} depth=1
2026-08-25 22:20:48.524 | INFO     | winwatt_automation.runtime_mapping.program_mapper:_build_menu_rows_from_popup_rows:1040 - DBG_MENU_BUILD_INPUT_ROW state=no_project top_menu=Fájl row_index=15 text='Végrehajtás' rectangle={'left': 4, 'top': 229, 'right': 687, 'bottom': 257} topbar_like=False popup_like=True source_scope=global_process_scan fragments=0
2026-08-25 22:20:48.525 | DEBUG    | winwatt_automation.runtime_mapping.program_mapper:_build_menu_rows_from_popup_rows:1087 - RAW_MENU_TITLE="Végrehajtás" NORMALIZED_MENU_TITLE="végrehajtás"
2026-08-25 22:20:48.525 | INFO     | winwatt_automation.runtime_mapping.program_mapper:_build_menu_rows_from_popup_rows:1200 - DBG_WINWATT_NORMAL_MENU_ROW state=no_project top_menu=Fájl row_index=15 text='Végrehajtás' normalized_text=végrehajtás source_scope=global_process_scan separator=False enabled_guess=True rectangle={'left': 4, 'top': 229, 'right': 687, 'bottom': 257} depth=1
2026-08-25 22:20:48.525 | INFO     | winwatt_automation.runtime_mapping.program_mapper:_build_menu_rows_from_popup_rows:1040 - DBG_MENU_BUILD_INPUT_ROW state=no_project top_menu=Fájl row_index=16 text='Végrehajtás' rectangle={'left': 4, 'top': 264, 'right': 687, 'bottom': 292} topbar_like=False popup_like=True source_scope=global_process_scan fragments=0
2026-08-25 22:20:48.525 | DEBUG    | winwatt_automation.runtime_mapping.program_mapper:_build_menu_rows_from_popup_rows:1087 - RAW_MENU_TITLE="Végrehajtás" NORMALIZED_MENU_TITLE="végrehajtás"
2026-08-25 22:20:48.525 | INFO     | winwatt_automation.runtime_mapping.program_mapper:_build_menu_rows_from_popup_rows:1200 - DBG_WINWATT_NORMAL_MENU_ROW state=no_project top_menu=Fájl row_index=16 text='Végrehajtás' normalized_text=végrehajtás source_scope=global_process_scan separator=False enabled_guess=True rectangle={'left': 4, 'top': 264, 'right': 687, 'bottom': 292} depth=1
2026-08-25 22:20:48.525 | INFO     | winwatt_automation.runtime_mapping.program_mapper:_build_menu_rows_from_popup_rows:1040 - DBG_MENU_BUILD_INPUT_ROW state=no_project top_menu=Fájl row_index=17 text='Végrehajtás' rectangle={'left': 4, 'top': 299, 'right': 687, 'bottom': 327} topbar_like=False popup_like=True source_scope=global_process_scan fragments=0
2026-08-25 22:20:48.525 | DEBUG    | winwatt_automation.runtime_mapping.program_mapper:_build_menu_rows_from_popup_rows:1087 - RAW_MENU_TITLE="Végrehajtás" NORMALIZED_MENU_TITLE="végrehajtás"
2026-08-25 22:20:48.526 | INFO     | winwatt_automation.runtime_mapping.program_mapper:_build_menu_rows_from_popup_rows:1200 - DBG_WINWATT_NORMAL_MENU_ROW state=no_project top_menu=Fájl row_index=17 text='Végrehajtás' normalized_text=végrehajtás source_scope=global_process_scan separator=False enabled_guess=True rectangle={'left': 4, 'top': 299, 'right': 687, 'bottom': 327} depth=1
2026-08-25 22:20:48.526 | INFO     | winwatt_automation.runtime_mapping.program_mapper:_build_menu_rows_from_popup_rows:1233 - MENU_ROW_DEDUP_APPLIED state=no_project top_menu=Fájl normalized_text=végrehajtás kept_row_index=0 dropped_row_index=9 rectangle={'left': 4, 'top': 56, 'right': 687, 'bottom': 84} source_scope_pattern=global_process_scan|legacy_text
2026-08-25 22:20:48.526 | INFO     | winwatt_automation.runtime_mapping.program_mapper:_build_menu_rows_from_popup_rows:1233 - MENU_ROW_DEDUP_APPLIED state=no_project top_menu=Fájl normalized_text=végrehajtás kept_row_index=1 dropped_row_index=10 rectangle={'left': 4, 'top': 84, 'right': 687, 'bottom': 112} source_scope_pattern=global_process_scan|legacy_text
2026-08-25 22:20:48.526 | INFO     | winwatt_automation.runtime_mapping.program_mapper:_build_menu_rows_from_popup_rows:1233 - MENU_ROW_DEDUP_APPLIED state=no_project top_menu=Fájl normalized_text=végrehajtás kept_row_index=4 dropped_row_index=13 rectangle={'left': 4, 'top': 166, 'right': 687, 'bottom': 194} source_scope_pattern=global_process_scan|legacy_text
2026-08-25 22:20:48.526 | INFO     | winwatt_automation.runtime_mapping.program_mapper:_build_menu_rows_from_popup_rows:1233 - MENU_ROW_DEDUP_APPLIED state=no_project top_menu=Fájl normalized_text=végrehajtás kept_row_index=6 dropped_row_index=15 rectangle={'left': 4, 'top': 229, 'right': 687, 'bottom': 257} source_scope_pattern=global_process_scan|legacy_text
2026-08-25 22:20:48.526 | INFO     | winwatt_automation.runtime_mapping.program_mapper:_build_menu_rows_from_popup_rows:1233 - MENU_ROW_DEDUP_APPLIED state=no_project top_menu=Fájl normalized_text=végrehajtás kept_row_index=7 dropped_row_index=16 rectangle={'left': 4, 'top': 264, 'right': 687, 'bottom': 292} source_scope_pattern=global_process_scan|legacy_text
2026-08-25 22:20:48.526 | INFO     | winwatt_automation.runtime_mapping.program_mapper:_build_menu_rows_from_popup_rows:1233 - MENU_ROW_DEDUP_APPLIED state=no_project top_menu=Fájl normalized_text=végrehajtás kept_row_index=8 dropped_row_index=17 rectangle={'left': 4, 'top': 299, 'right': 687, 'bottom': 327} source_scope_pattern=global_process_scan|legacy_text
2026-08-25 22:20:48.526 | INFO     | winwatt_automation.runtime_mapping.program_mapper:_build_menu_rows_from_popup_rows:1244 - MENU_ROW_BUILD_SUMMARY state=no_project top_menu=Fájl input_rows=18 mapped_rows=12 placeholders=6 filtered_overlap=0 filtered_empty_non_actionable=0 rejected_foreign_rows=0 deduped_rows=6
2026-08-25 22:20:48.528 | DEBUG    | winwatt_automation.runtime_mapping.program_mapper:_log_phase_timing:281 - DBG_PHASE_TIMING phase=_build_menu_rows_from_popup_rows elapsed_ms=31.000 state_id=no_project top_menu=Fájl input_rows=18 mapped_rows=12
2026-08-25 22:20:48.528 | INFO     | winwatt_automation.runtime_mapping.program_mapper:explore_menu_tree:3672 - ACTION_CATALOG_INPUT_SUMMARY state=no_project top_menu=Fájl depth=1 candidate_rows=12 placeholders=6 low_or_none_confidence=6 legacy_text_only=6 unknown_pending=0
2026-08-25 22:20:48.528 | INFO     | winwatt_automation.runtime_mapping.program_mapper:explore_menu_tree:3826 - DBG_SUBTREE_TRAVERSAL_DECISION state=no_project path=['Fájl', 'Végrehajtás'] placeholder=False skipped_by_safety=True reused_from_previous_state=False action_type=unknown source_scope=main_window skip_parent_reopen=False diagnostic_fast_mode=False placeholder_focus_mode=False
2026-08-25 22:20:48.530 | INFO     | winwatt_automation.runtime_mapping.program_mapper:_reopen_parent_popup_rows:2167 - DBG_WINWATT_NORMAL_MENU_REOPEN_PARENT state=no_project top_menu=Fájl parent_path=['Fájl'] cached_popup_path=('fájl',) suppress_placeholder_top_menu_relist=False
2026-08-25 22:20:48.531 | INFO     | winwatt_automation.runtime_mapping.program_mapper:_reopen_parent_popup_rows:2187 - POPUP_OWNERSHIP_CONFIRMED state=no_project top_menu=Fájl normalized_parent=('fájl',) popup_state_path=('fájl',) row_count=18
2026-08-25 22:20:48.531 | DEBUG    | winwatt_automation.runtime_mapping.program_mapper:_log_phase_timing:281 - DBG_PHASE_TIMING phase=reopen_parent_popup_rows elapsed_ms=0.000 strategy=popup_state_reuse row_count=18 parent_path=Fájl
2026-08-25 22:20:48.531 | INFO     | winwatt_automation.runtime_mapping.program_mapper:_activate_row_for_exploration:1275 - DBG_PLACEHOLDER_TRAVERSAL_CANDIDATE path=['Fájl', 'Végrehajtás'] row_index=0 placeholder=False action_type=click source_scope=main_window meta={'popup_block_classification': 'normal_popup', 'recent_projects_block': False, 'recent_project_entry': False, 'stateful_menu_block': False, 'deduped_row_indices': [0, 9]} popup_visible_count=18 topbar_visible_count=0 diagnostic_fast_mode=False
2026-08-25 22:20:48.531 | INFO     | winwatt_automation.runtime_mapping.program_mapper:_activate_row_for_exploration:1292 - DBG_PLACEHOLDER_TRAVERSAL_DECISION path=['Fájl', 'Végrehajtás'] decision=click_structured_row action_type=click source_scope=main_window popup_visible_count=18 popup_rows_count=18 meta_source=main_window click_strategy=None
2026-08-25 22:20:48.539 | INFO     | winwatt_automation.live_ui.app_connector:is_winwatt_foreground_context:1123 - DBG_WINWATT_FOREGROUND_CONTEXT expected_handle=461944 expected_process_id=24008 expected_title=WinWatt gólya expected_class_name=TMainForm actual_foreground_handle=461944 actual_foreground_process_id=24008 actual_foreground_title=WinWatt gólya actual_foreground_class_name=TMainForm allow_dialog=True result_reason=handle_match
2026-08-25 22:20:48.542 | INFO     | winwatt_automation.live_ui.app_connector:_cached_window_health_status:489 - DBG_WINWATT_CACHE_HEALTH reason_code=healthy payload={'wrapper_type': 'UIAWrapper', 'handle': 461944, 'process_id': 24008, 'title': 'WinWatt gólya', 'class_name': 'TMainForm', 'control_type': 'Window'}
2026-08-25 22:20:48.546 | DEBUG    | winwatt_automation.live_ui.app_connector:get_cached_main_window:574 - DBG_WINWATT_CACHE_GET reason_code=cache_validated_ok payload={'wrapper_type': 'UIAWrapper', 'handle': 461944, 'process_id': 24008, 'title': 'WinWatt gólya', 'class_name': 'TMainForm', 'control_type': 'Window'} last_validation_age_s=4.171999999991385 diagnostic_fast_mode=False
2026-08-25 22:20:48.547 | DEBUG    | winwatt_automation.live_ui.app_connector:get_cached_main_window:575 - DBG_PHASE_TIMING phase=get_cached_main_window elapsed_ms=16.000 reason_code=cache_validated_ok
2026-08-25 22:20:48.554 | INFO     | winwatt_automation.live_ui.app_connector:ensure_main_window_foreground_before_click:1179 - DBG_WINWATT_FOCUS_GUARD_PRECHECK action_label=click_structured_popup_row[0] wrapper_type=UIAWrapper cached_handle=461944 cached_pid=24008 cached_title=WinWatt gólya cached_class=TMainForm precheck_exists=False precheck_visible=True precheck_enabled=True rect={'left': -10, 'top': -10, 'right': 1930, 'bottom': 1030, 'width': 1940, 'height': 1040}
2026-08-25 22:20:48.770 | DEBUG    | winwatt_automation.live_ui.app_connector:list_candidate_windows:180 - Discovered 1 WinWatt-like windows on backend=win32
2026-08-25 22:20:48.770 | DEBUG    | winwatt_automation.live_ui.app_connector:list_candidate_windows:182 - Candidate[win32]: {'title': 'WinWatt gólya', 'window_text': 'WinWatt gólya', 'class_name': 'TMainForm', 'control_type': None, 'process_id': 24008, 'handle': None, 'is_visible': True, 'is_enabled': True, 'rectangle': {'left': -10, 'top': -10, 'right': 1930, 'bottom': 1030, 'width': 1940, 'height': 1040}, 'size': {'width': 1940, 'height': 1040}}
2026-08-25 22:20:48.771 | INFO     | winwatt_automation.live_ui.app_connector:_connect_with_win32_handle:276 - DBG_WINWATT_CONNECT_WIN32_CANDIDATES locator=backend=win32 ranked_candidates=[{'rank': 1, 'score': (1, 1, 1, 1, 2017600), 'process_id': 24008, 'handle': None, 'class_name': 'TMainForm', 'title': 'WinWatt gólya', 'visible': True, 'enabled': True}]
2026-08-25 22:20:48.771 | INFO     | winwatt_automation.live_ui.app_connector:select_main_window:224 - Candidate ranking score=(1, 1, 1, 1, 2017600) data={'title': 'WinWatt gólya', 'window_text': 'WinWatt gólya', 'class_name': 'TMainForm', 'control_type': None, 'process_id': 24008, 'handle': None, 'is_visible': True, 'is_enabled': True, 'rectangle': {'left': -10, 'top': -10, 'right': 1930, 'bottom': 1030, 'width': 1940, 'height': 1040}, 'size': {'width': 1940, 'height': 1040}}
2026-08-25 22:20:48.771 | INFO     | winwatt_automation.live_ui.app_connector:select_main_window:234 - Selected main window process_id=24008 handle=None score=(1, 1, 1, 1, 2017600) reasons=['has_process_id=True', 'has_handle=False', 'visible=True', 'enabled=True', 'title_has_winwatt=True', 'area=2017600']
2026-08-25 22:20:48.771 | INFO     | winwatt_automation.live_ui.app_connector:_connect_with_win32_handle:293 - DBG_WINWATT_CONNECT_WIN32_SELECTED selected_payload={'title': 'WinWatt gólya', 'window_text': 'WinWatt gólya', 'class_name': 'TMainForm', 'control_type': None, 'process_id': 24008, 'handle': None, 'is_visible': True, 'is_enabled': True, 'rectangle': {'left': -10, 'top': -10, 'right': 1930, 'bottom': 1030, 'width': 1940, 'height': 1040}, 'size': {'width': 1940, 'height': 1040}} selected_handle_is_none=True
2026-08-25 22:20:48.773 | INFO     | winwatt_automation.live_ui.app_connector:_connect_with_win32_handle:336 - Connected to WinWatt backend=win32 attach_mode=process candidate={'process_id': 24008, 'handle': None, 'class_name': 'TMainForm', 'title': 'WinWatt gólya'}
2026-08-25 22:20:48.782 | INFO     | winwatt_automation.live_ui.app_connector:_connect_with_win32_handle:350 - DBG_WINWATT_CONNECT_WIN32_RESOLVED process_id=24008 resolved_handle=None selected_payload={'title': 'WinWatt gólya', 'window_text': 'WinWatt gólya', 'class_name': 'TMainForm', 'control_type': None, 'process_id': 24008, 'handle': None, 'is_visible': True, 'is_enabled': True, 'rectangle': {'left': -10, 'top': -10, 'right': 1930, 'bottom': 1030, 'width': 1940, 'height': 1040}, 'size': {'width': 1940, 'height': 1040}}
2026-08-25 22:20:48.782 | INFO     | winwatt_automation.live_ui.app_connector:_resolve_uia_main_window:382 - DBG_WINWATT_RESOLVE_UIA_WIN32_SELECTED selected_payload={'title': 'WinWatt gólya', 'window_text': 'WinWatt gólya', 'class_name': 'TMainForm', 'control_type': None, 'process_id': 24008, 'handle': None, 'is_visible': True, 'is_enabled': True, 'rectangle': {'left': -10, 'top': -10, 'right': 1930, 'bottom': 1030, 'width': 1940, 'height': 1040}, 'size': {'width': 1940, 'height': 1040}}
2026-08-25 22:20:48.782 | INFO     | winwatt_automation.live_ui.app_connector:_resolve_uia_main_window:388 - Connected to WinWatt backend=uia process_id=24008
2026-08-25 22:20:48.783 | INFO     | winwatt_automation.live_ui.app_connector:_resolve_uia_main_window:390 - Resolving main WinWatt window backend=uia class_name=TMainForm title_re=.*WinWatt.*
2026-08-25 22:20:49.089 | INFO     | winwatt_automation.live_ui.app_connector:_resolve_uia_main_window:400 - DBG_WINWATT_RESOLVE_UIA_PRIMARY selected_payload={'title': 'WinWatt gólya', 'window_text': 'WinWatt gólya', 'class_name': 'TMainForm', 'control_type': None, 'process_id': 24008, 'handle': None, 'is_visible': True, 'is_enabled': True, 'rectangle': {'left': -10, 'top': -10, 'right': 1930, 'bottom': 1030, 'width': 1940, 'height': 1040}, 'size': {'width': 1940, 'height': 1040}} primary_result={'wrapper_type': 'UIAWrapper', 'handle': 461944, 'process_id': 24008, 'title': 'WinWatt gólya', 'class_name': 'TMainForm', 'control_type': 'Window'} identity_match_with_win32=None
2026-08-25 22:20:49.097 | WARNING  | winwatt_automation.live_ui.app_connector:ensure_main_window_foreground_before_click:1216 - DBG_WINWATT_FOCUS_GUARD_STALE_REFRESH_CONTINUE action_label=click_structured_popup_row[0] reason=stale_wrapper_relaxed_foreground_identity_pass relaxed_pass=True relaxed_pass_reason=identity_foreground_visible_enabled_match cached_identity={'wrapper_type': 'UIAWrapper', 'handle': 461944, 'process_id': 24008, 'title': 'WinWatt gólya', 'class_name': 'TMainForm', 'control_type': 'Window'} refreshed_identity={'wrapper_type': 'UIAWrapper', 'handle': 461944, 'process_id': 24008, 'title': 'WinWatt gólya', 'class_name': 'TMainForm', 'control_type': 'Window'} cached_rect={'left': -10, 'top': -10, 'right': 1930, 'bottom': 1030, 'width': 1940, 'height': 1040} refreshed_rect={'left': -10, 'top': -10, 'right': 1930, 'bottom': 1030, 'width': 1940, 'height': 1040} foreground={'handle': 461944, 'title': 'WinWatt gólya', 'class_name': 'TMainForm', 'process_id': 24008}
2026-08-25 22:20:49.097 | INFO     | winwatt_automation.live_ui.app_connector:is_winwatt_foreground_context:1123 - DBG_WINWATT_FOREGROUND_CONTEXT expected_handle=461944 expected_process_id=24008 expected_title=WinWatt gólya expected_class_name=TMainForm actual_foreground_handle=461944 actual_foreground_process_id=24008 actual_foreground_title=WinWatt gólya actual_foreground_class_name=TMainForm allow_dialog=True result_reason=handle_match
2026-08-25 22:20:49.105 | INFO     | winwatt_automation.live_ui.app_connector:ensure_main_window_foreground_before_click:1340 - DBG_WINWATT_FOCUS_GUARD_RESULT action_label=click_structured_popup_row[0] status=focus_ok reason=handle_match foreground={'handle': 461944, 'title': 'WinWatt gólya', 'class_name': 'TMainForm', 'process_id': 24008} same_context_as_cached_main=True win32_uia_identity_match=True
2026-08-25 22:20:49.225 | INFO     | winwatt_automation.live_ui.menu_helpers:click_structured_popup_row:2238 - Popup row click: selected row index=0 selected row rectangle={'left': 4, 'top': 56, 'right': 687, 'bottom': 84} top menu clicked more than once=False
2026-08-25 22:20:49.567 | DEBUG    | winwatt_automation.live_ui.app_connector:get_cached_main_window:565 - DBG_WINWATT_CACHE_GET reason_code=cache_reused_without_validation payload={'wrapper_type': 'UIAWrapper', 'handle': 461944, 'process_id': 24008, 'title': 'WinWatt gólya', 'class_name': 'TMainForm', 'control_type': 'Window'} last_validation_age_s=0.6870000000053551 diagnostic_fast_mode=False
2026-08-25 22:20:49.567 | DEBUG    | winwatt_automation.live_ui.app_connector:get_cached_main_window:566 - DBG_PHASE_TIMING phase=get_cached_main_window elapsed_ms=344.000 reason_code=cache_reused_without_validation
2026-08-25 22:20:50.510 | DEBUG    | winwatt_automation.live_ui.app_connector:get_cached_main_window:565 - DBG_WINWATT_CACHE_GET reason_code=cache_reused_without_validation payload={'wrapper_type': 'UIAWrapper', 'handle': 461944, 'process_id': 24008, 'title': 'WinWatt gólya', 'class_name': 'TMainForm', 'control_type': 'Window'} last_validation_age_s=1.9690000000118744 diagnostic_fast_mode=False
2026-08-25 22:20:50.510 | DEBUG    | winwatt_automation.live_ui.app_connector:get_cached_main_window:566 - DBG_PHASE_TIMING phase=get_cached_main_window elapsed_ms=0.000 reason_code=cache_reused_without_validation
2026-08-25 22:20:50.510 | DEBUG    | winwatt_automation.live_ui.app_connector:get_cached_main_window:565 - DBG_WINWATT_CACHE_GET reason_code=cache_reused_without_validation payload={'wrapper_type': 'UIAWrapper', 'handle': 461944, 'process_id': 24008, 'title': 'WinWatt gólya', 'class_name': 'TMainForm', 'control_type': 'Window'} last_validation_age_s=1.9690000000118744 diagnostic_fast_mode=False
2026-08-25 22:20:50.510 | DEBUG    | winwatt_automation.live_ui.app_connector:get_cached_main_window:566 - DBG_PHASE_TIMING phase=get_cached_main_window elapsed_ms=0.000 reason_code=cache_reused_without_validation
2026-08-25 22:20:50.797 | INFO     | winwatt_automation.live_ui.menu_helpers:_menu_items:1101 - DBG_MENU_ITEMS_SUMMARY total_items=7 visible_items=7 topbar_band=(0, 0, 409, 53) topbar_band_visible_count=7 popup_region_visible_count=0 force_refresh=False handle=461944
2026-08-25 22:20:50.799 | DEBUG    | winwatt_automation.live_ui.menu_helpers:_menu_items:1111 - Discovered 7 MenuItem controls
2026-08-25 22:20:50.799 | DEBUG    | winwatt_automation.live_ui.menu_helpers:_log_phase_timing:83 - DBG_PHASE_TIMING phase=_menu_items elapsed_ms=297.000 force_refresh=False total_items=7 visible_items=7
2026-08-25 22:20:50.800 | DEBUG    | winwatt_automation.live_ui.menu_helpers:_log_popup_fragment:499 - DBG_MENU_FRAGMENT_MAIN_WINDOW source_scope=main_window control_type=MenuItem class_name= text='Rendszer' rectangle={'left': 0, 'top': 0, 'right': 28, 'bottom': 28} center=(14, 14) process_id=24008 native_handle=None topbar_candidate=True popup_candidate=False
2026-08-25 22:20:50.800 | DEBUG    | winwatt_automation.live_ui.menu_helpers:_log_popup_fragment:499 - DBG_MENU_FRAGMENT_MAIN_WINDOW source_scope=main_window control_type=MenuItem class_name= text='Fájl' rectangle={'left': 0, 'top': 29, 'right': 40, 'bottom': 53} center=(20, 41) process_id=24008 native_handle=None topbar_candidate=True popup_candidate=False
2026-08-25 22:20:50.800 | DEBUG    | winwatt_automation.live_ui.menu_helpers:_log_popup_fragment:499 - DBG_MENU_FRAGMENT_MAIN_WINDOW source_scope=main_window control_type=MenuItem class_name= text='Jegyzékek' rectangle={'left': 40, 'top': 29, 'right': 123, 'bottom': 53} center=(81, 41) process_id=24008 native_handle=None topbar_candidate=True popup_candidate=False
2026-08-25 22:20:50.802 | DEBUG    | winwatt_automation.live_ui.menu_helpers:_log_popup_fragment:499 - DBG_MENU_FRAGMENT_MAIN_WINDOW source_scope=main_window control_type=MenuItem class_name= text='Adatbázis...' rectangle={'left': 123, 'top': 29, 'right': 216, 'bottom': 53} center=(169, 41) process_id=24008 native_handle=None topbar_candidate=True popup_candidate=False
2026-08-25 22:20:50.803 | DEBUG    | winwatt_automation.live_ui.menu_helpers:_log_popup_fragment:499 - DBG_MENU_FRAGMENT_MAIN_WINDOW source_scope=main_window control_type=MenuItem class_name= text='Beállítások' rectangle={'left': 215, 'top': 29, 'right': 303, 'bottom': 53} center=(259, 41) process_id=24008 native_handle=None topbar_candidate=True popup_candidate=False
2026-08-25 22:20:50.803 | DEBUG    | winwatt_automation.live_ui.menu_helpers:_log_popup_fragment:499 - DBG_MENU_FRAGMENT_MAIN_WINDOW source_scope=main_window control_type=MenuItem class_name= text='Ablak' rectangle={'left': 303, 'top': 29, 'right': 358, 'bottom': 53} center=(330, 41) process_id=24008 native_handle=None topbar_candidate=True popup_candidate=False
2026-08-25 22:20:50.803 | DEBUG    | winwatt_automation.live_ui.menu_helpers:_log_popup_fragment:499 - DBG_MENU_FRAGMENT_MAIN_WINDOW source_scope=main_window control_type=MenuItem class_name= text='Súgó' rectangle={'left': 358, 'top': 29, 'right': 409, 'bottom': 53} center=(383, 41) process_id=24008 native_handle=None topbar_candidate=True popup_candidate=False
2026-08-25 22:20:50.803 | DEBUG    | winwatt_automation.live_ui.menu_helpers:_menu_like_controls_from_main_window:1599 - DBG_MENU_FRAGMENT_SOURCE_SUMMARY source_scope=main_window count=7
2026-08-25 22:20:50.805 | DEBUG    | winwatt_automation.live_ui.app_connector:get_cached_main_window:565 - DBG_WINWATT_CACHE_GET reason_code=cache_reused_without_validation payload={'wrapper_type': 'UIAWrapper', 'handle': 461944, 'process_id': 24008, 'title': 'WinWatt gólya', 'class_name': 'TMainForm', 'control_type': 'Window'} last_validation_age_s=2.2660000000032596 diagnostic_fast_mode=False
2026-08-25 22:20:50.805 | DEBUG    | winwatt_automation.live_ui.app_connector:get_cached_main_window:566 - DBG_PHASE_TIMING phase=get_cached_main_window elapsed_ms=0.000 reason_code=cache_reused_without_validation
2026-08-25 22:20:50.805 | DEBUG    | winwatt_automation.live_ui.app_connector:get_cached_main_window:565 - DBG_WINWATT_CACHE_GET reason_code=cache_reused_without_validation payload={'wrapper_type': 'UIAWrapper', 'handle': 461944, 'process_id': 24008, 'title': 'WinWatt gólya', 'class_name': 'TMainForm', 'control_type': 'Window'} last_validation_age_s=2.2660000000032596 diagnostic_fast_mode=False
2026-08-25 22:20:50.805 | DEBUG    | winwatt_automation.live_ui.app_connector:get_cached_main_window:566 - DBG_PHASE_TIMING phase=get_cached_main_window elapsed_ms=0.000 reason_code=cache_reused_without_validation
2026-08-25 22:20:51.359 | DEBUG    | winwatt_automation.live_ui.menu_helpers:_log_popup_fragment:499 - DBG_MENU_FRAGMENT_GLOBAL_SCAN source_scope=global_process_scan control_type=MenuItem class_name= text='Rendszer' rectangle={'left': 970, 'top': 388, 'right': 998, 'bottom': 416} center=(984, 402) process_id=24008 native_handle=None topbar_candidate=False popup_candidate=True
2026-08-25 22:20:51.393 | DEBUG    | winwatt_automation.live_ui.menu_helpers:_log_popup_fragment:499 - DBG_MENU_FRAGMENT_GLOBAL_SCAN source_scope=global_process_scan control_type=MenuItem class_name= text='Rendszer' rectangle={'left': 0, 'top': 0, 'right': 28, 'bottom': 28} center=(14, 14) process_id=24008 native_handle=None topbar_candidate=True popup_candidate=False
2026-08-25 22:20:51.393 | DEBUG    | winwatt_automation.live_ui.menu_helpers:_log_popup_fragment:499 - DBG_MENU_FRAGMENT_GLOBAL_SCAN source_scope=global_process_scan control_type=MenuItem class_name= text='Fájl' rectangle={'left': 0, 'top': 29, 'right': 40, 'bottom': 53} center=(20, 41) process_id=24008 native_handle=None topbar_candidate=True popup_candidate=False
2026-08-25 22:20:51.393 | DEBUG    | winwatt_automation.live_ui.menu_helpers:_log_popup_fragment:499 - DBG_MENU_FRAGMENT_GLOBAL_SCAN source_scope=global_process_scan control_type=MenuItem class_name= text='Jegyzékek' rectangle={'left': 40, 'top': 29, 'right': 123, 'bottom': 53} center=(81, 41) process_id=24008 native_handle=None topbar_candidate=True popup_candidate=False
2026-08-25 22:20:51.393 | DEBUG    | winwatt_automation.live_ui.menu_helpers:_log_popup_fragment:499 - DBG_MENU_FRAGMENT_GLOBAL_SCAN source_scope=global_process_scan control_type=MenuItem class_name= text='Adatbázis...' rectangle={'left': 123, 'top': 29, 'right': 216, 'bottom': 53} center=(169, 41) process_id=24008 native_handle=None topbar_candidate=True popup_candidate=False
2026-08-25 22:20:51.393 | DEBUG    | winwatt_automation.live_ui.menu_helpers:_log_popup_fragment:499 - DBG_MENU_FRAGMENT_GLOBAL_SCAN source_scope=global_process_scan control_type=MenuItem class_name= text='Beállítások' rectangle={'left': 215, 'top': 29, 'right': 303, 'bottom': 53} center=(259, 41) process_id=24008 native_handle=None topbar_candidate=True popup_candidate=False
2026-08-25 22:20:51.393 | DEBUG    | winwatt_automation.live_ui.menu_helpers:_log_popup_fragment:499 - DBG_MENU_FRAGMENT_GLOBAL_SCAN source_scope=global_process_scan control_type=MenuItem class_name= text='Ablak' rectangle={'left': 303, 'top': 29, 'right': 358, 'bottom': 53} center=(330, 41) process_id=24008 native_handle=None topbar_candidate=True popup_candidate=False
2026-08-25 22:20:51.393 | DEBUG    | winwatt_automation.live_ui.menu_helpers:_log_popup_fragment:499 - DBG_MENU_FRAGMENT_GLOBAL_SCAN source_scope=global_process_scan control_type=MenuItem class_name= text='Súgó' rectangle={'left': 358, 'top': 29, 'right': 409, 'bottom': 53} center=(383, 41) process_id=24008 native_handle=None topbar_candidate=True popup_candidate=False
2026-08-25 22:20:51.409 | DEBUG    | winwatt_automation.live_ui.menu_helpers:_menu_like_controls_from_global_process_scan:1631 - DBG_MENU_FRAGMENT_SOURCE_SUMMARY source_scope=global_process_scan count=8 process_id=24008
2026-08-25 22:20:51.410 | DEBUG    | winwatt_automation.live_ui.app_connector:get_cached_main_window:565 - DBG_WINWATT_CACHE_GET reason_code=cache_reused_without_validation payload={'wrapper_type': 'UIAWrapper', 'handle': 461944, 'process_id': 24008, 'title': 'WinWatt gólya', 'class_name': 'TMainForm', 'control_type': 'Window'} last_validation_age_s=2.875 diagnostic_fast_mode=False
2026-08-25 22:20:51.410 | DEBUG    | winwatt_automation.live_ui.app_connector:get_cached_main_window:566 - DBG_PHASE_TIMING phase=get_cached_main_window elapsed_ms=0.000 reason_code=cache_reused_without_validation
2026-08-25 22:20:51.615 | DEBUG    | winwatt_automation.live_ui.menu_helpers:capture_menu_popup_snapshot:1682 - DBG_POPUP_ROW_DEDUPE rect={'left': 0, 'top': 0, 'right': 28, 'bottom': 28} normalized_text=rendszer class_name= source_scope=main_window deduplicated=False
2026-08-25 22:20:51.615 | DEBUG    | winwatt_automation.live_ui.menu_helpers:capture_menu_popup_snapshot:1682 - DBG_POPUP_ROW_DEDUPE rect={'left': 0, 'top': 29, 'right': 40, 'bottom': 53} normalized_text=fájl class_name= source_scope=main_window deduplicated=False
2026-08-25 22:20:51.615 | DEBUG    | winwatt_automation.live_ui.menu_helpers:capture_menu_popup_snapshot:1682 - DBG_POPUP_ROW_DEDUPE rect={'left': 40, 'top': 29, 'right': 123, 'bottom': 53} normalized_text=jegyzékek class_name= source_scope=main_window deduplicated=False
2026-08-25 22:20:51.615 | DEBUG    | winwatt_automation.live_ui.menu_helpers:capture_menu_popup_snapshot:1682 - DBG_POPUP_ROW_DEDUPE rect={'left': 123, 'top': 29, 'right': 216, 'bottom': 53} normalized_text=adatbázis... class_name= source_scope=main_window deduplicated=False
2026-08-25 22:20:51.615 | DEBUG    | winwatt_automation.live_ui.menu_helpers:capture_menu_popup_snapshot:1682 - DBG_POPUP_ROW_DEDUPE rect={'left': 215, 'top': 29, 'right': 303, 'bottom': 53} normalized_text=beállítások class_name= source_scope=main_window deduplicated=False
2026-08-25 22:20:51.615 | DEBUG    | winwatt_automation.live_ui.menu_helpers:capture_menu_popup_snapshot:1682 - DBG_POPUP_ROW_DEDUPE rect={'left': 303, 'top': 29, 'right': 358, 'bottom': 53} normalized_text=ablak class_name= source_scope=main_window deduplicated=False
2026-08-25 22:20:51.615 | DEBUG    | winwatt_automation.live_ui.menu_helpers:capture_menu_popup_snapshot:1682 - DBG_POPUP_ROW_DEDUPE rect={'left': 358, 'top': 29, 'right': 409, 'bottom': 53} normalized_text=súgó class_name= source_scope=main_window deduplicated=False
2026-08-25 22:20:51.615 | DEBUG    | winwatt_automation.live_ui.menu_helpers:capture_menu_popup_snapshot:1682 - DBG_POPUP_ROW_DEDUPE rect={'left': 970, 'top': 388, 'right': 998, 'bottom': 416} normalized_text=rendszer class_name= source_scope=global_process_scan deduplicated=False
2026-08-25 22:20:51.615 | DEBUG    | winwatt_automation.live_ui.menu_helpers:capture_menu_popup_snapshot:1682 - DBG_POPUP_ROW_DEDUPE rect={'left': 0, 'top': 0, 'right': 28, 'bottom': 28} normalized_text=rendszer class_name= source_scope=global_process_scan deduplicated=False
2026-08-25 22:20:51.615 | DEBUG    | winwatt_automation.live_ui.menu_helpers:capture_menu_popup_snapshot:1682 - DBG_POPUP_ROW_DEDUPE rect={'left': 0, 'top': 29, 'right': 40, 'bottom': 53} normalized_text=fájl class_name= source_scope=global_process_scan deduplicated=False
2026-08-25 22:20:51.615 | DEBUG    | winwatt_automation.live_ui.menu_helpers:capture_menu_popup_snapshot:1682 - DBG_POPUP_ROW_DEDUPE rect={'left': 40, 'top': 29, 'right': 123, 'bottom': 53} normalized_text=jegyzékek class_name= source_scope=global_process_scan deduplicated=False
2026-08-25 22:20:51.615 | DEBUG    | winwatt_automation.live_ui.menu_helpers:capture_menu_popup_snapshot:1682 - DBG_POPUP_ROW_DEDUPE rect={'left': 123, 'top': 29, 'right': 216, 'bottom': 53} normalized_text=adatbázis... class_name= source_scope=global_process_scan deduplicated=False
2026-08-25 22:20:51.615 | DEBUG    | winwatt_automation.live_ui.menu_helpers:capture_menu_popup_snapshot:1682 - DBG_POPUP_ROW_DEDUPE rect={'left': 215, 'top': 29, 'right': 303, 'bottom': 53} normalized_text=beállítások class_name= source_scope=global_process_scan deduplicated=False
2026-08-25 22:20:51.615 | DEBUG    | winwatt_automation.live_ui.menu_helpers:capture_menu_popup_snapshot:1682 - DBG_POPUP_ROW_DEDUPE rect={'left': 303, 'top': 29, 'right': 358, 'bottom': 53} normalized_text=ablak class_name= source_scope=global_process_scan deduplicated=False
2026-08-25 22:20:51.615 | DEBUG    | winwatt_automation.live_ui.menu_helpers:capture_menu_popup_snapshot:1682 - DBG_POPUP_ROW_DEDUPE rect={'left': 358, 'top': 29, 'right': 409, 'bottom': 53} normalized_text=súgó class_name= source_scope=global_process_scan deduplicated=False
2026-08-25 22:20:51.615 | INFO     | winwatt_automation.live_ui.menu_helpers:capture_menu_popup_snapshot:1724 - POPUP_SNAPSHOT_SUMMARY main_window_fragments=7 global_scan_fragments=8 deduped_fragments=15 topbar_like=12 popup_like=1 empty_text=0 topbar_band=(0, 29, 409, 53) empty_text_vertical_cluster_detected=False accepted_popup_rows=0 popup_heuristic=candidate_count_below_threshold
2026-08-25 22:20:51.615 | DEBUG    | winwatt_automation.live_ui.menu_helpers:capture_menu_popup_snapshot:1737 - Captured menu snapshot rows=15
2026-08-25 22:20:51.615 | DEBUG    | winwatt_automation.live_ui.menu_helpers:_log_phase_timing:83 - DBG_PHASE_TIMING phase=capture_menu_popup_snapshot elapsed_ms=2391.000 main_rows=7 global_rows=8 unique_rows=15 diagnostic_fast_mode=False
2026-08-25 22:20:51.615 | INFO     | winwatt_automation.runtime_mapping.program_mapper:explore_menu_tree:3897 - DBG_POST_ACTION_POPUP_VISIBILITY state=no_project path=['Fájl', 'Végrehajtás'] popup_visible_count=1 topbar_visible_count=12 snapshot_rows=15 placeholder=False
2026-08-25 22:20:51.615 | DEBUG    | winwatt_automation.runtime_mapping.menu_text:normalize_menu_title:31 - normalize_menu_title ellipsis_handled raw="Adatbázis..." normalized="adatbázis"
2026-08-25 22:20:51.615 | DEBUG    | winwatt_automation.runtime_mapping.menu_text:normalize_menu_title:31 - normalize_menu_title ellipsis_handled raw="Adatbázis..." normalized="adatbázis"
2026-08-25 22:20:51.615 | INFO     | winwatt_automation.runtime_mapping.program_mapper:_safe_depth_decision:1721 - SAFE_DEPTH_BLOCKED state=no_project path=['Fájl', 'Végrehajtás'] current_depth=1 max_depth=2 action_state_classification=executes_command reason=non_submenu_branch
2026-08-25 22:20:51.615 | DEBUG    | winwatt_automation.runtime_mapping.program_mapper:_row_to_node:812 - RAW_MENU_TITLE="Végrehajtás" NORMALIZED_MENU_TITLE="végrehajtás"
2026-08-25 22:20:51.615 | DEBUG    | winwatt_automation.runtime_mapping.program_mapper:_row_to_node:875 - _row_to_node state=no_project top_menu=Fájl level=1 index=0 title=Végrehajtás placeholder=False classification=skipped_by_safety
2026-08-25 22:20:51.615 | DEBUG    | winwatt_automation.runtime_mapping.program_mapper:_log_phase_timing:281 - DBG_PHASE_TIMING phase=_row_to_node elapsed_ms=0.000 top_menu=Fájl level=1 index=0 title=Végrehajtás placeholder=False
2026-08-25 22:20:51.615 | DEBUG    | winwatt_automation.live_ui.app_connector:get_cached_main_window:565 - DBG_WINWATT_CACHE_GET reason_code=cache_reused_without_validation payload={'wrapper_type': 'UIAWrapper', 'handle': 461944, 'process_id': 24008, 'title': 'WinWatt gólya', 'class_name': 'TMainForm', 'control_type': 'Window'} last_validation_age_s=3.0780000000086147 diagnostic_fast_mode=False
2026-08-25 22:20:51.615 | DEBUG    | winwatt_automation.live_ui.app_connector:get_cached_main_window:566 - DBG_PHASE_TIMING phase=get_cached_main_window elapsed_ms=0.000 reason_code=cache_reused_without_validation
2026-08-25 22:20:51.820 | DEBUG    | winwatt_automation.live_ui.app_connector:get_cached_main_window:565 - DBG_WINWATT_CACHE_GET reason_code=cache_reused_without_validation payload={'wrapper_type': 'UIAWrapper', 'handle': 461944, 'process_id': 24008, 'title': 'WinWatt gólya', 'class_name': 'TMainForm', 'control_type': 'Window'} last_validation_age_s=3.2810000000172295 diagnostic_fast_mode=False
2026-08-25 22:20:51.820 | DEBUG    | winwatt_automation.live_ui.app_connector:get_cached_main_window:566 - DBG_PHASE_TIMING phase=get_cached_main_window elapsed_ms=0.000 reason_code=cache_reused_without_validation
2026-08-25 22:20:51.820 | DEBUG    | winwatt_automation.live_ui.app_connector:get_cached_main_window:565 - DBG_WINWATT_CACHE_GET reason_code=cache_reused_without_validation payload={'wrapper_type': 'UIAWrapper', 'handle': 461944, 'process_id': 24008, 'title': 'WinWatt gólya', 'class_name': 'TMainForm', 'control_type': 'Window'} last_validation_age_s=3.2810000000172295 diagnostic_fast_mode=False
2026-08-25 22:20:51.820 | DEBUG    | winwatt_automation.live_ui.app_connector:get_cached_main_window:566 - DBG_PHASE_TIMING phase=get_cached_main_window elapsed_ms=0.000 reason_code=cache_reused_without_validation
2026-08-25 22:20:52.215 | INFO     | winwatt_automation.live_ui.menu_helpers:_menu_items:1101 - DBG_MENU_ITEMS_SUMMARY total_items=7 visible_items=7 topbar_band=(0, 0, 409, 53) topbar_band_visible_count=7 popup_region_visible_count=0 force_refresh=True handle=461944
2026-08-25 22:20:52.215 | DEBUG    | winwatt_automation.live_ui.menu_helpers:_menu_items:1111 - Discovered 7 MenuItem controls
2026-08-25 22:20:52.215 | DEBUG    | winwatt_automation.live_ui.menu_helpers:_log_phase_timing:83 - DBG_PHASE_TIMING phase=_menu_items elapsed_ms=391.000 force_refresh=True total_items=7 visible_items=7
2026-08-25 22:20:52.247 | INFO     | winwatt_automation.live_ui.menu_helpers:list_top_menu_items:1141 - Top-level menu items (raw): ['Rendszer', 'Fájl', 'Jegyzékek', 'Adatbázis...', 'Beállítások', 'Ablak', 'Súgó']
2026-08-25 22:20:52.247 | DEBUG    | winwatt_automation.live_ui.menu_helpers:_log_phase_timing:83 - DBG_PHASE_TIMING phase=list_top_menu_items elapsed_ms=422.000 count=7
2026-08-25 22:20:52.247 | INFO     | winwatt_automation.runtime_mapping.program_mapper:_evaluate_action_admission:1969 - ACTION_ADMISSION_REJECTED top_menu=Fájl path=['Fájl', 'Végrehajtás'] traversal_depth=1 reason=legacy_text_only_without_interaction_evidence classification=executes_command result_type=no_observable_effect placeholder=False text_confidence=medium raw_text_sources=['legacy_text'] skip_reason=None
2026-08-25 22:20:52.247 | INFO     | winwatt_automation.runtime_mapping.program_mapper:_evaluate_action_admission:1982 - ACTION_STRUCTURE_ONLY_ROW top_menu=Fájl path=['Fájl', 'Végrehajtás'] traversal_depth=1 reason=legacy_text_only_without_interaction_evidence
2026-08-25 22:20:52.262 | DEBUG    | winwatt_automation.live_ui.app_connector:get_cached_main_window:565 - DBG_WINWATT_CACHE_GET reason_code=cache_reused_without_validation payload={'wrapper_type': 'UIAWrapper', 'handle': 461944, 'process_id': 24008, 'title': 'WinWatt gólya', 'class_name': 'TMainForm', 'control_type': 'Window'} last_validation_age_s=3.7190000000118744 diagnostic_fast_mode=False
2026-08-25 22:20:52.262 | DEBUG    | winwatt_automation.live_ui.app_connector:get_cached_main_window:566 - DBG_PHASE_TIMING phase=get_cached_main_window elapsed_ms=0.000 reason_code=cache_reused_without_validation
2026-08-25 22:20:52.458 | DEBUG    | winwatt_automation.live_ui.app_connector:get_cached_main_window:565 - DBG_WINWATT_CACHE_GET reason_code=cache_reused_without_validation payload={'wrapper_type': 'UIAWrapper', 'handle': 461944, 'process_id': 24008, 'title': 'WinWatt gólya', 'class_name': 'TMainForm', 'control_type': 'Window'} last_validation_age_s=3.9219999999913853 diagnostic_fast_mode=False
2026-08-25 22:20:52.458 | DEBUG    | winwatt_automation.live_ui.app_connector:get_cached_main_window:566 - DBG_PHASE_TIMING phase=get_cached_main_window elapsed_ms=0.000 reason_code=cache_reused_without_validation
2026-08-25 22:20:52.458 | DEBUG    | winwatt_automation.live_ui.app_connector:get_cached_main_window:565 - DBG_WINWATT_CACHE_GET reason_code=cache_reused_without_validation payload={'wrapper_type': 'UIAWrapper', 'handle': 461944, 'process_id': 24008, 'title': 'WinWatt gólya', 'class_name': 'TMainForm', 'control_type': 'Window'} last_validation_age_s=3.9219999999913853 diagnostic_fast_mode=False
2026-08-25 22:20:52.458 | DEBUG    | winwatt_automation.live_ui.app_connector:get_cached_main_window:566 - DBG_PHASE_TIMING phase=get_cached_main_window elapsed_ms=0.000 reason_code=cache_reused_without_validation
2026-08-25 22:20:52.854 | INFO     | winwatt_automation.live_ui.menu_helpers:_menu_items:1101 - DBG_MENU_ITEMS_SUMMARY total_items=7 visible_items=7 topbar_band=(0, 0, 409, 53) topbar_band_visible_count=7 popup_region_visible_count=0 force_refresh=True handle=461944
2026-08-25 22:20:52.854 | DEBUG    | winwatt_automation.live_ui.menu_helpers:_menu_items:1111 - Discovered 7 MenuItem controls
2026-08-25 22:20:52.854 | DEBUG    | winwatt_automation.live_ui.menu_helpers:_log_phase_timing:83 - DBG_PHASE_TIMING phase=_menu_items elapsed_ms=390.000 force_refresh=True total_items=7 visible_items=7
2026-08-25 22:20:52.903 | INFO     | winwatt_automation.live_ui.menu_helpers:list_top_menu_items:1141 - Top-level menu items (raw): ['Rendszer', 'Fájl', 'Jegyzékek', 'Adatbázis...', 'Beállítások', 'Ablak', 'Súgó']
2026-08-25 22:20:52.903 | DEBUG    | winwatt_automation.live_ui.menu_helpers:_log_phase_timing:83 - DBG_PHASE_TIMING phase=list_top_menu_items elapsed_ms=453.000 count=7
2026-08-25 22:20:52.903 | INFO     | winwatt_automation.runtime_mapping.program_mapper:_run_action_evidence_probe:2983 - ACTION_EVIDENCE_PROBE_START state=no_project top_menu=Fájl path=['Fájl', 'Végrehajtás'] row_index=0 rejection_reason=None
2026-08-25 22:20:52.903 | INFO     | winwatt_automation.runtime_mapping.program_mapper:_activate_row_for_exploration:1275 - DBG_PLACEHOLDER_TRAVERSAL_CANDIDATE path=['Fájl', 'Végrehajtás'] row_index=0 placeholder=False action_type=click source_scope=main_window meta={'popup_block_classification': 'normal_popup', 'recent_projects_block': False, 'recent_project_entry': False, 'stateful_menu_block': False, 'deduped_row_indices': [0, 9], 'action_discovery': {'classification': 'no_observable_effect', 'policy': {'treat_as_navigation': False, 'expand_children': False, 'retry_on_next_pass': False}}} popup_visible_count=18 topbar_visible_count=0 diagnostic_fast_mode=False
2026-08-25 22:20:52.903 | INFO     | winwatt_automation.runtime_mapping.program_mapper:_activate_row_for_exploration:1292 - DBG_PLACEHOLDER_TRAVERSAL_DECISION path=['Fájl', 'Végrehajtás'] decision=click_structured_row action_type=click source_scope=main_window popup_visible_count=18 popup_rows_count=18 meta_source=main_window click_strategy=None
2026-08-25 22:20:52.912 | INFO     | winwatt_automation.live_ui.app_connector:is_winwatt_foreground_context:1123 - DBG_WINWATT_FOREGROUND_CONTEXT expected_handle=461944 expected_process_id=24008 expected_title=WinWatt gólya expected_class_name=TMainForm actual_foreground_handle=724028 actual_foreground_process_id=24008 actual_foreground_title=Projekt létrehozása actual_foreground_class_name=#32770 allow_dialog=True result_reason=pid_match_allow_dialog
2026-08-25 22:20:52.918 | INFO     | winwatt_automation.live_ui.app_connector:_cached_window_health_status:489 - DBG_WINWATT_CACHE_HEALTH reason_code=healthy payload={'wrapper_type': 'UIAWrapper', 'handle': 461944, 'process_id': 24008, 'title': 'WinWatt gólya', 'class_name': 'TMainForm', 'control_type': 'Window'}
2026-08-25 22:20:52.919 | DEBUG    | winwatt_automation.live_ui.app_connector:get_cached_main_window:574 - DBG_WINWATT_CACHE_GET reason_code=cache_validated_ok payload={'wrapper_type': 'UIAWrapper', 'handle': 461944, 'process_id': 24008, 'title': 'WinWatt gólya', 'class_name': 'TMainForm', 'control_type': 'Window'} last_validation_age_s=4.375 diagnostic_fast_mode=False
2026-08-25 22:20:52.920 | DEBUG    | winwatt_automation.live_ui.app_connector:get_cached_main_window:575 - DBG_PHASE_TIMING phase=get_cached_main_window elapsed_ms=16.000 reason_code=cache_validated_ok
2026-08-25 22:20:52.923 | INFO     | winwatt_automation.live_ui.app_connector:ensure_main_window_foreground_before_click:1179 - DBG_WINWATT_FOCUS_GUARD_PRECHECK action_label=click_structured_popup_row[0] wrapper_type=UIAWrapper cached_handle=461944 cached_pid=24008 cached_title=WinWatt gólya cached_class=TMainForm precheck_exists=False precheck_visible=True precheck_enabled=False rect={'left': -10, 'top': -10, 'right': 1930, 'bottom': 1030, 'width': 1940, 'height': 1040}
2026-08-25 22:20:52.923 | ERROR    | winwatt_automation.live_ui.app_connector:ensure_main_window_foreground_before_click:1295 - DBG_WINWATT_FOCUS_GUARD_HARD_FAIL action_label=click_structured_popup_row[0] reason=exists_false identity_reasons=['handle', 'process_id', 'title', 'class_name', 'rect', 'visible'] cached_identity={'wrapper_type': 'UIAWrapper', 'handle': 461944, 'process_id': 24008, 'title': 'WinWatt gólya', 'class_name': 'TMainForm', 'control_type': 'Window'} rect={'left': -10, 'top': -10, 'right': 1930, 'bottom': 1030, 'width': 1940, 'height': 1040} refresh_diagnostic={'action_label': 'click_structured_popup_row[0]', 'cached_identity': {'wrapper_type': 'UIAWrapper', 'handle': 461944, 'process_id': 24008, 'title': 'WinWatt gólya', 'class_name': 'TMainForm', 'control_type': 'Window'}, 'cached_rect': {'left': -10, 'top': -10, 'right': 1930, 'bottom': 1030, 'width': 1940, 'height': 1040}, 'visible': True, 'enabled': False, 'refresh_attempted': False, 'refresh_permitted': True, 'reason': 'cached_window_not_ready'}
2026-08-25 22:20:52.924 | INFO     | winwatt_automation.runtime_mapping.program_mapper:_activate_row_for_exploration:1316 - DBG_WINWATT_STRUCTURED_ROW_CLICK_EXCEPTION exception_class=FocusGuardError exception_message=focus_not_restored: main window no longer exists before action=click_structured_popup_row[0] current_path=['Fájl', 'Végrehajtás'] fallback_to_hover=True popup_rows_count=18
2026-08-25 22:20:52.924 | DEBUG    | winwatt_automation.runtime_mapping.program_mapper:_activate_row_for_exploration:1323 - structured row click failed; fallback to hover path=['Fájl', 'Végrehajtás'] error=focus_not_restored: main window no longer exists before action=click_structured_popup_row[0]
2026-08-25 22:20:53.028 | DEBUG    | winwatt_automation.live_ui.app_connector:get_cached_main_window:565 - DBG_WINWATT_CACHE_GET reason_code=cache_reused_without_validation payload={'wrapper_type': 'UIAWrapper', 'handle': 461944, 'process_id': 24008, 'title': 'WinWatt gólya', 'class_name': 'TMainForm', 'control_type': 'Window'} last_validation_age_s=0.10899999999674037 diagnostic_fast_mode=False
2026-08-25 22:20:53.028 | DEBUG    | winwatt_automation.live_ui.app_connector:get_cached_main_window:566 - DBG_PHASE_TIMING phase=get_cached_main_window elapsed_ms=0.000 reason_code=cache_reused_without_validation
2026-08-25 22:20:53.080 | DEBUG    | winwatt_automation.live_ui.app_connector:get_cached_main_window:565 - DBG_WINWATT_CACHE_GET reason_code=cache_reused_without_validation payload={'wrapper_type': 'UIAWrapper', 'handle': 461944, 'process_id': 24008, 'title': 'WinWatt gólya', 'class_name': 'TMainForm', 'control_type': 'Window'} last_validation_age_s=0.17199999999138527 diagnostic_fast_mode=False
2026-08-25 22:20:53.080 | DEBUG    | winwatt_automation.live_ui.app_connector:get_cached_main_window:566 - DBG_PHASE_TIMING phase=get_cached_main_window elapsed_ms=0.000 reason_code=cache_reused_without_validation
2026-08-25 22:20:53.089 | DEBUG    | winwatt_automation.live_ui.app_connector:get_cached_main_window:565 - DBG_WINWATT_CACHE_GET reason_code=cache_reused_without_validation payload={'wrapper_type': 'UIAWrapper', 'handle': 461944, 'process_id': 24008, 'title': 'WinWatt gólya', 'class_name': 'TMainForm', 'control_type': 'Window'} last_validation_age_s=0.17199999999138527 diagnostic_fast_mode=False
2026-08-25 22:20:53.089 | DEBUG    | winwatt_automation.live_ui.app_connector:get_cached_main_window:566 - DBG_PHASE_TIMING phase=get_cached_main_window elapsed_ms=0.000 reason_code=cache_reused_without_validation
2026-08-25 22:20:53.089 | INFO     | winwatt_automation.live_ui.menu_helpers:_menu_items:1101 - DBG_MENU_ITEMS_SUMMARY total_items=7 visible_items=7 topbar_band=(0, 0, 409, 53) topbar_band_visible_count=7 popup_region_visible_count=0 force_refresh=False handle=461944
2026-08-25 22:20:53.089 | DEBUG    | winwatt_automation.live_ui.menu_helpers:_menu_items:1111 - Discovered 7 MenuItem controls
2026-08-25 22:20:53.089 | DEBUG    | winwatt_automation.live_ui.menu_helpers:_log_phase_timing:83 - DBG_PHASE_TIMING phase=_menu_items elapsed_ms=0.000 force_refresh=False total_items=7 visible_items=7
2026-08-25 22:20:53.089 | DEBUG    | winwatt_automation.live_ui.menu_helpers:_log_popup_fragment:499 - DBG_MENU_FRAGMENT_MAIN_WINDOW source_scope=main_window control_type=MenuItem class_name= text='Rendszer' rectangle={'left': 0, 'top': 0, 'right': 28, 'bottom': 28} center=(14, 14) process_id=24008 native_handle=None topbar_candidate=True popup_candidate=False
2026-08-25 22:20:53.089 | DEBUG    | winwatt_automation.live_ui.menu_helpers:_log_popup_fragment:499 - DBG_MENU_FRAGMENT_MAIN_WINDOW source_scope=main_window control_type=MenuItem class_name= text='Fájl' rectangle={'left': 0, 'top': 29, 'right': 40, 'bottom': 53} center=(20, 41) process_id=24008 native_handle=None topbar_candidate=True popup_candidate=False
2026-08-25 22:20:53.089 | DEBUG    | winwatt_automation.live_ui.menu_helpers:_log_popup_fragment:499 - DBG_MENU_FRAGMENT_MAIN_WINDOW source_scope=main_window control_type=MenuItem class_name= text='Jegyzékek' rectangle={'left': 40, 'top': 29, 'right': 123, 'bottom': 53} center=(81, 41) process_id=24008 native_handle=None topbar_candidate=True popup_candidate=False
2026-08-25 22:20:53.089 | DEBUG    | winwatt_automation.live_ui.menu_helpers:_log_popup_fragment:499 - DBG_MENU_FRAGMENT_MAIN_WINDOW source_scope=main_window control_type=MenuItem class_name= text='Adatbázis...' rectangle={'left': 123, 'top': 29, 'right': 216, 'bottom': 53} center=(169, 41) process_id=24008 native_handle=None topbar_candidate=True popup_candidate=False
2026-08-25 22:20:53.089 | DEBUG    | winwatt_automation.live_ui.menu_helpers:_log_popup_fragment:499 - DBG_MENU_FRAGMENT_MAIN_WINDOW source_scope=main_window control_type=MenuItem class_name= text='Beállítások' rectangle={'left': 215, 'top': 29, 'right': 303, 'bottom': 53} center=(259, 41) process_id=24008 native_handle=None topbar_candidate=True popup_candidate=False
2026-08-25 22:20:53.089 | DEBUG    | winwatt_automation.live_ui.menu_helpers:_log_popup_fragment:499 - DBG_MENU_FRAGMENT_MAIN_WINDOW source_scope=main_window control_type=MenuItem class_name= text='Ablak' rectangle={'left': 303, 'top': 29, 'right': 358, 'bottom': 53} center=(330, 41) process_id=24008 native_handle=None topbar_candidate=True popup_candidate=False
2026-08-25 22:20:53.089 | DEBUG    | winwatt_automation.live_ui.menu_helpers:_log_popup_fragment:499 - DBG_MENU_FRAGMENT_MAIN_WINDOW source_scope=main_window control_type=MenuItem class_name= text='Súgó' rectangle={'left': 358, 'top': 29, 'right': 409, 'bottom': 53} center=(383, 41) process_id=24008 native_handle=None topbar_candidate=True popup_candidate=False
2026-08-25 22:20:53.089 | DEBUG    | winwatt_automation.live_ui.menu_helpers:_menu_like_controls_from_main_window:1599 - DBG_MENU_FRAGMENT_SOURCE_SUMMARY source_scope=main_window count=7
2026-08-25 22:20:53.089 | DEBUG    | winwatt_automation.live_ui.app_connector:get_cached_main_window:565 - DBG_WINWATT_CACHE_GET reason_code=cache_reused_without_validation payload={'wrapper_type': 'UIAWrapper', 'handle': 461944, 'process_id': 24008, 'title': 'WinWatt gólya', 'class_name': 'TMainForm', 'control_type': 'Window'} last_validation_age_s=0.17199999999138527 diagnostic_fast_mode=False
2026-08-25 22:20:53.089 | DEBUG    | winwatt_automation.live_ui.app_connector:get_cached_main_window:566 - DBG_PHASE_TIMING phase=get_cached_main_window elapsed_ms=0.000 reason_code=cache_reused_without_validation
2026-08-25 22:20:53.089 | DEBUG    | winwatt_automation.live_ui.app_connector:get_cached_main_window:565 - DBG_WINWATT_CACHE_GET reason_code=cache_reused_without_validation payload={'wrapper_type': 'UIAWrapper', 'handle': 461944, 'process_id': 24008, 'title': 'WinWatt gólya', 'class_name': 'TMainForm', 'control_type': 'Window'} last_validation_age_s=0.17199999999138527 diagnostic_fast_mode=False
2026-08-25 22:20:53.089 | DEBUG    | winwatt_automation.live_ui.app_connector:get_cached_main_window:566 - DBG_PHASE_TIMING phase=get_cached_main_window elapsed_ms=0.000 reason_code=cache_reused_without_validation
2026-08-25 22:20:53.572 | DEBUG    | winwatt_automation.live_ui.menu_helpers:_log_popup_fragment:499 - DBG_MENU_FRAGMENT_GLOBAL_SCAN source_scope=global_process_scan control_type=MenuItem class_name= text='Rendszer' rectangle={'left': 970, 'top': 388, 'right': 998, 'bottom': 416} center=(984, 402) process_id=24008 native_handle=None topbar_candidate=False popup_candidate=True
2026-08-25 22:20:53.620 | DEBUG    | winwatt_automation.live_ui.menu_helpers:_log_popup_fragment:499 - DBG_MENU_FRAGMENT_GLOBAL_SCAN source_scope=global_process_scan control_type=MenuItem class_name= text='Rendszer' rectangle={'left': 0, 'top': 0, 'right': 28, 'bottom': 28} center=(14, 14) process_id=24008 native_handle=None topbar_candidate=True popup_candidate=False
2026-08-25 22:20:53.620 | DEBUG    | winwatt_automation.live_ui.menu_helpers:_log_popup_fragment:499 - DBG_MENU_FRAGMENT_GLOBAL_SCAN source_scope=global_process_scan control_type=MenuItem class_name= text='Fájl' rectangle={'left': 0, 'top': 29, 'right': 40, 'bottom': 53} center=(20, 41) process_id=24008 native_handle=None topbar_candidate=True popup_candidate=False
2026-08-25 22:20:53.620 | DEBUG    | winwatt_automation.live_ui.menu_helpers:_log_popup_fragment:499 - DBG_MENU_FRAGMENT_GLOBAL_SCAN source_scope=global_process_scan control_type=MenuItem class_name= text='Jegyzékek' rectangle={'left': 40, 'top': 29, 'right': 123, 'bottom': 53} center=(81, 41) process_id=24008 native_handle=None topbar_candidate=True popup_candidate=False
2026-08-25 22:20:53.620 | DEBUG    | winwatt_automation.live_ui.menu_helpers:_log_popup_fragment:499 - DBG_MENU_FRAGMENT_GLOBAL_SCAN source_scope=global_process_scan control_type=MenuItem class_name= text='Adatbázis...' rectangle={'left': 123, 'top': 29, 'right': 216, 'bottom': 53} center=(169, 41) process_id=24008 native_handle=None topbar_candidate=True popup_candidate=False
2026-08-25 22:20:53.620 | DEBUG    | winwatt_automation.live_ui.menu_helpers:_log_popup_fragment:499 - DBG_MENU_FRAGMENT_GLOBAL_SCAN source_scope=global_process_scan control_type=MenuItem class_name= text='Beállítások' rectangle={'left': 215, 'top': 29, 'right': 303, 'bottom': 53} center=(259, 41) process_id=24008 native_handle=None topbar_candidate=True popup_candidate=False
2026-08-25 22:20:53.620 | DEBUG    | winwatt_automation.live_ui.menu_helpers:_log_popup_fragment:499 - DBG_MENU_FRAGMENT_GLOBAL_SCAN source_scope=global_process_scan control_type=MenuItem class_name= text='Ablak' rectangle={'left': 303, 'top': 29, 'right': 358, 'bottom': 53} center=(330, 41) process_id=24008 native_handle=None topbar_candidate=True popup_candidate=False
2026-08-25 22:20:53.620 | DEBUG    | winwatt_automation.live_ui.menu_helpers:_log_popup_fragment:499 - DBG_MENU_FRAGMENT_GLOBAL_SCAN source_scope=global_process_scan control_type=MenuItem class_name= text='Súgó' rectangle={'left': 358, 'top': 29, 'right': 409, 'bottom': 53} center=(383, 41) process_id=24008 native_handle=None topbar_candidate=True popup_candidate=False
2026-08-25 22:20:53.620 | DEBUG    | winwatt_automation.live_ui.menu_helpers:_menu_like_controls_from_global_process_scan:1631 - DBG_MENU_FRAGMENT_SOURCE_SUMMARY source_scope=global_process_scan count=8 process_id=24008
2026-08-25 22:20:53.620 | DEBUG    | winwatt_automation.live_ui.app_connector:get_cached_main_window:565 - DBG_WINWATT_CACHE_GET reason_code=cache_reused_without_validation payload={'wrapper_type': 'UIAWrapper', 'handle': 461944, 'process_id': 24008, 'title': 'WinWatt gólya', 'class_name': 'TMainForm', 'control_type': 'Window'} last_validation_age_s=0.7030000000086147 diagnostic_fast_mode=False
2026-08-25 22:20:53.620 | DEBUG    | winwatt_automation.live_ui.app_connector:get_cached_main_window:566 - DBG_PHASE_TIMING phase=get_cached_main_window elapsed_ms=0.000 reason_code=cache_reused_without_validation
2026-08-25 22:20:53.826 | DEBUG    | winwatt_automation.live_ui.menu_helpers:capture_menu_popup_snapshot:1682 - DBG_POPUP_ROW_DEDUPE rect={'left': 0, 'top': 0, 'right': 28, 'bottom': 28} normalized_text=rendszer class_name= source_scope=main_window deduplicated=False
2026-08-25 22:20:53.826 | DEBUG    | winwatt_automation.live_ui.menu_helpers:capture_menu_popup_snapshot:1682 - DBG_POPUP_ROW_DEDUPE rect={'left': 0, 'top': 29, 'right': 40, 'bottom': 53} normalized_text=fájl class_name= source_scope=main_window deduplicated=False
2026-08-25 22:20:53.838 | DEBUG    | winwatt_automation.live_ui.menu_helpers:capture_menu_popup_snapshot:1682 - DBG_POPUP_ROW_DEDUPE rect={'left': 40, 'top': 29, 'right': 123, 'bottom': 53} normalized_text=jegyzékek class_name= source_scope=main_window deduplicated=False
2026-08-25 22:20:53.838 | DEBUG    | winwatt_automation.live_ui.menu_helpers:capture_menu_popup_snapshot:1682 - DBG_POPUP_ROW_DEDUPE rect={'left': 123, 'top': 29, 'right': 216, 'bottom': 53} normalized_text=adatbázis... class_name= source_scope=main_window deduplicated=False
2026-08-25 22:20:53.838 | DEBUG    | winwatt_automation.live_ui.menu_helpers:capture_menu_popup_snapshot:1682 - DBG_POPUP_ROW_DEDUPE rect={'left': 215, 'top': 29, 'right': 303, 'bottom': 53} normalized_text=beállítások class_name= source_scope=main_window deduplicated=False
2026-08-25 22:20:53.838 | DEBUG    | winwatt_automation.live_ui.menu_helpers:capture_menu_popup_snapshot:1682 - DBG_POPUP_ROW_DEDUPE rect={'left': 303, 'top': 29, 'right': 358, 'bottom': 53} normalized_text=ablak class_name= source_scope=main_window deduplicated=False
2026-08-25 22:20:53.838 | DEBUG    | winwatt_automation.live_ui.menu_helpers:capture_menu_popup_snapshot:1682 - DBG_POPUP_ROW_DEDUPE rect={'left': 358, 'top': 29, 'right': 409, 'bottom': 53} normalized_text=súgó class_name= source_scope=main_window deduplicated=False
2026-08-25 22:20:53.838 | DEBUG    | winwatt_automation.live_ui.menu_helpers:capture_menu_popup_snapshot:1682 - DBG_POPUP_ROW_DEDUPE rect={'left': 970, 'top': 388, 'right': 998, 'bottom': 416} normalized_text=rendszer class_name= source_scope=global_process_scan deduplicated=False
2026-08-25 22:20:53.838 | DEBUG    | winwatt_automation.live_ui.menu_helpers:capture_menu_popup_snapshot:1682 - DBG_POPUP_ROW_DEDUPE rect={'left': 0, 'top': 0, 'right': 28, 'bottom': 28} normalized_text=rendszer class_name= source_scope=global_process_scan deduplicated=False
2026-08-25 22:20:53.838 | DEBUG    | winwatt_automation.live_ui.menu_helpers:capture_menu_popup_snapshot:1682 - DBG_POPUP_ROW_DEDUPE rect={'left': 0, 'top': 29, 'right': 40, 'bottom': 53} normalized_text=fájl class_name= source_scope=global_process_scan deduplicated=False
2026-08-25 22:20:53.838 | DEBUG    | winwatt_automation.live_ui.menu_helpers:capture_menu_popup_snapshot:1682 - DBG_POPUP_ROW_DEDUPE rect={'left': 40, 'top': 29, 'right': 123, 'bottom': 53} normalized_text=jegyzékek class_name= source_scope=global_process_scan deduplicated=False
2026-08-25 22:20:53.838 | DEBUG    | winwatt_automation.live_ui.menu_helpers:capture_menu_popup_snapshot:1682 - DBG_POPUP_ROW_DEDUPE rect={'left': 123, 'top': 29, 'right': 216, 'bottom': 53} normalized_text=adatbázis... class_name= source_scope=global_process_scan deduplicated=False
2026-08-25 22:20:53.838 | DEBUG    | winwatt_automation.live_ui.menu_helpers:capture_menu_popup_snapshot:1682 - DBG_POPUP_ROW_DEDUPE rect={'left': 215, 'top': 29, 'right': 303, 'bottom': 53} normalized_text=beállítások class_name= source_scope=global_process_scan deduplicated=False
2026-08-25 22:20:53.838 | DEBUG    | winwatt_automation.live_ui.menu_helpers:capture_menu_popup_snapshot:1682 - DBG_POPUP_ROW_DEDUPE rect={'left': 303, 'top': 29, 'right': 358, 'bottom': 53} normalized_text=ablak class_name= source_scope=global_process_scan deduplicated=False
2026-08-25 22:20:53.838 | DEBUG    | winwatt_automation.live_ui.menu_helpers:capture_menu_popup_snapshot:1682 - DBG_POPUP_ROW_DEDUPE rect={'left': 358, 'top': 29, 'right': 409, 'bottom': 53} normalized_text=súgó class_name= source_scope=global_process_scan deduplicated=False
2026-08-25 22:20:53.838 | INFO     | winwatt_automation.live_ui.menu_helpers:capture_menu_popup_snapshot:1724 - POPUP_SNAPSHOT_SUMMARY main_window_fragments=7 global_scan_fragments=8 deduped_fragments=15 topbar_like=12 popup_like=1 empty_text=0 topbar_band=(0, 29, 409, 53) empty_text_vertical_cluster_detected=False accepted_popup_rows=0 popup_heuristic=candidate_count_below_threshold
2026-08-25 22:20:53.838 | DEBUG    | winwatt_automation.live_ui.menu_helpers:capture_menu_popup_snapshot:1737 - Captured menu snapshot rows=15
2026-08-25 22:20:53.838 | DEBUG    | winwatt_automation.live_ui.menu_helpers:_log_phase_timing:83 - DBG_PHASE_TIMING phase=capture_menu_popup_snapshot elapsed_ms=813.000 main_rows=7 global_rows=8 unique_rows=15 diagnostic_fast_mode=False
2026-08-25 22:20:53.842 | DEBUG    | winwatt_automation.live_ui.app_connector:get_cached_main_window:565 - DBG_WINWATT_CACHE_GET reason_code=cache_reused_without_validation payload={'wrapper_type': 'UIAWrapper', 'handle': 461944, 'process_id': 24008, 'title': 'WinWatt gólya', 'class_name': 'TMainForm', 'control_type': 'Window'} last_validation_age_s=0.9219999999913853 diagnostic_fast_mode=False
2026-08-25 22:20:53.842 | DEBUG    | winwatt_automation.live_ui.app_connector:get_cached_main_window:566 - DBG_PHASE_TIMING phase=get_cached_main_window elapsed_ms=15.000 reason_code=cache_reused_without_validation
2026-08-25 22:20:54.054 | DEBUG    | winwatt_automation.live_ui.app_connector:get_cached_main_window:565 - DBG_WINWATT_CACHE_GET reason_code=cache_reused_without_validation payload={'wrapper_type': 'UIAWrapper', 'handle': 461944, 'process_id': 24008, 'title': 'WinWatt gólya', 'class_name': 'TMainForm', 'control_type': 'Window'} last_validation_age_s=1.1410000000032596 diagnostic_fast_mode=False
2026-08-25 22:20:54.054 | DEBUG    | winwatt_automation.live_ui.app_connector:get_cached_main_window:566 - DBG_PHASE_TIMING phase=get_cached_main_window elapsed_ms=0.000 reason_code=cache_reused_without_validation
2026-08-25 22:20:54.063 | DEBUG    | winwatt_automation.live_ui.app_connector:get_cached_main_window:565 - DBG_WINWATT_CACHE_GET reason_code=cache_reused_without_validation payload={'wrapper_type': 'UIAWrapper', 'handle': 461944, 'process_id': 24008, 'title': 'WinWatt gólya', 'class_name': 'TMainForm', 'control_type': 'Window'} last_validation_age_s=1.1410000000032596 diagnostic_fast_mode=False
2026-08-25 22:20:54.063 | DEBUG    | winwatt_automation.live_ui.app_connector:get_cached_main_window:566 - DBG_PHASE_TIMING phase=get_cached_main_window elapsed_ms=15.000 reason_code=cache_reused_without_validation
2026-08-25 22:20:54.453 | INFO     | winwatt_automation.live_ui.menu_helpers:_menu_items:1101 - DBG_MENU_ITEMS_SUMMARY total_items=7 visible_items=7 topbar_band=(0, 0, 409, 53) topbar_band_visible_count=7 popup_region_visible_count=0 force_refresh=True handle=461944
2026-08-25 22:20:54.453 | DEBUG    | winwatt_automation.live_ui.menu_helpers:_menu_items:1111 - Discovered 7 MenuItem controls
2026-08-25 22:20:54.453 | DEBUG    | winwatt_automation.live_ui.menu_helpers:_log_phase_timing:83 - DBG_PHASE_TIMING phase=_menu_items elapsed_ms=406.000 force_refresh=True total_items=7 visible_items=7
2026-08-25 22:20:54.478 | INFO     | winwatt_automation.live_ui.menu_helpers:list_top_menu_items:1141 - Top-level menu items (raw): ['Rendszer', 'Fájl', 'Jegyzékek', 'Adatbázis...', 'Beállítások', 'Ablak', 'Súgó']
2026-08-25 22:20:54.478 | DEBUG    | winwatt_automation.live_ui.menu_helpers:_log_phase_timing:83 - DBG_PHASE_TIMING phase=list_top_menu_items elapsed_ms=421.000 count=7
2026-08-25 22:20:54.478 | INFO     | winwatt_automation.runtime_mapping.program_mapper:_run_action_evidence_probe:3030 - ACTION_OUTCOME_RECLASSIFIED state=no_project top_menu=Fájl path=['Fájl', 'Végrehajtás'] from=no_visible_change to=dialog_opened
2026-08-25 22:20:54.478 | INFO     | winwatt_automation.runtime_mapping.program_mapper:_run_action_evidence_probe:3031 - ACTION_EVIDENCE_PROBE_RESULT state=no_project top_menu=Fájl path=['Fájl', 'Végrehajtás'] row_index=0 result_type=dialog_opened evidence={'popup_row_count_before': 0, 'visible_item_count_before': 0, 'foreground_title_before': 'Projekt létrehozása', 'foreground_class_before': '#32770', 'main_window_enabled_before': False, 'popup_row_count_after': 15, 'visible_item_count_after': 15, 'foreground_title_after': 'Projekt létrehozása', 'foreground_class_after': '#32770', 'main_window_enabled_after': False, 'new_dialog_detected': True, 'popup_closed': False, 'child_popup_opened': False, 'menu_selection_highlight_changed': True, 'click_exception': None, 'evidence_strength': 'strong', 'placeholder_geometry_signature': None, 'placeholder_geometry_stable': False, 'textual_child_rows_detected': False, 'popup_closed_without_dialog': False, 'popup_closed_with_foreground_change': False, 'focus_changed_without_dialog': False, 'result_type': 'dialog_opened'}
2026-08-25 22:20:54.478 | INFO     | winwatt_automation.runtime_mapping.program_mapper:_evaluate_action_admission:1991 - ACTION_ADMISSION_ACCEPTED top_menu=Fájl path=['Fájl', 'Végrehajtás'] traversal_depth=1 reason=interaction_evidence:dialog_opened classification=executes_command result_type=dialog_opened placeholder=False text_confidence=medium raw_text_sources=['legacy_text'] skip_reason=None
2026-08-25 22:20:54.478 | INFO     | winwatt_automation.runtime_mapping.program_mapper:explore_menu_tree:4155 - ACTION_ADMISSION_ACCEPTED_WITH_PROBE top_menu=Fájl path=['Fájl', 'Végrehajtás'] traversal_depth=1 reason=interaction_evidence:dialog_opened probe_result_type=dialog_opened evidence_strength=strong
2026-08-25 22:20:54.478 | INFO     | winwatt_automation.runtime_mapping.program_mapper:_build_action_catalog_entry:1851 - ACTION_CATALOG_ENTRY state_path=['Fájl', 'Végrehajtás'] entry={'path': ['Fájl', 'Végrehajtás'], 'action_type': 'no_effect', 'action_state_classification': 'executes_command', 'opens_modal': False, 'opens_submenu': False, 'changes_menu_state': False, 'opens_project_and_changes_runtime_state': False, 'traversal_depth': 1, 'treat_as_navigation': False, 'expand_children': False, 'retry_on_next_pass': False}
2026-08-25 22:20:54.478 | DEBUG    | winwatt_automation.runtime_mapping.program_mapper:explore_menu_tree:3701 - visited path skip state=no_project path=('fájl', 'végrehajtás')
2026-08-25 22:20:54.478 | DEBUG    | winwatt_automation.runtime_mapping.program_mapper:_row_to_node:812 - RAW_MENU_TITLE="[unlabeled row 2]" NORMALIZED_MENU_TITLE="[unlabeled row 2]"
2026-08-25 22:20:54.478 | DEBUG    | winwatt_automation.runtime_mapping.program_mapper:_row_to_node:875 - _row_to_node state=no_project top_menu=Fájl level=1 index=2 title=[unlabeled row 2] placeholder=True classification=skipped_by_safety
2026-08-25 22:20:54.478 | DEBUG    | winwatt_automation.runtime_mapping.program_mapper:_log_phase_timing:281 - DBG_PHASE_TIMING phase=_row_to_node elapsed_ms=0.000 top_menu=Fájl level=1 index=2 title=[unlabeled row 2] placeholder=True
2026-08-25 22:20:54.494 | DEBUG    | winwatt_automation.live_ui.app_connector:get_cached_main_window:565 - DBG_WINWATT_CACHE_GET reason_code=cache_reused_without_validation payload={'wrapper_type': 'UIAWrapper', 'handle': 461944, 'process_id': 24008, 'title': 'WinWatt gólya', 'class_name': 'TMainForm', 'control_type': 'Window'} last_validation_age_s=1.562000000005355 diagnostic_fast_mode=False
2026-08-25 22:20:54.494 | DEBUG    | winwatt_automation.live_ui.app_connector:get_cached_main_window:566 - DBG_PHASE_TIMING phase=get_cached_main_window elapsed_ms=16.000 reason_code=cache_reused_without_validation
2026-08-25 22:20:54.654 | DEBUG    | winwatt_automation.live_ui.app_connector:get_cached_main_window:565 - DBG_WINWATT_CACHE_GET reason_code=cache_reused_without_validation payload={'wrapper_type': 'UIAWrapper', 'handle': 461944, 'process_id': 24008, 'title': 'WinWatt gólya', 'class_name': 'TMainForm', 'control_type': 'Window'} last_validation_age_s=1.75 diagnostic_fast_mode=False
2026-08-25 22:20:54.654 | DEBUG    | winwatt_automation.live_ui.app_connector:get_cached_main_window:566 - DBG_PHASE_TIMING phase=get_cached_main_window elapsed_ms=0.000 reason_code=cache_reused_without_validation
2026-08-25 22:20:54.669 | DEBUG    | winwatt_automation.live_ui.app_connector:get_cached_main_window:565 - DBG_WINWATT_CACHE_GET reason_code=cache_reused_without_validation payload={'wrapper_type': 'UIAWrapper', 'handle': 461944, 'process_id': 24008, 'title': 'WinWatt gólya', 'class_name': 'TMainForm', 'control_type': 'Window'} last_validation_age_s=1.75 diagnostic_fast_mode=False
2026-08-25 22:20:54.669 | DEBUG    | winwatt_automation.live_ui.app_connector:get_cached_main_window:566 - DBG_PHASE_TIMING phase=get_cached_main_window elapsed_ms=0.000 reason_code=cache_reused_without_validation
2026-08-25 22:20:55.050 | INFO     | winwatt_automation.live_ui.menu_helpers:_menu_items:1101 - DBG_MENU_ITEMS_SUMMARY total_items=7 visible_items=7 topbar_band=(0, 0, 409, 53) topbar_band_visible_count=7 popup_region_visible_count=0 force_refresh=True handle=461944
2026-08-25 22:20:55.050 | DEBUG    | winwatt_automation.live_ui.menu_helpers:_menu_items:1111 - Discovered 7 MenuItem controls
2026-08-25 22:20:55.050 | DEBUG    | winwatt_automation.live_ui.menu_helpers:_log_phase_timing:83 - DBG_PHASE_TIMING phase=_menu_items elapsed_ms=391.000 force_refresh=True total_items=7 visible_items=7
2026-08-25 22:20:55.097 | INFO     | winwatt_automation.live_ui.menu_helpers:list_top_menu_items:1141 - Top-level menu items (raw): ['Rendszer', 'Fájl', 'Jegyzékek', 'Adatbázis...', 'Beállítások', 'Ablak', 'Súgó']
2026-08-25 22:20:55.097 | DEBUG    | winwatt_automation.live_ui.menu_helpers:_log_phase_timing:83 - DBG_PHASE_TIMING phase=list_top_menu_items elapsed_ms=437.000 count=7
2026-08-25 22:20:55.100 | INFO     | winwatt_automation.runtime_mapping.program_mapper:_evaluate_action_admission:1969 - ACTION_ADMISSION_REJECTED top_menu=Fájl path=['Fájl', '[unlabeled row 2]'] traversal_depth=1 reason=disabled_menu_item classification=unknown result_type=no_observable_effect placeholder=True text_confidence=none raw_text_sources=[] skip_reason=None
2026-08-25 22:20:55.100 | INFO     | winwatt_automation.runtime_mapping.program_mapper:_evaluate_action_admission:1982 - ACTION_STRUCTURE_ONLY_ROW top_menu=Fájl path=['Fájl', '[unlabeled row 2]'] traversal_depth=1 reason=disabled_menu_item
2026-08-25 22:20:55.100 | DEBUG    | winwatt_automation.runtime_mapping.program_mapper:_row_to_node:812 - RAW_MENU_TITLE="[unlabeled row 3]" NORMALIZED_MENU_TITLE="[unlabeled row 3]"
2026-08-25 22:20:55.100 | DEBUG    | winwatt_automation.runtime_mapping.program_mapper:_row_to_node:875 - _row_to_node state=no_project top_menu=Fájl level=1 index=3 title=[unlabeled row 3] placeholder=True classification=skipped_by_safety
2026-08-25 22:20:55.102 | DEBUG    | winwatt_automation.runtime_mapping.program_mapper:_log_phase_timing:281 - DBG_PHASE_TIMING phase=_row_to_node elapsed_ms=0.000 top_menu=Fájl level=1 index=3 title=[unlabeled row 3] placeholder=True
2026-08-25 22:20:55.104 | DEBUG    | winwatt_automation.live_ui.app_connector:get_cached_main_window:565 - DBG_WINWATT_CACHE_GET reason_code=cache_reused_without_validation payload={'wrapper_type': 'UIAWrapper', 'handle': 461944, 'process_id': 24008, 'title': 'WinWatt gólya', 'class_name': 'TMainForm', 'control_type': 'Window'} last_validation_age_s=2.187000000005355 diagnostic_fast_mode=False
2026-08-25 22:20:55.106 | DEBUG    | winwatt_automation.live_ui.app_connector:get_cached_main_window:566 - DBG_PHASE_TIMING phase=get_cached_main_window elapsed_ms=16.000 reason_code=cache_reused_without_validation
2026-08-25 22:20:55.325 | DEBUG    | winwatt_automation.live_ui.app_connector:get_cached_main_window:565 - DBG_WINWATT_CACHE_GET reason_code=cache_reused_without_validation payload={'wrapper_type': 'UIAWrapper', 'handle': 461944, 'process_id': 24008, 'title': 'WinWatt gólya', 'class_name': 'TMainForm', 'control_type': 'Window'} last_validation_age_s=2.4060000000172295 diagnostic_fast_mode=False
2026-08-25 22:20:55.333 | DEBUG    | winwatt_automation.live_ui.app_connector:get_cached_main_window:566 - DBG_PHASE_TIMING phase=get_cached_main_window elapsed_ms=16.000 reason_code=cache_reused_without_validation
2026-08-25 22:20:55.335 | DEBUG    | winwatt_automation.live_ui.app_connector:get_cached_main_window:565 - DBG_WINWATT_CACHE_GET reason_code=cache_reused_without_validation payload={'wrapper_type': 'UIAWrapper', 'handle': 461944, 'process_id': 24008, 'title': 'WinWatt gólya', 'class_name': 'TMainForm', 'control_type': 'Window'} last_validation_age_s=2.4219999999913853 diagnostic_fast_mode=False
2026-08-25 22:20:55.335 | DEBUG    | winwatt_automation.live_ui.app_connector:get_cached_main_window:566 - DBG_PHASE_TIMING phase=get_cached_main_window elapsed_ms=0.000 reason_code=cache_reused_without_validation
2026-08-25 22:20:55.729 | INFO     | winwatt_automation.live_ui.menu_helpers:_menu_items:1101 - DBG_MENU_ITEMS_SUMMARY total_items=7 visible_items=7 topbar_band=(0, 0, 409, 53) topbar_band_visible_count=7 popup_region_visible_count=0 force_refresh=True handle=461944
2026-08-25 22:20:55.729 | DEBUG    | winwatt_automation.live_ui.menu_helpers:_menu_items:1111 - Discovered 7 MenuItem controls
2026-08-25 22:20:55.729 | DEBUG    | winwatt_automation.live_ui.menu_helpers:_log_phase_timing:83 - DBG_PHASE_TIMING phase=_menu_items elapsed_ms=406.000 force_refresh=True total_items=7 visible_items=7
2026-08-25 22:20:55.775 | INFO     | winwatt_automation.live_ui.menu_helpers:list_top_menu_items:1141 - Top-level menu items (raw): ['Rendszer', 'Fájl', 'Jegyzékek', 'Adatbázis...', 'Beállítások', 'Ablak', 'Súgó']
2026-08-25 22:20:55.775 | DEBUG    | winwatt_automation.live_ui.menu_helpers:_log_phase_timing:83 - DBG_PHASE_TIMING phase=list_top_menu_items elapsed_ms=453.000 count=7
2026-08-25 22:20:55.775 | INFO     | winwatt_automation.runtime_mapping.program_mapper:_evaluate_action_admission:1969 - ACTION_ADMISSION_REJECTED top_menu=Fájl path=['Fájl', '[unlabeled row 3]'] traversal_depth=1 reason=disabled_menu_item classification=unknown result_type=no_observable_effect placeholder=True text_confidence=none raw_text_sources=[] skip_reason=None
2026-08-25 22:20:55.775 | INFO     | winwatt_automation.runtime_mapping.program_mapper:_evaluate_action_admission:1982 - ACTION_STRUCTURE_ONLY_ROW top_menu=Fájl path=['Fájl', '[unlabeled row 3]'] traversal_depth=1 reason=disabled_menu_item
2026-08-25 22:20:55.775 | DEBUG    | winwatt_automation.runtime_mapping.program_mapper:explore_menu_tree:3701 - visited path skip state=no_project path=('fájl', 'végrehajtás')
2026-08-25 22:20:55.775 | DEBUG    | winwatt_automation.runtime_mapping.program_mapper:_row_to_node:812 - RAW_MENU_TITLE="[unlabeled row 5]" NORMALIZED_MENU_TITLE="[unlabeled row 5]"
2026-08-25 22:20:55.775 | DEBUG    | winwatt_automation.runtime_mapping.program_mapper:_row_to_node:875 - _row_to_node state=no_project top_menu=Fájl level=1 index=5 title=[unlabeled row 5] placeholder=True classification=skipped_by_safety
2026-08-25 22:20:55.775 | DEBUG    | winwatt_automation.runtime_mapping.program_mapper:_log_phase_timing:281 - DBG_PHASE_TIMING phase=_row_to_node elapsed_ms=0.000 top_menu=Fájl level=1 index=5 title=[unlabeled row 5] placeholder=True
2026-08-25 22:20:55.780 | DEBUG    | winwatt_automation.live_ui.app_connector:get_cached_main_window:565 - DBG_WINWATT_CACHE_GET reason_code=cache_reused_without_validation payload={'wrapper_type': 'UIAWrapper', 'handle': 461944, 'process_id': 24008, 'title': 'WinWatt gólya', 'class_name': 'TMainForm', 'control_type': 'Window'} last_validation_age_s=2.8589999999967404 diagnostic_fast_mode=False
2026-08-25 22:20:55.781 | DEBUG    | winwatt_automation.live_ui.app_connector:get_cached_main_window:566 - DBG_PHASE_TIMING phase=get_cached_main_window elapsed_ms=16.000 reason_code=cache_reused_without_validation
2026-08-25 22:20:55.986 | DEBUG    | winwatt_automation.live_ui.app_connector:get_cached_main_window:565 - DBG_WINWATT_CACHE_GET reason_code=cache_reused_without_validation payload={'wrapper_type': 'UIAWrapper', 'handle': 461944, 'process_id': 24008, 'title': 'WinWatt gólya', 'class_name': 'TMainForm', 'control_type': 'Window'} last_validation_age_s=3.062000000005355 diagnostic_fast_mode=False
2026-08-25 22:20:55.986 | DEBUG    | winwatt_automation.live_ui.app_connector:get_cached_main_window:566 - DBG_PHASE_TIMING phase=get_cached_main_window elapsed_ms=16.000 reason_code=cache_reused_without_validation
2026-08-25 22:20:55.986 | DEBUG    | winwatt_automation.live_ui.app_connector:get_cached_main_window:565 - DBG_WINWATT_CACHE_GET reason_code=cache_reused_without_validation payload={'wrapper_type': 'UIAWrapper', 'handle': 461944, 'process_id': 24008, 'title': 'WinWatt gólya', 'class_name': 'TMainForm', 'control_type': 'Window'} last_validation_age_s=3.0780000000086147 diagnostic_fast_mode=False
2026-08-25 22:20:55.986 | DEBUG    | winwatt_automation.live_ui.app_connector:get_cached_main_window:566 - DBG_PHASE_TIMING phase=get_cached_main_window elapsed_ms=0.000 reason_code=cache_reused_without_validation
2026-08-25 22:20:56.380 | INFO     | winwatt_automation.live_ui.menu_helpers:_menu_items:1101 - DBG_MENU_ITEMS_SUMMARY total_items=7 visible_items=7 topbar_band=(0, 0, 409, 53) topbar_band_visible_count=7 popup_region_visible_count=0 force_refresh=True handle=461944
2026-08-25 22:20:56.380 | DEBUG    | winwatt_automation.live_ui.menu_helpers:_menu_items:1111 - Discovered 7 MenuItem controls
2026-08-25 22:20:56.380 | DEBUG    | winwatt_automation.live_ui.menu_helpers:_log_phase_timing:83 - DBG_PHASE_TIMING phase=_menu_items elapsed_ms=407.000 force_refresh=True total_items=7 visible_items=7
2026-08-25 22:20:56.414 | INFO     | winwatt_automation.live_ui.menu_helpers:list_top_menu_items:1141 - Top-level menu items (raw): ['Rendszer', 'Fájl', 'Jegyzékek', 'Adatbázis...', 'Beállítások', 'Ablak', 'Súgó']
2026-08-25 22:20:56.414 | DEBUG    | winwatt_automation.live_ui.menu_helpers:_log_phase_timing:83 - DBG_PHASE_TIMING phase=list_top_menu_items elapsed_ms=438.000 count=7
2026-08-25 22:20:56.414 | INFO     | winwatt_automation.runtime_mapping.program_mapper:_evaluate_action_admission:1969 - ACTION_ADMISSION_REJECTED top_menu=Fájl path=['Fájl', '[unlabeled row 5]'] traversal_depth=1 reason=disabled_menu_item classification=unknown result_type=no_observable_effect placeholder=True text_confidence=none raw_text_sources=[] skip_reason=None
2026-08-25 22:20:56.414 | INFO     | winwatt_automation.runtime_mapping.program_mapper:_evaluate_action_admission:1982 - ACTION_STRUCTURE_ONLY_ROW top_menu=Fájl path=['Fájl', '[unlabeled row 5]'] traversal_depth=1 reason=disabled_menu_item
2026-08-25 22:20:56.414 | DEBUG    | winwatt_automation.runtime_mapping.program_mapper:explore_menu_tree:3701 - visited path skip state=no_project path=('fájl', 'végrehajtás')
2026-08-25 22:20:56.428 | DEBUG    | winwatt_automation.runtime_mapping.program_mapper:explore_menu_tree:3701 - visited path skip state=no_project path=('fájl', 'végrehajtás')
2026-08-25 22:20:56.428 | DEBUG    | winwatt_automation.runtime_mapping.program_mapper:explore_menu_tree:3701 - visited path skip state=no_project path=('fájl', 'végrehajtás')
2026-08-25 22:20:56.428 | DEBUG    | winwatt_automation.runtime_mapping.program_mapper:_row_to_node:812 - RAW_MENU_TITLE="[unlabeled row 11]" NORMALIZED_MENU_TITLE="[unlabeled row 11]"
2026-08-25 22:20:56.428 | DEBUG    | winwatt_automation.runtime_mapping.program_mapper:_row_to_node:875 - _row_to_node state=no_project top_menu=Fájl level=1 index=11 title=[unlabeled row 11] placeholder=True classification=skipped_by_safety
2026-08-25 22:20:56.428 | DEBUG    | winwatt_automation.runtime_mapping.program_mapper:_log_phase_timing:281 - DBG_PHASE_TIMING phase=_row_to_node elapsed_ms=0.000 top_menu=Fájl level=1 index=11 title=[unlabeled row 11] placeholder=True
2026-08-25 22:20:56.428 | DEBUG    | winwatt_automation.live_ui.app_connector:get_cached_main_window:565 - DBG_WINWATT_CACHE_GET reason_code=cache_reused_without_validation payload={'wrapper_type': 'UIAWrapper', 'handle': 461944, 'process_id': 24008, 'title': 'WinWatt gólya', 'class_name': 'TMainForm', 'control_type': 'Window'} last_validation_age_s=3.5160000000032596 diagnostic_fast_mode=False
2026-08-25 22:20:56.428 | DEBUG    | winwatt_automation.live_ui.app_connector:get_cached_main_window:566 - DBG_PHASE_TIMING phase=get_cached_main_window elapsed_ms=0.000 reason_code=cache_reused_without_validation
2026-08-25 22:20:56.623 | DEBUG    | winwatt_automation.live_ui.app_connector:get_cached_main_window:565 - DBG_WINWATT_CACHE_GET reason_code=cache_reused_without_validation payload={'wrapper_type': 'UIAWrapper', 'handle': 461944, 'process_id': 24008, 'title': 'WinWatt gólya', 'class_name': 'TMainForm', 'control_type': 'Window'} last_validation_age_s=3.7190000000118744 diagnostic_fast_mode=False
2026-08-25 22:20:56.623 | DEBUG    | winwatt_automation.live_ui.app_connector:get_cached_main_window:566 - DBG_PHASE_TIMING phase=get_cached_main_window elapsed_ms=0.000 reason_code=cache_reused_without_validation
2026-08-25 22:20:56.623 | DEBUG    | winwatt_automation.live_ui.app_connector:get_cached_main_window:565 - DBG_WINWATT_CACHE_GET reason_code=cache_reused_without_validation payload={'wrapper_type': 'UIAWrapper', 'handle': 461944, 'process_id': 24008, 'title': 'WinWatt gólya', 'class_name': 'TMainForm', 'control_type': 'Window'} last_validation_age_s=3.7190000000118744 diagnostic_fast_mode=False
2026-08-25 22:20:56.623 | DEBUG    | winwatt_automation.live_ui.app_connector:get_cached_main_window:566 - DBG_PHASE_TIMING phase=get_cached_main_window elapsed_ms=0.000 reason_code=cache_reused_without_validation
2026-08-25 22:20:57.010 | INFO     | winwatt_automation.live_ui.menu_helpers:_menu_items:1101 - DBG_MENU_ITEMS_SUMMARY total_items=7 visible_items=7 topbar_band=(0, 0, 409, 53) topbar_band_visible_count=7 popup_region_visible_count=0 force_refresh=True handle=461944
2026-08-25 22:20:57.010 | DEBUG    | winwatt_automation.live_ui.menu_helpers:_menu_items:1111 - Discovered 7 MenuItem controls
2026-08-25 22:20:57.010 | DEBUG    | winwatt_automation.live_ui.menu_helpers:_log_phase_timing:83 - DBG_PHASE_TIMING phase=_menu_items elapsed_ms=375.000 force_refresh=True total_items=7 visible_items=7
2026-08-25 22:20:57.049 | INFO     | winwatt_automation.live_ui.menu_helpers:list_top_menu_items:1141 - Top-level menu items (raw): ['Rendszer', 'Fájl', 'Jegyzékek', 'Adatbázis...', 'Beállítások', 'Ablak', 'Súgó']
2026-08-25 22:20:57.050 | DEBUG    | winwatt_automation.live_ui.menu_helpers:_log_phase_timing:83 - DBG_PHASE_TIMING phase=list_top_menu_items elapsed_ms=422.000 count=7
2026-08-25 22:20:57.051 | INFO     | winwatt_automation.runtime_mapping.program_mapper:_evaluate_action_admission:1969 - ACTION_ADMISSION_REJECTED top_menu=Fájl path=['Fájl', '[unlabeled row 11]'] traversal_depth=1 reason=disabled_menu_item classification=unknown result_type=no_observable_effect placeholder=True text_confidence=none raw_text_sources=[] skip_reason=None
2026-08-25 22:20:57.051 | INFO     | winwatt_automation.runtime_mapping.program_mapper:_evaluate_action_admission:1982 - ACTION_STRUCTURE_ONLY_ROW top_menu=Fájl path=['Fájl', '[unlabeled row 11]'] traversal_depth=1 reason=disabled_menu_item
2026-08-25 22:20:57.051 | DEBUG    | winwatt_automation.runtime_mapping.program_mapper:_row_to_node:812 - RAW_MENU_TITLE="[unlabeled row 12]" NORMALIZED_MENU_TITLE="[unlabeled row 12]"
2026-08-25 22:20:57.052 | DEBUG    | winwatt_automation.runtime_mapping.program_mapper:_row_to_node:875 - _row_to_node state=no_project top_menu=Fájl level=1 index=12 title=[unlabeled row 12] placeholder=True classification=skipped_by_safety
2026-08-25 22:20:57.052 | DEBUG    | winwatt_automation.runtime_mapping.program_mapper:_log_phase_timing:281 - DBG_PHASE_TIMING phase=_row_to_node elapsed_ms=0.000 top_menu=Fájl level=1 index=12 title=[unlabeled row 12] placeholder=True
2026-08-25 22:20:57.056 | INFO     | winwatt_automation.live_ui.app_connector:is_winwatt_foreground_context:1123 - DBG_WINWATT_FOREGROUND_CONTEXT expected_handle=461944 expected_process_id=24008 expected_title=WinWatt gólya expected_class_name=TMainForm actual_foreground_handle=724028 actual_foreground_process_id=24008 actual_foreground_title=Projekt létrehozása actual_foreground_class_name=#32770 allow_dialog=True result_reason=pid_match_allow_dialog
2026-08-25 22:20:57.058 | INFO     | winwatt_automation.live_ui.app_connector:_cached_window_health_status:489 - DBG_WINWATT_CACHE_HEALTH reason_code=healthy payload={'wrapper_type': 'UIAWrapper', 'handle': 461944, 'process_id': 24008, 'title': 'WinWatt gólya', 'class_name': 'TMainForm', 'control_type': 'Window'}
2026-08-25 22:20:57.060 | DEBUG    | winwatt_automation.live_ui.app_connector:get_cached_main_window:574 - DBG_WINWATT_CACHE_GET reason_code=cache_validated_ok payload={'wrapper_type': 'UIAWrapper', 'handle': 461944, 'process_id': 24008, 'title': 'WinWatt gólya', 'class_name': 'TMainForm', 'control_type': 'Window'} last_validation_age_s=4.14100000000326 diagnostic_fast_mode=False
2026-08-25 22:20:57.060 | DEBUG    | winwatt_automation.live_ui.app_connector:get_cached_main_window:575 - DBG_PHASE_TIMING phase=get_cached_main_window elapsed_ms=15.000 reason_code=cache_validated_ok
2026-08-25 22:20:57.265 | DEBUG    | winwatt_automation.live_ui.app_connector:get_cached_main_window:565 - DBG_WINWATT_CACHE_GET reason_code=cache_reused_without_validation payload={'wrapper_type': 'UIAWrapper', 'handle': 461944, 'process_id': 24008, 'title': 'WinWatt gólya', 'class_name': 'TMainForm', 'control_type': 'Window'} last_validation_age_s=0.20300000000861473 diagnostic_fast_mode=False
2026-08-25 22:20:57.265 | DEBUG    | winwatt_automation.live_ui.app_connector:get_cached_main_window:566 - DBG_PHASE_TIMING phase=get_cached_main_window elapsed_ms=15.000 reason_code=cache_reused_without_validation
2026-08-25 22:20:57.267 | DEBUG    | winwatt_automation.live_ui.app_connector:get_cached_main_window:565 - DBG_WINWATT_CACHE_GET reason_code=cache_reused_without_validation payload={'wrapper_type': 'UIAWrapper', 'handle': 461944, 'process_id': 24008, 'title': 'WinWatt gólya', 'class_name': 'TMainForm', 'control_type': 'Window'} last_validation_age_s=0.21799999999348074 diagnostic_fast_mode=False
2026-08-25 22:20:57.268 | DEBUG    | winwatt_automation.live_ui.app_connector:get_cached_main_window:566 - DBG_PHASE_TIMING phase=get_cached_main_window elapsed_ms=0.000 reason_code=cache_reused_without_validation
2026-08-25 22:20:57.657 | INFO     | winwatt_automation.live_ui.menu_helpers:_menu_items:1101 - DBG_MENU_ITEMS_SUMMARY total_items=7 visible_items=7 topbar_band=(0, 0, 409, 53) topbar_band_visible_count=7 popup_region_visible_count=0 force_refresh=True handle=461944
2026-08-25 22:20:57.657 | DEBUG    | winwatt_automation.live_ui.menu_helpers:_menu_items:1111 - Discovered 7 MenuItem controls
2026-08-25 22:20:57.657 | DEBUG    | winwatt_automation.live_ui.menu_helpers:_log_phase_timing:83 - DBG_PHASE_TIMING phase=_menu_items elapsed_ms=406.000 force_refresh=True total_items=7 visible_items=7
2026-08-25 22:20:57.697 | INFO     | winwatt_automation.live_ui.menu_helpers:list_top_menu_items:1141 - Top-level menu items (raw): ['Rendszer', 'Fájl', 'Jegyzékek', 'Adatbázis...', 'Beállítások', 'Ablak', 'Súgó']
2026-08-25 22:20:57.697 | DEBUG    | winwatt_automation.live_ui.menu_helpers:_log_phase_timing:83 - DBG_PHASE_TIMING phase=list_top_menu_items elapsed_ms=437.000 count=7
2026-08-25 22:20:57.698 | INFO     | winwatt_automation.runtime_mapping.program_mapper:_evaluate_action_admission:1969 - ACTION_ADMISSION_REJECTED top_menu=Fájl path=['Fájl', '[unlabeled row 12]'] traversal_depth=1 reason=disabled_menu_item classification=unknown result_type=no_observable_effect placeholder=True text_confidence=none raw_text_sources=[] skip_reason=None
2026-08-25 22:20:57.699 | INFO     | winwatt_automation.runtime_mapping.program_mapper:_evaluate_action_admission:1982 - ACTION_STRUCTURE_ONLY_ROW top_menu=Fájl path=['Fájl', '[unlabeled row 12]'] traversal_depth=1 reason=disabled_menu_item
2026-08-25 22:20:57.699 | DEBUG    | winwatt_automation.runtime_mapping.program_mapper:_row_to_node:812 - RAW_MENU_TITLE="[unlabeled row 14]" NORMALIZED_MENU_TITLE="[unlabeled row 14]"
2026-08-25 22:20:57.699 | DEBUG    | winwatt_automation.runtime_mapping.program_mapper:_row_to_node:875 - _row_to_node state=no_project top_menu=Fájl level=1 index=14 title=[unlabeled row 14] placeholder=True classification=skipped_by_safety
2026-08-25 22:20:57.700 | DEBUG    | winwatt_automation.runtime_mapping.program_mapper:_log_phase_timing:281 - DBG_PHASE_TIMING phase=_row_to_node elapsed_ms=0.000 top_menu=Fájl level=1 index=14 title=[unlabeled row 14] placeholder=True
2026-08-25 22:20:57.700 | DEBUG    | winwatt_automation.live_ui.app_connector:get_cached_main_window:565 - DBG_WINWATT_CACHE_GET reason_code=cache_reused_without_validation payload={'wrapper_type': 'UIAWrapper', 'handle': 461944, 'process_id': 24008, 'title': 'WinWatt gólya', 'class_name': 'TMainForm', 'control_type': 'Window'} last_validation_age_s=0.6400000000139698 diagnostic_fast_mode=False
2026-08-25 22:20:57.700 | DEBUG    | winwatt_automation.live_ui.app_connector:get_cached_main_window:566 - DBG_PHASE_TIMING phase=get_cached_main_window elapsed_ms=16.000 reason_code=cache_reused_without_validation
2026-08-25 22:20:57.916 | DEBUG    | winwatt_automation.live_ui.app_connector:get_cached_main_window:565 - DBG_WINWATT_CACHE_GET reason_code=cache_reused_without_validation payload={'wrapper_type': 'UIAWrapper', 'handle': 461944, 'process_id': 24008, 'title': 'WinWatt gólya', 'class_name': 'TMainForm', 'control_type': 'Window'} last_validation_age_s=0.8589999999967404 diagnostic_fast_mode=False
2026-08-25 22:20:57.916 | DEBUG    | winwatt_automation.live_ui.app_connector:get_cached_main_window:566 - DBG_PHASE_TIMING phase=get_cached_main_window elapsed_ms=0.000 reason_code=cache_reused_without_validation
2026-08-25 22:20:57.916 | DEBUG    | winwatt_automation.live_ui.app_connector:get_cached_main_window:565 - DBG_WINWATT_CACHE_GET reason_code=cache_reused_without_validation payload={'wrapper_type': 'UIAWrapper', 'handle': 461944, 'process_id': 24008, 'title': 'WinWatt gólya', 'class_name': 'TMainForm', 'control_type': 'Window'} last_validation_age_s=0.8589999999967404 diagnostic_fast_mode=False
2026-08-25 22:20:57.916 | DEBUG    | winwatt_automation.live_ui.app_connector:get_cached_main_window:566 - DBG_PHASE_TIMING phase=get_cached_main_window elapsed_ms=0.000 reason_code=cache_reused_without_validation
2026-08-25 22:20:58.322 | INFO     | winwatt_automation.live_ui.menu_helpers:_menu_items:1101 - DBG_MENU_ITEMS_SUMMARY total_items=7 visible_items=7 topbar_band=(0, 0, 409, 53) topbar_band_visible_count=7 popup_region_visible_count=0 force_refresh=True handle=461944
2026-08-25 22:20:58.322 | DEBUG    | winwatt_automation.live_ui.menu_helpers:_menu_items:1111 - Discovered 7 MenuItem controls
2026-08-25 22:20:58.322 | DEBUG    | winwatt_automation.live_ui.menu_helpers:_log_phase_timing:83 - DBG_PHASE_TIMING phase=_menu_items elapsed_ms=406.000 force_refresh=True total_items=7 visible_items=7
2026-08-25 22:20:58.356 | INFO     | winwatt_automation.live_ui.menu_helpers:list_top_menu_items:1141 - Top-level menu items (raw): ['Rendszer', 'Fájl', 'Jegyzékek', 'Adatbázis...', 'Beállítások', 'Ablak', 'Súgó']
2026-08-25 22:20:58.356 | DEBUG    | winwatt_automation.live_ui.menu_helpers:_log_phase_timing:83 - DBG_PHASE_TIMING phase=list_top_menu_items elapsed_ms=437.000 count=7
2026-08-25 22:20:58.356 | INFO     | winwatt_automation.runtime_mapping.program_mapper:_evaluate_action_admission:1969 - ACTION_ADMISSION_REJECTED top_menu=Fájl path=['Fájl', '[unlabeled row 14]'] traversal_depth=1 reason=disabled_menu_item classification=unknown result_type=no_observable_effect placeholder=True text_confidence=none raw_text_sources=[] skip_reason=None
2026-08-25 22:20:58.356 | INFO     | winwatt_automation.runtime_mapping.program_mapper:_evaluate_action_admission:1982 - ACTION_STRUCTURE_ONLY_ROW top_menu=Fájl path=['Fájl', '[unlabeled row 14]'] traversal_depth=1 reason=disabled_menu_item
2026-08-25 22:20:58.356 | INFO     | winwatt_automation.runtime_mapping.program_mapper:_log_phase_timing:279 - DBG_PHASE_TIMING phase=subtree_traversal elapsed_ms=9812.000 state_id=no_project top_menu=Fájl depth=1 rows=12 nodes=7 actions=7
2026-08-25 22:20:58.356 | INFO     | winwatt_automation.runtime_mapping.program_mapper:explore_menu_tree:4182 - ACTION_CATALOG_OUTPUT_SUMMARY state=no_project top_menu=Fájl depth=1 candidate_rows=12 probed_rows=1 admitted_after_probe=1 admitted_actions=1 still_structure_only=6 suppressed_unknown=0 placeholders_retained=6
2026-08-25 22:20:58.356 | DEBUG    | winwatt_automation.runtime_mapping.program_mapper:map_runtime_state:4327 - RAW_MENU_TITLE="Fájl" NORMALIZED_MENU_TITLE="fájl"
2026-08-25 22:20:58.356 | INFO     | winwatt_automation.runtime_mapping.program_mapper:map_runtime_state:4340 - MAP_RUNTIME_STATE_MENU_RESULT state_id=no_project top_menu=Fájl rows=12 nodes=7 actions=7 dialogs=0 windows=0 catalog=1
2026-08-25 22:20:58.369 | DEBUG    | winwatt_automation.live_ui.app_connector:get_cached_main_window:565 - DBG_WINWATT_CACHE_GET reason_code=cache_reused_without_validation payload={'wrapper_type': 'UIAWrapper', 'handle': 461944, 'process_id': 24008, 'title': 'WinWatt gólya', 'class_name': 'TMainForm', 'control_type': 'Window'} last_validation_age_s=1.2960000000020955 diagnostic_fast_mode=False
2026-08-25 22:20:58.369 | DEBUG    | winwatt_automation.live_ui.app_connector:get_cached_main_window:566 - DBG_PHASE_TIMING phase=get_cached_main_window elapsed_ms=16.000 reason_code=cache_reused_without_validation
2026-08-25 22:20:58.369 | WARNING  | winwatt_automation.runtime_mapping.program_mapper:should_restore_clean_menu_baseline:943 - baseline_restore_needed state=no_project stage=after:Fájl reason=main_window_disabled
2026-08-25 22:20:58.369 | DEBUG    | winwatt_automation.runtime_mapping.program_mapper:restore_clean_menu_baseline:960 - baseline_restore start state=no_project stage=after:Fájl
2026-08-25 22:20:58.369 | DEBUG    | winwatt_automation.live_ui.app_connector:get_cached_main_window:565 - DBG_WINWATT_CACHE_GET reason_code=cache_reused_without_validation payload={'wrapper_type': 'UIAWrapper', 'handle': 461944, 'process_id': 24008, 'title': 'WinWatt gólya', 'class_name': 'TMainForm', 'control_type': 'Window'} last_validation_age_s=1.312000000005355 diagnostic_fast_mode=False
2026-08-25 22:20:58.369 | DEBUG    | winwatt_automation.live_ui.app_connector:get_cached_main_window:566 - DBG_PHASE_TIMING phase=get_cached_main_window elapsed_ms=0.000 reason_code=cache_reused_without_validation
2026-08-25 22:20:58.369 | INFO     | winwatt_automation.live_ui.app_connector:ensure_main_window_foreground_before_click:1179 - DBG_WINWATT_FOCUS_GUARD_PRECHECK action_label=baseline_restore:no_project:after:Fájl wrapper_type=UIAWrapper cached_handle=461944 cached_pid=24008 cached_title=WinWatt gólya cached_class=TMainForm precheck_exists=False precheck_visible=True precheck_enabled=False rect={'left': -10, 'top': -10, 'right': 1930, 'bottom': 1030, 'width': 1940, 'height': 1040}
2026-08-25 22:20:58.369 | ERROR    | winwatt_automation.live_ui.app_connector:ensure_main_window_foreground_before_click:1295 - DBG_WINWATT_FOCUS_GUARD_HARD_FAIL action_label=baseline_restore:no_project:after:Fájl reason=exists_false identity_reasons=['handle', 'process_id', 'title', 'class_name', 'rect', 'visible'] cached_identity={'wrapper_type': 'UIAWrapper', 'handle': 461944, 'process_id': 24008, 'title': 'WinWatt gólya', 'class_name': 'TMainForm', 'control_type': 'Window'} rect={'left': -10, 'top': -10, 'right': 1930, 'bottom': 1030, 'width': 1940, 'height': 1040} refresh_diagnostic={'action_label': 'baseline_restore:no_project:after:Fájl', 'cached_identity': {'wrapper_type': 'UIAWrapper', 'handle': 461944, 'process_id': 24008, 'title': 'WinWatt gólya', 'class_name': 'TMainForm', 'control_type': 'Window'}, 'cached_rect': {'left': -10, 'top': -10, 'right': 1930, 'bottom': 1030, 'width': 1940, 'height': 1040}, 'visible': True, 'enabled': False, 'refresh_attempted': False, 'refresh_permitted': False, 'reason': 'refresh_not_permitted'}
2026-08-25 22:20:58.369 | DEBUG    | winwatt_automation.live_ui.app_connector:get_cached_main_window:565 - DBG_WINWATT_CACHE_GET reason_code=cache_reused_without_validation payload={'wrapper_type': 'UIAWrapper', 'handle': 461944, 'process_id': 24008, 'title': 'WinWatt gólya', 'class_name': 'TMainForm', 'control_type': 'Window'} last_validation_age_s=1.312000000005355 diagnostic_fast_mode=False
2026-08-25 22:20:58.369 | DEBUG    | winwatt_automation.live_ui.app_connector:get_cached_main_window:566 - DBG_PHASE_TIMING phase=get_cached_main_window elapsed_ms=0.000 reason_code=cache_reused_without_validation
2026-08-25 22:20:58.369 | WARNING  | winwatt_automation.runtime_mapping.program_mapper:restore_clean_menu_baseline:966 - baseline_restore modal_pending state=no_project stage=after:Fájl error=focus_not_restored: main window no longer exists before action=baseline_restore:no_project:after:Fájl
2026-08-25 22:20:58.369 | INFO     | winwatt_automation.runtime_mapping.program_mapper:recover_after_project_open:3392 - project_open_recovery_start timeout_s=15.0 poll_interval_s=0.25
2026-08-25 22:20:58.369 | DEBUG    | winwatt_automation.live_ui.app_connector:get_cached_main_window:565 - DBG_WINWATT_CACHE_GET reason_code=cache_reused_without_validation payload={'wrapper_type': 'UIAWrapper', 'handle': 461944, 'process_id': 24008, 'title': 'WinWatt gólya', 'class_name': 'TMainForm', 'control_type': 'Window'} last_validation_age_s=1.312000000005355 diagnostic_fast_mode=False
2026-08-25 22:20:58.369 | DEBUG    | winwatt_automation.live_ui.app_connector:get_cached_main_window:566 - DBG_PHASE_TIMING phase=get_cached_main_window elapsed_ms=0.000 reason_code=cache_reused_without_validation
2026-08-25 22:20:58.668 | WARNING  | winwatt_automation.runtime_mapping.program_mapper:recover_after_project_open:3419 - project_open_recovery_modal_detected diagnostics={'foreground_window': {'handle': 724028, 'title': 'Projekt létrehozása', 'class_name': '#32770', 'process_id': 24008}, 'dialog_candidates': [], 'main_window': {'enabled': False, 'visible': True, 'rect': {'left': -10, 'top': -10, 'right': 1930, 'bottom': 1030}, 'title': 'WinWatt gólya', 'class_name': 'TMainForm', 'process_id': 24008, 'handle': None, 'exists': True}}
2026-08-25 22:20:58.669 | INFO     | winwatt_automation.runtime_mapping.program_mapper:_attempt_project_open_modal_close:3321 - project_open_recovery_close_attempt method=key name=Esc
2026-08-25 22:20:59.145 | DEBUG    | winwatt_automation.live_ui.app_connector:get_cached_main_window:565 - DBG_WINWATT_CACHE_GET reason_code=cache_reused_without_validation payload={'wrapper_type': 'UIAWrapper', 'handle': 461944, 'process_id': 24008, 'title': 'WinWatt gólya', 'class_name': 'TMainForm', 'control_type': 'Window'} last_validation_age_s=1.8900000000139698 diagnostic_fast_mode=False
2026-08-25 22:20:59.145 | DEBUG    | winwatt_automation.live_ui.app_connector:get_cached_main_window:566 - DBG_PHASE_TIMING phase=get_cached_main_window elapsed_ms=203.000 reason_code=cache_reused_without_validation
2026-08-25 22:20:59.161 | INFO     | winwatt_automation.runtime_mapping.program_mapper:_attempt_project_open_modal_close:3329 - project_open_recovery_close_success method=key name=Esc
2026-08-25 22:20:59.418 | DEBUG    | winwatt_automation.live_ui.app_connector:get_cached_main_window:565 - DBG_WINWATT_CACHE_GET reason_code=cache_reused_without_validation payload={'wrapper_type': 'UIAWrapper', 'handle': 461944, 'process_id': 24008, 'title': 'WinWatt gólya', 'class_name': 'TMainForm', 'control_type': 'Window'} last_validation_age_s=2.3589999999967404 diagnostic_fast_mode=False
2026-08-25 22:20:59.418 | DEBUG    | winwatt_automation.live_ui.app_connector:get_cached_main_window:566 - DBG_PHASE_TIMING phase=get_cached_main_window elapsed_ms=0.000 reason_code=cache_reused_without_validation
2026-08-25 22:20:59.439 | INFO     | winwatt_automation.runtime_mapping.program_mapper:recover_after_project_open:3403 - project_open_recovery_success
2026-08-25 22:20:59.676 | INFO     | winwatt_automation.runtime_mapping.program_mapper:restore_clean_menu_baseline:969 - baseline_restore modal_pending_recovered state=no_project stage=after:Fájl
2026-08-25 22:20:59.729 | DEBUG    | winwatt_automation.live_ui.app_connector:get_cached_main_window:565 - DBG_WINWATT_CACHE_GET reason_code=cache_reused_without_validation payload={'wrapper_type': 'UIAWrapper', 'handle': 461944, 'process_id': 24008, 'title': 'WinWatt gólya', 'class_name': 'TMainForm', 'control_type': 'Window'} last_validation_age_s=2.6710000000020955 diagnostic_fast_mode=False
2026-08-25 22:20:59.729 | DEBUG    | winwatt_automation.live_ui.app_connector:get_cached_main_window:566 - DBG_PHASE_TIMING phase=get_cached_main_window elapsed_ms=0.000 reason_code=cache_reused_without_validation
2026-08-25 22:20:59.993 | DEBUG    | winwatt_automation.live_ui.app_connector:get_cached_main_window:565 - DBG_WINWATT_CACHE_GET reason_code=cache_reused_without_validation payload={'wrapper_type': 'UIAWrapper', 'handle': 461944, 'process_id': 24008, 'title': 'WinWatt gólya', 'class_name': 'TMainForm', 'control_type': 'Window'} last_validation_age_s=2.9210000000020955 diagnostic_fast_mode=False
2026-08-25 22:20:59.993 | DEBUG    | winwatt_automation.live_ui.app_connector:get_cached_main_window:566 - DBG_PHASE_TIMING phase=get_cached_main_window elapsed_ms=16.000 reason_code=cache_reused_without_validation
2026-08-25 22:20:59.993 | DEBUG    | winwatt_automation.live_ui.app_connector:get_cached_main_window:565 - DBG_WINWATT_CACHE_GET reason_code=cache_reused_without_validation payload={'wrapper_type': 'UIAWrapper', 'handle': 461944, 'process_id': 24008, 'title': 'WinWatt gólya', 'class_name': 'TMainForm', 'control_type': 'Window'} last_validation_age_s=2.937000000005355 diagnostic_fast_mode=False
2026-08-25 22:20:59.993 | DEBUG    | winwatt_automation.live_ui.app_connector:get_cached_main_window:566 - DBG_PHASE_TIMING phase=get_cached_main_window elapsed_ms=0.000 reason_code=cache_reused_without_validation
2026-08-25 22:20:59.993 | INFO     | winwatt_automation.live_ui.menu_helpers:_menu_items:1101 - DBG_MENU_ITEMS_SUMMARY total_items=7 visible_items=7 topbar_band=(0, 0, 409, 53) topbar_band_visible_count=7 popup_region_visible_count=0 force_refresh=False handle=461944
2026-08-25 22:20:59.993 | DEBUG    | winwatt_automation.live_ui.menu_helpers:_menu_items:1111 - Discovered 7 MenuItem controls
2026-08-25 22:20:59.993 | DEBUG    | winwatt_automation.live_ui.menu_helpers:_log_phase_timing:83 - DBG_PHASE_TIMING phase=_menu_items elapsed_ms=16.000 force_refresh=False total_items=7 visible_items=7
2026-08-25 22:20:59.993 | DEBUG    | winwatt_automation.live_ui.menu_helpers:_log_popup_fragment:499 - DBG_MENU_FRAGMENT_MAIN_WINDOW source_scope=main_window control_type=MenuItem class_name= text='Rendszer' rectangle={'left': 0, 'top': 0, 'right': 28, 'bottom': 28} center=(14, 14) process_id=24008 native_handle=None topbar_candidate=True popup_candidate=False
2026-08-25 22:20:59.993 | DEBUG    | winwatt_automation.live_ui.menu_helpers:_log_popup_fragment:499 - DBG_MENU_FRAGMENT_MAIN_WINDOW source_scope=main_window control_type=MenuItem class_name= text='Fájl' rectangle={'left': 0, 'top': 29, 'right': 40, 'bottom': 53} center=(20, 41) process_id=24008 native_handle=None topbar_candidate=True popup_candidate=False
2026-08-25 22:20:59.993 | DEBUG    | winwatt_automation.live_ui.menu_helpers:_log_popup_fragment:499 - DBG_MENU_FRAGMENT_MAIN_WINDOW source_scope=main_window control_type=MenuItem class_name= text='Jegyzékek' rectangle={'left': 40, 'top': 29, 'right': 123, 'bottom': 53} center=(81, 41) process_id=24008 native_handle=None topbar_candidate=True popup_candidate=False
2026-08-25 22:20:59.993 | DEBUG    | winwatt_automation.live_ui.menu_helpers:_log_popup_fragment:499 - DBG_MENU_FRAGMENT_MAIN_WINDOW source_scope=main_window control_type=MenuItem class_name= text='Adatbázis...' rectangle={'left': 123, 'top': 29, 'right': 216, 'bottom': 53} center=(169, 41) process_id=24008 native_handle=None topbar_candidate=True popup_candidate=False
2026-08-25 22:20:59.993 | DEBUG    | winwatt_automation.live_ui.menu_helpers:_log_popup_fragment:499 - DBG_MENU_FRAGMENT_MAIN_WINDOW source_scope=main_window control_type=MenuItem class_name= text='Beállítások' rectangle={'left': 215, 'top': 29, 'right': 303, 'bottom': 53} center=(259, 41) process_id=24008 native_handle=None topbar_candidate=True popup_candidate=False
2026-08-25 22:20:59.993 | DEBUG    | winwatt_automation.live_ui.menu_helpers:_log_popup_fragment:499 - DBG_MENU_FRAGMENT_MAIN_WINDOW source_scope=main_window control_type=MenuItem class_name= text='Ablak' rectangle={'left': 303, 'top': 29, 'right': 358, 'bottom': 53} center=(330, 41) process_id=24008 native_handle=None topbar_candidate=True popup_candidate=False
2026-08-25 22:20:59.993 | DEBUG    | winwatt_automation.live_ui.menu_helpers:_log_popup_fragment:499 - DBG_MENU_FRAGMENT_MAIN_WINDOW source_scope=main_window control_type=MenuItem class_name= text='Súgó' rectangle={'left': 358, 'top': 29, 'right': 409, 'bottom': 53} center=(383, 41) process_id=24008 native_handle=None topbar_candidate=True popup_candidate=False
2026-08-25 22:20:59.993 | DEBUG    | winwatt_automation.live_ui.menu_helpers:_menu_like_controls_from_main_window:1599 - DBG_MENU_FRAGMENT_SOURCE_SUMMARY source_scope=main_window count=7
2026-08-25 22:20:59.993 | DEBUG    | winwatt_automation.live_ui.app_connector:get_cached_main_window:565 - DBG_WINWATT_CACHE_GET reason_code=cache_reused_without_validation payload={'wrapper_type': 'UIAWrapper', 'handle': 461944, 'process_id': 24008, 'title': 'WinWatt gólya', 'class_name': 'TMainForm', 'control_type': 'Window'} last_validation_age_s=2.937000000005355 diagnostic_fast_mode=False
2026-08-25 22:20:59.993 | DEBUG    | winwatt_automation.live_ui.app_connector:get_cached_main_window:566 - DBG_PHASE_TIMING phase=get_cached_main_window elapsed_ms=0.000 reason_code=cache_reused_without_validation
2026-08-25 22:20:59.993 | DEBUG    | winwatt_automation.live_ui.app_connector:get_cached_main_window:565 - DBG_WINWATT_CACHE_GET reason_code=cache_reused_without_validation payload={'wrapper_type': 'UIAWrapper', 'handle': 461944, 'process_id': 24008, 'title': 'WinWatt gólya', 'class_name': 'TMainForm', 'control_type': 'Window'} last_validation_age_s=2.937000000005355 diagnostic_fast_mode=False
2026-08-25 22:20:59.993 | DEBUG    | winwatt_automation.live_ui.app_connector:get_cached_main_window:566 - DBG_PHASE_TIMING phase=get_cached_main_window elapsed_ms=0.000 reason_code=cache_reused_without_validation
2026-08-25 22:21:00.348 | DEBUG    | winwatt_automation.live_ui.menu_helpers:_log_popup_fragment:499 - DBG_MENU_FRAGMENT_GLOBAL_SCAN source_scope=global_process_scan control_type=MenuItem class_name= text='Rendszer' rectangle={'left': 0, 'top': 0, 'right': 28, 'bottom': 28} center=(14, 14) process_id=24008 native_handle=None topbar_candidate=True popup_candidate=False
2026-08-25 22:21:00.358 | DEBUG    | winwatt_automation.live_ui.menu_helpers:_log_popup_fragment:499 - DBG_MENU_FRAGMENT_GLOBAL_SCAN source_scope=global_process_scan control_type=MenuItem class_name= text='Fájl' rectangle={'left': 0, 'top': 29, 'right': 40, 'bottom': 53} center=(20, 41) process_id=24008 native_handle=None topbar_candidate=True popup_candidate=False
2026-08-25 22:21:00.358 | DEBUG    | winwatt_automation.live_ui.menu_helpers:_log_popup_fragment:499 - DBG_MENU_FRAGMENT_GLOBAL_SCAN source_scope=global_process_scan control_type=MenuItem class_name= text='Jegyzékek' rectangle={'left': 40, 'top': 29, 'right': 123, 'bottom': 53} center=(81, 41) process_id=24008 native_handle=None topbar_candidate=True popup_candidate=False
2026-08-25 22:21:00.358 | DEBUG    | winwatt_automation.live_ui.menu_helpers:_log_popup_fragment:499 - DBG_MENU_FRAGMENT_GLOBAL_SCAN source_scope=global_process_scan control_type=MenuItem class_name= text='Adatbázis...' rectangle={'left': 123, 'top': 29, 'right': 216, 'bottom': 53} center=(169, 41) process_id=24008 native_handle=None topbar_candidate=True popup_candidate=False
2026-08-25 22:21:00.358 | DEBUG    | winwatt_automation.live_ui.menu_helpers:_log_popup_fragment:499 - DBG_MENU_FRAGMENT_GLOBAL_SCAN source_scope=global_process_scan control_type=MenuItem class_name= text='Beállítások' rectangle={'left': 215, 'top': 29, 'right': 303, 'bottom': 53} center=(259, 41) process_id=24008 native_handle=None topbar_candidate=True popup_candidate=False
2026-08-25 22:21:00.358 | DEBUG    | winwatt_automation.live_ui.menu_helpers:_log_popup_fragment:499 - DBG_MENU_FRAGMENT_GLOBAL_SCAN source_scope=global_process_scan control_type=MenuItem class_name= text='Ablak' rectangle={'left': 303, 'top': 29, 'right': 358, 'bottom': 53} center=(330, 41) process_id=24008 native_handle=None topbar_candidate=True popup_candidate=False
2026-08-25 22:21:00.358 | DEBUG    | winwatt_automation.live_ui.menu_helpers:_log_popup_fragment:499 - DBG_MENU_FRAGMENT_GLOBAL_SCAN source_scope=global_process_scan control_type=MenuItem class_name= text='Súgó' rectangle={'left': 358, 'top': 29, 'right': 409, 'bottom': 53} center=(383, 41) process_id=24008 native_handle=None topbar_candidate=True popup_candidate=False
2026-08-25 22:21:00.361 | DEBUG    | winwatt_automation.live_ui.menu_helpers:_menu_like_controls_from_global_process_scan:1631 - DBG_MENU_FRAGMENT_SOURCE_SUMMARY source_scope=global_process_scan count=7 process_id=24008
2026-08-25 22:21:00.361 | DEBUG    | winwatt_automation.live_ui.app_connector:get_cached_main_window:565 - DBG_WINWATT_CACHE_GET reason_code=cache_reused_without_validation payload={'wrapper_type': 'UIAWrapper', 'handle': 461944, 'process_id': 24008, 'title': 'WinWatt gólya', 'class_name': 'TMainForm', 'control_type': 'Window'} last_validation_age_s=3.312000000005355 diagnostic_fast_mode=False
2026-08-25 22:21:00.361 | DEBUG    | winwatt_automation.live_ui.app_connector:get_cached_main_window:566 - DBG_PHASE_TIMING phase=get_cached_main_window elapsed_ms=0.000 reason_code=cache_reused_without_validation
2026-08-25 22:21:00.654 | DEBUG    | winwatt_automation.live_ui.menu_helpers:capture_menu_popup_snapshot:1682 - DBG_POPUP_ROW_DEDUPE rect={'left': 0, 'top': 0, 'right': 28, 'bottom': 28} normalized_text=rendszer class_name= source_scope=main_window deduplicated=False
2026-08-25 22:21:00.654 | DEBUG    | winwatt_automation.live_ui.menu_helpers:capture_menu_popup_snapshot:1682 - DBG_POPUP_ROW_DEDUPE rect={'left': 0, 'top': 29, 'right': 40, 'bottom': 53} normalized_text=fájl class_name= source_scope=main_window deduplicated=False
2026-08-25 22:21:00.654 | DEBUG    | winwatt_automation.live_ui.menu_helpers:capture_menu_popup_snapshot:1682 - DBG_POPUP_ROW_DEDUPE rect={'left': 40, 'top': 29, 'right': 123, 'bottom': 53} normalized_text=jegyzékek class_name= source_scope=main_window deduplicated=False
2026-08-25 22:21:00.654 | DEBUG    | winwatt_automation.live_ui.menu_helpers:capture_menu_popup_snapshot:1682 - DBG_POPUP_ROW_DEDUPE rect={'left': 123, 'top': 29, 'right': 216, 'bottom': 53} normalized_text=adatbázis... class_name= source_scope=main_window deduplicated=False
2026-08-25 22:21:00.655 | DEBUG    | winwatt_automation.live_ui.menu_helpers:capture_menu_popup_snapshot:1682 - DBG_POPUP_ROW_DEDUPE rect={'left': 215, 'top': 29, 'right': 303, 'bottom': 53} normalized_text=beállítások class_name= source_scope=main_window deduplicated=False
2026-08-25 22:21:00.655 | DEBUG    | winwatt_automation.live_ui.menu_helpers:capture_menu_popup_snapshot:1682 - DBG_POPUP_ROW_DEDUPE rect={'left': 303, 'top': 29, 'right': 358, 'bottom': 53} normalized_text=ablak class_name= source_scope=main_window deduplicated=False
2026-08-25 22:21:00.655 | DEBUG    | winwatt_automation.live_ui.menu_helpers:capture_menu_popup_snapshot:1682 - DBG_POPUP_ROW_DEDUPE rect={'left': 358, 'top': 29, 'right': 409, 'bottom': 53} normalized_text=súgó class_name= source_scope=main_window deduplicated=False
2026-08-25 22:21:00.655 | DEBUG    | winwatt_automation.live_ui.menu_helpers:capture_menu_popup_snapshot:1682 - DBG_POPUP_ROW_DEDUPE rect={'left': 0, 'top': 0, 'right': 28, 'bottom': 28} normalized_text=rendszer class_name= source_scope=global_process_scan deduplicated=False
2026-08-25 22:21:00.655 | DEBUG    | winwatt_automation.live_ui.menu_helpers:capture_menu_popup_snapshot:1682 - DBG_POPUP_ROW_DEDUPE rect={'left': 0, 'top': 29, 'right': 40, 'bottom': 53} normalized_text=fájl class_name= source_scope=global_process_scan deduplicated=False
2026-08-25 22:21:00.655 | DEBUG    | winwatt_automation.live_ui.menu_helpers:capture_menu_popup_snapshot:1682 - DBG_POPUP_ROW_DEDUPE rect={'left': 40, 'top': 29, 'right': 123, 'bottom': 53} normalized_text=jegyzékek class_name= source_scope=global_process_scan deduplicated=False
2026-08-25 22:21:00.655 | DEBUG    | winwatt_automation.live_ui.menu_helpers:capture_menu_popup_snapshot:1682 - DBG_POPUP_ROW_DEDUPE rect={'left': 123, 'top': 29, 'right': 216, 'bottom': 53} normalized_text=adatbázis... class_name= source_scope=global_process_scan deduplicated=False
2026-08-25 22:21:00.655 | DEBUG    | winwatt_automation.live_ui.menu_helpers:capture_menu_popup_snapshot:1682 - DBG_POPUP_ROW_DEDUPE rect={'left': 215, 'top': 29, 'right': 303, 'bottom': 53} normalized_text=beállítások class_name= source_scope=global_process_scan deduplicated=False
2026-08-25 22:21:00.656 | DEBUG    | winwatt_automation.live_ui.menu_helpers:capture_menu_popup_snapshot:1682 - DBG_POPUP_ROW_DEDUPE rect={'left': 303, 'top': 29, 'right': 358, 'bottom': 53} normalized_text=ablak class_name= source_scope=global_process_scan deduplicated=False
2026-08-25 22:21:00.656 | DEBUG    | winwatt_automation.live_ui.menu_helpers:capture_menu_popup_snapshot:1682 - DBG_POPUP_ROW_DEDUPE rect={'left': 358, 'top': 29, 'right': 409, 'bottom': 53} normalized_text=súgó class_name= source_scope=global_process_scan deduplicated=False
2026-08-25 22:21:00.656 | INFO     | winwatt_automation.live_ui.menu_helpers:capture_menu_popup_snapshot:1724 - POPUP_SNAPSHOT_SUMMARY main_window_fragments=7 global_scan_fragments=7 deduped_fragments=14 topbar_like=12 popup_like=0 empty_text=0 topbar_band=(0, 29, 409, 53) empty_text_vertical_cluster_detected=False accepted_popup_rows=0 popup_heuristic=candidate_count_below_threshold
2026-08-25 22:21:00.656 | DEBUG    | winwatt_automation.live_ui.menu_helpers:capture_menu_popup_snapshot:1737 - Captured menu snapshot rows=14
2026-08-25 22:21:00.656 | DEBUG    | winwatt_automation.live_ui.menu_helpers:_log_phase_timing:83 - DBG_PHASE_TIMING phase=capture_menu_popup_snapshot elapsed_ms=938.000 main_rows=7 global_rows=7 unique_rows=14 diagnostic_fast_mode=False
2026-08-25 22:21:00.776 | DEBUG    | winwatt_automation.live_ui.app_connector:get_cached_main_window:565 - DBG_WINWATT_CACHE_GET reason_code=cache_reused_without_validation payload={'wrapper_type': 'UIAWrapper', 'handle': 461944, 'process_id': 24008, 'title': 'WinWatt gólya', 'class_name': 'TMainForm', 'control_type': 'Window'} last_validation_age_s=3.7179999999934807 diagnostic_fast_mode=False
2026-08-25 22:21:00.776 | DEBUG    | winwatt_automation.live_ui.app_connector:get_cached_main_window:566 - DBG_PHASE_TIMING phase=get_cached_main_window elapsed_ms=0.000 reason_code=cache_reused_without_validation
2026-08-25 22:21:00.783 | DEBUG    | winwatt_automation.live_ui.app_connector:get_cached_main_window:565 - DBG_WINWATT_CACHE_GET reason_code=cache_reused_without_validation payload={'wrapper_type': 'UIAWrapper', 'handle': 461944, 'process_id': 24008, 'title': 'WinWatt gólya', 'class_name': 'TMainForm', 'control_type': 'Window'} last_validation_age_s=3.7179999999934807 diagnostic_fast_mode=False
2026-08-25 22:21:00.784 | DEBUG    | winwatt_automation.live_ui.app_connector:get_cached_main_window:566 - DBG_PHASE_TIMING phase=get_cached_main_window elapsed_ms=16.000 reason_code=cache_reused_without_validation
2026-08-25 22:21:00.787 | DEBUG    | winwatt_automation.live_ui.app_connector:get_cached_main_window:565 - DBG_WINWATT_CACHE_GET reason_code=cache_reused_without_validation payload={'wrapper_type': 'UIAWrapper', 'handle': 461944, 'process_id': 24008, 'title': 'WinWatt gólya', 'class_name': 'TMainForm', 'control_type': 'Window'} last_validation_age_s=3.7339999999967404 diagnostic_fast_mode=False
2026-08-25 22:21:00.788 | DEBUG    | winwatt_automation.live_ui.app_connector:get_cached_main_window:566 - DBG_PHASE_TIMING phase=get_cached_main_window elapsed_ms=0.000 reason_code=cache_reused_without_validation
2026-08-25 22:21:00.791 | INFO     | winwatt_automation.live_ui.menu_helpers:_menu_items:1101 - DBG_MENU_ITEMS_SUMMARY total_items=7 visible_items=7 topbar_band=(0, 0, 409, 53) topbar_band_visible_count=7 popup_region_visible_count=0 force_refresh=False handle=461944
2026-08-25 22:21:00.791 | DEBUG    | winwatt_automation.live_ui.menu_helpers:_menu_items:1111 - Discovered 7 MenuItem controls
2026-08-25 22:21:00.792 | DEBUG    | winwatt_automation.live_ui.menu_helpers:_log_phase_timing:83 - DBG_PHASE_TIMING phase=_menu_items elapsed_ms=16.000 force_refresh=False total_items=7 visible_items=7
2026-08-25 22:21:00.795 | DEBUG    | winwatt_automation.live_ui.menu_helpers:_log_popup_fragment:499 - DBG_MENU_FRAGMENT_MAIN_WINDOW source_scope=main_window control_type=MenuItem class_name= text='Rendszer' rectangle={'left': 0, 'top': 0, 'right': 28, 'bottom': 28} center=(14, 14) process_id=24008 native_handle=None topbar_candidate=True popup_candidate=False
2026-08-25 22:21:00.798 | DEBUG    | winwatt_automation.live_ui.menu_helpers:_log_popup_fragment:499 - DBG_MENU_FRAGMENT_MAIN_WINDOW source_scope=main_window control_type=MenuItem class_name= text='Fájl' rectangle={'left': 0, 'top': 29, 'right': 40, 'bottom': 53} center=(20, 41) process_id=24008 native_handle=None topbar_candidate=True popup_candidate=False
2026-08-25 22:21:00.799 | DEBUG    | winwatt_automation.live_ui.menu_helpers:_log_popup_fragment:499 - DBG_MENU_FRAGMENT_MAIN_WINDOW source_scope=main_window control_type=MenuItem class_name= text='Jegyzékek' rectangle={'left': 40, 'top': 29, 'right': 123, 'bottom': 53} center=(81, 41) process_id=24008 native_handle=None topbar_candidate=True popup_candidate=False
2026-08-25 22:21:00.800 | DEBUG    | winwatt_automation.live_ui.menu_helpers:_log_popup_fragment:499 - DBG_MENU_FRAGMENT_MAIN_WINDOW source_scope=main_window control_type=MenuItem class_name= text='Adatbázis...' rectangle={'left': 123, 'top': 29, 'right': 216, 'bottom': 53} center=(169, 41) process_id=24008 native_handle=None topbar_candidate=True popup_candidate=False
2026-08-25 22:21:00.801 | DEBUG    | winwatt_automation.live_ui.menu_helpers:_log_popup_fragment:499 - DBG_MENU_FRAGMENT_MAIN_WINDOW source_scope=main_window control_type=MenuItem class_name= text='Beállítások' rectangle={'left': 215, 'top': 29, 'right': 303, 'bottom': 53} center=(259, 41) process_id=24008 native_handle=None topbar_candidate=True popup_candidate=False
2026-08-25 22:21:00.802 | DEBUG    | winwatt_automation.live_ui.menu_helpers:_log_popup_fragment:499 - DBG_MENU_FRAGMENT_MAIN_WINDOW source_scope=main_window control_type=MenuItem class_name= text='Ablak' rectangle={'left': 303, 'top': 29, 'right': 358, 'bottom': 53} center=(330, 41) process_id=24008 native_handle=None topbar_candidate=True popup_candidate=False
2026-08-25 22:21:00.804 | DEBUG    | winwatt_automation.live_ui.menu_helpers:_log_popup_fragment:499 - DBG_MENU_FRAGMENT_MAIN_WINDOW source_scope=main_window control_type=MenuItem class_name= text='Súgó' rectangle={'left': 358, 'top': 29, 'right': 409, 'bottom': 53} center=(383, 41) process_id=24008 native_handle=None topbar_candidate=True popup_candidate=False
2026-08-25 22:21:00.805 | DEBUG    | winwatt_automation.live_ui.menu_helpers:_menu_like_controls_from_main_window:1599 - DBG_MENU_FRAGMENT_SOURCE_SUMMARY source_scope=main_window count=7
2026-08-25 22:21:00.813 | DEBUG    | winwatt_automation.live_ui.app_connector:get_cached_main_window:565 - DBG_WINWATT_CACHE_GET reason_code=cache_reused_without_validation payload={'wrapper_type': 'UIAWrapper', 'handle': 461944, 'process_id': 24008, 'title': 'WinWatt gólya', 'class_name': 'TMainForm', 'control_type': 'Window'} last_validation_age_s=3.75 diagnostic_fast_mode=False
2026-08-25 22:21:00.814 | DEBUG    | winwatt_automation.live_ui.app_connector:get_cached_main_window:566 - DBG_PHASE_TIMING phase=get_cached_main_window elapsed_ms=15.000 reason_code=cache_reused_without_validation
2026-08-25 22:21:00.818 | DEBUG    | winwatt_automation.live_ui.app_connector:get_cached_main_window:565 - DBG_WINWATT_CACHE_GET reason_code=cache_reused_without_validation payload={'wrapper_type': 'UIAWrapper', 'handle': 461944, 'process_id': 24008, 'title': 'WinWatt gólya', 'class_name': 'TMainForm', 'control_type': 'Window'} last_validation_age_s=3.76500000001397 diagnostic_fast_mode=False
2026-08-25 22:21:00.819 | DEBUG    | winwatt_automation.live_ui.app_connector:get_cached_main_window:566 - DBG_PHASE_TIMING phase=get_cached_main_window elapsed_ms=0.000 reason_code=cache_reused_without_validation
2026-08-25 22:21:01.070 | DEBUG    | winwatt_automation.live_ui.menu_helpers:_log_popup_fragment:499 - DBG_MENU_FRAGMENT_GLOBAL_SCAN source_scope=global_process_scan control_type=MenuItem class_name= text='Rendszer' rectangle={'left': 0, 'top': 0, 'right': 28, 'bottom': 28} center=(14, 14) process_id=24008 native_handle=None topbar_candidate=True popup_candidate=False
2026-08-25 22:21:01.078 | DEBUG    | winwatt_automation.live_ui.menu_helpers:_log_popup_fragment:499 - DBG_MENU_FRAGMENT_GLOBAL_SCAN source_scope=global_process_scan control_type=MenuItem class_name= text='Fájl' rectangle={'left': 0, 'top': 29, 'right': 40, 'bottom': 53} center=(20, 41) process_id=24008 native_handle=None topbar_candidate=True popup_candidate=False
2026-08-25 22:21:01.078 | DEBUG    | winwatt_automation.live_ui.menu_helpers:_log_popup_fragment:499 - DBG_MENU_FRAGMENT_GLOBAL_SCAN source_scope=global_process_scan control_type=MenuItem class_name= text='Jegyzékek' rectangle={'left': 40, 'top': 29, 'right': 123, 'bottom': 53} center=(81, 41) process_id=24008 native_handle=None topbar_candidate=True popup_candidate=False
2026-08-25 22:21:01.078 | DEBUG    | winwatt_automation.live_ui.menu_helpers:_log_popup_fragment:499 - DBG_MENU_FRAGMENT_GLOBAL_SCAN source_scope=global_process_scan control_type=MenuItem class_name= text='Adatbázis...' rectangle={'left': 123, 'top': 29, 'right': 216, 'bottom': 53} center=(169, 41) process_id=24008 native_handle=None topbar_candidate=True popup_candidate=False
2026-08-25 22:21:01.078 | DEBUG    | winwatt_automation.live_ui.menu_helpers:_log_popup_fragment:499 - DBG_MENU_FRAGMENT_GLOBAL_SCAN source_scope=global_process_scan control_type=MenuItem class_name= text='Beállítások' rectangle={'left': 215, 'top': 29, 'right': 303, 'bottom': 53} center=(259, 41) process_id=24008 native_handle=None topbar_candidate=True popup_candidate=False
2026-08-25 22:21:01.078 | DEBUG    | winwatt_automation.live_ui.menu_helpers:_log_popup_fragment:499 - DBG_MENU_FRAGMENT_GLOBAL_SCAN source_scope=global_process_scan control_type=MenuItem class_name= text='Ablak' rectangle={'left': 303, 'top': 29, 'right': 358, 'bottom': 53} center=(330, 41) process_id=24008 native_handle=None topbar_candidate=True popup_candidate=False
2026-08-25 22:21:01.078 | DEBUG    | winwatt_automation.live_ui.menu_helpers:_log_popup_fragment:499 - DBG_MENU_FRAGMENT_GLOBAL_SCAN source_scope=global_process_scan control_type=MenuItem class_name= text='Súgó' rectangle={'left': 358, 'top': 29, 'right': 409, 'bottom': 53} center=(383, 41) process_id=24008 native_handle=None topbar_candidate=True popup_candidate=False
2026-08-25 22:21:01.086 | DEBUG    | winwatt_automation.live_ui.menu_helpers:_menu_like_controls_from_global_process_scan:1631 - DBG_MENU_FRAGMENT_SOURCE_SUMMARY source_scope=global_process_scan count=7 process_id=24008
2026-08-25 22:21:01.086 | INFO     | winwatt_automation.live_ui.app_connector:is_winwatt_foreground_context:1123 - DBG_WINWATT_FOREGROUND_CONTEXT expected_handle=461944 expected_process_id=24008 expected_title=WinWatt gólya expected_class_name=TMainForm actual_foreground_handle=461944 actual_foreground_process_id=24008 actual_foreground_title=WinWatt gólya actual_foreground_class_name=TMainForm allow_dialog=True result_reason=handle_match
2026-08-25 22:21:01.086 | INFO     | winwatt_automation.live_ui.app_connector:_cached_window_health_status:489 - DBG_WINWATT_CACHE_HEALTH reason_code=healthy payload={'wrapper_type': 'UIAWrapper', 'handle': 461944, 'process_id': 24008, 'title': 'WinWatt gólya', 'class_name': 'TMainForm', 'control_type': 'Window'}
2026-08-25 22:21:01.086 | DEBUG    | winwatt_automation.live_ui.app_connector:get_cached_main_window:574 - DBG_WINWATT_CACHE_GET reason_code=cache_validated_ok payload={'wrapper_type': 'UIAWrapper', 'handle': 461944, 'process_id': 24008, 'title': 'WinWatt gólya', 'class_name': 'TMainForm', 'control_type': 'Window'} last_validation_age_s=4.030999999988126 diagnostic_fast_mode=False
2026-08-25 22:21:01.086 | DEBUG    | winwatt_automation.live_ui.app_connector:get_cached_main_window:575 - DBG_PHASE_TIMING phase=get_cached_main_window elapsed_ms=0.000 reason_code=cache_validated_ok
2026-08-25 22:21:01.521 | DEBUG    | winwatt_automation.live_ui.menu_helpers:capture_menu_popup_snapshot:1682 - DBG_POPUP_ROW_DEDUPE rect={'left': 0, 'top': 0, 'right': 28, 'bottom': 28} normalized_text=rendszer class_name= source_scope=main_window deduplicated=False
2026-08-25 22:21:01.521 | DEBUG    | winwatt_automation.live_ui.menu_helpers:capture_menu_popup_snapshot:1682 - DBG_POPUP_ROW_DEDUPE rect={'left': 0, 'top': 29, 'right': 40, 'bottom': 53} normalized_text=fájl class_name= source_scope=main_window deduplicated=False
2026-08-25 22:21:01.521 | DEBUG    | winwatt_automation.live_ui.menu_helpers:capture_menu_popup_snapshot:1682 - DBG_POPUP_ROW_DEDUPE rect={'left': 40, 'top': 29, 'right': 123, 'bottom': 53} normalized_text=jegyzékek class_name= source_scope=main_window deduplicated=False
2026-08-25 22:21:01.521 | DEBUG    | winwatt_automation.live_ui.menu_helpers:capture_menu_popup_snapshot:1682 - DBG_POPUP_ROW_DEDUPE rect={'left': 123, 'top': 29, 'right': 216, 'bottom': 53} normalized_text=adatbázis... class_name= source_scope=main_window deduplicated=False
2026-08-25 22:21:01.521 | DEBUG    | winwatt_automation.live_ui.menu_helpers:capture_menu_popup_snapshot:1682 - DBG_POPUP_ROW_DEDUPE rect={'left': 215, 'top': 29, 'right': 303, 'bottom': 53} normalized_text=beállítások class_name= source_scope=main_window deduplicated=False
2026-08-25 22:21:01.521 | DEBUG    | winwatt_automation.live_ui.menu_helpers:capture_menu_popup_snapshot:1682 - DBG_POPUP_ROW_DEDUPE rect={'left': 303, 'top': 29, 'right': 358, 'bottom': 53} normalized_text=ablak class_name= source_scope=main_window deduplicated=False
2026-08-25 22:21:01.521 | DEBUG    | winwatt_automation.live_ui.menu_helpers:capture_menu_popup_snapshot:1682 - DBG_POPUP_ROW_DEDUPE rect={'left': 358, 'top': 29, 'right': 409, 'bottom': 53} normalized_text=súgó class_name= source_scope=main_window deduplicated=False
2026-08-25 22:21:01.521 | DEBUG    | winwatt_automation.live_ui.menu_helpers:capture_menu_popup_snapshot:1682 - DBG_POPUP_ROW_DEDUPE rect={'left': 0, 'top': 0, 'right': 28, 'bottom': 28} normalized_text=rendszer class_name= source_scope=global_process_scan deduplicated=False
2026-08-25 22:21:01.521 | DEBUG    | winwatt_automation.live_ui.menu_helpers:capture_menu_popup_snapshot:1682 - DBG_POPUP_ROW_DEDUPE rect={'left': 0, 'top': 29, 'right': 40, 'bottom': 53} normalized_text=fájl class_name= source_scope=global_process_scan deduplicated=False
2026-08-25 22:21:01.521 | DEBUG    | winwatt_automation.live_ui.menu_helpers:capture_menu_popup_snapshot:1682 - DBG_POPUP_ROW_DEDUPE rect={'left': 40, 'top': 29, 'right': 123, 'bottom': 53} normalized_text=jegyzékek class_name= source_scope=global_process_scan deduplicated=False
2026-08-25 22:21:01.521 | DEBUG    | winwatt_automation.live_ui.menu_helpers:capture_menu_popup_snapshot:1682 - DBG_POPUP_ROW_DEDUPE rect={'left': 123, 'top': 29, 'right': 216, 'bottom': 53} normalized_text=adatbázis... class_name= source_scope=global_process_scan deduplicated=False
2026-08-25 22:21:01.521 | DEBUG    | winwatt_automation.live_ui.menu_helpers:capture_menu_popup_snapshot:1682 - DBG_POPUP_ROW_DEDUPE rect={'left': 215, 'top': 29, 'right': 303, 'bottom': 53} normalized_text=beállítások class_name= source_scope=global_process_scan deduplicated=False
2026-08-25 22:21:01.521 | DEBUG    | winwatt_automation.live_ui.menu_helpers:capture_menu_popup_snapshot:1682 - DBG_POPUP_ROW_DEDUPE rect={'left': 303, 'top': 29, 'right': 358, 'bottom': 53} normalized_text=ablak class_name= source_scope=global_process_scan deduplicated=False
2026-08-25 22:21:01.521 | DEBUG    | winwatt_automation.live_ui.menu_helpers:capture_menu_popup_snapshot:1682 - DBG_POPUP_ROW_DEDUPE rect={'left': 358, 'top': 29, 'right': 409, 'bottom': 53} normalized_text=súgó class_name= source_scope=global_process_scan deduplicated=False
2026-08-25 22:21:01.521 | INFO     | winwatt_automation.live_ui.menu_helpers:capture_menu_popup_snapshot:1724 - POPUP_SNAPSHOT_SUMMARY main_window_fragments=7 global_scan_fragments=7 deduped_fragments=14 topbar_like=12 popup_like=0 empty_text=0 topbar_band=(0, 29, 409, 53) empty_text_vertical_cluster_detected=False accepted_popup_rows=0 popup_heuristic=candidate_count_below_threshold
2026-08-25 22:21:01.521 | DEBUG    | winwatt_automation.live_ui.menu_helpers:capture_menu_popup_snapshot:1737 - Captured menu snapshot rows=14
2026-08-25 22:21:01.521 | DEBUG    | winwatt_automation.live_ui.menu_helpers:_log_phase_timing:83 - DBG_PHASE_TIMING phase=capture_menu_popup_snapshot elapsed_ms=750.000 main_rows=7 global_rows=7 unique_rows=14 diagnostic_fast_mode=False
2026-08-25 22:21:01.581 | DEBUG    | winwatt_automation.live_ui.app_connector:get_cached_main_window:565 - DBG_WINWATT_CACHE_GET reason_code=cache_reused_without_validation payload={'wrapper_type': 'UIAWrapper', 'handle': 461944, 'process_id': 24008, 'title': 'WinWatt gólya', 'class_name': 'TMainForm', 'control_type': 'Window'} last_validation_age_s=0.5 diagnostic_fast_mode=False
2026-08-25 22:21:01.581 | DEBUG    | winwatt_automation.live_ui.app_connector:get_cached_main_window:566 - DBG_PHASE_TIMING phase=get_cached_main_window elapsed_ms=0.000 reason_code=cache_reused_without_validation
2026-08-25 22:21:01.917 | DEBUG    | winwatt_automation.live_ui.app_connector:get_cached_main_window:565 - DBG_WINWATT_CACHE_GET reason_code=cache_reused_without_validation payload={'wrapper_type': 'UIAWrapper', 'handle': 461944, 'process_id': 24008, 'title': 'WinWatt gólya', 'class_name': 'TMainForm', 'control_type': 'Window'} last_validation_age_s=0.8280000000086147 diagnostic_fast_mode=False
2026-08-25 22:21:01.922 | DEBUG    | winwatt_automation.live_ui.app_connector:get_cached_main_window:566 - DBG_PHASE_TIMING phase=get_cached_main_window elapsed_ms=16.000 reason_code=cache_reused_without_validation
2026-08-25 22:21:01.922 | DEBUG    | winwatt_automation.live_ui.app_connector:get_cached_main_window:565 - DBG_WINWATT_CACHE_GET reason_code=cache_reused_without_validation payload={'wrapper_type': 'UIAWrapper', 'handle': 461944, 'process_id': 24008, 'title': 'WinWatt gólya', 'class_name': 'TMainForm', 'control_type': 'Window'} last_validation_age_s=0.8440000000118744 diagnostic_fast_mode=False
2026-08-25 22:21:01.922 | DEBUG    | winwatt_automation.live_ui.app_connector:get_cached_main_window:566 - DBG_PHASE_TIMING phase=get_cached_main_window elapsed_ms=0.000 reason_code=cache_reused_without_validation
2026-08-25 22:21:01.922 | INFO     | winwatt_automation.live_ui.menu_helpers:_menu_items:1101 - DBG_MENU_ITEMS_SUMMARY total_items=7 visible_items=7 topbar_band=(0, 0, 409, 53) topbar_band_visible_count=7 popup_region_visible_count=0 force_refresh=False handle=461944
2026-08-25 22:21:01.922 | DEBUG    | winwatt_automation.live_ui.menu_helpers:_menu_items:1111 - Discovered 7 MenuItem controls
2026-08-25 22:21:01.922 | DEBUG    | winwatt_automation.live_ui.menu_helpers:_log_phase_timing:83 - DBG_PHASE_TIMING phase=_menu_items elapsed_ms=16.000 force_refresh=False total_items=7 visible_items=7
2026-08-25 22:21:01.922 | DEBUG    | winwatt_automation.live_ui.menu_helpers:_log_popup_fragment:499 - DBG_MENU_FRAGMENT_MAIN_WINDOW source_scope=main_window control_type=MenuItem class_name= text='Rendszer' rectangle={'left': 0, 'top': 0, 'right': 28, 'bottom': 28} center=(14, 14) process_id=24008 native_handle=None topbar_candidate=True popup_candidate=False
2026-08-25 22:21:01.922 | DEBUG    | winwatt_automation.live_ui.menu_helpers:_log_popup_fragment:499 - DBG_MENU_FRAGMENT_MAIN_WINDOW source_scope=main_window control_type=MenuItem class_name= text='Fájl' rectangle={'left': 0, 'top': 29, 'right': 40, 'bottom': 53} center=(20, 41) process_id=24008 native_handle=None topbar_candidate=True popup_candidate=False
2026-08-25 22:21:01.922 | DEBUG    | winwatt_automation.live_ui.menu_helpers:_log_popup_fragment:499 - DBG_MENU_FRAGMENT_MAIN_WINDOW source_scope=main_window control_type=MenuItem class_name= text='Jegyzékek' rectangle={'left': 40, 'top': 29, 'right': 123, 'bottom': 53} center=(81, 41) process_id=24008 native_handle=None topbar_candidate=True popup_candidate=False
2026-08-25 22:21:01.922 | DEBUG    | winwatt_automation.live_ui.menu_helpers:_log_popup_fragment:499 - DBG_MENU_FRAGMENT_MAIN_WINDOW source_scope=main_window control_type=MenuItem class_name= text='Adatbázis...' rectangle={'left': 123, 'top': 29, 'right': 216, 'bottom': 53} center=(169, 41) process_id=24008 native_handle=None topbar_candidate=True popup_candidate=False
2026-08-25 22:21:01.922 | DEBUG    | winwatt_automation.live_ui.menu_helpers:_log_popup_fragment:499 - DBG_MENU_FRAGMENT_MAIN_WINDOW source_scope=main_window control_type=MenuItem class_name= text='Beállítások' rectangle={'left': 215, 'top': 29, 'right': 303, 'bottom': 53} center=(259, 41) process_id=24008 native_handle=None topbar_candidate=True popup_candidate=False
2026-08-25 22:21:01.922 | DEBUG    | winwatt_automation.live_ui.menu_helpers:_log_popup_fragment:499 - DBG_MENU_FRAGMENT_MAIN_WINDOW source_scope=main_window control_type=MenuItem class_name= text='Ablak' rectangle={'left': 303, 'top': 29, 'right': 358, 'bottom': 53} center=(330, 41) process_id=24008 native_handle=None topbar_candidate=True popup_candidate=False
2026-08-25 22:21:01.922 | DEBUG    | winwatt_automation.live_ui.menu_helpers:_log_popup_fragment:499 - DBG_MENU_FRAGMENT_MAIN_WINDOW source_scope=main_window control_type=MenuItem class_name= text='Súgó' rectangle={'left': 358, 'top': 29, 'right': 409, 'bottom': 53} center=(383, 41) process_id=24008 native_handle=None topbar_candidate=True popup_candidate=False
2026-08-25 22:21:01.922 | DEBUG    | winwatt_automation.live_ui.menu_helpers:_menu_like_controls_from_main_window:1599 - DBG_MENU_FRAGMENT_SOURCE_SUMMARY source_scope=main_window count=7
2026-08-25 22:21:01.933 | DEBUG    | winwatt_automation.live_ui.app_connector:get_cached_main_window:565 - DBG_WINWATT_CACHE_GET reason_code=cache_reused_without_validation payload={'wrapper_type': 'UIAWrapper', 'handle': 461944, 'process_id': 24008, 'title': 'WinWatt gólya', 'class_name': 'TMainForm', 'control_type': 'Window'} last_validation_age_s=0.8440000000118744 diagnostic_fast_mode=False
2026-08-25 22:21:01.933 | DEBUG    | winwatt_automation.live_ui.app_connector:get_cached_main_window:566 - DBG_PHASE_TIMING phase=get_cached_main_window elapsed_ms=0.000 reason_code=cache_reused_without_validation
2026-08-25 22:21:01.933 | DEBUG    | winwatt_automation.live_ui.app_connector:get_cached_main_window:565 - DBG_WINWATT_CACHE_GET reason_code=cache_reused_without_validation payload={'wrapper_type': 'UIAWrapper', 'handle': 461944, 'process_id': 24008, 'title': 'WinWatt gólya', 'class_name': 'TMainForm', 'control_type': 'Window'} last_validation_age_s=0.8440000000118744 diagnostic_fast_mode=False
2026-08-25 22:21:01.933 | DEBUG    | winwatt_automation.live_ui.app_connector:get_cached_main_window:566 - DBG_PHASE_TIMING phase=get_cached_main_window elapsed_ms=0.000 reason_code=cache_reused_without_validation
2026-08-25 22:21:02.165 | DEBUG    | winwatt_automation.live_ui.menu_helpers:_log_popup_fragment:499 - DBG_MENU_FRAGMENT_GLOBAL_SCAN source_scope=global_process_scan control_type=MenuItem class_name= text='Rendszer' rectangle={'left': 0, 'top': 0, 'right': 28, 'bottom': 28} center=(14, 14) process_id=24008 native_handle=None topbar_candidate=True popup_candidate=False
2026-08-25 22:21:02.165 | DEBUG    | winwatt_automation.live_ui.menu_helpers:_log_popup_fragment:499 - DBG_MENU_FRAGMENT_GLOBAL_SCAN source_scope=global_process_scan control_type=MenuItem class_name= text='Fájl' rectangle={'left': 0, 'top': 29, 'right': 40, 'bottom': 53} center=(20, 41) process_id=24008 native_handle=None topbar_candidate=True popup_candidate=False
2026-08-25 22:21:02.165 | DEBUG    | winwatt_automation.live_ui.menu_helpers:_log_popup_fragment:499 - DBG_MENU_FRAGMENT_GLOBAL_SCAN source_scope=global_process_scan control_type=MenuItem class_name= text='Jegyzékek' rectangle={'left': 40, 'top': 29, 'right': 123, 'bottom': 53} center=(81, 41) process_id=24008 native_handle=None topbar_candidate=True popup_candidate=False
2026-08-25 22:21:02.165 | DEBUG    | winwatt_automation.live_ui.menu_helpers:_log_popup_fragment:499 - DBG_MENU_FRAGMENT_GLOBAL_SCAN source_scope=global_process_scan control_type=MenuItem class_name= text='Adatbázis...' rectangle={'left': 123, 'top': 29, 'right': 216, 'bottom': 53} center=(169, 41) process_id=24008 native_handle=None topbar_candidate=True popup_candidate=False
2026-08-25 22:21:02.165 | DEBUG    | winwatt_automation.live_ui.menu_helpers:_log_popup_fragment:499 - DBG_MENU_FRAGMENT_GLOBAL_SCAN source_scope=global_process_scan control_type=MenuItem class_name= text='Beállítások' rectangle={'left': 215, 'top': 29, 'right': 303, 'bottom': 53} center=(259, 41) process_id=24008 native_handle=None topbar_candidate=True popup_candidate=False
2026-08-25 22:21:02.165 | DEBUG    | winwatt_automation.live_ui.menu_helpers:_log_popup_fragment:499 - DBG_MENU_FRAGMENT_GLOBAL_SCAN source_scope=global_process_scan control_type=MenuItem class_name= text='Ablak' rectangle={'left': 303, 'top': 29, 'right': 358, 'bottom': 53} center=(330, 41) process_id=24008 native_handle=None topbar_candidate=True popup_candidate=False
2026-08-25 22:21:02.165 | DEBUG    | winwatt_automation.live_ui.menu_helpers:_log_popup_fragment:499 - DBG_MENU_FRAGMENT_GLOBAL_SCAN source_scope=global_process_scan control_type=MenuItem class_name= text='Súgó' rectangle={'left': 358, 'top': 29, 'right': 409, 'bottom': 53} center=(383, 41) process_id=24008 native_handle=None topbar_candidate=True popup_candidate=False
2026-08-25 22:21:02.170 | DEBUG    | winwatt_automation.live_ui.menu_helpers:_menu_like_controls_from_global_process_scan:1631 - DBG_MENU_FRAGMENT_SOURCE_SUMMARY source_scope=global_process_scan count=7 process_id=24008
2026-08-25 22:21:02.170 | DEBUG    | winwatt_automation.live_ui.app_connector:get_cached_main_window:565 - DBG_WINWATT_CACHE_GET reason_code=cache_reused_without_validation payload={'wrapper_type': 'UIAWrapper', 'handle': 461944, 'process_id': 24008, 'title': 'WinWatt gólya', 'class_name': 'TMainForm', 'control_type': 'Window'} last_validation_age_s=1.0940000000118744 diagnostic_fast_mode=False
2026-08-25 22:21:02.170 | DEBUG    | winwatt_automation.live_ui.app_connector:get_cached_main_window:566 - DBG_PHASE_TIMING phase=get_cached_main_window elapsed_ms=0.000 reason_code=cache_reused_without_validation
2026-08-25 22:21:02.441 | DEBUG    | winwatt_automation.live_ui.menu_helpers:capture_menu_popup_snapshot:1682 - DBG_POPUP_ROW_DEDUPE rect={'left': 0, 'top': 0, 'right': 28, 'bottom': 28} normalized_text=rendszer class_name= source_scope=main_window deduplicated=False
2026-08-25 22:21:02.441 | DEBUG    | winwatt_automation.live_ui.menu_helpers:capture_menu_popup_snapshot:1682 - DBG_POPUP_ROW_DEDUPE rect={'left': 0, 'top': 29, 'right': 40, 'bottom': 53} normalized_text=fájl class_name= source_scope=main_window deduplicated=False
2026-08-25 22:21:02.441 | DEBUG    | winwatt_automation.live_ui.menu_helpers:capture_menu_popup_snapshot:1682 - DBG_POPUP_ROW_DEDUPE rect={'left': 40, 'top': 29, 'right': 123, 'bottom': 53} normalized_text=jegyzékek class_name= source_scope=main_window deduplicated=False
2026-08-25 22:21:02.441 | DEBUG    | winwatt_automation.live_ui.menu_helpers:capture_menu_popup_snapshot:1682 - DBG_POPUP_ROW_DEDUPE rect={'left': 123, 'top': 29, 'right': 216, 'bottom': 53} normalized_text=adatbázis... class_name= source_scope=main_window deduplicated=False
2026-08-25 22:21:02.441 | DEBUG    | winwatt_automation.live_ui.menu_helpers:capture_menu_popup_snapshot:1682 - DBG_POPUP_ROW_DEDUPE rect={'left': 215, 'top': 29, 'right': 303, 'bottom': 53} normalized_text=beállítások class_name= source_scope=main_window deduplicated=False
2026-08-25 22:21:02.441 | DEBUG    | winwatt_automation.live_ui.menu_helpers:capture_menu_popup_snapshot:1682 - DBG_POPUP_ROW_DEDUPE rect={'left': 303, 'top': 29, 'right': 358, 'bottom': 53} normalized_text=ablak class_name= source_scope=main_window deduplicated=False
2026-08-25 22:21:02.441 | DEBUG    | winwatt_automation.live_ui.menu_helpers:capture_menu_popup_snapshot:1682 - DBG_POPUP_ROW_DEDUPE rect={'left': 358, 'top': 29, 'right': 409, 'bottom': 53} normalized_text=súgó class_name= source_scope=main_window deduplicated=False
2026-08-25 22:21:02.441 | DEBUG    | winwatt_automation.live_ui.menu_helpers:capture_menu_popup_snapshot:1682 - DBG_POPUP_ROW_DEDUPE rect={'left': 0, 'top': 0, 'right': 28, 'bottom': 28} normalized_text=rendszer class_name= source_scope=global_process_scan deduplicated=False
2026-08-25 22:21:02.441 | DEBUG    | winwatt_automation.live_ui.menu_helpers:capture_menu_popup_snapshot:1682 - DBG_POPUP_ROW_DEDUPE rect={'left': 0, 'top': 29, 'right': 40, 'bottom': 53} normalized_text=fájl class_name= source_scope=global_process_scan deduplicated=False
2026-08-25 22:21:02.454 | DEBUG    | winwatt_automation.live_ui.menu_helpers:capture_menu_popup_snapshot:1682 - DBG_POPUP_ROW_DEDUPE rect={'left': 40, 'top': 29, 'right': 123, 'bottom': 53} normalized_text=jegyzékek class_name= source_scope=global_process_scan deduplicated=False
2026-08-25 22:21:02.454 | DEBUG    | winwatt_automation.live_ui.menu_helpers:capture_menu_popup_snapshot:1682 - DBG_POPUP_ROW_DEDUPE rect={'left': 123, 'top': 29, 'right': 216, 'bottom': 53} normalized_text=adatbázis... class_name= source_scope=global_process_scan deduplicated=False
2026-08-25 22:21:02.454 | DEBUG    | winwatt_automation.live_ui.menu_helpers:capture_menu_popup_snapshot:1682 - DBG_POPUP_ROW_DEDUPE rect={'left': 215, 'top': 29, 'right': 303, 'bottom': 53} normalized_text=beállítások class_name= source_scope=global_process_scan deduplicated=False
2026-08-25 22:21:02.454 | DEBUG    | winwatt_automation.live_ui.menu_helpers:capture_menu_popup_snapshot:1682 - DBG_POPUP_ROW_DEDUPE rect={'left': 303, 'top': 29, 'right': 358, 'bottom': 53} normalized_text=ablak class_name= source_scope=global_process_scan deduplicated=False
2026-08-25 22:21:02.454 | DEBUG    | winwatt_automation.live_ui.menu_helpers:capture_menu_popup_snapshot:1682 - DBG_POPUP_ROW_DEDUPE rect={'left': 358, 'top': 29, 'right': 409, 'bottom': 53} normalized_text=súgó class_name= source_scope=global_process_scan deduplicated=False
2026-08-25 22:21:02.455 | INFO     | winwatt_automation.live_ui.menu_helpers:capture_menu_popup_snapshot:1724 - POPUP_SNAPSHOT_SUMMARY main_window_fragments=7 global_scan_fragments=7 deduped_fragments=14 topbar_like=12 popup_like=0 empty_text=0 topbar_band=(0, 29, 409, 53) empty_text_vertical_cluster_detected=False accepted_popup_rows=0 popup_heuristic=candidate_count_below_threshold
2026-08-25 22:21:02.455 | DEBUG    | winwatt_automation.live_ui.menu_helpers:capture_menu_popup_snapshot:1737 - Captured menu snapshot rows=14
2026-08-25 22:21:02.455 | DEBUG    | winwatt_automation.live_ui.menu_helpers:_log_phase_timing:83 - DBG_PHASE_TIMING phase=capture_menu_popup_snapshot elapsed_ms=875.000 main_rows=7 global_rows=7 unique_rows=14 diagnostic_fast_mode=False
2026-08-25 22:21:02.455 | DEBUG    | winwatt_automation.runtime_mapping.program_mapper:restore_clean_menu_baseline:992 - baseline_restore success state=no_project stage=after:Fájl
2026-08-25 22:21:02.455 | INFO     | winwatt_automation.runtime_mapping.program_mapper:map_runtime_state:4418 - MAP_RUNTIME_STATE_FINAL_COUNTS state_id=no_project retained_top_menus=['Fájl'] rows=12 actions=7 dialogs=0 windows=0 transitions=0 partial=False stop_reason=None
2026-08-25 22:21:02.456 | INFO     | winwatt_automation.runtime_mapping.program_mapper:_build_state_atlas_entry:2053 - STATE_ATLAS_ENTRY_CREATED state_id=no_project top_menus=1 rows=12 actions=1 transitions=0 top_menu_texts=['Fájl'] action_sample=[['Fájl', 'Végrehajtás']]
[event] state_mapped: {"actions": 7, "dialogs": 0, "state_id": "no_project", "top_menus": 1}
2026-08-25 22:21:03.674 | INFO     | winwatt_automation.live_ui.app_connector:get_cached_main_window:597 - DBG_WINWATT_CACHE_GET reason_code=cache_missing_resolving_fresh diagnostic_fast_mode=False
2026-08-25 22:21:04.056 | DEBUG    | winwatt_automation.live_ui.app_connector:list_candidate_windows:180 - Discovered 0 WinWatt-like windows on backend=win32
2026-08-25 22:21:04.056 | INFO     | winwatt_automation.live_ui.app_connector:_connect_with_win32_handle:276 - DBG_WINWATT_CONNECT_WIN32_CANDIDATES locator=backend=win32 ranked_candidates=[]
2026-08-25 22:21:04.056 | WARNING  | winwatt_automation.runtime_mapping.program_mapper:_safe_capture_snapshot:191 - snapshot_capture_failed state_id=startup_after_relaunch error=No WinWatt-like windows were found
2026-08-25 22:21:04.557 | INFO     | winwatt_automation.live_ui.app_connector:get_cached_main_window:597 - DBG_WINWATT_CACHE_GET reason_code=cache_missing_resolving_fresh diagnostic_fast_mode=False
2026-08-25 22:21:07.182 | DEBUG    | winwatt_automation.live_ui.app_connector:list_candidate_windows:180 - Discovered 0 WinWatt-like windows on backend=win32
2026-08-25 22:21:07.182 | INFO     | winwatt_automation.live_ui.app_connector:_connect_with_win32_handle:276 - DBG_WINWATT_CONNECT_WIN32_CANDIDATES locator=backend=win32 ranked_candidates=[]
2026-08-25 22:21:07.182 | WARNING  | winwatt_automation.runtime_mapping.program_mapper:_safe_capture_snapshot:191 - snapshot_capture_failed state_id=startup_after_relaunch error=No WinWatt-like windows were found
2026-08-25 22:21:07.685 | INFO     | winwatt_automation.live_ui.app_connector:get_cached_main_window:597 - DBG_WINWATT_CACHE_GET reason_code=cache_missing_resolving_fresh diagnostic_fast_mode=False
2026-08-25 22:21:08.807 | DEBUG    | winwatt_automation.live_ui.app_connector:list_candidate_windows:180 - Discovered 0 WinWatt-like windows on backend=win32
2026-08-25 22:21:08.807 | INFO     | winwatt_automation.live_ui.app_connector:_connect_with_win32_handle:276 - DBG_WINWATT_CONNECT_WIN32_CANDIDATES locator=backend=win32 ranked_candidates=[]
2026-08-25 22:21:08.807 | WARNING  | winwatt_automation.runtime_mapping.program_mapper:_safe_capture_snapshot:191 - snapshot_capture_failed state_id=startup_after_relaunch error=No WinWatt-like windows were found
2026-08-25 22:21:09.308 | INFO     | winwatt_automation.live_ui.app_connector:get_cached_main_window:597 - DBG_WINWATT_CACHE_GET reason_code=cache_missing_resolving_fresh diagnostic_fast_mode=False
2026-08-25 22:21:09.397 | DEBUG    | winwatt_automation.live_ui.app_connector:list_candidate_windows:180 - Discovered 0 WinWatt-like windows on backend=win32
2026-08-25 22:21:09.397 | INFO     | winwatt_automation.live_ui.app_connector:_connect_with_win32_handle:276 - DBG_WINWATT_CONNECT_WIN32_CANDIDATES locator=backend=win32 ranked_candidates=[]
2026-08-25 22:21:09.397 | WARNING  | winwatt_automation.runtime_mapping.program_mapper:_safe_capture_snapshot:191 - snapshot_capture_failed state_id=startup_after_relaunch error=No WinWatt-like windows were found
2026-08-25 22:21:09.906 | INFO     | winwatt_automation.live_ui.app_connector:get_cached_main_window:597 - DBG_WINWATT_CACHE_GET reason_code=cache_missing_resolving_fresh diagnostic_fast_mode=False
2026-08-25 22:21:10.045 | DEBUG    | winwatt_automation.live_ui.app_connector:list_candidate_windows:180 - Discovered 0 WinWatt-like windows on backend=win32
2026-08-25 22:21:10.045 | INFO     | winwatt_automation.live_ui.app_connector:_connect_with_win32_handle:276 - DBG_WINWATT_CONNECT_WIN32_CANDIDATES locator=backend=win32 ranked_candidates=[]
2026-08-25 22:21:10.045 | WARNING  | winwatt_automation.runtime_mapping.program_mapper:_safe_capture_snapshot:191 - snapshot_capture_failed state_id=startup_after_relaunch error=No WinWatt-like windows were found
2026-08-25 22:21:10.547 | INFO     | winwatt_automation.live_ui.app_connector:get_cached_main_window:597 - DBG_WINWATT_CACHE_GET reason_code=cache_missing_resolving_fresh diagnostic_fast_mode=False
2026-08-25 22:21:10.635 | DEBUG    | winwatt_automation.live_ui.app_connector:list_candidate_windows:180 - Discovered 0 WinWatt-like windows on backend=win32
2026-08-25 22:21:10.635 | INFO     | winwatt_automation.live_ui.app_connector:_connect_with_win32_handle:276 - DBG_WINWATT_CONNECT_WIN32_CANDIDATES locator=backend=win32 ranked_candidates=[]
2026-08-25 22:21:10.635 | WARNING  | winwatt_automation.runtime_mapping.program_mapper:_safe_capture_snapshot:191 - snapshot_capture_failed state_id=startup_after_relaunch error=No WinWatt-like windows were found
2026-08-25 22:21:11.145 | INFO     | winwatt_automation.live_ui.app_connector:get_cached_main_window:597 - DBG_WINWATT_CACHE_GET reason_code=cache_missing_resolving_fresh diagnostic_fast_mode=False
2026-08-25 22:21:11.279 | DEBUG    | winwatt_automation.live_ui.app_connector:list_candidate_windows:180 - Discovered 0 WinWatt-like windows on backend=win32
2026-08-25 22:21:11.279 | INFO     | winwatt_automation.live_ui.app_connector:_connect_with_win32_handle:276 - DBG_WINWATT_CONNECT_WIN32_CANDIDATES locator=backend=win32 ranked_candidates=[]
2026-08-25 22:21:11.279 | WARNING  | winwatt_automation.runtime_mapping.program_mapper:_safe_capture_snapshot:191 - snapshot_capture_failed state_id=startup_after_relaunch error=No WinWatt-like windows were found
2026-08-25 22:21:11.780 | INFO     | winwatt_automation.live_ui.app_connector:get_cached_main_window:597 - DBG_WINWATT_CACHE_GET reason_code=cache_missing_resolving_fresh diagnostic_fast_mode=False
2026-08-25 22:21:11.880 | DEBUG    | winwatt_automation.live_ui.app_connector:list_candidate_windows:180 - Discovered 0 WinWatt-like windows on backend=win32
2026-08-25 22:21:11.880 | INFO     | winwatt_automation.live_ui.app_connector:_connect_with_win32_handle:276 - DBG_WINWATT_CONNECT_WIN32_CANDIDATES locator=backend=win32 ranked_candidates=[]
2026-08-25 22:21:11.880 | WARNING  | winwatt_automation.runtime_mapping.program_mapper:_safe_capture_snapshot:191 - snapshot_capture_failed state_id=startup_after_relaunch error=No WinWatt-like windows were found
2026-08-25 22:21:12.382 | INFO     | winwatt_automation.live_ui.app_connector:get_cached_main_window:597 - DBG_WINWATT_CACHE_GET reason_code=cache_missing_resolving_fresh diagnostic_fast_mode=False
2026-08-25 22:21:12.463 | DEBUG    | winwatt_automation.live_ui.app_connector:list_candidate_windows:180 - Discovered 0 WinWatt-like windows on backend=win32
2026-08-25 22:21:12.463 | INFO     | winwatt_automation.live_ui.app_connector:_connect_with_win32_handle:276 - DBG_WINWATT_CONNECT_WIN32_CANDIDATES locator=backend=win32 ranked_candidates=[]
2026-08-25 22:21:12.463 | WARNING  | winwatt_automation.runtime_mapping.program_mapper:_safe_capture_snapshot:191 - snapshot_capture_failed state_id=startup_after_relaunch error=No WinWatt-like windows were found
2026-08-25 22:21:12.977 | INFO     | winwatt_automation.live_ui.app_connector:get_cached_main_window:597 - DBG_WINWATT_CACHE_GET reason_code=cache_missing_resolving_fresh diagnostic_fast_mode=False
2026-08-25 22:21:13.057 | DEBUG    | winwatt_automation.live_ui.app_connector:list_candidate_windows:180 - Discovered 0 WinWatt-like windows on backend=win32
2026-08-25 22:21:13.057 | INFO     | winwatt_automation.live_ui.app_connector:_connect_with_win32_handle:276 - DBG_WINWATT_CONNECT_WIN32_CANDIDATES locator=backend=win32 ranked_candidates=[]
2026-08-25 22:21:13.058 | WARNING  | winwatt_automation.runtime_mapping.program_mapper:_safe_capture_snapshot:191 - snapshot_capture_failed state_id=startup_after_relaunch error=No WinWatt-like windows were found
2026-08-25 22:21:13.558 | INFO     | winwatt_automation.live_ui.app_connector:get_cached_main_window:597 - DBG_WINWATT_CACHE_GET reason_code=cache_missing_resolving_fresh diagnostic_fast_mode=False
2026-08-25 22:21:13.647 | DEBUG    | winwatt_automation.live_ui.app_connector:list_candidate_windows:180 - Discovered 0 WinWatt-like windows on backend=win32
2026-08-25 22:21:13.647 | INFO     | winwatt_automation.live_ui.app_connector:_connect_with_win32_handle:276 - DBG_WINWATT_CONNECT_WIN32_CANDIDATES locator=backend=win32 ranked_candidates=[]
2026-08-25 22:21:13.647 | WARNING  | winwatt_automation.runtime_mapping.program_mapper:_safe_capture_snapshot:191 - snapshot_capture_failed state_id=startup_after_relaunch error=No WinWatt-like windows were found
2026-08-25 22:21:14.149 | INFO     | winwatt_automation.live_ui.app_connector:get_cached_main_window:597 - DBG_WINWATT_CACHE_GET reason_code=cache_missing_resolving_fresh diagnostic_fast_mode=False
2026-08-25 22:21:14.300 | DEBUG    | winwatt_automation.live_ui.app_connector:list_candidate_windows:180 - Discovered 0 WinWatt-like windows on backend=win32
2026-08-25 22:21:14.301 | INFO     | winwatt_automation.live_ui.app_connector:_connect_with_win32_handle:276 - DBG_WINWATT_CONNECT_WIN32_CANDIDATES locator=backend=win32 ranked_candidates=[]
2026-08-25 22:21:14.301 | WARNING  | winwatt_automation.runtime_mapping.program_mapper:_safe_capture_snapshot:191 - snapshot_capture_failed state_id=startup_after_relaunch error=No WinWatt-like windows were found
2026-08-25 22:21:14.801 | INFO     | winwatt_automation.live_ui.app_connector:get_cached_main_window:597 - DBG_WINWATT_CACHE_GET reason_code=cache_missing_resolving_fresh diagnostic_fast_mode=False
2026-08-25 22:21:14.882 | DEBUG    | winwatt_automation.live_ui.app_connector:list_candidate_windows:180 - Discovered 0 WinWatt-like windows on backend=win32
2026-08-25 22:21:14.882 | INFO     | winwatt_automation.live_ui.app_connector:_connect_with_win32_handle:276 - DBG_WINWATT_CONNECT_WIN32_CANDIDATES locator=backend=win32 ranked_candidates=[]
2026-08-25 22:21:14.882 | WARNING  | winwatt_automation.runtime_mapping.program_mapper:_safe_capture_snapshot:191 - snapshot_capture_failed state_id=startup_after_relaunch error=No WinWatt-like windows were found
2026-08-25 22:21:15.394 | INFO     | winwatt_automation.live_ui.app_connector:get_cached_main_window:597 - DBG_WINWATT_CACHE_GET reason_code=cache_missing_resolving_fresh diagnostic_fast_mode=False
2026-08-25 22:21:15.488 | DEBUG    | winwatt_automation.live_ui.app_connector:list_candidate_windows:180 - Discovered 0 WinWatt-like windows on backend=win32
2026-08-25 22:21:15.490 | INFO     | winwatt_automation.live_ui.app_connector:_connect_with_win32_handle:276 - DBG_WINWATT_CONNECT_WIN32_CANDIDATES locator=backend=win32 ranked_candidates=[]
2026-08-25 22:21:15.490 | WARNING  | winwatt_automation.runtime_mapping.program_mapper:_safe_capture_snapshot:191 - snapshot_capture_failed state_id=startup_after_relaunch error=No WinWatt-like windows were found
2026-08-25 22:21:15.991 | INFO     | winwatt_automation.live_ui.app_connector:get_cached_main_window:597 - DBG_WINWATT_CACHE_GET reason_code=cache_missing_resolving_fresh diagnostic_fast_mode=False
2026-08-25 22:21:16.125 | DEBUG    | winwatt_automation.live_ui.app_connector:list_candidate_windows:180 - Discovered 1 WinWatt-like windows on backend=win32
2026-08-25 22:21:16.125 | DEBUG    | winwatt_automation.live_ui.app_connector:list_candidate_windows:182 - Candidate[win32]: {'title': 'WinWatt gólya - C:\\Users\\Admin\\Documents\\GitHub\\autowinwatt\\winwatt_automation\\tests\\testwwp.wwp', 'window_text': 'WinWatt gólya - C:\\Users\\Admin\\Documents\\GitHub\\autowinwatt\\winwatt_automation\\tests\\testwwp.wwp', 'class_name': 'TMainForm', 'control_type': None, 'process_id': 13928, 'handle': None, 'is_visible': True, 'is_enabled': True, 'rectangle': {'left': 171, 'top': 96, 'right': 1170, 'bottom': 1151, 'width': 999, 'height': 1055}, 'size': {'width': 999, 'height': 1055}}
2026-08-25 22:21:16.125 | INFO     | winwatt_automation.live_ui.app_connector:_connect_with_win32_handle:276 - DBG_WINWATT_CONNECT_WIN32_CANDIDATES locator=backend=win32 ranked_candidates=[{'rank': 1, 'score': (1, 1, 1, 1, 1053945), 'process_id': 13928, 'handle': None, 'class_name': 'TMainForm', 'title': 'WinWatt gólya - C:\\Users\\Admin\\Documents\\GitHub\\autowinwatt\\winwatt_automation\\tests\\testwwp.wwp', 'visible': True, 'enabled': True}]
2026-08-25 22:21:16.125 | INFO     | winwatt_automation.live_ui.app_connector:select_main_window:224 - Candidate ranking score=(1, 1, 1, 1, 1053945) data={'title': 'WinWatt gólya - C:\\Users\\Admin\\Documents\\GitHub\\autowinwatt\\winwatt_automation\\tests\\testwwp.wwp', 'window_text': 'WinWatt gólya - C:\\Users\\Admin\\Documents\\GitHub\\autowinwatt\\winwatt_automation\\tests\\testwwp.wwp', 'class_name': 'TMainForm', 'control_type': None, 'process_id': 13928, 'handle': None, 'is_visible': True, 'is_enabled': True, 'rectangle': {'left': 171, 'top': 96, 'right': 1170, 'bottom': 1151, 'width': 999, 'height': 1055}, 'size': {'width': 999, 'height': 1055}}
2026-08-25 22:21:16.126 | INFO     | winwatt_automation.live_ui.app_connector:select_main_window:234 - Selected main window process_id=13928 handle=None score=(1, 1, 1, 1, 1053945) reasons=['has_process_id=True', 'has_handle=False', 'visible=True', 'enabled=True', 'title_has_winwatt=True', 'area=1053945']
2026-08-25 22:21:16.126 | INFO     | winwatt_automation.live_ui.app_connector:_connect_with_win32_handle:293 - DBG_WINWATT_CONNECT_WIN32_SELECTED selected_payload={'title': 'WinWatt gólya - C:\\Users\\Admin\\Documents\\GitHub\\autowinwatt\\winwatt_automation\\tests\\testwwp.wwp', 'window_text': 'WinWatt gólya - C:\\Users\\Admin\\Documents\\GitHub\\autowinwatt\\winwatt_automation\\tests\\testwwp.wwp', 'class_name': 'TMainForm', 'control_type': None, 'process_id': 13928, 'handle': None, 'is_visible': True, 'is_enabled': True, 'rectangle': {'left': 171, 'top': 96, 'right': 1170, 'bottom': 1151, 'width': 999, 'height': 1055}, 'size': {'width': 999, 'height': 1055}} selected_handle_is_none=True
2026-08-25 22:21:16.127 | INFO     | winwatt_automation.live_ui.app_connector:_connect_with_win32_handle:336 - Connected to WinWatt backend=win32 attach_mode=process candidate={'process_id': 13928, 'handle': None, 'class_name': 'TMainForm', 'title': 'WinWatt gólya - C:\\Users\\Admin\\Documents\\GitHub\\autowinwatt\\winwatt_automation\\tests\\testwwp.wwp'}
2026-08-25 22:21:16.136 | INFO     | winwatt_automation.live_ui.app_connector:_connect_with_win32_handle:350 - DBG_WINWATT_CONNECT_WIN32_RESOLVED process_id=13928 resolved_handle=None selected_payload={'title': 'WinWatt gólya - C:\\Users\\Admin\\Documents\\GitHub\\autowinwatt\\winwatt_automation\\tests\\testwwp.wwp', 'window_text': 'WinWatt gólya - C:\\Users\\Admin\\Documents\\GitHub\\autowinwatt\\winwatt_automation\\tests\\testwwp.wwp', 'class_name': 'TMainForm', 'control_type': None, 'process_id': 13928, 'handle': None, 'is_visible': True, 'is_enabled': True, 'rectangle': {'left': 171, 'top': 96, 'right': 1170, 'bottom': 1151, 'width': 999, 'height': 1055}, 'size': {'width': 999, 'height': 1055}}
2026-08-25 22:21:16.139 | INFO     | winwatt_automation.live_ui.app_connector:_resolve_uia_main_window:382 - DBG_WINWATT_RESOLVE_UIA_WIN32_SELECTED selected_payload={'title': 'WinWatt gólya - C:\\Users\\Admin\\Documents\\GitHub\\autowinwatt\\winwatt_automation\\tests\\testwwp.wwp', 'window_text': 'WinWatt gólya - C:\\Users\\Admin\\Documents\\GitHub\\autowinwatt\\winwatt_automation\\tests\\testwwp.wwp', 'class_name': 'TMainForm', 'control_type': None, 'process_id': 13928, 'handle': None, 'is_visible': True, 'is_enabled': True, 'rectangle': {'left': 171, 'top': 96, 'right': 1170, 'bottom': 1151, 'width': 999, 'height': 1055}, 'size': {'width': 999, 'height': 1055}}
2026-08-25 22:21:16.139 | INFO     | winwatt_automation.live_ui.app_connector:_resolve_uia_main_window:388 - Connected to WinWatt backend=uia process_id=13928
2026-08-25 22:21:16.139 | INFO     | winwatt_automation.live_ui.app_connector:_resolve_uia_main_window:390 - Resolving main WinWatt window backend=uia class_name=TMainForm title_re=.*WinWatt.*
2026-08-25 22:21:16.757 | INFO     | winwatt_automation.live_ui.app_connector:_resolve_uia_main_window:400 - DBG_WINWATT_RESOLVE_UIA_PRIMARY selected_payload={'title': 'WinWatt gólya - C:\\Users\\Admin\\Documents\\GitHub\\autowinwatt\\winwatt_automation\\tests\\testwwp.wwp', 'window_text': 'WinWatt gólya - C:\\Users\\Admin\\Documents\\GitHub\\autowinwatt\\winwatt_automation\\tests\\testwwp.wwp', 'class_name': 'TMainForm', 'control_type': None, 'process_id': 13928, 'handle': None, 'is_visible': True, 'is_enabled': True, 'rectangle': {'left': 171, 'top': 96, 'right': 1170, 'bottom': 1151, 'width': 999, 'height': 1055}, 'size': {'width': 999, 'height': 1055}} primary_result={'wrapper_type': 'UIAWrapper', 'handle': 1837942, 'process_id': 13928, 'title': 'WinWatt gólya - C:\\Users\\Admin\\Documents\\GitHub\\autowinwatt\\winwatt_automation\\tests\\testwwp.wwp', 'class_name': 'TMainForm', 'control_type': 'Window'} identity_match_with_win32=None
2026-08-25 22:21:16.757 | DEBUG    | winwatt_automation.live_ui.app_connector:get_cached_main_window:606 - DBG_PHASE_TIMING phase=get_cached_main_window elapsed_ms=766.000 reason_code=fresh_resolve
2026-08-25 22:21:17.016 | DEBUG    | winwatt_automation.live_ui.app_connector:get_cached_main_window:565 - DBG_WINWATT_CACHE_GET reason_code=cache_reused_without_validation payload={'wrapper_type': 'UIAWrapper', 'handle': 1837942, 'process_id': 13928, 'title': 'WinWatt gólya - C:\\Users\\Admin\\Documents\\GitHub\\autowinwatt\\winwatt_automation\\tests\\testwwp.wwp', 'class_name': 'TMainForm', 'control_type': 'Window'} last_validation_age_s=0.264999999984866 diagnostic_fast_mode=False
2026-08-25 22:21:17.016 | DEBUG    | winwatt_automation.live_ui.app_connector:get_cached_main_window:566 - DBG_PHASE_TIMING phase=get_cached_main_window elapsed_ms=0.000 reason_code=cache_reused_without_validation
2026-08-25 22:21:17.016 | DEBUG    | winwatt_automation.live_ui.app_connector:get_cached_main_window:565 - DBG_WINWATT_CACHE_GET reason_code=cache_reused_without_validation payload={'wrapper_type': 'UIAWrapper', 'handle': 1837942, 'process_id': 13928, 'title': 'WinWatt gólya - C:\\Users\\Admin\\Documents\\GitHub\\autowinwatt\\winwatt_automation\\tests\\testwwp.wwp', 'class_name': 'TMainForm', 'control_type': 'Window'} last_validation_age_s=0.264999999984866 diagnostic_fast_mode=False
2026-08-25 22:21:17.016 | DEBUG    | winwatt_automation.live_ui.app_connector:get_cached_main_window:566 - DBG_PHASE_TIMING phase=get_cached_main_window elapsed_ms=0.000 reason_code=cache_reused_without_validation
2026-08-25 22:21:17.559 | INFO     | winwatt_automation.live_ui.menu_helpers:_menu_items:1101 - DBG_MENU_ITEMS_SUMMARY total_items=7 visible_items=7 topbar_band=(181, 106, 574, 159) topbar_band_visible_count=7 popup_region_visible_count=0 force_refresh=True handle=1837942
2026-08-25 22:21:17.559 | DEBUG    | winwatt_automation.live_ui.menu_helpers:_menu_items:1111 - Discovered 7 MenuItem controls
2026-08-25 22:21:17.559 | DEBUG    | winwatt_automation.live_ui.menu_helpers:_log_phase_timing:83 - DBG_PHASE_TIMING phase=_menu_items elapsed_ms=532.000 force_refresh=True total_items=7 visible_items=7
2026-08-25 22:21:17.619 | INFO     | winwatt_automation.live_ui.menu_helpers:list_top_menu_items:1141 - Top-level menu items (raw): ['Rendszer', 'Fájl', 'Jegyzékek', 'Eszközök', 'Beállítások', 'Ablak', 'Súgó']
2026-08-25 22:21:17.619 | DEBUG    | winwatt_automation.live_ui.menu_helpers:_log_phase_timing:83 - DBG_PHASE_TIMING phase=list_top_menu_items elapsed_ms=594.000 count=7
2026-08-25 22:21:17.619 | DEBUG    | winwatt_automation.live_ui.app_connector:get_cached_main_window:565 - DBG_WINWATT_CACHE_GET reason_code=cache_reused_without_validation payload={'wrapper_type': 'UIAWrapper', 'handle': 1837942, 'process_id': 13928, 'title': 'WinWatt gólya - C:\\Users\\Admin\\Documents\\GitHub\\autowinwatt\\winwatt_automation\\tests\\testwwp.wwp', 'class_name': 'TMainForm', 'control_type': 'Window'} last_validation_age_s=0.8589999999967404 diagnostic_fast_mode=False
2026-08-25 22:21:17.629 | DEBUG    | winwatt_automation.live_ui.app_connector:get_cached_main_window:566 - DBG_PHASE_TIMING phase=get_cached_main_window elapsed_ms=16.000 reason_code=cache_reused_without_validation
2026-08-25 22:21:17.863 | DEBUG    | winwatt_automation.live_ui.app_connector:get_cached_main_window:565 - DBG_WINWATT_CACHE_GET reason_code=cache_reused_without_validation payload={'wrapper_type': 'UIAWrapper', 'handle': 1837942, 'process_id': 13928, 'title': 'WinWatt gólya - C:\\Users\\Admin\\Documents\\GitHub\\autowinwatt\\winwatt_automation\\tests\\testwwp.wwp', 'class_name': 'TMainForm', 'control_type': 'Window'} last_validation_age_s=1.0929999999934807 diagnostic_fast_mode=False
2026-08-25 22:21:17.863 | DEBUG    | winwatt_automation.live_ui.app_connector:get_cached_main_window:566 - DBG_PHASE_TIMING phase=get_cached_main_window elapsed_ms=16.000 reason_code=cache_reused_without_validation
2026-08-25 22:21:17.866 | DEBUG    | winwatt_automation.live_ui.app_connector:get_cached_main_window:565 - DBG_WINWATT_CACHE_GET reason_code=cache_reused_without_validation payload={'wrapper_type': 'UIAWrapper', 'handle': 1837942, 'process_id': 13928, 'title': 'WinWatt gólya - C:\\Users\\Admin\\Documents\\GitHub\\autowinwatt\\winwatt_automation\\tests\\testwwp.wwp', 'class_name': 'TMainForm', 'control_type': 'Window'} last_validation_age_s=1.1089999999967404 diagnostic_fast_mode=False
2026-08-25 22:21:17.866 | DEBUG    | winwatt_automation.live_ui.app_connector:get_cached_main_window:566 - DBG_PHASE_TIMING phase=get_cached_main_window elapsed_ms=0.000 reason_code=cache_reused_without_validation
2026-08-25 22:21:18.405 | INFO     | winwatt_automation.live_ui.menu_helpers:_menu_items:1101 - DBG_MENU_ITEMS_SUMMARY total_items=7 visible_items=7 topbar_band=(181, 106, 574, 159) topbar_band_visible_count=7 popup_region_visible_count=0 force_refresh=True handle=1837942
2026-08-25 22:21:18.413 | DEBUG    | winwatt_automation.live_ui.menu_helpers:_menu_items:1111 - Discovered 7 MenuItem controls
2026-08-25 22:21:18.413 | DEBUG    | winwatt_automation.live_ui.menu_helpers:_log_phase_timing:83 - DBG_PHASE_TIMING phase=_menu_items elapsed_ms=563.000 force_refresh=True total_items=7 visible_items=7
2026-08-25 22:21:18.495 | INFO     | winwatt_automation.live_ui.menu_helpers:list_top_menu_items:1141 - Top-level menu items (raw): ['Rendszer', 'Fájl', 'Jegyzékek', 'Eszközök', 'Beállítások', 'Ablak', 'Súgó']
2026-08-25 22:21:18.495 | DEBUG    | winwatt_automation.live_ui.menu_helpers:_log_phase_timing:83 - DBG_PHASE_TIMING phase=list_top_menu_items elapsed_ms=641.000 count=7
[event] open_file_dialog_detected: {"project_open_method": "direct_launch", "project_open_sequence": ["C:\\Users\\Admin\\Documents\\GitHub\\autowinwatt\\winwatt_automation\\tests\\testwwp.wwp"], "value": false}
[event] file_dialog_path_entered: {"value": false}
[event] file_dialog_confirm_clicked: {"value": false}
[event] dialog_closed: {"value": false}
[event] observed_main_window_title_after_open: {"is_empty": false, "value": "WinWatt gólya - C:\\Users\\Admin\\Documents\\GitHub\\autowinwatt\\winwatt_automation\\tests\\testwwp.wwp"}
[event] observed_project_path: {"is_null": false, "value": "C:\\Users\\Admin\\Documents\\GitHub\\autowinwatt\\winwatt_automation\\tests\\testwwp.wwp"}
[event] path_match_normalized: {"expected_project_path": "C:\\Users\\Admin\\Documents\\GitHub\\autowinwatt\\winwatt_automation\\tests\\testwwp.wwp", "observed_project_path": "C:\\Users\\Admin\\Documents\\GitHub\\autowinwatt\\winwatt_automation\\tests\\testwwp.wwp", "value": true}
[event] project_open_result: {"already_open_before_mapping": false, "dialog_found": false, "enter_confirm_sent": false, "error": null, "expected_project_path": "C:\\Users\\Admin\\Documents\\GitHub\\autowinwatt\\winwatt_automation\\tests\\testwwp.wwp", "file_dialog_confirm_clicked": false, "file_dialog_path_entered": false, "focused_input_entry_attempted": false, "focused_input_entry_sent": false, "interaction_helper_called": false, "interaction_helper_result_present": false, "observed_project_path": "C:\\Users\\Admin\\Documents\\GitHub\\autowinwatt\\winwatt_automation\\tests\\testwwp.wwp", "open_file_dialog_detected": false, "path_entry_strategy_null_reason": "direct_project_launch_bootstrap", "path_entry_strategy_selected": null, "path_match_normalized": true, "post_confirm_dialog_closed": false, "post_confirm_path_match": true, "post_confirm_title": "WinWatt gólya - C:\\Users\\Admin\\Documents\\GitHub\\autowinwatt\\winwatt_automation\\tests\\testwwp.wwp", "project_open_attempt_started": true, "project_open_menu_item_clicked": false, "project_open_method": "direct_launch", "project_open_sequence": ["C:\\Users\\Admin\\Documents\\GitHub\\autowinwatt\\winwatt_automation\\tests\\testwwp.wwp"], "project_open_verdict": "opened_by_this_attempt", "startup_project_detected": false, "success": true}
[event] project_open_recovery: {"main_window_ready_after_attempt": true, "modal_detected": false, "reason": "fresh_process_launch", "success": true}
2026-08-25 22:21:18.506 | DEBUG    | winwatt_automation.live_ui.app_connector:get_cached_main_window:565 - DBG_WINWATT_CACHE_GET reason_code=cache_reused_without_validation payload={'wrapper_type': 'UIAWrapper', 'handle': 1837942, 'process_id': 13928, 'title': 'WinWatt gólya - C:\\Users\\Admin\\Documents\\GitHub\\autowinwatt\\winwatt_automation\\tests\\testwwp.wwp', 'class_name': 'TMainForm', 'control_type': 'Window'} last_validation_age_s=1.75 diagnostic_fast_mode=False
2026-08-25 22:21:18.506 | DEBUG    | winwatt_automation.live_ui.app_connector:get_cached_main_window:566 - DBG_PHASE_TIMING phase=get_cached_main_window elapsed_ms=0.000 reason_code=cache_reused_without_validation
2026-08-25 22:21:18.910 | DEBUG    | winwatt_automation.live_ui.app_connector:get_cached_main_window:565 - DBG_WINWATT_CACHE_GET reason_code=cache_reused_without_validation payload={'wrapper_type': 'UIAWrapper', 'handle': 1837942, 'process_id': 13928, 'title': 'WinWatt gólya - C:\\Users\\Admin\\Documents\\GitHub\\autowinwatt\\winwatt_automation\\tests\\testwwp.wwp', 'class_name': 'TMainForm', 'control_type': 'Window'} last_validation_age_s=2.1559999999881256 diagnostic_fast_mode=False
2026-08-25 22:21:18.910 | DEBUG    | winwatt_automation.live_ui.app_connector:get_cached_main_window:566 - DBG_PHASE_TIMING phase=get_cached_main_window elapsed_ms=0.000 reason_code=cache_reused_without_validation
2026-08-25 22:21:18.918 | DEBUG    | winwatt_automation.live_ui.app_connector:get_cached_main_window:565 - DBG_WINWATT_CACHE_GET reason_code=cache_reused_without_validation payload={'wrapper_type': 'UIAWrapper', 'handle': 1837942, 'process_id': 13928, 'title': 'WinWatt gólya - C:\\Users\\Admin\\Documents\\GitHub\\autowinwatt\\winwatt_automation\\tests\\testwwp.wwp', 'class_name': 'TMainForm', 'control_type': 'Window'} last_validation_age_s=2.1559999999881256 diagnostic_fast_mode=False
2026-08-25 22:21:18.918 | DEBUG    | winwatt_automation.live_ui.app_connector:get_cached_main_window:566 - DBG_PHASE_TIMING phase=get_cached_main_window elapsed_ms=0.000 reason_code=cache_reused_without_validation
2026-08-25 22:21:19.530 | INFO     | winwatt_automation.live_ui.menu_helpers:_menu_items:1101 - DBG_MENU_ITEMS_SUMMARY total_items=7 visible_items=7 topbar_band=(181, 106, 574, 159) topbar_band_visible_count=7 popup_region_visible_count=0 force_refresh=True handle=1837942
2026-08-25 22:21:19.530 | DEBUG    | winwatt_automation.live_ui.menu_helpers:_menu_items:1111 - Discovered 7 MenuItem controls
2026-08-25 22:21:19.530 | DEBUG    | winwatt_automation.live_ui.menu_helpers:_log_phase_timing:83 - DBG_PHASE_TIMING phase=_menu_items elapsed_ms=625.000 force_refresh=True total_items=7 visible_items=7
2026-08-25 22:21:19.595 | INFO     | winwatt_automation.live_ui.menu_helpers:list_top_menu_items:1141 - Top-level menu items (raw): ['Rendszer', 'Fájl', 'Jegyzékek', 'Eszközök', 'Beállítások', 'Ablak', 'Súgó']
2026-08-25 22:21:19.595 | DEBUG    | winwatt_automation.live_ui.menu_helpers:_log_phase_timing:83 - DBG_PHASE_TIMING phase=list_top_menu_items elapsed_ms=687.000 count=7
2026-08-25 22:21:19.597 | DEBUG    | winwatt_automation.live_ui.app_connector:get_cached_main_window:565 - DBG_WINWATT_CACHE_GET reason_code=cache_reused_without_validation payload={'wrapper_type': 'UIAWrapper', 'handle': 1837942, 'process_id': 13928, 'title': 'WinWatt gólya - C:\\Users\\Admin\\Documents\\GitHub\\autowinwatt\\winwatt_automation\\tests\\testwwp.wwp', 'class_name': 'TMainForm', 'control_type': 'Window'} last_validation_age_s=2.8429999999934807 diagnostic_fast_mode=False
2026-08-25 22:21:19.597 | DEBUG    | winwatt_automation.live_ui.app_connector:get_cached_main_window:566 - DBG_PHASE_TIMING phase=get_cached_main_window elapsed_ms=0.000 reason_code=cache_reused_without_validation
2026-08-25 22:21:19.597 | INFO     | winwatt_automation.runtime_mapping.program_mapper:get_canonical_top_menu_names:924 - Canonical top-level menus [7]: ['Rendszer', 'Fájl', 'Jegyzékek', 'Eszközök', 'Beállítások', 'Ablak', 'Súgó']
2026-08-25 22:21:19.597 | INFO     | winwatt_automation.runtime_mapping.program_mapper:map_runtime_state:4276 - MAP_RUNTIME_STATE_SELECTION state_id=project_open discovered=['Rendszer', 'Fájl', 'Jegyzékek', 'Eszközök', 'Beállítások', 'Ablak', 'Súgó'] canonical=['Rendszer', 'Fájl', 'Jegyzékek', 'Eszközök', 'Beállítások', 'Ablak', 'Súgó'] requested=['fájl'] normalized_targets=['fájl']
2026-08-25 22:21:19.597 | DEBUG    | winwatt_automation.live_ui.app_connector:get_cached_main_window:565 - DBG_WINWATT_CACHE_GET reason_code=cache_reused_without_validation payload={'wrapper_type': 'UIAWrapper', 'handle': 1837942, 'process_id': 13928, 'title': 'WinWatt gólya - C:\\Users\\Admin\\Documents\\GitHub\\autowinwatt\\winwatt_automation\\tests\\testwwp.wwp', 'class_name': 'TMainForm', 'control_type': 'Window'} last_validation_age_s=2.8429999999934807 diagnostic_fast_mode=False
2026-08-25 22:21:19.597 | DEBUG    | winwatt_automation.live_ui.app_connector:get_cached_main_window:566 - DBG_PHASE_TIMING phase=get_cached_main_window elapsed_ms=0.000 reason_code=cache_reused_without_validation
2026-08-25 22:21:19.692 | DEBUG    | winwatt_automation.live_ui.app_connector:get_cached_main_window:565 - DBG_WINWATT_CACHE_GET reason_code=cache_reused_without_validation payload={'wrapper_type': 'UIAWrapper', 'handle': 1837942, 'process_id': 13928, 'title': 'WinWatt gólya - C:\\Users\\Admin\\Documents\\GitHub\\autowinwatt\\winwatt_automation\\tests\\testwwp.wwp', 'class_name': 'TMainForm', 'control_type': 'Window'} last_validation_age_s=2.937000000005355 diagnostic_fast_mode=False
2026-08-25 22:21:19.692 | DEBUG    | winwatt_automation.live_ui.app_connector:get_cached_main_window:566 - DBG_PHASE_TIMING phase=get_cached_main_window elapsed_ms=0.000 reason_code=cache_reused_without_validation
2026-08-25 22:21:19.697 | DEBUG    | winwatt_automation.live_ui.app_connector:get_cached_main_window:565 - DBG_WINWATT_CACHE_GET reason_code=cache_reused_without_validation payload={'wrapper_type': 'UIAWrapper', 'handle': 1837942, 'process_id': 13928, 'title': 'WinWatt gólya - C:\\Users\\Admin\\Documents\\GitHub\\autowinwatt\\winwatt_automation\\tests\\testwwp.wwp', 'class_name': 'TMainForm', 'control_type': 'Window'} last_validation_age_s=2.937000000005355 diagnostic_fast_mode=False
2026-08-25 22:21:19.700 | DEBUG    | winwatt_automation.live_ui.app_connector:get_cached_main_window:566 - DBG_PHASE_TIMING phase=get_cached_main_window elapsed_ms=16.000 reason_code=cache_reused_without_validation
2026-08-25 22:21:19.700 | INFO     | winwatt_automation.live_ui.menu_helpers:_menu_items:1101 - DBG_MENU_ITEMS_SUMMARY total_items=7 visible_items=7 topbar_band=(181, 106, 574, 159) topbar_band_visible_count=7 popup_region_visible_count=0 force_refresh=False handle=1837942
2026-08-25 22:21:19.700 | DEBUG    | winwatt_automation.live_ui.menu_helpers:_menu_items:1111 - Discovered 7 MenuItem controls
2026-08-25 22:21:19.700 | DEBUG    | winwatt_automation.live_ui.menu_helpers:_log_phase_timing:83 - DBG_PHASE_TIMING phase=_menu_items elapsed_ms=16.000 force_refresh=False total_items=7 visible_items=7
2026-08-25 22:21:19.703 | DEBUG    | winwatt_automation.live_ui.menu_helpers:_log_popup_fragment:499 - DBG_MENU_FRAGMENT_MAIN_WINDOW source_scope=main_window control_type=MenuItem class_name= text='Rendszer' rectangle={'left': 181, 'top': 106, 'right': 209, 'bottom': 134} center=(195, 120) process_id=13928 native_handle=None topbar_candidate=True popup_candidate=False
2026-08-25 22:21:19.703 | DEBUG    | winwatt_automation.live_ui.menu_helpers:_log_popup_fragment:499 - DBG_MENU_FRAGMENT_MAIN_WINDOW source_scope=main_window control_type=MenuItem class_name= text='Fájl' rectangle={'left': 181, 'top': 135, 'right': 221, 'bottom': 159} center=(201, 147) process_id=13928 native_handle=None topbar_candidate=True popup_candidate=False
2026-08-25 22:21:19.703 | DEBUG    | winwatt_automation.live_ui.menu_helpers:_log_popup_fragment:499 - DBG_MENU_FRAGMENT_MAIN_WINDOW source_scope=main_window control_type=MenuItem class_name= text='Jegyzékek' rectangle={'left': 221, 'top': 135, 'right': 304, 'bottom': 159} center=(262, 147) process_id=13928 native_handle=None topbar_candidate=True popup_candidate=False
2026-08-25 22:21:19.703 | DEBUG    | winwatt_automation.live_ui.menu_helpers:_log_popup_fragment:499 - DBG_MENU_FRAGMENT_MAIN_WINDOW source_scope=main_window control_type=MenuItem class_name= text='Eszközök' rectangle={'left': 304, 'top': 135, 'right': 380, 'bottom': 159} center=(342, 147) process_id=13928 native_handle=None topbar_candidate=True popup_candidate=False
2026-08-25 22:21:19.703 | DEBUG    | winwatt_automation.live_ui.menu_helpers:_log_popup_fragment:499 - DBG_MENU_FRAGMENT_MAIN_WINDOW source_scope=main_window control_type=MenuItem class_name= text='Beállítások' rectangle={'left': 380, 'top': 135, 'right': 468, 'bottom': 159} center=(424, 147) process_id=13928 native_handle=None topbar_candidate=True popup_candidate=False
2026-08-25 22:21:19.706 | DEBUG    | winwatt_automation.live_ui.menu_helpers:_log_popup_fragment:499 - DBG_MENU_FRAGMENT_MAIN_WINDOW source_scope=main_window control_type=MenuItem class_name= text='Ablak' rectangle={'left': 468, 'top': 135, 'right': 523, 'bottom': 159} center=(495, 147) process_id=13928 native_handle=None topbar_candidate=True popup_candidate=False
2026-08-25 22:21:19.706 | DEBUG    | winwatt_automation.live_ui.menu_helpers:_log_popup_fragment:499 - DBG_MENU_FRAGMENT_MAIN_WINDOW source_scope=main_window control_type=MenuItem class_name= text='Súgó' rectangle={'left': 523, 'top': 135, 'right': 574, 'bottom': 159} center=(548, 147) process_id=13928 native_handle=None topbar_candidate=True popup_candidate=False
2026-08-25 22:21:19.706 | DEBUG    | winwatt_automation.live_ui.menu_helpers:_menu_like_controls_from_main_window:1599 - DBG_MENU_FRAGMENT_SOURCE_SUMMARY source_scope=main_window count=7
2026-08-25 22:21:19.710 | DEBUG    | winwatt_automation.live_ui.app_connector:get_cached_main_window:565 - DBG_WINWATT_CACHE_GET reason_code=cache_reused_without_validation payload={'wrapper_type': 'UIAWrapper', 'handle': 1837942, 'process_id': 13928, 'title': 'WinWatt gólya - C:\\Users\\Admin\\Documents\\GitHub\\autowinwatt\\winwatt_automation\\tests\\testwwp.wwp', 'class_name': 'TMainForm', 'control_type': 'Window'} last_validation_age_s=2.952999999979511 diagnostic_fast_mode=False
2026-08-25 22:21:19.710 | DEBUG    | winwatt_automation.live_ui.app_connector:get_cached_main_window:566 - DBG_PHASE_TIMING phase=get_cached_main_window elapsed_ms=0.000 reason_code=cache_reused_without_validation
2026-08-25 22:21:19.713 | DEBUG    | winwatt_automation.live_ui.app_connector:get_cached_main_window:565 - DBG_WINWATT_CACHE_GET reason_code=cache_reused_without_validation payload={'wrapper_type': 'UIAWrapper', 'handle': 1837942, 'process_id': 13928, 'title': 'WinWatt gólya - C:\\Users\\Admin\\Documents\\GitHub\\autowinwatt\\winwatt_automation\\tests\\testwwp.wwp', 'class_name': 'TMainForm', 'control_type': 'Window'} last_validation_age_s=2.952999999979511 diagnostic_fast_mode=False
2026-08-25 22:21:19.713 | DEBUG    | winwatt_automation.live_ui.app_connector:get_cached_main_window:566 - DBG_PHASE_TIMING phase=get_cached_main_window elapsed_ms=0.000 reason_code=cache_reused_without_validation
2026-08-25 22:21:19.948 | DEBUG    | winwatt_automation.live_ui.menu_helpers:_log_popup_fragment:499 - DBG_MENU_FRAGMENT_GLOBAL_SCAN source_scope=global_process_scan control_type=MenuItem class_name= text='Rendszer' rectangle={'left': 181, 'top': 106, 'right': 209, 'bottom': 134} center=(195, 120) process_id=13928 native_handle=None topbar_candidate=True popup_candidate=False
2026-08-25 22:21:19.948 | DEBUG    | winwatt_automation.live_ui.menu_helpers:_log_popup_fragment:499 - DBG_MENU_FRAGMENT_GLOBAL_SCAN source_scope=global_process_scan control_type=MenuItem class_name= text='Fájl' rectangle={'left': 181, 'top': 135, 'right': 221, 'bottom': 159} center=(201, 147) process_id=13928 native_handle=None topbar_candidate=True popup_candidate=False
2026-08-25 22:21:19.948 | DEBUG    | winwatt_automation.live_ui.menu_helpers:_log_popup_fragment:499 - DBG_MENU_FRAGMENT_GLOBAL_SCAN source_scope=global_process_scan control_type=MenuItem class_name= text='Jegyzékek' rectangle={'left': 221, 'top': 135, 'right': 304, 'bottom': 159} center=(262, 147) process_id=13928 native_handle=None topbar_candidate=True popup_candidate=False
2026-08-25 22:21:19.953 | DEBUG    | winwatt_automation.live_ui.menu_helpers:_log_popup_fragment:499 - DBG_MENU_FRAGMENT_GLOBAL_SCAN source_scope=global_process_scan control_type=MenuItem class_name= text='Eszközök' rectangle={'left': 304, 'top': 135, 'right': 380, 'bottom': 159} center=(342, 147) process_id=13928 native_handle=None topbar_candidate=True popup_candidate=False
2026-08-25 22:21:19.953 | DEBUG    | winwatt_automation.live_ui.menu_helpers:_log_popup_fragment:499 - DBG_MENU_FRAGMENT_GLOBAL_SCAN source_scope=global_process_scan control_type=MenuItem class_name= text='Beállítások' rectangle={'left': 380, 'top': 135, 'right': 468, 'bottom': 159} center=(424, 147) process_id=13928 native_handle=None topbar_candidate=True popup_candidate=False
2026-08-25 22:21:19.953 | DEBUG    | winwatt_automation.live_ui.menu_helpers:_log_popup_fragment:499 - DBG_MENU_FRAGMENT_GLOBAL_SCAN source_scope=global_process_scan control_type=MenuItem class_name= text='Ablak' rectangle={'left': 468, 'top': 135, 'right': 523, 'bottom': 159} center=(495, 147) process_id=13928 native_handle=None topbar_candidate=True popup_candidate=False
2026-08-25 22:21:19.953 | DEBUG    | winwatt_automation.live_ui.menu_helpers:_log_popup_fragment:499 - DBG_MENU_FRAGMENT_GLOBAL_SCAN source_scope=global_process_scan control_type=MenuItem class_name= text='Súgó' rectangle={'left': 523, 'top': 135, 'right': 574, 'bottom': 159} center=(548, 147) process_id=13928 native_handle=None topbar_candidate=True popup_candidate=False
2026-08-25 22:21:19.953 | DEBUG    | winwatt_automation.live_ui.menu_helpers:_menu_like_controls_from_global_process_scan:1631 - DBG_MENU_FRAGMENT_SOURCE_SUMMARY source_scope=global_process_scan count=7 process_id=13928
2026-08-25 22:21:19.953 | DEBUG    | winwatt_automation.live_ui.app_connector:get_cached_main_window:565 - DBG_WINWATT_CACHE_GET reason_code=cache_reused_without_validation payload={'wrapper_type': 'UIAWrapper', 'handle': 1837942, 'process_id': 13928, 'title': 'WinWatt gólya - C:\\Users\\Admin\\Documents\\GitHub\\autowinwatt\\winwatt_automation\\tests\\testwwp.wwp', 'class_name': 'TMainForm', 'control_type': 'Window'} last_validation_age_s=3.202999999979511 diagnostic_fast_mode=False
2026-08-25 22:21:19.953 | DEBUG    | winwatt_automation.live_ui.app_connector:get_cached_main_window:566 - DBG_PHASE_TIMING phase=get_cached_main_window elapsed_ms=0.000 reason_code=cache_reused_without_validation
2026-08-25 22:21:19.953 | DEBUG    | winwatt_automation.live_ui.menu_helpers:capture_menu_popup_snapshot:1682 - DBG_POPUP_ROW_DEDUPE rect={'left': 181, 'top': 106, 'right': 209, 'bottom': 134} normalized_text=rendszer class_name= source_scope=main_window deduplicated=False
2026-08-25 22:21:19.953 | DEBUG    | winwatt_automation.live_ui.menu_helpers:capture_menu_popup_snapshot:1682 - DBG_POPUP_ROW_DEDUPE rect={'left': 181, 'top': 135, 'right': 221, 'bottom': 159} normalized_text=fájl class_name= source_scope=main_window deduplicated=False
2026-08-25 22:21:19.953 | DEBUG    | winwatt_automation.live_ui.menu_helpers:capture_menu_popup_snapshot:1682 - DBG_POPUP_ROW_DEDUPE rect={'left': 221, 'top': 135, 'right': 304, 'bottom': 159} normalized_text=jegyzékek class_name= source_scope=main_window deduplicated=False
2026-08-25 22:21:19.962 | DEBUG    | winwatt_automation.live_ui.menu_helpers:capture_menu_popup_snapshot:1682 - DBG_POPUP_ROW_DEDUPE rect={'left': 304, 'top': 135, 'right': 380, 'bottom': 159} normalized_text=eszközök class_name= source_scope=main_window deduplicated=False
2026-08-25 22:21:19.962 | DEBUG    | winwatt_automation.live_ui.menu_helpers:capture_menu_popup_snapshot:1682 - DBG_POPUP_ROW_DEDUPE rect={'left': 380, 'top': 135, 'right': 468, 'bottom': 159} normalized_text=beállítások class_name= source_scope=main_window deduplicated=False
2026-08-25 22:21:19.962 | DEBUG    | winwatt_automation.live_ui.menu_helpers:capture_menu_popup_snapshot:1682 - DBG_POPUP_ROW_DEDUPE rect={'left': 468, 'top': 135, 'right': 523, 'bottom': 159} normalized_text=ablak class_name= source_scope=main_window deduplicated=False
2026-08-25 22:21:19.962 | DEBUG    | winwatt_automation.live_ui.menu_helpers:capture_menu_popup_snapshot:1682 - DBG_POPUP_ROW_DEDUPE rect={'left': 523, 'top': 135, 'right': 574, 'bottom': 159} normalized_text=súgó class_name= source_scope=main_window deduplicated=False
2026-08-25 22:21:19.962 | DEBUG    | winwatt_automation.live_ui.menu_helpers:capture_menu_popup_snapshot:1682 - DBG_POPUP_ROW_DEDUPE rect={'left': 181, 'top': 106, 'right': 209, 'bottom': 134} normalized_text=rendszer class_name= source_scope=global_process_scan deduplicated=False
2026-08-25 22:21:19.962 | DEBUG    | winwatt_automation.live_ui.menu_helpers:capture_menu_popup_snapshot:1682 - DBG_POPUP_ROW_DEDUPE rect={'left': 181, 'top': 135, 'right': 221, 'bottom': 159} normalized_text=fájl class_name= source_scope=global_process_scan deduplicated=False
2026-08-25 22:21:19.962 | DEBUG    | winwatt_automation.live_ui.menu_helpers:capture_menu_popup_snapshot:1682 - DBG_POPUP_ROW_DEDUPE rect={'left': 221, 'top': 135, 'right': 304, 'bottom': 159} normalized_text=jegyzékek class_name= source_scope=global_process_scan deduplicated=False
2026-08-25 22:21:19.962 | DEBUG    | winwatt_automation.live_ui.menu_helpers:capture_menu_popup_snapshot:1682 - DBG_POPUP_ROW_DEDUPE rect={'left': 304, 'top': 135, 'right': 380, 'bottom': 159} normalized_text=eszközök class_name= source_scope=global_process_scan deduplicated=False
2026-08-25 22:21:19.962 | DEBUG    | winwatt_automation.live_ui.menu_helpers:capture_menu_popup_snapshot:1682 - DBG_POPUP_ROW_DEDUPE rect={'left': 380, 'top': 135, 'right': 468, 'bottom': 159} normalized_text=beállítások class_name= source_scope=global_process_scan deduplicated=False
2026-08-25 22:21:19.962 | DEBUG    | winwatt_automation.live_ui.menu_helpers:capture_menu_popup_snapshot:1682 - DBG_POPUP_ROW_DEDUPE rect={'left': 468, 'top': 135, 'right': 523, 'bottom': 159} normalized_text=ablak class_name= source_scope=global_process_scan deduplicated=False
2026-08-25 22:21:19.962 | DEBUG    | winwatt_automation.live_ui.menu_helpers:capture_menu_popup_snapshot:1682 - DBG_POPUP_ROW_DEDUPE rect={'left': 523, 'top': 135, 'right': 574, 'bottom': 159} normalized_text=súgó class_name= source_scope=global_process_scan deduplicated=False
2026-08-25 22:21:19.963 | INFO     | winwatt_automation.live_ui.menu_helpers:capture_menu_popup_snapshot:1724 - POPUP_SNAPSHOT_SUMMARY main_window_fragments=7 global_scan_fragments=7 deduped_fragments=14 topbar_like=12 popup_like=0 empty_text=0 topbar_band=(181, 135, 574, 159) empty_text_vertical_cluster_detected=False accepted_popup_rows=0 popup_heuristic=candidate_count_below_threshold
2026-08-25 22:21:19.963 | DEBUG    | winwatt_automation.live_ui.menu_helpers:capture_menu_popup_snapshot:1737 - Captured menu snapshot rows=14
2026-08-25 22:21:19.963 | DEBUG    | winwatt_automation.live_ui.menu_helpers:_log_phase_timing:83 - DBG_PHASE_TIMING phase=capture_menu_popup_snapshot elapsed_ms=360.000 main_rows=7 global_rows=7 unique_rows=14 diagnostic_fast_mode=False
2026-08-25 22:21:19.964 | DEBUG    | winwatt_automation.live_ui.app_connector:get_cached_main_window:565 - DBG_WINWATT_CACHE_GET reason_code=cache_reused_without_validation payload={'wrapper_type': 'UIAWrapper', 'handle': 1837942, 'process_id': 13928, 'title': 'WinWatt gólya - C:\\Users\\Admin\\Documents\\GitHub\\autowinwatt\\winwatt_automation\\tests\\testwwp.wwp', 'class_name': 'TMainForm', 'control_type': 'Window'} last_validation_age_s=3.202999999979511 diagnostic_fast_mode=False
2026-08-25 22:21:19.964 | DEBUG    | winwatt_automation.live_ui.app_connector:get_cached_main_window:566 - DBG_PHASE_TIMING phase=get_cached_main_window elapsed_ms=0.000 reason_code=cache_reused_without_validation
2026-08-25 22:21:20.149 | DEBUG    | winwatt_automation.live_ui.app_connector:get_cached_main_window:565 - DBG_WINWATT_CACHE_GET reason_code=cache_reused_without_validation payload={'wrapper_type': 'UIAWrapper', 'handle': 1837942, 'process_id': 13928, 'title': 'WinWatt gólya - C:\\Users\\Admin\\Documents\\GitHub\\autowinwatt\\winwatt_automation\\tests\\testwwp.wwp', 'class_name': 'TMainForm', 'control_type': 'Window'} last_validation_age_s=3.389999999984866 diagnostic_fast_mode=False
2026-08-25 22:21:20.149 | DEBUG    | winwatt_automation.live_ui.app_connector:get_cached_main_window:566 - DBG_PHASE_TIMING phase=get_cached_main_window elapsed_ms=0.000 reason_code=cache_reused_without_validation
2026-08-25 22:21:20.149 | DEBUG    | winwatt_automation.live_ui.app_connector:get_cached_main_window:565 - DBG_WINWATT_CACHE_GET reason_code=cache_reused_without_validation payload={'wrapper_type': 'UIAWrapper', 'handle': 1837942, 'process_id': 13928, 'title': 'WinWatt gólya - C:\\Users\\Admin\\Documents\\GitHub\\autowinwatt\\winwatt_automation\\tests\\testwwp.wwp', 'class_name': 'TMainForm', 'control_type': 'Window'} last_validation_age_s=3.389999999984866 diagnostic_fast_mode=False
2026-08-25 22:21:20.149 | DEBUG    | winwatt_automation.live_ui.app_connector:get_cached_main_window:566 - DBG_PHASE_TIMING phase=get_cached_main_window elapsed_ms=0.000 reason_code=cache_reused_without_validation
2026-08-25 22:21:20.613 | INFO     | winwatt_automation.live_ui.menu_helpers:_menu_items:1101 - DBG_MENU_ITEMS_SUMMARY total_items=7 visible_items=7 topbar_band=(181, 106, 574, 159) topbar_band_visible_count=7 popup_region_visible_count=0 force_refresh=True handle=1837942
2026-08-25 22:21:20.613 | DEBUG    | winwatt_automation.live_ui.menu_helpers:_menu_items:1111 - Discovered 7 MenuItem controls
2026-08-25 22:21:20.613 | DEBUG    | winwatt_automation.live_ui.menu_helpers:_log_phase_timing:83 - DBG_PHASE_TIMING phase=_menu_items elapsed_ms=469.000 force_refresh=True total_items=7 visible_items=7
2026-08-25 22:21:20.692 | INFO     | winwatt_automation.live_ui.menu_helpers:list_top_menu_items:1141 - Top-level menu items (raw): ['Rendszer', 'Fájl', 'Jegyzékek', 'Eszközök', 'Beállítások', 'Ablak', 'Súgó']
2026-08-25 22:21:20.692 | DEBUG    | winwatt_automation.live_ui.menu_helpers:_log_phase_timing:83 - DBG_PHASE_TIMING phase=list_top_menu_items elapsed_ms=547.000 count=7
2026-08-25 22:21:20.693 | INFO     | winwatt_automation.runtime_mapping.program_mapper:explore_menu_tree:3583 - DBG_WINWATT_NORMAL_MENU_OPEN_NO_POPUP state=project_open top_menu=Fájl attempt=0 raw_row_count=14 popup_like_count=0 topbar_like_count=12 filtered_row_count=0
2026-08-25 22:21:20.693 | INFO     | winwatt_automation.runtime_mapping.program_mapper:_open_and_capture_root_menu:1489 - DBG_WINWATT_NORMAL_MENU_OPEN_START state=project_open top_menu=Fájl menu_kind=normal
2026-08-25 22:21:20.696 | DEBUG    | winwatt_automation.live_ui.app_connector:get_cached_main_window:565 - DBG_WINWATT_CACHE_GET reason_code=cache_reused_without_validation payload={'wrapper_type': 'UIAWrapper', 'handle': 1837942, 'process_id': 13928, 'title': 'WinWatt gólya - C:\\Users\\Admin\\Documents\\GitHub\\autowinwatt\\winwatt_automation\\tests\\testwwp.wwp', 'class_name': 'TMainForm', 'control_type': 'Window'} last_validation_age_s=3.937000000005355 diagnostic_fast_mode=False
2026-08-25 22:21:20.696 | DEBUG    | winwatt_automation.live_ui.app_connector:get_cached_main_window:566 - DBG_PHASE_TIMING phase=get_cached_main_window elapsed_ms=0.000 reason_code=cache_reused_without_validation
2026-08-25 22:21:20.903 | INFO     | winwatt_automation.live_ui.app_connector:is_winwatt_foreground_context:1123 - DBG_WINWATT_FOREGROUND_CONTEXT expected_handle=1837942 expected_process_id=13928 expected_title=WinWatt gólya - C:\Users\Admin\Documents\GitHub\autowinwatt\winwatt_automation\tests\testwwp.wwp expected_class_name=TMainForm actual_foreground_handle=1837942 actual_foreground_process_id=13928 actual_foreground_title=WinWatt gólya - C:\Users\Admin\Documents\GitHub\autowinwatt\winwatt_automation\tests\testwwp.wwp actual_foreground_class_name=TMainForm allow_dialog=True result_reason=handle_match
2026-08-25 22:21:20.907 | INFO     | winwatt_automation.live_ui.app_connector:_cached_window_health_status:489 - DBG_WINWATT_CACHE_HEALTH reason_code=healthy payload={'wrapper_type': 'UIAWrapper', 'handle': 1837942, 'process_id': 13928, 'title': 'WinWatt gólya - C:\\Users\\Admin\\Documents\\GitHub\\autowinwatt\\winwatt_automation\\tests\\testwwp.wwp', 'class_name': 'TMainForm', 'control_type': 'Window'}
2026-08-25 22:21:20.910 | DEBUG    | winwatt_automation.live_ui.app_connector:get_cached_main_window:574 - DBG_WINWATT_CACHE_GET reason_code=cache_validated_ok payload={'wrapper_type': 'UIAWrapper', 'handle': 1837942, 'process_id': 13928, 'title': 'WinWatt gólya - C:\\Users\\Admin\\Documents\\GitHub\\autowinwatt\\winwatt_automation\\tests\\testwwp.wwp', 'class_name': 'TMainForm', 'control_type': 'Window'} last_validation_age_s=4.139999999984866 diagnostic_fast_mode=False
2026-08-25 22:21:20.911 | DEBUG    | winwatt_automation.live_ui.app_connector:get_cached_main_window:575 - DBG_PHASE_TIMING phase=get_cached_main_window elapsed_ms=16.000 reason_code=cache_validated_ok
2026-08-25 22:21:20.916 | DEBUG    | winwatt_automation.live_ui.app_connector:get_cached_main_window:565 - DBG_WINWATT_CACHE_GET reason_code=cache_reused_without_validation payload={'wrapper_type': 'UIAWrapper', 'handle': 1837942, 'process_id': 13928, 'title': 'WinWatt gólya - C:\\Users\\Admin\\Documents\\GitHub\\autowinwatt\\winwatt_automation\\tests\\testwwp.wwp', 'class_name': 'TMainForm', 'control_type': 'Window'} last_validation_age_s=0.01600000000325963 diagnostic_fast_mode=False
2026-08-25 22:21:20.917 | DEBUG    | winwatt_automation.live_ui.app_connector:get_cached_main_window:566 - DBG_PHASE_TIMING phase=get_cached_main_window elapsed_ms=0.000 reason_code=cache_reused_without_validation
2026-08-25 22:21:21.420 | INFO     | winwatt_automation.live_ui.menu_helpers:_menu_items:1101 - DBG_MENU_ITEMS_SUMMARY total_items=7 visible_items=7 topbar_band=(181, 106, 574, 159) topbar_band_visible_count=7 popup_region_visible_count=0 force_refresh=True handle=1837942
2026-08-25 22:21:21.421 | DEBUG    | winwatt_automation.live_ui.menu_helpers:_menu_items:1111 - Discovered 7 MenuItem controls
2026-08-25 22:21:21.421 | DEBUG    | winwatt_automation.live_ui.menu_helpers:_log_phase_timing:83 - DBG_PHASE_TIMING phase=_menu_items elapsed_ms=532.000 force_refresh=True total_items=7 visible_items=7
2026-08-25 22:21:21.486 | INFO     | winwatt_automation.live_ui.menu_helpers:list_top_menu_items:1141 - Top-level menu items (raw): ['Rendszer', 'Fájl', 'Jegyzékek', 'Eszközök', 'Beállítások', 'Ablak', 'Súgó']
2026-08-25 22:21:21.486 | DEBUG    | winwatt_automation.live_ui.menu_helpers:_log_phase_timing:83 - DBG_PHASE_TIMING phase=list_top_menu_items elapsed_ms=594.000 count=7
2026-08-25 22:21:21.490 | DEBUG    | winwatt_automation.live_ui.app_connector:get_cached_main_window:565 - DBG_WINWATT_CACHE_GET reason_code=cache_reused_without_validation payload={'wrapper_type': 'UIAWrapper', 'handle': 1837942, 'process_id': 13928, 'title': 'WinWatt gólya - C:\\Users\\Admin\\Documents\\GitHub\\autowinwatt\\winwatt_automation\\tests\\testwwp.wwp', 'class_name': 'TMainForm', 'control_type': 'Window'} last_validation_age_s=0.5940000000118744 diagnostic_fast_mode=False
2026-08-25 22:21:21.491 | DEBUG    | winwatt_automation.live_ui.app_connector:get_cached_main_window:566 - DBG_PHASE_TIMING phase=get_cached_main_window elapsed_ms=0.000 reason_code=cache_reused_without_validation
2026-08-25 22:21:21.551 | INFO     | winwatt_automation.live_ui.app_connector:prepare_main_window_for_menu_interaction:970 - Preparing WinWatt window for menu interaction
2026-08-25 22:21:21.553 | DEBUG    | winwatt_automation.live_ui.app_connector:get_cached_main_window:565 - DBG_WINWATT_CACHE_GET reason_code=cache_reused_without_validation payload={'wrapper_type': 'UIAWrapper', 'handle': 1837942, 'process_id': 13928, 'title': 'WinWatt gólya - C:\\Users\\Admin\\Documents\\GitHub\\autowinwatt\\winwatt_automation\\tests\\testwwp.wwp', 'class_name': 'TMainForm', 'control_type': 'Window'} last_validation_age_s=0.6570000000065193 diagnostic_fast_mode=False
2026-08-25 22:21:21.553 | DEBUG    | winwatt_automation.live_ui.app_connector:get_cached_main_window:566 - DBG_PHASE_TIMING phase=get_cached_main_window elapsed_ms=0.000 reason_code=cache_reused_without_validation
2026-08-25 22:21:21.553 | INFO     | winwatt_automation.live_ui.app_connector:prepare_main_window_for_menu_interaction:990 - Window state before: normal
2026-08-25 22:21:21.553 | INFO     | winwatt_automation.live_ui.app_connector:prepare_main_window_for_menu_interaction:1011 - Window maximized
2026-08-25 22:21:21.583 | INFO     | winwatt_automation.live_ui.app_connector:prepare_main_window_for_menu_interaction:1020 - Focus confirmed
2026-08-25 22:21:21.623 | DEBUG    | winwatt_automation.live_ui.app_connector:get_cached_main_window:565 - DBG_WINWATT_CACHE_GET reason_code=cache_reused_without_validation payload={'wrapper_type': 'UIAWrapper', 'handle': 1837942, 'process_id': 13928, 'title': 'WinWatt gólya - C:\\Users\\Admin\\Documents\\GitHub\\autowinwatt\\winwatt_automation\\tests\\testwwp.wwp', 'class_name': 'TMainForm', 'control_type': 'Window'} last_validation_age_s=0.7030000000086147 diagnostic_fast_mode=False
2026-08-25 22:21:21.623 | DEBUG    | winwatt_automation.live_ui.app_connector:get_cached_main_window:566 - DBG_PHASE_TIMING phase=get_cached_main_window elapsed_ms=32.000 reason_code=cache_reused_without_validation
2026-08-25 22:21:21.632 | INFO     | winwatt_automation.live_ui.app_connector:ensure_main_window_foreground_before_click:1179 - DBG_WINWATT_FOCUS_GUARD_PRECHECK action_label=click_top_menu_item:Fájl wrapper_type=UIAWrapper cached_handle=1837942 cached_pid=13928 cached_title=WinWatt gólya - C:\Users\Admin\Documents\GitHub\autowinwatt\winwatt_automation\tests\testwwp.wwp cached_class=TMainForm precheck_exists=False precheck_visible=True precheck_enabled=True rect={'left': -10, 'top': -10, 'right': 1930, 'bottom': 1030, 'width': 1940, 'height': 1040}
2026-08-25 22:21:21.632 | WARNING  | winwatt_automation.live_ui.app_connector:ensure_main_window_foreground_before_click:1277 - DBG_WINWATT_FOCUS_GUARD_CLICK_OVERRIDE action_label=click_top_menu_item:Fájl reason=exists_false_but_identity_strong wrapper_type=UIAWrapper identity_reasons=['handle', 'process_id', 'title', 'class_name', 'rect', 'visible', 'enabled'] cached_identity={'wrapper_type': 'UIAWrapper', 'handle': 1837942, 'process_id': 13928, 'title': 'WinWatt gólya - C:\\Users\\Admin\\Documents\\GitHub\\autowinwatt\\winwatt_automation\\tests\\testwwp.wwp', 'class_name': 'TMainForm', 'control_type': 'Window'} rect={'left': -10, 'top': -10, 'right': 1930, 'bottom': 1030, 'width': 1940, 'height': 1040}
2026-08-25 22:21:21.671 | INFO     | winwatt_automation.live_ui.app_connector:is_winwatt_foreground_context:1123 - DBG_WINWATT_FOREGROUND_CONTEXT expected_handle=1837942 expected_process_id=13928 expected_title=WinWatt gólya - C:\Users\Admin\Documents\GitHub\autowinwatt\winwatt_automation\tests\testwwp.wwp expected_class_name=TMainForm actual_foreground_handle=1837942 actual_foreground_process_id=13928 actual_foreground_title=WinWatt gólya - C:\Users\Admin\Documents\GitHub\autowinwatt\winwatt_automation\tests\testwwp.wwp actual_foreground_class_name=TMainForm allow_dialog=False result_reason=handle_match
2026-08-25 22:21:21.676 | INFO     | winwatt_automation.live_ui.app_connector:ensure_main_window_foreground_before_click:1340 - DBG_WINWATT_FOCUS_GUARD_RESULT action_label=click_top_menu_item:Fájl status=focus_ok reason=handle_match foreground={'handle': 1837942, 'title': 'WinWatt gólya - C:\\Users\\Admin\\Documents\\GitHub\\autowinwatt\\winwatt_automation\\tests\\testwwp.wwp', 'class_name': 'TMainForm', 'process_id': 13928} same_context_as_cached_main=True win32_uia_identity_match=True
2026-08-25 22:21:21.676 | INFO     | winwatt_automation.live_ui.menu_helpers:click_top_menu_item:2326 - click_top_menu_item('Fájl'): foreground_before_click={'handle': 1837942, 'title': 'WinWatt gólya - C:\\Users\\Admin\\Documents\\GitHub\\autowinwatt\\winwatt_automation\\tests\\testwwp.wwp', 'class_name': 'TMainForm', 'process_id': 13928}
2026-08-25 22:21:21.684 | DEBUG    | winwatt_automation.live_ui.app_connector:get_cached_main_window:565 - DBG_WINWATT_CACHE_GET reason_code=cache_reused_without_validation payload={'wrapper_type': 'UIAWrapper', 'handle': 1837942, 'process_id': 13928, 'title': 'WinWatt gólya - C:\\Users\\Admin\\Documents\\GitHub\\autowinwatt\\winwatt_automation\\tests\\testwwp.wwp', 'class_name': 'TMainForm', 'control_type': 'Window'} last_validation_age_s=0.7820000000065193 diagnostic_fast_mode=False
2026-08-25 22:21:21.684 | DEBUG    | winwatt_automation.live_ui.app_connector:get_cached_main_window:566 - DBG_PHASE_TIMING phase=get_cached_main_window elapsed_ms=0.000 reason_code=cache_reused_without_validation
2026-08-25 22:21:21.692 | DEBUG    | winwatt_automation.live_ui.app_connector:get_cached_main_window:565 - DBG_WINWATT_CACHE_GET reason_code=cache_reused_without_validation payload={'wrapper_type': 'UIAWrapper', 'handle': 1837942, 'process_id': 13928, 'title': 'WinWatt gólya - C:\\Users\\Admin\\Documents\\GitHub\\autowinwatt\\winwatt_automation\\tests\\testwwp.wwp', 'class_name': 'TMainForm', 'control_type': 'Window'} last_validation_age_s=0.7820000000065193 diagnostic_fast_mode=False
2026-08-25 22:21:21.692 | DEBUG    | winwatt_automation.live_ui.app_connector:get_cached_main_window:566 - DBG_PHASE_TIMING phase=get_cached_main_window elapsed_ms=15.000 reason_code=cache_reused_without_validation
2026-08-25 22:21:22.013 | INFO     | winwatt_automation.live_ui.menu_helpers:_menu_items:1101 - DBG_MENU_ITEMS_SUMMARY total_items=7 visible_items=7 topbar_band=(181, 106, 574, 159) topbar_band_visible_count=0 popup_region_visible_count=0 force_refresh=False handle=1837942
2026-08-25 22:21:22.013 | DEBUG    | winwatt_automation.live_ui.menu_helpers:_menu_items:1111 - Discovered 7 MenuItem controls
2026-08-25 22:21:22.013 | DEBUG    | winwatt_automation.live_ui.menu_helpers:_log_phase_timing:83 - DBG_PHASE_TIMING phase=_menu_items elapsed_ms=343.000 force_refresh=False total_items=7 visible_items=7
2026-08-25 22:21:22.080 | DEBUG    | winwatt_automation.live_ui.app_connector:get_cached_main_window:565 - DBG_WINWATT_CACHE_GET reason_code=cache_reused_without_validation payload={'wrapper_type': 'UIAWrapper', 'handle': 1837942, 'process_id': 13928, 'title': 'WinWatt gólya - C:\\Users\\Admin\\Documents\\GitHub\\autowinwatt\\winwatt_automation\\tests\\testwwp.wwp', 'class_name': 'TMainForm', 'control_type': 'Window'} last_validation_age_s=1.187999999994645 diagnostic_fast_mode=False
2026-08-25 22:21:22.080 | DEBUG    | winwatt_automation.live_ui.app_connector:get_cached_main_window:566 - DBG_PHASE_TIMING phase=get_cached_main_window elapsed_ms=0.000 reason_code=cache_reused_without_validation
2026-08-25 22:21:22.168 | DEBUG    | winwatt_automation.live_ui.app_connector:get_cached_main_window:565 - DBG_WINWATT_CACHE_GET reason_code=cache_reused_without_validation payload={'wrapper_type': 'UIAWrapper', 'handle': 1837942, 'process_id': 13928, 'title': 'WinWatt gólya - C:\\Users\\Admin\\Documents\\GitHub\\autowinwatt\\winwatt_automation\\tests\\testwwp.wwp', 'class_name': 'TMainForm', 'control_type': 'Window'} last_validation_age_s=1.2660000000032596 diagnostic_fast_mode=False
2026-08-25 22:21:22.168 | DEBUG    | winwatt_automation.live_ui.app_connector:get_cached_main_window:566 - DBG_PHASE_TIMING phase=get_cached_main_window elapsed_ms=0.000 reason_code=cache_reused_without_validation
2026-08-25 22:21:22.174 | DEBUG    | winwatt_automation.live_ui.app_connector:get_cached_main_window:565 - DBG_WINWATT_CACHE_GET reason_code=cache_reused_without_validation payload={'wrapper_type': 'UIAWrapper', 'handle': 1837942, 'process_id': 13928, 'title': 'WinWatt gólya - C:\\Users\\Admin\\Documents\\GitHub\\autowinwatt\\winwatt_automation\\tests\\testwwp.wwp', 'class_name': 'TMainForm', 'control_type': 'Window'} last_validation_age_s=1.2660000000032596 diagnostic_fast_mode=False
2026-08-25 22:21:22.175 | DEBUG    | winwatt_automation.live_ui.app_connector:get_cached_main_window:566 - DBG_PHASE_TIMING phase=get_cached_main_window elapsed_ms=16.000 reason_code=cache_reused_without_validation
2026-08-25 22:21:22.175 | INFO     | winwatt_automation.live_ui.menu_helpers:_menu_items:1101 - DBG_MENU_ITEMS_SUMMARY total_items=7 visible_items=7 topbar_band=(0, 0, 392, 53) topbar_band_visible_count=7 popup_region_visible_count=0 force_refresh=False handle=1837942
2026-08-25 22:21:22.175 | DEBUG    | winwatt_automation.live_ui.menu_helpers:_menu_items:1111 - Discovered 7 MenuItem controls
2026-08-25 22:21:22.175 | DEBUG    | winwatt_automation.live_ui.menu_helpers:_log_phase_timing:83 - DBG_PHASE_TIMING phase=_menu_items elapsed_ms=16.000 force_refresh=False total_items=7 visible_items=7
2026-08-25 22:21:22.175 | DEBUG    | winwatt_automation.live_ui.menu_helpers:_log_popup_fragment:499 - DBG_MENU_FRAGMENT_MAIN_WINDOW source_scope=main_window control_type=MenuItem class_name= text='Rendszer' rectangle={'left': 0, 'top': 0, 'right': 28, 'bottom': 28} center=(14, 14) process_id=13928 native_handle=None topbar_candidate=True popup_candidate=False
2026-08-25 22:21:22.175 | DEBUG    | winwatt_automation.live_ui.menu_helpers:_log_popup_fragment:499 - DBG_MENU_FRAGMENT_MAIN_WINDOW source_scope=main_window control_type=MenuItem class_name= text='Fájl' rectangle={'left': 0, 'top': 29, 'right': 40, 'bottom': 53} center=(20, 41) process_id=13928 native_handle=None topbar_candidate=True popup_candidate=False
2026-08-25 22:21:22.175 | DEBUG    | winwatt_automation.live_ui.menu_helpers:_log_popup_fragment:499 - DBG_MENU_FRAGMENT_MAIN_WINDOW source_scope=main_window control_type=MenuItem class_name= text='Jegyzékek' rectangle={'left': 40, 'top': 29, 'right': 123, 'bottom': 53} center=(81, 41) process_id=13928 native_handle=None topbar_candidate=True popup_candidate=False
2026-08-25 22:21:22.175 | DEBUG    | winwatt_automation.live_ui.menu_helpers:_log_popup_fragment:499 - DBG_MENU_FRAGMENT_MAIN_WINDOW source_scope=main_window control_type=MenuItem class_name= text='Eszközök' rectangle={'left': 123, 'top': 29, 'right': 199, 'bottom': 53} center=(161, 41) process_id=13928 native_handle=None topbar_candidate=True popup_candidate=False
2026-08-25 22:21:22.175 | DEBUG    | winwatt_automation.live_ui.menu_helpers:_log_popup_fragment:499 - DBG_MENU_FRAGMENT_MAIN_WINDOW source_scope=main_window control_type=MenuItem class_name= text='Beállítások' rectangle={'left': 199, 'top': 29, 'right': 287, 'bottom': 53} center=(243, 41) process_id=13928 native_handle=None topbar_candidate=True popup_candidate=False
2026-08-25 22:21:22.175 | DEBUG    | winwatt_automation.live_ui.menu_helpers:_log_popup_fragment:499 - DBG_MENU_FRAGMENT_MAIN_WINDOW source_scope=main_window control_type=MenuItem class_name= text='Ablak' rectangle={'left': 286, 'top': 29, 'right': 341, 'bottom': 53} center=(313, 41) process_id=13928 native_handle=None topbar_candidate=True popup_candidate=False
2026-08-25 22:21:22.175 | DEBUG    | winwatt_automation.live_ui.menu_helpers:_log_popup_fragment:499 - DBG_MENU_FRAGMENT_MAIN_WINDOW source_scope=main_window control_type=MenuItem class_name= text='Súgó' rectangle={'left': 341, 'top': 29, 'right': 392, 'bottom': 53} center=(366, 41) process_id=13928 native_handle=None topbar_candidate=True popup_candidate=False
2026-08-25 22:21:22.175 | DEBUG    | winwatt_automation.live_ui.menu_helpers:_menu_like_controls_from_main_window:1599 - DBG_MENU_FRAGMENT_SOURCE_SUMMARY source_scope=main_window count=7
2026-08-25 22:21:22.175 | DEBUG    | winwatt_automation.live_ui.app_connector:get_cached_main_window:565 - DBG_WINWATT_CACHE_GET reason_code=cache_reused_without_validation payload={'wrapper_type': 'UIAWrapper', 'handle': 1837942, 'process_id': 13928, 'title': 'WinWatt gólya - C:\\Users\\Admin\\Documents\\GitHub\\autowinwatt\\winwatt_automation\\tests\\testwwp.wwp', 'class_name': 'TMainForm', 'control_type': 'Window'} last_validation_age_s=1.2820000000065193 diagnostic_fast_mode=False
2026-08-25 22:21:22.175 | DEBUG    | winwatt_automation.live_ui.app_connector:get_cached_main_window:566 - DBG_PHASE_TIMING phase=get_cached_main_window elapsed_ms=0.000 reason_code=cache_reused_without_validation
2026-08-25 22:21:22.175 | DEBUG    | winwatt_automation.live_ui.app_connector:get_cached_main_window:565 - DBG_WINWATT_CACHE_GET reason_code=cache_reused_without_validation payload={'wrapper_type': 'UIAWrapper', 'handle': 1837942, 'process_id': 13928, 'title': 'WinWatt gólya - C:\\Users\\Admin\\Documents\\GitHub\\autowinwatt\\winwatt_automation\\tests\\testwwp.wwp', 'class_name': 'TMainForm', 'control_type': 'Window'} last_validation_age_s=1.2820000000065193 diagnostic_fast_mode=False
2026-08-25 22:21:22.175 | DEBUG    | winwatt_automation.live_ui.app_connector:get_cached_main_window:566 - DBG_PHASE_TIMING phase=get_cached_main_window elapsed_ms=0.000 reason_code=cache_reused_without_validation
2026-08-25 22:21:22.430 | DEBUG    | winwatt_automation.live_ui.menu_helpers:_log_popup_fragment:499 - DBG_MENU_FRAGMENT_GLOBAL_SCAN source_scope=global_process_scan control_type=MenuItem class_name= text='Rendszer' rectangle={'left': 0, 'top': 0, 'right': 28, 'bottom': 28} center=(14, 14) process_id=13928 native_handle=None topbar_candidate=True popup_candidate=False
2026-08-25 22:21:22.430 | DEBUG    | winwatt_automation.live_ui.menu_helpers:_log_popup_fragment:499 - DBG_MENU_FRAGMENT_GLOBAL_SCAN source_scope=global_process_scan control_type=MenuItem class_name= text='Fájl' rectangle={'left': 0, 'top': 29, 'right': 40, 'bottom': 53} center=(20, 41) process_id=13928 native_handle=None topbar_candidate=True popup_candidate=False
2026-08-25 22:21:22.430 | DEBUG    | winwatt_automation.live_ui.menu_helpers:_log_popup_fragment:499 - DBG_MENU_FRAGMENT_GLOBAL_SCAN source_scope=global_process_scan control_type=MenuItem class_name= text='Jegyzékek' rectangle={'left': 40, 'top': 29, 'right': 123, 'bottom': 53} center=(81, 41) process_id=13928 native_handle=None topbar_candidate=True popup_candidate=False
2026-08-25 22:21:22.430 | DEBUG    | winwatt_automation.live_ui.menu_helpers:_log_popup_fragment:499 - DBG_MENU_FRAGMENT_GLOBAL_SCAN source_scope=global_process_scan control_type=MenuItem class_name= text='Eszközök' rectangle={'left': 123, 'top': 29, 'right': 199, 'bottom': 53} center=(161, 41) process_id=13928 native_handle=None topbar_candidate=True popup_candidate=False
2026-08-25 22:21:22.430 | DEBUG    | winwatt_automation.live_ui.menu_helpers:_log_popup_fragment:499 - DBG_MENU_FRAGMENT_GLOBAL_SCAN source_scope=global_process_scan control_type=MenuItem class_name= text='Beállítások' rectangle={'left': 199, 'top': 29, 'right': 287, 'bottom': 53} center=(243, 41) process_id=13928 native_handle=None topbar_candidate=True popup_candidate=False
2026-08-25 22:21:22.443 | DEBUG    | winwatt_automation.live_ui.menu_helpers:_log_popup_fragment:499 - DBG_MENU_FRAGMENT_GLOBAL_SCAN source_scope=global_process_scan control_type=MenuItem class_name= text='Ablak' rectangle={'left': 286, 'top': 29, 'right': 341, 'bottom': 53} center=(313, 41) process_id=13928 native_handle=None topbar_candidate=True popup_candidate=False
2026-08-25 22:21:22.443 | DEBUG    | winwatt_automation.live_ui.menu_helpers:_log_popup_fragment:499 - DBG_MENU_FRAGMENT_GLOBAL_SCAN source_scope=global_process_scan control_type=MenuItem class_name= text='Súgó' rectangle={'left': 341, 'top': 29, 'right': 392, 'bottom': 53} center=(366, 41) process_id=13928 native_handle=None topbar_candidate=True popup_candidate=False
2026-08-25 22:21:22.447 | DEBUG    | winwatt_automation.live_ui.menu_helpers:_menu_like_controls_from_global_process_scan:1631 - DBG_MENU_FRAGMENT_SOURCE_SUMMARY source_scope=global_process_scan count=7 process_id=13928
2026-08-25 22:21:22.452 | DEBUG    | winwatt_automation.live_ui.app_connector:get_cached_main_window:565 - DBG_WINWATT_CACHE_GET reason_code=cache_reused_without_validation payload={'wrapper_type': 'UIAWrapper', 'handle': 1837942, 'process_id': 13928, 'title': 'WinWatt gólya - C:\\Users\\Admin\\Documents\\GitHub\\autowinwatt\\winwatt_automation\\tests\\testwwp.wwp', 'class_name': 'TMainForm', 'control_type': 'Window'} last_validation_age_s=1.547000000020489 diagnostic_fast_mode=False
2026-08-25 22:21:22.452 | DEBUG    | winwatt_automation.live_ui.app_connector:get_cached_main_window:566 - DBG_PHASE_TIMING phase=get_cached_main_window elapsed_ms=16.000 reason_code=cache_reused_without_validation
2026-08-25 22:21:22.452 | DEBUG    | winwatt_automation.live_ui.menu_helpers:capture_menu_popup_snapshot:1682 - DBG_POPUP_ROW_DEDUPE rect={'left': 0, 'top': 0, 'right': 28, 'bottom': 28} normalized_text=rendszer class_name= source_scope=main_window deduplicated=False
2026-08-25 22:21:22.452 | DEBUG    | winwatt_automation.live_ui.menu_helpers:capture_menu_popup_snapshot:1682 - DBG_POPUP_ROW_DEDUPE rect={'left': 0, 'top': 29, 'right': 40, 'bottom': 53} normalized_text=fájl class_name= source_scope=main_window deduplicated=False
2026-08-25 22:21:22.452 | DEBUG    | winwatt_automation.live_ui.menu_helpers:capture_menu_popup_snapshot:1682 - DBG_POPUP_ROW_DEDUPE rect={'left': 40, 'top': 29, 'right': 123, 'bottom': 53} normalized_text=jegyzékek class_name= source_scope=main_window deduplicated=False
2026-08-25 22:21:22.452 | DEBUG    | winwatt_automation.live_ui.menu_helpers:capture_menu_popup_snapshot:1682 - DBG_POPUP_ROW_DEDUPE rect={'left': 123, 'top': 29, 'right': 199, 'bottom': 53} normalized_text=eszközök class_name= source_scope=main_window deduplicated=False
2026-08-25 22:21:22.452 | DEBUG    | winwatt_automation.live_ui.menu_helpers:capture_menu_popup_snapshot:1682 - DBG_POPUP_ROW_DEDUPE rect={'left': 199, 'top': 29, 'right': 287, 'bottom': 53} normalized_text=beállítások class_name= source_scope=main_window deduplicated=False
2026-08-25 22:21:22.452 | DEBUG    | winwatt_automation.live_ui.menu_helpers:capture_menu_popup_snapshot:1682 - DBG_POPUP_ROW_DEDUPE rect={'left': 286, 'top': 29, 'right': 341, 'bottom': 53} normalized_text=ablak class_name= source_scope=main_window deduplicated=False
2026-08-25 22:21:22.452 | DEBUG    | winwatt_automation.live_ui.menu_helpers:capture_menu_popup_snapshot:1682 - DBG_POPUP_ROW_DEDUPE rect={'left': 341, 'top': 29, 'right': 392, 'bottom': 53} normalized_text=súgó class_name= source_scope=main_window deduplicated=False
2026-08-25 22:21:22.452 | DEBUG    | winwatt_automation.live_ui.menu_helpers:capture_menu_popup_snapshot:1682 - DBG_POPUP_ROW_DEDUPE rect={'left': 0, 'top': 0, 'right': 28, 'bottom': 28} normalized_text=rendszer class_name= source_scope=global_process_scan deduplicated=False
2026-08-25 22:21:22.452 | DEBUG    | winwatt_automation.live_ui.menu_helpers:capture_menu_popup_snapshot:1682 - DBG_POPUP_ROW_DEDUPE rect={'left': 0, 'top': 29, 'right': 40, 'bottom': 53} normalized_text=fájl class_name= source_scope=global_process_scan deduplicated=False
2026-08-25 22:21:22.452 | DEBUG    | winwatt_automation.live_ui.menu_helpers:capture_menu_popup_snapshot:1682 - DBG_POPUP_ROW_DEDUPE rect={'left': 40, 'top': 29, 'right': 123, 'bottom': 53} normalized_text=jegyzékek class_name= source_scope=global_process_scan deduplicated=False
2026-08-25 22:21:22.452 | DEBUG    | winwatt_automation.live_ui.menu_helpers:capture_menu_popup_snapshot:1682 - DBG_POPUP_ROW_DEDUPE rect={'left': 123, 'top': 29, 'right': 199, 'bottom': 53} normalized_text=eszközök class_name= source_scope=global_process_scan deduplicated=False
2026-08-25 22:21:22.452 | DEBUG    | winwatt_automation.live_ui.menu_helpers:capture_menu_popup_snapshot:1682 - DBG_POPUP_ROW_DEDUPE rect={'left': 199, 'top': 29, 'right': 287, 'bottom': 53} normalized_text=beállítások class_name= source_scope=global_process_scan deduplicated=False
2026-08-25 22:21:22.452 | DEBUG    | winwatt_automation.live_ui.menu_helpers:capture_menu_popup_snapshot:1682 - DBG_POPUP_ROW_DEDUPE rect={'left': 286, 'top': 29, 'right': 341, 'bottom': 53} normalized_text=ablak class_name= source_scope=global_process_scan deduplicated=False
2026-08-25 22:21:22.452 | DEBUG    | winwatt_automation.live_ui.menu_helpers:capture_menu_popup_snapshot:1682 - DBG_POPUP_ROW_DEDUPE rect={'left': 341, 'top': 29, 'right': 392, 'bottom': 53} normalized_text=súgó class_name= source_scope=global_process_scan deduplicated=False
2026-08-25 22:21:22.452 | INFO     | winwatt_automation.live_ui.menu_helpers:capture_menu_popup_snapshot:1724 - POPUP_SNAPSHOT_SUMMARY main_window_fragments=7 global_scan_fragments=7 deduped_fragments=14 topbar_like=12 popup_like=0 empty_text=0 topbar_band=(0, 29, 392, 53) empty_text_vertical_cluster_detected=False accepted_popup_rows=0 popup_heuristic=candidate_count_below_threshold
2026-08-25 22:21:22.452 | DEBUG    | winwatt_automation.live_ui.menu_helpers:capture_menu_popup_snapshot:1737 - Captured menu snapshot rows=14
2026-08-25 22:21:22.452 | DEBUG    | winwatt_automation.live_ui.menu_helpers:_log_phase_timing:83 - DBG_PHASE_TIMING phase=capture_menu_popup_snapshot elapsed_ms=375.000 main_rows=7 global_rows=7 unique_rows=14 diagnostic_fast_mode=False
2026-08-25 22:21:22.578 | INFO     | winwatt_automation.live_ui.menu_helpers:_validate_post_menu_open_foreground:962 - post_click_foreground_validation title=Fájl foreground={'handle': 1837942, 'title': 'WinWatt gólya - C:\\Users\\Admin\\Documents\\GitHub\\autowinwatt\\winwatt_automation\\tests\\testwwp.wwp', 'class_name': 'TMainForm', 'process_id': 13928}
2026-08-25 22:21:22.594 | INFO     | winwatt_automation.live_ui.app_connector:is_winwatt_foreground_context:1123 - DBG_WINWATT_FOREGROUND_CONTEXT expected_handle=1837942 expected_process_id=13928 expected_title=WinWatt gólya - C:\Users\Admin\Documents\GitHub\autowinwatt\winwatt_automation\tests\testwwp.wwp expected_class_name=TMainForm actual_foreground_handle=1837942 actual_foreground_process_id=13928 actual_foreground_title=WinWatt gólya - C:\Users\Admin\Documents\GitHub\autowinwatt\winwatt_automation\tests\testwwp.wwp actual_foreground_class_name=TMainForm allow_dialog=True result_reason=handle_match
2026-08-25 22:21:22.594 | DEBUG    | winwatt_automation.live_ui.app_connector:get_cached_main_window:565 - DBG_WINWATT_CACHE_GET reason_code=cache_reused_without_validation payload={'wrapper_type': 'UIAWrapper', 'handle': 1837942, 'process_id': 13928, 'title': 'WinWatt gólya - C:\\Users\\Admin\\Documents\\GitHub\\autowinwatt\\winwatt_automation\\tests\\testwwp.wwp', 'class_name': 'TMainForm', 'control_type': 'Window'} last_validation_age_s=1.7030000000086147 diagnostic_fast_mode=False
2026-08-25 22:21:22.594 | DEBUG    | winwatt_automation.live_ui.app_connector:get_cached_main_window:566 - DBG_PHASE_TIMING phase=get_cached_main_window elapsed_ms=0.000 reason_code=cache_reused_without_validation
2026-08-25 22:21:23.100 | DEBUG    | winwatt_automation.live_ui.app_connector:get_cached_main_window:565 - DBG_WINWATT_CACHE_GET reason_code=cache_reused_without_validation payload={'wrapper_type': 'UIAWrapper', 'handle': 1837942, 'process_id': 13928, 'title': 'WinWatt gólya - C:\\Users\\Admin\\Documents\\GitHub\\autowinwatt\\winwatt_automation\\tests\\testwwp.wwp', 'class_name': 'TMainForm', 'control_type': 'Window'} last_validation_age_s=2.2030000000086147 diagnostic_fast_mode=False
2026-08-25 22:21:23.100 | DEBUG    | winwatt_automation.live_ui.app_connector:get_cached_main_window:566 - DBG_PHASE_TIMING phase=get_cached_main_window elapsed_ms=0.000 reason_code=cache_reused_without_validation
2026-08-25 22:21:23.100 | DEBUG    | winwatt_automation.live_ui.app_connector:get_cached_main_window:565 - DBG_WINWATT_CACHE_GET reason_code=cache_reused_without_validation payload={'wrapper_type': 'UIAWrapper', 'handle': 1837942, 'process_id': 13928, 'title': 'WinWatt gólya - C:\\Users\\Admin\\Documents\\GitHub\\autowinwatt\\winwatt_automation\\tests\\testwwp.wwp', 'class_name': 'TMainForm', 'control_type': 'Window'} last_validation_age_s=2.2030000000086147 diagnostic_fast_mode=False
2026-08-25 22:21:23.100 | DEBUG    | winwatt_automation.live_ui.app_connector:get_cached_main_window:566 - DBG_PHASE_TIMING phase=get_cached_main_window elapsed_ms=0.000 reason_code=cache_reused_without_validation
2026-08-25 22:21:23.580 | INFO     | winwatt_automation.live_ui.menu_helpers:_menu_items:1101 - DBG_MENU_ITEMS_SUMMARY total_items=19 visible_items=19 topbar_band=(0, 0, 392, 402) topbar_band_visible_count=19 popup_region_visible_count=0 force_refresh=False handle=1837942
2026-08-25 22:21:23.580 | DEBUG    | winwatt_automation.live_ui.menu_helpers:_menu_items:1111 - Discovered 19 MenuItem controls
2026-08-25 22:21:23.580 | DEBUG    | winwatt_automation.live_ui.menu_helpers:_log_phase_timing:83 - DBG_PHASE_TIMING phase=_menu_items elapsed_ms=485.000 force_refresh=False total_items=19 visible_items=19
2026-08-25 22:21:23.595 | INFO     | winwatt_automation.live_ui.menu_helpers:_menu_row_from_wrapper:1545 - TEXT_EXTRACTION_FALLBACK_USED source=legacy_text confidence=medium rect={'left': 4, 'top': 56, 'right': 290, 'bottom': 84}
2026-08-25 22:21:23.595 | DEBUG    | winwatt_automation.live_ui.menu_helpers:_log_popup_fragment:499 - DBG_MENU_FRAGMENT_MAIN_WINDOW source_scope=main_window control_type=MenuItem class_name= text='Végrehajtás' rectangle={'left': 4, 'top': 56, 'right': 290, 'bottom': 84} center=(147, 70) process_id=13928 native_handle=None topbar_candidate=True popup_candidate=False
2026-08-25 22:21:23.595 | INFO     | winwatt_automation.live_ui.menu_helpers:_menu_row_from_wrapper:1545 - TEXT_EXTRACTION_FALLBACK_USED source=legacy_text confidence=medium rect={'left': 4, 'top': 84, 'right': 290, 'bottom': 112}
2026-08-25 22:21:23.595 | DEBUG    | winwatt_automation.live_ui.menu_helpers:_log_popup_fragment:499 - DBG_MENU_FRAGMENT_MAIN_WINDOW source_scope=main_window control_type=MenuItem class_name= text='Végrehajtás' rectangle={'left': 4, 'top': 84, 'right': 290, 'bottom': 112} center=(147, 98) process_id=13928 native_handle=None topbar_candidate=True popup_candidate=False
2026-08-25 22:21:23.611 | WARNING  | winwatt_automation.live_ui.menu_helpers:_menu_row_from_wrapper:1547 - TEXT_EXTRACTION_FAILED source_scope=main_window rect={'left': 4, 'top': 111, 'right': 290, 'bottom': 139}
2026-08-25 22:21:23.616 | DEBUG    | winwatt_automation.live_ui.menu_helpers:_log_popup_fragment:499 - DBG_MENU_FRAGMENT_MAIN_WINDOW source_scope=main_window control_type=MenuItem class_name= text='' rectangle={'left': 4, 'top': 111, 'right': 290, 'bottom': 139} center=(147, 125) process_id=13928 native_handle=None topbar_candidate=True popup_candidate=False
2026-08-25 22:21:23.616 | INFO     | winwatt_automation.live_ui.menu_helpers:_menu_row_from_wrapper:1545 - TEXT_EXTRACTION_FALLBACK_USED source=legacy_text confidence=medium rect={'left': 4, 'top': 139, 'right': 290, 'bottom': 167}
2026-08-25 22:21:23.616 | DEBUG    | winwatt_automation.live_ui.menu_helpers:_log_popup_fragment:499 - DBG_MENU_FRAGMENT_MAIN_WINDOW source_scope=main_window control_type=MenuItem class_name= text='Végrehajtás' rectangle={'left': 4, 'top': 139, 'right': 290, 'bottom': 167} center=(147, 153) process_id=13928 native_handle=None topbar_candidate=True popup_candidate=False
2026-08-25 22:21:23.628 | INFO     | winwatt_automation.live_ui.menu_helpers:_menu_row_from_wrapper:1545 - TEXT_EXTRACTION_FALLBACK_USED source=legacy_text confidence=medium rect={'left': 4, 'top': 166, 'right': 290, 'bottom': 194}
2026-08-25 22:21:23.628 | DEBUG    | winwatt_automation.live_ui.menu_helpers:_log_popup_fragment:499 - DBG_MENU_FRAGMENT_MAIN_WINDOW source_scope=main_window control_type=MenuItem class_name= text='Végrehajtás' rectangle={'left': 4, 'top': 166, 'right': 290, 'bottom': 194} center=(147, 180) process_id=13928 native_handle=None topbar_candidate=True popup_candidate=False
2026-08-25 22:21:23.628 | INFO     | winwatt_automation.live_ui.menu_helpers:_menu_row_from_wrapper:1545 - TEXT_EXTRACTION_FALLBACK_USED source=legacy_text confidence=medium rect={'left': 4, 'top': 194, 'right': 290, 'bottom': 222}
2026-08-25 22:21:23.643 | DEBUG    | winwatt_automation.live_ui.menu_helpers:_log_popup_fragment:499 - DBG_MENU_FRAGMENT_MAIN_WINDOW source_scope=main_window control_type=MenuItem class_name= text='Végrehajtás' rectangle={'left': 4, 'top': 194, 'right': 290, 'bottom': 222} center=(147, 208) process_id=13928 native_handle=None topbar_candidate=True popup_candidate=False
2026-08-25 22:21:23.643 | INFO     | winwatt_automation.live_ui.menu_helpers:_menu_row_from_wrapper:1545 - TEXT_EXTRACTION_FALLBACK_USED source=legacy_text confidence=medium rect={'left': 4, 'top': 221, 'right': 290, 'bottom': 249}
2026-08-25 22:21:23.653 | DEBUG    | winwatt_automation.live_ui.menu_helpers:_log_popup_fragment:499 - DBG_MENU_FRAGMENT_MAIN_WINDOW source_scope=main_window control_type=MenuItem class_name= text='Végrehajtás' rectangle={'left': 4, 'top': 221, 'right': 290, 'bottom': 249} center=(147, 235) process_id=13928 native_handle=None topbar_candidate=True popup_candidate=False
2026-08-25 22:21:23.659 | INFO     | winwatt_automation.live_ui.menu_helpers:_menu_row_from_wrapper:1545 - TEXT_EXTRACTION_FALLBACK_USED source=legacy_text confidence=medium rect={'left': 4, 'top': 249, 'right': 290, 'bottom': 277}
2026-08-25 22:21:23.659 | DEBUG    | winwatt_automation.live_ui.menu_helpers:_log_popup_fragment:499 - DBG_MENU_FRAGMENT_MAIN_WINDOW source_scope=main_window control_type=MenuItem class_name= text='Végrehajtás' rectangle={'left': 4, 'top': 249, 'right': 290, 'bottom': 277} center=(147, 263) process_id=13928 native_handle=None topbar_candidate=True popup_candidate=False
2026-08-25 22:21:23.659 | INFO     | winwatt_automation.live_ui.menu_helpers:_menu_row_from_wrapper:1545 - TEXT_EXTRACTION_FALLBACK_USED source=legacy_text confidence=medium rect={'left': 4, 'top': 284, 'right': 290, 'bottom': 312}
2026-08-25 22:21:23.659 | DEBUG    | winwatt_automation.live_ui.menu_helpers:_log_popup_fragment:499 - DBG_MENU_FRAGMENT_MAIN_WINDOW source_scope=main_window control_type=MenuItem class_name= text='Megnyitás' rectangle={'left': 4, 'top': 284, 'right': 290, 'bottom': 312} center=(147, 298) process_id=13928 native_handle=None topbar_candidate=True popup_candidate=False
2026-08-25 22:21:23.675 | INFO     | winwatt_automation.live_ui.menu_helpers:_menu_row_from_wrapper:1545 - TEXT_EXTRACTION_FALLBACK_USED source=legacy_text confidence=medium rect={'left': 4, 'top': 311, 'right': 290, 'bottom': 339}
2026-08-25 22:21:23.675 | DEBUG    | winwatt_automation.live_ui.menu_helpers:_log_popup_fragment:499 - DBG_MENU_FRAGMENT_MAIN_WINDOW source_scope=main_window control_type=MenuItem class_name= text='Végrehajtás' rectangle={'left': 4, 'top': 311, 'right': 290, 'bottom': 339} center=(147, 325) process_id=13928 native_handle=None topbar_candidate=True popup_candidate=False
2026-08-25 22:21:23.690 | INFO     | winwatt_automation.live_ui.menu_helpers:_menu_row_from_wrapper:1545 - TEXT_EXTRACTION_FALLBACK_USED source=legacy_text confidence=medium rect={'left': 4, 'top': 339, 'right': 290, 'bottom': 367}
2026-08-25 22:21:23.690 | DEBUG    | winwatt_automation.live_ui.menu_helpers:_log_popup_fragment:499 - DBG_MENU_FRAGMENT_MAIN_WINDOW source_scope=main_window control_type=MenuItem class_name= text='Végrehajtás' rectangle={'left': 4, 'top': 339, 'right': 290, 'bottom': 367} center=(147, 353) process_id=13928 native_handle=None topbar_candidate=True popup_candidate=False
2026-08-25 22:21:23.690 | INFO     | winwatt_automation.live_ui.menu_helpers:_menu_row_from_wrapper:1545 - TEXT_EXTRACTION_FALLBACK_USED source=legacy_text confidence=medium rect={'left': 4, 'top': 374, 'right': 290, 'bottom': 402}
2026-08-25 22:21:23.690 | DEBUG    | winwatt_automation.live_ui.menu_helpers:_log_popup_fragment:499 - DBG_MENU_FRAGMENT_MAIN_WINDOW source_scope=main_window control_type=MenuItem class_name= text='Végrehajtás' rectangle={'left': 4, 'top': 374, 'right': 290, 'bottom': 402} center=(147, 388) process_id=13928 native_handle=None topbar_candidate=True popup_candidate=False
2026-08-25 22:21:23.690 | DEBUG    | winwatt_automation.live_ui.menu_helpers:_log_popup_fragment:499 - DBG_MENU_FRAGMENT_MAIN_WINDOW source_scope=main_window control_type=MenuItem class_name= text='Rendszer' rectangle={'left': 0, 'top': 0, 'right': 28, 'bottom': 28} center=(14, 14) process_id=13928 native_handle=None topbar_candidate=True popup_candidate=False
2026-08-25 22:21:23.690 | DEBUG    | winwatt_automation.live_ui.menu_helpers:_log_popup_fragment:499 - DBG_MENU_FRAGMENT_MAIN_WINDOW source_scope=main_window control_type=MenuItem class_name= text='Fájl' rectangle={'left': 0, 'top': 29, 'right': 40, 'bottom': 53} center=(20, 41) process_id=13928 native_handle=None topbar_candidate=True popup_candidate=False
2026-08-25 22:21:23.690 | DEBUG    | winwatt_automation.live_ui.menu_helpers:_log_popup_fragment:499 - DBG_MENU_FRAGMENT_MAIN_WINDOW source_scope=main_window control_type=MenuItem class_name= text='Jegyzékek' rectangle={'left': 40, 'top': 29, 'right': 123, 'bottom': 53} center=(81, 41) process_id=13928 native_handle=None topbar_candidate=True popup_candidate=False
2026-08-25 22:21:23.690 | DEBUG    | winwatt_automation.live_ui.menu_helpers:_log_popup_fragment:499 - DBG_MENU_FRAGMENT_MAIN_WINDOW source_scope=main_window control_type=MenuItem class_name= text='Eszközök' rectangle={'left': 123, 'top': 29, 'right': 199, 'bottom': 53} center=(161, 41) process_id=13928 native_handle=None topbar_candidate=True popup_candidate=False
2026-08-25 22:21:23.690 | DEBUG    | winwatt_automation.live_ui.menu_helpers:_log_popup_fragment:499 - DBG_MENU_FRAGMENT_MAIN_WINDOW source_scope=main_window control_type=MenuItem class_name= text='Beállítások' rectangle={'left': 199, 'top': 29, 'right': 287, 'bottom': 53} center=(243, 41) process_id=13928 native_handle=None topbar_candidate=True popup_candidate=False
2026-08-25 22:21:23.707 | DEBUG    | winwatt_automation.live_ui.menu_helpers:_log_popup_fragment:499 - DBG_MENU_FRAGMENT_MAIN_WINDOW source_scope=main_window control_type=MenuItem class_name= text='Ablak' rectangle={'left': 286, 'top': 29, 'right': 341, 'bottom': 53} center=(313, 41) process_id=13928 native_handle=None topbar_candidate=True popup_candidate=False
2026-08-25 22:21:23.707 | DEBUG    | winwatt_automation.live_ui.menu_helpers:_log_popup_fragment:499 - DBG_MENU_FRAGMENT_MAIN_WINDOW source_scope=main_window control_type=MenuItem class_name= text='Súgó' rectangle={'left': 341, 'top': 29, 'right': 392, 'bottom': 53} center=(366, 41) process_id=13928 native_handle=None topbar_candidate=True popup_candidate=False
2026-08-25 22:21:23.707 | DEBUG    | winwatt_automation.live_ui.menu_helpers:_menu_like_controls_from_main_window:1599 - DBG_MENU_FRAGMENT_SOURCE_SUMMARY source_scope=main_window count=19
2026-08-25 22:21:23.707 | DEBUG    | winwatt_automation.live_ui.app_connector:get_cached_main_window:565 - DBG_WINWATT_CACHE_GET reason_code=cache_reused_without_validation payload={'wrapper_type': 'UIAWrapper', 'handle': 1837942, 'process_id': 13928, 'title': 'WinWatt gólya - C:\\Users\\Admin\\Documents\\GitHub\\autowinwatt\\winwatt_automation\\tests\\testwwp.wwp', 'class_name': 'TMainForm', 'control_type': 'Window'} last_validation_age_s=2.812999999994645 diagnostic_fast_mode=False
2026-08-25 22:21:23.707 | DEBUG    | winwatt_automation.live_ui.app_connector:get_cached_main_window:566 - DBG_PHASE_TIMING phase=get_cached_main_window elapsed_ms=0.000 reason_code=cache_reused_without_validation
2026-08-25 22:21:23.712 | DEBUG    | winwatt_automation.live_ui.app_connector:get_cached_main_window:565 - DBG_WINWATT_CACHE_GET reason_code=cache_reused_without_validation payload={'wrapper_type': 'UIAWrapper', 'handle': 1837942, 'process_id': 13928, 'title': 'WinWatt gólya - C:\\Users\\Admin\\Documents\\GitHub\\autowinwatt\\winwatt_automation\\tests\\testwwp.wwp', 'class_name': 'TMainForm', 'control_type': 'Window'} last_validation_age_s=2.812999999994645 diagnostic_fast_mode=False
2026-08-25 22:21:23.712 | DEBUG    | winwatt_automation.live_ui.app_connector:get_cached_main_window:566 - DBG_PHASE_TIMING phase=get_cached_main_window elapsed_ms=0.000 reason_code=cache_reused_without_validation
2026-08-25 22:21:24.153 | INFO     | winwatt_automation.live_ui.menu_helpers:_menu_row_from_wrapper:1545 - TEXT_EXTRACTION_FALLBACK_USED source=legacy_text confidence=medium rect={'left': 4, 'top': 56, 'right': 290, 'bottom': 84}
2026-08-25 22:21:24.168 | DEBUG    | winwatt_automation.live_ui.menu_helpers:_log_popup_fragment:499 - DBG_MENU_FRAGMENT_GLOBAL_SCAN source_scope=global_process_scan control_type=MenuItem class_name= text='Végrehajtás' rectangle={'left': 4, 'top': 56, 'right': 290, 'bottom': 84} center=(147, 70) process_id=13928 native_handle=None topbar_candidate=True popup_candidate=False
2026-08-25 22:21:24.174 | INFO     | winwatt_automation.live_ui.menu_helpers:_menu_row_from_wrapper:1545 - TEXT_EXTRACTION_FALLBACK_USED source=legacy_text confidence=medium rect={'left': 4, 'top': 84, 'right': 290, 'bottom': 112}
2026-08-25 22:21:24.174 | DEBUG    | winwatt_automation.live_ui.menu_helpers:_log_popup_fragment:499 - DBG_MENU_FRAGMENT_GLOBAL_SCAN source_scope=global_process_scan control_type=MenuItem class_name= text='Végrehajtás' rectangle={'left': 4, 'top': 84, 'right': 290, 'bottom': 112} center=(147, 98) process_id=13928 native_handle=None topbar_candidate=True popup_candidate=False
2026-08-25 22:21:24.185 | WARNING  | winwatt_automation.live_ui.menu_helpers:_menu_row_from_wrapper:1547 - TEXT_EXTRACTION_FAILED source_scope=global_process_scan rect={'left': 4, 'top': 111, 'right': 290, 'bottom': 139}
2026-08-25 22:21:24.185 | DEBUG    | winwatt_automation.live_ui.menu_helpers:_log_popup_fragment:499 - DBG_MENU_FRAGMENT_GLOBAL_SCAN source_scope=global_process_scan control_type=MenuItem class_name= text='' rectangle={'left': 4, 'top': 111, 'right': 290, 'bottom': 139} center=(147, 125) process_id=13928 native_handle=None topbar_candidate=True popup_candidate=False
2026-08-25 22:21:24.185 | INFO     | winwatt_automation.live_ui.menu_helpers:_menu_row_from_wrapper:1545 - TEXT_EXTRACTION_FALLBACK_USED source=legacy_text confidence=medium rect={'left': 4, 'top': 139, 'right': 290, 'bottom': 167}
2026-08-25 22:21:24.185 | DEBUG    | winwatt_automation.live_ui.menu_helpers:_log_popup_fragment:499 - DBG_MENU_FRAGMENT_GLOBAL_SCAN source_scope=global_process_scan control_type=MenuItem class_name= text='Végrehajtás' rectangle={'left': 4, 'top': 139, 'right': 290, 'bottom': 167} center=(147, 153) process_id=13928 native_handle=None topbar_candidate=True popup_candidate=False
2026-08-25 22:21:24.200 | INFO     | winwatt_automation.live_ui.menu_helpers:_menu_row_from_wrapper:1545 - TEXT_EXTRACTION_FALLBACK_USED source=legacy_text confidence=medium rect={'left': 4, 'top': 166, 'right': 290, 'bottom': 194}
2026-08-25 22:21:24.200 | DEBUG    | winwatt_automation.live_ui.menu_helpers:_log_popup_fragment:499 - DBG_MENU_FRAGMENT_GLOBAL_SCAN source_scope=global_process_scan control_type=MenuItem class_name= text='Végrehajtás' rectangle={'left': 4, 'top': 166, 'right': 290, 'bottom': 194} center=(147, 180) process_id=13928 native_handle=None topbar_candidate=True popup_candidate=False
2026-08-25 22:21:24.200 | INFO     | winwatt_automation.live_ui.menu_helpers:_menu_row_from_wrapper:1545 - TEXT_EXTRACTION_FALLBACK_USED source=legacy_text confidence=medium rect={'left': 4, 'top': 194, 'right': 290, 'bottom': 222}
2026-08-25 22:21:24.217 | DEBUG    | winwatt_automation.live_ui.menu_helpers:_log_popup_fragment:499 - DBG_MENU_FRAGMENT_GLOBAL_SCAN source_scope=global_process_scan control_type=MenuItem class_name= text='Végrehajtás' rectangle={'left': 4, 'top': 194, 'right': 290, 'bottom': 222} center=(147, 208) process_id=13928 native_handle=None topbar_candidate=True popup_candidate=False
2026-08-25 22:21:24.217 | INFO     | winwatt_automation.live_ui.menu_helpers:_menu_row_from_wrapper:1545 - TEXT_EXTRACTION_FALLBACK_USED source=legacy_text confidence=medium rect={'left': 4, 'top': 221, 'right': 290, 'bottom': 249}
2026-08-25 22:21:24.217 | DEBUG    | winwatt_automation.live_ui.menu_helpers:_log_popup_fragment:499 - DBG_MENU_FRAGMENT_GLOBAL_SCAN source_scope=global_process_scan control_type=MenuItem class_name= text='Végrehajtás' rectangle={'left': 4, 'top': 221, 'right': 290, 'bottom': 249} center=(147, 235) process_id=13928 native_handle=None topbar_candidate=True popup_candidate=False
2026-08-25 22:21:24.232 | INFO     | winwatt_automation.live_ui.menu_helpers:_menu_row_from_wrapper:1545 - TEXT_EXTRACTION_FALLBACK_USED source=legacy_text confidence=medium rect={'left': 4, 'top': 249, 'right': 290, 'bottom': 277}
2026-08-25 22:21:24.232 | DEBUG    | winwatt_automation.live_ui.menu_helpers:_log_popup_fragment:499 - DBG_MENU_FRAGMENT_GLOBAL_SCAN source_scope=global_process_scan control_type=MenuItem class_name= text='Végrehajtás' rectangle={'left': 4, 'top': 249, 'right': 290, 'bottom': 277} center=(147, 263) process_id=13928 native_handle=None topbar_candidate=True popup_candidate=False
2026-08-25 22:21:24.232 | INFO     | winwatt_automation.live_ui.menu_helpers:_menu_row_from_wrapper:1545 - TEXT_EXTRACTION_FALLBACK_USED source=legacy_text confidence=medium rect={'left': 4, 'top': 284, 'right': 290, 'bottom': 312}
2026-08-25 22:21:24.248 | DEBUG    | winwatt_automation.live_ui.menu_helpers:_log_popup_fragment:499 - DBG_MENU_FRAGMENT_GLOBAL_SCAN source_scope=global_process_scan control_type=MenuItem class_name= text='Megnyitás' rectangle={'left': 4, 'top': 284, 'right': 290, 'bottom': 312} center=(147, 298) process_id=13928 native_handle=None topbar_candidate=True popup_candidate=False
2026-08-25 22:21:24.253 | INFO     | winwatt_automation.live_ui.menu_helpers:_menu_row_from_wrapper:1545 - TEXT_EXTRACTION_FALLBACK_USED source=legacy_text confidence=medium rect={'left': 4, 'top': 311, 'right': 290, 'bottom': 339}
2026-08-25 22:21:24.253 | DEBUG    | winwatt_automation.live_ui.menu_helpers:_log_popup_fragment:499 - DBG_MENU_FRAGMENT_GLOBAL_SCAN source_scope=global_process_scan control_type=MenuItem class_name= text='Végrehajtás' rectangle={'left': 4, 'top': 311, 'right': 290, 'bottom': 339} center=(147, 325) process_id=13928 native_handle=None topbar_candidate=True popup_candidate=False
2026-08-25 22:21:24.264 | INFO     | winwatt_automation.live_ui.menu_helpers:_menu_row_from_wrapper:1545 - TEXT_EXTRACTION_FALLBACK_USED source=legacy_text confidence=medium rect={'left': 4, 'top': 339, 'right': 290, 'bottom': 367}
2026-08-25 22:21:24.264 | DEBUG    | winwatt_automation.live_ui.menu_helpers:_log_popup_fragment:499 - DBG_MENU_FRAGMENT_GLOBAL_SCAN source_scope=global_process_scan control_type=MenuItem class_name= text='Végrehajtás' rectangle={'left': 4, 'top': 339, 'right': 290, 'bottom': 367} center=(147, 353) process_id=13928 native_handle=None topbar_candidate=True popup_candidate=False
2026-08-25 22:21:24.264 | INFO     | winwatt_automation.live_ui.menu_helpers:_menu_row_from_wrapper:1545 - TEXT_EXTRACTION_FALLBACK_USED source=legacy_text confidence=medium rect={'left': 4, 'top': 374, 'right': 290, 'bottom': 402}
2026-08-25 22:21:24.264 | DEBUG    | winwatt_automation.live_ui.menu_helpers:_log_popup_fragment:499 - DBG_MENU_FRAGMENT_GLOBAL_SCAN source_scope=global_process_scan control_type=MenuItem class_name= text='Végrehajtás' rectangle={'left': 4, 'top': 374, 'right': 290, 'bottom': 402} center=(147, 388) process_id=13928 native_handle=None topbar_candidate=True popup_candidate=False
2026-08-25 22:21:24.264 | DEBUG    | winwatt_automation.live_ui.menu_helpers:_log_popup_fragment:499 - DBG_MENU_FRAGMENT_GLOBAL_SCAN source_scope=global_process_scan control_type=MenuItem class_name= text='Rendszer' rectangle={'left': 0, 'top': 0, 'right': 28, 'bottom': 28} center=(14, 14) process_id=13928 native_handle=None topbar_candidate=True popup_candidate=False
2026-08-25 22:21:24.264 | DEBUG    | winwatt_automation.live_ui.menu_helpers:_log_popup_fragment:499 - DBG_MENU_FRAGMENT_GLOBAL_SCAN source_scope=global_process_scan control_type=MenuItem class_name= text='Fájl' rectangle={'left': 0, 'top': 29, 'right': 40, 'bottom': 53} center=(20, 41) process_id=13928 native_handle=None topbar_candidate=True popup_candidate=False
2026-08-25 22:21:24.264 | DEBUG    | winwatt_automation.live_ui.menu_helpers:_log_popup_fragment:499 - DBG_MENU_FRAGMENT_GLOBAL_SCAN source_scope=global_process_scan control_type=MenuItem class_name= text='Jegyzékek' rectangle={'left': 40, 'top': 29, 'right': 123, 'bottom': 53} center=(81, 41) process_id=13928 native_handle=None topbar_candidate=True popup_candidate=False
2026-08-25 22:21:24.264 | DEBUG    | winwatt_automation.live_ui.menu_helpers:_log_popup_fragment:499 - DBG_MENU_FRAGMENT_GLOBAL_SCAN source_scope=global_process_scan control_type=MenuItem class_name= text='Eszközök' rectangle={'left': 123, 'top': 29, 'right': 199, 'bottom': 53} center=(161, 41) process_id=13928 native_handle=None topbar_candidate=True popup_candidate=False
2026-08-25 22:21:24.264 | DEBUG    | winwatt_automation.live_ui.menu_helpers:_log_popup_fragment:499 - DBG_MENU_FRAGMENT_GLOBAL_SCAN source_scope=global_process_scan control_type=MenuItem class_name= text='Beállítások' rectangle={'left': 199, 'top': 29, 'right': 287, 'bottom': 53} center=(243, 41) process_id=13928 native_handle=None topbar_candidate=True popup_candidate=False
2026-08-25 22:21:24.264 | DEBUG    | winwatt_automation.live_ui.menu_helpers:_log_popup_fragment:499 - DBG_MENU_FRAGMENT_GLOBAL_SCAN source_scope=global_process_scan control_type=MenuItem class_name= text='Ablak' rectangle={'left': 286, 'top': 29, 'right': 341, 'bottom': 53} center=(313, 41) process_id=13928 native_handle=None topbar_candidate=True popup_candidate=False
2026-08-25 22:21:24.264 | DEBUG    | winwatt_automation.live_ui.menu_helpers:_log_popup_fragment:499 - DBG_MENU_FRAGMENT_GLOBAL_SCAN source_scope=global_process_scan control_type=MenuItem class_name= text='Súgó' rectangle={'left': 341, 'top': 29, 'right': 392, 'bottom': 53} center=(366, 41) process_id=13928 native_handle=None topbar_candidate=True popup_candidate=False
2026-08-25 22:21:24.280 | DEBUG    | winwatt_automation.live_ui.menu_helpers:_menu_like_controls_from_global_process_scan:1631 - DBG_MENU_FRAGMENT_SOURCE_SUMMARY source_scope=global_process_scan count=19 process_id=13928
2026-08-25 22:21:24.280 | DEBUG    | winwatt_automation.live_ui.app_connector:get_cached_main_window:565 - DBG_WINWATT_CACHE_GET reason_code=cache_reused_without_validation payload={'wrapper_type': 'UIAWrapper', 'handle': 1837942, 'process_id': 13928, 'title': 'WinWatt gólya - C:\\Users\\Admin\\Documents\\GitHub\\autowinwatt\\winwatt_automation\\tests\\testwwp.wwp', 'class_name': 'TMainForm', 'control_type': 'Window'} last_validation_age_s=3.3910000000032596 diagnostic_fast_mode=False
2026-08-25 22:21:24.280 | DEBUG    | winwatt_automation.live_ui.app_connector:get_cached_main_window:566 - DBG_PHASE_TIMING phase=get_cached_main_window elapsed_ms=0.000 reason_code=cache_reused_without_validation
2026-08-25 22:21:24.725 | DEBUG    | winwatt_automation.live_ui.menu_helpers:capture_menu_popup_snapshot:1682 - DBG_POPUP_ROW_DEDUPE rect={'left': 4, 'top': 56, 'right': 290, 'bottom': 84} normalized_text=végrehajtás class_name= source_scope=main_window deduplicated=False
2026-08-25 22:21:24.725 | DEBUG    | winwatt_automation.live_ui.menu_helpers:capture_menu_popup_snapshot:1682 - DBG_POPUP_ROW_DEDUPE rect={'left': 4, 'top': 84, 'right': 290, 'bottom': 112} normalized_text=végrehajtás class_name= source_scope=main_window deduplicated=False
2026-08-25 22:21:24.725 | DEBUG    | winwatt_automation.live_ui.menu_helpers:capture_menu_popup_snapshot:1682 - DBG_POPUP_ROW_DEDUPE rect={'left': 4, 'top': 111, 'right': 290, 'bottom': 139} normalized_text= class_name= source_scope=main_window deduplicated=False
2026-08-25 22:21:24.725 | DEBUG    | winwatt_automation.live_ui.menu_helpers:capture_menu_popup_snapshot:1682 - DBG_POPUP_ROW_DEDUPE rect={'left': 4, 'top': 139, 'right': 290, 'bottom': 167} normalized_text=végrehajtás class_name= source_scope=main_window deduplicated=False
2026-08-25 22:21:24.725 | DEBUG    | winwatt_automation.live_ui.menu_helpers:capture_menu_popup_snapshot:1682 - DBG_POPUP_ROW_DEDUPE rect={'left': 4, 'top': 166, 'right': 290, 'bottom': 194} normalized_text=végrehajtás class_name= source_scope=main_window deduplicated=False
2026-08-25 22:21:24.725 | DEBUG    | winwatt_automation.live_ui.menu_helpers:capture_menu_popup_snapshot:1682 - DBG_POPUP_ROW_DEDUPE rect={'left': 4, 'top': 194, 'right': 290, 'bottom': 222} normalized_text=végrehajtás class_name= source_scope=main_window deduplicated=False
2026-08-25 22:21:24.725 | DEBUG    | winwatt_automation.live_ui.menu_helpers:capture_menu_popup_snapshot:1682 - DBG_POPUP_ROW_DEDUPE rect={'left': 4, 'top': 221, 'right': 290, 'bottom': 249} normalized_text=végrehajtás class_name= source_scope=main_window deduplicated=False
2026-08-25 22:21:24.725 | DEBUG    | winwatt_automation.live_ui.menu_helpers:capture_menu_popup_snapshot:1682 - DBG_POPUP_ROW_DEDUPE rect={'left': 4, 'top': 249, 'right': 290, 'bottom': 277} normalized_text=végrehajtás class_name= source_scope=main_window deduplicated=False
2026-08-25 22:21:24.725 | DEBUG    | winwatt_automation.live_ui.menu_helpers:capture_menu_popup_snapshot:1682 - DBG_POPUP_ROW_DEDUPE rect={'left': 4, 'top': 284, 'right': 290, 'bottom': 312} normalized_text=megnyitás class_name= source_scope=main_window deduplicated=False
2026-08-25 22:21:24.725 | DEBUG    | winwatt_automation.live_ui.menu_helpers:capture_menu_popup_snapshot:1682 - DBG_POPUP_ROW_DEDUPE rect={'left': 4, 'top': 311, 'right': 290, 'bottom': 339} normalized_text=végrehajtás class_name= source_scope=main_window deduplicated=False
2026-08-25 22:21:24.725 | DEBUG    | winwatt_automation.live_ui.menu_helpers:capture_menu_popup_snapshot:1682 - DBG_POPUP_ROW_DEDUPE rect={'left': 4, 'top': 339, 'right': 290, 'bottom': 367} normalized_text=végrehajtás class_name= source_scope=main_window deduplicated=False
2026-08-25 22:21:24.725 | DEBUG    | winwatt_automation.live_ui.menu_helpers:capture_menu_popup_snapshot:1682 - DBG_POPUP_ROW_DEDUPE rect={'left': 4, 'top': 374, 'right': 290, 'bottom': 402} normalized_text=végrehajtás class_name= source_scope=main_window deduplicated=False
2026-08-25 22:21:24.725 | DEBUG    | winwatt_automation.live_ui.menu_helpers:capture_menu_popup_snapshot:1682 - DBG_POPUP_ROW_DEDUPE rect={'left': 0, 'top': 0, 'right': 28, 'bottom': 28} normalized_text=rendszer class_name= source_scope=main_window deduplicated=False
2026-08-25 22:21:24.725 | DEBUG    | winwatt_automation.live_ui.menu_helpers:capture_menu_popup_snapshot:1682 - DBG_POPUP_ROW_DEDUPE rect={'left': 0, 'top': 29, 'right': 40, 'bottom': 53} normalized_text=fájl class_name= source_scope=main_window deduplicated=False
2026-08-25 22:21:24.725 | DEBUG    | winwatt_automation.live_ui.menu_helpers:capture_menu_popup_snapshot:1682 - DBG_POPUP_ROW_DEDUPE rect={'left': 40, 'top': 29, 'right': 123, 'bottom': 53} normalized_text=jegyzékek class_name= source_scope=main_window deduplicated=False
2026-08-25 22:21:24.725 | DEBUG    | winwatt_automation.live_ui.menu_helpers:capture_menu_popup_snapshot:1682 - DBG_POPUP_ROW_DEDUPE rect={'left': 123, 'top': 29, 'right': 199, 'bottom': 53} normalized_text=eszközök class_name= source_scope=main_window deduplicated=False
2026-08-25 22:21:24.725 | DEBUG    | winwatt_automation.live_ui.menu_helpers:capture_menu_popup_snapshot:1682 - DBG_POPUP_ROW_DEDUPE rect={'left': 199, 'top': 29, 'right': 287, 'bottom': 53} normalized_text=beállítások class_name= source_scope=main_window deduplicated=False
2026-08-25 22:21:24.725 | DEBUG    | winwatt_automation.live_ui.menu_helpers:capture_menu_popup_snapshot:1682 - DBG_POPUP_ROW_DEDUPE rect={'left': 286, 'top': 29, 'right': 341, 'bottom': 53} normalized_text=ablak class_name= source_scope=main_window deduplicated=False
2026-08-25 22:21:24.725 | DEBUG    | winwatt_automation.live_ui.menu_helpers:capture_menu_popup_snapshot:1682 - DBG_POPUP_ROW_DEDUPE rect={'left': 341, 'top': 29, 'right': 392, 'bottom': 53} normalized_text=súgó class_name= source_scope=main_window deduplicated=False
2026-08-25 22:21:24.725 | DEBUG    | winwatt_automation.live_ui.menu_helpers:capture_menu_popup_snapshot:1682 - DBG_POPUP_ROW_DEDUPE rect={'left': 4, 'top': 56, 'right': 290, 'bottom': 84} normalized_text=végrehajtás class_name= source_scope=global_process_scan deduplicated=False
2026-08-25 22:21:24.725 | DEBUG    | winwatt_automation.live_ui.menu_helpers:capture_menu_popup_snapshot:1682 - DBG_POPUP_ROW_DEDUPE rect={'left': 4, 'top': 84, 'right': 290, 'bottom': 112} normalized_text=végrehajtás class_name= source_scope=global_process_scan deduplicated=False
2026-08-25 22:21:24.725 | DEBUG    | winwatt_automation.live_ui.menu_helpers:capture_menu_popup_snapshot:1682 - DBG_POPUP_ROW_DEDUPE rect={'left': 4, 'top': 111, 'right': 290, 'bottom': 139} normalized_text= class_name= source_scope=global_process_scan deduplicated=False
2026-08-25 22:21:24.740 | DEBUG    | winwatt_automation.live_ui.menu_helpers:capture_menu_popup_snapshot:1682 - DBG_POPUP_ROW_DEDUPE rect={'left': 4, 'top': 139, 'right': 290, 'bottom': 167} normalized_text=végrehajtás class_name= source_scope=global_process_scan deduplicated=False
2026-08-25 22:21:24.740 | DEBUG    | winwatt_automation.live_ui.menu_helpers:capture_menu_popup_snapshot:1682 - DBG_POPUP_ROW_DEDUPE rect={'left': 4, 'top': 166, 'right': 290, 'bottom': 194} normalized_text=végrehajtás class_name= source_scope=global_process_scan deduplicated=False
2026-08-25 22:21:24.740 | DEBUG    | winwatt_automation.live_ui.menu_helpers:capture_menu_popup_snapshot:1682 - DBG_POPUP_ROW_DEDUPE rect={'left': 4, 'top': 194, 'right': 290, 'bottom': 222} normalized_text=végrehajtás class_name= source_scope=global_process_scan deduplicated=False
2026-08-25 22:21:24.740 | DEBUG    | winwatt_automation.live_ui.menu_helpers:capture_menu_popup_snapshot:1682 - DBG_POPUP_ROW_DEDUPE rect={'left': 4, 'top': 221, 'right': 290, 'bottom': 249} normalized_text=végrehajtás class_name= source_scope=global_process_scan deduplicated=False
2026-08-25 22:21:24.740 | DEBUG    | winwatt_automation.live_ui.menu_helpers:capture_menu_popup_snapshot:1682 - DBG_POPUP_ROW_DEDUPE rect={'left': 4, 'top': 249, 'right': 290, 'bottom': 277} normalized_text=végrehajtás class_name= source_scope=global_process_scan deduplicated=False
2026-08-25 22:21:24.742 | DEBUG    | winwatt_automation.live_ui.menu_helpers:capture_menu_popup_snapshot:1682 - DBG_POPUP_ROW_DEDUPE rect={'left': 4, 'top': 284, 'right': 290, 'bottom': 312} normalized_text=megnyitás class_name= source_scope=global_process_scan deduplicated=False
2026-08-25 22:21:24.742 | DEBUG    | winwatt_automation.live_ui.menu_helpers:capture_menu_popup_snapshot:1682 - DBG_POPUP_ROW_DEDUPE rect={'left': 4, 'top': 311, 'right': 290, 'bottom': 339} normalized_text=végrehajtás class_name= source_scope=global_process_scan deduplicated=False
2026-08-25 22:21:24.742 | DEBUG    | winwatt_automation.live_ui.menu_helpers:capture_menu_popup_snapshot:1682 - DBG_POPUP_ROW_DEDUPE rect={'left': 4, 'top': 339, 'right': 290, 'bottom': 367} normalized_text=végrehajtás class_name= source_scope=global_process_scan deduplicated=False
2026-08-25 22:21:24.742 | DEBUG    | winwatt_automation.live_ui.menu_helpers:capture_menu_popup_snapshot:1682 - DBG_POPUP_ROW_DEDUPE rect={'left': 4, 'top': 374, 'right': 290, 'bottom': 402} normalized_text=végrehajtás class_name= source_scope=global_process_scan deduplicated=False
2026-08-25 22:21:24.742 | DEBUG    | winwatt_automation.live_ui.menu_helpers:capture_menu_popup_snapshot:1682 - DBG_POPUP_ROW_DEDUPE rect={'left': 0, 'top': 0, 'right': 28, 'bottom': 28} normalized_text=rendszer class_name= source_scope=global_process_scan deduplicated=False
2026-08-25 22:21:24.742 | DEBUG    | winwatt_automation.live_ui.menu_helpers:capture_menu_popup_snapshot:1682 - DBG_POPUP_ROW_DEDUPE rect={'left': 0, 'top': 29, 'right': 40, 'bottom': 53} normalized_text=fájl class_name= source_scope=global_process_scan deduplicated=False
2026-08-25 22:21:24.742 | DEBUG    | winwatt_automation.live_ui.menu_helpers:capture_menu_popup_snapshot:1682 - DBG_POPUP_ROW_DEDUPE rect={'left': 40, 'top': 29, 'right': 123, 'bottom': 53} normalized_text=jegyzékek class_name= source_scope=global_process_scan deduplicated=False
2026-08-25 22:21:24.742 | DEBUG    | winwatt_automation.live_ui.menu_helpers:capture_menu_popup_snapshot:1682 - DBG_POPUP_ROW_DEDUPE rect={'left': 123, 'top': 29, 'right': 199, 'bottom': 53} normalized_text=eszközök class_name= source_scope=global_process_scan deduplicated=False
2026-08-25 22:21:24.742 | DEBUG    | winwatt_automation.live_ui.menu_helpers:capture_menu_popup_snapshot:1682 - DBG_POPUP_ROW_DEDUPE rect={'left': 199, 'top': 29, 'right': 287, 'bottom': 53} normalized_text=beállítások class_name= source_scope=global_process_scan deduplicated=False
2026-08-25 22:21:24.742 | DEBUG    | winwatt_automation.live_ui.menu_helpers:capture_menu_popup_snapshot:1682 - DBG_POPUP_ROW_DEDUPE rect={'left': 286, 'top': 29, 'right': 341, 'bottom': 53} normalized_text=ablak class_name= source_scope=global_process_scan deduplicated=False
2026-08-25 22:21:24.744 | DEBUG    | winwatt_automation.live_ui.menu_helpers:capture_menu_popup_snapshot:1682 - DBG_POPUP_ROW_DEDUPE rect={'left': 341, 'top': 29, 'right': 392, 'bottom': 53} normalized_text=súgó class_name= source_scope=global_process_scan deduplicated=False
2026-08-25 22:21:24.744 | INFO     | winwatt_automation.live_ui.menu_helpers:capture_menu_popup_snapshot:1724 - POPUP_SNAPSHOT_SUMMARY main_window_fragments=19 global_scan_fragments=19 deduped_fragments=38 topbar_like=12 popup_like=24 empty_text=2 topbar_band=(0, 29, 392, 53) empty_text_vertical_cluster_detected=False accepted_popup_rows=0 popup_heuristic=candidate_count_below_threshold
2026-08-25 22:21:24.744 | DEBUG    | winwatt_automation.live_ui.menu_helpers:capture_menu_popup_snapshot:1737 - Captured menu snapshot rows=38
2026-08-25 22:21:24.744 | DEBUG    | winwatt_automation.live_ui.menu_helpers:_log_phase_timing:83 - DBG_PHASE_TIMING phase=capture_menu_popup_snapshot elapsed_ms=2141.000 main_rows=19 global_rows=19 unique_rows=38 diagnostic_fast_mode=False
2026-08-25 22:21:24.744 | DEBUG    | winwatt_automation.live_ui.menu_helpers:did_any_new_menu_popup_appear:2272 - Menu popup snapshot diff: before=14 after=38 new=24
2026-08-25 22:21:24.746 | DEBUG    | winwatt_automation.live_ui.menu_helpers:did_any_new_menu_popup_appear:2272 - Menu popup snapshot diff: before=14 after=38 new=24
2026-08-25 22:21:24.750 | DEBUG    | winwatt_automation.live_ui.app_connector:get_cached_main_window:565 - DBG_WINWATT_CACHE_GET reason_code=cache_reused_without_validation payload={'wrapper_type': 'UIAWrapper', 'handle': 1837942, 'process_id': 13928, 'title': 'WinWatt gólya - C:\\Users\\Admin\\Documents\\GitHub\\autowinwatt\\winwatt_automation\\tests\\testwwp.wwp', 'class_name': 'TMainForm', 'control_type': 'Window'} last_validation_age_s=3.8440000000118744 diagnostic_fast_mode=False
2026-08-25 22:21:24.750 | DEBUG    | winwatt_automation.live_ui.app_connector:get_cached_main_window:566 - DBG_PHASE_TIMING phase=get_cached_main_window elapsed_ms=16.000 reason_code=cache_reused_without_validation
2026-08-25 22:21:24.754 | DEBUG    | winwatt_automation.live_ui.app_connector:get_cached_main_window:565 - DBG_WINWATT_CACHE_GET reason_code=cache_reused_without_validation payload={'wrapper_type': 'UIAWrapper', 'handle': 1837942, 'process_id': 13928, 'title': 'WinWatt gólya - C:\\Users\\Admin\\Documents\\GitHub\\autowinwatt\\winwatt_automation\\tests\\testwwp.wwp', 'class_name': 'TMainForm', 'control_type': 'Window'} last_validation_age_s=3.860000000015134 diagnostic_fast_mode=False
2026-08-25 22:21:24.754 | DEBUG    | winwatt_automation.live_ui.app_connector:get_cached_main_window:566 - DBG_PHASE_TIMING phase=get_cached_main_window elapsed_ms=0.000 reason_code=cache_reused_without_validation
2026-08-25 22:21:24.758 | DEBUG    | winwatt_automation.live_ui.app_connector:get_cached_main_window:565 - DBG_WINWATT_CACHE_GET reason_code=cache_reused_without_validation payload={'wrapper_type': 'UIAWrapper', 'handle': 1837942, 'process_id': 13928, 'title': 'WinWatt gólya - C:\\Users\\Admin\\Documents\\GitHub\\autowinwatt\\winwatt_automation\\tests\\testwwp.wwp', 'class_name': 'TMainForm', 'control_type': 'Window'} last_validation_age_s=3.860000000015134 diagnostic_fast_mode=False
2026-08-25 22:21:24.758 | DEBUG    | winwatt_automation.live_ui.app_connector:get_cached_main_window:566 - DBG_PHASE_TIMING phase=get_cached_main_window elapsed_ms=0.000 reason_code=cache_reused_without_validation
2026-08-25 22:21:24.783 | INFO     | winwatt_automation.live_ui.menu_helpers:_menu_items:1101 - DBG_MENU_ITEMS_SUMMARY total_items=19 visible_items=19 topbar_band=(0, 0, 392, 402) topbar_band_visible_count=19 popup_region_visible_count=0 force_refresh=False handle=1837942
2026-08-25 22:21:24.783 | DEBUG    | winwatt_automation.live_ui.menu_helpers:_menu_items:1111 - Discovered 19 MenuItem controls
2026-08-25 22:21:24.783 | DEBUG    | winwatt_automation.live_ui.menu_helpers:_log_phase_timing:83 - DBG_PHASE_TIMING phase=_menu_items elapsed_ms=31.000 force_refresh=False total_items=19 visible_items=19
2026-08-25 22:21:24.797 | INFO     | winwatt_automation.live_ui.menu_helpers:_menu_row_from_wrapper:1545 - TEXT_EXTRACTION_FALLBACK_USED source=legacy_text confidence=medium rect={'left': 4, 'top': 56, 'right': 290, 'bottom': 84}
2026-08-25 22:21:24.799 | DEBUG    | winwatt_automation.live_ui.menu_helpers:_log_popup_fragment:499 - DBG_MENU_FRAGMENT_MAIN_WINDOW source_scope=main_window control_type=MenuItem class_name= text='Végrehajtás' rectangle={'left': 4, 'top': 56, 'right': 290, 'bottom': 84} center=(147, 70) process_id=13928 native_handle=None topbar_candidate=True popup_candidate=False
2026-08-25 22:21:24.823 | INFO     | winwatt_automation.live_ui.menu_helpers:_menu_row_from_wrapper:1545 - TEXT_EXTRACTION_FALLBACK_USED source=legacy_text confidence=medium rect={'left': 4, 'top': 84, 'right': 290, 'bottom': 112}
2026-08-25 22:21:24.831 | DEBUG    | winwatt_automation.live_ui.menu_helpers:_log_popup_fragment:499 - DBG_MENU_FRAGMENT_MAIN_WINDOW source_scope=main_window control_type=MenuItem class_name= text='Végrehajtás' rectangle={'left': 4, 'top': 84, 'right': 290, 'bottom': 112} center=(147, 98) process_id=13928 native_handle=None topbar_candidate=True popup_candidate=False
2026-08-25 22:21:24.851 | WARNING  | winwatt_automation.live_ui.menu_helpers:_menu_row_from_wrapper:1547 - TEXT_EXTRACTION_FAILED source_scope=main_window rect={'left': 4, 'top': 111, 'right': 290, 'bottom': 139}
2026-08-25 22:21:24.856 | DEBUG    | winwatt_automation.live_ui.menu_helpers:_log_popup_fragment:499 - DBG_MENU_FRAGMENT_MAIN_WINDOW source_scope=main_window control_type=MenuItem class_name= text='' rectangle={'left': 4, 'top': 111, 'right': 290, 'bottom': 139} center=(147, 125) process_id=13928 native_handle=None topbar_candidate=True popup_candidate=False
2026-08-25 22:21:24.873 | INFO     | winwatt_automation.live_ui.menu_helpers:_menu_row_from_wrapper:1545 - TEXT_EXTRACTION_FALLBACK_USED source=legacy_text confidence=medium rect={'left': 4, 'top': 139, 'right': 290, 'bottom': 167}
2026-08-25 22:21:24.877 | DEBUG    | winwatt_automation.live_ui.menu_helpers:_log_popup_fragment:499 - DBG_MENU_FRAGMENT_MAIN_WINDOW source_scope=main_window control_type=MenuItem class_name= text='Végrehajtás' rectangle={'left': 4, 'top': 139, 'right': 290, 'bottom': 167} center=(147, 153) process_id=13928 native_handle=None topbar_candidate=True popup_candidate=False
2026-08-25 22:21:24.894 | INFO     | winwatt_automation.live_ui.menu_helpers:_menu_row_from_wrapper:1545 - TEXT_EXTRACTION_FALLBACK_USED source=legacy_text confidence=medium rect={'left': 4, 'top': 166, 'right': 290, 'bottom': 194}
2026-08-25 22:21:24.900 | DEBUG    | winwatt_automation.live_ui.menu_helpers:_log_popup_fragment:499 - DBG_MENU_FRAGMENT_MAIN_WINDOW source_scope=main_window control_type=MenuItem class_name= text='Végrehajtás' rectangle={'left': 4, 'top': 166, 'right': 290, 'bottom': 194} center=(147, 180) process_id=13928 native_handle=None topbar_candidate=True popup_candidate=False
2026-08-25 22:21:24.918 | INFO     | winwatt_automation.live_ui.menu_helpers:_menu_row_from_wrapper:1545 - TEXT_EXTRACTION_FALLBACK_USED source=legacy_text confidence=medium rect={'left': 4, 'top': 194, 'right': 290, 'bottom': 222}
2026-08-25 22:21:24.920 | DEBUG    | winwatt_automation.live_ui.menu_helpers:_log_popup_fragment:499 - DBG_MENU_FRAGMENT_MAIN_WINDOW source_scope=main_window control_type=MenuItem class_name= text='Végrehajtás' rectangle={'left': 4, 'top': 194, 'right': 290, 'bottom': 222} center=(147, 208) process_id=13928 native_handle=None topbar_candidate=True popup_candidate=False
2026-08-25 22:21:24.930 | INFO     | winwatt_automation.live_ui.menu_helpers:_menu_row_from_wrapper:1545 - TEXT_EXTRACTION_FALLBACK_USED source=legacy_text confidence=medium rect={'left': 4, 'top': 221, 'right': 290, 'bottom': 249}
2026-08-25 22:21:24.934 | DEBUG    | winwatt_automation.live_ui.menu_helpers:_log_popup_fragment:499 - DBG_MENU_FRAGMENT_MAIN_WINDOW source_scope=main_window control_type=MenuItem class_name= text='Végrehajtás' rectangle={'left': 4, 'top': 221, 'right': 290, 'bottom': 249} center=(147, 235) process_id=13928 native_handle=None topbar_candidate=True popup_candidate=False
2026-08-25 22:21:24.945 | INFO     | winwatt_automation.live_ui.menu_helpers:_menu_row_from_wrapper:1545 - TEXT_EXTRACTION_FALLBACK_USED source=legacy_text confidence=medium rect={'left': 4, 'top': 249, 'right': 290, 'bottom': 277}
2026-08-25 22:21:24.950 | DEBUG    | winwatt_automation.live_ui.menu_helpers:_log_popup_fragment:499 - DBG_MENU_FRAGMENT_MAIN_WINDOW source_scope=main_window control_type=MenuItem class_name= text='Végrehajtás' rectangle={'left': 4, 'top': 249, 'right': 290, 'bottom': 277} center=(147, 263) process_id=13928 native_handle=None topbar_candidate=True popup_candidate=False
2026-08-25 22:21:24.956 | INFO     | winwatt_automation.live_ui.menu_helpers:_menu_row_from_wrapper:1545 - TEXT_EXTRACTION_FALLBACK_USED source=legacy_text confidence=medium rect={'left': 4, 'top': 284, 'right': 290, 'bottom': 312}
2026-08-25 22:21:24.959 | DEBUG    | winwatt_automation.live_ui.menu_helpers:_log_popup_fragment:499 - DBG_MENU_FRAGMENT_MAIN_WINDOW source_scope=main_window control_type=MenuItem class_name= text='Megnyitás' rectangle={'left': 4, 'top': 284, 'right': 290, 'bottom': 312} center=(147, 298) process_id=13928 native_handle=None topbar_candidate=True popup_candidate=False
2026-08-25 22:21:24.971 | INFO     | winwatt_automation.live_ui.menu_helpers:_menu_row_from_wrapper:1545 - TEXT_EXTRACTION_FALLBACK_USED source=legacy_text confidence=medium rect={'left': 4, 'top': 311, 'right': 290, 'bottom': 339}
2026-08-25 22:21:24.974 | DEBUG    | winwatt_automation.live_ui.menu_helpers:_log_popup_fragment:499 - DBG_MENU_FRAGMENT_MAIN_WINDOW source_scope=main_window control_type=MenuItem class_name= text='Végrehajtás' rectangle={'left': 4, 'top': 311, 'right': 290, 'bottom': 339} center=(147, 325) process_id=13928 native_handle=None topbar_candidate=True popup_candidate=False
2026-08-25 22:21:24.978 | INFO     | winwatt_automation.live_ui.menu_helpers:_menu_row_from_wrapper:1545 - TEXT_EXTRACTION_FALLBACK_USED source=legacy_text confidence=medium rect={'left': 4, 'top': 339, 'right': 290, 'bottom': 367}
2026-08-25 22:21:24.978 | DEBUG    | winwatt_automation.live_ui.menu_helpers:_log_popup_fragment:499 - DBG_MENU_FRAGMENT_MAIN_WINDOW source_scope=main_window control_type=MenuItem class_name= text='Végrehajtás' rectangle={'left': 4, 'top': 339, 'right': 290, 'bottom': 367} center=(147, 353) process_id=13928 native_handle=None topbar_candidate=True popup_candidate=False
2026-08-25 22:21:24.978 | INFO     | winwatt_automation.live_ui.menu_helpers:_menu_row_from_wrapper:1545 - TEXT_EXTRACTION_FALLBACK_USED source=legacy_text confidence=medium rect={'left': 4, 'top': 374, 'right': 290, 'bottom': 402}
2026-08-25 22:21:24.993 | DEBUG    | winwatt_automation.live_ui.menu_helpers:_log_popup_fragment:499 - DBG_MENU_FRAGMENT_MAIN_WINDOW source_scope=main_window control_type=MenuItem class_name= text='Végrehajtás' rectangle={'left': 4, 'top': 374, 'right': 290, 'bottom': 402} center=(147, 388) process_id=13928 native_handle=None topbar_candidate=True popup_candidate=False
2026-08-25 22:21:24.993 | DEBUG    | winwatt_automation.live_ui.menu_helpers:_log_popup_fragment:499 - DBG_MENU_FRAGMENT_MAIN_WINDOW source_scope=main_window control_type=MenuItem class_name= text='Rendszer' rectangle={'left': 0, 'top': 0, 'right': 28, 'bottom': 28} center=(14, 14) process_id=13928 native_handle=None topbar_candidate=True popup_candidate=False
2026-08-25 22:21:24.993 | DEBUG    | winwatt_automation.live_ui.menu_helpers:_log_popup_fragment:499 - DBG_MENU_FRAGMENT_MAIN_WINDOW source_scope=main_window control_type=MenuItem class_name= text='Fájl' rectangle={'left': 0, 'top': 29, 'right': 40, 'bottom': 53} center=(20, 41) process_id=13928 native_handle=None topbar_candidate=True popup_candidate=False
2026-08-25 22:21:24.993 | DEBUG    | winwatt_automation.live_ui.menu_helpers:_log_popup_fragment:499 - DBG_MENU_FRAGMENT_MAIN_WINDOW source_scope=main_window control_type=MenuItem class_name= text='Jegyzékek' rectangle={'left': 40, 'top': 29, 'right': 123, 'bottom': 53} center=(81, 41) process_id=13928 native_handle=None topbar_candidate=True popup_candidate=False
2026-08-25 22:21:24.993 | DEBUG    | winwatt_automation.live_ui.menu_helpers:_log_popup_fragment:499 - DBG_MENU_FRAGMENT_MAIN_WINDOW source_scope=main_window control_type=MenuItem class_name= text='Eszközök' rectangle={'left': 123, 'top': 29, 'right': 199, 'bottom': 53} center=(161, 41) process_id=13928 native_handle=None topbar_candidate=True popup_candidate=False
2026-08-25 22:21:24.993 | DEBUG    | winwatt_automation.live_ui.menu_helpers:_log_popup_fragment:499 - DBG_MENU_FRAGMENT_MAIN_WINDOW source_scope=main_window control_type=MenuItem class_name= text='Beállítások' rectangle={'left': 199, 'top': 29, 'right': 287, 'bottom': 53} center=(243, 41) process_id=13928 native_handle=None topbar_candidate=True popup_candidate=False
2026-08-25 22:21:24.993 | DEBUG    | winwatt_automation.live_ui.menu_helpers:_log_popup_fragment:499 - DBG_MENU_FRAGMENT_MAIN_WINDOW source_scope=main_window control_type=MenuItem class_name= text='Ablak' rectangle={'left': 286, 'top': 29, 'right': 341, 'bottom': 53} center=(313, 41) process_id=13928 native_handle=None topbar_candidate=True popup_candidate=False
2026-08-25 22:21:24.993 | DEBUG    | winwatt_automation.live_ui.menu_helpers:_log_popup_fragment:499 - DBG_MENU_FRAGMENT_MAIN_WINDOW source_scope=main_window control_type=MenuItem class_name= text='Súgó' rectangle={'left': 341, 'top': 29, 'right': 392, 'bottom': 53} center=(366, 41) process_id=13928 native_handle=None topbar_candidate=True popup_candidate=False
2026-08-25 22:21:24.993 | DEBUG    | winwatt_automation.live_ui.menu_helpers:_menu_like_controls_from_main_window:1599 - DBG_MENU_FRAGMENT_SOURCE_SUMMARY source_scope=main_window count=19
2026-08-25 22:21:24.993 | INFO     | winwatt_automation.live_ui.app_connector:is_winwatt_foreground_context:1123 - DBG_WINWATT_FOREGROUND_CONTEXT expected_handle=1837942 expected_process_id=13928 expected_title=WinWatt gólya - C:\Users\Admin\Documents\GitHub\autowinwatt\winwatt_automation\tests\testwwp.wwp expected_class_name=TMainForm actual_foreground_handle=1837942 actual_foreground_process_id=13928 actual_foreground_title=WinWatt gólya - C:\Users\Admin\Documents\GitHub\autowinwatt\winwatt_automation\tests\testwwp.wwp actual_foreground_class_name=TMainForm allow_dialog=True result_reason=handle_match
2026-08-25 22:21:24.993 | INFO     | winwatt_automation.live_ui.app_connector:_cached_window_health_status:489 - DBG_WINWATT_CACHE_HEALTH reason_code=healthy payload={'wrapper_type': 'UIAWrapper', 'handle': 1837942, 'process_id': 13928, 'title': 'WinWatt gólya - C:\\Users\\Admin\\Documents\\GitHub\\autowinwatt\\winwatt_automation\\tests\\testwwp.wwp', 'class_name': 'TMainForm', 'control_type': 'Window'}
2026-08-25 22:21:24.993 | DEBUG    | winwatt_automation.live_ui.app_connector:get_cached_main_window:574 - DBG_WINWATT_CACHE_GET reason_code=cache_validated_ok payload={'wrapper_type': 'UIAWrapper', 'handle': 1837942, 'process_id': 13928, 'title': 'WinWatt gólya - C:\\Users\\Admin\\Documents\\GitHub\\autowinwatt\\winwatt_automation\\tests\\testwwp.wwp', 'class_name': 'TMainForm', 'control_type': 'Window'} last_validation_age_s=4.094000000011874 diagnostic_fast_mode=False
2026-08-25 22:21:24.993 | DEBUG    | winwatt_automation.live_ui.app_connector:get_cached_main_window:575 - DBG_PHASE_TIMING phase=get_cached_main_window elapsed_ms=0.000 reason_code=cache_validated_ok
2026-08-25 22:21:25.009 | DEBUG    | winwatt_automation.live_ui.app_connector:get_cached_main_window:565 - DBG_WINWATT_CACHE_GET reason_code=cache_reused_without_validation payload={'wrapper_type': 'UIAWrapper', 'handle': 1837942, 'process_id': 13928, 'title': 'WinWatt gólya - C:\\Users\\Admin\\Documents\\GitHub\\autowinwatt\\winwatt_automation\\tests\\testwwp.wwp', 'class_name': 'TMainForm', 'control_type': 'Window'} last_validation_age_s=0.0 diagnostic_fast_mode=False
2026-08-25 22:21:25.009 | DEBUG    | winwatt_automation.live_ui.app_connector:get_cached_main_window:566 - DBG_PHASE_TIMING phase=get_cached_main_window elapsed_ms=16.000 reason_code=cache_reused_without_validation
2026-08-25 22:21:25.725 | INFO     | winwatt_automation.live_ui.menu_helpers:_menu_row_from_wrapper:1545 - TEXT_EXTRACTION_FALLBACK_USED source=legacy_text confidence=medium rect={'left': 4, 'top': 56, 'right': 290, 'bottom': 84}
2026-08-25 22:21:25.741 | DEBUG    | winwatt_automation.live_ui.menu_helpers:_log_popup_fragment:499 - DBG_MENU_FRAGMENT_GLOBAL_SCAN source_scope=global_process_scan control_type=MenuItem class_name= text='Végrehajtás' rectangle={'left': 4, 'top': 56, 'right': 290, 'bottom': 84} center=(147, 70) process_id=13928 native_handle=None topbar_candidate=True popup_candidate=False
2026-08-25 22:21:25.741 | INFO     | winwatt_automation.live_ui.menu_helpers:_menu_row_from_wrapper:1545 - TEXT_EXTRACTION_FALLBACK_USED source=legacy_text confidence=medium rect={'left': 4, 'top': 84, 'right': 290, 'bottom': 112}
2026-08-25 22:21:25.741 | DEBUG    | winwatt_automation.live_ui.menu_helpers:_log_popup_fragment:499 - DBG_MENU_FRAGMENT_GLOBAL_SCAN source_scope=global_process_scan control_type=MenuItem class_name= text='Végrehajtás' rectangle={'left': 4, 'top': 84, 'right': 290, 'bottom': 112} center=(147, 98) process_id=13928 native_handle=None topbar_candidate=True popup_candidate=False
2026-08-25 22:21:25.757 | WARNING  | winwatt_automation.live_ui.menu_helpers:_menu_row_from_wrapper:1547 - TEXT_EXTRACTION_FAILED source_scope=global_process_scan rect={'left': 4, 'top': 111, 'right': 290, 'bottom': 139}
2026-08-25 22:21:25.757 | DEBUG    | winwatt_automation.live_ui.menu_helpers:_log_popup_fragment:499 - DBG_MENU_FRAGMENT_GLOBAL_SCAN source_scope=global_process_scan control_type=MenuItem class_name= text='' rectangle={'left': 4, 'top': 111, 'right': 290, 'bottom': 139} center=(147, 125) process_id=13928 native_handle=None topbar_candidate=True popup_candidate=False
2026-08-25 22:21:25.757 | INFO     | winwatt_automation.live_ui.menu_helpers:_menu_row_from_wrapper:1545 - TEXT_EXTRACTION_FALLBACK_USED source=legacy_text confidence=medium rect={'left': 4, 'top': 139, 'right': 290, 'bottom': 167}
2026-08-25 22:21:25.757 | DEBUG    | winwatt_automation.live_ui.menu_helpers:_log_popup_fragment:499 - DBG_MENU_FRAGMENT_GLOBAL_SCAN source_scope=global_process_scan control_type=MenuItem class_name= text='Végrehajtás' rectangle={'left': 4, 'top': 139, 'right': 290, 'bottom': 167} center=(147, 153) process_id=13928 native_handle=None topbar_candidate=True popup_candidate=False
2026-08-25 22:21:25.777 | INFO     | winwatt_automation.live_ui.menu_helpers:_menu_row_from_wrapper:1545 - TEXT_EXTRACTION_FALLBACK_USED source=legacy_text confidence=medium rect={'left': 4, 'top': 166, 'right': 290, 'bottom': 194}
2026-08-25 22:21:25.777 | DEBUG    | winwatt_automation.live_ui.menu_helpers:_log_popup_fragment:499 - DBG_MENU_FRAGMENT_GLOBAL_SCAN source_scope=global_process_scan control_type=MenuItem class_name= text='Végrehajtás' rectangle={'left': 4, 'top': 166, 'right': 290, 'bottom': 194} center=(147, 180) process_id=13928 native_handle=None topbar_candidate=True popup_candidate=False
2026-08-25 22:21:25.789 | INFO     | winwatt_automation.live_ui.menu_helpers:_menu_row_from_wrapper:1545 - TEXT_EXTRACTION_FALLBACK_USED source=legacy_text confidence=medium rect={'left': 4, 'top': 194, 'right': 290, 'bottom': 222}
2026-08-25 22:21:25.789 | DEBUG    | winwatt_automation.live_ui.menu_helpers:_log_popup_fragment:499 - DBG_MENU_FRAGMENT_GLOBAL_SCAN source_scope=global_process_scan control_type=MenuItem class_name= text='Végrehajtás' rectangle={'left': 4, 'top': 194, 'right': 290, 'bottom': 222} center=(147, 208) process_id=13928 native_handle=None topbar_candidate=True popup_candidate=False
2026-08-25 22:21:25.789 | INFO     | winwatt_automation.live_ui.menu_helpers:_menu_row_from_wrapper:1545 - TEXT_EXTRACTION_FALLBACK_USED source=legacy_text confidence=medium rect={'left': 4, 'top': 221, 'right': 290, 'bottom': 249}
2026-08-25 22:21:25.789 | DEBUG    | winwatt_automation.live_ui.menu_helpers:_log_popup_fragment:499 - DBG_MENU_FRAGMENT_GLOBAL_SCAN source_scope=global_process_scan control_type=MenuItem class_name= text='Végrehajtás' rectangle={'left': 4, 'top': 221, 'right': 290, 'bottom': 249} center=(147, 235) process_id=13928 native_handle=None topbar_candidate=True popup_candidate=False
2026-08-25 22:21:25.805 | INFO     | winwatt_automation.live_ui.menu_helpers:_menu_row_from_wrapper:1545 - TEXT_EXTRACTION_FALLBACK_USED source=legacy_text confidence=medium rect={'left': 4, 'top': 249, 'right': 290, 'bottom': 277}
2026-08-25 22:21:25.805 | DEBUG    | winwatt_automation.live_ui.menu_helpers:_log_popup_fragment:499 - DBG_MENU_FRAGMENT_GLOBAL_SCAN source_scope=global_process_scan control_type=MenuItem class_name= text='Végrehajtás' rectangle={'left': 4, 'top': 249, 'right': 290, 'bottom': 277} center=(147, 263) process_id=13928 native_handle=None topbar_candidate=True popup_candidate=False
2026-08-25 22:21:25.819 | INFO     | winwatt_automation.live_ui.menu_helpers:_menu_row_from_wrapper:1545 - TEXT_EXTRACTION_FALLBACK_USED source=legacy_text confidence=medium rect={'left': 4, 'top': 284, 'right': 290, 'bottom': 312}
2026-08-25 22:21:25.821 | DEBUG    | winwatt_automation.live_ui.menu_helpers:_log_popup_fragment:499 - DBG_MENU_FRAGMENT_GLOBAL_SCAN source_scope=global_process_scan control_type=MenuItem class_name= text='Megnyitás' rectangle={'left': 4, 'top': 284, 'right': 290, 'bottom': 312} center=(147, 298) process_id=13928 native_handle=None topbar_candidate=True popup_candidate=False
2026-08-25 22:21:25.821 | INFO     | winwatt_automation.live_ui.menu_helpers:_menu_row_from_wrapper:1545 - TEXT_EXTRACTION_FALLBACK_USED source=legacy_text confidence=medium rect={'left': 4, 'top': 311, 'right': 290, 'bottom': 339}
2026-08-25 22:21:25.821 | DEBUG    | winwatt_automation.live_ui.menu_helpers:_log_popup_fragment:499 - DBG_MENU_FRAGMENT_GLOBAL_SCAN source_scope=global_process_scan control_type=MenuItem class_name= text='Végrehajtás' rectangle={'left': 4, 'top': 311, 'right': 290, 'bottom': 339} center=(147, 325) process_id=13928 native_handle=None topbar_candidate=True popup_candidate=False
2026-08-25 22:21:25.836 | INFO     | winwatt_automation.live_ui.menu_helpers:_menu_row_from_wrapper:1545 - TEXT_EXTRACTION_FALLBACK_USED source=legacy_text confidence=medium rect={'left': 4, 'top': 339, 'right': 290, 'bottom': 367}
2026-08-25 22:21:25.836 | DEBUG    | winwatt_automation.live_ui.menu_helpers:_log_popup_fragment:499 - DBG_MENU_FRAGMENT_GLOBAL_SCAN source_scope=global_process_scan control_type=MenuItem class_name= text='Végrehajtás' rectangle={'left': 4, 'top': 339, 'right': 290, 'bottom': 367} center=(147, 353) process_id=13928 native_handle=None topbar_candidate=True popup_candidate=False
2026-08-25 22:21:25.836 | INFO     | winwatt_automation.live_ui.menu_helpers:_menu_row_from_wrapper:1545 - TEXT_EXTRACTION_FALLBACK_USED source=legacy_text confidence=medium rect={'left': 4, 'top': 374, 'right': 290, 'bottom': 402}
2026-08-25 22:21:25.852 | DEBUG    | winwatt_automation.live_ui.menu_helpers:_log_popup_fragment:499 - DBG_MENU_FRAGMENT_GLOBAL_SCAN source_scope=global_process_scan control_type=MenuItem class_name= text='Végrehajtás' rectangle={'left': 4, 'top': 374, 'right': 290, 'bottom': 402} center=(147, 388) process_id=13928 native_handle=None topbar_candidate=True popup_candidate=False
2026-08-25 22:21:25.852 | DEBUG    | winwatt_automation.live_ui.menu_helpers:_log_popup_fragment:499 - DBG_MENU_FRAGMENT_GLOBAL_SCAN source_scope=global_process_scan control_type=MenuItem class_name= text='Rendszer' rectangle={'left': 0, 'top': 0, 'right': 28, 'bottom': 28} center=(14, 14) process_id=13928 native_handle=None topbar_candidate=True popup_candidate=False
2026-08-25 22:21:25.852 | DEBUG    | winwatt_automation.live_ui.menu_helpers:_log_popup_fragment:499 - DBG_MENU_FRAGMENT_GLOBAL_SCAN source_scope=global_process_scan control_type=MenuItem class_name= text='Fájl' rectangle={'left': 0, 'top': 29, 'right': 40, 'bottom': 53} center=(20, 41) process_id=13928 native_handle=None topbar_candidate=True popup_candidate=False
2026-08-25 22:21:25.852 | DEBUG    | winwatt_automation.live_ui.menu_helpers:_log_popup_fragment:499 - DBG_MENU_FRAGMENT_GLOBAL_SCAN source_scope=global_process_scan control_type=MenuItem class_name= text='Jegyzékek' rectangle={'left': 40, 'top': 29, 'right': 123, 'bottom': 53} center=(81, 41) process_id=13928 native_handle=None topbar_candidate=True popup_candidate=False
2026-08-25 22:21:25.852 | DEBUG    | winwatt_automation.live_ui.menu_helpers:_log_popup_fragment:499 - DBG_MENU_FRAGMENT_GLOBAL_SCAN source_scope=global_process_scan control_type=MenuItem class_name= text='Eszközök' rectangle={'left': 123, 'top': 29, 'right': 199, 'bottom': 53} center=(161, 41) process_id=13928 native_handle=None topbar_candidate=True popup_candidate=False
2026-08-25 22:21:25.855 | DEBUG    | winwatt_automation.live_ui.menu_helpers:_log_popup_fragment:499 - DBG_MENU_FRAGMENT_GLOBAL_SCAN source_scope=global_process_scan control_type=MenuItem class_name= text='Beállítások' rectangle={'left': 199, 'top': 29, 'right': 287, 'bottom': 53} center=(243, 41) process_id=13928 native_handle=None topbar_candidate=True popup_candidate=False
2026-08-25 22:21:25.855 | DEBUG    | winwatt_automation.live_ui.menu_helpers:_log_popup_fragment:499 - DBG_MENU_FRAGMENT_GLOBAL_SCAN source_scope=global_process_scan control_type=MenuItem class_name= text='Ablak' rectangle={'left': 286, 'top': 29, 'right': 341, 'bottom': 53} center=(313, 41) process_id=13928 native_handle=None topbar_candidate=True popup_candidate=False
2026-08-25 22:21:25.855 | DEBUG    | winwatt_automation.live_ui.menu_helpers:_log_popup_fragment:499 - DBG_MENU_FRAGMENT_GLOBAL_SCAN source_scope=global_process_scan control_type=MenuItem class_name= text='Súgó' rectangle={'left': 341, 'top': 29, 'right': 392, 'bottom': 53} center=(366, 41) process_id=13928 native_handle=None topbar_candidate=True popup_candidate=False
2026-08-25 22:21:25.855 | DEBUG    | winwatt_automation.live_ui.menu_helpers:_menu_like_controls_from_global_process_scan:1631 - DBG_MENU_FRAGMENT_SOURCE_SUMMARY source_scope=global_process_scan count=19 process_id=13928
2026-08-25 22:21:25.855 | DEBUG    | winwatt_automation.live_ui.app_connector:get_cached_main_window:565 - DBG_WINWATT_CACHE_GET reason_code=cache_reused_without_validation payload={'wrapper_type': 'UIAWrapper', 'handle': 1837942, 'process_id': 13928, 'title': 'WinWatt gólya - C:\\Users\\Admin\\Documents\\GitHub\\autowinwatt\\winwatt_automation\\tests\\testwwp.wwp', 'class_name': 'TMainForm', 'control_type': 'Window'} last_validation_age_s=0.8589999999967404 diagnostic_fast_mode=False
2026-08-25 22:21:25.855 | DEBUG    | winwatt_automation.live_ui.app_connector:get_cached_main_window:566 - DBG_PHASE_TIMING phase=get_cached_main_window elapsed_ms=0.000 reason_code=cache_reused_without_validation
2026-08-25 22:21:26.340 | DEBUG    | winwatt_automation.live_ui.menu_helpers:capture_menu_popup_snapshot:1682 - DBG_POPUP_ROW_DEDUPE rect={'left': 4, 'top': 56, 'right': 290, 'bottom': 84} normalized_text=végrehajtás class_name= source_scope=main_window deduplicated=False
2026-08-25 22:21:26.340 | DEBUG    | winwatt_automation.live_ui.menu_helpers:capture_menu_popup_snapshot:1682 - DBG_POPUP_ROW_DEDUPE rect={'left': 4, 'top': 84, 'right': 290, 'bottom': 112} normalized_text=végrehajtás class_name= source_scope=main_window deduplicated=False
2026-08-25 22:21:26.340 | DEBUG    | winwatt_automation.live_ui.menu_helpers:capture_menu_popup_snapshot:1682 - DBG_POPUP_ROW_DEDUPE rect={'left': 4, 'top': 111, 'right': 290, 'bottom': 139} normalized_text= class_name= source_scope=main_window deduplicated=False
2026-08-25 22:21:26.340 | DEBUG    | winwatt_automation.live_ui.menu_helpers:capture_menu_popup_snapshot:1682 - DBG_POPUP_ROW_DEDUPE rect={'left': 4, 'top': 139, 'right': 290, 'bottom': 167} normalized_text=végrehajtás class_name= source_scope=main_window deduplicated=False
2026-08-25 22:21:26.340 | DEBUG    | winwatt_automation.live_ui.menu_helpers:capture_menu_popup_snapshot:1682 - DBG_POPUP_ROW_DEDUPE rect={'left': 4, 'top': 166, 'right': 290, 'bottom': 194} normalized_text=végrehajtás class_name= source_scope=main_window deduplicated=False
2026-08-25 22:21:26.340 | DEBUG    | winwatt_automation.live_ui.menu_helpers:capture_menu_popup_snapshot:1682 - DBG_POPUP_ROW_DEDUPE rect={'left': 4, 'top': 194, 'right': 290, 'bottom': 222} normalized_text=végrehajtás class_name= source_scope=main_window deduplicated=False
2026-08-25 22:21:26.340 | DEBUG    | winwatt_automation.live_ui.menu_helpers:capture_menu_popup_snapshot:1682 - DBG_POPUP_ROW_DEDUPE rect={'left': 4, 'top': 221, 'right': 290, 'bottom': 249} normalized_text=végrehajtás class_name= source_scope=main_window deduplicated=False
2026-08-25 22:21:26.340 | DEBUG    | winwatt_automation.live_ui.menu_helpers:capture_menu_popup_snapshot:1682 - DBG_POPUP_ROW_DEDUPE rect={'left': 4, 'top': 249, 'right': 290, 'bottom': 277} normalized_text=végrehajtás class_name= source_scope=main_window deduplicated=False
2026-08-25 22:21:26.340 | DEBUG    | winwatt_automation.live_ui.menu_helpers:capture_menu_popup_snapshot:1682 - DBG_POPUP_ROW_DEDUPE rect={'left': 4, 'top': 284, 'right': 290, 'bottom': 312} normalized_text=megnyitás class_name= source_scope=main_window deduplicated=False
2026-08-25 22:21:26.341 | DEBUG    | winwatt_automation.live_ui.menu_helpers:capture_menu_popup_snapshot:1682 - DBG_POPUP_ROW_DEDUPE rect={'left': 4, 'top': 311, 'right': 290, 'bottom': 339} normalized_text=végrehajtás class_name= source_scope=main_window deduplicated=False
2026-08-25 22:21:26.341 | DEBUG    | winwatt_automation.live_ui.menu_helpers:capture_menu_popup_snapshot:1682 - DBG_POPUP_ROW_DEDUPE rect={'left': 4, 'top': 339, 'right': 290, 'bottom': 367} normalized_text=végrehajtás class_name= source_scope=main_window deduplicated=False
2026-08-25 22:21:26.341 | DEBUG    | winwatt_automation.live_ui.menu_helpers:capture_menu_popup_snapshot:1682 - DBG_POPUP_ROW_DEDUPE rect={'left': 4, 'top': 374, 'right': 290, 'bottom': 402} normalized_text=végrehajtás class_name= source_scope=main_window deduplicated=False
2026-08-25 22:21:26.341 | DEBUG    | winwatt_automation.live_ui.menu_helpers:capture_menu_popup_snapshot:1682 - DBG_POPUP_ROW_DEDUPE rect={'left': 0, 'top': 0, 'right': 28, 'bottom': 28} normalized_text=rendszer class_name= source_scope=main_window deduplicated=False
2026-08-25 22:21:26.341 | DEBUG    | winwatt_automation.live_ui.menu_helpers:capture_menu_popup_snapshot:1682 - DBG_POPUP_ROW_DEDUPE rect={'left': 0, 'top': 29, 'right': 40, 'bottom': 53} normalized_text=fájl class_name= source_scope=main_window deduplicated=False
2026-08-25 22:21:26.341 | DEBUG    | winwatt_automation.live_ui.menu_helpers:capture_menu_popup_snapshot:1682 - DBG_POPUP_ROW_DEDUPE rect={'left': 40, 'top': 29, 'right': 123, 'bottom': 53} normalized_text=jegyzékek class_name= source_scope=main_window deduplicated=False
2026-08-25 22:21:26.341 | DEBUG    | winwatt_automation.live_ui.menu_helpers:capture_menu_popup_snapshot:1682 - DBG_POPUP_ROW_DEDUPE rect={'left': 123, 'top': 29, 'right': 199, 'bottom': 53} normalized_text=eszközök class_name= source_scope=main_window deduplicated=False
2026-08-25 22:21:26.341 | DEBUG    | winwatt_automation.live_ui.menu_helpers:capture_menu_popup_snapshot:1682 - DBG_POPUP_ROW_DEDUPE rect={'left': 199, 'top': 29, 'right': 287, 'bottom': 53} normalized_text=beállítások class_name= source_scope=main_window deduplicated=False
2026-08-25 22:21:26.341 | DEBUG    | winwatt_automation.live_ui.menu_helpers:capture_menu_popup_snapshot:1682 - DBG_POPUP_ROW_DEDUPE rect={'left': 286, 'top': 29, 'right': 341, 'bottom': 53} normalized_text=ablak class_name= source_scope=main_window deduplicated=False
2026-08-25 22:21:26.341 | DEBUG    | winwatt_automation.live_ui.menu_helpers:capture_menu_popup_snapshot:1682 - DBG_POPUP_ROW_DEDUPE rect={'left': 341, 'top': 29, 'right': 392, 'bottom': 53} normalized_text=súgó class_name= source_scope=main_window deduplicated=False
2026-08-25 22:21:26.341 | DEBUG    | winwatt_automation.live_ui.menu_helpers:capture_menu_popup_snapshot:1682 - DBG_POPUP_ROW_DEDUPE rect={'left': 4, 'top': 56, 'right': 290, 'bottom': 84} normalized_text=végrehajtás class_name= source_scope=global_process_scan deduplicated=False
2026-08-25 22:21:26.341 | DEBUG    | winwatt_automation.live_ui.menu_helpers:capture_menu_popup_snapshot:1682 - DBG_POPUP_ROW_DEDUPE rect={'left': 4, 'top': 84, 'right': 290, 'bottom': 112} normalized_text=végrehajtás class_name= source_scope=global_process_scan deduplicated=False
2026-08-25 22:21:26.341 | DEBUG    | winwatt_automation.live_ui.menu_helpers:capture_menu_popup_snapshot:1682 - DBG_POPUP_ROW_DEDUPE rect={'left': 4, 'top': 111, 'right': 290, 'bottom': 139} normalized_text= class_name= source_scope=global_process_scan deduplicated=False
2026-08-25 22:21:26.342 | DEBUG    | winwatt_automation.live_ui.menu_helpers:capture_menu_popup_snapshot:1682 - DBG_POPUP_ROW_DEDUPE rect={'left': 4, 'top': 139, 'right': 290, 'bottom': 167} normalized_text=végrehajtás class_name= source_scope=global_process_scan deduplicated=False
2026-08-25 22:21:26.342 | DEBUG    | winwatt_automation.live_ui.menu_helpers:capture_menu_popup_snapshot:1682 - DBG_POPUP_ROW_DEDUPE rect={'left': 4, 'top': 166, 'right': 290, 'bottom': 194} normalized_text=végrehajtás class_name= source_scope=global_process_scan deduplicated=False
2026-08-25 22:21:26.342 | DEBUG    | winwatt_automation.live_ui.menu_helpers:capture_menu_popup_snapshot:1682 - DBG_POPUP_ROW_DEDUPE rect={'left': 4, 'top': 194, 'right': 290, 'bottom': 222} normalized_text=végrehajtás class_name= source_scope=global_process_scan deduplicated=False
2026-08-25 22:21:26.342 | DEBUG    | winwatt_automation.live_ui.menu_helpers:capture_menu_popup_snapshot:1682 - DBG_POPUP_ROW_DEDUPE rect={'left': 4, 'top': 221, 'right': 290, 'bottom': 249} normalized_text=végrehajtás class_name= source_scope=global_process_scan deduplicated=False
2026-08-25 22:21:26.342 | DEBUG    | winwatt_automation.live_ui.menu_helpers:capture_menu_popup_snapshot:1682 - DBG_POPUP_ROW_DEDUPE rect={'left': 4, 'top': 249, 'right': 290, 'bottom': 277} normalized_text=végrehajtás class_name= source_scope=global_process_scan deduplicated=False
2026-08-25 22:21:26.342 | DEBUG    | winwatt_automation.live_ui.menu_helpers:capture_menu_popup_snapshot:1682 - DBG_POPUP_ROW_DEDUPE rect={'left': 4, 'top': 284, 'right': 290, 'bottom': 312} normalized_text=megnyitás class_name= source_scope=global_process_scan deduplicated=False
2026-08-25 22:21:26.342 | DEBUG    | winwatt_automation.live_ui.menu_helpers:capture_menu_popup_snapshot:1682 - DBG_POPUP_ROW_DEDUPE rect={'left': 4, 'top': 311, 'right': 290, 'bottom': 339} normalized_text=végrehajtás class_name= source_scope=global_process_scan deduplicated=False
2026-08-25 22:21:26.342 | DEBUG    | winwatt_automation.live_ui.menu_helpers:capture_menu_popup_snapshot:1682 - DBG_POPUP_ROW_DEDUPE rect={'left': 4, 'top': 339, 'right': 290, 'bottom': 367} normalized_text=végrehajtás class_name= source_scope=global_process_scan deduplicated=False
2026-08-25 22:21:26.342 | DEBUG    | winwatt_automation.live_ui.menu_helpers:capture_menu_popup_snapshot:1682 - DBG_POPUP_ROW_DEDUPE rect={'left': 4, 'top': 374, 'right': 290, 'bottom': 402} normalized_text=végrehajtás class_name= source_scope=global_process_scan deduplicated=False
2026-08-25 22:21:26.343 | DEBUG    | winwatt_automation.live_ui.menu_helpers:capture_menu_popup_snapshot:1682 - DBG_POPUP_ROW_DEDUPE rect={'left': 0, 'top': 0, 'right': 28, 'bottom': 28} normalized_text=rendszer class_name= source_scope=global_process_scan deduplicated=False
2026-08-25 22:21:26.343 | DEBUG    | winwatt_automation.live_ui.menu_helpers:capture_menu_popup_snapshot:1682 - DBG_POPUP_ROW_DEDUPE rect={'left': 0, 'top': 29, 'right': 40, 'bottom': 53} normalized_text=fájl class_name= source_scope=global_process_scan deduplicated=False
2026-08-25 22:21:26.343 | DEBUG    | winwatt_automation.live_ui.menu_helpers:capture_menu_popup_snapshot:1682 - DBG_POPUP_ROW_DEDUPE rect={'left': 40, 'top': 29, 'right': 123, 'bottom': 53} normalized_text=jegyzékek class_name= source_scope=global_process_scan deduplicated=False
2026-08-25 22:21:26.343 | DEBUG    | winwatt_automation.live_ui.menu_helpers:capture_menu_popup_snapshot:1682 - DBG_POPUP_ROW_DEDUPE rect={'left': 123, 'top': 29, 'right': 199, 'bottom': 53} normalized_text=eszközök class_name= source_scope=global_process_scan deduplicated=False
2026-08-25 22:21:26.344 | DEBUG    | winwatt_automation.live_ui.menu_helpers:capture_menu_popup_snapshot:1682 - DBG_POPUP_ROW_DEDUPE rect={'left': 199, 'top': 29, 'right': 287, 'bottom': 53} normalized_text=beállítások class_name= source_scope=global_process_scan deduplicated=False
2026-08-25 22:21:26.344 | DEBUG    | winwatt_automation.live_ui.menu_helpers:capture_menu_popup_snapshot:1682 - DBG_POPUP_ROW_DEDUPE rect={'left': 286, 'top': 29, 'right': 341, 'bottom': 53} normalized_text=ablak class_name= source_scope=global_process_scan deduplicated=False
2026-08-25 22:21:26.344 | DEBUG    | winwatt_automation.live_ui.menu_helpers:capture_menu_popup_snapshot:1682 - DBG_POPUP_ROW_DEDUPE rect={'left': 341, 'top': 29, 'right': 392, 'bottom': 53} normalized_text=súgó class_name= source_scope=global_process_scan deduplicated=False
2026-08-25 22:21:26.345 | INFO     | winwatt_automation.live_ui.menu_helpers:capture_menu_popup_snapshot:1724 - POPUP_SNAPSHOT_SUMMARY main_window_fragments=19 global_scan_fragments=19 deduped_fragments=38 topbar_like=12 popup_like=24 empty_text=2 topbar_band=(0, 29, 392, 53) empty_text_vertical_cluster_detected=False accepted_popup_rows=0 popup_heuristic=candidate_count_below_threshold
2026-08-25 22:21:26.345 | DEBUG    | winwatt_automation.live_ui.menu_helpers:capture_menu_popup_snapshot:1737 - Captured menu snapshot rows=38
2026-08-25 22:21:26.345 | DEBUG    | winwatt_automation.live_ui.menu_helpers:_log_phase_timing:83 - DBG_PHASE_TIMING phase=capture_menu_popup_snapshot elapsed_ms=1609.000 main_rows=19 global_rows=19 unique_rows=38 diagnostic_fast_mode=False
2026-08-25 22:21:26.345 | DEBUG    | winwatt_automation.live_ui.app_connector:get_cached_main_window:565 - DBG_WINWATT_CACHE_GET reason_code=cache_reused_without_validation payload={'wrapper_type': 'UIAWrapper', 'handle': 1837942, 'process_id': 13928, 'title': 'WinWatt gólya - C:\\Users\\Admin\\Documents\\GitHub\\autowinwatt\\winwatt_automation\\tests\\testwwp.wwp', 'class_name': 'TMainForm', 'control_type': 'Window'} last_validation_age_s=1.3589999999967404 diagnostic_fast_mode=False
2026-08-25 22:21:26.345 | DEBUG    | winwatt_automation.live_ui.app_connector:get_cached_main_window:566 - DBG_PHASE_TIMING phase=get_cached_main_window elapsed_ms=0.000 reason_code=cache_reused_without_validation
2026-08-25 22:21:26.351 | DEBUG    | winwatt_automation.live_ui.app_connector:get_cached_main_window:565 - DBG_WINWATT_CACHE_GET reason_code=cache_reused_without_validation payload={'wrapper_type': 'UIAWrapper', 'handle': 1837942, 'process_id': 13928, 'title': 'WinWatt gólya - C:\\Users\\Admin\\Documents\\GitHub\\autowinwatt\\winwatt_automation\\tests\\testwwp.wwp', 'class_name': 'TMainForm', 'control_type': 'Window'} last_validation_age_s=1.3589999999967404 diagnostic_fast_mode=False
2026-08-25 22:21:26.351 | DEBUG    | winwatt_automation.live_ui.app_connector:get_cached_main_window:566 - DBG_PHASE_TIMING phase=get_cached_main_window elapsed_ms=0.000 reason_code=cache_reused_without_validation
2026-08-25 22:21:27.183 | INFO     | winwatt_automation.live_ui.menu_helpers:_menu_items:1101 - DBG_MENU_ITEMS_SUMMARY total_items=19 visible_items=19 topbar_band=(0, 0, 392, 402) topbar_band_visible_count=19 popup_region_visible_count=0 force_refresh=True handle=1837942
2026-08-25 22:21:27.183 | DEBUG    | winwatt_automation.live_ui.menu_helpers:_menu_items:1111 - Discovered 19 MenuItem controls
2026-08-25 22:21:27.183 | DEBUG    | winwatt_automation.live_ui.menu_helpers:_log_phase_timing:83 - DBG_PHASE_TIMING phase=_menu_items elapsed_ms=829.000 force_refresh=True total_items=19 visible_items=19
2026-08-25 22:21:27.198 | INFO     | winwatt_automation.live_ui.menu_helpers:_log_top_menu_popup_diagnostics:526 - DBG_MENU_EMPTY_TEXT_VERTICAL_CLUSTER detected=False accepted_popup_rows=0 reason=candidate_count_below_threshold topbar_band=(0, 29, 392, 53)
2026-08-25 22:21:27.198 | INFO     | winwatt_automation.live_ui.menu_helpers:_log_top_menu_popup_diagnostics:548 - DBG_TOP_MENU_CLICK_POPUP_DIAG title=Fájl total_visible_menuitems=19 topbar_band_menuitems=12 popup_region_menuitems=24 new_cluster_below_topbar=True visible_texts_under_title=['Végrehajtás', 'Végrehajtás', '', 'Végrehajtás', 'Végrehajtás', 'Végrehajtás', 'Végrehajtás', 'Végrehajtás', 'Megnyitás', 'Végrehajtás', 'Végrehajtás', 'Végrehajtás', 'Végrehajtás', 'Végrehajtás', '', 'Végrehajtás', 'Végrehajtás', 'Végrehajtás', 'Végrehajtás', 'Végrehajtás', 'Megnyitás', 'Végrehajtás', 'Végrehajtás', 'Végrehajtás'] topbar_band=(0, 29, 392, 53) snapshot_row_count=38
2026-08-25 22:21:27.198 | DEBUG    | winwatt_automation.live_ui.app_connector:get_cached_main_window:565 - DBG_WINWATT_CACHE_GET reason_code=cache_reused_without_validation payload={'wrapper_type': 'UIAWrapper', 'handle': 1837942, 'process_id': 13928, 'title': 'WinWatt gólya - C:\\Users\\Admin\\Documents\\GitHub\\autowinwatt\\winwatt_automation\\tests\\testwwp.wwp', 'class_name': 'TMainForm', 'control_type': 'Window'} last_validation_age_s=2.2030000000086147 diagnostic_fast_mode=False
2026-08-25 22:21:27.198 | DEBUG    | winwatt_automation.live_ui.app_connector:get_cached_main_window:566 - DBG_PHASE_TIMING phase=get_cached_main_window elapsed_ms=0.000 reason_code=cache_reused_without_validation
2026-08-25 22:21:27.358 | DEBUG    | winwatt_automation.live_ui.app_connector:get_cached_main_window:565 - DBG_WINWATT_CACHE_GET reason_code=cache_reused_without_validation payload={'wrapper_type': 'UIAWrapper', 'handle': 1837942, 'process_id': 13928, 'title': 'WinWatt gólya - C:\\Users\\Admin\\Documents\\GitHub\\autowinwatt\\winwatt_automation\\tests\\testwwp.wwp', 'class_name': 'TMainForm', 'control_type': 'Window'} last_validation_age_s=2.375 diagnostic_fast_mode=False
2026-08-25 22:21:27.358 | DEBUG    | winwatt_automation.live_ui.app_connector:get_cached_main_window:566 - DBG_PHASE_TIMING phase=get_cached_main_window elapsed_ms=0.000 reason_code=cache_reused_without_validation
2026-08-25 22:21:27.358 | DEBUG    | winwatt_automation.live_ui.app_connector:get_cached_main_window:565 - DBG_WINWATT_CACHE_GET reason_code=cache_reused_without_validation payload={'wrapper_type': 'UIAWrapper', 'handle': 1837942, 'process_id': 13928, 'title': 'WinWatt gólya - C:\\Users\\Admin\\Documents\\GitHub\\autowinwatt\\winwatt_automation\\tests\\testwwp.wwp', 'class_name': 'TMainForm', 'control_type': 'Window'} last_validation_age_s=2.375 diagnostic_fast_mode=False
2026-08-25 22:21:27.358 | DEBUG    | winwatt_automation.live_ui.app_connector:get_cached_main_window:566 - DBG_PHASE_TIMING phase=get_cached_main_window elapsed_ms=0.000 reason_code=cache_reused_without_validation
2026-08-25 22:21:27.675 | INFO     | winwatt_automation.live_ui.menu_helpers:_menu_items:1101 - DBG_MENU_ITEMS_SUMMARY total_items=19 visible_items=19 topbar_band=(0, 0, 392, 402) topbar_band_visible_count=19 popup_region_visible_count=0 force_refresh=False handle=1837942
2026-08-25 22:21:27.675 | DEBUG    | winwatt_automation.live_ui.menu_helpers:_menu_items:1111 - Discovered 19 MenuItem controls
2026-08-25 22:21:27.675 | DEBUG    | winwatt_automation.live_ui.menu_helpers:_log_phase_timing:83 - DBG_PHASE_TIMING phase=_menu_items elapsed_ms=313.000 force_refresh=False total_items=19 visible_items=19
2026-08-25 22:21:27.689 | INFO     | winwatt_automation.live_ui.menu_helpers:_menu_row_from_wrapper:1545 - TEXT_EXTRACTION_FALLBACK_USED source=legacy_text confidence=medium rect={'left': 4, 'top': 56, 'right': 290, 'bottom': 84}
2026-08-25 22:21:27.692 | DEBUG    | winwatt_automation.live_ui.menu_helpers:_log_popup_fragment:499 - DBG_MENU_FRAGMENT_MAIN_WINDOW source_scope=main_window control_type=MenuItem class_name= text='Végrehajtás' rectangle={'left': 4, 'top': 56, 'right': 290, 'bottom': 84} center=(147, 70) process_id=13928 native_handle=None topbar_candidate=True popup_candidate=False
2026-08-25 22:21:27.703 | INFO     | winwatt_automation.live_ui.menu_helpers:_menu_row_from_wrapper:1545 - TEXT_EXTRACTION_FALLBACK_USED source=legacy_text confidence=medium rect={'left': 4, 'top': 84, 'right': 290, 'bottom': 112}
2026-08-25 22:21:27.705 | DEBUG    | winwatt_automation.live_ui.menu_helpers:_log_popup_fragment:499 - DBG_MENU_FRAGMENT_MAIN_WINDOW source_scope=main_window control_type=MenuItem class_name= text='Végrehajtás' rectangle={'left': 4, 'top': 84, 'right': 290, 'bottom': 112} center=(147, 98) process_id=13928 native_handle=None topbar_candidate=True popup_candidate=False
2026-08-25 22:21:27.714 | WARNING  | winwatt_automation.live_ui.menu_helpers:_menu_row_from_wrapper:1547 - TEXT_EXTRACTION_FAILED source_scope=main_window rect={'left': 4, 'top': 111, 'right': 290, 'bottom': 139}
2026-08-25 22:21:27.718 | DEBUG    | winwatt_automation.live_ui.menu_helpers:_log_popup_fragment:499 - DBG_MENU_FRAGMENT_MAIN_WINDOW source_scope=main_window control_type=MenuItem class_name= text='' rectangle={'left': 4, 'top': 111, 'right': 290, 'bottom': 139} center=(147, 125) process_id=13928 native_handle=None topbar_candidate=True popup_candidate=False
2026-08-25 22:21:27.723 | INFO     | winwatt_automation.live_ui.menu_helpers:_menu_row_from_wrapper:1545 - TEXT_EXTRACTION_FALLBACK_USED source=legacy_text confidence=medium rect={'left': 4, 'top': 139, 'right': 290, 'bottom': 167}
2026-08-25 22:21:27.723 | DEBUG    | winwatt_automation.live_ui.menu_helpers:_log_popup_fragment:499 - DBG_MENU_FRAGMENT_MAIN_WINDOW source_scope=main_window control_type=MenuItem class_name= text='Végrehajtás' rectangle={'left': 4, 'top': 139, 'right': 290, 'bottom': 167} center=(147, 153) process_id=13928 native_handle=None topbar_candidate=True popup_candidate=False
2026-08-25 22:21:27.728 | INFO     | winwatt_automation.live_ui.menu_helpers:_menu_row_from_wrapper:1545 - TEXT_EXTRACTION_FALLBACK_USED source=legacy_text confidence=medium rect={'left': 4, 'top': 166, 'right': 290, 'bottom': 194}
2026-08-25 22:21:27.728 | DEBUG    | winwatt_automation.live_ui.menu_helpers:_log_popup_fragment:499 - DBG_MENU_FRAGMENT_MAIN_WINDOW source_scope=main_window control_type=MenuItem class_name= text='Végrehajtás' rectangle={'left': 4, 'top': 166, 'right': 290, 'bottom': 194} center=(147, 180) process_id=13928 native_handle=None topbar_candidate=True popup_candidate=False
2026-08-25 22:21:27.728 | INFO     | winwatt_automation.live_ui.menu_helpers:_menu_row_from_wrapper:1545 - TEXT_EXTRACTION_FALLBACK_USED source=legacy_text confidence=medium rect={'left': 4, 'top': 194, 'right': 290, 'bottom': 222}
2026-08-25 22:21:27.744 | DEBUG    | winwatt_automation.live_ui.menu_helpers:_log_popup_fragment:499 - DBG_MENU_FRAGMENT_MAIN_WINDOW source_scope=main_window control_type=MenuItem class_name= text='Végrehajtás' rectangle={'left': 4, 'top': 194, 'right': 290, 'bottom': 222} center=(147, 208) process_id=13928 native_handle=None topbar_candidate=True popup_candidate=False
2026-08-25 22:21:27.744 | INFO     | winwatt_automation.live_ui.menu_helpers:_menu_row_from_wrapper:1545 - TEXT_EXTRACTION_FALLBACK_USED source=legacy_text confidence=medium rect={'left': 4, 'top': 221, 'right': 290, 'bottom': 249}
2026-08-25 22:21:27.744 | DEBUG    | winwatt_automation.live_ui.menu_helpers:_log_popup_fragment:499 - DBG_MENU_FRAGMENT_MAIN_WINDOW source_scope=main_window control_type=MenuItem class_name= text='Végrehajtás' rectangle={'left': 4, 'top': 221, 'right': 290, 'bottom': 249} center=(147, 235) process_id=13928 native_handle=None topbar_candidate=True popup_candidate=False
2026-08-25 22:21:27.760 | INFO     | winwatt_automation.live_ui.menu_helpers:_menu_row_from_wrapper:1545 - TEXT_EXTRACTION_FALLBACK_USED source=legacy_text confidence=medium rect={'left': 4, 'top': 249, 'right': 290, 'bottom': 277}
2026-08-25 22:21:27.760 | DEBUG    | winwatt_automation.live_ui.menu_helpers:_log_popup_fragment:499 - DBG_MENU_FRAGMENT_MAIN_WINDOW source_scope=main_window control_type=MenuItem class_name= text='Végrehajtás' rectangle={'left': 4, 'top': 249, 'right': 290, 'bottom': 277} center=(147, 263) process_id=13928 native_handle=None topbar_candidate=True popup_candidate=False
2026-08-25 22:21:27.760 | INFO     | winwatt_automation.live_ui.menu_helpers:_menu_row_from_wrapper:1545 - TEXT_EXTRACTION_FALLBACK_USED source=legacy_text confidence=medium rect={'left': 4, 'top': 284, 'right': 290, 'bottom': 312}
2026-08-25 22:21:27.760 | DEBUG    | winwatt_automation.live_ui.menu_helpers:_log_popup_fragment:499 - DBG_MENU_FRAGMENT_MAIN_WINDOW source_scope=main_window control_type=MenuItem class_name= text='Megnyitás' rectangle={'left': 4, 'top': 284, 'right': 290, 'bottom': 312} center=(147, 298) process_id=13928 native_handle=None topbar_candidate=True popup_candidate=False
2026-08-25 22:21:27.776 | INFO     | winwatt_automation.live_ui.menu_helpers:_menu_row_from_wrapper:1545 - TEXT_EXTRACTION_FALLBACK_USED source=legacy_text confidence=medium rect={'left': 4, 'top': 311, 'right': 290, 'bottom': 339}
2026-08-25 22:21:27.782 | DEBUG    | winwatt_automation.live_ui.menu_helpers:_log_popup_fragment:499 - DBG_MENU_FRAGMENT_MAIN_WINDOW source_scope=main_window control_type=MenuItem class_name= text='Végrehajtás' rectangle={'left': 4, 'top': 311, 'right': 290, 'bottom': 339} center=(147, 325) process_id=13928 native_handle=None topbar_candidate=True popup_candidate=False
2026-08-25 22:21:27.782 | INFO     | winwatt_automation.live_ui.menu_helpers:_menu_row_from_wrapper:1545 - TEXT_EXTRACTION_FALLBACK_USED source=legacy_text confidence=medium rect={'left': 4, 'top': 339, 'right': 290, 'bottom': 367}
2026-08-25 22:21:27.792 | DEBUG    | winwatt_automation.live_ui.menu_helpers:_log_popup_fragment:499 - DBG_MENU_FRAGMENT_MAIN_WINDOW source_scope=main_window control_type=MenuItem class_name= text='Végrehajtás' rectangle={'left': 4, 'top': 339, 'right': 290, 'bottom': 367} center=(147, 353) process_id=13928 native_handle=None topbar_candidate=True popup_candidate=False
2026-08-25 22:21:27.792 | INFO     | winwatt_automation.live_ui.menu_helpers:_menu_row_from_wrapper:1545 - TEXT_EXTRACTION_FALLBACK_USED source=legacy_text confidence=medium rect={'left': 4, 'top': 374, 'right': 290, 'bottom': 402}
2026-08-25 22:21:27.792 | DEBUG    | winwatt_automation.live_ui.menu_helpers:_log_popup_fragment:499 - DBG_MENU_FRAGMENT_MAIN_WINDOW source_scope=main_window control_type=MenuItem class_name= text='Végrehajtás' rectangle={'left': 4, 'top': 374, 'right': 290, 'bottom': 402} center=(147, 388) process_id=13928 native_handle=None topbar_candidate=True popup_candidate=False
2026-08-25 22:21:27.792 | DEBUG    | winwatt_automation.live_ui.menu_helpers:_log_popup_fragment:499 - DBG_MENU_FRAGMENT_MAIN_WINDOW source_scope=main_window control_type=MenuItem class_name= text='Rendszer' rectangle={'left': 0, 'top': 0, 'right': 28, 'bottom': 28} center=(14, 14) process_id=13928 native_handle=None topbar_candidate=True popup_candidate=False
2026-08-25 22:21:27.792 | DEBUG    | winwatt_automation.live_ui.menu_helpers:_log_popup_fragment:499 - DBG_MENU_FRAGMENT_MAIN_WINDOW source_scope=main_window control_type=MenuItem class_name= text='Fájl' rectangle={'left': 0, 'top': 29, 'right': 40, 'bottom': 53} center=(20, 41) process_id=13928 native_handle=None topbar_candidate=True popup_candidate=False
2026-08-25 22:21:27.792 | DEBUG    | winwatt_automation.live_ui.menu_helpers:_log_popup_fragment:499 - DBG_MENU_FRAGMENT_MAIN_WINDOW source_scope=main_window control_type=MenuItem class_name= text='Jegyzékek' rectangle={'left': 40, 'top': 29, 'right': 123, 'bottom': 53} center=(81, 41) process_id=13928 native_handle=None topbar_candidate=True popup_candidate=False
2026-08-25 22:21:27.792 | DEBUG    | winwatt_automation.live_ui.menu_helpers:_log_popup_fragment:499 - DBG_MENU_FRAGMENT_MAIN_WINDOW source_scope=main_window control_type=MenuItem class_name= text='Eszközök' rectangle={'left': 123, 'top': 29, 'right': 199, 'bottom': 53} center=(161, 41) process_id=13928 native_handle=None topbar_candidate=True popup_candidate=False
2026-08-25 22:21:27.792 | DEBUG    | winwatt_automation.live_ui.menu_helpers:_log_popup_fragment:499 - DBG_MENU_FRAGMENT_MAIN_WINDOW source_scope=main_window control_type=MenuItem class_name= text='Beállítások' rectangle={'left': 199, 'top': 29, 'right': 287, 'bottom': 53} center=(243, 41) process_id=13928 native_handle=None topbar_candidate=True popup_candidate=False
2026-08-25 22:21:27.792 | DEBUG    | winwatt_automation.live_ui.menu_helpers:_log_popup_fragment:499 - DBG_MENU_FRAGMENT_MAIN_WINDOW source_scope=main_window control_type=MenuItem class_name= text='Ablak' rectangle={'left': 286, 'top': 29, 'right': 341, 'bottom': 53} center=(313, 41) process_id=13928 native_handle=None topbar_candidate=True popup_candidate=False
2026-08-25 22:21:27.792 | DEBUG    | winwatt_automation.live_ui.menu_helpers:_log_popup_fragment:499 - DBG_MENU_FRAGMENT_MAIN_WINDOW source_scope=main_window control_type=MenuItem class_name= text='Súgó' rectangle={'left': 341, 'top': 29, 'right': 392, 'bottom': 53} center=(366, 41) process_id=13928 native_handle=None topbar_candidate=True popup_candidate=False
2026-08-25 22:21:27.792 | DEBUG    | winwatt_automation.live_ui.menu_helpers:_menu_like_controls_from_main_window:1599 - DBG_MENU_FRAGMENT_SOURCE_SUMMARY source_scope=main_window count=19
2026-08-25 22:21:27.792 | DEBUG    | winwatt_automation.live_ui.app_connector:get_cached_main_window:565 - DBG_WINWATT_CACHE_GET reason_code=cache_reused_without_validation payload={'wrapper_type': 'UIAWrapper', 'handle': 1837942, 'process_id': 13928, 'title': 'WinWatt gólya - C:\\Users\\Admin\\Documents\\GitHub\\autowinwatt\\winwatt_automation\\tests\\testwwp.wwp', 'class_name': 'TMainForm', 'control_type': 'Window'} last_validation_age_s=2.7969999999913853 diagnostic_fast_mode=False
2026-08-25 22:21:27.792 | DEBUG    | winwatt_automation.live_ui.app_connector:get_cached_main_window:566 - DBG_PHASE_TIMING phase=get_cached_main_window elapsed_ms=0.000 reason_code=cache_reused_without_validation
2026-08-25 22:21:27.807 | DEBUG    | winwatt_automation.live_ui.app_connector:get_cached_main_window:565 - DBG_WINWATT_CACHE_GET reason_code=cache_reused_without_validation payload={'wrapper_type': 'UIAWrapper', 'handle': 1837942, 'process_id': 13928, 'title': 'WinWatt gólya - C:\\Users\\Admin\\Documents\\GitHub\\autowinwatt\\winwatt_automation\\tests\\testwwp.wwp', 'class_name': 'TMainForm', 'control_type': 'Window'} last_validation_age_s=2.7969999999913853 diagnostic_fast_mode=False
2026-08-25 22:21:27.807 | DEBUG    | winwatt_automation.live_ui.app_connector:get_cached_main_window:566 - DBG_PHASE_TIMING phase=get_cached_main_window elapsed_ms=16.000 reason_code=cache_reused_without_validation
2026-08-25 22:21:28.224 | INFO     | winwatt_automation.live_ui.menu_helpers:_menu_row_from_wrapper:1545 - TEXT_EXTRACTION_FALLBACK_USED source=legacy_text confidence=medium rect={'left': 4, 'top': 56, 'right': 290, 'bottom': 84}
2026-08-25 22:21:28.224 | DEBUG    | winwatt_automation.live_ui.menu_helpers:_log_popup_fragment:499 - DBG_MENU_FRAGMENT_GLOBAL_SCAN source_scope=global_process_scan control_type=MenuItem class_name= text='Végrehajtás' rectangle={'left': 4, 'top': 56, 'right': 290, 'bottom': 84} center=(147, 70) process_id=13928 native_handle=None topbar_candidate=True popup_candidate=False
2026-08-25 22:21:28.236 | INFO     | winwatt_automation.live_ui.menu_helpers:_menu_row_from_wrapper:1545 - TEXT_EXTRACTION_FALLBACK_USED source=legacy_text confidence=medium rect={'left': 4, 'top': 84, 'right': 290, 'bottom': 112}
2026-08-25 22:21:28.236 | DEBUG    | winwatt_automation.live_ui.menu_helpers:_log_popup_fragment:499 - DBG_MENU_FRAGMENT_GLOBAL_SCAN source_scope=global_process_scan control_type=MenuItem class_name= text='Végrehajtás' rectangle={'left': 4, 'top': 84, 'right': 290, 'bottom': 112} center=(147, 98) process_id=13928 native_handle=None topbar_candidate=True popup_candidate=False
2026-08-25 22:21:28.236 | WARNING  | winwatt_automation.live_ui.menu_helpers:_menu_row_from_wrapper:1547 - TEXT_EXTRACTION_FAILED source_scope=global_process_scan rect={'left': 4, 'top': 111, 'right': 290, 'bottom': 139}
2026-08-25 22:21:28.251 | DEBUG    | winwatt_automation.live_ui.menu_helpers:_log_popup_fragment:499 - DBG_MENU_FRAGMENT_GLOBAL_SCAN source_scope=global_process_scan control_type=MenuItem class_name= text='' rectangle={'left': 4, 'top': 111, 'right': 290, 'bottom': 139} center=(147, 125) process_id=13928 native_handle=None topbar_candidate=True popup_candidate=False
2026-08-25 22:21:28.256 | INFO     | winwatt_automation.live_ui.menu_helpers:_menu_row_from_wrapper:1545 - TEXT_EXTRACTION_FALLBACK_USED source=legacy_text confidence=medium rect={'left': 4, 'top': 139, 'right': 290, 'bottom': 167}
2026-08-25 22:21:28.256 | DEBUG    | winwatt_automation.live_ui.menu_helpers:_log_popup_fragment:499 - DBG_MENU_FRAGMENT_GLOBAL_SCAN source_scope=global_process_scan control_type=MenuItem class_name= text='Végrehajtás' rectangle={'left': 4, 'top': 139, 'right': 290, 'bottom': 167} center=(147, 153) process_id=13928 native_handle=None topbar_candidate=True popup_candidate=False
2026-08-25 22:21:28.267 | INFO     | winwatt_automation.live_ui.menu_helpers:_menu_row_from_wrapper:1545 - TEXT_EXTRACTION_FALLBACK_USED source=legacy_text confidence=medium rect={'left': 4, 'top': 166, 'right': 290, 'bottom': 194}
2026-08-25 22:21:28.267 | DEBUG    | winwatt_automation.live_ui.menu_helpers:_log_popup_fragment:499 - DBG_MENU_FRAGMENT_GLOBAL_SCAN source_scope=global_process_scan control_type=MenuItem class_name= text='Végrehajtás' rectangle={'left': 4, 'top': 166, 'right': 290, 'bottom': 194} center=(147, 180) process_id=13928 native_handle=None topbar_candidate=True popup_candidate=False
2026-08-25 22:21:28.267 | INFO     | winwatt_automation.live_ui.menu_helpers:_menu_row_from_wrapper:1545 - TEXT_EXTRACTION_FALLBACK_USED source=legacy_text confidence=medium rect={'left': 4, 'top': 194, 'right': 290, 'bottom': 222}
2026-08-25 22:21:28.267 | DEBUG    | winwatt_automation.live_ui.menu_helpers:_log_popup_fragment:499 - DBG_MENU_FRAGMENT_GLOBAL_SCAN source_scope=global_process_scan control_type=MenuItem class_name= text='Végrehajtás' rectangle={'left': 4, 'top': 194, 'right': 290, 'bottom': 222} center=(147, 208) process_id=13928 native_handle=None topbar_candidate=True popup_candidate=False
2026-08-25 22:21:28.283 | INFO     | winwatt_automation.live_ui.menu_helpers:_menu_row_from_wrapper:1545 - TEXT_EXTRACTION_FALLBACK_USED source=legacy_text confidence=medium rect={'left': 4, 'top': 221, 'right': 290, 'bottom': 249}
2026-08-25 22:21:28.283 | DEBUG    | winwatt_automation.live_ui.menu_helpers:_log_popup_fragment:499 - DBG_MENU_FRAGMENT_GLOBAL_SCAN source_scope=global_process_scan control_type=MenuItem class_name= text='Végrehajtás' rectangle={'left': 4, 'top': 221, 'right': 290, 'bottom': 249} center=(147, 235) process_id=13928 native_handle=None topbar_candidate=True popup_candidate=False
2026-08-25 22:21:28.283 | INFO     | winwatt_automation.live_ui.menu_helpers:_menu_row_from_wrapper:1545 - TEXT_EXTRACTION_FALLBACK_USED source=legacy_text confidence=medium rect={'left': 4, 'top': 249, 'right': 290, 'bottom': 277}
2026-08-25 22:21:28.299 | DEBUG    | winwatt_automation.live_ui.menu_helpers:_log_popup_fragment:499 - DBG_MENU_FRAGMENT_GLOBAL_SCAN source_scope=global_process_scan control_type=MenuItem class_name= text='Végrehajtás' rectangle={'left': 4, 'top': 249, 'right': 290, 'bottom': 277} center=(147, 263) process_id=13928 native_handle=None topbar_candidate=True popup_candidate=False
2026-08-25 22:21:28.299 | INFO     | winwatt_automation.live_ui.menu_helpers:_menu_row_from_wrapper:1545 - TEXT_EXTRACTION_FALLBACK_USED source=legacy_text confidence=medium rect={'left': 4, 'top': 284, 'right': 290, 'bottom': 312}
2026-08-25 22:21:28.299 | DEBUG    | winwatt_automation.live_ui.menu_helpers:_log_popup_fragment:499 - DBG_MENU_FRAGMENT_GLOBAL_SCAN source_scope=global_process_scan control_type=MenuItem class_name= text='Megnyitás' rectangle={'left': 4, 'top': 284, 'right': 290, 'bottom': 312} center=(147, 298) process_id=13928 native_handle=None topbar_candidate=True popup_candidate=False
2026-08-25 22:21:28.315 | INFO     | winwatt_automation.live_ui.menu_helpers:_menu_row_from_wrapper:1545 - TEXT_EXTRACTION_FALLBACK_USED source=legacy_text confidence=medium rect={'left': 4, 'top': 311, 'right': 290, 'bottom': 339}
2026-08-25 22:21:28.315 | DEBUG    | winwatt_automation.live_ui.menu_helpers:_log_popup_fragment:499 - DBG_MENU_FRAGMENT_GLOBAL_SCAN source_scope=global_process_scan control_type=MenuItem class_name= text='Végrehajtás' rectangle={'left': 4, 'top': 311, 'right': 290, 'bottom': 339} center=(147, 325) process_id=13928 native_handle=None topbar_candidate=True popup_candidate=False
2026-08-25 22:21:28.321 | INFO     | winwatt_automation.live_ui.menu_helpers:_menu_row_from_wrapper:1545 - TEXT_EXTRACTION_FALLBACK_USED source=legacy_text confidence=medium rect={'left': 4, 'top': 339, 'right': 290, 'bottom': 367}
2026-08-25 22:21:28.321 | DEBUG    | winwatt_automation.live_ui.menu_helpers:_log_popup_fragment:499 - DBG_MENU_FRAGMENT_GLOBAL_SCAN source_scope=global_process_scan control_type=MenuItem class_name= text='Végrehajtás' rectangle={'left': 4, 'top': 339, 'right': 290, 'bottom': 367} center=(147, 353) process_id=13928 native_handle=None topbar_candidate=True popup_candidate=False
2026-08-25 22:21:28.331 | INFO     | winwatt_automation.live_ui.menu_helpers:_menu_row_from_wrapper:1545 - TEXT_EXTRACTION_FALLBACK_USED source=legacy_text confidence=medium rect={'left': 4, 'top': 374, 'right': 290, 'bottom': 402}
2026-08-25 22:21:28.331 | DEBUG    | winwatt_automation.live_ui.menu_helpers:_log_popup_fragment:499 - DBG_MENU_FRAGMENT_GLOBAL_SCAN source_scope=global_process_scan control_type=MenuItem class_name= text='Végrehajtás' rectangle={'left': 4, 'top': 374, 'right': 290, 'bottom': 402} center=(147, 388) process_id=13928 native_handle=None topbar_candidate=True popup_candidate=False
2026-08-25 22:21:28.331 | DEBUG    | winwatt_automation.live_ui.menu_helpers:_log_popup_fragment:499 - DBG_MENU_FRAGMENT_GLOBAL_SCAN source_scope=global_process_scan control_type=MenuItem class_name= text='Rendszer' rectangle={'left': 0, 'top': 0, 'right': 28, 'bottom': 28} center=(14, 14) process_id=13928 native_handle=None topbar_candidate=True popup_candidate=False
2026-08-25 22:21:28.331 | DEBUG    | winwatt_automation.live_ui.menu_helpers:_log_popup_fragment:499 - DBG_MENU_FRAGMENT_GLOBAL_SCAN source_scope=global_process_scan control_type=MenuItem class_name= text='Fájl' rectangle={'left': 0, 'top': 29, 'right': 40, 'bottom': 53} center=(20, 41) process_id=13928 native_handle=None topbar_candidate=True popup_candidate=False
2026-08-25 22:21:28.331 | DEBUG    | winwatt_automation.live_ui.menu_helpers:_log_popup_fragment:499 - DBG_MENU_FRAGMENT_GLOBAL_SCAN source_scope=global_process_scan control_type=MenuItem class_name= text='Jegyzékek' rectangle={'left': 40, 'top': 29, 'right': 123, 'bottom': 53} center=(81, 41) process_id=13928 native_handle=None topbar_candidate=True popup_candidate=False
2026-08-25 22:21:28.331 | DEBUG    | winwatt_automation.live_ui.menu_helpers:_log_popup_fragment:499 - DBG_MENU_FRAGMENT_GLOBAL_SCAN source_scope=global_process_scan control_type=MenuItem class_name= text='Eszközök' rectangle={'left': 123, 'top': 29, 'right': 199, 'bottom': 53} center=(161, 41) process_id=13928 native_handle=None topbar_candidate=True popup_candidate=False
2026-08-25 22:21:28.331 | DEBUG    | winwatt_automation.live_ui.menu_helpers:_log_popup_fragment:499 - DBG_MENU_FRAGMENT_GLOBAL_SCAN source_scope=global_process_scan control_type=MenuItem class_name= text='Beállítások' rectangle={'left': 199, 'top': 29, 'right': 287, 'bottom': 53} center=(243, 41) process_id=13928 native_handle=None topbar_candidate=True popup_candidate=False
2026-08-25 22:21:28.331 | DEBUG    | winwatt_automation.live_ui.menu_helpers:_log_popup_fragment:499 - DBG_MENU_FRAGMENT_GLOBAL_SCAN source_scope=global_process_scan control_type=MenuItem class_name= text='Ablak' rectangle={'left': 286, 'top': 29, 'right': 341, 'bottom': 53} center=(313, 41) process_id=13928 native_handle=None topbar_candidate=True popup_candidate=False
2026-08-25 22:21:28.331 | DEBUG    | winwatt_automation.live_ui.menu_helpers:_log_popup_fragment:499 - DBG_MENU_FRAGMENT_GLOBAL_SCAN source_scope=global_process_scan control_type=MenuItem class_name= text='Súgó' rectangle={'left': 341, 'top': 29, 'right': 392, 'bottom': 53} center=(366, 41) process_id=13928 native_handle=None topbar_candidate=True popup_candidate=False
2026-08-25 22:21:28.347 | DEBUG    | winwatt_automation.live_ui.menu_helpers:_menu_like_controls_from_global_process_scan:1631 - DBG_MENU_FRAGMENT_SOURCE_SUMMARY source_scope=global_process_scan count=19 process_id=13928
2026-08-25 22:21:28.347 | DEBUG    | winwatt_automation.live_ui.app_connector:get_cached_main_window:565 - DBG_WINWATT_CACHE_GET reason_code=cache_reused_without_validation payload={'wrapper_type': 'UIAWrapper', 'handle': 1837942, 'process_id': 13928, 'title': 'WinWatt gólya - C:\\Users\\Admin\\Documents\\GitHub\\autowinwatt\\winwatt_automation\\tests\\testwwp.wwp', 'class_name': 'TMainForm', 'control_type': 'Window'} last_validation_age_s=3.3589999999967404 diagnostic_fast_mode=False
2026-08-25 22:21:28.347 | DEBUG    | winwatt_automation.live_ui.app_connector:get_cached_main_window:566 - DBG_PHASE_TIMING phase=get_cached_main_window elapsed_ms=0.000 reason_code=cache_reused_without_validation
2026-08-25 22:21:28.924 | DEBUG    | winwatt_automation.live_ui.menu_helpers:capture_menu_popup_snapshot:1682 - DBG_POPUP_ROW_DEDUPE rect={'left': 4, 'top': 56, 'right': 290, 'bottom': 84} normalized_text=végrehajtás class_name= source_scope=main_window deduplicated=False
2026-08-25 22:21:28.924 | DEBUG    | winwatt_automation.live_ui.menu_helpers:capture_menu_popup_snapshot:1682 - DBG_POPUP_ROW_DEDUPE rect={'left': 4, 'top': 84, 'right': 290, 'bottom': 112} normalized_text=végrehajtás class_name= source_scope=main_window deduplicated=False
2026-08-25 22:21:28.924 | DEBUG    | winwatt_automation.live_ui.menu_helpers:capture_menu_popup_snapshot:1682 - DBG_POPUP_ROW_DEDUPE rect={'left': 4, 'top': 111, 'right': 290, 'bottom': 139} normalized_text= class_name= source_scope=main_window deduplicated=False
2026-08-25 22:21:28.924 | DEBUG    | winwatt_automation.live_ui.menu_helpers:capture_menu_popup_snapshot:1682 - DBG_POPUP_ROW_DEDUPE rect={'left': 4, 'top': 139, 'right': 290, 'bottom': 167} normalized_text=végrehajtás class_name= source_scope=main_window deduplicated=False
2026-08-25 22:21:28.924 | DEBUG    | winwatt_automation.live_ui.menu_helpers:capture_menu_popup_snapshot:1682 - DBG_POPUP_ROW_DEDUPE rect={'left': 4, 'top': 166, 'right': 290, 'bottom': 194} normalized_text=végrehajtás class_name= source_scope=main_window deduplicated=False
2026-08-25 22:21:28.925 | DEBUG    | winwatt_automation.live_ui.menu_helpers:capture_menu_popup_snapshot:1682 - DBG_POPUP_ROW_DEDUPE rect={'left': 4, 'top': 194, 'right': 290, 'bottom': 222} normalized_text=végrehajtás class_name= source_scope=main_window deduplicated=False
2026-08-25 22:21:28.925 | DEBUG    | winwatt_automation.live_ui.menu_helpers:capture_menu_popup_snapshot:1682 - DBG_POPUP_ROW_DEDUPE rect={'left': 4, 'top': 221, 'right': 290, 'bottom': 249} normalized_text=végrehajtás class_name= source_scope=main_window deduplicated=False
2026-08-25 22:21:28.925 | DEBUG    | winwatt_automation.live_ui.menu_helpers:capture_menu_popup_snapshot:1682 - DBG_POPUP_ROW_DEDUPE rect={'left': 4, 'top': 249, 'right': 290, 'bottom': 277} normalized_text=végrehajtás class_name= source_scope=main_window deduplicated=False
2026-08-25 22:21:28.925 | DEBUG    | winwatt_automation.live_ui.menu_helpers:capture_menu_popup_snapshot:1682 - DBG_POPUP_ROW_DEDUPE rect={'left': 4, 'top': 284, 'right': 290, 'bottom': 312} normalized_text=megnyitás class_name= source_scope=main_window deduplicated=False
2026-08-25 22:21:28.925 | DEBUG    | winwatt_automation.live_ui.menu_helpers:capture_menu_popup_snapshot:1682 - DBG_POPUP_ROW_DEDUPE rect={'left': 4, 'top': 311, 'right': 290, 'bottom': 339} normalized_text=végrehajtás class_name= source_scope=main_window deduplicated=False
2026-08-25 22:21:28.925 | DEBUG    | winwatt_automation.live_ui.menu_helpers:capture_menu_popup_snapshot:1682 - DBG_POPUP_ROW_DEDUPE rect={'left': 4, 'top': 339, 'right': 290, 'bottom': 367} normalized_text=végrehajtás class_name= source_scope=main_window deduplicated=False
2026-08-25 22:21:28.925 | DEBUG    | winwatt_automation.live_ui.menu_helpers:capture_menu_popup_snapshot:1682 - DBG_POPUP_ROW_DEDUPE rect={'left': 4, 'top': 374, 'right': 290, 'bottom': 402} normalized_text=végrehajtás class_name= source_scope=main_window deduplicated=False
2026-08-25 22:21:28.926 | DEBUG    | winwatt_automation.live_ui.menu_helpers:capture_menu_popup_snapshot:1682 - DBG_POPUP_ROW_DEDUPE rect={'left': 0, 'top': 0, 'right': 28, 'bottom': 28} normalized_text=rendszer class_name= source_scope=main_window deduplicated=False
2026-08-25 22:21:28.926 | DEBUG    | winwatt_automation.live_ui.menu_helpers:capture_menu_popup_snapshot:1682 - DBG_POPUP_ROW_DEDUPE rect={'left': 0, 'top': 29, 'right': 40, 'bottom': 53} normalized_text=fájl class_name= source_scope=main_window deduplicated=False
2026-08-25 22:21:28.926 | DEBUG    | winwatt_automation.live_ui.menu_helpers:capture_menu_popup_snapshot:1682 - DBG_POPUP_ROW_DEDUPE rect={'left': 40, 'top': 29, 'right': 123, 'bottom': 53} normalized_text=jegyzékek class_name= source_scope=main_window deduplicated=False
2026-08-25 22:21:28.926 | DEBUG    | winwatt_automation.live_ui.menu_helpers:capture_menu_popup_snapshot:1682 - DBG_POPUP_ROW_DEDUPE rect={'left': 123, 'top': 29, 'right': 199, 'bottom': 53} normalized_text=eszközök class_name= source_scope=main_window deduplicated=False
2026-08-25 22:21:28.926 | DEBUG    | winwatt_automation.live_ui.menu_helpers:capture_menu_popup_snapshot:1682 - DBG_POPUP_ROW_DEDUPE rect={'left': 199, 'top': 29, 'right': 287, 'bottom': 53} normalized_text=beállítások class_name= source_scope=main_window deduplicated=False
2026-08-25 22:21:28.926 | DEBUG    | winwatt_automation.live_ui.menu_helpers:capture_menu_popup_snapshot:1682 - DBG_POPUP_ROW_DEDUPE rect={'left': 286, 'top': 29, 'right': 341, 'bottom': 53} normalized_text=ablak class_name= source_scope=main_window deduplicated=False
2026-08-25 22:21:28.926 | DEBUG    | winwatt_automation.live_ui.menu_helpers:capture_menu_popup_snapshot:1682 - DBG_POPUP_ROW_DEDUPE rect={'left': 341, 'top': 29, 'right': 392, 'bottom': 53} normalized_text=súgó class_name= source_scope=main_window deduplicated=False
2026-08-25 22:21:28.926 | DEBUG    | winwatt_automation.live_ui.menu_helpers:capture_menu_popup_snapshot:1682 - DBG_POPUP_ROW_DEDUPE rect={'left': 4, 'top': 56, 'right': 290, 'bottom': 84} normalized_text=végrehajtás class_name= source_scope=global_process_scan deduplicated=False
2026-08-25 22:21:28.926 | DEBUG    | winwatt_automation.live_ui.menu_helpers:capture_menu_popup_snapshot:1682 - DBG_POPUP_ROW_DEDUPE rect={'left': 4, 'top': 84, 'right': 290, 'bottom': 112} normalized_text=végrehajtás class_name= source_scope=global_process_scan deduplicated=False
2026-08-25 22:21:28.926 | DEBUG    | winwatt_automation.live_ui.menu_helpers:capture_menu_popup_snapshot:1682 - DBG_POPUP_ROW_DEDUPE rect={'left': 4, 'top': 111, 'right': 290, 'bottom': 139} normalized_text= class_name= source_scope=global_process_scan deduplicated=False
2026-08-25 22:21:28.926 | DEBUG    | winwatt_automation.live_ui.menu_helpers:capture_menu_popup_snapshot:1682 - DBG_POPUP_ROW_DEDUPE rect={'left': 4, 'top': 139, 'right': 290, 'bottom': 167} normalized_text=végrehajtás class_name= source_scope=global_process_scan deduplicated=False
2026-08-25 22:21:28.926 | DEBUG    | winwatt_automation.live_ui.menu_helpers:capture_menu_popup_snapshot:1682 - DBG_POPUP_ROW_DEDUPE rect={'left': 4, 'top': 166, 'right': 290, 'bottom': 194} normalized_text=végrehajtás class_name= source_scope=global_process_scan deduplicated=False
2026-08-25 22:21:28.926 | DEBUG    | winwatt_automation.live_ui.menu_helpers:capture_menu_popup_snapshot:1682 - DBG_POPUP_ROW_DEDUPE rect={'left': 4, 'top': 194, 'right': 290, 'bottom': 222} normalized_text=végrehajtás class_name= source_scope=global_process_scan deduplicated=False
2026-08-25 22:21:28.927 | DEBUG    | winwatt_automation.live_ui.menu_helpers:capture_menu_popup_snapshot:1682 - DBG_POPUP_ROW_DEDUPE rect={'left': 4, 'top': 221, 'right': 290, 'bottom': 249} normalized_text=végrehajtás class_name= source_scope=global_process_scan deduplicated=False
2026-08-25 22:21:28.927 | DEBUG    | winwatt_automation.live_ui.menu_helpers:capture_menu_popup_snapshot:1682 - DBG_POPUP_ROW_DEDUPE rect={'left': 4, 'top': 249, 'right': 290, 'bottom': 277} normalized_text=végrehajtás class_name= source_scope=global_process_scan deduplicated=False
2026-08-25 22:21:28.927 | DEBUG    | winwatt_automation.live_ui.menu_helpers:capture_menu_popup_snapshot:1682 - DBG_POPUP_ROW_DEDUPE rect={'left': 4, 'top': 284, 'right': 290, 'bottom': 312} normalized_text=megnyitás class_name= source_scope=global_process_scan deduplicated=False
2026-08-25 22:21:28.927 | DEBUG    | winwatt_automation.live_ui.menu_helpers:capture_menu_popup_snapshot:1682 - DBG_POPUP_ROW_DEDUPE rect={'left': 4, 'top': 311, 'right': 290, 'bottom': 339} normalized_text=végrehajtás class_name= source_scope=global_process_scan deduplicated=False
2026-08-25 22:21:28.927 | DEBUG    | winwatt_automation.live_ui.menu_helpers:capture_menu_popup_snapshot:1682 - DBG_POPUP_ROW_DEDUPE rect={'left': 4, 'top': 339, 'right': 290, 'bottom': 367} normalized_text=végrehajtás class_name= source_scope=global_process_scan deduplicated=False
2026-08-25 22:21:28.927 | DEBUG    | winwatt_automation.live_ui.menu_helpers:capture_menu_popup_snapshot:1682 - DBG_POPUP_ROW_DEDUPE rect={'left': 4, 'top': 374, 'right': 290, 'bottom': 402} normalized_text=végrehajtás class_name= source_scope=global_process_scan deduplicated=False
2026-08-25 22:21:28.927 | DEBUG    | winwatt_automation.live_ui.menu_helpers:capture_menu_popup_snapshot:1682 - DBG_POPUP_ROW_DEDUPE rect={'left': 0, 'top': 0, 'right': 28, 'bottom': 28} normalized_text=rendszer class_name= source_scope=global_process_scan deduplicated=False
2026-08-25 22:21:28.927 | DEBUG    | winwatt_automation.live_ui.menu_helpers:capture_menu_popup_snapshot:1682 - DBG_POPUP_ROW_DEDUPE rect={'left': 0, 'top': 29, 'right': 40, 'bottom': 53} normalized_text=fájl class_name= source_scope=global_process_scan deduplicated=False
2026-08-25 22:21:28.927 | DEBUG    | winwatt_automation.live_ui.menu_helpers:capture_menu_popup_snapshot:1682 - DBG_POPUP_ROW_DEDUPE rect={'left': 40, 'top': 29, 'right': 123, 'bottom': 53} normalized_text=jegyzékek class_name= source_scope=global_process_scan deduplicated=False
2026-08-25 22:21:28.928 | DEBUG    | winwatt_automation.live_ui.menu_helpers:capture_menu_popup_snapshot:1682 - DBG_POPUP_ROW_DEDUPE rect={'left': 123, 'top': 29, 'right': 199, 'bottom': 53} normalized_text=eszközök class_name= source_scope=global_process_scan deduplicated=False
2026-08-25 22:21:28.928 | DEBUG    | winwatt_automation.live_ui.menu_helpers:capture_menu_popup_snapshot:1682 - DBG_POPUP_ROW_DEDUPE rect={'left': 199, 'top': 29, 'right': 287, 'bottom': 53} normalized_text=beállítások class_name= source_scope=global_process_scan deduplicated=False
2026-08-25 22:21:28.928 | DEBUG    | winwatt_automation.live_ui.menu_helpers:capture_menu_popup_snapshot:1682 - DBG_POPUP_ROW_DEDUPE rect={'left': 286, 'top': 29, 'right': 341, 'bottom': 53} normalized_text=ablak class_name= source_scope=global_process_scan deduplicated=False
2026-08-25 22:21:28.929 | DEBUG    | winwatt_automation.live_ui.menu_helpers:capture_menu_popup_snapshot:1682 - DBG_POPUP_ROW_DEDUPE rect={'left': 341, 'top': 29, 'right': 392, 'bottom': 53} normalized_text=súgó class_name= source_scope=global_process_scan deduplicated=False
2026-08-25 22:21:28.929 | INFO     | winwatt_automation.live_ui.menu_helpers:capture_menu_popup_snapshot:1724 - POPUP_SNAPSHOT_SUMMARY main_window_fragments=19 global_scan_fragments=19 deduped_fragments=38 topbar_like=12 popup_like=24 empty_text=2 topbar_band=(0, 29, 392, 53) empty_text_vertical_cluster_detected=False accepted_popup_rows=0 popup_heuristic=candidate_count_below_threshold
2026-08-25 22:21:28.929 | DEBUG    | winwatt_automation.live_ui.menu_helpers:capture_menu_popup_snapshot:1737 - Captured menu snapshot rows=38
2026-08-25 22:21:28.929 | DEBUG    | winwatt_automation.live_ui.menu_helpers:_log_phase_timing:83 - DBG_PHASE_TIMING phase=capture_menu_popup_snapshot elapsed_ms=1735.000 main_rows=19 global_rows=19 unique_rows=38 diagnostic_fast_mode=False
2026-08-25 22:21:28.931 | DEBUG    | winwatt_automation.live_ui.app_connector:get_cached_main_window:565 - DBG_WINWATT_CACHE_GET reason_code=cache_reused_without_validation payload={'wrapper_type': 'UIAWrapper', 'handle': 1837942, 'process_id': 13928, 'title': 'WinWatt gólya - C:\\Users\\Admin\\Documents\\GitHub\\autowinwatt\\winwatt_automation\\tests\\testwwp.wwp', 'class_name': 'TMainForm', 'control_type': 'Window'} last_validation_age_s=3.937999999994645 diagnostic_fast_mode=False
2026-08-25 22:21:28.931 | DEBUG    | winwatt_automation.live_ui.app_connector:get_cached_main_window:566 - DBG_PHASE_TIMING phase=get_cached_main_window elapsed_ms=0.000 reason_code=cache_reused_without_validation
2026-08-25 22:21:29.109 | INFO     | winwatt_automation.live_ui.app_connector:is_winwatt_foreground_context:1123 - DBG_WINWATT_FOREGROUND_CONTEXT expected_handle=1837942 expected_process_id=13928 expected_title=WinWatt gólya - C:\Users\Admin\Documents\GitHub\autowinwatt\winwatt_automation\tests\testwwp.wwp expected_class_name=TMainForm actual_foreground_handle=1837942 actual_foreground_process_id=13928 actual_foreground_title=WinWatt gólya - C:\Users\Admin\Documents\GitHub\autowinwatt\winwatt_automation\tests\testwwp.wwp actual_foreground_class_name=TMainForm allow_dialog=True result_reason=handle_match
2026-08-25 22:21:29.109 | INFO     | winwatt_automation.live_ui.app_connector:_cached_window_health_status:489 - DBG_WINWATT_CACHE_HEALTH reason_code=healthy payload={'wrapper_type': 'UIAWrapper', 'handle': 1837942, 'process_id': 13928, 'title': 'WinWatt gólya - C:\\Users\\Admin\\Documents\\GitHub\\autowinwatt\\winwatt_automation\\tests\\testwwp.wwp', 'class_name': 'TMainForm', 'control_type': 'Window'}
2026-08-25 22:21:29.109 | DEBUG    | winwatt_automation.live_ui.app_connector:get_cached_main_window:574 - DBG_WINWATT_CACHE_GET reason_code=cache_validated_ok payload={'wrapper_type': 'UIAWrapper', 'handle': 1837942, 'process_id': 13928, 'title': 'WinWatt gólya - C:\\Users\\Admin\\Documents\\GitHub\\autowinwatt\\winwatt_automation\\tests\\testwwp.wwp', 'class_name': 'TMainForm', 'control_type': 'Window'} last_validation_age_s=4.10899999999674 diagnostic_fast_mode=False
2026-08-25 22:21:29.109 | DEBUG    | winwatt_automation.live_ui.app_connector:get_cached_main_window:575 - DBG_PHASE_TIMING phase=get_cached_main_window elapsed_ms=16.000 reason_code=cache_validated_ok
2026-08-25 22:21:29.117 | DEBUG    | winwatt_automation.live_ui.app_connector:get_cached_main_window:565 - DBG_WINWATT_CACHE_GET reason_code=cache_reused_without_validation payload={'wrapper_type': 'UIAWrapper', 'handle': 1837942, 'process_id': 13928, 'title': 'WinWatt gólya - C:\\Users\\Admin\\Documents\\GitHub\\autowinwatt\\winwatt_automation\\tests\\testwwp.wwp', 'class_name': 'TMainForm', 'control_type': 'Window'} last_validation_age_s=0.01600000000325963 diagnostic_fast_mode=False
2026-08-25 22:21:29.117 | DEBUG    | winwatt_automation.live_ui.app_connector:get_cached_main_window:566 - DBG_PHASE_TIMING phase=get_cached_main_window elapsed_ms=0.000 reason_code=cache_reused_without_validation
2026-08-25 22:21:29.905 | INFO     | winwatt_automation.live_ui.menu_helpers:_menu_items:1101 - DBG_MENU_ITEMS_SUMMARY total_items=19 visible_items=19 topbar_band=(0, 0, 392, 402) topbar_band_visible_count=19 popup_region_visible_count=0 force_refresh=True handle=1837942
2026-08-25 22:21:29.905 | DEBUG    | winwatt_automation.live_ui.menu_helpers:_menu_items:1111 - Discovered 19 MenuItem controls
2026-08-25 22:21:29.905 | DEBUG    | winwatt_automation.live_ui.menu_helpers:_log_phase_timing:83 - DBG_PHASE_TIMING phase=_menu_items elapsed_ms=813.000 force_refresh=True total_items=19 visible_items=19
2026-08-25 22:21:30.063 | INFO     | winwatt_automation.live_ui.menu_helpers:list_top_menu_items:1141 - Top-level menu items (raw): ['Rendszer', 'Fájl', 'Jegyzékek', 'Eszközök', 'Beállítások', 'Ablak', 'Súgó']
2026-08-25 22:21:30.063 | DEBUG    | winwatt_automation.live_ui.menu_helpers:_log_phase_timing:83 - DBG_PHASE_TIMING phase=list_top_menu_items elapsed_ms=969.000 count=7
2026-08-25 22:21:30.063 | INFO     | winwatt_automation.runtime_mapping.program_mapper:_open_and_capture_root_menu:1532 - RECENT_PROJECT_BLOCK_SUMMARY state=project_open top_menu=Fájl attempt=1 popup_block_classification=normal_popup recent_projects_block=False stateful_menu_block=False accepted_rows=24 filtered_rows=24
2026-08-25 22:21:30.063 | INFO     | winwatt_automation.runtime_mapping.program_mapper:_open_and_capture_root_menu:1533 - DBG_WINWATT_NORMAL_MENU_OPEN_VALIDATED state=project_open top_menu=Fájl attempt=1 raw_row_count=38 popup_like_count=24 topbar_like_count=12
2026-08-25 22:21:30.063 | INFO     | winwatt_automation.runtime_mapping.program_mapper:_open_and_capture_root_menu:1542 - DBG_WINWATT_NORMAL_MENU_POPUP_ROWS_ACCEPTED state=project_open top_menu=Fájl attempt=1 accepted_row_count=24
2026-08-25 22:21:30.063 | DEBUG    | winwatt_automation.live_ui.app_connector:get_cached_main_window:565 - DBG_WINWATT_CACHE_GET reason_code=cache_reused_without_validation payload={'wrapper_type': 'UIAWrapper', 'handle': 1837942, 'process_id': 13928, 'title': 'WinWatt gólya - C:\\Users\\Admin\\Documents\\GitHub\\autowinwatt\\winwatt_automation\\tests\\testwwp.wwp', 'class_name': 'TMainForm', 'control_type': 'Window'} last_validation_age_s=0.9690000000118744 diagnostic_fast_mode=False
2026-08-25 22:21:30.063 | DEBUG    | winwatt_automation.live_ui.app_connector:get_cached_main_window:566 - DBG_PHASE_TIMING phase=get_cached_main_window elapsed_ms=0.000 reason_code=cache_reused_without_validation
2026-08-25 22:21:30.258 | DEBUG    | winwatt_automation.live_ui.app_connector:get_cached_main_window:565 - DBG_WINWATT_CACHE_GET reason_code=cache_reused_without_validation payload={'wrapper_type': 'UIAWrapper', 'handle': 1837942, 'process_id': 13928, 'title': 'WinWatt gólya - C:\\Users\\Admin\\Documents\\GitHub\\autowinwatt\\winwatt_automation\\tests\\testwwp.wwp', 'class_name': 'TMainForm', 'control_type': 'Window'} last_validation_age_s=1.1570000000065193 diagnostic_fast_mode=False
2026-08-25 22:21:30.258 | DEBUG    | winwatt_automation.live_ui.app_connector:get_cached_main_window:566 - DBG_PHASE_TIMING phase=get_cached_main_window elapsed_ms=0.000 reason_code=cache_reused_without_validation
2026-08-25 22:21:30.258 | DEBUG    | winwatt_automation.live_ui.app_connector:get_cached_main_window:565 - DBG_WINWATT_CACHE_GET reason_code=cache_reused_without_validation payload={'wrapper_type': 'UIAWrapper', 'handle': 1837942, 'process_id': 13928, 'title': 'WinWatt gólya - C:\\Users\\Admin\\Documents\\GitHub\\autowinwatt\\winwatt_automation\\tests\\testwwp.wwp', 'class_name': 'TMainForm', 'control_type': 'Window'} last_validation_age_s=1.1570000000065193 diagnostic_fast_mode=False
2026-08-25 22:21:30.258 | DEBUG    | winwatt_automation.live_ui.app_connector:get_cached_main_window:566 - DBG_PHASE_TIMING phase=get_cached_main_window elapsed_ms=0.000 reason_code=cache_reused_without_validation
2026-08-25 22:21:31.066 | INFO     | winwatt_automation.live_ui.menu_helpers:_menu_items:1101 - DBG_MENU_ITEMS_SUMMARY total_items=19 visible_items=19 topbar_band=(0, 0, 392, 402) topbar_band_visible_count=19 popup_region_visible_count=0 force_refresh=True handle=1837942
2026-08-25 22:21:31.066 | DEBUG    | winwatt_automation.live_ui.menu_helpers:_menu_items:1111 - Discovered 19 MenuItem controls
2026-08-25 22:21:31.066 | DEBUG    | winwatt_automation.live_ui.menu_helpers:_log_phase_timing:83 - DBG_PHASE_TIMING phase=_menu_items elapsed_ms=812.000 force_refresh=True total_items=19 visible_items=19
2026-08-25 22:21:31.251 | INFO     | winwatt_automation.live_ui.menu_helpers:list_top_menu_items:1141 - Top-level menu items (raw): ['Rendszer', 'Fájl', 'Jegyzékek', 'Eszközök', 'Beállítások', 'Ablak', 'Súgó']
2026-08-25 22:21:31.251 | DEBUG    | winwatt_automation.live_ui.menu_helpers:_log_phase_timing:83 - DBG_PHASE_TIMING phase=list_top_menu_items elapsed_ms=1000.000 count=7
2026-08-25 22:21:31.252 | INFO     | winwatt_automation.runtime_mapping.program_mapper:_open_and_capture_root_menu:1573 - DBG_WINWATT_NORMAL_MENU_OPEN_RESULT state=project_open top_menu=Fájl result_type=child_popup_opened raw_row_count=24 filtered_row_count=24 popup_like_count=24 topbar_like_count=0
2026-08-25 22:21:31.253 | INFO     | winwatt_automation.runtime_mapping.program_mapper:_open_and_capture_root_menu:1583 - DBG_WINWATT_NORMAL_MENU_POPUP_SUMMARY state=project_open top_menu=Fájl depth=1 rows=24 popup_like_count=24 topbar_like_count=0
2026-08-25 22:21:31.253 | INFO     | winwatt_automation.runtime_mapping.program_mapper:_build_menu_rows_from_popup_rows:1040 - DBG_MENU_BUILD_INPUT_ROW state=project_open top_menu=Fájl row_index=0 text='Végrehajtás' rectangle={'left': 4, 'top': 56, 'right': 290, 'bottom': 84} topbar_like=False popup_like=True source_scope=main_window fragments=0
2026-08-25 22:21:31.253 | DEBUG    | winwatt_automation.runtime_mapping.program_mapper:_build_menu_rows_from_popup_rows:1087 - RAW_MENU_TITLE="Végrehajtás" NORMALIZED_MENU_TITLE="végrehajtás"
2026-08-25 22:21:31.254 | INFO     | winwatt_automation.runtime_mapping.program_mapper:_build_menu_rows_from_popup_rows:1200 - DBG_WINWATT_NORMAL_MENU_ROW state=project_open top_menu=Fájl row_index=0 text='Végrehajtás' normalized_text=végrehajtás source_scope=main_window separator=False enabled_guess=True rectangle={'left': 4, 'top': 56, 'right': 290, 'bottom': 84} depth=1
2026-08-25 22:21:31.254 | INFO     | winwatt_automation.runtime_mapping.program_mapper:_build_menu_rows_from_popup_rows:1040 - DBG_MENU_BUILD_INPUT_ROW state=project_open top_menu=Fájl row_index=1 text='Végrehajtás' rectangle={'left': 4, 'top': 84, 'right': 290, 'bottom': 112} topbar_like=False popup_like=True source_scope=main_window fragments=0
2026-08-25 22:21:31.254 | DEBUG    | winwatt_automation.runtime_mapping.program_mapper:_build_menu_rows_from_popup_rows:1087 - RAW_MENU_TITLE="Végrehajtás" NORMALIZED_MENU_TITLE="végrehajtás"
2026-08-25 22:21:31.254 | INFO     | winwatt_automation.runtime_mapping.program_mapper:_build_menu_rows_from_popup_rows:1200 - DBG_WINWATT_NORMAL_MENU_ROW state=project_open top_menu=Fájl row_index=1 text='Végrehajtás' normalized_text=végrehajtás source_scope=main_window separator=False enabled_guess=True rectangle={'left': 4, 'top': 84, 'right': 290, 'bottom': 112} depth=1
2026-08-25 22:21:31.254 | INFO     | winwatt_automation.runtime_mapping.program_mapper:_build_menu_rows_from_popup_rows:1040 - DBG_MENU_BUILD_INPUT_ROW state=project_open top_menu=Fájl row_index=2 text='' rectangle={'left': 4, 'top': 111, 'right': 290, 'bottom': 139} topbar_like=False popup_like=True source_scope=main_window fragments=0
2026-08-25 22:21:31.254 | WARNING  | winwatt_automation.runtime_mapping.program_mapper:_resolve_row_text_with_fallback:687 - TEXT_EXTRACTION_FAILED row_index=2 source_scope=main_window fragment_count=0 rectangle={'left': 4, 'top': 111, 'right': 290, 'bottom': 139}
2026-08-25 22:21:31.254 | DEBUG    | winwatt_automation.runtime_mapping.program_mapper:_build_menu_rows_from_popup_rows:1087 - RAW_MENU_TITLE="" NORMALIZED_MENU_TITLE=""
2026-08-25 22:21:31.254 | INFO     | winwatt_automation.runtime_mapping.program_mapper:_build_menu_rows_from_popup_rows:1100 - DBG_WINWATT_EMPTY_NORMALIZED_MENU_TITLE row_index=2 raw_text= normalized_text= is_separator=False source_scope=main_window control_type=MenuItem class_name= rectangle={'left': 4, 'top': 111, 'right': 290, 'bottom': 139} fragment_count=0 fragment_texts=[]
2026-08-25 22:21:31.254 | INFO     | winwatt_automation.runtime_mapping.program_mapper:_build_menu_rows_from_popup_rows:1145 - REPLACED_EMPTY_POPUP_ROW_WITH_PLACEHOLDER row_index=02
2026-08-25 22:21:31.254 | INFO     | winwatt_automation.runtime_mapping.program_mapper:_build_menu_rows_from_popup_rows:1149 - GEOM_PLACEHOLDER_CREATED row_index=02 rect={'left': 4, 'top': 111, 'right': 290, 'bottom': 139} popup_reason=below_topbar_band
2026-08-25 22:21:31.255 | INFO     | winwatt_automation.runtime_mapping.program_mapper:_build_menu_rows_from_popup_rows:1200 - DBG_WINWATT_NORMAL_MENU_ROW state=project_open top_menu=Fájl row_index=2 text='[unlabeled row 2]' normalized_text=[unlabeled row 2] source_scope=main_window separator=False enabled_guess=False rectangle={'left': 4, 'top': 111, 'right': 290, 'bottom': 139} depth=1
2026-08-25 22:21:31.255 | INFO     | winwatt_automation.runtime_mapping.program_mapper:_build_menu_rows_from_popup_rows:1040 - DBG_MENU_BUILD_INPUT_ROW state=project_open top_menu=Fájl row_index=3 text='Végrehajtás' rectangle={'left': 4, 'top': 139, 'right': 290, 'bottom': 167} topbar_like=False popup_like=True source_scope=main_window fragments=0
2026-08-25 22:21:31.255 | DEBUG    | winwatt_automation.runtime_mapping.program_mapper:_build_menu_rows_from_popup_rows:1087 - RAW_MENU_TITLE="Végrehajtás" NORMALIZED_MENU_TITLE="végrehajtás"
2026-08-25 22:21:31.255 | INFO     | winwatt_automation.runtime_mapping.program_mapper:_build_menu_rows_from_popup_rows:1200 - DBG_WINWATT_NORMAL_MENU_ROW state=project_open top_menu=Fájl row_index=3 text='Végrehajtás' normalized_text=végrehajtás source_scope=main_window separator=False enabled_guess=True rectangle={'left': 4, 'top': 139, 'right': 290, 'bottom': 167} depth=1
2026-08-25 22:21:31.255 | INFO     | winwatt_automation.runtime_mapping.program_mapper:_build_menu_rows_from_popup_rows:1040 - DBG_MENU_BUILD_INPUT_ROW state=project_open top_menu=Fájl row_index=4 text='Végrehajtás' rectangle={'left': 4, 'top': 166, 'right': 290, 'bottom': 194} topbar_like=False popup_like=True source_scope=main_window fragments=0
2026-08-25 22:21:31.255 | DEBUG    | winwatt_automation.runtime_mapping.program_mapper:_build_menu_rows_from_popup_rows:1087 - RAW_MENU_TITLE="Végrehajtás" NORMALIZED_MENU_TITLE="végrehajtás"
2026-08-25 22:21:31.255 | INFO     | winwatt_automation.runtime_mapping.program_mapper:_build_menu_rows_from_popup_rows:1200 - DBG_WINWATT_NORMAL_MENU_ROW state=project_open top_menu=Fájl row_index=4 text='Végrehajtás' normalized_text=végrehajtás source_scope=main_window separator=False enabled_guess=True rectangle={'left': 4, 'top': 166, 'right': 290, 'bottom': 194} depth=1
2026-08-25 22:21:31.256 | INFO     | winwatt_automation.runtime_mapping.program_mapper:_build_menu_rows_from_popup_rows:1040 - DBG_MENU_BUILD_INPUT_ROW state=project_open top_menu=Fájl row_index=5 text='Végrehajtás' rectangle={'left': 4, 'top': 194, 'right': 290, 'bottom': 222} topbar_like=False popup_like=True source_scope=main_window fragments=0
2026-08-25 22:21:31.256 | DEBUG    | winwatt_automation.runtime_mapping.program_mapper:_build_menu_rows_from_popup_rows:1087 - RAW_MENU_TITLE="Végrehajtás" NORMALIZED_MENU_TITLE="végrehajtás"
2026-08-25 22:21:31.256 | INFO     | winwatt_automation.runtime_mapping.program_mapper:_build_menu_rows_from_popup_rows:1200 - DBG_WINWATT_NORMAL_MENU_ROW state=project_open top_menu=Fájl row_index=5 text='Végrehajtás' normalized_text=végrehajtás source_scope=main_window separator=False enabled_guess=True rectangle={'left': 4, 'top': 194, 'right': 290, 'bottom': 222} depth=1
2026-08-25 22:21:31.256 | INFO     | winwatt_automation.runtime_mapping.program_mapper:_build_menu_rows_from_popup_rows:1040 - DBG_MENU_BUILD_INPUT_ROW state=project_open top_menu=Fájl row_index=6 text='Végrehajtás' rectangle={'left': 4, 'top': 221, 'right': 290, 'bottom': 249} topbar_like=False popup_like=True source_scope=main_window fragments=0
2026-08-25 22:21:31.256 | DEBUG    | winwatt_automation.runtime_mapping.program_mapper:_build_menu_rows_from_popup_rows:1087 - RAW_MENU_TITLE="Végrehajtás" NORMALIZED_MENU_TITLE="végrehajtás"
2026-08-25 22:21:31.257 | INFO     | winwatt_automation.runtime_mapping.program_mapper:_build_menu_rows_from_popup_rows:1200 - DBG_WINWATT_NORMAL_MENU_ROW state=project_open top_menu=Fájl row_index=6 text='Végrehajtás' normalized_text=végrehajtás source_scope=main_window separator=False enabled_guess=True rectangle={'left': 4, 'top': 221, 'right': 290, 'bottom': 249} depth=1
2026-08-25 22:21:31.257 | INFO     | winwatt_automation.runtime_mapping.program_mapper:_build_menu_rows_from_popup_rows:1040 - DBG_MENU_BUILD_INPUT_ROW state=project_open top_menu=Fájl row_index=7 text='Végrehajtás' rectangle={'left': 4, 'top': 249, 'right': 290, 'bottom': 277} topbar_like=False popup_like=True source_scope=main_window fragments=0
2026-08-25 22:21:31.257 | DEBUG    | winwatt_automation.runtime_mapping.program_mapper:_build_menu_rows_from_popup_rows:1087 - RAW_MENU_TITLE="Végrehajtás" NORMALIZED_MENU_TITLE="végrehajtás"
2026-08-25 22:21:31.257 | INFO     | winwatt_automation.runtime_mapping.program_mapper:_build_menu_rows_from_popup_rows:1200 - DBG_WINWATT_NORMAL_MENU_ROW state=project_open top_menu=Fájl row_index=7 text='Végrehajtás' normalized_text=végrehajtás source_scope=main_window separator=False enabled_guess=True rectangle={'left': 4, 'top': 249, 'right': 290, 'bottom': 277} depth=1
2026-08-25 22:21:31.257 | INFO     | winwatt_automation.runtime_mapping.program_mapper:_build_menu_rows_from_popup_rows:1040 - DBG_MENU_BUILD_INPUT_ROW state=project_open top_menu=Fájl row_index=8 text='Megnyitás' rectangle={'left': 4, 'top': 284, 'right': 290, 'bottom': 312} topbar_like=False popup_like=True source_scope=main_window fragments=0
2026-08-25 22:21:31.258 | DEBUG    | winwatt_automation.runtime_mapping.program_mapper:_build_menu_rows_from_popup_rows:1087 - RAW_MENU_TITLE="Megnyitás" NORMALIZED_MENU_TITLE="megnyitás"
2026-08-25 22:21:31.258 | INFO     | winwatt_automation.runtime_mapping.program_mapper:_build_menu_rows_from_popup_rows:1200 - DBG_WINWATT_NORMAL_MENU_ROW state=project_open top_menu=Fájl row_index=8 text='Megnyitás' normalized_text=megnyitás source_scope=main_window separator=False enabled_guess=True rectangle={'left': 4, 'top': 284, 'right': 290, 'bottom': 312} depth=1
2026-08-25 22:21:31.258 | INFO     | winwatt_automation.runtime_mapping.program_mapper:_build_menu_rows_from_popup_rows:1040 - DBG_MENU_BUILD_INPUT_ROW state=project_open top_menu=Fájl row_index=9 text='Végrehajtás' rectangle={'left': 4, 'top': 311, 'right': 290, 'bottom': 339} topbar_like=False popup_like=True source_scope=main_window fragments=0
2026-08-25 22:21:31.258 | DEBUG    | winwatt_automation.runtime_mapping.program_mapper:_build_menu_rows_from_popup_rows:1087 - RAW_MENU_TITLE="Végrehajtás" NORMALIZED_MENU_TITLE="végrehajtás"
2026-08-25 22:21:31.258 | INFO     | winwatt_automation.runtime_mapping.program_mapper:_build_menu_rows_from_popup_rows:1200 - DBG_WINWATT_NORMAL_MENU_ROW state=project_open top_menu=Fájl row_index=9 text='Végrehajtás' normalized_text=végrehajtás source_scope=main_window separator=False enabled_guess=True rectangle={'left': 4, 'top': 311, 'right': 290, 'bottom': 339} depth=1
2026-08-25 22:21:31.259 | INFO     | winwatt_automation.runtime_mapping.program_mapper:_build_menu_rows_from_popup_rows:1040 - DBG_MENU_BUILD_INPUT_ROW state=project_open top_menu=Fájl row_index=10 text='Végrehajtás' rectangle={'left': 4, 'top': 339, 'right': 290, 'bottom': 367} topbar_like=False popup_like=True source_scope=main_window fragments=0
2026-08-25 22:21:31.259 | DEBUG    | winwatt_automation.runtime_mapping.program_mapper:_build_menu_rows_from_popup_rows:1087 - RAW_MENU_TITLE="Végrehajtás" NORMALIZED_MENU_TITLE="végrehajtás"
2026-08-25 22:21:31.259 | INFO     | winwatt_automation.runtime_mapping.program_mapper:_build_menu_rows_from_popup_rows:1200 - DBG_WINWATT_NORMAL_MENU_ROW state=project_open top_menu=Fájl row_index=10 text='Végrehajtás' normalized_text=végrehajtás source_scope=main_window separator=False enabled_guess=True rectangle={'left': 4, 'top': 339, 'right': 290, 'bottom': 367} depth=1
2026-08-25 22:21:31.259 | INFO     | winwatt_automation.runtime_mapping.program_mapper:_build_menu_rows_from_popup_rows:1040 - DBG_MENU_BUILD_INPUT_ROW state=project_open top_menu=Fájl row_index=11 text='Végrehajtás' rectangle={'left': 4, 'top': 374, 'right': 290, 'bottom': 402} topbar_like=False popup_like=True source_scope=main_window fragments=0
2026-08-25 22:21:31.259 | DEBUG    | winwatt_automation.runtime_mapping.program_mapper:_build_menu_rows_from_popup_rows:1087 - RAW_MENU_TITLE="Végrehajtás" NORMALIZED_MENU_TITLE="végrehajtás"
2026-08-25 22:21:31.259 | INFO     | winwatt_automation.runtime_mapping.program_mapper:_build_menu_rows_from_popup_rows:1200 - DBG_WINWATT_NORMAL_MENU_ROW state=project_open top_menu=Fájl row_index=11 text='Végrehajtás' normalized_text=végrehajtás source_scope=main_window separator=False enabled_guess=True rectangle={'left': 4, 'top': 374, 'right': 290, 'bottom': 402} depth=1
2026-08-25 22:21:31.259 | INFO     | winwatt_automation.runtime_mapping.program_mapper:_build_menu_rows_from_popup_rows:1040 - DBG_MENU_BUILD_INPUT_ROW state=project_open top_menu=Fájl row_index=12 text='Végrehajtás' rectangle={'left': 4, 'top': 56, 'right': 290, 'bottom': 84} topbar_like=False popup_like=True source_scope=global_process_scan fragments=0
2026-08-25 22:21:31.259 | DEBUG    | winwatt_automation.runtime_mapping.program_mapper:_build_menu_rows_from_popup_rows:1087 - RAW_MENU_TITLE="Végrehajtás" NORMALIZED_MENU_TITLE="végrehajtás"
2026-08-25 22:21:31.259 | INFO     | winwatt_automation.runtime_mapping.program_mapper:_build_menu_rows_from_popup_rows:1200 - DBG_WINWATT_NORMAL_MENU_ROW state=project_open top_menu=Fájl row_index=12 text='Végrehajtás' normalized_text=végrehajtás source_scope=global_process_scan separator=False enabled_guess=True rectangle={'left': 4, 'top': 56, 'right': 290, 'bottom': 84} depth=1
2026-08-25 22:21:31.259 | INFO     | winwatt_automation.runtime_mapping.program_mapper:_build_menu_rows_from_popup_rows:1040 - DBG_MENU_BUILD_INPUT_ROW state=project_open top_menu=Fájl row_index=13 text='Végrehajtás' rectangle={'left': 4, 'top': 84, 'right': 290, 'bottom': 112} topbar_like=False popup_like=True source_scope=global_process_scan fragments=0
2026-08-25 22:21:31.260 | DEBUG    | winwatt_automation.runtime_mapping.program_mapper:_build_menu_rows_from_popup_rows:1087 - RAW_MENU_TITLE="Végrehajtás" NORMALIZED_MENU_TITLE="végrehajtás"
2026-08-25 22:21:31.260 | INFO     | winwatt_automation.runtime_mapping.program_mapper:_build_menu_rows_from_popup_rows:1200 - DBG_WINWATT_NORMAL_MENU_ROW state=project_open top_menu=Fájl row_index=13 text='Végrehajtás' normalized_text=végrehajtás source_scope=global_process_scan separator=False enabled_guess=True rectangle={'left': 4, 'top': 84, 'right': 290, 'bottom': 112} depth=1
2026-08-25 22:21:31.260 | INFO     | winwatt_automation.runtime_mapping.program_mapper:_build_menu_rows_from_popup_rows:1040 - DBG_MENU_BUILD_INPUT_ROW state=project_open top_menu=Fájl row_index=14 text='' rectangle={'left': 4, 'top': 111, 'right': 290, 'bottom': 139} topbar_like=False popup_like=True source_scope=global_process_scan fragments=0
2026-08-25 22:21:31.260 | WARNING  | winwatt_automation.runtime_mapping.program_mapper:_resolve_row_text_with_fallback:687 - TEXT_EXTRACTION_FAILED row_index=14 source_scope=global_process_scan fragment_count=0 rectangle={'left': 4, 'top': 111, 'right': 290, 'bottom': 139}
2026-08-25 22:21:31.260 | DEBUG    | winwatt_automation.runtime_mapping.program_mapper:_build_menu_rows_from_popup_rows:1087 - RAW_MENU_TITLE="" NORMALIZED_MENU_TITLE=""
2026-08-25 22:21:31.260 | INFO     | winwatt_automation.runtime_mapping.program_mapper:_build_menu_rows_from_popup_rows:1100 - DBG_WINWATT_EMPTY_NORMALIZED_MENU_TITLE row_index=14 raw_text= normalized_text= is_separator=False source_scope=global_process_scan control_type=MenuItem class_name= rectangle={'left': 4, 'top': 111, 'right': 290, 'bottom': 139} fragment_count=0 fragment_texts=[]
2026-08-25 22:21:31.261 | INFO     | winwatt_automation.runtime_mapping.program_mapper:_build_menu_rows_from_popup_rows:1145 - REPLACED_EMPTY_POPUP_ROW_WITH_PLACEHOLDER row_index=14
2026-08-25 22:21:31.261 | INFO     | winwatt_automation.runtime_mapping.program_mapper:_build_menu_rows_from_popup_rows:1149 - GEOM_PLACEHOLDER_CREATED row_index=14 rect={'left': 4, 'top': 111, 'right': 290, 'bottom': 139} popup_reason=below_topbar_band
2026-08-25 22:21:31.261 | INFO     | winwatt_automation.runtime_mapping.program_mapper:_build_menu_rows_from_popup_rows:1200 - DBG_WINWATT_NORMAL_MENU_ROW state=project_open top_menu=Fájl row_index=14 text='[unlabeled row 14]' normalized_text=[unlabeled row 14] source_scope=global_process_scan separator=False enabled_guess=False rectangle={'left': 4, 'top': 111, 'right': 290, 'bottom': 139} depth=1
2026-08-25 22:21:31.261 | INFO     | winwatt_automation.runtime_mapping.program_mapper:_build_menu_rows_from_popup_rows:1040 - DBG_MENU_BUILD_INPUT_ROW state=project_open top_menu=Fájl row_index=15 text='Végrehajtás' rectangle={'left': 4, 'top': 139, 'right': 290, 'bottom': 167} topbar_like=False popup_like=True source_scope=global_process_scan fragments=0
2026-08-25 22:21:31.262 | DEBUG    | winwatt_automation.runtime_mapping.program_mapper:_build_menu_rows_from_popup_rows:1087 - RAW_MENU_TITLE="Végrehajtás" NORMALIZED_MENU_TITLE="végrehajtás"
2026-08-25 22:21:31.262 | INFO     | winwatt_automation.runtime_mapping.program_mapper:_build_menu_rows_from_popup_rows:1200 - DBG_WINWATT_NORMAL_MENU_ROW state=project_open top_menu=Fájl row_index=15 text='Végrehajtás' normalized_text=végrehajtás source_scope=global_process_scan separator=False enabled_guess=True rectangle={'left': 4, 'top': 139, 'right': 290, 'bottom': 167} depth=1
2026-08-25 22:21:31.262 | INFO     | winwatt_automation.runtime_mapping.program_mapper:_build_menu_rows_from_popup_rows:1040 - DBG_MENU_BUILD_INPUT_ROW state=project_open top_menu=Fájl row_index=16 text='Végrehajtás' rectangle={'left': 4, 'top': 166, 'right': 290, 'bottom': 194} topbar_like=False popup_like=True source_scope=global_process_scan fragments=0
2026-08-25 22:21:31.262 | DEBUG    | winwatt_automation.runtime_mapping.program_mapper:_build_menu_rows_from_popup_rows:1087 - RAW_MENU_TITLE="Végrehajtás" NORMALIZED_MENU_TITLE="végrehajtás"
2026-08-25 22:21:31.262 | INFO     | winwatt_automation.runtime_mapping.program_mapper:_build_menu_rows_from_popup_rows:1200 - DBG_WINWATT_NORMAL_MENU_ROW state=project_open top_menu=Fájl row_index=16 text='Végrehajtás' normalized_text=végrehajtás source_scope=global_process_scan separator=False enabled_guess=True rectangle={'left': 4, 'top': 166, 'right': 290, 'bottom': 194} depth=1
2026-08-25 22:21:31.263 | INFO     | winwatt_automation.runtime_mapping.program_mapper:_build_menu_rows_from_popup_rows:1040 - DBG_MENU_BUILD_INPUT_ROW state=project_open top_menu=Fájl row_index=17 text='Végrehajtás' rectangle={'left': 4, 'top': 194, 'right': 290, 'bottom': 222} topbar_like=False popup_like=True source_scope=global_process_scan fragments=0
2026-08-25 22:21:31.263 | DEBUG    | winwatt_automation.runtime_mapping.program_mapper:_build_menu_rows_from_popup_rows:1087 - RAW_MENU_TITLE="Végrehajtás" NORMALIZED_MENU_TITLE="végrehajtás"
2026-08-25 22:21:31.264 | INFO     | winwatt_automation.runtime_mapping.program_mapper:_build_menu_rows_from_popup_rows:1200 - DBG_WINWATT_NORMAL_MENU_ROW state=project_open top_menu=Fájl row_index=17 text='Végrehajtás' normalized_text=végrehajtás source_scope=global_process_scan separator=False enabled_guess=True rectangle={'left': 4, 'top': 194, 'right': 290, 'bottom': 222} depth=1
2026-08-25 22:21:31.264 | INFO     | winwatt_automation.runtime_mapping.program_mapper:_build_menu_rows_from_popup_rows:1040 - DBG_MENU_BUILD_INPUT_ROW state=project_open top_menu=Fájl row_index=18 text='Végrehajtás' rectangle={'left': 4, 'top': 221, 'right': 290, 'bottom': 249} topbar_like=False popup_like=True source_scope=global_process_scan fragments=0
2026-08-25 22:21:31.264 | DEBUG    | winwatt_automation.runtime_mapping.program_mapper:_build_menu_rows_from_popup_rows:1087 - RAW_MENU_TITLE="Végrehajtás" NORMALIZED_MENU_TITLE="végrehajtás"
2026-08-25 22:21:31.264 | INFO     | winwatt_automation.runtime_mapping.program_mapper:_build_menu_rows_from_popup_rows:1200 - DBG_WINWATT_NORMAL_MENU_ROW state=project_open top_menu=Fájl row_index=18 text='Végrehajtás' normalized_text=végrehajtás source_scope=global_process_scan separator=False enabled_guess=True rectangle={'left': 4, 'top': 221, 'right': 290, 'bottom': 249} depth=1
2026-08-25 22:21:31.264 | INFO     | winwatt_automation.runtime_mapping.program_mapper:_build_menu_rows_from_popup_rows:1040 - DBG_MENU_BUILD_INPUT_ROW state=project_open top_menu=Fájl row_index=19 text='Végrehajtás' rectangle={'left': 4, 'top': 249, 'right': 290, 'bottom': 277} topbar_like=False popup_like=True source_scope=global_process_scan fragments=0
2026-08-25 22:21:31.264 | DEBUG    | winwatt_automation.runtime_mapping.program_mapper:_build_menu_rows_from_popup_rows:1087 - RAW_MENU_TITLE="Végrehajtás" NORMALIZED_MENU_TITLE="végrehajtás"
2026-08-25 22:21:31.264 | INFO     | winwatt_automation.runtime_mapping.program_mapper:_build_menu_rows_from_popup_rows:1200 - DBG_WINWATT_NORMAL_MENU_ROW state=project_open top_menu=Fájl row_index=19 text='Végrehajtás' normalized_text=végrehajtás source_scope=global_process_scan separator=False enabled_guess=True rectangle={'left': 4, 'top': 249, 'right': 290, 'bottom': 277} depth=1
2026-08-25 22:21:31.265 | INFO     | winwatt_automation.runtime_mapping.program_mapper:_build_menu_rows_from_popup_rows:1040 - DBG_MENU_BUILD_INPUT_ROW state=project_open top_menu=Fájl row_index=20 text='Megnyitás' rectangle={'left': 4, 'top': 284, 'right': 290, 'bottom': 312} topbar_like=False popup_like=True source_scope=global_process_scan fragments=0
2026-08-25 22:21:31.265 | DEBUG    | winwatt_automation.runtime_mapping.program_mapper:_build_menu_rows_from_popup_rows:1087 - RAW_MENU_TITLE="Megnyitás" NORMALIZED_MENU_TITLE="megnyitás"
2026-08-25 22:21:31.265 | INFO     | winwatt_automation.runtime_mapping.program_mapper:_build_menu_rows_from_popup_rows:1200 - DBG_WINWATT_NORMAL_MENU_ROW state=project_open top_menu=Fájl row_index=20 text='Megnyitás' normalized_text=megnyitás source_scope=global_process_scan separator=False enabled_guess=True rectangle={'left': 4, 'top': 284, 'right': 290, 'bottom': 312} depth=1
2026-08-25 22:21:31.265 | INFO     | winwatt_automation.runtime_mapping.program_mapper:_build_menu_rows_from_popup_rows:1040 - DBG_MENU_BUILD_INPUT_ROW state=project_open top_menu=Fájl row_index=21 text='Végrehajtás' rectangle={'left': 4, 'top': 311, 'right': 290, 'bottom': 339} topbar_like=False popup_like=True source_scope=global_process_scan fragments=0
2026-08-25 22:21:31.265 | DEBUG    | winwatt_automation.runtime_mapping.program_mapper:_build_menu_rows_from_popup_rows:1087 - RAW_MENU_TITLE="Végrehajtás" NORMALIZED_MENU_TITLE="végrehajtás"
2026-08-25 22:21:31.265 | INFO     | winwatt_automation.runtime_mapping.program_mapper:_build_menu_rows_from_popup_rows:1200 - DBG_WINWATT_NORMAL_MENU_ROW state=project_open top_menu=Fájl row_index=21 text='Végrehajtás' normalized_text=végrehajtás source_scope=global_process_scan separator=False enabled_guess=True rectangle={'left': 4, 'top': 311, 'right': 290, 'bottom': 339} depth=1
2026-08-25 22:21:31.265 | INFO     | winwatt_automation.runtime_mapping.program_mapper:_build_menu_rows_from_popup_rows:1040 - DBG_MENU_BUILD_INPUT_ROW state=project_open top_menu=Fájl row_index=22 text='Végrehajtás' rectangle={'left': 4, 'top': 339, 'right': 290, 'bottom': 367} topbar_like=False popup_like=True source_scope=global_process_scan fragments=0
2026-08-25 22:21:31.266 | DEBUG    | winwatt_automation.runtime_mapping.program_mapper:_build_menu_rows_from_popup_rows:1087 - RAW_MENU_TITLE="Végrehajtás" NORMALIZED_MENU_TITLE="végrehajtás"
2026-08-25 22:21:31.266 | INFO     | winwatt_automation.runtime_mapping.program_mapper:_build_menu_rows_from_popup_rows:1200 - DBG_WINWATT_NORMAL_MENU_ROW state=project_open top_menu=Fájl row_index=22 text='Végrehajtás' normalized_text=végrehajtás source_scope=global_process_scan separator=False enabled_guess=True rectangle={'left': 4, 'top': 339, 'right': 290, 'bottom': 367} depth=1
2026-08-25 22:21:31.266 | INFO     | winwatt_automation.runtime_mapping.program_mapper:_build_menu_rows_from_popup_rows:1040 - DBG_MENU_BUILD_INPUT_ROW state=project_open top_menu=Fájl row_index=23 text='Végrehajtás' rectangle={'left': 4, 'top': 374, 'right': 290, 'bottom': 402} topbar_like=False popup_like=True source_scope=global_process_scan fragments=0
2026-08-25 22:21:31.267 | DEBUG    | winwatt_automation.runtime_mapping.program_mapper:_build_menu_rows_from_popup_rows:1087 - RAW_MENU_TITLE="Végrehajtás" NORMALIZED_MENU_TITLE="végrehajtás"
2026-08-25 22:21:31.267 | INFO     | winwatt_automation.runtime_mapping.program_mapper:_build_menu_rows_from_popup_rows:1200 - DBG_WINWATT_NORMAL_MENU_ROW state=project_open top_menu=Fájl row_index=23 text='Végrehajtás' normalized_text=végrehajtás source_scope=global_process_scan separator=False enabled_guess=True rectangle={'left': 4, 'top': 374, 'right': 290, 'bottom': 402} depth=1
2026-08-25 22:21:31.267 | INFO     | winwatt_automation.runtime_mapping.program_mapper:_build_menu_rows_from_popup_rows:1233 - MENU_ROW_DEDUP_APPLIED state=project_open top_menu=Fájl normalized_text=végrehajtás kept_row_index=0 dropped_row_index=12 rectangle={'left': 4, 'top': 56, 'right': 290, 'bottom': 84} source_scope_pattern=global_process_scan|legacy_text
2026-08-25 22:21:31.267 | INFO     | winwatt_automation.runtime_mapping.program_mapper:_build_menu_rows_from_popup_rows:1233 - MENU_ROW_DEDUP_APPLIED state=project_open top_menu=Fájl normalized_text=végrehajtás kept_row_index=1 dropped_row_index=13 rectangle={'left': 4, 'top': 84, 'right': 290, 'bottom': 112} source_scope_pattern=global_process_scan|legacy_text
2026-08-25 22:21:31.267 | INFO     | winwatt_automation.runtime_mapping.program_mapper:_build_menu_rows_from_popup_rows:1233 - MENU_ROW_DEDUP_APPLIED state=project_open top_menu=Fájl normalized_text=végrehajtás kept_row_index=3 dropped_row_index=15 rectangle={'left': 4, 'top': 139, 'right': 290, 'bottom': 167} source_scope_pattern=global_process_scan|legacy_text
2026-08-25 22:21:31.268 | INFO     | winwatt_automation.runtime_mapping.program_mapper:_build_menu_rows_from_popup_rows:1233 - MENU_ROW_DEDUP_APPLIED state=project_open top_menu=Fájl normalized_text=végrehajtás kept_row_index=4 dropped_row_index=16 rectangle={'left': 4, 'top': 166, 'right': 290, 'bottom': 194} source_scope_pattern=global_process_scan|legacy_text
2026-08-25 22:21:31.268 | INFO     | winwatt_automation.runtime_mapping.program_mapper:_build_menu_rows_from_popup_rows:1233 - MENU_ROW_DEDUP_APPLIED state=project_open top_menu=Fájl normalized_text=végrehajtás kept_row_index=5 dropped_row_index=17 rectangle={'left': 4, 'top': 194, 'right': 290, 'bottom': 222} source_scope_pattern=global_process_scan|legacy_text
2026-08-25 22:21:31.268 | INFO     | winwatt_automation.runtime_mapping.program_mapper:_build_menu_rows_from_popup_rows:1233 - MENU_ROW_DEDUP_APPLIED state=project_open top_menu=Fájl normalized_text=végrehajtás kept_row_index=6 dropped_row_index=18 rectangle={'left': 4, 'top': 221, 'right': 290, 'bottom': 249} source_scope_pattern=global_process_scan|legacy_text
2026-08-25 22:21:31.268 | INFO     | winwatt_automation.runtime_mapping.program_mapper:_build_menu_rows_from_popup_rows:1233 - MENU_ROW_DEDUP_APPLIED state=project_open top_menu=Fájl normalized_text=végrehajtás kept_row_index=7 dropped_row_index=19 rectangle={'left': 4, 'top': 249, 'right': 290, 'bottom': 277} source_scope_pattern=global_process_scan|legacy_text
2026-08-25 22:21:31.268 | INFO     | winwatt_automation.runtime_mapping.program_mapper:_build_menu_rows_from_popup_rows:1233 - MENU_ROW_DEDUP_APPLIED state=project_open top_menu=Fájl normalized_text=megnyitás kept_row_index=8 dropped_row_index=20 rectangle={'left': 4, 'top': 284, 'right': 290, 'bottom': 312} source_scope_pattern=global_process_scan|legacy_text
2026-08-25 22:21:31.268 | INFO     | winwatt_automation.runtime_mapping.program_mapper:_build_menu_rows_from_popup_rows:1233 - MENU_ROW_DEDUP_APPLIED state=project_open top_menu=Fájl normalized_text=végrehajtás kept_row_index=9 dropped_row_index=21 rectangle={'left': 4, 'top': 311, 'right': 290, 'bottom': 339} source_scope_pattern=global_process_scan|legacy_text
2026-08-25 22:21:31.268 | INFO     | winwatt_automation.runtime_mapping.program_mapper:_build_menu_rows_from_popup_rows:1233 - MENU_ROW_DEDUP_APPLIED state=project_open top_menu=Fájl normalized_text=végrehajtás kept_row_index=10 dropped_row_index=22 rectangle={'left': 4, 'top': 339, 'right': 290, 'bottom': 367} source_scope_pattern=global_process_scan|legacy_text
2026-08-25 22:21:31.268 | INFO     | winwatt_automation.runtime_mapping.program_mapper:_build_menu_rows_from_popup_rows:1233 - MENU_ROW_DEDUP_APPLIED state=project_open top_menu=Fájl normalized_text=végrehajtás kept_row_index=11 dropped_row_index=23 rectangle={'left': 4, 'top': 374, 'right': 290, 'bottom': 402} source_scope_pattern=global_process_scan|legacy_text
2026-08-25 22:21:31.268 | INFO     | winwatt_automation.runtime_mapping.program_mapper:_build_menu_rows_from_popup_rows:1244 - MENU_ROW_BUILD_SUMMARY state=project_open top_menu=Fájl input_rows=24 mapped_rows=13 placeholders=2 filtered_overlap=0 filtered_empty_non_actionable=0 rejected_foreign_rows=0 deduped_rows=11
2026-08-25 22:21:31.268 | DEBUG    | winwatt_automation.runtime_mapping.program_mapper:_log_phase_timing:281 - DBG_PHASE_TIMING phase=_build_menu_rows_from_popup_rows elapsed_ms=15.000 state_id=project_open top_menu=Fájl input_rows=24 mapped_rows=13
2026-08-25 22:21:31.269 | INFO     | winwatt_automation.runtime_mapping.program_mapper:explore_menu_tree:3672 - ACTION_CATALOG_INPUT_SUMMARY state=project_open top_menu=Fájl depth=1 candidate_rows=13 placeholders=2 low_or_none_confidence=2 legacy_text_only=11 unknown_pending=0
2026-08-25 22:21:31.269 | INFO     | winwatt_automation.runtime_mapping.program_mapper:explore_menu_tree:3826 - DBG_SUBTREE_TRAVERSAL_DECISION state=project_open path=['Fájl', 'Végrehajtás'] placeholder=False skipped_by_safety=True reused_from_previous_state=False action_type=unknown source_scope=main_window skip_parent_reopen=False diagnostic_fast_mode=False placeholder_focus_mode=False
2026-08-25 22:21:31.269 | INFO     | winwatt_automation.runtime_mapping.program_mapper:_reopen_parent_popup_rows:2167 - DBG_WINWATT_NORMAL_MENU_REOPEN_PARENT state=project_open top_menu=Fájl parent_path=['Fájl'] cached_popup_path=('fájl',) suppress_placeholder_top_menu_relist=False
2026-08-25 22:21:31.269 | INFO     | winwatt_automation.runtime_mapping.program_mapper:_reopen_parent_popup_rows:2187 - POPUP_OWNERSHIP_CONFIRMED state=project_open top_menu=Fájl normalized_parent=('fájl',) popup_state_path=('fájl',) row_count=24
2026-08-25 22:21:31.269 | DEBUG    | winwatt_automation.runtime_mapping.program_mapper:_log_phase_timing:281 - DBG_PHASE_TIMING phase=reopen_parent_popup_rows elapsed_ms=0.000 strategy=popup_state_reuse row_count=24 parent_path=Fájl
2026-08-25 22:21:31.270 | INFO     | winwatt_automation.runtime_mapping.program_mapper:_activate_row_for_exploration:1275 - DBG_PLACEHOLDER_TRAVERSAL_CANDIDATE path=['Fájl', 'Végrehajtás'] row_index=0 placeholder=False action_type=click source_scope=main_window meta={'popup_block_classification': 'normal_popup', 'recent_projects_block': False, 'recent_project_entry': False, 'stateful_menu_block': False, 'deduped_row_indices': [0, 12]} popup_visible_count=24 topbar_visible_count=0 diagnostic_fast_mode=False
2026-08-25 22:21:31.270 | INFO     | winwatt_automation.runtime_mapping.program_mapper:_activate_row_for_exploration:1292 - DBG_PLACEHOLDER_TRAVERSAL_DECISION path=['Fájl', 'Végrehajtás'] decision=click_structured_row action_type=click source_scope=main_window popup_visible_count=24 popup_rows_count=24 meta_source=main_window click_strategy=None
2026-08-25 22:21:31.275 | DEBUG    | winwatt_automation.live_ui.app_connector:get_cached_main_window:565 - DBG_WINWATT_CACHE_GET reason_code=cache_reused_without_validation payload={'wrapper_type': 'UIAWrapper', 'handle': 1837942, 'process_id': 13928, 'title': 'WinWatt gólya - C:\\Users\\Admin\\Documents\\GitHub\\autowinwatt\\winwatt_automation\\tests\\testwwp.wwp', 'class_name': 'TMainForm', 'control_type': 'Window'} last_validation_age_s=2.1719999999913853 diagnostic_fast_mode=False
2026-08-25 22:21:31.275 | DEBUG    | winwatt_automation.live_ui.app_connector:get_cached_main_window:566 - DBG_PHASE_TIMING phase=get_cached_main_window elapsed_ms=0.000 reason_code=cache_reused_without_validation
2026-08-25 22:21:31.279 | INFO     | winwatt_automation.live_ui.app_connector:ensure_main_window_foreground_before_click:1179 - DBG_WINWATT_FOCUS_GUARD_PRECHECK action_label=click_structured_popup_row[0] wrapper_type=UIAWrapper cached_handle=1837942 cached_pid=13928 cached_title=WinWatt gólya - C:\Users\Admin\Documents\GitHub\autowinwatt\winwatt_automation\tests\testwwp.wwp cached_class=TMainForm precheck_exists=False precheck_visible=True precheck_enabled=True rect={'left': -10, 'top': -10, 'right': 1930, 'bottom': 1030, 'width': 1940, 'height': 1040}
2026-08-25 22:21:31.365 | DEBUG    | winwatt_automation.live_ui.app_connector:list_candidate_windows:180 - Discovered 1 WinWatt-like windows on backend=win32
2026-08-25 22:21:31.365 | DEBUG    | winwatt_automation.live_ui.app_connector:list_candidate_windows:182 - Candidate[win32]: {'title': 'WinWatt gólya - C:\\Users\\Admin\\Documents\\GitHub\\autowinwatt\\winwatt_automation\\tests\\testwwp.wwp', 'window_text': 'WinWatt gólya - C:\\Users\\Admin\\Documents\\GitHub\\autowinwatt\\winwatt_automation\\tests\\testwwp.wwp', 'class_name': 'TMainForm', 'control_type': None, 'process_id': 13928, 'handle': None, 'is_visible': True, 'is_enabled': True, 'rectangle': {'left': -10, 'top': -10, 'right': 1930, 'bottom': 1030, 'width': 1940, 'height': 1040}, 'size': {'width': 1940, 'height': 1040}}
2026-08-25 22:21:31.365 | INFO     | winwatt_automation.live_ui.app_connector:_connect_with_win32_handle:276 - DBG_WINWATT_CONNECT_WIN32_CANDIDATES locator=backend=win32 ranked_candidates=[{'rank': 1, 'score': (1, 1, 1, 1, 2017600), 'process_id': 13928, 'handle': None, 'class_name': 'TMainForm', 'title': 'WinWatt gólya - C:\\Users\\Admin\\Documents\\GitHub\\autowinwatt\\winwatt_automation\\tests\\testwwp.wwp', 'visible': True, 'enabled': True}]
2026-08-25 22:21:31.365 | INFO     | winwatt_automation.live_ui.app_connector:select_main_window:224 - Candidate ranking score=(1, 1, 1, 1, 2017600) data={'title': 'WinWatt gólya - C:\\Users\\Admin\\Documents\\GitHub\\autowinwatt\\winwatt_automation\\tests\\testwwp.wwp', 'window_text': 'WinWatt gólya - C:\\Users\\Admin\\Documents\\GitHub\\autowinwatt\\winwatt_automation\\tests\\testwwp.wwp', 'class_name': 'TMainForm', 'control_type': None, 'process_id': 13928, 'handle': None, 'is_visible': True, 'is_enabled': True, 'rectangle': {'left': -10, 'top': -10, 'right': 1930, 'bottom': 1030, 'width': 1940, 'height': 1040}, 'size': {'width': 1940, 'height': 1040}}
2026-08-25 22:21:31.365 | INFO     | winwatt_automation.live_ui.app_connector:select_main_window:234 - Selected main window process_id=13928 handle=None score=(1, 1, 1, 1, 2017600) reasons=['has_process_id=True', 'has_handle=False', 'visible=True', 'enabled=True', 'title_has_winwatt=True', 'area=2017600']
2026-08-25 22:21:31.367 | INFO     | winwatt_automation.live_ui.app_connector:_connect_with_win32_handle:293 - DBG_WINWATT_CONNECT_WIN32_SELECTED selected_payload={'title': 'WinWatt gólya - C:\\Users\\Admin\\Documents\\GitHub\\autowinwatt\\winwatt_automation\\tests\\testwwp.wwp', 'window_text': 'WinWatt gólya - C:\\Users\\Admin\\Documents\\GitHub\\autowinwatt\\winwatt_automation\\tests\\testwwp.wwp', 'class_name': 'TMainForm', 'control_type': None, 'process_id': 13928, 'handle': None, 'is_visible': True, 'is_enabled': True, 'rectangle': {'left': -10, 'top': -10, 'right': 1930, 'bottom': 1030, 'width': 1940, 'height': 1040}, 'size': {'width': 1940, 'height': 1040}} selected_handle_is_none=True
2026-08-25 22:21:31.367 | INFO     | winwatt_automation.live_ui.app_connector:_connect_with_win32_handle:336 - Connected to WinWatt backend=win32 attach_mode=process candidate={'process_id': 13928, 'handle': None, 'class_name': 'TMainForm', 'title': 'WinWatt gólya - C:\\Users\\Admin\\Documents\\GitHub\\autowinwatt\\winwatt_automation\\tests\\testwwp.wwp'}
2026-08-25 22:21:31.371 | INFO     | winwatt_automation.live_ui.app_connector:_connect_with_win32_handle:350 - DBG_WINWATT_CONNECT_WIN32_RESOLVED process_id=13928 resolved_handle=None selected_payload={'title': 'WinWatt gólya - C:\\Users\\Admin\\Documents\\GitHub\\autowinwatt\\winwatt_automation\\tests\\testwwp.wwp', 'window_text': 'WinWatt gólya - C:\\Users\\Admin\\Documents\\GitHub\\autowinwatt\\winwatt_automation\\tests\\testwwp.wwp', 'class_name': 'TMainForm', 'control_type': None, 'process_id': 13928, 'handle': None, 'is_visible': True, 'is_enabled': True, 'rectangle': {'left': -10, 'top': -10, 'right': 1930, 'bottom': 1030, 'width': 1940, 'height': 1040}, 'size': {'width': 1940, 'height': 1040}}
2026-08-25 22:21:31.371 | INFO     | winwatt_automation.live_ui.app_connector:_resolve_uia_main_window:382 - DBG_WINWATT_RESOLVE_UIA_WIN32_SELECTED selected_payload={'title': 'WinWatt gólya - C:\\Users\\Admin\\Documents\\GitHub\\autowinwatt\\winwatt_automation\\tests\\testwwp.wwp', 'window_text': 'WinWatt gólya - C:\\Users\\Admin\\Documents\\GitHub\\autowinwatt\\winwatt_automation\\tests\\testwwp.wwp', 'class_name': 'TMainForm', 'control_type': None, 'process_id': 13928, 'handle': None, 'is_visible': True, 'is_enabled': True, 'rectangle': {'left': -10, 'top': -10, 'right': 1930, 'bottom': 1030, 'width': 1940, 'height': 1040}, 'size': {'width': 1940, 'height': 1040}}
2026-08-25 22:21:31.371 | INFO     | winwatt_automation.live_ui.app_connector:_resolve_uia_main_window:388 - Connected to WinWatt backend=uia process_id=13928
2026-08-25 22:21:31.371 | INFO     | winwatt_automation.live_ui.app_connector:_resolve_uia_main_window:390 - Resolving main WinWatt window backend=uia class_name=TMainForm title_re=.*WinWatt.*
2026-08-25 22:21:31.648 | INFO     | winwatt_automation.live_ui.app_connector:_resolve_uia_main_window:400 - DBG_WINWATT_RESOLVE_UIA_PRIMARY selected_payload={'title': 'WinWatt gólya - C:\\Users\\Admin\\Documents\\GitHub\\autowinwatt\\winwatt_automation\\tests\\testwwp.wwp', 'window_text': 'WinWatt gólya - C:\\Users\\Admin\\Documents\\GitHub\\autowinwatt\\winwatt_automation\\tests\\testwwp.wwp', 'class_name': 'TMainForm', 'control_type': None, 'process_id': 13928, 'handle': None, 'is_visible': True, 'is_enabled': True, 'rectangle': {'left': -10, 'top': -10, 'right': 1930, 'bottom': 1030, 'width': 1940, 'height': 1040}, 'size': {'width': 1940, 'height': 1040}} primary_result={'wrapper_type': 'UIAWrapper', 'handle': 1837942, 'process_id': 13928, 'title': 'WinWatt gólya - C:\\Users\\Admin\\Documents\\GitHub\\autowinwatt\\winwatt_automation\\tests\\testwwp.wwp', 'class_name': 'TMainForm', 'control_type': 'Window'} identity_match_with_win32=None
2026-08-25 22:21:31.660 | WARNING  | winwatt_automation.live_ui.app_connector:ensure_main_window_foreground_before_click:1216 - DBG_WINWATT_FOCUS_GUARD_STALE_REFRESH_CONTINUE action_label=click_structured_popup_row[0] reason=stale_wrapper_relaxed_foreground_identity_pass relaxed_pass=True relaxed_pass_reason=identity_foreground_visible_enabled_match cached_identity={'wrapper_type': 'UIAWrapper', 'handle': 1837942, 'process_id': 13928, 'title': 'WinWatt gólya - C:\\Users\\Admin\\Documents\\GitHub\\autowinwatt\\winwatt_automation\\tests\\testwwp.wwp', 'class_name': 'TMainForm', 'control_type': 'Window'} refreshed_identity={'wrapper_type': 'UIAWrapper', 'handle': 1837942, 'process_id': 13928, 'title': 'WinWatt gólya - C:\\Users\\Admin\\Documents\\GitHub\\autowinwatt\\winwatt_automation\\tests\\testwwp.wwp', 'class_name': 'TMainForm', 'control_type': 'Window'} cached_rect={'left': -10, 'top': -10, 'right': 1930, 'bottom': 1030, 'width': 1940, 'height': 1040} refreshed_rect={'left': -10, 'top': -10, 'right': 1930, 'bottom': 1030, 'width': 1940, 'height': 1040} foreground={'handle': 1837942, 'title': 'WinWatt gólya - C:\\Users\\Admin\\Documents\\GitHub\\autowinwatt\\winwatt_automation\\tests\\testwwp.wwp', 'class_name': 'TMainForm', 'process_id': 13928}
2026-08-25 22:21:31.664 | INFO     | winwatt_automation.live_ui.app_connector:is_winwatt_foreground_context:1123 - DBG_WINWATT_FOREGROUND_CONTEXT expected_handle=1837942 expected_process_id=13928 expected_title=WinWatt gólya - C:\Users\Admin\Documents\GitHub\autowinwatt\winwatt_automation\tests\testwwp.wwp expected_class_name=TMainForm actual_foreground_handle=1837942 actual_foreground_process_id=13928 actual_foreground_title=WinWatt gólya - C:\Users\Admin\Documents\GitHub\autowinwatt\winwatt_automation\tests\testwwp.wwp actual_foreground_class_name=TMainForm allow_dialog=True result_reason=handle_match
2026-08-25 22:21:31.664 | INFO     | winwatt_automation.live_ui.app_connector:ensure_main_window_foreground_before_click:1340 - DBG_WINWATT_FOCUS_GUARD_RESULT action_label=click_structured_popup_row[0] status=focus_ok reason=handle_match foreground={'handle': 1837942, 'title': 'WinWatt gólya - C:\\Users\\Admin\\Documents\\GitHub\\autowinwatt\\winwatt_automation\\tests\\testwwp.wwp', 'class_name': 'TMainForm', 'process_id': 13928} same_context_as_cached_main=True win32_uia_identity_match=True
2026-08-25 22:21:31.789 | INFO     | winwatt_automation.live_ui.menu_helpers:click_structured_popup_row:2238 - Popup row click: selected row index=0 selected row rectangle={'left': 4, 'top': 56, 'right': 290, 'bottom': 84} top menu clicked more than once=False
2026-08-25 22:21:32.176 | DEBUG    | winwatt_automation.live_ui.app_connector:get_cached_main_window:565 - DBG_WINWATT_CACHE_GET reason_code=cache_reused_without_validation payload={'wrapper_type': 'UIAWrapper', 'handle': 1837942, 'process_id': 13928, 'title': 'WinWatt gólya', 'class_name': 'TMainForm', 'control_type': 'Window'} last_validation_age_s=2.687999999994645 diagnostic_fast_mode=False
2026-08-25 22:21:32.176 | DEBUG    | winwatt_automation.live_ui.app_connector:get_cached_main_window:566 - DBG_PHASE_TIMING phase=get_cached_main_window elapsed_ms=391.000 reason_code=cache_reused_without_validation
2026-08-25 22:21:33.101 | DEBUG    | winwatt_automation.live_ui.app_connector:get_cached_main_window:565 - DBG_WINWATT_CACHE_GET reason_code=cache_reused_without_validation payload={'wrapper_type': 'UIAWrapper', 'handle': 1837942, 'process_id': 13928, 'title': 'WinWatt gólya', 'class_name': 'TMainForm', 'control_type': 'Window'} last_validation_age_s=3.98499999998603 diagnostic_fast_mode=False
2026-08-25 22:21:33.101 | DEBUG    | winwatt_automation.live_ui.app_connector:get_cached_main_window:566 - DBG_PHASE_TIMING phase=get_cached_main_window elapsed_ms=15.000 reason_code=cache_reused_without_validation
2026-08-25 22:21:33.101 | INFO     | winwatt_automation.live_ui.app_connector:is_winwatt_foreground_context:1123 - DBG_WINWATT_FOREGROUND_CONTEXT expected_handle=1837942 expected_process_id=13928 expected_title=WinWatt gólya expected_class_name=TMainForm actual_foreground_handle=789596 actual_foreground_process_id=13928 actual_foreground_title=Projekt létrehozása actual_foreground_class_name=#32770 allow_dialog=True result_reason=pid_match_allow_dialog
2026-08-25 22:21:33.101 | INFO     | winwatt_automation.live_ui.app_connector:_cached_window_health_status:489 - DBG_WINWATT_CACHE_HEALTH reason_code=healthy payload={'wrapper_type': 'UIAWrapper', 'handle': 1837942, 'process_id': 13928, 'title': 'WinWatt gólya', 'class_name': 'TMainForm', 'control_type': 'Window'}
2026-08-25 22:21:33.101 | DEBUG    | winwatt_automation.live_ui.app_connector:get_cached_main_window:574 - DBG_WINWATT_CACHE_GET reason_code=cache_validated_ok payload={'wrapper_type': 'UIAWrapper', 'handle': 1837942, 'process_id': 13928, 'title': 'WinWatt gólya', 'class_name': 'TMainForm', 'control_type': 'Window'} last_validation_age_s=4.0 diagnostic_fast_mode=False
2026-08-25 22:21:33.101 | DEBUG    | winwatt_automation.live_ui.app_connector:get_cached_main_window:575 - DBG_PHASE_TIMING phase=get_cached_main_window elapsed_ms=0.000 reason_code=cache_validated_ok
2026-08-25 22:21:33.323 | INFO     | winwatt_automation.live_ui.menu_helpers:_menu_items:1101 - DBG_MENU_ITEMS_SUMMARY total_items=7 visible_items=7 topbar_band=(0, 0, 409, 53) topbar_band_visible_count=7 popup_region_visible_count=0 force_refresh=False handle=1837942
2026-08-25 22:21:33.323 | DEBUG    | winwatt_automation.live_ui.menu_helpers:_menu_items:1111 - Discovered 7 MenuItem controls
2026-08-25 22:21:33.323 | DEBUG    | winwatt_automation.live_ui.menu_helpers:_log_phase_timing:83 - DBG_PHASE_TIMING phase=_menu_items elapsed_ms=234.000 force_refresh=False total_items=7 visible_items=7
2026-08-25 22:21:33.323 | DEBUG    | winwatt_automation.live_ui.menu_helpers:_log_popup_fragment:499 - DBG_MENU_FRAGMENT_MAIN_WINDOW source_scope=main_window control_type=MenuItem class_name= text='Rendszer' rectangle={'left': 0, 'top': 0, 'right': 28, 'bottom': 28} center=(14, 14) process_id=13928 native_handle=None topbar_candidate=True popup_candidate=False
2026-08-25 22:21:33.329 | DEBUG    | winwatt_automation.live_ui.menu_helpers:_log_popup_fragment:499 - DBG_MENU_FRAGMENT_MAIN_WINDOW source_scope=main_window control_type=MenuItem class_name= text='Fájl' rectangle={'left': 0, 'top': 29, 'right': 40, 'bottom': 53} center=(20, 41) process_id=13928 native_handle=None topbar_candidate=True popup_candidate=False
2026-08-25 22:21:33.329 | DEBUG    | winwatt_automation.live_ui.menu_helpers:_log_popup_fragment:499 - DBG_MENU_FRAGMENT_MAIN_WINDOW source_scope=main_window control_type=MenuItem class_name= text='Jegyzékek' rectangle={'left': 40, 'top': 29, 'right': 123, 'bottom': 53} center=(81, 41) process_id=13928 native_handle=None topbar_candidate=True popup_candidate=False
2026-08-25 22:21:33.329 | DEBUG    | winwatt_automation.live_ui.menu_helpers:_log_popup_fragment:499 - DBG_MENU_FRAGMENT_MAIN_WINDOW source_scope=main_window control_type=MenuItem class_name= text='Adatbázis...' rectangle={'left': 123, 'top': 29, 'right': 216, 'bottom': 53} center=(169, 41) process_id=13928 native_handle=None topbar_candidate=True popup_candidate=False
2026-08-25 22:21:33.331 | DEBUG    | winwatt_automation.live_ui.menu_helpers:_log_popup_fragment:499 - DBG_MENU_FRAGMENT_MAIN_WINDOW source_scope=main_window control_type=MenuItem class_name= text='Beállítások' rectangle={'left': 215, 'top': 29, 'right': 303, 'bottom': 53} center=(259, 41) process_id=13928 native_handle=None topbar_candidate=True popup_candidate=False
2026-08-25 22:21:33.331 | DEBUG    | winwatt_automation.live_ui.menu_helpers:_log_popup_fragment:499 - DBG_MENU_FRAGMENT_MAIN_WINDOW source_scope=main_window control_type=MenuItem class_name= text='Ablak' rectangle={'left': 303, 'top': 29, 'right': 358, 'bottom': 53} center=(330, 41) process_id=13928 native_handle=None topbar_candidate=True popup_candidate=False
2026-08-25 22:21:33.331 | DEBUG    | winwatt_automation.live_ui.menu_helpers:_log_popup_fragment:499 - DBG_MENU_FRAGMENT_MAIN_WINDOW source_scope=main_window control_type=MenuItem class_name= text='Súgó' rectangle={'left': 358, 'top': 29, 'right': 409, 'bottom': 53} center=(383, 41) process_id=13928 native_handle=None topbar_candidate=True popup_candidate=False
2026-08-25 22:21:33.331 | DEBUG    | winwatt_automation.live_ui.menu_helpers:_menu_like_controls_from_main_window:1599 - DBG_MENU_FRAGMENT_SOURCE_SUMMARY source_scope=main_window count=7
2026-08-25 22:21:33.335 | DEBUG    | winwatt_automation.live_ui.app_connector:get_cached_main_window:565 - DBG_WINWATT_CACHE_GET reason_code=cache_reused_without_validation payload={'wrapper_type': 'UIAWrapper', 'handle': 1837942, 'process_id': 13928, 'title': 'WinWatt gólya', 'class_name': 'TMainForm', 'control_type': 'Window'} last_validation_age_s=0.23499999998603016 diagnostic_fast_mode=False
2026-08-25 22:21:33.335 | DEBUG    | winwatt_automation.live_ui.app_connector:get_cached_main_window:566 - DBG_PHASE_TIMING phase=get_cached_main_window elapsed_ms=0.000 reason_code=cache_reused_without_validation
2026-08-25 22:21:33.339 | DEBUG    | winwatt_automation.live_ui.app_connector:get_cached_main_window:565 - DBG_WINWATT_CACHE_GET reason_code=cache_reused_without_validation payload={'wrapper_type': 'UIAWrapper', 'handle': 1837942, 'process_id': 13928, 'title': 'WinWatt gólya', 'class_name': 'TMainForm', 'control_type': 'Window'} last_validation_age_s=0.23499999998603016 diagnostic_fast_mode=False
2026-08-25 22:21:33.339 | DEBUG    | winwatt_automation.live_ui.app_connector:get_cached_main_window:566 - DBG_PHASE_TIMING phase=get_cached_main_window elapsed_ms=0.000 reason_code=cache_reused_without_validation
2026-08-25 22:21:33.840 | DEBUG    | winwatt_automation.live_ui.menu_helpers:_log_popup_fragment:499 - DBG_MENU_FRAGMENT_GLOBAL_SCAN source_scope=global_process_scan control_type=MenuItem class_name= text='Rendszer' rectangle={'left': 970, 'top': 388, 'right': 998, 'bottom': 416} center=(984, 402) process_id=13928 native_handle=None topbar_candidate=False popup_candidate=True
2026-08-25 22:21:33.885 | DEBUG    | winwatt_automation.live_ui.menu_helpers:_log_popup_fragment:499 - DBG_MENU_FRAGMENT_GLOBAL_SCAN source_scope=global_process_scan control_type=MenuItem class_name= text='Rendszer' rectangle={'left': 0, 'top': 0, 'right': 28, 'bottom': 28} center=(14, 14) process_id=13928 native_handle=None topbar_candidate=True popup_candidate=False
2026-08-25 22:21:33.885 | DEBUG    | winwatt_automation.live_ui.menu_helpers:_log_popup_fragment:499 - DBG_MENU_FRAGMENT_GLOBAL_SCAN source_scope=global_process_scan control_type=MenuItem class_name= text='Fájl' rectangle={'left': 0, 'top': 29, 'right': 40, 'bottom': 53} center=(20, 41) process_id=13928 native_handle=None topbar_candidate=True popup_candidate=False
2026-08-25 22:21:33.886 | DEBUG    | winwatt_automation.live_ui.menu_helpers:_log_popup_fragment:499 - DBG_MENU_FRAGMENT_GLOBAL_SCAN source_scope=global_process_scan control_type=MenuItem class_name= text='Jegyzékek' rectangle={'left': 40, 'top': 29, 'right': 123, 'bottom': 53} center=(81, 41) process_id=13928 native_handle=None topbar_candidate=True popup_candidate=False
2026-08-25 22:21:33.886 | DEBUG    | winwatt_automation.live_ui.menu_helpers:_log_popup_fragment:499 - DBG_MENU_FRAGMENT_GLOBAL_SCAN source_scope=global_process_scan control_type=MenuItem class_name= text='Adatbázis...' rectangle={'left': 123, 'top': 29, 'right': 216, 'bottom': 53} center=(169, 41) process_id=13928 native_handle=None topbar_candidate=True popup_candidate=False
2026-08-25 22:21:33.886 | DEBUG    | winwatt_automation.live_ui.menu_helpers:_log_popup_fragment:499 - DBG_MENU_FRAGMENT_GLOBAL_SCAN source_scope=global_process_scan control_type=MenuItem class_name= text='Beállítások' rectangle={'left': 215, 'top': 29, 'right': 303, 'bottom': 53} center=(259, 41) process_id=13928 native_handle=None topbar_candidate=True popup_candidate=False
2026-08-25 22:21:33.887 | DEBUG    | winwatt_automation.live_ui.menu_helpers:_log_popup_fragment:499 - DBG_MENU_FRAGMENT_GLOBAL_SCAN source_scope=global_process_scan control_type=MenuItem class_name= text='Ablak' rectangle={'left': 303, 'top': 29, 'right': 358, 'bottom': 53} center=(330, 41) process_id=13928 native_handle=None topbar_candidate=True popup_candidate=False
2026-08-25 22:21:33.887 | DEBUG    | winwatt_automation.live_ui.menu_helpers:_log_popup_fragment:499 - DBG_MENU_FRAGMENT_GLOBAL_SCAN source_scope=global_process_scan control_type=MenuItem class_name= text='Súgó' rectangle={'left': 358, 'top': 29, 'right': 409, 'bottom': 53} center=(383, 41) process_id=13928 native_handle=None topbar_candidate=True popup_candidate=False
2026-08-25 22:21:33.893 | DEBUG    | winwatt_automation.live_ui.menu_helpers:_menu_like_controls_from_global_process_scan:1631 - DBG_MENU_FRAGMENT_SOURCE_SUMMARY source_scope=global_process_scan count=8 process_id=13928
2026-08-25 22:21:33.897 | DEBUG    | winwatt_automation.live_ui.app_connector:get_cached_main_window:565 - DBG_WINWATT_CACHE_GET reason_code=cache_reused_without_validation payload={'wrapper_type': 'UIAWrapper', 'handle': 1837942, 'process_id': 13928, 'title': 'WinWatt gólya', 'class_name': 'TMainForm', 'control_type': 'Window'} last_validation_age_s=0.7969999999913853 diagnostic_fast_mode=False
2026-08-25 22:21:33.897 | DEBUG    | winwatt_automation.live_ui.app_connector:get_cached_main_window:566 - DBG_PHASE_TIMING phase=get_cached_main_window elapsed_ms=0.000 reason_code=cache_reused_without_validation
2026-08-25 22:21:34.117 | DEBUG    | winwatt_automation.live_ui.menu_helpers:capture_menu_popup_snapshot:1682 - DBG_POPUP_ROW_DEDUPE rect={'left': 0, 'top': 0, 'right': 28, 'bottom': 28} normalized_text=rendszer class_name= source_scope=main_window deduplicated=False
2026-08-25 22:21:34.117 | DEBUG    | winwatt_automation.live_ui.menu_helpers:capture_menu_popup_snapshot:1682 - DBG_POPUP_ROW_DEDUPE rect={'left': 0, 'top': 29, 'right': 40, 'bottom': 53} normalized_text=fájl class_name= source_scope=main_window deduplicated=False
2026-08-25 22:21:34.117 | DEBUG    | winwatt_automation.live_ui.menu_helpers:capture_menu_popup_snapshot:1682 - DBG_POPUP_ROW_DEDUPE rect={'left': 40, 'top': 29, 'right': 123, 'bottom': 53} normalized_text=jegyzékek class_name= source_scope=main_window deduplicated=False
2026-08-25 22:21:34.117 | DEBUG    | winwatt_automation.live_ui.menu_helpers:capture_menu_popup_snapshot:1682 - DBG_POPUP_ROW_DEDUPE rect={'left': 123, 'top': 29, 'right': 216, 'bottom': 53} normalized_text=adatbázis... class_name= source_scope=main_window deduplicated=False
2026-08-25 22:21:34.117 | DEBUG    | winwatt_automation.live_ui.menu_helpers:capture_menu_popup_snapshot:1682 - DBG_POPUP_ROW_DEDUPE rect={'left': 215, 'top': 29, 'right': 303, 'bottom': 53} normalized_text=beállítások class_name= source_scope=main_window deduplicated=False
2026-08-25 22:21:34.117 | DEBUG    | winwatt_automation.live_ui.menu_helpers:capture_menu_popup_snapshot:1682 - DBG_POPUP_ROW_DEDUPE rect={'left': 303, 'top': 29, 'right': 358, 'bottom': 53} normalized_text=ablak class_name= source_scope=main_window deduplicated=False
2026-08-25 22:21:34.117 | DEBUG    | winwatt_automation.live_ui.menu_helpers:capture_menu_popup_snapshot:1682 - DBG_POPUP_ROW_DEDUPE rect={'left': 358, 'top': 29, 'right': 409, 'bottom': 53} normalized_text=súgó class_name= source_scope=main_window deduplicated=False
2026-08-25 22:21:34.117 | DEBUG    | winwatt_automation.live_ui.menu_helpers:capture_menu_popup_snapshot:1682 - DBG_POPUP_ROW_DEDUPE rect={'left': 970, 'top': 388, 'right': 998, 'bottom': 416} normalized_text=rendszer class_name= source_scope=global_process_scan deduplicated=False
2026-08-25 22:21:34.117 | DEBUG    | winwatt_automation.live_ui.menu_helpers:capture_menu_popup_snapshot:1682 - DBG_POPUP_ROW_DEDUPE rect={'left': 0, 'top': 0, 'right': 28, 'bottom': 28} normalized_text=rendszer class_name= source_scope=global_process_scan deduplicated=False
2026-08-25 22:21:34.117 | DEBUG    | winwatt_automation.live_ui.menu_helpers:capture_menu_popup_snapshot:1682 - DBG_POPUP_ROW_DEDUPE rect={'left': 0, 'top': 29, 'right': 40, 'bottom': 53} normalized_text=fájl class_name= source_scope=global_process_scan deduplicated=False
2026-08-25 22:21:34.117 | DEBUG    | winwatt_automation.live_ui.menu_helpers:capture_menu_popup_snapshot:1682 - DBG_POPUP_ROW_DEDUPE rect={'left': 40, 'top': 29, 'right': 123, 'bottom': 53} normalized_text=jegyzékek class_name= source_scope=global_process_scan deduplicated=False
2026-08-25 22:21:34.117 | DEBUG    | winwatt_automation.live_ui.menu_helpers:capture_menu_popup_snapshot:1682 - DBG_POPUP_ROW_DEDUPE rect={'left': 123, 'top': 29, 'right': 216, 'bottom': 53} normalized_text=adatbázis... class_name= source_scope=global_process_scan deduplicated=False
2026-08-25 22:21:34.117 | DEBUG    | winwatt_automation.live_ui.menu_helpers:capture_menu_popup_snapshot:1682 - DBG_POPUP_ROW_DEDUPE rect={'left': 215, 'top': 29, 'right': 303, 'bottom': 53} normalized_text=beállítások class_name= source_scope=global_process_scan deduplicated=False
2026-08-25 22:21:34.117 | DEBUG    | winwatt_automation.live_ui.menu_helpers:capture_menu_popup_snapshot:1682 - DBG_POPUP_ROW_DEDUPE rect={'left': 303, 'top': 29, 'right': 358, 'bottom': 53} normalized_text=ablak class_name= source_scope=global_process_scan deduplicated=False
2026-08-25 22:21:34.117 | DEBUG    | winwatt_automation.live_ui.menu_helpers:capture_menu_popup_snapshot:1682 - DBG_POPUP_ROW_DEDUPE rect={'left': 358, 'top': 29, 'right': 409, 'bottom': 53} normalized_text=súgó class_name= source_scope=global_process_scan deduplicated=False
2026-08-25 22:21:34.117 | INFO     | winwatt_automation.live_ui.menu_helpers:capture_menu_popup_snapshot:1724 - POPUP_SNAPSHOT_SUMMARY main_window_fragments=7 global_scan_fragments=8 deduped_fragments=15 topbar_like=12 popup_like=1 empty_text=0 topbar_band=(0, 29, 409, 53) empty_text_vertical_cluster_detected=False accepted_popup_rows=0 popup_heuristic=candidate_count_below_threshold
2026-08-25 22:21:34.117 | DEBUG    | winwatt_automation.live_ui.menu_helpers:capture_menu_popup_snapshot:1737 - Captured menu snapshot rows=15
2026-08-25 22:21:34.117 | DEBUG    | winwatt_automation.live_ui.menu_helpers:_log_phase_timing:83 - DBG_PHASE_TIMING phase=capture_menu_popup_snapshot elapsed_ms=2328.000 main_rows=7 global_rows=8 unique_rows=15 diagnostic_fast_mode=False
2026-08-25 22:21:34.117 | INFO     | winwatt_automation.runtime_mapping.program_mapper:explore_menu_tree:3897 - DBG_POST_ACTION_POPUP_VISIBILITY state=project_open path=['Fájl', 'Végrehajtás'] popup_visible_count=1 topbar_visible_count=12 snapshot_rows=15 placeholder=False
2026-08-25 22:21:34.117 | DEBUG    | winwatt_automation.runtime_mapping.menu_text:normalize_menu_title:31 - normalize_menu_title ellipsis_handled raw="Adatbázis..." normalized="adatbázis"
2026-08-25 22:21:34.117 | DEBUG    | winwatt_automation.runtime_mapping.menu_text:normalize_menu_title:31 - normalize_menu_title ellipsis_handled raw="Adatbázis..." normalized="adatbázis"
2026-08-25 22:21:34.133 | INFO     | winwatt_automation.runtime_mapping.program_mapper:_safe_depth_decision:1721 - SAFE_DEPTH_BLOCKED state=project_open path=['Fájl', 'Végrehajtás'] current_depth=1 max_depth=2 action_state_classification=executes_command reason=non_submenu_branch
2026-08-25 22:21:34.133 | DEBUG    | winwatt_automation.runtime_mapping.program_mapper:_row_to_node:812 - RAW_MENU_TITLE="Végrehajtás" NORMALIZED_MENU_TITLE="végrehajtás"
2026-08-25 22:21:34.133 | DEBUG    | winwatt_automation.runtime_mapping.program_mapper:_row_to_node:875 - _row_to_node state=project_open top_menu=Fájl level=1 index=0 title=Végrehajtás placeholder=False classification=skipped_by_safety
2026-08-25 22:21:34.133 | DEBUG    | winwatt_automation.runtime_mapping.program_mapper:_log_phase_timing:281 - DBG_PHASE_TIMING phase=_row_to_node elapsed_ms=0.000 top_menu=Fájl level=1 index=0 title=Végrehajtás placeholder=False
2026-08-25 22:21:34.133 | DEBUG    | winwatt_automation.live_ui.app_connector:get_cached_main_window:565 - DBG_WINWATT_CACHE_GET reason_code=cache_reused_without_validation payload={'wrapper_type': 'UIAWrapper', 'handle': 1837942, 'process_id': 13928, 'title': 'WinWatt gólya', 'class_name': 'TMainForm', 'control_type': 'Window'} last_validation_age_s=1.0320000000065193 diagnostic_fast_mode=False
2026-08-25 22:21:34.133 | DEBUG    | winwatt_automation.live_ui.app_connector:get_cached_main_window:566 - DBG_PHASE_TIMING phase=get_cached_main_window elapsed_ms=0.000 reason_code=cache_reused_without_validation
2026-08-25 22:21:34.308 | DEBUG    | winwatt_automation.live_ui.app_connector:get_cached_main_window:565 - DBG_WINWATT_CACHE_GET reason_code=cache_reused_without_validation payload={'wrapper_type': 'UIAWrapper', 'handle': 1837942, 'process_id': 13928, 'title': 'WinWatt gólya', 'class_name': 'TMainForm', 'control_type': 'Window'} last_validation_age_s=1.2039999999979045 diagnostic_fast_mode=False
2026-08-25 22:21:34.308 | DEBUG    | winwatt_automation.live_ui.app_connector:get_cached_main_window:566 - DBG_PHASE_TIMING phase=get_cached_main_window elapsed_ms=0.000 reason_code=cache_reused_without_validation
2026-08-25 22:21:34.308 | DEBUG    | winwatt_automation.live_ui.app_connector:get_cached_main_window:565 - DBG_WINWATT_CACHE_GET reason_code=cache_reused_without_validation payload={'wrapper_type': 'UIAWrapper', 'handle': 1837942, 'process_id': 13928, 'title': 'WinWatt gólya', 'class_name': 'TMainForm', 'control_type': 'Window'} last_validation_age_s=1.2039999999979045 diagnostic_fast_mode=False
2026-08-25 22:21:34.308 | DEBUG    | winwatt_automation.live_ui.app_connector:get_cached_main_window:566 - DBG_PHASE_TIMING phase=get_cached_main_window elapsed_ms=0.000 reason_code=cache_reused_without_validation
2026-08-25 22:21:34.696 | INFO     | winwatt_automation.live_ui.menu_helpers:_menu_items:1101 - DBG_MENU_ITEMS_SUMMARY total_items=7 visible_items=7 topbar_band=(0, 0, 409, 53) topbar_band_visible_count=7 popup_region_visible_count=0 force_refresh=True handle=1837942
2026-08-25 22:21:34.696 | DEBUG    | winwatt_automation.live_ui.menu_helpers:_menu_items:1111 - Discovered 7 MenuItem controls
2026-08-25 22:21:34.696 | DEBUG    | winwatt_automation.live_ui.menu_helpers:_log_phase_timing:83 - DBG_PHASE_TIMING phase=_menu_items elapsed_ms=390.000 force_refresh=True total_items=7 visible_items=7
2026-08-25 22:21:34.734 | INFO     | winwatt_automation.live_ui.menu_helpers:list_top_menu_items:1141 - Top-level menu items (raw): ['Rendszer', 'Fájl', 'Jegyzékek', 'Adatbázis...', 'Beállítások', 'Ablak', 'Súgó']
2026-08-25 22:21:34.734 | DEBUG    | winwatt_automation.live_ui.menu_helpers:_log_phase_timing:83 - DBG_PHASE_TIMING phase=list_top_menu_items elapsed_ms=437.000 count=7
2026-08-25 22:21:34.734 | INFO     | winwatt_automation.runtime_mapping.program_mapper:_evaluate_action_admission:1969 - ACTION_ADMISSION_REJECTED top_menu=Fájl path=['Fájl', 'Végrehajtás'] traversal_depth=1 reason=legacy_text_only_without_interaction_evidence classification=executes_command result_type=no_observable_effect placeholder=False text_confidence=medium raw_text_sources=['legacy_text'] skip_reason=None
2026-08-25 22:21:34.734 | INFO     | winwatt_automation.runtime_mapping.program_mapper:_evaluate_action_admission:1982 - ACTION_STRUCTURE_ONLY_ROW top_menu=Fájl path=['Fájl', 'Végrehajtás'] traversal_depth=1 reason=legacy_text_only_without_interaction_evidence
2026-08-25 22:21:34.738 | DEBUG    | winwatt_automation.live_ui.app_connector:get_cached_main_window:565 - DBG_WINWATT_CACHE_GET reason_code=cache_reused_without_validation payload={'wrapper_type': 'UIAWrapper', 'handle': 1837942, 'process_id': 13928, 'title': 'WinWatt gólya', 'class_name': 'TMainForm', 'control_type': 'Window'} last_validation_age_s=1.6410000000032596 diagnostic_fast_mode=False
2026-08-25 22:21:34.738 | DEBUG    | winwatt_automation.live_ui.app_connector:get_cached_main_window:566 - DBG_PHASE_TIMING phase=get_cached_main_window elapsed_ms=0.000 reason_code=cache_reused_without_validation
2026-08-25 22:21:34.918 | DEBUG    | winwatt_automation.live_ui.app_connector:get_cached_main_window:565 - DBG_WINWATT_CACHE_GET reason_code=cache_reused_without_validation payload={'wrapper_type': 'UIAWrapper', 'handle': 1837942, 'process_id': 13928, 'title': 'WinWatt gólya', 'class_name': 'TMainForm', 'control_type': 'Window'} last_validation_age_s=1.812999999994645 diagnostic_fast_mode=False
2026-08-25 22:21:34.918 | DEBUG    | winwatt_automation.live_ui.app_connector:get_cached_main_window:566 - DBG_PHASE_TIMING phase=get_cached_main_window elapsed_ms=0.000 reason_code=cache_reused_without_validation
2026-08-25 22:21:34.921 | DEBUG    | winwatt_automation.live_ui.app_connector:get_cached_main_window:565 - DBG_WINWATT_CACHE_GET reason_code=cache_reused_without_validation payload={'wrapper_type': 'UIAWrapper', 'handle': 1837942, 'process_id': 13928, 'title': 'WinWatt gólya', 'class_name': 'TMainForm', 'control_type': 'Window'} last_validation_age_s=1.812999999994645 diagnostic_fast_mode=False
2026-08-25 22:21:34.921 | DEBUG    | winwatt_automation.live_ui.app_connector:get_cached_main_window:566 - DBG_PHASE_TIMING phase=get_cached_main_window elapsed_ms=16.000 reason_code=cache_reused_without_validation
2026-08-25 22:21:35.296 | INFO     | winwatt_automation.live_ui.menu_helpers:_menu_items:1101 - DBG_MENU_ITEMS_SUMMARY total_items=7 visible_items=7 topbar_band=(0, 0, 409, 53) topbar_band_visible_count=7 popup_region_visible_count=0 force_refresh=True handle=1837942
2026-08-25 22:21:35.296 | DEBUG    | winwatt_automation.live_ui.menu_helpers:_menu_items:1111 - Discovered 7 MenuItem controls
2026-08-25 22:21:35.296 | DEBUG    | winwatt_automation.live_ui.menu_helpers:_log_phase_timing:83 - DBG_PHASE_TIMING phase=_menu_items elapsed_ms=391.000 force_refresh=True total_items=7 visible_items=7
2026-08-25 22:21:35.335 | INFO     | winwatt_automation.live_ui.menu_helpers:list_top_menu_items:1141 - Top-level menu items (raw): ['Rendszer', 'Fájl', 'Jegyzékek', 'Adatbázis...', 'Beállítások', 'Ablak', 'Súgó']
2026-08-25 22:21:35.335 | DEBUG    | winwatt_automation.live_ui.menu_helpers:_log_phase_timing:83 - DBG_PHASE_TIMING phase=list_top_menu_items elapsed_ms=422.000 count=7
2026-08-25 22:21:35.335 | INFO     | winwatt_automation.runtime_mapping.program_mapper:_run_action_evidence_probe:2983 - ACTION_EVIDENCE_PROBE_START state=project_open top_menu=Fájl path=['Fájl', 'Végrehajtás'] row_index=0 rejection_reason=None
2026-08-25 22:21:35.335 | INFO     | winwatt_automation.runtime_mapping.program_mapper:_activate_row_for_exploration:1275 - DBG_PLACEHOLDER_TRAVERSAL_CANDIDATE path=['Fájl', 'Végrehajtás'] row_index=0 placeholder=False action_type=click source_scope=main_window meta={'popup_block_classification': 'normal_popup', 'recent_projects_block': False, 'recent_project_entry': False, 'stateful_menu_block': False, 'deduped_row_indices': [0, 12], 'action_discovery': {'classification': 'no_observable_effect', 'policy': {'treat_as_navigation': False, 'expand_children': False, 'retry_on_next_pass': False}}} popup_visible_count=24 topbar_visible_count=0 diagnostic_fast_mode=False
2026-08-25 22:21:35.335 | INFO     | winwatt_automation.runtime_mapping.program_mapper:_activate_row_for_exploration:1292 - DBG_PLACEHOLDER_TRAVERSAL_DECISION path=['Fájl', 'Végrehajtás'] decision=click_structured_row action_type=click source_scope=main_window popup_visible_count=24 popup_rows_count=24 meta_source=main_window click_strategy=None
2026-08-25 22:21:35.335 | DEBUG    | winwatt_automation.live_ui.app_connector:get_cached_main_window:565 - DBG_WINWATT_CACHE_GET reason_code=cache_reused_without_validation payload={'wrapper_type': 'UIAWrapper', 'handle': 1837942, 'process_id': 13928, 'title': 'WinWatt gólya', 'class_name': 'TMainForm', 'control_type': 'Window'} last_validation_age_s=2.23499999998603 diagnostic_fast_mode=False
2026-08-25 22:21:35.335 | DEBUG    | winwatt_automation.live_ui.app_connector:get_cached_main_window:566 - DBG_PHASE_TIMING phase=get_cached_main_window elapsed_ms=0.000 reason_code=cache_reused_without_validation
2026-08-25 22:21:35.335 | INFO     | winwatt_automation.live_ui.app_connector:ensure_main_window_foreground_before_click:1179 - DBG_WINWATT_FOCUS_GUARD_PRECHECK action_label=click_structured_popup_row[0] wrapper_type=UIAWrapper cached_handle=1837942 cached_pid=13928 cached_title=WinWatt gólya cached_class=TMainForm precheck_exists=False precheck_visible=True precheck_enabled=False rect={'left': -10, 'top': -10, 'right': 1930, 'bottom': 1030, 'width': 1940, 'height': 1040}
2026-08-25 22:21:35.335 | ERROR    | winwatt_automation.live_ui.app_connector:ensure_main_window_foreground_before_click:1295 - DBG_WINWATT_FOCUS_GUARD_HARD_FAIL action_label=click_structured_popup_row[0] reason=exists_false identity_reasons=['handle', 'process_id', 'title', 'class_name', 'rect', 'visible'] cached_identity={'wrapper_type': 'UIAWrapper', 'handle': 1837942, 'process_id': 13928, 'title': 'WinWatt gólya', 'class_name': 'TMainForm', 'control_type': 'Window'} rect={'left': -10, 'top': -10, 'right': 1930, 'bottom': 1030, 'width': 1940, 'height': 1040} refresh_diagnostic={'action_label': 'click_structured_popup_row[0]', 'cached_identity': {'wrapper_type': 'UIAWrapper', 'handle': 1837942, 'process_id': 13928, 'title': 'WinWatt gólya', 'class_name': 'TMainForm', 'control_type': 'Window'}, 'cached_rect': {'left': -10, 'top': -10, 'right': 1930, 'bottom': 1030, 'width': 1940, 'height': 1040}, 'visible': True, 'enabled': False, 'refresh_attempted': False, 'refresh_permitted': True, 'reason': 'cached_window_not_ready'}
2026-08-25 22:21:35.335 | INFO     | winwatt_automation.runtime_mapping.program_mapper:_activate_row_for_exploration:1316 - DBG_WINWATT_STRUCTURED_ROW_CLICK_EXCEPTION exception_class=FocusGuardError exception_message=focus_not_restored: main window no longer exists before action=click_structured_popup_row[0] current_path=['Fájl', 'Végrehajtás'] fallback_to_hover=True popup_rows_count=24
2026-08-25 22:21:35.335 | DEBUG    | winwatt_automation.runtime_mapping.program_mapper:_activate_row_for_exploration:1323 - structured row click failed; fallback to hover path=['Fájl', 'Végrehajtás'] error=focus_not_restored: main window no longer exists before action=click_structured_popup_row[0]
2026-08-25 22:21:35.448 | DEBUG    | winwatt_automation.live_ui.app_connector:get_cached_main_window:565 - DBG_WINWATT_CACHE_GET reason_code=cache_reused_without_validation payload={'wrapper_type': 'UIAWrapper', 'handle': 1837942, 'process_id': 13928, 'title': 'WinWatt gólya', 'class_name': 'TMainForm', 'control_type': 'Window'} last_validation_age_s=2.3440000000118744 diagnostic_fast_mode=False
2026-08-25 22:21:35.448 | DEBUG    | winwatt_automation.live_ui.app_connector:get_cached_main_window:566 - DBG_PHASE_TIMING phase=get_cached_main_window elapsed_ms=0.000 reason_code=cache_reused_without_validation
2026-08-25 22:21:35.511 | DEBUG    | winwatt_automation.live_ui.app_connector:get_cached_main_window:565 - DBG_WINWATT_CACHE_GET reason_code=cache_reused_without_validation payload={'wrapper_type': 'UIAWrapper', 'handle': 1837942, 'process_id': 13928, 'title': 'WinWatt gólya', 'class_name': 'TMainForm', 'control_type': 'Window'} last_validation_age_s=2.4070000000065193 diagnostic_fast_mode=False
2026-08-25 22:21:35.511 | DEBUG    | winwatt_automation.live_ui.app_connector:get_cached_main_window:566 - DBG_PHASE_TIMING phase=get_cached_main_window elapsed_ms=0.000 reason_code=cache_reused_without_validation
2026-08-25 22:21:35.514 | DEBUG    | winwatt_automation.live_ui.app_connector:get_cached_main_window:565 - DBG_WINWATT_CACHE_GET reason_code=cache_reused_without_validation payload={'wrapper_type': 'UIAWrapper', 'handle': 1837942, 'process_id': 13928, 'title': 'WinWatt gólya', 'class_name': 'TMainForm', 'control_type': 'Window'} last_validation_age_s=2.4070000000065193 diagnostic_fast_mode=False
2026-08-25 22:21:35.514 | DEBUG    | winwatt_automation.live_ui.app_connector:get_cached_main_window:566 - DBG_PHASE_TIMING phase=get_cached_main_window elapsed_ms=15.000 reason_code=cache_reused_without_validation
2026-08-25 22:21:35.517 | INFO     | winwatt_automation.live_ui.menu_helpers:_menu_items:1101 - DBG_MENU_ITEMS_SUMMARY total_items=7 visible_items=7 topbar_band=(0, 0, 409, 53) topbar_band_visible_count=7 popup_region_visible_count=0 force_refresh=False handle=1837942
2026-08-25 22:21:35.517 | DEBUG    | winwatt_automation.live_ui.menu_helpers:_menu_items:1111 - Discovered 7 MenuItem controls
2026-08-25 22:21:35.517 | DEBUG    | winwatt_automation.live_ui.menu_helpers:_log_phase_timing:83 - DBG_PHASE_TIMING phase=_menu_items elapsed_ms=15.000 force_refresh=False total_items=7 visible_items=7
2026-08-25 22:21:35.519 | DEBUG    | winwatt_automation.live_ui.menu_helpers:_log_popup_fragment:499 - DBG_MENU_FRAGMENT_MAIN_WINDOW source_scope=main_window control_type=MenuItem class_name= text='Rendszer' rectangle={'left': 0, 'top': 0, 'right': 28, 'bottom': 28} center=(14, 14) process_id=13928 native_handle=None topbar_candidate=True popup_candidate=False
2026-08-25 22:21:35.519 | DEBUG    | winwatt_automation.live_ui.menu_helpers:_log_popup_fragment:499 - DBG_MENU_FRAGMENT_MAIN_WINDOW source_scope=main_window control_type=MenuItem class_name= text='Fájl' rectangle={'left': 0, 'top': 29, 'right': 40, 'bottom': 53} center=(20, 41) process_id=13928 native_handle=None topbar_candidate=True popup_candidate=False
2026-08-25 22:21:35.520 | DEBUG    | winwatt_automation.live_ui.menu_helpers:_log_popup_fragment:499 - DBG_MENU_FRAGMENT_MAIN_WINDOW source_scope=main_window control_type=MenuItem class_name= text='Jegyzékek' rectangle={'left': 40, 'top': 29, 'right': 123, 'bottom': 53} center=(81, 41) process_id=13928 native_handle=None topbar_candidate=True popup_candidate=False
2026-08-25 22:21:35.521 | DEBUG    | winwatt_automation.live_ui.menu_helpers:_log_popup_fragment:499 - DBG_MENU_FRAGMENT_MAIN_WINDOW source_scope=main_window control_type=MenuItem class_name= text='Adatbázis...' rectangle={'left': 123, 'top': 29, 'right': 216, 'bottom': 53} center=(169, 41) process_id=13928 native_handle=None topbar_candidate=True popup_candidate=False
2026-08-25 22:21:35.522 | DEBUG    | winwatt_automation.live_ui.menu_helpers:_log_popup_fragment:499 - DBG_MENU_FRAGMENT_MAIN_WINDOW source_scope=main_window control_type=MenuItem class_name= text='Beállítások' rectangle={'left': 215, 'top': 29, 'right': 303, 'bottom': 53} center=(259, 41) process_id=13928 native_handle=None topbar_candidate=True popup_candidate=False
2026-08-25 22:21:35.524 | DEBUG    | winwatt_automation.live_ui.menu_helpers:_log_popup_fragment:499 - DBG_MENU_FRAGMENT_MAIN_WINDOW source_scope=main_window control_type=MenuItem class_name= text='Ablak' rectangle={'left': 303, 'top': 29, 'right': 358, 'bottom': 53} center=(330, 41) process_id=13928 native_handle=None topbar_candidate=True popup_candidate=False
2026-08-25 22:21:35.524 | DEBUG    | winwatt_automation.live_ui.menu_helpers:_log_popup_fragment:499 - DBG_MENU_FRAGMENT_MAIN_WINDOW source_scope=main_window control_type=MenuItem class_name= text='Súgó' rectangle={'left': 358, 'top': 29, 'right': 409, 'bottom': 53} center=(383, 41) process_id=13928 native_handle=None topbar_candidate=True popup_candidate=False
2026-08-25 22:21:35.524 | DEBUG    | winwatt_automation.live_ui.menu_helpers:_menu_like_controls_from_main_window:1599 - DBG_MENU_FRAGMENT_SOURCE_SUMMARY source_scope=main_window count=7
2026-08-25 22:21:35.527 | DEBUG    | winwatt_automation.live_ui.app_connector:get_cached_main_window:565 - DBG_WINWATT_CACHE_GET reason_code=cache_reused_without_validation payload={'wrapper_type': 'UIAWrapper', 'handle': 1837942, 'process_id': 13928, 'title': 'WinWatt gólya', 'class_name': 'TMainForm', 'control_type': 'Window'} last_validation_age_s=2.4219999999913853 diagnostic_fast_mode=False
2026-08-25 22:21:35.527 | DEBUG    | winwatt_automation.live_ui.app_connector:get_cached_main_window:566 - DBG_PHASE_TIMING phase=get_cached_main_window elapsed_ms=0.000 reason_code=cache_reused_without_validation
2026-08-25 22:21:35.532 | DEBUG    | winwatt_automation.live_ui.app_connector:get_cached_main_window:565 - DBG_WINWATT_CACHE_GET reason_code=cache_reused_without_validation payload={'wrapper_type': 'UIAWrapper', 'handle': 1837942, 'process_id': 13928, 'title': 'WinWatt gólya', 'class_name': 'TMainForm', 'control_type': 'Window'} last_validation_age_s=2.4219999999913853 diagnostic_fast_mode=False
2026-08-25 22:21:35.532 | DEBUG    | winwatt_automation.live_ui.app_connector:get_cached_main_window:566 - DBG_PHASE_TIMING phase=get_cached_main_window elapsed_ms=16.000 reason_code=cache_reused_without_validation
2026-08-25 22:21:36.011 | DEBUG    | winwatt_automation.live_ui.menu_helpers:_log_popup_fragment:499 - DBG_MENU_FRAGMENT_GLOBAL_SCAN source_scope=global_process_scan control_type=MenuItem class_name= text='Rendszer' rectangle={'left': 970, 'top': 388, 'right': 998, 'bottom': 416} center=(984, 402) process_id=13928 native_handle=None topbar_candidate=False popup_candidate=True
2026-08-25 22:21:36.064 | DEBUG    | winwatt_automation.live_ui.menu_helpers:_log_popup_fragment:499 - DBG_MENU_FRAGMENT_GLOBAL_SCAN source_scope=global_process_scan control_type=MenuItem class_name= text='Rendszer' rectangle={'left': 0, 'top': 0, 'right': 28, 'bottom': 28} center=(14, 14) process_id=13928 native_handle=None topbar_candidate=True popup_candidate=False
2026-08-25 22:21:36.064 | DEBUG    | winwatt_automation.live_ui.menu_helpers:_log_popup_fragment:499 - DBG_MENU_FRAGMENT_GLOBAL_SCAN source_scope=global_process_scan control_type=MenuItem class_name= text='Fájl' rectangle={'left': 0, 'top': 29, 'right': 40, 'bottom': 53} center=(20, 41) process_id=13928 native_handle=None topbar_candidate=True popup_candidate=False
2026-08-25 22:21:36.064 | DEBUG    | winwatt_automation.live_ui.menu_helpers:_log_popup_fragment:499 - DBG_MENU_FRAGMENT_GLOBAL_SCAN source_scope=global_process_scan control_type=MenuItem class_name= text='Jegyzékek' rectangle={'left': 40, 'top': 29, 'right': 123, 'bottom': 53} center=(81, 41) process_id=13928 native_handle=None topbar_candidate=True popup_candidate=False
2026-08-25 22:21:36.065 | DEBUG    | winwatt_automation.live_ui.menu_helpers:_log_popup_fragment:499 - DBG_MENU_FRAGMENT_GLOBAL_SCAN source_scope=global_process_scan control_type=MenuItem class_name= text='Adatbázis...' rectangle={'left': 123, 'top': 29, 'right': 216, 'bottom': 53} center=(169, 41) process_id=13928 native_handle=None topbar_candidate=True popup_candidate=False
2026-08-25 22:21:36.066 | DEBUG    | winwatt_automation.live_ui.menu_helpers:_log_popup_fragment:499 - DBG_MENU_FRAGMENT_GLOBAL_SCAN source_scope=global_process_scan control_type=MenuItem class_name= text='Beállítások' rectangle={'left': 215, 'top': 29, 'right': 303, 'bottom': 53} center=(259, 41) process_id=13928 native_handle=None topbar_candidate=True popup_candidate=False
2026-08-25 22:21:36.066 | DEBUG    | winwatt_automation.live_ui.menu_helpers:_log_popup_fragment:499 - DBG_MENU_FRAGMENT_GLOBAL_SCAN source_scope=global_process_scan control_type=MenuItem class_name= text='Ablak' rectangle={'left': 303, 'top': 29, 'right': 358, 'bottom': 53} center=(330, 41) process_id=13928 native_handle=None topbar_candidate=True popup_candidate=False
2026-08-25 22:21:36.067 | DEBUG    | winwatt_automation.live_ui.menu_helpers:_log_popup_fragment:499 - DBG_MENU_FRAGMENT_GLOBAL_SCAN source_scope=global_process_scan control_type=MenuItem class_name= text='Súgó' rectangle={'left': 358, 'top': 29, 'right': 409, 'bottom': 53} center=(383, 41) process_id=13928 native_handle=None topbar_candidate=True popup_candidate=False
2026-08-25 22:21:36.071 | DEBUG    | winwatt_automation.live_ui.menu_helpers:_menu_like_controls_from_global_process_scan:1631 - DBG_MENU_FRAGMENT_SOURCE_SUMMARY source_scope=global_process_scan count=8 process_id=13928
2026-08-25 22:21:36.073 | DEBUG    | winwatt_automation.live_ui.app_connector:get_cached_main_window:565 - DBG_WINWATT_CACHE_GET reason_code=cache_reused_without_validation payload={'wrapper_type': 'UIAWrapper', 'handle': 1837942, 'process_id': 13928, 'title': 'WinWatt gólya', 'class_name': 'TMainForm', 'control_type': 'Window'} last_validation_age_s=2.9690000000118744 diagnostic_fast_mode=False
2026-08-25 22:21:36.074 | DEBUG    | winwatt_automation.live_ui.app_connector:get_cached_main_window:566 - DBG_PHASE_TIMING phase=get_cached_main_window elapsed_ms=0.000 reason_code=cache_reused_without_validation
2026-08-25 22:21:36.278 | DEBUG    | winwatt_automation.live_ui.menu_helpers:capture_menu_popup_snapshot:1682 - DBG_POPUP_ROW_DEDUPE rect={'left': 0, 'top': 0, 'right': 28, 'bottom': 28} normalized_text=rendszer class_name= source_scope=main_window deduplicated=False
2026-08-25 22:21:36.278 | DEBUG    | winwatt_automation.live_ui.menu_helpers:capture_menu_popup_snapshot:1682 - DBG_POPUP_ROW_DEDUPE rect={'left': 0, 'top': 29, 'right': 40, 'bottom': 53} normalized_text=fájl class_name= source_scope=main_window deduplicated=False
2026-08-25 22:21:36.278 | DEBUG    | winwatt_automation.live_ui.menu_helpers:capture_menu_popup_snapshot:1682 - DBG_POPUP_ROW_DEDUPE rect={'left': 40, 'top': 29, 'right': 123, 'bottom': 53} normalized_text=jegyzékek class_name= source_scope=main_window deduplicated=False
2026-08-25 22:21:36.278 | DEBUG    | winwatt_automation.live_ui.menu_helpers:capture_menu_popup_snapshot:1682 - DBG_POPUP_ROW_DEDUPE rect={'left': 123, 'top': 29, 'right': 216, 'bottom': 53} normalized_text=adatbázis... class_name= source_scope=main_window deduplicated=False
2026-08-25 22:21:36.278 | DEBUG    | winwatt_automation.live_ui.menu_helpers:capture_menu_popup_snapshot:1682 - DBG_POPUP_ROW_DEDUPE rect={'left': 215, 'top': 29, 'right': 303, 'bottom': 53} normalized_text=beállítások class_name= source_scope=main_window deduplicated=False
2026-08-25 22:21:36.278 | DEBUG    | winwatt_automation.live_ui.menu_helpers:capture_menu_popup_snapshot:1682 - DBG_POPUP_ROW_DEDUPE rect={'left': 303, 'top': 29, 'right': 358, 'bottom': 53} normalized_text=ablak class_name= source_scope=main_window deduplicated=False
2026-08-25 22:21:36.278 | DEBUG    | winwatt_automation.live_ui.menu_helpers:capture_menu_popup_snapshot:1682 - DBG_POPUP_ROW_DEDUPE rect={'left': 358, 'top': 29, 'right': 409, 'bottom': 53} normalized_text=súgó class_name= source_scope=main_window deduplicated=False
2026-08-25 22:21:36.278 | DEBUG    | winwatt_automation.live_ui.menu_helpers:capture_menu_popup_snapshot:1682 - DBG_POPUP_ROW_DEDUPE rect={'left': 970, 'top': 388, 'right': 998, 'bottom': 416} normalized_text=rendszer class_name= source_scope=global_process_scan deduplicated=False
2026-08-25 22:21:36.278 | DEBUG    | winwatt_automation.live_ui.menu_helpers:capture_menu_popup_snapshot:1682 - DBG_POPUP_ROW_DEDUPE rect={'left': 0, 'top': 0, 'right': 28, 'bottom': 28} normalized_text=rendszer class_name= source_scope=global_process_scan deduplicated=False
2026-08-25 22:21:36.278 | DEBUG    | winwatt_automation.live_ui.menu_helpers:capture_menu_popup_snapshot:1682 - DBG_POPUP_ROW_DEDUPE rect={'left': 0, 'top': 29, 'right': 40, 'bottom': 53} normalized_text=fájl class_name= source_scope=global_process_scan deduplicated=False
2026-08-25 22:21:36.278 | DEBUG    | winwatt_automation.live_ui.menu_helpers:capture_menu_popup_snapshot:1682 - DBG_POPUP_ROW_DEDUPE rect={'left': 40, 'top': 29, 'right': 123, 'bottom': 53} normalized_text=jegyzékek class_name= source_scope=global_process_scan deduplicated=False
2026-08-25 22:21:36.278 | DEBUG    | winwatt_automation.live_ui.menu_helpers:capture_menu_popup_snapshot:1682 - DBG_POPUP_ROW_DEDUPE rect={'left': 123, 'top': 29, 'right': 216, 'bottom': 53} normalized_text=adatbázis... class_name= source_scope=global_process_scan deduplicated=False
2026-08-25 22:21:36.278 | DEBUG    | winwatt_automation.live_ui.menu_helpers:capture_menu_popup_snapshot:1682 - DBG_POPUP_ROW_DEDUPE rect={'left': 215, 'top': 29, 'right': 303, 'bottom': 53} normalized_text=beállítások class_name= source_scope=global_process_scan deduplicated=False
2026-08-25 22:21:36.278 | DEBUG    | winwatt_automation.live_ui.menu_helpers:capture_menu_popup_snapshot:1682 - DBG_POPUP_ROW_DEDUPE rect={'left': 303, 'top': 29, 'right': 358, 'bottom': 53} normalized_text=ablak class_name= source_scope=global_process_scan deduplicated=False
2026-08-25 22:21:36.278 | DEBUG    | winwatt_automation.live_ui.menu_helpers:capture_menu_popup_snapshot:1682 - DBG_POPUP_ROW_DEDUPE rect={'left': 358, 'top': 29, 'right': 409, 'bottom': 53} normalized_text=súgó class_name= source_scope=global_process_scan deduplicated=False
2026-08-25 22:21:36.278 | INFO     | winwatt_automation.live_ui.menu_helpers:capture_menu_popup_snapshot:1724 - POPUP_SNAPSHOT_SUMMARY main_window_fragments=7 global_scan_fragments=8 deduped_fragments=15 topbar_like=12 popup_like=1 empty_text=0 topbar_band=(0, 29, 409, 53) empty_text_vertical_cluster_detected=False accepted_popup_rows=0 popup_heuristic=candidate_count_below_threshold
2026-08-25 22:21:36.278 | DEBUG    | winwatt_automation.live_ui.menu_helpers:capture_menu_popup_snapshot:1737 - Captured menu snapshot rows=15
2026-08-25 22:21:36.278 | DEBUG    | winwatt_automation.live_ui.menu_helpers:_log_phase_timing:83 - DBG_PHASE_TIMING phase=capture_menu_popup_snapshot elapsed_ms=828.000 main_rows=7 global_rows=8 unique_rows=15 diagnostic_fast_mode=False
2026-08-25 22:21:36.278 | DEBUG    | winwatt_automation.live_ui.app_connector:get_cached_main_window:565 - DBG_WINWATT_CACHE_GET reason_code=cache_reused_without_validation payload={'wrapper_type': 'UIAWrapper', 'handle': 1837942, 'process_id': 13928, 'title': 'WinWatt gólya', 'class_name': 'TMainForm', 'control_type': 'Window'} last_validation_age_s=3.1719999999913853 diagnostic_fast_mode=False
2026-08-25 22:21:36.278 | DEBUG    | winwatt_automation.live_ui.app_connector:get_cached_main_window:566 - DBG_PHASE_TIMING phase=get_cached_main_window elapsed_ms=0.000 reason_code=cache_reused_without_validation
2026-08-25 22:21:36.464 | DEBUG    | winwatt_automation.live_ui.app_connector:get_cached_main_window:565 - DBG_WINWATT_CACHE_GET reason_code=cache_reused_without_validation payload={'wrapper_type': 'UIAWrapper', 'handle': 1837942, 'process_id': 13928, 'title': 'WinWatt gólya', 'class_name': 'TMainForm', 'control_type': 'Window'} last_validation_age_s=3.35999999998603 diagnostic_fast_mode=False
2026-08-25 22:21:36.464 | DEBUG    | winwatt_automation.live_ui.app_connector:get_cached_main_window:566 - DBG_PHASE_TIMING phase=get_cached_main_window elapsed_ms=0.000 reason_code=cache_reused_without_validation
2026-08-25 22:21:36.468 | DEBUG    | winwatt_automation.live_ui.app_connector:get_cached_main_window:565 - DBG_WINWATT_CACHE_GET reason_code=cache_reused_without_validation payload={'wrapper_type': 'UIAWrapper', 'handle': 1837942, 'process_id': 13928, 'title': 'WinWatt gólya', 'class_name': 'TMainForm', 'control_type': 'Window'} last_validation_age_s=3.35999999998603 diagnostic_fast_mode=False
2026-08-25 22:21:36.468 | DEBUG    | winwatt_automation.live_ui.app_connector:get_cached_main_window:566 - DBG_PHASE_TIMING phase=get_cached_main_window elapsed_ms=15.000 reason_code=cache_reused_without_validation
2026-08-25 22:21:36.879 | INFO     | winwatt_automation.live_ui.menu_helpers:_menu_items:1101 - DBG_MENU_ITEMS_SUMMARY total_items=7 visible_items=7 topbar_band=(0, 0, 409, 53) topbar_band_visible_count=7 popup_region_visible_count=0 force_refresh=True handle=1837942
2026-08-25 22:21:36.879 | DEBUG    | winwatt_automation.live_ui.menu_helpers:_menu_items:1111 - Discovered 7 MenuItem controls
2026-08-25 22:21:36.879 | DEBUG    | winwatt_automation.live_ui.menu_helpers:_log_phase_timing:83 - DBG_PHASE_TIMING phase=_menu_items elapsed_ms=422.000 force_refresh=True total_items=7 visible_items=7
2026-08-25 22:21:36.911 | INFO     | winwatt_automation.live_ui.menu_helpers:list_top_menu_items:1141 - Top-level menu items (raw): ['Rendszer', 'Fájl', 'Jegyzékek', 'Adatbázis...', 'Beállítások', 'Ablak', 'Súgó']
2026-08-25 22:21:36.911 | DEBUG    | winwatt_automation.live_ui.menu_helpers:_log_phase_timing:83 - DBG_PHASE_TIMING phase=list_top_menu_items elapsed_ms=453.000 count=7
2026-08-25 22:21:36.911 | INFO     | winwatt_automation.runtime_mapping.program_mapper:_run_action_evidence_probe:3030 - ACTION_OUTCOME_RECLASSIFIED state=project_open top_menu=Fájl path=['Fájl', 'Végrehajtás'] from=no_visible_change to=child_popup_opened
2026-08-25 22:21:36.911 | INFO     | winwatt_automation.runtime_mapping.program_mapper:_run_action_evidence_probe:3031 - ACTION_EVIDENCE_PROBE_RESULT state=project_open top_menu=Fájl path=['Fájl', 'Végrehajtás'] row_index=0 result_type=child_popup_opened evidence={'popup_row_count_before': 0, 'visible_item_count_before': 0, 'foreground_title_before': 'Projekt létrehozása', 'foreground_class_before': '#32770', 'main_window_enabled_before': False, 'popup_row_count_after': 15, 'visible_item_count_after': 15, 'foreground_title_after': 'Projekt létrehozása', 'foreground_class_after': '#32770', 'main_window_enabled_after': False, 'new_dialog_detected': False, 'popup_closed': False, 'child_popup_opened': True, 'menu_selection_highlight_changed': False, 'click_exception': None, 'evidence_strength': 'strong', 'placeholder_geometry_signature': None, 'placeholder_geometry_stable': False, 'textual_child_rows_detected': True, 'popup_closed_without_dialog': False, 'popup_closed_with_foreground_change': False, 'focus_changed_without_dialog': False, 'result_type': 'child_popup_opened'}
2026-08-25 22:21:36.911 | INFO     | winwatt_automation.runtime_mapping.program_mapper:_evaluate_action_admission:1991 - ACTION_ADMISSION_ACCEPTED top_menu=Fájl path=['Fájl', 'Végrehajtás'] traversal_depth=1 reason=interaction_evidence:child_popup_opened classification=executes_command result_type=child_popup_opened placeholder=False text_confidence=medium raw_text_sources=['legacy_text'] skip_reason=None
2026-08-25 22:21:36.911 | INFO     | winwatt_automation.runtime_mapping.program_mapper:explore_menu_tree:4155 - ACTION_ADMISSION_ACCEPTED_WITH_PROBE top_menu=Fájl path=['Fájl', 'Végrehajtás'] traversal_depth=1 reason=interaction_evidence:child_popup_opened probe_result_type=child_popup_opened evidence_strength=strong
2026-08-25 22:21:36.911 | INFO     | winwatt_automation.runtime_mapping.program_mapper:_build_action_catalog_entry:1851 - ACTION_CATALOG_ENTRY state_path=['Fájl', 'Végrehajtás'] entry={'path': ['Fájl', 'Végrehajtás'], 'action_type': 'no_effect', 'action_state_classification': 'executes_command', 'opens_modal': False, 'opens_submenu': False, 'changes_menu_state': False, 'opens_project_and_changes_runtime_state': False, 'traversal_depth': 1, 'treat_as_navigation': False, 'expand_children': False, 'retry_on_next_pass': False}
2026-08-25 22:21:36.911 | DEBUG    | winwatt_automation.runtime_mapping.program_mapper:explore_menu_tree:3701 - visited path skip state=project_open path=('fájl', 'végrehajtás')
2026-08-25 22:21:36.911 | DEBUG    | winwatt_automation.runtime_mapping.program_mapper:_row_to_node:812 - RAW_MENU_TITLE="[unlabeled row 2]" NORMALIZED_MENU_TITLE="[unlabeled row 2]"
2026-08-25 22:21:36.911 | DEBUG    | winwatt_automation.runtime_mapping.program_mapper:_row_to_node:875 - _row_to_node state=project_open top_menu=Fájl level=1 index=2 title=[unlabeled row 2] placeholder=True classification=skipped_by_safety
2026-08-25 22:21:36.911 | DEBUG    | winwatt_automation.runtime_mapping.program_mapper:_log_phase_timing:281 - DBG_PHASE_TIMING phase=_row_to_node elapsed_ms=0.000 top_menu=Fájl level=1 index=2 title=[unlabeled row 2] placeholder=True
2026-08-25 22:21:36.911 | DEBUG    | winwatt_automation.live_ui.app_connector:get_cached_main_window:565 - DBG_WINWATT_CACHE_GET reason_code=cache_reused_without_validation payload={'wrapper_type': 'UIAWrapper', 'handle': 1837942, 'process_id': 13928, 'title': 'WinWatt gólya', 'class_name': 'TMainForm', 'control_type': 'Window'} last_validation_age_s=3.812999999994645 diagnostic_fast_mode=False
2026-08-25 22:21:36.911 | DEBUG    | winwatt_automation.live_ui.app_connector:get_cached_main_window:566 - DBG_PHASE_TIMING phase=get_cached_main_window elapsed_ms=0.000 reason_code=cache_reused_without_validation
2026-08-25 22:21:37.108 | INFO     | winwatt_automation.live_ui.app_connector:is_winwatt_foreground_context:1123 - DBG_WINWATT_FOREGROUND_CONTEXT expected_handle=1837942 expected_process_id=13928 expected_title=WinWatt gólya expected_class_name=TMainForm actual_foreground_handle=789596 actual_foreground_process_id=13928 actual_foreground_title=Projekt létrehozása actual_foreground_class_name=#32770 allow_dialog=True result_reason=pid_match_allow_dialog
2026-08-25 22:21:37.108 | INFO     | winwatt_automation.live_ui.app_connector:_cached_window_health_status:489 - DBG_WINWATT_CACHE_HEALTH reason_code=healthy payload={'wrapper_type': 'UIAWrapper', 'handle': 1837942, 'process_id': 13928, 'title': 'WinWatt gólya', 'class_name': 'TMainForm', 'control_type': 'Window'}
2026-08-25 22:21:37.108 | DEBUG    | winwatt_automation.live_ui.app_connector:get_cached_main_window:574 - DBG_WINWATT_CACHE_GET reason_code=cache_validated_ok payload={'wrapper_type': 'UIAWrapper', 'handle': 1837942, 'process_id': 13928, 'title': 'WinWatt gólya', 'class_name': 'TMainForm', 'control_type': 'Window'} last_validation_age_s=4.01600000000326 diagnostic_fast_mode=False
2026-08-25 22:21:37.108 | DEBUG    | winwatt_automation.live_ui.app_connector:get_cached_main_window:575 - DBG_PHASE_TIMING phase=get_cached_main_window elapsed_ms=0.000 reason_code=cache_validated_ok
2026-08-25 22:21:37.108 | DEBUG    | winwatt_automation.live_ui.app_connector:get_cached_main_window:565 - DBG_WINWATT_CACHE_GET reason_code=cache_reused_without_validation payload={'wrapper_type': 'UIAWrapper', 'handle': 1837942, 'process_id': 13928, 'title': 'WinWatt gólya', 'class_name': 'TMainForm', 'control_type': 'Window'} last_validation_age_s=0.0 diagnostic_fast_mode=False
2026-08-25 22:21:37.108 | DEBUG    | winwatt_automation.live_ui.app_connector:get_cached_main_window:566 - DBG_PHASE_TIMING phase=get_cached_main_window elapsed_ms=0.000 reason_code=cache_reused_without_validation
2026-08-25 22:21:37.525 | INFO     | winwatt_automation.live_ui.menu_helpers:_menu_items:1101 - DBG_MENU_ITEMS_SUMMARY total_items=7 visible_items=7 topbar_band=(0, 0, 409, 53) topbar_band_visible_count=7 popup_region_visible_count=0 force_refresh=True handle=1837942
2026-08-25 22:21:37.525 | DEBUG    | winwatt_automation.live_ui.menu_helpers:_menu_items:1111 - Discovered 7 MenuItem controls
2026-08-25 22:21:37.525 | DEBUG    | winwatt_automation.live_ui.menu_helpers:_log_phase_timing:83 - DBG_PHASE_TIMING phase=_menu_items elapsed_ms=406.000 force_refresh=True total_items=7 visible_items=7
2026-08-25 22:21:37.587 | INFO     | winwatt_automation.live_ui.menu_helpers:list_top_menu_items:1141 - Top-level menu items (raw): ['Rendszer', 'Fájl', 'Jegyzékek', 'Adatbázis...', 'Beállítások', 'Ablak', 'Súgó']
2026-08-25 22:21:37.587 | DEBUG    | winwatt_automation.live_ui.menu_helpers:_log_phase_timing:83 - DBG_PHASE_TIMING phase=list_top_menu_items elapsed_ms=469.000 count=7
2026-08-25 22:21:37.588 | INFO     | winwatt_automation.runtime_mapping.program_mapper:_evaluate_action_admission:1969 - ACTION_ADMISSION_REJECTED top_menu=Fájl path=['Fájl', '[unlabeled row 2]'] traversal_depth=1 reason=disabled_menu_item classification=unknown result_type=no_observable_effect placeholder=True text_confidence=none raw_text_sources=[] skip_reason=None
2026-08-25 22:21:37.589 | INFO     | winwatt_automation.runtime_mapping.program_mapper:_evaluate_action_admission:1982 - ACTION_STRUCTURE_ONLY_ROW top_menu=Fájl path=['Fájl', '[unlabeled row 2]'] traversal_depth=1 reason=disabled_menu_item
2026-08-25 22:21:37.589 | DEBUG    | winwatt_automation.runtime_mapping.program_mapper:explore_menu_tree:3701 - visited path skip state=project_open path=('fájl', 'végrehajtás')
2026-08-25 22:21:37.589 | DEBUG    | winwatt_automation.runtime_mapping.program_mapper:explore_menu_tree:3701 - visited path skip state=project_open path=('fájl', 'végrehajtás')
2026-08-25 22:21:37.589 | DEBUG    | winwatt_automation.runtime_mapping.program_mapper:explore_menu_tree:3701 - visited path skip state=project_open path=('fájl', 'végrehajtás')
2026-08-25 22:21:37.589 | DEBUG    | winwatt_automation.runtime_mapping.program_mapper:explore_menu_tree:3701 - visited path skip state=project_open path=('fájl', 'végrehajtás')
2026-08-25 22:21:37.589 | DEBUG    | winwatt_automation.runtime_mapping.program_mapper:explore_menu_tree:3701 - visited path skip state=project_open path=('fájl', 'végrehajtás')
2026-08-25 22:21:37.590 | INFO     | winwatt_automation.runtime_mapping.program_mapper:explore_menu_tree:3826 - DBG_SUBTREE_TRAVERSAL_DECISION state=project_open path=['Fájl', 'Megnyitás'] placeholder=False skipped_by_safety=False reused_from_previous_state=False action_type=unknown source_scope=main_window skip_parent_reopen=False diagnostic_fast_mode=False placeholder_focus_mode=False
2026-08-25 22:21:37.590 | INFO     | winwatt_automation.runtime_mapping.program_mapper:_reopen_parent_popup_rows:2167 - DBG_WINWATT_NORMAL_MENU_REOPEN_PARENT state=project_open top_menu=Fájl parent_path=['Fájl'] cached_popup_path=('fájl',) suppress_placeholder_top_menu_relist=False
2026-08-25 22:21:37.590 | INFO     | winwatt_automation.runtime_mapping.program_mapper:_reopen_parent_popup_rows:2187 - POPUP_OWNERSHIP_CONFIRMED state=project_open top_menu=Fájl normalized_parent=('fájl',) popup_state_path=('fájl',) row_count=24
2026-08-25 22:21:37.590 | DEBUG    | winwatt_automation.runtime_mapping.program_mapper:_log_phase_timing:281 - DBG_PHASE_TIMING phase=reopen_parent_popup_rows elapsed_ms=0.000 strategy=popup_state_reuse row_count=24 parent_path=Fájl
2026-08-25 22:21:37.591 | INFO     | winwatt_automation.runtime_mapping.program_mapper:_activate_row_for_exploration:1275 - DBG_PLACEHOLDER_TRAVERSAL_CANDIDATE path=['Fájl', 'Megnyitás'] row_index=8 placeholder=False action_type=click source_scope=main_window meta={'popup_block_classification': 'normal_popup', 'recent_projects_block': False, 'recent_project_entry': False, 'stateful_menu_block': False, 'deduped_row_indices': [8, 20]} popup_visible_count=24 topbar_visible_count=0 diagnostic_fast_mode=False
2026-08-25 22:21:37.591 | INFO     | winwatt_automation.runtime_mapping.program_mapper:_activate_row_for_exploration:1292 - DBG_PLACEHOLDER_TRAVERSAL_DECISION path=['Fájl', 'Megnyitás'] decision=click_structured_row action_type=click source_scope=main_window popup_visible_count=24 popup_rows_count=24 meta_source=main_window click_strategy=None
2026-08-25 22:21:37.594 | DEBUG    | winwatt_automation.live_ui.app_connector:get_cached_main_window:565 - DBG_WINWATT_CACHE_GET reason_code=cache_reused_without_validation payload={'wrapper_type': 'UIAWrapper', 'handle': 1837942, 'process_id': 13928, 'title': 'WinWatt gólya', 'class_name': 'TMainForm', 'control_type': 'Window'} last_validation_age_s=0.46899999998277053 diagnostic_fast_mode=False
2026-08-25 22:21:37.595 | DEBUG    | winwatt_automation.live_ui.app_connector:get_cached_main_window:566 - DBG_PHASE_TIMING phase=get_cached_main_window elapsed_ms=15.000 reason_code=cache_reused_without_validation
2026-08-25 22:21:37.600 | INFO     | winwatt_automation.live_ui.app_connector:ensure_main_window_foreground_before_click:1179 - DBG_WINWATT_FOCUS_GUARD_PRECHECK action_label=click_structured_popup_row[8] wrapper_type=UIAWrapper cached_handle=1837942 cached_pid=13928 cached_title=WinWatt gólya cached_class=TMainForm precheck_exists=False precheck_visible=True precheck_enabled=False rect={'left': -10, 'top': -10, 'right': 1930, 'bottom': 1030, 'width': 1940, 'height': 1040}
2026-08-25 22:21:37.600 | ERROR    | winwatt_automation.live_ui.app_connector:ensure_main_window_foreground_before_click:1295 - DBG_WINWATT_FOCUS_GUARD_HARD_FAIL action_label=click_structured_popup_row[8] reason=exists_false identity_reasons=['handle', 'process_id', 'title', 'class_name', 'rect', 'visible'] cached_identity={'wrapper_type': 'UIAWrapper', 'handle': 1837942, 'process_id': 13928, 'title': 'WinWatt gólya', 'class_name': 'TMainForm', 'control_type': 'Window'} rect={'left': -10, 'top': -10, 'right': 1930, 'bottom': 1030, 'width': 1940, 'height': 1040} refresh_diagnostic={'action_label': 'click_structured_popup_row[8]', 'cached_identity': {'wrapper_type': 'UIAWrapper', 'handle': 1837942, 'process_id': 13928, 'title': 'WinWatt gólya', 'class_name': 'TMainForm', 'control_type': 'Window'}, 'cached_rect': {'left': -10, 'top': -10, 'right': 1930, 'bottom': 1030, 'width': 1940, 'height': 1040}, 'visible': True, 'enabled': False, 'refresh_attempted': False, 'refresh_permitted': True, 'reason': 'cached_window_not_ready'}
2026-08-25 22:21:37.600 | INFO     | winwatt_automation.runtime_mapping.program_mapper:_activate_row_for_exploration:1316 - DBG_WINWATT_STRUCTURED_ROW_CLICK_EXCEPTION exception_class=FocusGuardError exception_message=focus_not_restored: main window no longer exists before action=click_structured_popup_row[8] current_path=['Fájl', 'Megnyitás'] fallback_to_hover=True popup_rows_count=24
2026-08-25 22:21:37.600 | DEBUG    | winwatt_automation.runtime_mapping.program_mapper:_activate_row_for_exploration:1323 - structured row click failed; fallback to hover path=['Fájl', 'Megnyitás'] error=focus_not_restored: main window no longer exists before action=click_structured_popup_row[8]
2026-08-25 22:21:37.703 | DEBUG    | winwatt_automation.live_ui.app_connector:get_cached_main_window:565 - DBG_WINWATT_CACHE_GET reason_code=cache_reused_without_validation payload={'wrapper_type': 'UIAWrapper', 'handle': 1837942, 'process_id': 13928, 'title': 'WinWatt gólya', 'class_name': 'TMainForm', 'control_type': 'Window'} last_validation_age_s=0.5939999999827705 diagnostic_fast_mode=False
2026-08-25 22:21:37.703 | DEBUG    | winwatt_automation.live_ui.app_connector:get_cached_main_window:566 - DBG_PHASE_TIMING phase=get_cached_main_window elapsed_ms=0.000 reason_code=cache_reused_without_validation
2026-08-25 22:21:37.740 | DEBUG    | winwatt_automation.live_ui.app_connector:get_cached_main_window:565 - DBG_WINWATT_CACHE_GET reason_code=cache_reused_without_validation payload={'wrapper_type': 'UIAWrapper', 'handle': 1837942, 'process_id': 13928, 'title': 'WinWatt gólya', 'class_name': 'TMainForm', 'control_type': 'Window'} last_validation_age_s=0.625 diagnostic_fast_mode=False
2026-08-25 22:21:37.740 | DEBUG    | winwatt_automation.live_ui.app_connector:get_cached_main_window:566 - DBG_PHASE_TIMING phase=get_cached_main_window elapsed_ms=0.000 reason_code=cache_reused_without_validation
2026-08-25 22:21:37.740 | DEBUG    | winwatt_automation.live_ui.app_connector:get_cached_main_window:565 - DBG_WINWATT_CACHE_GET reason_code=cache_reused_without_validation payload={'wrapper_type': 'UIAWrapper', 'handle': 1837942, 'process_id': 13928, 'title': 'WinWatt gólya', 'class_name': 'TMainForm', 'control_type': 'Window'} last_validation_age_s=0.625 diagnostic_fast_mode=False
2026-08-25 22:21:37.740 | DEBUG    | winwatt_automation.live_ui.app_connector:get_cached_main_window:566 - DBG_PHASE_TIMING phase=get_cached_main_window elapsed_ms=0.000 reason_code=cache_reused_without_validation
2026-08-25 22:21:37.740 | INFO     | winwatt_automation.live_ui.menu_helpers:_menu_items:1101 - DBG_MENU_ITEMS_SUMMARY total_items=7 visible_items=7 topbar_band=(0, 0, 409, 53) topbar_band_visible_count=7 popup_region_visible_count=0 force_refresh=False handle=1837942
2026-08-25 22:21:37.740 | DEBUG    | winwatt_automation.live_ui.menu_helpers:_menu_items:1111 - Discovered 7 MenuItem controls
2026-08-25 22:21:37.740 | DEBUG    | winwatt_automation.live_ui.menu_helpers:_log_phase_timing:83 - DBG_PHASE_TIMING phase=_menu_items elapsed_ms=0.000 force_refresh=False total_items=7 visible_items=7
2026-08-25 22:21:37.740 | DEBUG    | winwatt_automation.live_ui.menu_helpers:_log_popup_fragment:499 - DBG_MENU_FRAGMENT_MAIN_WINDOW source_scope=main_window control_type=MenuItem class_name= text='Rendszer' rectangle={'left': 0, 'top': 0, 'right': 28, 'bottom': 28} center=(14, 14) process_id=13928 native_handle=None topbar_candidate=True popup_candidate=False
2026-08-25 22:21:37.740 | DEBUG    | winwatt_automation.live_ui.menu_helpers:_log_popup_fragment:499 - DBG_MENU_FRAGMENT_MAIN_WINDOW source_scope=main_window control_type=MenuItem class_name= text='Fájl' rectangle={'left': 0, 'top': 29, 'right': 40, 'bottom': 53} center=(20, 41) process_id=13928 native_handle=None topbar_candidate=True popup_candidate=False
2026-08-25 22:21:37.740 | DEBUG    | winwatt_automation.live_ui.menu_helpers:_log_popup_fragment:499 - DBG_MENU_FRAGMENT_MAIN_WINDOW source_scope=main_window control_type=MenuItem class_name= text='Jegyzékek' rectangle={'left': 40, 'top': 29, 'right': 123, 'bottom': 53} center=(81, 41) process_id=13928 native_handle=None topbar_candidate=True popup_candidate=False
2026-08-25 22:21:37.740 | DEBUG    | winwatt_automation.live_ui.menu_helpers:_log_popup_fragment:499 - DBG_MENU_FRAGMENT_MAIN_WINDOW source_scope=main_window control_type=MenuItem class_name= text='Adatbázis...' rectangle={'left': 123, 'top': 29, 'right': 216, 'bottom': 53} center=(169, 41) process_id=13928 native_handle=None topbar_candidate=True popup_candidate=False
2026-08-25 22:21:37.740 | DEBUG    | winwatt_automation.live_ui.menu_helpers:_log_popup_fragment:499 - DBG_MENU_FRAGMENT_MAIN_WINDOW source_scope=main_window control_type=MenuItem class_name= text='Beállítások' rectangle={'left': 215, 'top': 29, 'right': 303, 'bottom': 53} center=(259, 41) process_id=13928 native_handle=None topbar_candidate=True popup_candidate=False
2026-08-25 22:21:37.740 | DEBUG    | winwatt_automation.live_ui.menu_helpers:_log_popup_fragment:499 - DBG_MENU_FRAGMENT_MAIN_WINDOW source_scope=main_window control_type=MenuItem class_name= text='Ablak' rectangle={'left': 303, 'top': 29, 'right': 358, 'bottom': 53} center=(330, 41) process_id=13928 native_handle=None topbar_candidate=True popup_candidate=False
2026-08-25 22:21:37.755 | DEBUG    | winwatt_automation.live_ui.menu_helpers:_log_popup_fragment:499 - DBG_MENU_FRAGMENT_MAIN_WINDOW source_scope=main_window control_type=MenuItem class_name= text='Súgó' rectangle={'left': 358, 'top': 29, 'right': 409, 'bottom': 53} center=(383, 41) process_id=13928 native_handle=None topbar_candidate=True popup_candidate=False
2026-08-25 22:21:37.755 | DEBUG    | winwatt_automation.live_ui.menu_helpers:_menu_like_controls_from_main_window:1599 - DBG_MENU_FRAGMENT_SOURCE_SUMMARY source_scope=main_window count=7
2026-08-25 22:21:37.755 | DEBUG    | winwatt_automation.live_ui.app_connector:get_cached_main_window:565 - DBG_WINWATT_CACHE_GET reason_code=cache_reused_without_validation payload={'wrapper_type': 'UIAWrapper', 'handle': 1837942, 'process_id': 13928, 'title': 'WinWatt gólya', 'class_name': 'TMainForm', 'control_type': 'Window'} last_validation_age_s=0.6410000000032596 diagnostic_fast_mode=False
2026-08-25 22:21:37.755 | DEBUG    | winwatt_automation.live_ui.app_connector:get_cached_main_window:566 - DBG_PHASE_TIMING phase=get_cached_main_window elapsed_ms=0.000 reason_code=cache_reused_without_validation
2026-08-25 22:21:37.755 | DEBUG    | winwatt_automation.live_ui.app_connector:get_cached_main_window:565 - DBG_WINWATT_CACHE_GET reason_code=cache_reused_without_validation payload={'wrapper_type': 'UIAWrapper', 'handle': 1837942, 'process_id': 13928, 'title': 'WinWatt gólya', 'class_name': 'TMainForm', 'control_type': 'Window'} last_validation_age_s=0.6410000000032596 diagnostic_fast_mode=False
2026-08-25 22:21:37.755 | DEBUG    | winwatt_automation.live_ui.app_connector:get_cached_main_window:566 - DBG_PHASE_TIMING phase=get_cached_main_window elapsed_ms=0.000 reason_code=cache_reused_without_validation
2026-08-25 22:21:38.242 | DEBUG    | winwatt_automation.live_ui.menu_helpers:_log_popup_fragment:499 - DBG_MENU_FRAGMENT_GLOBAL_SCAN source_scope=global_process_scan control_type=MenuItem class_name= text='Rendszer' rectangle={'left': 970, 'top': 388, 'right': 998, 'bottom': 416} center=(984, 402) process_id=13928 native_handle=None topbar_candidate=False popup_candidate=True
2026-08-25 22:21:38.283 | DEBUG    | winwatt_automation.live_ui.menu_helpers:_log_popup_fragment:499 - DBG_MENU_FRAGMENT_GLOBAL_SCAN source_scope=global_process_scan control_type=MenuItem class_name= text='Rendszer' rectangle={'left': 0, 'top': 0, 'right': 28, 'bottom': 28} center=(14, 14) process_id=13928 native_handle=None topbar_candidate=True popup_candidate=False
2026-08-25 22:21:38.283 | DEBUG    | winwatt_automation.live_ui.menu_helpers:_log_popup_fragment:499 - DBG_MENU_FRAGMENT_GLOBAL_SCAN source_scope=global_process_scan control_type=MenuItem class_name= text='Fájl' rectangle={'left': 0, 'top': 29, 'right': 40, 'bottom': 53} center=(20, 41) process_id=13928 native_handle=None topbar_candidate=True popup_candidate=False
2026-08-25 22:21:38.283 | DEBUG    | winwatt_automation.live_ui.menu_helpers:_log_popup_fragment:499 - DBG_MENU_FRAGMENT_GLOBAL_SCAN source_scope=global_process_scan control_type=MenuItem class_name= text='Jegyzékek' rectangle={'left': 40, 'top': 29, 'right': 123, 'bottom': 53} center=(81, 41) process_id=13928 native_handle=None topbar_candidate=True popup_candidate=False
2026-08-25 22:21:38.283 | DEBUG    | winwatt_automation.live_ui.menu_helpers:_log_popup_fragment:499 - DBG_MENU_FRAGMENT_GLOBAL_SCAN source_scope=global_process_scan control_type=MenuItem class_name= text='Adatbázis...' rectangle={'left': 123, 'top': 29, 'right': 216, 'bottom': 53} center=(169, 41) process_id=13928 native_handle=None topbar_candidate=True popup_candidate=False
2026-08-25 22:21:38.283 | DEBUG    | winwatt_automation.live_ui.menu_helpers:_log_popup_fragment:499 - DBG_MENU_FRAGMENT_GLOBAL_SCAN source_scope=global_process_scan control_type=MenuItem class_name= text='Beállítások' rectangle={'left': 215, 'top': 29, 'right': 303, 'bottom': 53} center=(259, 41) process_id=13928 native_handle=None topbar_candidate=True popup_candidate=False
2026-08-25 22:21:38.283 | DEBUG    | winwatt_automation.live_ui.menu_helpers:_log_popup_fragment:499 - DBG_MENU_FRAGMENT_GLOBAL_SCAN source_scope=global_process_scan control_type=MenuItem class_name= text='Ablak' rectangle={'left': 303, 'top': 29, 'right': 358, 'bottom': 53} center=(330, 41) process_id=13928 native_handle=None topbar_candidate=True popup_candidate=False
2026-08-25 22:21:38.283 | DEBUG    | winwatt_automation.live_ui.menu_helpers:_log_popup_fragment:499 - DBG_MENU_FRAGMENT_GLOBAL_SCAN source_scope=global_process_scan control_type=MenuItem class_name= text='Súgó' rectangle={'left': 358, 'top': 29, 'right': 409, 'bottom': 53} center=(383, 41) process_id=13928 native_handle=None topbar_candidate=True popup_candidate=False
2026-08-25 22:21:38.283 | DEBUG    | winwatt_automation.live_ui.menu_helpers:_menu_like_controls_from_global_process_scan:1631 - DBG_MENU_FRAGMENT_SOURCE_SUMMARY source_scope=global_process_scan count=8 process_id=13928
2026-08-25 22:21:38.283 | DEBUG    | winwatt_automation.live_ui.app_connector:get_cached_main_window:565 - DBG_WINWATT_CACHE_GET reason_code=cache_reused_without_validation payload={'wrapper_type': 'UIAWrapper', 'handle': 1837942, 'process_id': 13928, 'title': 'WinWatt gólya', 'class_name': 'TMainForm', 'control_type': 'Window'} last_validation_age_s=1.1719999999913853 diagnostic_fast_mode=False
2026-08-25 22:21:38.283 | DEBUG    | winwatt_automation.live_ui.app_connector:get_cached_main_window:566 - DBG_PHASE_TIMING phase=get_cached_main_window elapsed_ms=0.000 reason_code=cache_reused_without_validation
2026-08-25 22:21:38.490 | DEBUG    | winwatt_automation.live_ui.menu_helpers:capture_menu_popup_snapshot:1682 - DBG_POPUP_ROW_DEDUPE rect={'left': 0, 'top': 0, 'right': 28, 'bottom': 28} normalized_text=rendszer class_name= source_scope=main_window deduplicated=False
2026-08-25 22:21:38.490 | DEBUG    | winwatt_automation.live_ui.menu_helpers:capture_menu_popup_snapshot:1682 - DBG_POPUP_ROW_DEDUPE rect={'left': 0, 'top': 29, 'right': 40, 'bottom': 53} normalized_text=fájl class_name= source_scope=main_window deduplicated=False
2026-08-25 22:21:38.490 | DEBUG    | winwatt_automation.live_ui.menu_helpers:capture_menu_popup_snapshot:1682 - DBG_POPUP_ROW_DEDUPE rect={'left': 40, 'top': 29, 'right': 123, 'bottom': 53} normalized_text=jegyzékek class_name= source_scope=main_window deduplicated=False
2026-08-25 22:21:38.490 | DEBUG    | winwatt_automation.live_ui.menu_helpers:capture_menu_popup_snapshot:1682 - DBG_POPUP_ROW_DEDUPE rect={'left': 123, 'top': 29, 'right': 216, 'bottom': 53} normalized_text=adatbázis... class_name= source_scope=main_window deduplicated=False
2026-08-25 22:21:38.490 | DEBUG    | winwatt_automation.live_ui.menu_helpers:capture_menu_popup_snapshot:1682 - DBG_POPUP_ROW_DEDUPE rect={'left': 215, 'top': 29, 'right': 303, 'bottom': 53} normalized_text=beállítások class_name= source_scope=main_window deduplicated=False
2026-08-25 22:21:38.490 | DEBUG    | winwatt_automation.live_ui.menu_helpers:capture_menu_popup_snapshot:1682 - DBG_POPUP_ROW_DEDUPE rect={'left': 303, 'top': 29, 'right': 358, 'bottom': 53} normalized_text=ablak class_name= source_scope=main_window deduplicated=False
2026-08-25 22:21:38.490 | DEBUG    | winwatt_automation.live_ui.menu_helpers:capture_menu_popup_snapshot:1682 - DBG_POPUP_ROW_DEDUPE rect={'left': 358, 'top': 29, 'right': 409, 'bottom': 53} normalized_text=súgó class_name= source_scope=main_window deduplicated=False
2026-08-25 22:21:38.490 | DEBUG    | winwatt_automation.live_ui.menu_helpers:capture_menu_popup_snapshot:1682 - DBG_POPUP_ROW_DEDUPE rect={'left': 970, 'top': 388, 'right': 998, 'bottom': 416} normalized_text=rendszer class_name= source_scope=global_process_scan deduplicated=False
2026-08-25 22:21:38.490 | DEBUG    | winwatt_automation.live_ui.menu_helpers:capture_menu_popup_snapshot:1682 - DBG_POPUP_ROW_DEDUPE rect={'left': 0, 'top': 0, 'right': 28, 'bottom': 28} normalized_text=rendszer class_name= source_scope=global_process_scan deduplicated=False
2026-08-25 22:21:38.490 | DEBUG    | winwatt_automation.live_ui.menu_helpers:capture_menu_popup_snapshot:1682 - DBG_POPUP_ROW_DEDUPE rect={'left': 0, 'top': 29, 'right': 40, 'bottom': 53} normalized_text=fájl class_name= source_scope=global_process_scan deduplicated=False
2026-08-25 22:21:38.490 | DEBUG    | winwatt_automation.live_ui.menu_helpers:capture_menu_popup_snapshot:1682 - DBG_POPUP_ROW_DEDUPE rect={'left': 40, 'top': 29, 'right': 123, 'bottom': 53} normalized_text=jegyzékek class_name= source_scope=global_process_scan deduplicated=False
2026-08-25 22:21:38.490 | DEBUG    | winwatt_automation.live_ui.menu_helpers:capture_menu_popup_snapshot:1682 - DBG_POPUP_ROW_DEDUPE rect={'left': 123, 'top': 29, 'right': 216, 'bottom': 53} normalized_text=adatbázis... class_name= source_scope=global_process_scan deduplicated=False
2026-08-25 22:21:38.490 | DEBUG    | winwatt_automation.live_ui.menu_helpers:capture_menu_popup_snapshot:1682 - DBG_POPUP_ROW_DEDUPE rect={'left': 215, 'top': 29, 'right': 303, 'bottom': 53} normalized_text=beállítások class_name= source_scope=global_process_scan deduplicated=False
2026-08-25 22:21:38.490 | DEBUG    | winwatt_automation.live_ui.menu_helpers:capture_menu_popup_snapshot:1682 - DBG_POPUP_ROW_DEDUPE rect={'left': 303, 'top': 29, 'right': 358, 'bottom': 53} normalized_text=ablak class_name= source_scope=global_process_scan deduplicated=False
2026-08-25 22:21:38.490 | DEBUG    | winwatt_automation.live_ui.menu_helpers:capture_menu_popup_snapshot:1682 - DBG_POPUP_ROW_DEDUPE rect={'left': 358, 'top': 29, 'right': 409, 'bottom': 53} normalized_text=súgó class_name= source_scope=global_process_scan deduplicated=False
2026-08-25 22:21:38.490 | INFO     | winwatt_automation.live_ui.menu_helpers:capture_menu_popup_snapshot:1724 - POPUP_SNAPSHOT_SUMMARY main_window_fragments=7 global_scan_fragments=8 deduped_fragments=15 topbar_like=12 popup_like=1 empty_text=0 topbar_band=(0, 29, 409, 53) empty_text_vertical_cluster_detected=False accepted_popup_rows=0 popup_heuristic=candidate_count_below_threshold
2026-08-25 22:21:38.490 | DEBUG    | winwatt_automation.live_ui.menu_helpers:capture_menu_popup_snapshot:1737 - Captured menu snapshot rows=15
2026-08-25 22:21:38.490 | DEBUG    | winwatt_automation.live_ui.menu_helpers:_log_phase_timing:83 - DBG_PHASE_TIMING phase=capture_menu_popup_snapshot elapsed_ms=781.000 main_rows=7 global_rows=8 unique_rows=15 diagnostic_fast_mode=False
2026-08-25 22:21:38.490 | INFO     | winwatt_automation.runtime_mapping.program_mapper:explore_menu_tree:3897 - DBG_POST_ACTION_POPUP_VISIBILITY state=project_open path=['Fájl', 'Megnyitás'] popup_visible_count=1 topbar_visible_count=12 snapshot_rows=15 placeholder=False
2026-08-25 22:21:38.490 | DEBUG    | winwatt_automation.runtime_mapping.menu_text:normalize_menu_title:31 - normalize_menu_title ellipsis_handled raw="Adatbázis..." normalized="adatbázis"
2026-08-25 22:21:38.490 | DEBUG    | winwatt_automation.runtime_mapping.menu_text:normalize_menu_title:31 - normalize_menu_title ellipsis_handled raw="Adatbázis..." normalized="adatbázis"
2026-08-25 22:21:38.490 | INFO     | winwatt_automation.runtime_mapping.program_mapper:_safe_depth_decision:1721 - SAFE_DEPTH_BLOCKED state=project_open path=['Fájl', 'Megnyitás'] current_depth=1 max_depth=2 action_state_classification=executes_command reason=non_submenu_branch
2026-08-25 22:21:38.490 | DEBUG    | winwatt_automation.runtime_mapping.program_mapper:_row_to_node:812 - RAW_MENU_TITLE="Megnyitás" NORMALIZED_MENU_TITLE="megnyitás"
2026-08-25 22:21:38.490 | DEBUG    | winwatt_automation.runtime_mapping.program_mapper:_row_to_node:875 - _row_to_node state=project_open top_menu=Fájl level=1 index=8 title=Megnyitás placeholder=False classification=leaf_action
2026-08-25 22:21:38.490 | DEBUG    | winwatt_automation.runtime_mapping.program_mapper:_log_phase_timing:281 - DBG_PHASE_TIMING phase=_row_to_node elapsed_ms=0.000 top_menu=Fájl level=1 index=8 title=Megnyitás placeholder=False
2026-08-25 22:21:38.506 | DEBUG    | winwatt_automation.live_ui.app_connector:get_cached_main_window:565 - DBG_WINWATT_CACHE_GET reason_code=cache_reused_without_validation payload={'wrapper_type': 'UIAWrapper', 'handle': 1837942, 'process_id': 13928, 'title': 'WinWatt gólya', 'class_name': 'TMainForm', 'control_type': 'Window'} last_validation_age_s=1.375 diagnostic_fast_mode=False
2026-08-25 22:21:38.506 | DEBUG    | winwatt_automation.live_ui.app_connector:get_cached_main_window:566 - DBG_PHASE_TIMING phase=get_cached_main_window elapsed_ms=16.000 reason_code=cache_reused_without_validation
2026-08-25 22:21:38.785 | DEBUG    | winwatt_automation.live_ui.app_connector:get_cached_main_window:565 - DBG_WINWATT_CACHE_GET reason_code=cache_reused_without_validation payload={'wrapper_type': 'UIAWrapper', 'handle': 1837942, 'process_id': 13928, 'title': 'WinWatt gólya', 'class_name': 'TMainForm', 'control_type': 'Window'} last_validation_age_s=1.6559999999881256 diagnostic_fast_mode=False
2026-08-25 22:21:38.785 | DEBUG    | winwatt_automation.live_ui.app_connector:get_cached_main_window:566 - DBG_PHASE_TIMING phase=get_cached_main_window elapsed_ms=16.000 reason_code=cache_reused_without_validation
2026-08-25 22:21:38.785 | DEBUG    | winwatt_automation.live_ui.app_connector:get_cached_main_window:565 - DBG_WINWATT_CACHE_GET reason_code=cache_reused_without_validation payload={'wrapper_type': 'UIAWrapper', 'handle': 1837942, 'process_id': 13928, 'title': 'WinWatt gólya', 'class_name': 'TMainForm', 'control_type': 'Window'} last_validation_age_s=1.6719999999913853 diagnostic_fast_mode=False
2026-08-25 22:21:38.785 | DEBUG    | winwatt_automation.live_ui.app_connector:get_cached_main_window:566 - DBG_PHASE_TIMING phase=get_cached_main_window elapsed_ms=0.000 reason_code=cache_reused_without_validation
2026-08-25 22:21:39.207 | INFO     | winwatt_automation.live_ui.menu_helpers:_menu_items:1101 - DBG_MENU_ITEMS_SUMMARY total_items=7 visible_items=7 topbar_band=(0, 0, 409, 53) topbar_band_visible_count=7 popup_region_visible_count=0 force_refresh=True handle=1837942
2026-08-25 22:21:39.207 | DEBUG    | winwatt_automation.live_ui.menu_helpers:_menu_items:1111 - Discovered 7 MenuItem controls
2026-08-25 22:21:39.207 | DEBUG    | winwatt_automation.live_ui.menu_helpers:_log_phase_timing:83 - DBG_PHASE_TIMING phase=_menu_items elapsed_ms=438.000 force_refresh=True total_items=7 visible_items=7
2026-08-25 22:21:39.255 | INFO     | winwatt_automation.live_ui.menu_helpers:list_top_menu_items:1141 - Top-level menu items (raw): ['Rendszer', 'Fájl', 'Jegyzékek', 'Adatbázis...', 'Beállítások', 'Ablak', 'Súgó']
2026-08-25 22:21:39.255 | DEBUG    | winwatt_automation.live_ui.menu_helpers:_log_phase_timing:83 - DBG_PHASE_TIMING phase=list_top_menu_items elapsed_ms=485.000 count=7
2026-08-25 22:21:39.255 | INFO     | winwatt_automation.runtime_mapping.program_mapper:_evaluate_action_admission:1969 - ACTION_ADMISSION_REJECTED top_menu=Fájl path=['Fájl', 'Megnyitás'] traversal_depth=1 reason=legacy_text_only_without_interaction_evidence classification=executes_command result_type=no_observable_effect placeholder=False text_confidence=medium raw_text_sources=['legacy_text'] skip_reason=None
2026-08-25 22:21:39.255 | INFO     | winwatt_automation.runtime_mapping.program_mapper:_evaluate_action_admission:1982 - ACTION_STRUCTURE_ONLY_ROW top_menu=Fájl path=['Fájl', 'Megnyitás'] traversal_depth=1 reason=legacy_text_only_without_interaction_evidence
2026-08-25 22:21:39.255 | DEBUG    | winwatt_automation.live_ui.app_connector:get_cached_main_window:565 - DBG_WINWATT_CACHE_GET reason_code=cache_reused_without_validation payload={'wrapper_type': 'UIAWrapper', 'handle': 1837942, 'process_id': 13928, 'title': 'WinWatt gólya', 'class_name': 'TMainForm', 'control_type': 'Window'} last_validation_age_s=2.1410000000032596 diagnostic_fast_mode=False
2026-08-25 22:21:39.255 | DEBUG    | winwatt_automation.live_ui.app_connector:get_cached_main_window:566 - DBG_PHASE_TIMING phase=get_cached_main_window elapsed_ms=0.000 reason_code=cache_reused_without_validation
2026-08-25 22:21:39.445 | DEBUG    | winwatt_automation.live_ui.app_connector:get_cached_main_window:565 - DBG_WINWATT_CACHE_GET reason_code=cache_reused_without_validation payload={'wrapper_type': 'UIAWrapper', 'handle': 1837942, 'process_id': 13928, 'title': 'WinWatt gólya', 'class_name': 'TMainForm', 'control_type': 'Window'} last_validation_age_s=2.3280000000086147 diagnostic_fast_mode=False
2026-08-25 22:21:39.445 | DEBUG    | winwatt_automation.live_ui.app_connector:get_cached_main_window:566 - DBG_PHASE_TIMING phase=get_cached_main_window elapsed_ms=15.000 reason_code=cache_reused_without_validation
2026-08-25 22:21:39.445 | DEBUG    | winwatt_automation.live_ui.app_connector:get_cached_main_window:565 - DBG_WINWATT_CACHE_GET reason_code=cache_reused_without_validation payload={'wrapper_type': 'UIAWrapper', 'handle': 1837942, 'process_id': 13928, 'title': 'WinWatt gólya', 'class_name': 'TMainForm', 'control_type': 'Window'} last_validation_age_s=2.3280000000086147 diagnostic_fast_mode=False
2026-08-25 22:21:39.445 | DEBUG    | winwatt_automation.live_ui.app_connector:get_cached_main_window:566 - DBG_PHASE_TIMING phase=get_cached_main_window elapsed_ms=0.000 reason_code=cache_reused_without_validation
2026-08-25 22:21:39.871 | INFO     | winwatt_automation.live_ui.menu_helpers:_menu_items:1101 - DBG_MENU_ITEMS_SUMMARY total_items=7 visible_items=7 topbar_band=(0, 0, 409, 53) topbar_band_visible_count=7 popup_region_visible_count=0 force_refresh=True handle=1837942
2026-08-25 22:21:39.871 | DEBUG    | winwatt_automation.live_ui.menu_helpers:_menu_items:1111 - Discovered 7 MenuItem controls
2026-08-25 22:21:39.871 | DEBUG    | winwatt_automation.live_ui.menu_helpers:_log_phase_timing:83 - DBG_PHASE_TIMING phase=_menu_items elapsed_ms=437.000 force_refresh=True total_items=7 visible_items=7
2026-08-25 22:21:39.903 | INFO     | winwatt_automation.live_ui.menu_helpers:list_top_menu_items:1141 - Top-level menu items (raw): ['Rendszer', 'Fájl', 'Jegyzékek', 'Adatbázis...', 'Beállítások', 'Ablak', 'Súgó']
2026-08-25 22:21:39.903 | DEBUG    | winwatt_automation.live_ui.menu_helpers:_log_phase_timing:83 - DBG_PHASE_TIMING phase=list_top_menu_items elapsed_ms=468.000 count=7
2026-08-25 22:21:39.903 | INFO     | winwatt_automation.runtime_mapping.program_mapper:_run_action_evidence_probe:2983 - ACTION_EVIDENCE_PROBE_START state=project_open top_menu=Fájl path=['Fájl', 'Megnyitás'] row_index=8 rejection_reason=None
2026-08-25 22:21:39.903 | INFO     | winwatt_automation.runtime_mapping.program_mapper:_activate_row_for_exploration:1275 - DBG_PLACEHOLDER_TRAVERSAL_CANDIDATE path=['Fájl', 'Megnyitás'] row_index=8 placeholder=False action_type=click source_scope=main_window meta={'popup_block_classification': 'normal_popup', 'recent_projects_block': False, 'recent_project_entry': False, 'stateful_menu_block': False, 'deduped_row_indices': [8, 20], 'action_discovery': {'classification': 'no_observable_effect', 'policy': {'treat_as_navigation': False, 'expand_children': False, 'retry_on_next_pass': False}}} popup_visible_count=24 topbar_visible_count=0 diagnostic_fast_mode=False
2026-08-25 22:21:39.903 | INFO     | winwatt_automation.runtime_mapping.program_mapper:_activate_row_for_exploration:1292 - DBG_PLACEHOLDER_TRAVERSAL_DECISION path=['Fájl', 'Megnyitás'] decision=click_structured_row action_type=click source_scope=main_window popup_visible_count=24 popup_rows_count=24 meta_source=main_window click_strategy=None
2026-08-25 22:21:39.903 | DEBUG    | winwatt_automation.live_ui.app_connector:get_cached_main_window:565 - DBG_WINWATT_CACHE_GET reason_code=cache_reused_without_validation payload={'wrapper_type': 'UIAWrapper', 'handle': 1837942, 'process_id': 13928, 'title': 'WinWatt gólya', 'class_name': 'TMainForm', 'control_type': 'Window'} last_validation_age_s=2.7809999999881256 diagnostic_fast_mode=False
2026-08-25 22:21:39.903 | DEBUG    | winwatt_automation.live_ui.app_connector:get_cached_main_window:566 - DBG_PHASE_TIMING phase=get_cached_main_window elapsed_ms=0.000 reason_code=cache_reused_without_validation
2026-08-25 22:21:39.903 | INFO     | winwatt_automation.live_ui.app_connector:ensure_main_window_foreground_before_click:1179 - DBG_WINWATT_FOCUS_GUARD_PRECHECK action_label=click_structured_popup_row[8] wrapper_type=UIAWrapper cached_handle=1837942 cached_pid=13928 cached_title=WinWatt gólya cached_class=TMainForm precheck_exists=False precheck_visible=True precheck_enabled=False rect={'left': -10, 'top': -10, 'right': 1930, 'bottom': 1030, 'width': 1940, 'height': 1040}
2026-08-25 22:21:39.903 | ERROR    | winwatt_automation.live_ui.app_connector:ensure_main_window_foreground_before_click:1295 - DBG_WINWATT_FOCUS_GUARD_HARD_FAIL action_label=click_structured_popup_row[8] reason=exists_false identity_reasons=['handle', 'process_id', 'title', 'class_name', 'rect', 'visible'] cached_identity={'wrapper_type': 'UIAWrapper', 'handle': 1837942, 'process_id': 13928, 'title': 'WinWatt gólya', 'class_name': 'TMainForm', 'control_type': 'Window'} rect={'left': -10, 'top': -10, 'right': 1930, 'bottom': 1030, 'width': 1940, 'height': 1040} refresh_diagnostic={'action_label': 'click_structured_popup_row[8]', 'cached_identity': {'wrapper_type': 'UIAWrapper', 'handle': 1837942, 'process_id': 13928, 'title': 'WinWatt gólya', 'class_name': 'TMainForm', 'control_type': 'Window'}, 'cached_rect': {'left': -10, 'top': -10, 'right': 1930, 'bottom': 1030, 'width': 1940, 'height': 1040}, 'visible': True, 'enabled': False, 'refresh_attempted': False, 'refresh_permitted': True, 'reason': 'cached_window_not_ready'}
2026-08-25 22:21:39.903 | INFO     | winwatt_automation.runtime_mapping.program_mapper:_activate_row_for_exploration:1316 - DBG_WINWATT_STRUCTURED_ROW_CLICK_EXCEPTION exception_class=FocusGuardError exception_message=focus_not_restored: main window no longer exists before action=click_structured_popup_row[8] current_path=['Fájl', 'Megnyitás'] fallback_to_hover=True popup_rows_count=24
2026-08-25 22:21:39.903 | DEBUG    | winwatt_automation.runtime_mapping.program_mapper:_activate_row_for_exploration:1323 - structured row click failed; fallback to hover path=['Fájl', 'Megnyitás'] error=focus_not_restored: main window no longer exists before action=click_structured_popup_row[8]
2026-08-25 22:21:40.019 | DEBUG    | winwatt_automation.live_ui.app_connector:get_cached_main_window:565 - DBG_WINWATT_CACHE_GET reason_code=cache_reused_without_validation payload={'wrapper_type': 'UIAWrapper', 'handle': 1837942, 'process_id': 13928, 'title': 'WinWatt gólya', 'class_name': 'TMainForm', 'control_type': 'Window'} last_validation_age_s=2.9059999999881256 diagnostic_fast_mode=False
2026-08-25 22:21:40.019 | DEBUG    | winwatt_automation.live_ui.app_connector:get_cached_main_window:566 - DBG_PHASE_TIMING phase=get_cached_main_window elapsed_ms=0.000 reason_code=cache_reused_without_validation
2026-08-25 22:21:40.102 | DEBUG    | winwatt_automation.live_ui.app_connector:get_cached_main_window:565 - DBG_WINWATT_CACHE_GET reason_code=cache_reused_without_validation payload={'wrapper_type': 'UIAWrapper', 'handle': 1837942, 'process_id': 13928, 'title': 'WinWatt gólya', 'class_name': 'TMainForm', 'control_type': 'Window'} last_validation_age_s=2.9839999999967404 diagnostic_fast_mode=False
2026-08-25 22:21:40.102 | DEBUG    | winwatt_automation.live_ui.app_connector:get_cached_main_window:566 - DBG_PHASE_TIMING phase=get_cached_main_window elapsed_ms=0.000 reason_code=cache_reused_without_validation
2026-08-25 22:21:40.104 | DEBUG    | winwatt_automation.live_ui.app_connector:get_cached_main_window:565 - DBG_WINWATT_CACHE_GET reason_code=cache_reused_without_validation payload={'wrapper_type': 'UIAWrapper', 'handle': 1837942, 'process_id': 13928, 'title': 'WinWatt gólya', 'class_name': 'TMainForm', 'control_type': 'Window'} last_validation_age_s=2.9839999999967404 diagnostic_fast_mode=False
2026-08-25 22:21:40.104 | DEBUG    | winwatt_automation.live_ui.app_connector:get_cached_main_window:566 - DBG_PHASE_TIMING phase=get_cached_main_window elapsed_ms=0.000 reason_code=cache_reused_without_validation
2026-08-25 22:21:40.106 | INFO     | winwatt_automation.live_ui.menu_helpers:_menu_items:1101 - DBG_MENU_ITEMS_SUMMARY total_items=7 visible_items=7 topbar_band=(0, 0, 409, 53) topbar_band_visible_count=7 popup_region_visible_count=0 force_refresh=False handle=1837942
2026-08-25 22:21:40.106 | DEBUG    | winwatt_automation.live_ui.menu_helpers:_menu_items:1111 - Discovered 7 MenuItem controls
2026-08-25 22:21:40.106 | DEBUG    | winwatt_automation.live_ui.menu_helpers:_log_phase_timing:83 - DBG_PHASE_TIMING phase=_menu_items elapsed_ms=0.000 force_refresh=False total_items=7 visible_items=7
2026-08-25 22:21:40.106 | DEBUG    | winwatt_automation.live_ui.menu_helpers:_log_popup_fragment:499 - DBG_MENU_FRAGMENT_MAIN_WINDOW source_scope=main_window control_type=MenuItem class_name= text='Rendszer' rectangle={'left': 0, 'top': 0, 'right': 28, 'bottom': 28} center=(14, 14) process_id=13928 native_handle=None topbar_candidate=True popup_candidate=False
2026-08-25 22:21:40.107 | DEBUG    | winwatt_automation.live_ui.menu_helpers:_log_popup_fragment:499 - DBG_MENU_FRAGMENT_MAIN_WINDOW source_scope=main_window control_type=MenuItem class_name= text='Fájl' rectangle={'left': 0, 'top': 29, 'right': 40, 'bottom': 53} center=(20, 41) process_id=13928 native_handle=None topbar_candidate=True popup_candidate=False
2026-08-25 22:21:40.107 | DEBUG    | winwatt_automation.live_ui.menu_helpers:_log_popup_fragment:499 - DBG_MENU_FRAGMENT_MAIN_WINDOW source_scope=main_window control_type=MenuItem class_name= text='Jegyzékek' rectangle={'left': 40, 'top': 29, 'right': 123, 'bottom': 53} center=(81, 41) process_id=13928 native_handle=None topbar_candidate=True popup_candidate=False
2026-08-25 22:21:40.108 | DEBUG    | winwatt_automation.live_ui.menu_helpers:_log_popup_fragment:499 - DBG_MENU_FRAGMENT_MAIN_WINDOW source_scope=main_window control_type=MenuItem class_name= text='Adatbázis...' rectangle={'left': 123, 'top': 29, 'right': 216, 'bottom': 53} center=(169, 41) process_id=13928 native_handle=None topbar_candidate=True popup_candidate=False
2026-08-25 22:21:40.109 | DEBUG    | winwatt_automation.live_ui.menu_helpers:_log_popup_fragment:499 - DBG_MENU_FRAGMENT_MAIN_WINDOW source_scope=main_window control_type=MenuItem class_name= text='Beállítások' rectangle={'left': 215, 'top': 29, 'right': 303, 'bottom': 53} center=(259, 41) process_id=13928 native_handle=None topbar_candidate=True popup_candidate=False
2026-08-25 22:21:40.109 | DEBUG    | winwatt_automation.live_ui.menu_helpers:_log_popup_fragment:499 - DBG_MENU_FRAGMENT_MAIN_WINDOW source_scope=main_window control_type=MenuItem class_name= text='Ablak' rectangle={'left': 303, 'top': 29, 'right': 358, 'bottom': 53} center=(330, 41) process_id=13928 native_handle=None topbar_candidate=True popup_candidate=False
2026-08-25 22:21:40.109 | DEBUG    | winwatt_automation.live_ui.menu_helpers:_log_popup_fragment:499 - DBG_MENU_FRAGMENT_MAIN_WINDOW source_scope=main_window control_type=MenuItem class_name= text='Súgó' rectangle={'left': 358, 'top': 29, 'right': 409, 'bottom': 53} center=(383, 41) process_id=13928 native_handle=None topbar_candidate=True popup_candidate=False
2026-08-25 22:21:40.110 | DEBUG    | winwatt_automation.live_ui.menu_helpers:_menu_like_controls_from_main_window:1599 - DBG_MENU_FRAGMENT_SOURCE_SUMMARY source_scope=main_window count=7
2026-08-25 22:21:40.112 | DEBUG    | winwatt_automation.live_ui.app_connector:get_cached_main_window:565 - DBG_WINWATT_CACHE_GET reason_code=cache_reused_without_validation payload={'wrapper_type': 'UIAWrapper', 'handle': 1837942, 'process_id': 13928, 'title': 'WinWatt gólya', 'class_name': 'TMainForm', 'control_type': 'Window'} last_validation_age_s=3.0 diagnostic_fast_mode=False
2026-08-25 22:21:40.112 | DEBUG    | winwatt_automation.live_ui.app_connector:get_cached_main_window:566 - DBG_PHASE_TIMING phase=get_cached_main_window elapsed_ms=0.000 reason_code=cache_reused_without_validation
2026-08-25 22:21:40.115 | DEBUG    | winwatt_automation.live_ui.app_connector:get_cached_main_window:565 - DBG_WINWATT_CACHE_GET reason_code=cache_reused_without_validation payload={'wrapper_type': 'UIAWrapper', 'handle': 1837942, 'process_id': 13928, 'title': 'WinWatt gólya', 'class_name': 'TMainForm', 'control_type': 'Window'} last_validation_age_s=3.0 diagnostic_fast_mode=False
2026-08-25 22:21:40.115 | DEBUG    | winwatt_automation.live_ui.app_connector:get_cached_main_window:566 - DBG_PHASE_TIMING phase=get_cached_main_window elapsed_ms=0.000 reason_code=cache_reused_without_validation
2026-08-25 22:21:40.583 | DEBUG    | winwatt_automation.live_ui.menu_helpers:_log_popup_fragment:499 - DBG_MENU_FRAGMENT_GLOBAL_SCAN source_scope=global_process_scan control_type=MenuItem class_name= text='Rendszer' rectangle={'left': 970, 'top': 388, 'right': 998, 'bottom': 416} center=(984, 402) process_id=13928 native_handle=None topbar_candidate=False popup_candidate=True
2026-08-25 22:21:40.618 | DEBUG    | winwatt_automation.live_ui.menu_helpers:_log_popup_fragment:499 - DBG_MENU_FRAGMENT_GLOBAL_SCAN source_scope=global_process_scan control_type=MenuItem class_name= text='Rendszer' rectangle={'left': 0, 'top': 0, 'right': 28, 'bottom': 28} center=(14, 14) process_id=13928 native_handle=None topbar_candidate=True popup_candidate=False
2026-08-25 22:21:40.618 | DEBUG    | winwatt_automation.live_ui.menu_helpers:_log_popup_fragment:499 - DBG_MENU_FRAGMENT_GLOBAL_SCAN source_scope=global_process_scan control_type=MenuItem class_name= text='Fájl' rectangle={'left': 0, 'top': 29, 'right': 40, 'bottom': 53} center=(20, 41) process_id=13928 native_handle=None topbar_candidate=True popup_candidate=False
2026-08-25 22:21:40.618 | DEBUG    | winwatt_automation.live_ui.menu_helpers:_log_popup_fragment:499 - DBG_MENU_FRAGMENT_GLOBAL_SCAN source_scope=global_process_scan control_type=MenuItem class_name= text='Jegyzékek' rectangle={'left': 40, 'top': 29, 'right': 123, 'bottom': 53} center=(81, 41) process_id=13928 native_handle=None topbar_candidate=True popup_candidate=False
2026-08-25 22:21:40.618 | DEBUG    | winwatt_automation.live_ui.menu_helpers:_log_popup_fragment:499 - DBG_MENU_FRAGMENT_GLOBAL_SCAN source_scope=global_process_scan control_type=MenuItem class_name= text='Adatbázis...' rectangle={'left': 123, 'top': 29, 'right': 216, 'bottom': 53} center=(169, 41) process_id=13928 native_handle=None topbar_candidate=True popup_candidate=False
2026-08-25 22:21:40.618 | DEBUG    | winwatt_automation.live_ui.menu_helpers:_log_popup_fragment:499 - DBG_MENU_FRAGMENT_GLOBAL_SCAN source_scope=global_process_scan control_type=MenuItem class_name= text='Beállítások' rectangle={'left': 215, 'top': 29, 'right': 303, 'bottom': 53} center=(259, 41) process_id=13928 native_handle=None topbar_candidate=True popup_candidate=False
2026-08-25 22:21:40.618 | DEBUG    | winwatt_automation.live_ui.menu_helpers:_log_popup_fragment:499 - DBG_MENU_FRAGMENT_GLOBAL_SCAN source_scope=global_process_scan control_type=MenuItem class_name= text='Ablak' rectangle={'left': 303, 'top': 29, 'right': 358, 'bottom': 53} center=(330, 41) process_id=13928 native_handle=None topbar_candidate=True popup_candidate=False
2026-08-25 22:21:40.618 | DEBUG    | winwatt_automation.live_ui.menu_helpers:_log_popup_fragment:499 - DBG_MENU_FRAGMENT_GLOBAL_SCAN source_scope=global_process_scan control_type=MenuItem class_name= text='Súgó' rectangle={'left': 358, 'top': 29, 'right': 409, 'bottom': 53} center=(383, 41) process_id=13928 native_handle=None topbar_candidate=True popup_candidate=False
2026-08-25 22:21:40.618 | DEBUG    | winwatt_automation.live_ui.menu_helpers:_menu_like_controls_from_global_process_scan:1631 - DBG_MENU_FRAGMENT_SOURCE_SUMMARY source_scope=global_process_scan count=8 process_id=13928
2026-08-25 22:21:40.634 | DEBUG    | winwatt_automation.live_ui.app_connector:get_cached_main_window:565 - DBG_WINWATT_CACHE_GET reason_code=cache_reused_without_validation payload={'wrapper_type': 'UIAWrapper', 'handle': 1837942, 'process_id': 13928, 'title': 'WinWatt gólya', 'class_name': 'TMainForm', 'control_type': 'Window'} last_validation_age_s=3.5 diagnostic_fast_mode=False
2026-08-25 22:21:40.634 | DEBUG    | winwatt_automation.live_ui.app_connector:get_cached_main_window:566 - DBG_PHASE_TIMING phase=get_cached_main_window elapsed_ms=16.000 reason_code=cache_reused_without_validation
2026-08-25 22:21:40.945 | DEBUG    | winwatt_automation.live_ui.menu_helpers:capture_menu_popup_snapshot:1682 - DBG_POPUP_ROW_DEDUPE rect={'left': 0, 'top': 0, 'right': 28, 'bottom': 28} normalized_text=rendszer class_name= source_scope=main_window deduplicated=False
2026-08-25 22:21:40.946 | DEBUG    | winwatt_automation.live_ui.menu_helpers:capture_menu_popup_snapshot:1682 - DBG_POPUP_ROW_DEDUPE rect={'left': 0, 'top': 29, 'right': 40, 'bottom': 53} normalized_text=fájl class_name= source_scope=main_window deduplicated=False
2026-08-25 22:21:40.947 | DEBUG    | winwatt_automation.live_ui.menu_helpers:capture_menu_popup_snapshot:1682 - DBG_POPUP_ROW_DEDUPE rect={'left': 40, 'top': 29, 'right': 123, 'bottom': 53} normalized_text=jegyzékek class_name= source_scope=main_window deduplicated=False
2026-08-25 22:21:40.947 | DEBUG    | winwatt_automation.live_ui.menu_helpers:capture_menu_popup_snapshot:1682 - DBG_POPUP_ROW_DEDUPE rect={'left': 123, 'top': 29, 'right': 216, 'bottom': 53} normalized_text=adatbázis... class_name= source_scope=main_window deduplicated=False
2026-08-25 22:21:40.947 | DEBUG    | winwatt_automation.live_ui.menu_helpers:capture_menu_popup_snapshot:1682 - DBG_POPUP_ROW_DEDUPE rect={'left': 215, 'top': 29, 'right': 303, 'bottom': 53} normalized_text=beállítások class_name= source_scope=main_window deduplicated=False
2026-08-25 22:21:40.947 | DEBUG    | winwatt_automation.live_ui.menu_helpers:capture_menu_popup_snapshot:1682 - DBG_POPUP_ROW_DEDUPE rect={'left': 303, 'top': 29, 'right': 358, 'bottom': 53} normalized_text=ablak class_name= source_scope=main_window deduplicated=False
2026-08-25 22:21:40.947 | DEBUG    | winwatt_automation.live_ui.menu_helpers:capture_menu_popup_snapshot:1682 - DBG_POPUP_ROW_DEDUPE rect={'left': 358, 'top': 29, 'right': 409, 'bottom': 53} normalized_text=súgó class_name= source_scope=main_window deduplicated=False
2026-08-25 22:21:40.947 | DEBUG    | winwatt_automation.live_ui.menu_helpers:capture_menu_popup_snapshot:1682 - DBG_POPUP_ROW_DEDUPE rect={'left': 970, 'top': 388, 'right': 998, 'bottom': 416} normalized_text=rendszer class_name= source_scope=global_process_scan deduplicated=False
2026-08-25 22:21:40.947 | DEBUG    | winwatt_automation.live_ui.menu_helpers:capture_menu_popup_snapshot:1682 - DBG_POPUP_ROW_DEDUPE rect={'left': 0, 'top': 0, 'right': 28, 'bottom': 28} normalized_text=rendszer class_name= source_scope=global_process_scan deduplicated=False
2026-08-25 22:21:40.947 | DEBUG    | winwatt_automation.live_ui.menu_helpers:capture_menu_popup_snapshot:1682 - DBG_POPUP_ROW_DEDUPE rect={'left': 0, 'top': 29, 'right': 40, 'bottom': 53} normalized_text=fájl class_name= source_scope=global_process_scan deduplicated=False
2026-08-25 22:21:40.947 | DEBUG    | winwatt_automation.live_ui.menu_helpers:capture_menu_popup_snapshot:1682 - DBG_POPUP_ROW_DEDUPE rect={'left': 40, 'top': 29, 'right': 123, 'bottom': 53} normalized_text=jegyzékek class_name= source_scope=global_process_scan deduplicated=False
2026-08-25 22:21:40.947 | DEBUG    | winwatt_automation.live_ui.menu_helpers:capture_menu_popup_snapshot:1682 - DBG_POPUP_ROW_DEDUPE rect={'left': 123, 'top': 29, 'right': 216, 'bottom': 53} normalized_text=adatbázis... class_name= source_scope=global_process_scan deduplicated=False
2026-08-25 22:21:40.950 | DEBUG    | winwatt_automation.live_ui.menu_helpers:capture_menu_popup_snapshot:1682 - DBG_POPUP_ROW_DEDUPE rect={'left': 215, 'top': 29, 'right': 303, 'bottom': 53} normalized_text=beállítások class_name= source_scope=global_process_scan deduplicated=False
2026-08-25 22:21:40.950 | DEBUG    | winwatt_automation.live_ui.menu_helpers:capture_menu_popup_snapshot:1682 - DBG_POPUP_ROW_DEDUPE rect={'left': 303, 'top': 29, 'right': 358, 'bottom': 53} normalized_text=ablak class_name= source_scope=global_process_scan deduplicated=False
2026-08-25 22:21:40.950 | DEBUG    | winwatt_automation.live_ui.menu_helpers:capture_menu_popup_snapshot:1682 - DBG_POPUP_ROW_DEDUPE rect={'left': 358, 'top': 29, 'right': 409, 'bottom': 53} normalized_text=súgó class_name= source_scope=global_process_scan deduplicated=False
2026-08-25 22:21:40.950 | INFO     | winwatt_automation.live_ui.menu_helpers:capture_menu_popup_snapshot:1724 - POPUP_SNAPSHOT_SUMMARY main_window_fragments=7 global_scan_fragments=8 deduped_fragments=15 topbar_like=12 popup_like=1 empty_text=0 topbar_band=(0, 29, 409, 53) empty_text_vertical_cluster_detected=False accepted_popup_rows=0 popup_heuristic=candidate_count_below_threshold
2026-08-25 22:21:40.950 | DEBUG    | winwatt_automation.live_ui.menu_helpers:capture_menu_popup_snapshot:1737 - Captured menu snapshot rows=15
2026-08-25 22:21:40.950 | DEBUG    | winwatt_automation.live_ui.menu_helpers:_log_phase_timing:83 - DBG_PHASE_TIMING phase=capture_menu_popup_snapshot elapsed_ms=922.000 main_rows=7 global_rows=8 unique_rows=15 diagnostic_fast_mode=False
2026-08-25 22:21:40.953 | DEBUG    | winwatt_automation.live_ui.app_connector:get_cached_main_window:565 - DBG_WINWATT_CACHE_GET reason_code=cache_reused_without_validation payload={'wrapper_type': 'UIAWrapper', 'handle': 1837942, 'process_id': 13928, 'title': 'WinWatt gólya', 'class_name': 'TMainForm', 'control_type': 'Window'} last_validation_age_s=3.8280000000086147 diagnostic_fast_mode=False
2026-08-25 22:21:40.953 | DEBUG    | winwatt_automation.live_ui.app_connector:get_cached_main_window:566 - DBG_PHASE_TIMING phase=get_cached_main_window elapsed_ms=16.000 reason_code=cache_reused_without_validation
2026-08-25 22:21:41.207 | INFO     | winwatt_automation.live_ui.app_connector:is_winwatt_foreground_context:1123 - DBG_WINWATT_FOREGROUND_CONTEXT expected_handle=1837942 expected_process_id=13928 expected_title=WinWatt gólya expected_class_name=TMainForm actual_foreground_handle=789596 actual_foreground_process_id=13928 actual_foreground_title=Projekt létrehozása actual_foreground_class_name=#32770 allow_dialog=True result_reason=pid_match_allow_dialog
2026-08-25 22:21:41.210 | INFO     | winwatt_automation.live_ui.app_connector:_cached_window_health_status:489 - DBG_WINWATT_CACHE_HEALTH reason_code=healthy payload={'wrapper_type': 'UIAWrapper', 'handle': 1837942, 'process_id': 13928, 'title': 'WinWatt gólya', 'class_name': 'TMainForm', 'control_type': 'Window'}
2026-08-25 22:21:41.213 | DEBUG    | winwatt_automation.live_ui.app_connector:get_cached_main_window:574 - DBG_WINWATT_CACHE_GET reason_code=cache_validated_ok payload={'wrapper_type': 'UIAWrapper', 'handle': 1837942, 'process_id': 13928, 'title': 'WinWatt gólya', 'class_name': 'TMainForm', 'control_type': 'Window'} last_validation_age_s=4.078000000008615 diagnostic_fast_mode=False
2026-08-25 22:21:41.213 | DEBUG    | winwatt_automation.live_ui.app_connector:get_cached_main_window:575 - DBG_PHASE_TIMING phase=get_cached_main_window elapsed_ms=16.000 reason_code=cache_validated_ok
2026-08-25 22:21:41.213 | DEBUG    | winwatt_automation.live_ui.app_connector:get_cached_main_window:565 - DBG_WINWATT_CACHE_GET reason_code=cache_reused_without_validation payload={'wrapper_type': 'UIAWrapper', 'handle': 1837942, 'process_id': 13928, 'title': 'WinWatt gólya', 'class_name': 'TMainForm', 'control_type': 'Window'} last_validation_age_s=0.0159999999741558 diagnostic_fast_mode=False
2026-08-25 22:21:41.213 | DEBUG    | winwatt_automation.live_ui.app_connector:get_cached_main_window:566 - DBG_PHASE_TIMING phase=get_cached_main_window elapsed_ms=0.000 reason_code=cache_reused_without_validation
2026-08-25 22:21:41.675 | INFO     | winwatt_automation.live_ui.menu_helpers:_menu_items:1101 - DBG_MENU_ITEMS_SUMMARY total_items=7 visible_items=7 topbar_band=(0, 0, 409, 53) topbar_band_visible_count=7 popup_region_visible_count=0 force_refresh=True handle=1837942
2026-08-25 22:21:41.675 | DEBUG    | winwatt_automation.live_ui.menu_helpers:_menu_items:1111 - Discovered 7 MenuItem controls
2026-08-25 22:21:41.675 | DEBUG    | winwatt_automation.live_ui.menu_helpers:_log_phase_timing:83 - DBG_PHASE_TIMING phase=_menu_items elapsed_ms=485.000 force_refresh=True total_items=7 visible_items=7
2026-08-25 22:21:41.724 | INFO     | winwatt_automation.live_ui.menu_helpers:list_top_menu_items:1141 - Top-level menu items (raw): ['Rendszer', 'Fájl', 'Jegyzékek', 'Adatbázis...', 'Beállítások', 'Ablak', 'Súgó']
2026-08-25 22:21:41.724 | DEBUG    | winwatt_automation.live_ui.menu_helpers:_log_phase_timing:83 - DBG_PHASE_TIMING phase=list_top_menu_items elapsed_ms=531.000 count=7
2026-08-25 22:21:41.724 | INFO     | winwatt_automation.runtime_mapping.program_mapper:_run_action_evidence_probe:3030 - ACTION_OUTCOME_RECLASSIFIED state=project_open top_menu=Fájl path=['Fájl', 'Megnyitás'] from=no_visible_change to=child_popup_opened
2026-08-25 22:21:41.724 | INFO     | winwatt_automation.runtime_mapping.program_mapper:_run_action_evidence_probe:3031 - ACTION_EVIDENCE_PROBE_RESULT state=project_open top_menu=Fájl path=['Fájl', 'Megnyitás'] row_index=8 result_type=child_popup_opened evidence={'popup_row_count_before': 0, 'visible_item_count_before': 0, 'foreground_title_before': 'Projekt létrehozása', 'foreground_class_before': '#32770', 'main_window_enabled_before': False, 'popup_row_count_after': 15, 'visible_item_count_after': 15, 'foreground_title_after': 'Projekt létrehozása', 'foreground_class_after': '#32770', 'main_window_enabled_after': False, 'new_dialog_detected': False, 'popup_closed': False, 'child_popup_opened': True, 'menu_selection_highlight_changed': False, 'click_exception': None, 'evidence_strength': 'strong', 'placeholder_geometry_signature': None, 'placeholder_geometry_stable': False, 'textual_child_rows_detected': True, 'popup_closed_without_dialog': False, 'popup_closed_with_foreground_change': False, 'focus_changed_without_dialog': False, 'result_type': 'child_popup_opened'}
2026-08-25 22:21:41.724 | INFO     | winwatt_automation.runtime_mapping.program_mapper:_evaluate_action_admission:1991 - ACTION_ADMISSION_ACCEPTED top_menu=Fájl path=['Fájl', 'Megnyitás'] traversal_depth=1 reason=interaction_evidence:child_popup_opened classification=executes_command result_type=child_popup_opened placeholder=False text_confidence=medium raw_text_sources=['legacy_text'] skip_reason=None
2026-08-25 22:21:41.724 | INFO     | winwatt_automation.runtime_mapping.program_mapper:explore_menu_tree:4155 - ACTION_ADMISSION_ACCEPTED_WITH_PROBE top_menu=Fájl path=['Fájl', 'Megnyitás'] traversal_depth=1 reason=interaction_evidence:child_popup_opened probe_result_type=child_popup_opened evidence_strength=strong
2026-08-25 22:21:41.724 | INFO     | winwatt_automation.runtime_mapping.program_mapper:_build_action_catalog_entry:1851 - ACTION_CATALOG_ENTRY state_path=['Fájl', 'Megnyitás'] entry={'path': ['Fájl', 'Megnyitás'], 'action_type': 'no_effect', 'action_state_classification': 'executes_command', 'opens_modal': False, 'opens_submenu': False, 'changes_menu_state': False, 'opens_project_and_changes_runtime_state': False, 'traversal_depth': 1, 'treat_as_navigation': False, 'expand_children': False, 'retry_on_next_pass': False}
2026-08-25 22:21:41.724 | DEBUG    | winwatt_automation.runtime_mapping.program_mapper:explore_menu_tree:3701 - visited path skip state=project_open path=('fájl', 'végrehajtás')
2026-08-25 22:21:41.724 | DEBUG    | winwatt_automation.runtime_mapping.program_mapper:explore_menu_tree:3701 - visited path skip state=project_open path=('fájl', 'végrehajtás')
2026-08-25 22:21:41.724 | DEBUG    | winwatt_automation.runtime_mapping.program_mapper:explore_menu_tree:3701 - visited path skip state=project_open path=('fájl', 'végrehajtás')
2026-08-25 22:21:41.724 | DEBUG    | winwatt_automation.runtime_mapping.program_mapper:_row_to_node:812 - RAW_MENU_TITLE="[unlabeled row 14]" NORMALIZED_MENU_TITLE="[unlabeled row 14]"
2026-08-25 22:21:41.724 | DEBUG    | winwatt_automation.runtime_mapping.program_mapper:_row_to_node:875 - _row_to_node state=project_open top_menu=Fájl level=1 index=14 title=[unlabeled row 14] placeholder=True classification=skipped_by_safety
2026-08-25 22:21:41.724 | DEBUG    | winwatt_automation.runtime_mapping.program_mapper:_log_phase_timing:281 - DBG_PHASE_TIMING phase=_row_to_node elapsed_ms=0.000 top_menu=Fájl level=1 index=14 title=[unlabeled row 14] placeholder=True
2026-08-25 22:21:41.724 | DEBUG    | winwatt_automation.live_ui.app_connector:get_cached_main_window:565 - DBG_WINWATT_CACHE_GET reason_code=cache_reused_without_validation payload={'wrapper_type': 'UIAWrapper', 'handle': 1837942, 'process_id': 13928, 'title': 'WinWatt gólya', 'class_name': 'TMainForm', 'control_type': 'Window'} last_validation_age_s=0.5309999999881256 diagnostic_fast_mode=False
2026-08-25 22:21:41.738 | DEBUG    | winwatt_automation.live_ui.app_connector:get_cached_main_window:566 - DBG_PHASE_TIMING phase=get_cached_main_window elapsed_ms=16.000 reason_code=cache_reused_without_validation
2026-08-25 22:21:41.959 | DEBUG    | winwatt_automation.live_ui.app_connector:get_cached_main_window:565 - DBG_WINWATT_CACHE_GET reason_code=cache_reused_without_validation payload={'wrapper_type': 'UIAWrapper', 'handle': 1837942, 'process_id': 13928, 'title': 'WinWatt gólya', 'class_name': 'TMainForm', 'control_type': 'Window'} last_validation_age_s=0.7659999999741558 diagnostic_fast_mode=False
2026-08-25 22:21:41.959 | DEBUG    | winwatt_automation.live_ui.app_connector:get_cached_main_window:566 - DBG_PHASE_TIMING phase=get_cached_main_window elapsed_ms=0.000 reason_code=cache_reused_without_validation
2026-08-25 22:21:41.959 | DEBUG    | winwatt_automation.live_ui.app_connector:get_cached_main_window:565 - DBG_WINWATT_CACHE_GET reason_code=cache_reused_without_validation payload={'wrapper_type': 'UIAWrapper', 'handle': 1837942, 'process_id': 13928, 'title': 'WinWatt gólya', 'class_name': 'TMainForm', 'control_type': 'Window'} last_validation_age_s=0.7659999999741558 diagnostic_fast_mode=False
2026-08-25 22:21:41.959 | DEBUG    | winwatt_automation.live_ui.app_connector:get_cached_main_window:566 - DBG_PHASE_TIMING phase=get_cached_main_window elapsed_ms=0.000 reason_code=cache_reused_without_validation
2026-08-25 22:21:42.380 | INFO     | winwatt_automation.live_ui.menu_helpers:_menu_items:1101 - DBG_MENU_ITEMS_SUMMARY total_items=7 visible_items=7 topbar_band=(0, 0, 409, 53) topbar_band_visible_count=7 popup_region_visible_count=0 force_refresh=True handle=1837942
2026-08-25 22:21:42.380 | DEBUG    | winwatt_automation.live_ui.menu_helpers:_menu_items:1111 - Discovered 7 MenuItem controls
2026-08-25 22:21:42.380 | DEBUG    | winwatt_automation.live_ui.menu_helpers:_log_phase_timing:83 - DBG_PHASE_TIMING phase=_menu_items elapsed_ms=422.000 force_refresh=True total_items=7 visible_items=7
2026-08-25 22:21:42.420 | INFO     | winwatt_automation.live_ui.menu_helpers:list_top_menu_items:1141 - Top-level menu items (raw): ['Rendszer', 'Fájl', 'Jegyzékek', 'Adatbázis...', 'Beállítások', 'Ablak', 'Súgó']
2026-08-25 22:21:42.420 | DEBUG    | winwatt_automation.live_ui.menu_helpers:_log_phase_timing:83 - DBG_PHASE_TIMING phase=list_top_menu_items elapsed_ms=469.000 count=7
2026-08-25 22:21:42.420 | INFO     | winwatt_automation.runtime_mapping.program_mapper:_evaluate_action_admission:1969 - ACTION_ADMISSION_REJECTED top_menu=Fájl path=['Fájl', '[unlabeled row 14]'] traversal_depth=1 reason=disabled_menu_item classification=unknown result_type=no_observable_effect placeholder=True text_confidence=none raw_text_sources=[] skip_reason=None
2026-08-25 22:21:42.420 | INFO     | winwatt_automation.runtime_mapping.program_mapper:_evaluate_action_admission:1982 - ACTION_STRUCTURE_ONLY_ROW top_menu=Fájl path=['Fájl', '[unlabeled row 14]'] traversal_depth=1 reason=disabled_menu_item
2026-08-25 22:21:42.420 | INFO     | winwatt_automation.runtime_mapping.program_mapper:_log_phase_timing:279 - DBG_PHASE_TIMING phase=subtree_traversal elapsed_ms=11157.000 state_id=project_open top_menu=Fájl depth=1 rows=13 nodes=4 actions=4
2026-08-25 22:21:42.420 | INFO     | winwatt_automation.runtime_mapping.program_mapper:explore_menu_tree:4182 - ACTION_CATALOG_OUTPUT_SUMMARY state=project_open top_menu=Fájl depth=1 candidate_rows=13 probed_rows=2 admitted_after_probe=2 admitted_actions=2 still_structure_only=2 suppressed_unknown=0 placeholders_retained=2
2026-08-25 22:21:42.420 | DEBUG    | winwatt_automation.runtime_mapping.program_mapper:map_runtime_state:4327 - RAW_MENU_TITLE="Fájl" NORMALIZED_MENU_TITLE="fájl"
2026-08-25 22:21:42.420 | INFO     | winwatt_automation.runtime_mapping.program_mapper:map_runtime_state:4340 - MAP_RUNTIME_STATE_MENU_RESULT state_id=project_open top_menu=Fájl rows=13 nodes=4 actions=4 dialogs=0 windows=0 catalog=2
2026-08-25 22:21:42.420 | DEBUG    | winwatt_automation.live_ui.app_connector:get_cached_main_window:565 - DBG_WINWATT_CACHE_GET reason_code=cache_reused_without_validation payload={'wrapper_type': 'UIAWrapper', 'handle': 1837942, 'process_id': 13928, 'title': 'WinWatt gólya', 'class_name': 'TMainForm', 'control_type': 'Window'} last_validation_age_s=1.2349999999860302 diagnostic_fast_mode=False
2026-08-25 22:21:42.420 | DEBUG    | winwatt_automation.live_ui.app_connector:get_cached_main_window:566 - DBG_PHASE_TIMING phase=get_cached_main_window elapsed_ms=0.000 reason_code=cache_reused_without_validation
2026-08-25 22:21:42.420 | WARNING  | winwatt_automation.runtime_mapping.program_mapper:should_restore_clean_menu_baseline:943 - baseline_restore_needed state=project_open stage=after:Fájl reason=main_window_disabled
2026-08-25 22:21:42.420 | DEBUG    | winwatt_automation.runtime_mapping.program_mapper:restore_clean_menu_baseline:960 - baseline_restore start state=project_open stage=after:Fájl
2026-08-25 22:21:42.420 | DEBUG    | winwatt_automation.live_ui.app_connector:get_cached_main_window:565 - DBG_WINWATT_CACHE_GET reason_code=cache_reused_without_validation payload={'wrapper_type': 'UIAWrapper', 'handle': 1837942, 'process_id': 13928, 'title': 'WinWatt gólya', 'class_name': 'TMainForm', 'control_type': 'Window'} last_validation_age_s=1.2349999999860302 diagnostic_fast_mode=False
2026-08-25 22:21:42.420 | DEBUG    | winwatt_automation.live_ui.app_connector:get_cached_main_window:566 - DBG_PHASE_TIMING phase=get_cached_main_window elapsed_ms=0.000 reason_code=cache_reused_without_validation
2026-08-25 22:21:42.433 | INFO     | winwatt_automation.live_ui.app_connector:ensure_main_window_foreground_before_click:1179 - DBG_WINWATT_FOCUS_GUARD_PRECHECK action_label=baseline_restore:project_open:after:Fájl wrapper_type=UIAWrapper cached_handle=1837942 cached_pid=13928 cached_title=WinWatt gólya cached_class=TMainForm precheck_exists=False precheck_visible=True precheck_enabled=False rect={'left': -10, 'top': -10, 'right': 1930, 'bottom': 1030, 'width': 1940, 'height': 1040}
2026-08-25 22:21:42.433 | ERROR    | winwatt_automation.live_ui.app_connector:ensure_main_window_foreground_before_click:1295 - DBG_WINWATT_FOCUS_GUARD_HARD_FAIL action_label=baseline_restore:project_open:after:Fájl reason=exists_false identity_reasons=['handle', 'process_id', 'title', 'class_name', 'rect', 'visible'] cached_identity={'wrapper_type': 'UIAWrapper', 'handle': 1837942, 'process_id': 13928, 'title': 'WinWatt gólya', 'class_name': 'TMainForm', 'control_type': 'Window'} rect={'left': -10, 'top': -10, 'right': 1930, 'bottom': 1030, 'width': 1940, 'height': 1040} refresh_diagnostic={'action_label': 'baseline_restore:project_open:after:Fájl', 'cached_identity': {'wrapper_type': 'UIAWrapper', 'handle': 1837942, 'process_id': 13928, 'title': 'WinWatt gólya', 'class_name': 'TMainForm', 'control_type': 'Window'}, 'cached_rect': {'left': -10, 'top': -10, 'right': 1930, 'bottom': 1030, 'width': 1940, 'height': 1040}, 'visible': True, 'enabled': False, 'refresh_attempted': False, 'refresh_permitted': False, 'reason': 'refresh_not_permitted'}
2026-08-25 22:21:42.433 | DEBUG    | winwatt_automation.live_ui.app_connector:get_cached_main_window:565 - DBG_WINWATT_CACHE_GET reason_code=cache_reused_without_validation payload={'wrapper_type': 'UIAWrapper', 'handle': 1837942, 'process_id': 13928, 'title': 'WinWatt gólya', 'class_name': 'TMainForm', 'control_type': 'Window'} last_validation_age_s=1.2349999999860302 diagnostic_fast_mode=False
2026-08-25 22:21:42.433 | DEBUG    | winwatt_automation.live_ui.app_connector:get_cached_main_window:566 - DBG_PHASE_TIMING phase=get_cached_main_window elapsed_ms=0.000 reason_code=cache_reused_without_validation
2026-08-25 22:21:42.433 | WARNING  | winwatt_automation.runtime_mapping.program_mapper:restore_clean_menu_baseline:966 - baseline_restore modal_pending state=project_open stage=after:Fájl error=focus_not_restored: main window no longer exists before action=baseline_restore:project_open:after:Fájl
2026-08-25 22:21:42.433 | INFO     | winwatt_automation.runtime_mapping.program_mapper:recover_after_project_open:3392 - project_open_recovery_start timeout_s=15.0 poll_interval_s=0.25
2026-08-25 22:21:42.433 | DEBUG    | winwatt_automation.live_ui.app_connector:get_cached_main_window:565 - DBG_WINWATT_CACHE_GET reason_code=cache_reused_without_validation payload={'wrapper_type': 'UIAWrapper', 'handle': 1837942, 'process_id': 13928, 'title': 'WinWatt gólya', 'class_name': 'TMainForm', 'control_type': 'Window'} last_validation_age_s=1.2349999999860302 diagnostic_fast_mode=False
2026-08-25 22:21:42.433 | DEBUG    | winwatt_automation.live_ui.app_connector:get_cached_main_window:566 - DBG_PHASE_TIMING phase=get_cached_main_window elapsed_ms=0.000 reason_code=cache_reused_without_validation
2026-08-25 22:21:42.622 | WARNING  | winwatt_automation.runtime_mapping.program_mapper:recover_after_project_open:3419 - project_open_recovery_modal_detected diagnostics={'foreground_window': {'handle': 789596, 'title': 'Projekt létrehozása', 'class_name': '#32770', 'process_id': 13928}, 'dialog_candidates': [], 'main_window': {'enabled': False, 'visible': True, 'rect': {'left': -10, 'top': -10, 'right': 1930, 'bottom': 1030}, 'title': 'WinWatt gólya', 'class_name': 'TMainForm', 'process_id': 13928, 'handle': None, 'exists': True}}
2026-08-25 22:21:42.622 | INFO     | winwatt_automation.runtime_mapping.program_mapper:_attempt_project_open_modal_close:3321 - project_open_recovery_close_attempt method=key name=Esc
2026-08-25 22:21:43.033 | DEBUG    | winwatt_automation.live_ui.app_connector:get_cached_main_window:565 - DBG_WINWATT_CACHE_GET reason_code=cache_reused_without_validation payload={'wrapper_type': 'UIAWrapper', 'handle': 1837942, 'process_id': 13928, 'title': 'WinWatt gólya', 'class_name': 'TMainForm', 'control_type': 'Window'} last_validation_age_s=1.6559999999881256 diagnostic_fast_mode=False
2026-08-25 22:21:43.033 | DEBUG    | winwatt_automation.live_ui.app_connector:get_cached_main_window:566 - DBG_PHASE_TIMING phase=get_cached_main_window elapsed_ms=188.000 reason_code=cache_reused_without_validation
2026-08-25 22:21:43.033 | INFO     | winwatt_automation.runtime_mapping.program_mapper:_attempt_project_open_modal_close:3329 - project_open_recovery_close_success method=key name=Esc
2026-08-25 22:21:43.301 | DEBUG    | winwatt_automation.live_ui.app_connector:get_cached_main_window:565 - DBG_WINWATT_CACHE_GET reason_code=cache_reused_without_validation payload={'wrapper_type': 'UIAWrapper', 'handle': 1837942, 'process_id': 13928, 'title': 'WinWatt gólya', 'class_name': 'TMainForm', 'control_type': 'Window'} last_validation_age_s=2.0939999999827705 diagnostic_fast_mode=False
2026-08-25 22:21:43.301 | DEBUG    | winwatt_automation.live_ui.app_connector:get_cached_main_window:566 - DBG_PHASE_TIMING phase=get_cached_main_window elapsed_ms=16.000 reason_code=cache_reused_without_validation
2026-08-25 22:21:43.309 | INFO     | winwatt_automation.runtime_mapping.program_mapper:recover_after_project_open:3403 - project_open_recovery_success
2026-08-25 22:21:43.500 | INFO     | winwatt_automation.runtime_mapping.program_mapper:restore_clean_menu_baseline:969 - baseline_restore modal_pending_recovered state=project_open stage=after:Fájl
2026-08-25 22:21:43.556 | DEBUG    | winwatt_automation.live_ui.app_connector:get_cached_main_window:565 - DBG_WINWATT_CACHE_GET reason_code=cache_reused_without_validation payload={'wrapper_type': 'UIAWrapper', 'handle': 1837942, 'process_id': 13928, 'title': 'WinWatt gólya', 'class_name': 'TMainForm', 'control_type': 'Window'} last_validation_age_s=2.35999999998603 diagnostic_fast_mode=False
2026-08-25 22:21:43.556 | DEBUG    | winwatt_automation.live_ui.app_connector:get_cached_main_window:566 - DBG_PHASE_TIMING phase=get_cached_main_window elapsed_ms=0.000 reason_code=cache_reused_without_validation
2026-08-25 22:21:43.867 | DEBUG    | winwatt_automation.live_ui.app_connector:get_cached_main_window:565 - DBG_WINWATT_CACHE_GET reason_code=cache_reused_without_validation payload={'wrapper_type': 'UIAWrapper', 'handle': 1837942, 'process_id': 13928, 'title': 'WinWatt gólya', 'class_name': 'TMainForm', 'control_type': 'Window'} last_validation_age_s=2.6719999999913853 diagnostic_fast_mode=False
2026-08-25 22:21:43.867 | DEBUG    | winwatt_automation.live_ui.app_connector:get_cached_main_window:566 - DBG_PHASE_TIMING phase=get_cached_main_window elapsed_ms=0.000 reason_code=cache_reused_without_validation
2026-08-25 22:21:43.873 | DEBUG    | winwatt_automation.live_ui.app_connector:get_cached_main_window:565 - DBG_WINWATT_CACHE_GET reason_code=cache_reused_without_validation payload={'wrapper_type': 'UIAWrapper', 'handle': 1837942, 'process_id': 13928, 'title': 'WinWatt gólya', 'class_name': 'TMainForm', 'control_type': 'Window'} last_validation_age_s=2.6719999999913853 diagnostic_fast_mode=False
2026-08-25 22:21:43.873 | DEBUG    | winwatt_automation.live_ui.app_connector:get_cached_main_window:566 - DBG_PHASE_TIMING phase=get_cached_main_window elapsed_ms=16.000 reason_code=cache_reused_without_validation
2026-08-25 22:21:43.873 | INFO     | winwatt_automation.live_ui.menu_helpers:_menu_items:1101 - DBG_MENU_ITEMS_SUMMARY total_items=7 visible_items=7 topbar_band=(0, 0, 409, 53) topbar_band_visible_count=7 popup_region_visible_count=0 force_refresh=False handle=1837942
2026-08-25 22:21:43.873 | DEBUG    | winwatt_automation.live_ui.menu_helpers:_menu_items:1111 - Discovered 7 MenuItem controls
2026-08-25 22:21:43.873 | DEBUG    | winwatt_automation.live_ui.menu_helpers:_log_phase_timing:83 - DBG_PHASE_TIMING phase=_menu_items elapsed_ms=16.000 force_refresh=False total_items=7 visible_items=7
2026-08-25 22:21:43.873 | DEBUG    | winwatt_automation.live_ui.menu_helpers:_log_popup_fragment:499 - DBG_MENU_FRAGMENT_MAIN_WINDOW source_scope=main_window control_type=MenuItem class_name= text='Rendszer' rectangle={'left': 0, 'top': 0, 'right': 28, 'bottom': 28} center=(14, 14) process_id=13928 native_handle=None topbar_candidate=True popup_candidate=False
2026-08-25 22:21:43.873 | DEBUG    | winwatt_automation.live_ui.menu_helpers:_log_popup_fragment:499 - DBG_MENU_FRAGMENT_MAIN_WINDOW source_scope=main_window control_type=MenuItem class_name= text='Fájl' rectangle={'left': 0, 'top': 29, 'right': 40, 'bottom': 53} center=(20, 41) process_id=13928 native_handle=None topbar_candidate=True popup_candidate=False
2026-08-25 22:21:43.873 | DEBUG    | winwatt_automation.live_ui.menu_helpers:_log_popup_fragment:499 - DBG_MENU_FRAGMENT_MAIN_WINDOW source_scope=main_window control_type=MenuItem class_name= text='Jegyzékek' rectangle={'left': 40, 'top': 29, 'right': 123, 'bottom': 53} center=(81, 41) process_id=13928 native_handle=None topbar_candidate=True popup_candidate=False
2026-08-25 22:21:43.873 | DEBUG    | winwatt_automation.live_ui.menu_helpers:_log_popup_fragment:499 - DBG_MENU_FRAGMENT_MAIN_WINDOW source_scope=main_window control_type=MenuItem class_name= text='Adatbázis...' rectangle={'left': 123, 'top': 29, 'right': 216, 'bottom': 53} center=(169, 41) process_id=13928 native_handle=None topbar_candidate=True popup_candidate=False
2026-08-25 22:21:43.873 | DEBUG    | winwatt_automation.live_ui.menu_helpers:_log_popup_fragment:499 - DBG_MENU_FRAGMENT_MAIN_WINDOW source_scope=main_window control_type=MenuItem class_name= text='Beállítások' rectangle={'left': 215, 'top': 29, 'right': 303, 'bottom': 53} center=(259, 41) process_id=13928 native_handle=None topbar_candidate=True popup_candidate=False
2026-08-25 22:21:43.873 | DEBUG    | winwatt_automation.live_ui.menu_helpers:_log_popup_fragment:499 - DBG_MENU_FRAGMENT_MAIN_WINDOW source_scope=main_window control_type=MenuItem class_name= text='Ablak' rectangle={'left': 303, 'top': 29, 'right': 358, 'bottom': 53} center=(330, 41) process_id=13928 native_handle=None topbar_candidate=True popup_candidate=False
2026-08-25 22:21:43.881 | DEBUG    | winwatt_automation.live_ui.menu_helpers:_log_popup_fragment:499 - DBG_MENU_FRAGMENT_MAIN_WINDOW source_scope=main_window control_type=MenuItem class_name= text='Súgó' rectangle={'left': 358, 'top': 29, 'right': 409, 'bottom': 53} center=(383, 41) process_id=13928 native_handle=None topbar_candidate=True popup_candidate=False
2026-08-25 22:21:43.882 | DEBUG    | winwatt_automation.live_ui.menu_helpers:_menu_like_controls_from_main_window:1599 - DBG_MENU_FRAGMENT_SOURCE_SUMMARY source_scope=main_window count=7
2026-08-25 22:21:43.882 | DEBUG    | winwatt_automation.live_ui.app_connector:get_cached_main_window:565 - DBG_WINWATT_CACHE_GET reason_code=cache_reused_without_validation payload={'wrapper_type': 'UIAWrapper', 'handle': 1837942, 'process_id': 13928, 'title': 'WinWatt gólya', 'class_name': 'TMainForm', 'control_type': 'Window'} last_validation_age_s=2.687999999994645 diagnostic_fast_mode=False
2026-08-25 22:21:43.882 | DEBUG    | winwatt_automation.live_ui.app_connector:get_cached_main_window:566 - DBG_PHASE_TIMING phase=get_cached_main_window elapsed_ms=0.000 reason_code=cache_reused_without_validation
2026-08-25 22:21:43.882 | DEBUG    | winwatt_automation.live_ui.app_connector:get_cached_main_window:565 - DBG_WINWATT_CACHE_GET reason_code=cache_reused_without_validation payload={'wrapper_type': 'UIAWrapper', 'handle': 1837942, 'process_id': 13928, 'title': 'WinWatt gólya', 'class_name': 'TMainForm', 'control_type': 'Window'} last_validation_age_s=2.687999999994645 diagnostic_fast_mode=False
2026-08-25 22:21:43.882 | DEBUG    | winwatt_automation.live_ui.app_connector:get_cached_main_window:566 - DBG_PHASE_TIMING phase=get_cached_main_window elapsed_ms=0.000 reason_code=cache_reused_without_validation
2026-08-25 22:21:44.119 | DEBUG    | winwatt_automation.live_ui.menu_helpers:_log_popup_fragment:499 - DBG_MENU_FRAGMENT_GLOBAL_SCAN source_scope=global_process_scan control_type=MenuItem class_name= text='Rendszer' rectangle={'left': 0, 'top': 0, 'right': 28, 'bottom': 28} center=(14, 14) process_id=13928 native_handle=None topbar_candidate=True popup_candidate=False
2026-08-25 22:21:44.119 | DEBUG    | winwatt_automation.live_ui.menu_helpers:_log_popup_fragment:499 - DBG_MENU_FRAGMENT_GLOBAL_SCAN source_scope=global_process_scan control_type=MenuItem class_name= text='Fájl' rectangle={'left': 0, 'top': 29, 'right': 40, 'bottom': 53} center=(20, 41) process_id=13928 native_handle=None topbar_candidate=True popup_candidate=False
2026-08-25 22:21:44.135 | DEBUG    | winwatt_automation.live_ui.menu_helpers:_log_popup_fragment:499 - DBG_MENU_FRAGMENT_GLOBAL_SCAN source_scope=global_process_scan control_type=MenuItem class_name= text='Jegyzékek' rectangle={'left': 40, 'top': 29, 'right': 123, 'bottom': 53} center=(81, 41) process_id=13928 native_handle=None topbar_candidate=True popup_candidate=False
2026-08-25 22:21:44.135 | DEBUG    | winwatt_automation.live_ui.menu_helpers:_log_popup_fragment:499 - DBG_MENU_FRAGMENT_GLOBAL_SCAN source_scope=global_process_scan control_type=MenuItem class_name= text='Adatbázis...' rectangle={'left': 123, 'top': 29, 'right': 216, 'bottom': 53} center=(169, 41) process_id=13928 native_handle=None topbar_candidate=True popup_candidate=False
2026-08-25 22:21:44.135 | DEBUG    | winwatt_automation.live_ui.menu_helpers:_log_popup_fragment:499 - DBG_MENU_FRAGMENT_GLOBAL_SCAN source_scope=global_process_scan control_type=MenuItem class_name= text='Beállítások' rectangle={'left': 215, 'top': 29, 'right': 303, 'bottom': 53} center=(259, 41) process_id=13928 native_handle=None topbar_candidate=True popup_candidate=False
2026-08-25 22:21:44.135 | DEBUG    | winwatt_automation.live_ui.menu_helpers:_log_popup_fragment:499 - DBG_MENU_FRAGMENT_GLOBAL_SCAN source_scope=global_process_scan control_type=MenuItem class_name= text='Ablak' rectangle={'left': 303, 'top': 29, 'right': 358, 'bottom': 53} center=(330, 41) process_id=13928 native_handle=None topbar_candidate=True popup_candidate=False
2026-08-25 22:21:44.135 | DEBUG    | winwatt_automation.live_ui.menu_helpers:_log_popup_fragment:499 - DBG_MENU_FRAGMENT_GLOBAL_SCAN source_scope=global_process_scan control_type=MenuItem class_name= text='Súgó' rectangle={'left': 358, 'top': 29, 'right': 409, 'bottom': 53} center=(383, 41) process_id=13928 native_handle=None topbar_candidate=True popup_candidate=False
2026-08-25 22:21:44.135 | DEBUG    | winwatt_automation.live_ui.menu_helpers:_menu_like_controls_from_global_process_scan:1631 - DBG_MENU_FRAGMENT_SOURCE_SUMMARY source_scope=global_process_scan count=7 process_id=13928
2026-08-25 22:21:44.135 | DEBUG    | winwatt_automation.live_ui.app_connector:get_cached_main_window:565 - DBG_WINWATT_CACHE_GET reason_code=cache_reused_without_validation payload={'wrapper_type': 'UIAWrapper', 'handle': 1837942, 'process_id': 13928, 'title': 'WinWatt gólya', 'class_name': 'TMainForm', 'control_type': 'Window'} last_validation_age_s=2.937999999994645 diagnostic_fast_mode=False
2026-08-25 22:21:44.135 | DEBUG    | winwatt_automation.live_ui.app_connector:get_cached_main_window:566 - DBG_PHASE_TIMING phase=get_cached_main_window elapsed_ms=0.000 reason_code=cache_reused_without_validation
2026-08-25 22:21:44.423 | DEBUG    | winwatt_automation.live_ui.menu_helpers:capture_menu_popup_snapshot:1682 - DBG_POPUP_ROW_DEDUPE rect={'left': 0, 'top': 0, 'right': 28, 'bottom': 28} normalized_text=rendszer class_name= source_scope=main_window deduplicated=False
2026-08-25 22:21:44.423 | DEBUG    | winwatt_automation.live_ui.menu_helpers:capture_menu_popup_snapshot:1682 - DBG_POPUP_ROW_DEDUPE rect={'left': 0, 'top': 29, 'right': 40, 'bottom': 53} normalized_text=fájl class_name= source_scope=main_window deduplicated=False
2026-08-25 22:21:44.423 | DEBUG    | winwatt_automation.live_ui.menu_helpers:capture_menu_popup_snapshot:1682 - DBG_POPUP_ROW_DEDUPE rect={'left': 40, 'top': 29, 'right': 123, 'bottom': 53} normalized_text=jegyzékek class_name= source_scope=main_window deduplicated=False
2026-08-25 22:21:44.423 | DEBUG    | winwatt_automation.live_ui.menu_helpers:capture_menu_popup_snapshot:1682 - DBG_POPUP_ROW_DEDUPE rect={'left': 123, 'top': 29, 'right': 216, 'bottom': 53} normalized_text=adatbázis... class_name= source_scope=main_window deduplicated=False
2026-08-25 22:21:44.423 | DEBUG    | winwatt_automation.live_ui.menu_helpers:capture_menu_popup_snapshot:1682 - DBG_POPUP_ROW_DEDUPE rect={'left': 215, 'top': 29, 'right': 303, 'bottom': 53} normalized_text=beállítások class_name= source_scope=main_window deduplicated=False
2026-08-25 22:21:44.423 | DEBUG    | winwatt_automation.live_ui.menu_helpers:capture_menu_popup_snapshot:1682 - DBG_POPUP_ROW_DEDUPE rect={'left': 303, 'top': 29, 'right': 358, 'bottom': 53} normalized_text=ablak class_name= source_scope=main_window deduplicated=False
2026-08-25 22:21:44.423 | DEBUG    | winwatt_automation.live_ui.menu_helpers:capture_menu_popup_snapshot:1682 - DBG_POPUP_ROW_DEDUPE rect={'left': 358, 'top': 29, 'right': 409, 'bottom': 53} normalized_text=súgó class_name= source_scope=main_window deduplicated=False
2026-08-25 22:21:44.423 | DEBUG    | winwatt_automation.live_ui.menu_helpers:capture_menu_popup_snapshot:1682 - DBG_POPUP_ROW_DEDUPE rect={'left': 0, 'top': 0, 'right': 28, 'bottom': 28} normalized_text=rendszer class_name= source_scope=global_process_scan deduplicated=False
2026-08-25 22:21:44.423 | DEBUG    | winwatt_automation.live_ui.menu_helpers:capture_menu_popup_snapshot:1682 - DBG_POPUP_ROW_DEDUPE rect={'left': 0, 'top': 29, 'right': 40, 'bottom': 53} normalized_text=fájl class_name= source_scope=global_process_scan deduplicated=False
2026-08-25 22:21:44.423 | DEBUG    | winwatt_automation.live_ui.menu_helpers:capture_menu_popup_snapshot:1682 - DBG_POPUP_ROW_DEDUPE rect={'left': 40, 'top': 29, 'right': 123, 'bottom': 53} normalized_text=jegyzékek class_name= source_scope=global_process_scan deduplicated=False
2026-08-25 22:21:44.423 | DEBUG    | winwatt_automation.live_ui.menu_helpers:capture_menu_popup_snapshot:1682 - DBG_POPUP_ROW_DEDUPE rect={'left': 123, 'top': 29, 'right': 216, 'bottom': 53} normalized_text=adatbázis... class_name= source_scope=global_process_scan deduplicated=False
2026-08-25 22:21:44.423 | DEBUG    | winwatt_automation.live_ui.menu_helpers:capture_menu_popup_snapshot:1682 - DBG_POPUP_ROW_DEDUPE rect={'left': 215, 'top': 29, 'right': 303, 'bottom': 53} normalized_text=beállítások class_name= source_scope=global_process_scan deduplicated=False
2026-08-25 22:21:44.423 | DEBUG    | winwatt_automation.live_ui.menu_helpers:capture_menu_popup_snapshot:1682 - DBG_POPUP_ROW_DEDUPE rect={'left': 303, 'top': 29, 'right': 358, 'bottom': 53} normalized_text=ablak class_name= source_scope=global_process_scan deduplicated=False
2026-08-25 22:21:44.423 | DEBUG    | winwatt_automation.live_ui.menu_helpers:capture_menu_popup_snapshot:1682 - DBG_POPUP_ROW_DEDUPE rect={'left': 358, 'top': 29, 'right': 409, 'bottom': 53} normalized_text=súgó class_name= source_scope=global_process_scan deduplicated=False
2026-08-25 22:21:44.423 | INFO     | winwatt_automation.live_ui.menu_helpers:capture_menu_popup_snapshot:1724 - POPUP_SNAPSHOT_SUMMARY main_window_fragments=7 global_scan_fragments=7 deduped_fragments=14 topbar_like=12 popup_like=0 empty_text=0 topbar_band=(0, 29, 409, 53) empty_text_vertical_cluster_detected=False accepted_popup_rows=0 popup_heuristic=candidate_count_below_threshold
2026-08-25 22:21:44.423 | DEBUG    | winwatt_automation.live_ui.menu_helpers:capture_menu_popup_snapshot:1737 - Captured menu snapshot rows=14
2026-08-25 22:21:44.423 | DEBUG    | winwatt_automation.live_ui.menu_helpers:_log_phase_timing:83 - DBG_PHASE_TIMING phase=capture_menu_popup_snapshot elapsed_ms=875.000 main_rows=7 global_rows=7 unique_rows=14 diagnostic_fast_mode=False
2026-08-25 22:21:44.536 | DEBUG    | winwatt_automation.live_ui.app_connector:get_cached_main_window:565 - DBG_WINWATT_CACHE_GET reason_code=cache_reused_without_validation payload={'wrapper_type': 'UIAWrapper', 'handle': 1837942, 'process_id': 13928, 'title': 'WinWatt gólya', 'class_name': 'TMainForm', 'control_type': 'Window'} last_validation_age_s=3.3439999999827705 diagnostic_fast_mode=False
2026-08-25 22:21:44.536 | DEBUG    | winwatt_automation.live_ui.app_connector:get_cached_main_window:566 - DBG_PHASE_TIMING phase=get_cached_main_window elapsed_ms=0.000 reason_code=cache_reused_without_validation
2026-08-25 22:21:44.536 | DEBUG    | winwatt_automation.live_ui.app_connector:get_cached_main_window:565 - DBG_WINWATT_CACHE_GET reason_code=cache_reused_without_validation payload={'wrapper_type': 'UIAWrapper', 'handle': 1837942, 'process_id': 13928, 'title': 'WinWatt gólya', 'class_name': 'TMainForm', 'control_type': 'Window'} last_validation_age_s=3.3439999999827705 diagnostic_fast_mode=False
2026-08-25 22:21:44.536 | DEBUG    | winwatt_automation.live_ui.app_connector:get_cached_main_window:566 - DBG_PHASE_TIMING phase=get_cached_main_window elapsed_ms=0.000 reason_code=cache_reused_without_validation
2026-08-25 22:21:44.536 | DEBUG    | winwatt_automation.live_ui.app_connector:get_cached_main_window:565 - DBG_WINWATT_CACHE_GET reason_code=cache_reused_without_validation payload={'wrapper_type': 'UIAWrapper', 'handle': 1837942, 'process_id': 13928, 'title': 'WinWatt gólya', 'class_name': 'TMainForm', 'control_type': 'Window'} last_validation_age_s=3.3439999999827705 diagnostic_fast_mode=False
2026-08-25 22:21:44.536 | DEBUG    | winwatt_automation.live_ui.app_connector:get_cached_main_window:566 - DBG_PHASE_TIMING phase=get_cached_main_window elapsed_ms=0.000 reason_code=cache_reused_without_validation
2026-08-25 22:21:44.549 | INFO     | winwatt_automation.live_ui.menu_helpers:_menu_items:1101 - DBG_MENU_ITEMS_SUMMARY total_items=7 visible_items=7 topbar_band=(0, 0, 409, 53) topbar_band_visible_count=7 popup_region_visible_count=0 force_refresh=False handle=1837942
2026-08-25 22:21:44.549 | DEBUG    | winwatt_automation.live_ui.menu_helpers:_menu_items:1111 - Discovered 7 MenuItem controls
2026-08-25 22:21:44.549 | DEBUG    | winwatt_automation.live_ui.menu_helpers:_log_phase_timing:83 - DBG_PHASE_TIMING phase=_menu_items elapsed_ms=16.000 force_refresh=False total_items=7 visible_items=7
2026-08-25 22:21:44.549 | DEBUG    | winwatt_automation.live_ui.menu_helpers:_log_popup_fragment:499 - DBG_MENU_FRAGMENT_MAIN_WINDOW source_scope=main_window control_type=MenuItem class_name= text='Rendszer' rectangle={'left': 0, 'top': 0, 'right': 28, 'bottom': 28} center=(14, 14) process_id=13928 native_handle=None topbar_candidate=True popup_candidate=False
2026-08-25 22:21:44.549 | DEBUG    | winwatt_automation.live_ui.menu_helpers:_log_popup_fragment:499 - DBG_MENU_FRAGMENT_MAIN_WINDOW source_scope=main_window control_type=MenuItem class_name= text='Fájl' rectangle={'left': 0, 'top': 29, 'right': 40, 'bottom': 53} center=(20, 41) process_id=13928 native_handle=None topbar_candidate=True popup_candidate=False
2026-08-25 22:21:44.549 | DEBUG    | winwatt_automation.live_ui.menu_helpers:_log_popup_fragment:499 - DBG_MENU_FRAGMENT_MAIN_WINDOW source_scope=main_window control_type=MenuItem class_name= text='Jegyzékek' rectangle={'left': 40, 'top': 29, 'right': 123, 'bottom': 53} center=(81, 41) process_id=13928 native_handle=None topbar_candidate=True popup_candidate=False
2026-08-25 22:21:44.549 | DEBUG    | winwatt_automation.live_ui.menu_helpers:_log_popup_fragment:499 - DBG_MENU_FRAGMENT_MAIN_WINDOW source_scope=main_window control_type=MenuItem class_name= text='Adatbázis...' rectangle={'left': 123, 'top': 29, 'right': 216, 'bottom': 53} center=(169, 41) process_id=13928 native_handle=None topbar_candidate=True popup_candidate=False
2026-08-25 22:21:44.553 | DEBUG    | winwatt_automation.live_ui.menu_helpers:_log_popup_fragment:499 - DBG_MENU_FRAGMENT_MAIN_WINDOW source_scope=main_window control_type=MenuItem class_name= text='Beállítások' rectangle={'left': 215, 'top': 29, 'right': 303, 'bottom': 53} center=(259, 41) process_id=13928 native_handle=None topbar_candidate=True popup_candidate=False
2026-08-25 22:21:44.553 | DEBUG    | winwatt_automation.live_ui.menu_helpers:_log_popup_fragment:499 - DBG_MENU_FRAGMENT_MAIN_WINDOW source_scope=main_window control_type=MenuItem class_name= text='Ablak' rectangle={'left': 303, 'top': 29, 'right': 358, 'bottom': 53} center=(330, 41) process_id=13928 native_handle=None topbar_candidate=True popup_candidate=False
2026-08-25 22:21:44.553 | DEBUG    | winwatt_automation.live_ui.menu_helpers:_log_popup_fragment:499 - DBG_MENU_FRAGMENT_MAIN_WINDOW source_scope=main_window control_type=MenuItem class_name= text='Súgó' rectangle={'left': 358, 'top': 29, 'right': 409, 'bottom': 53} center=(383, 41) process_id=13928 native_handle=None topbar_candidate=True popup_candidate=False
2026-08-25 22:21:44.553 | DEBUG    | winwatt_automation.live_ui.menu_helpers:_menu_like_controls_from_main_window:1599 - DBG_MENU_FRAGMENT_SOURCE_SUMMARY source_scope=main_window count=7
2026-08-25 22:21:44.553 | DEBUG    | winwatt_automation.live_ui.app_connector:get_cached_main_window:565 - DBG_WINWATT_CACHE_GET reason_code=cache_reused_without_validation payload={'wrapper_type': 'UIAWrapper', 'handle': 1837942, 'process_id': 13928, 'title': 'WinWatt gólya', 'class_name': 'TMainForm', 'control_type': 'Window'} last_validation_age_s=3.35999999998603 diagnostic_fast_mode=False
2026-08-25 22:21:44.553 | DEBUG    | winwatt_automation.live_ui.app_connector:get_cached_main_window:566 - DBG_PHASE_TIMING phase=get_cached_main_window elapsed_ms=0.000 reason_code=cache_reused_without_validation
2026-08-25 22:21:44.553 | DEBUG    | winwatt_automation.live_ui.app_connector:get_cached_main_window:565 - DBG_WINWATT_CACHE_GET reason_code=cache_reused_without_validation payload={'wrapper_type': 'UIAWrapper', 'handle': 1837942, 'process_id': 13928, 'title': 'WinWatt gólya', 'class_name': 'TMainForm', 'control_type': 'Window'} last_validation_age_s=3.35999999998603 diagnostic_fast_mode=False
2026-08-25 22:21:44.553 | DEBUG    | winwatt_automation.live_ui.app_connector:get_cached_main_window:566 - DBG_PHASE_TIMING phase=get_cached_main_window elapsed_ms=0.000 reason_code=cache_reused_without_validation
2026-08-25 22:21:44.775 | DEBUG    | winwatt_automation.live_ui.menu_helpers:_log_popup_fragment:499 - DBG_MENU_FRAGMENT_GLOBAL_SCAN source_scope=global_process_scan control_type=MenuItem class_name= text='Rendszer' rectangle={'left': 0, 'top': 0, 'right': 28, 'bottom': 28} center=(14, 14) process_id=13928 native_handle=None topbar_candidate=True popup_candidate=False
2026-08-25 22:21:44.775 | DEBUG    | winwatt_automation.live_ui.menu_helpers:_log_popup_fragment:499 - DBG_MENU_FRAGMENT_GLOBAL_SCAN source_scope=global_process_scan control_type=MenuItem class_name= text='Fájl' rectangle={'left': 0, 'top': 29, 'right': 40, 'bottom': 53} center=(20, 41) process_id=13928 native_handle=None topbar_candidate=True popup_candidate=False
2026-08-25 22:21:44.775 | DEBUG    | winwatt_automation.live_ui.menu_helpers:_log_popup_fragment:499 - DBG_MENU_FRAGMENT_GLOBAL_SCAN source_scope=global_process_scan control_type=MenuItem class_name= text='Jegyzékek' rectangle={'left': 40, 'top': 29, 'right': 123, 'bottom': 53} center=(81, 41) process_id=13928 native_handle=None topbar_candidate=True popup_candidate=False
2026-08-25 22:21:44.775 | DEBUG    | winwatt_automation.live_ui.menu_helpers:_log_popup_fragment:499 - DBG_MENU_FRAGMENT_GLOBAL_SCAN source_scope=global_process_scan control_type=MenuItem class_name= text='Adatbázis...' rectangle={'left': 123, 'top': 29, 'right': 216, 'bottom': 53} center=(169, 41) process_id=13928 native_handle=None topbar_candidate=True popup_candidate=False
2026-08-25 22:21:44.775 | DEBUG    | winwatt_automation.live_ui.menu_helpers:_log_popup_fragment:499 - DBG_MENU_FRAGMENT_GLOBAL_SCAN source_scope=global_process_scan control_type=MenuItem class_name= text='Beállítások' rectangle={'left': 215, 'top': 29, 'right': 303, 'bottom': 53} center=(259, 41) process_id=13928 native_handle=None topbar_candidate=True popup_candidate=False
2026-08-25 22:21:44.775 | DEBUG    | winwatt_automation.live_ui.menu_helpers:_log_popup_fragment:499 - DBG_MENU_FRAGMENT_GLOBAL_SCAN source_scope=global_process_scan control_type=MenuItem class_name= text='Ablak' rectangle={'left': 303, 'top': 29, 'right': 358, 'bottom': 53} center=(330, 41) process_id=13928 native_handle=None topbar_candidate=True popup_candidate=False
2026-08-25 22:21:44.775 | DEBUG    | winwatt_automation.live_ui.menu_helpers:_log_popup_fragment:499 - DBG_MENU_FRAGMENT_GLOBAL_SCAN source_scope=global_process_scan control_type=MenuItem class_name= text='Súgó' rectangle={'left': 358, 'top': 29, 'right': 409, 'bottom': 53} center=(383, 41) process_id=13928 native_handle=None topbar_candidate=True popup_candidate=False
2026-08-25 22:21:44.775 | DEBUG    | winwatt_automation.live_ui.menu_helpers:_menu_like_controls_from_global_process_scan:1631 - DBG_MENU_FRAGMENT_SOURCE_SUMMARY source_scope=global_process_scan count=7 process_id=13928
2026-08-25 22:21:44.787 | DEBUG    | winwatt_automation.live_ui.app_connector:get_cached_main_window:565 - DBG_WINWATT_CACHE_GET reason_code=cache_reused_without_validation payload={'wrapper_type': 'UIAWrapper', 'handle': 1837942, 'process_id': 13928, 'title': 'WinWatt gólya', 'class_name': 'TMainForm', 'control_type': 'Window'} last_validation_age_s=3.577999999979511 diagnostic_fast_mode=False
2026-08-25 22:21:44.787 | DEBUG    | winwatt_automation.live_ui.app_connector:get_cached_main_window:566 - DBG_PHASE_TIMING phase=get_cached_main_window elapsed_ms=16.000 reason_code=cache_reused_without_validation
2026-08-25 22:21:45.075 | DEBUG    | winwatt_automation.live_ui.menu_helpers:capture_menu_popup_snapshot:1682 - DBG_POPUP_ROW_DEDUPE rect={'left': 0, 'top': 0, 'right': 28, 'bottom': 28} normalized_text=rendszer class_name= source_scope=main_window deduplicated=False
2026-08-25 22:21:45.075 | DEBUG    | winwatt_automation.live_ui.menu_helpers:capture_menu_popup_snapshot:1682 - DBG_POPUP_ROW_DEDUPE rect={'left': 0, 'top': 29, 'right': 40, 'bottom': 53} normalized_text=fájl class_name= source_scope=main_window deduplicated=False
2026-08-25 22:21:45.075 | DEBUG    | winwatt_automation.live_ui.menu_helpers:capture_menu_popup_snapshot:1682 - DBG_POPUP_ROW_DEDUPE rect={'left': 40, 'top': 29, 'right': 123, 'bottom': 53} normalized_text=jegyzékek class_name= source_scope=main_window deduplicated=False
2026-08-25 22:21:45.075 | DEBUG    | winwatt_automation.live_ui.menu_helpers:capture_menu_popup_snapshot:1682 - DBG_POPUP_ROW_DEDUPE rect={'left': 123, 'top': 29, 'right': 216, 'bottom': 53} normalized_text=adatbázis... class_name= source_scope=main_window deduplicated=False
2026-08-25 22:21:45.075 | DEBUG    | winwatt_automation.live_ui.menu_helpers:capture_menu_popup_snapshot:1682 - DBG_POPUP_ROW_DEDUPE rect={'left': 215, 'top': 29, 'right': 303, 'bottom': 53} normalized_text=beállítások class_name= source_scope=main_window deduplicated=False
2026-08-25 22:21:45.075 | DEBUG    | winwatt_automation.live_ui.menu_helpers:capture_menu_popup_snapshot:1682 - DBG_POPUP_ROW_DEDUPE rect={'left': 303, 'top': 29, 'right': 358, 'bottom': 53} normalized_text=ablak class_name= source_scope=main_window deduplicated=False
2026-08-25 22:21:45.075 | DEBUG    | winwatt_automation.live_ui.menu_helpers:capture_menu_popup_snapshot:1682 - DBG_POPUP_ROW_DEDUPE rect={'left': 358, 'top': 29, 'right': 409, 'bottom': 53} normalized_text=súgó class_name= source_scope=main_window deduplicated=False
2026-08-25 22:21:45.075 | DEBUG    | winwatt_automation.live_ui.menu_helpers:capture_menu_popup_snapshot:1682 - DBG_POPUP_ROW_DEDUPE rect={'left': 0, 'top': 0, 'right': 28, 'bottom': 28} normalized_text=rendszer class_name= source_scope=global_process_scan deduplicated=False
2026-08-25 22:21:45.075 | DEBUG    | winwatt_automation.live_ui.menu_helpers:capture_menu_popup_snapshot:1682 - DBG_POPUP_ROW_DEDUPE rect={'left': 0, 'top': 29, 'right': 40, 'bottom': 53} normalized_text=fájl class_name= source_scope=global_process_scan deduplicated=False
2026-08-25 22:21:45.075 | DEBUG    | winwatt_automation.live_ui.menu_helpers:capture_menu_popup_snapshot:1682 - DBG_POPUP_ROW_DEDUPE rect={'left': 40, 'top': 29, 'right': 123, 'bottom': 53} normalized_text=jegyzékek class_name= source_scope=global_process_scan deduplicated=False
2026-08-25 22:21:45.075 | DEBUG    | winwatt_automation.live_ui.menu_helpers:capture_menu_popup_snapshot:1682 - DBG_POPUP_ROW_DEDUPE rect={'left': 123, 'top': 29, 'right': 216, 'bottom': 53} normalized_text=adatbázis... class_name= source_scope=global_process_scan deduplicated=False
2026-08-25 22:21:45.075 | DEBUG    | winwatt_automation.live_ui.menu_helpers:capture_menu_popup_snapshot:1682 - DBG_POPUP_ROW_DEDUPE rect={'left': 215, 'top': 29, 'right': 303, 'bottom': 53} normalized_text=beállítások class_name= source_scope=global_process_scan deduplicated=False
2026-08-25 22:21:45.075 | DEBUG    | winwatt_automation.live_ui.menu_helpers:capture_menu_popup_snapshot:1682 - DBG_POPUP_ROW_DEDUPE rect={'left': 303, 'top': 29, 'right': 358, 'bottom': 53} normalized_text=ablak class_name= source_scope=global_process_scan deduplicated=False
2026-08-25 22:21:45.075 | DEBUG    | winwatt_automation.live_ui.menu_helpers:capture_menu_popup_snapshot:1682 - DBG_POPUP_ROW_DEDUPE rect={'left': 358, 'top': 29, 'right': 409, 'bottom': 53} normalized_text=súgó class_name= source_scope=global_process_scan deduplicated=False
2026-08-25 22:21:45.075 | INFO     | winwatt_automation.live_ui.menu_helpers:capture_menu_popup_snapshot:1724 - POPUP_SNAPSHOT_SUMMARY main_window_fragments=7 global_scan_fragments=7 deduped_fragments=14 topbar_like=12 popup_like=0 empty_text=0 topbar_band=(0, 29, 409, 53) empty_text_vertical_cluster_detected=False accepted_popup_rows=0 popup_heuristic=candidate_count_below_threshold
2026-08-25 22:21:45.075 | DEBUG    | winwatt_automation.live_ui.menu_helpers:capture_menu_popup_snapshot:1737 - Captured menu snapshot rows=14
2026-08-25 22:21:45.075 | DEBUG    | winwatt_automation.live_ui.menu_helpers:_log_phase_timing:83 - DBG_PHASE_TIMING phase=capture_menu_popup_snapshot elapsed_ms=531.000 main_rows=7 global_rows=7 unique_rows=14 diagnostic_fast_mode=False
2026-08-25 22:21:45.136 | DEBUG    | winwatt_automation.live_ui.app_connector:get_cached_main_window:565 - DBG_WINWATT_CACHE_GET reason_code=cache_reused_without_validation payload={'wrapper_type': 'UIAWrapper', 'handle': 1837942, 'process_id': 13928, 'title': 'WinWatt gólya', 'class_name': 'TMainForm', 'control_type': 'Window'} last_validation_age_s=3.937999999994645 diagnostic_fast_mode=False
2026-08-25 22:21:45.136 | DEBUG    | winwatt_automation.live_ui.app_connector:get_cached_main_window:566 - DBG_PHASE_TIMING phase=get_cached_main_window elapsed_ms=0.000 reason_code=cache_reused_without_validation
2026-08-25 22:21:45.136 | DEBUG    | winwatt_automation.live_ui.app_connector:get_cached_main_window:565 - DBG_WINWATT_CACHE_GET reason_code=cache_reused_without_validation payload={'wrapper_type': 'UIAWrapper', 'handle': 1837942, 'process_id': 13928, 'title': 'WinWatt gólya', 'class_name': 'TMainForm', 'control_type': 'Window'} last_validation_age_s=3.937999999994645 diagnostic_fast_mode=False
2026-08-25 22:21:45.136 | DEBUG    | winwatt_automation.live_ui.app_connector:get_cached_main_window:566 - DBG_PHASE_TIMING phase=get_cached_main_window elapsed_ms=0.000 reason_code=cache_reused_without_validation
2026-08-25 22:21:45.152 | DEBUG    | winwatt_automation.live_ui.app_connector:get_cached_main_window:565 - DBG_WINWATT_CACHE_GET reason_code=cache_reused_without_validation payload={'wrapper_type': 'UIAWrapper', 'handle': 1837942, 'process_id': 13928, 'title': 'WinWatt gólya', 'class_name': 'TMainForm', 'control_type': 'Window'} last_validation_age_s=3.937999999994645 diagnostic_fast_mode=False
2026-08-25 22:21:45.152 | DEBUG    | winwatt_automation.live_ui.app_connector:get_cached_main_window:566 - DBG_PHASE_TIMING phase=get_cached_main_window elapsed_ms=15.000 reason_code=cache_reused_without_validation
2026-08-25 22:21:45.154 | INFO     | winwatt_automation.live_ui.menu_helpers:_menu_items:1101 - DBG_MENU_ITEMS_SUMMARY total_items=7 visible_items=7 topbar_band=(0, 0, 409, 53) topbar_band_visible_count=7 popup_region_visible_count=0 force_refresh=False handle=1837942
2026-08-25 22:21:45.154 | DEBUG    | winwatt_automation.live_ui.menu_helpers:_menu_items:1111 - Discovered 7 MenuItem controls
2026-08-25 22:21:45.154 | DEBUG    | winwatt_automation.live_ui.menu_helpers:_log_phase_timing:83 - DBG_PHASE_TIMING phase=_menu_items elapsed_ms=31.000 force_refresh=False total_items=7 visible_items=7
2026-08-25 22:21:45.154 | DEBUG    | winwatt_automation.live_ui.menu_helpers:_log_popup_fragment:499 - DBG_MENU_FRAGMENT_MAIN_WINDOW source_scope=main_window control_type=MenuItem class_name= text='Rendszer' rectangle={'left': 0, 'top': 0, 'right': 28, 'bottom': 28} center=(14, 14) process_id=13928 native_handle=None topbar_candidate=True popup_candidate=False
2026-08-25 22:21:45.154 | DEBUG    | winwatt_automation.live_ui.menu_helpers:_log_popup_fragment:499 - DBG_MENU_FRAGMENT_MAIN_WINDOW source_scope=main_window control_type=MenuItem class_name= text='Fájl' rectangle={'left': 0, 'top': 29, 'right': 40, 'bottom': 53} center=(20, 41) process_id=13928 native_handle=None topbar_candidate=True popup_candidate=False
2026-08-25 22:21:45.154 | DEBUG    | winwatt_automation.live_ui.menu_helpers:_log_popup_fragment:499 - DBG_MENU_FRAGMENT_MAIN_WINDOW source_scope=main_window control_type=MenuItem class_name= text='Jegyzékek' rectangle={'left': 40, 'top': 29, 'right': 123, 'bottom': 53} center=(81, 41) process_id=13928 native_handle=None topbar_candidate=True popup_candidate=False
2026-08-25 22:21:45.154 | DEBUG    | winwatt_automation.live_ui.menu_helpers:_log_popup_fragment:499 - DBG_MENU_FRAGMENT_MAIN_WINDOW source_scope=main_window control_type=MenuItem class_name= text='Adatbázis...' rectangle={'left': 123, 'top': 29, 'right': 216, 'bottom': 53} center=(169, 41) process_id=13928 native_handle=None topbar_candidate=True popup_candidate=False
2026-08-25 22:21:45.154 | DEBUG    | winwatt_automation.live_ui.menu_helpers:_log_popup_fragment:499 - DBG_MENU_FRAGMENT_MAIN_WINDOW source_scope=main_window control_type=MenuItem class_name= text='Beállítások' rectangle={'left': 215, 'top': 29, 'right': 303, 'bottom': 53} center=(259, 41) process_id=13928 native_handle=None topbar_candidate=True popup_candidate=False
2026-08-25 22:21:45.154 | DEBUG    | winwatt_automation.live_ui.menu_helpers:_log_popup_fragment:499 - DBG_MENU_FRAGMENT_MAIN_WINDOW source_scope=main_window control_type=MenuItem class_name= text='Ablak' rectangle={'left': 303, 'top': 29, 'right': 358, 'bottom': 53} center=(330, 41) process_id=13928 native_handle=None topbar_candidate=True popup_candidate=False
2026-08-25 22:21:45.154 | DEBUG    | winwatt_automation.live_ui.menu_helpers:_log_popup_fragment:499 - DBG_MENU_FRAGMENT_MAIN_WINDOW source_scope=main_window control_type=MenuItem class_name= text='Súgó' rectangle={'left': 358, 'top': 29, 'right': 409, 'bottom': 53} center=(383, 41) process_id=13928 native_handle=None topbar_candidate=True popup_candidate=False
2026-08-25 22:21:45.154 | DEBUG    | winwatt_automation.live_ui.menu_helpers:_menu_like_controls_from_main_window:1599 - DBG_MENU_FRAGMENT_SOURCE_SUMMARY source_scope=main_window count=7
2026-08-25 22:21:45.154 | DEBUG    | winwatt_automation.live_ui.app_connector:get_cached_main_window:565 - DBG_WINWATT_CACHE_GET reason_code=cache_reused_without_validation payload={'wrapper_type': 'UIAWrapper', 'handle': 1837942, 'process_id': 13928, 'title': 'WinWatt gólya', 'class_name': 'TMainForm', 'control_type': 'Window'} last_validation_age_s=3.9689999999827705 diagnostic_fast_mode=False
2026-08-25 22:21:45.154 | DEBUG    | winwatt_automation.live_ui.app_connector:get_cached_main_window:566 - DBG_PHASE_TIMING phase=get_cached_main_window elapsed_ms=0.000 reason_code=cache_reused_without_validation
2026-08-25 22:21:45.154 | DEBUG    | winwatt_automation.live_ui.app_connector:get_cached_main_window:565 - DBG_WINWATT_CACHE_GET reason_code=cache_reused_without_validation payload={'wrapper_type': 'UIAWrapper', 'handle': 1837942, 'process_id': 13928, 'title': 'WinWatt gólya', 'class_name': 'TMainForm', 'control_type': 'Window'} last_validation_age_s=3.9689999999827705 diagnostic_fast_mode=False
2026-08-25 22:21:45.154 | DEBUG    | winwatt_automation.live_ui.app_connector:get_cached_main_window:566 - DBG_PHASE_TIMING phase=get_cached_main_window elapsed_ms=0.000 reason_code=cache_reused_without_validation
2026-08-25 22:21:45.376 | DEBUG    | winwatt_automation.live_ui.menu_helpers:_log_popup_fragment:499 - DBG_MENU_FRAGMENT_GLOBAL_SCAN source_scope=global_process_scan control_type=MenuItem class_name= text='Rendszer' rectangle={'left': 0, 'top': 0, 'right': 28, 'bottom': 28} center=(14, 14) process_id=13928 native_handle=None topbar_candidate=True popup_candidate=False
2026-08-25 22:21:45.376 | DEBUG    | winwatt_automation.live_ui.menu_helpers:_log_popup_fragment:499 - DBG_MENU_FRAGMENT_GLOBAL_SCAN source_scope=global_process_scan control_type=MenuItem class_name= text='Fájl' rectangle={'left': 0, 'top': 29, 'right': 40, 'bottom': 53} center=(20, 41) process_id=13928 native_handle=None topbar_candidate=True popup_candidate=False
2026-08-25 22:21:45.376 | DEBUG    | winwatt_automation.live_ui.menu_helpers:_log_popup_fragment:499 - DBG_MENU_FRAGMENT_GLOBAL_SCAN source_scope=global_process_scan control_type=MenuItem class_name= text='Jegyzékek' rectangle={'left': 40, 'top': 29, 'right': 123, 'bottom': 53} center=(81, 41) process_id=13928 native_handle=None topbar_candidate=True popup_candidate=False
2026-08-25 22:21:45.376 | DEBUG    | winwatt_automation.live_ui.menu_helpers:_log_popup_fragment:499 - DBG_MENU_FRAGMENT_GLOBAL_SCAN source_scope=global_process_scan control_type=MenuItem class_name= text='Adatbázis...' rectangle={'left': 123, 'top': 29, 'right': 216, 'bottom': 53} center=(169, 41) process_id=13928 native_handle=None topbar_candidate=True popup_candidate=False
2026-08-25 22:21:45.376 | DEBUG    | winwatt_automation.live_ui.menu_helpers:_log_popup_fragment:499 - DBG_MENU_FRAGMENT_GLOBAL_SCAN source_scope=global_process_scan control_type=MenuItem class_name= text='Beállítások' rectangle={'left': 215, 'top': 29, 'right': 303, 'bottom': 53} center=(259, 41) process_id=13928 native_handle=None topbar_candidate=True popup_candidate=False
2026-08-25 22:21:45.376 | DEBUG    | winwatt_automation.live_ui.menu_helpers:_log_popup_fragment:499 - DBG_MENU_FRAGMENT_GLOBAL_SCAN source_scope=global_process_scan control_type=MenuItem class_name= text='Ablak' rectangle={'left': 303, 'top': 29, 'right': 358, 'bottom': 53} center=(330, 41) process_id=13928 native_handle=None topbar_candidate=True popup_candidate=False
2026-08-25 22:21:45.376 | DEBUG    | winwatt_automation.live_ui.menu_helpers:_log_popup_fragment:499 - DBG_MENU_FRAGMENT_GLOBAL_SCAN source_scope=global_process_scan control_type=MenuItem class_name= text='Súgó' rectangle={'left': 358, 'top': 29, 'right': 409, 'bottom': 53} center=(383, 41) process_id=13928 native_handle=None topbar_candidate=True popup_candidate=False
2026-08-25 22:21:45.376 | DEBUG    | winwatt_automation.live_ui.menu_helpers:_menu_like_controls_from_global_process_scan:1631 - DBG_MENU_FRAGMENT_SOURCE_SUMMARY source_scope=global_process_scan count=7 process_id=13928
2026-08-25 22:21:45.392 | INFO     | winwatt_automation.live_ui.app_connector:is_winwatt_foreground_context:1123 - DBG_WINWATT_FOREGROUND_CONTEXT expected_handle=1837942 expected_process_id=13928 expected_title=WinWatt gólya expected_class_name=TMainForm actual_foreground_handle=1837942 actual_foreground_process_id=13928 actual_foreground_title=WinWatt gólya actual_foreground_class_name=TMainForm allow_dialog=True result_reason=handle_match
2026-08-25 22:21:45.392 | INFO     | winwatt_automation.live_ui.app_connector:_cached_window_health_status:489 - DBG_WINWATT_CACHE_HEALTH reason_code=healthy payload={'wrapper_type': 'UIAWrapper', 'handle': 1837942, 'process_id': 13928, 'title': 'WinWatt gólya', 'class_name': 'TMainForm', 'control_type': 'Window'}
2026-08-25 22:21:45.392 | DEBUG    | winwatt_automation.live_ui.app_connector:get_cached_main_window:574 - DBG_WINWATT_CACHE_GET reason_code=cache_validated_ok payload={'wrapper_type': 'UIAWrapper', 'handle': 1837942, 'process_id': 13928, 'title': 'WinWatt gólya', 'class_name': 'TMainForm', 'control_type': 'Window'} last_validation_age_s=4.187999999994645 diagnostic_fast_mode=False
2026-08-25 22:21:45.392 | DEBUG    | winwatt_automation.live_ui.app_connector:get_cached_main_window:575 - DBG_PHASE_TIMING phase=get_cached_main_window elapsed_ms=15.000 reason_code=cache_validated_ok
2026-08-25 22:21:45.677 | DEBUG    | winwatt_automation.live_ui.menu_helpers:capture_menu_popup_snapshot:1682 - DBG_POPUP_ROW_DEDUPE rect={'left': 0, 'top': 0, 'right': 28, 'bottom': 28} normalized_text=rendszer class_name= source_scope=main_window deduplicated=False
2026-08-25 22:21:45.677 | DEBUG    | winwatt_automation.live_ui.menu_helpers:capture_menu_popup_snapshot:1682 - DBG_POPUP_ROW_DEDUPE rect={'left': 0, 'top': 29, 'right': 40, 'bottom': 53} normalized_text=fájl class_name= source_scope=main_window deduplicated=False
2026-08-25 22:21:45.677 | DEBUG    | winwatt_automation.live_ui.menu_helpers:capture_menu_popup_snapshot:1682 - DBG_POPUP_ROW_DEDUPE rect={'left': 40, 'top': 29, 'right': 123, 'bottom': 53} normalized_text=jegyzékek class_name= source_scope=main_window deduplicated=False
2026-08-25 22:21:45.677 | DEBUG    | winwatt_automation.live_ui.menu_helpers:capture_menu_popup_snapshot:1682 - DBG_POPUP_ROW_DEDUPE rect={'left': 123, 'top': 29, 'right': 216, 'bottom': 53} normalized_text=adatbázis... class_name= source_scope=main_window deduplicated=False
2026-08-25 22:21:45.677 | DEBUG    | winwatt_automation.live_ui.menu_helpers:capture_menu_popup_snapshot:1682 - DBG_POPUP_ROW_DEDUPE rect={'left': 215, 'top': 29, 'right': 303, 'bottom': 53} normalized_text=beállítások class_name= source_scope=main_window deduplicated=False
2026-08-25 22:21:45.677 | DEBUG    | winwatt_automation.live_ui.menu_helpers:capture_menu_popup_snapshot:1682 - DBG_POPUP_ROW_DEDUPE rect={'left': 303, 'top': 29, 'right': 358, 'bottom': 53} normalized_text=ablak class_name= source_scope=main_window deduplicated=False
2026-08-25 22:21:45.677 | DEBUG    | winwatt_automation.live_ui.menu_helpers:capture_menu_popup_snapshot:1682 - DBG_POPUP_ROW_DEDUPE rect={'left': 358, 'top': 29, 'right': 409, 'bottom': 53} normalized_text=súgó class_name= source_scope=main_window deduplicated=False
2026-08-25 22:21:45.677 | DEBUG    | winwatt_automation.live_ui.menu_helpers:capture_menu_popup_snapshot:1682 - DBG_POPUP_ROW_DEDUPE rect={'left': 0, 'top': 0, 'right': 28, 'bottom': 28} normalized_text=rendszer class_name= source_scope=global_process_scan deduplicated=False
2026-08-25 22:21:45.677 | DEBUG    | winwatt_automation.live_ui.menu_helpers:capture_menu_popup_snapshot:1682 - DBG_POPUP_ROW_DEDUPE rect={'left': 0, 'top': 29, 'right': 40, 'bottom': 53} normalized_text=fájl class_name= source_scope=global_process_scan deduplicated=False
2026-08-25 22:21:45.677 | DEBUG    | winwatt_automation.live_ui.menu_helpers:capture_menu_popup_snapshot:1682 - DBG_POPUP_ROW_DEDUPE rect={'left': 40, 'top': 29, 'right': 123, 'bottom': 53} normalized_text=jegyzékek class_name= source_scope=global_process_scan deduplicated=False
2026-08-25 22:21:45.677 | DEBUG    | winwatt_automation.live_ui.menu_helpers:capture_menu_popup_snapshot:1682 - DBG_POPUP_ROW_DEDUPE rect={'left': 123, 'top': 29, 'right': 216, 'bottom': 53} normalized_text=adatbázis... class_name= source_scope=global_process_scan deduplicated=False
2026-08-25 22:21:45.677 | DEBUG    | winwatt_automation.live_ui.menu_helpers:capture_menu_popup_snapshot:1682 - DBG_POPUP_ROW_DEDUPE rect={'left': 215, 'top': 29, 'right': 303, 'bottom': 53} normalized_text=beállítások class_name= source_scope=global_process_scan deduplicated=False
2026-08-25 22:21:45.677 | DEBUG    | winwatt_automation.live_ui.menu_helpers:capture_menu_popup_snapshot:1682 - DBG_POPUP_ROW_DEDUPE rect={'left': 303, 'top': 29, 'right': 358, 'bottom': 53} normalized_text=ablak class_name= source_scope=global_process_scan deduplicated=False
2026-08-25 22:21:45.677 | DEBUG    | winwatt_automation.live_ui.menu_helpers:capture_menu_popup_snapshot:1682 - DBG_POPUP_ROW_DEDUPE rect={'left': 358, 'top': 29, 'right': 409, 'bottom': 53} normalized_text=súgó class_name= source_scope=global_process_scan deduplicated=False
2026-08-25 22:21:45.677 | INFO     | winwatt_automation.live_ui.menu_helpers:capture_menu_popup_snapshot:1724 - POPUP_SNAPSHOT_SUMMARY main_window_fragments=7 global_scan_fragments=7 deduped_fragments=14 topbar_like=12 popup_like=0 empty_text=0 topbar_band=(0, 29, 409, 53) empty_text_vertical_cluster_detected=False accepted_popup_rows=0 popup_heuristic=candidate_count_below_threshold
2026-08-25 22:21:45.677 | DEBUG    | winwatt_automation.live_ui.menu_helpers:capture_menu_popup_snapshot:1737 - Captured menu snapshot rows=14
2026-08-25 22:21:45.677 | DEBUG    | winwatt_automation.live_ui.menu_helpers:_log_phase_timing:83 - DBG_PHASE_TIMING phase=capture_menu_popup_snapshot elapsed_ms=547.000 main_rows=7 global_rows=7 unique_rows=14 diagnostic_fast_mode=False
2026-08-25 22:21:45.677 | DEBUG    | winwatt_automation.runtime_mapping.program_mapper:restore_clean_menu_baseline:992 - baseline_restore success state=project_open stage=after:Fájl
2026-08-25 22:21:45.677 | INFO     | winwatt_automation.runtime_mapping.program_mapper:map_runtime_state:4418 - MAP_RUNTIME_STATE_FINAL_COUNTS state_id=project_open retained_top_menus=['Fájl'] rows=13 actions=4 dialogs=0 windows=0 transitions=0 partial=False stop_reason=None
2026-08-25 22:21:45.677 | INFO     | winwatt_automation.runtime_mapping.program_mapper:_build_state_atlas_entry:2053 - STATE_ATLAS_ENTRY_CREATED state_id=project_open top_menus=1 rows=13 actions=2 transitions=0 top_menu_texts=['Fájl'] action_sample=[['Fájl', 'Végrehajtás'], ['Fájl', 'Megnyitás']]
[event] state_mapped: {"actions": 4, "dialogs": 0, "state_id": "project_open", "top_menus": 1}
2026-08-25 22:21:45.711 | INFO     | winwatt_automation.runtime_mapping.program_mapper:_build_state_atlas_entry:2053 - STATE_ATLAS_ENTRY_CREATED state_id=no_project top_menus=1 rows=12 actions=1 transitions=0 top_menu_texts=['Fájl'] action_sample=[['Fájl', 'Végrehajtás']]
2026-08-25 22:21:45.711 | INFO     | winwatt_automation.runtime_mapping.program_mapper:_build_state_atlas_entry:2053 - STATE_ATLAS_ENTRY_CREATED state_id=project_open top_menus=1 rows=13 actions=2 transitions=0 top_menu_texts=['Fájl'] action_sample=[['Fájl', 'Végrehajtás'], ['Fájl', 'Megnyitás']]
[event] runtime_diff: {"enabled_changes": 0, "project_only_paths": 1, "summary": {"actions_only_in_a": 4, "actions_only_in_b": 1, "enabled_changes": 0, "project_only_paths": 1, "shared_top_menus": 1}}
[event] knowledge_verification: {"baseline_loaded": false, "coverage_pct": 100.0, "covered_known_menu_paths": 0, "current_menu_paths": 8, "known_menu_paths": 0, "missing_dialogs": [], "missing_menu_paths": [], "missing_windows": [], "new_dialogs": [], "new_menu_paths": [["fájl", "[unlabeled row 11]"], ["fájl", "[unlabeled row 12]"], ["fájl", "[unlabeled row 14]"], ["fájl", "[unlabeled row 2]"], ["fájl", "[unlabeled row 3]"], ["fájl", "[unlabeled row 5]"], ["fájl", "megnyitás"], ["fájl", "végrehajtás"]], "new_windows": []}
2026-08-25 22:21:45.725 | INFO     | winwatt_automation.live_ui.app_connector:log_cache_usage_summary:539 - CACHE_USAGE_SUMMARY reasons={'cache_missing_resolving_fresh': 29, 'cache_reused_without_validation': 244, 'cache_validated_ok': 13, 'fresh_resolve': 2} validation_age_summary={'count': 257, 'min_s': 0.0, 'max_s': 4.375} throttled_resolves=0
2026-08-25 22:21:45.725 | INFO     | winwatt_automation.live_ui.menu_helpers:log_popup_snapshot_summary:56 - POPUP_SNAPSHOT_SUMMARY snapshots=22 sources={'global_process_scan': 223, 'main_window': 217} dedupe={'kept': 440} topbar_like=264 popup_like=132 empty_text=24
2026-08-25 22:21:45.725 | INFO     | winwatt_automation.runtime_mapping.program_mapper:log_action_catalog_summary:2009 - ACTION_CATALOG_SUMMARY top_menu=Fájl counts={'executes_command': 3}
2026-08-25 22:21:45.725 | INFO     | __main__:main:264 - Runtime mapping completed summary no_project_top_menus=1 project_open_top_menus=1 diff_summary={'shared_top_menus': 1, 'actions_only_in_a': 4, 'actions_only_in_b': 1, 'enabled_changes': 0, 'project_only_paths': 1} log_profile=diagnostic
[event] runtime_mapping_summary: {"already_open_before_mapping": false, "diff_summary": {"actions_only_in_a": 4, "actions_only_in_b": 1, "enabled_changes": 0, "project_only_paths": 1, "shared_top_menus": 1}, "expected_project_path": "C:\\Users\\Admin\\Documents\\GitHub\\autowinwatt\\winwatt_automation\\tests\\testwwp.wwp", "no_project_top_menus": 1, "observed_project_path": "C:\\Users\\Admin\\Documents\\GitHub\\autowinwatt\\winwatt_automation\\tests\\testwwp.wwp", "path_match_normalized": true, "project_open_top_menus": 1, "project_open_verdict": "opened_by_this_attempt", "startup_project_detected": false}

finished_at=2026-08-25T20:21:45.725029+00:00 success=True exit_code=0
