run_id=0113_data_runtime_maps_refreshed_live_9_60_full_2026-08-25_20-52-17
started_at=2026-08-25T20:52:17.468931+00:00
command=python C:\Users\Admin\Documents\GitHub\autowinwatt\winwatt_automation\src\winwatt_automation\scripts\map_full_program.py --safe-mode safe --allow-process-restart --diagnostic-fast-mode --max-submenu-depth 1 --recent-projects-policy skip_recent_projects --log-profile concise --output-dir data/runtime_maps/refreshed_live_9_60_full

2026-08-25 22:52:18.677 | INFO     | winwatt_automation.live_ui.app_connector:get_cached_main_window:597 - DBG_WINWATT_CACHE_GET reason_code=cache_missing_resolving_fresh diagnostic_fast_mode=True
2026-08-25 22:52:21.696 | INFO     | winwatt_automation.live_ui.app_connector:_connect_with_win32_handle:276 - DBG_WINWATT_CONNECT_WIN32_CANDIDATES locator=backend=win32 ranked_candidates=[]
2026-08-25 22:52:21.696 | WARNING  | winwatt_automation.runtime_mapping.program_mapper:_safe_capture_snapshot:191 - snapshot_capture_failed state_id=startup_after_relaunch error=No WinWatt-like windows were found
2026-08-25 22:52:22.204 | INFO     | winwatt_automation.live_ui.app_connector:get_cached_main_window:597 - DBG_WINWATT_CACHE_GET reason_code=cache_missing_resolving_fresh diagnostic_fast_mode=True
2026-08-25 22:52:23.877 | INFO     | winwatt_automation.live_ui.app_connector:_connect_with_win32_handle:276 - DBG_WINWATT_CONNECT_WIN32_CANDIDATES locator=backend=win32 ranked_candidates=[]
2026-08-25 22:52:23.877 | WARNING  | winwatt_automation.runtime_mapping.program_mapper:_safe_capture_snapshot:191 - snapshot_capture_failed state_id=startup_after_relaunch error=No WinWatt-like windows were found
2026-08-25 22:52:24.385 | INFO     | winwatt_automation.live_ui.app_connector:get_cached_main_window:597 - DBG_WINWATT_CACHE_GET reason_code=cache_missing_resolving_fresh diagnostic_fast_mode=True
2026-08-25 22:52:24.444 | INFO     | winwatt_automation.live_ui.app_connector:_connect_with_win32_handle:276 - DBG_WINWATT_CONNECT_WIN32_CANDIDATES locator=backend=win32 ranked_candidates=[]
2026-08-25 22:52:24.444 | WARNING  | winwatt_automation.runtime_mapping.program_mapper:_safe_capture_snapshot:191 - snapshot_capture_failed state_id=startup_after_relaunch error=No WinWatt-like windows were found
2026-08-25 22:52:24.956 | INFO     | winwatt_automation.live_ui.app_connector:get_cached_main_window:597 - DBG_WINWATT_CACHE_GET reason_code=cache_missing_resolving_fresh diagnostic_fast_mode=True
2026-08-25 22:52:25.062 | INFO     | winwatt_automation.live_ui.app_connector:_connect_with_win32_handle:276 - DBG_WINWATT_CONNECT_WIN32_CANDIDATES locator=backend=win32 ranked_candidates=[]
2026-08-25 22:52:25.062 | WARNING  | winwatt_automation.runtime_mapping.program_mapper:_safe_capture_snapshot:191 - snapshot_capture_failed state_id=startup_after_relaunch error=No WinWatt-like windows were found
2026-08-25 22:52:25.568 | INFO     | winwatt_automation.live_ui.app_connector:get_cached_main_window:597 - DBG_WINWATT_CACHE_GET reason_code=cache_missing_resolving_fresh diagnostic_fast_mode=True
2026-08-25 22:52:25.678 | INFO     | winwatt_automation.live_ui.app_connector:_connect_with_win32_handle:276 - DBG_WINWATT_CONNECT_WIN32_CANDIDATES locator=backend=win32 ranked_candidates=[]
2026-08-25 22:52:25.678 | WARNING  | winwatt_automation.runtime_mapping.program_mapper:_safe_capture_snapshot:191 - snapshot_capture_failed state_id=startup_after_relaunch error=No WinWatt-like windows were found
2026-08-25 22:52:26.184 | INFO     | winwatt_automation.live_ui.app_connector:get_cached_main_window:597 - DBG_WINWATT_CACHE_GET reason_code=cache_missing_resolving_fresh diagnostic_fast_mode=True
2026-08-25 22:52:26.260 | INFO     | winwatt_automation.live_ui.app_connector:_connect_with_win32_handle:276 - DBG_WINWATT_CONNECT_WIN32_CANDIDATES locator=backend=win32 ranked_candidates=[]
2026-08-25 22:52:26.260 | WARNING  | winwatt_automation.runtime_mapping.program_mapper:_safe_capture_snapshot:191 - snapshot_capture_failed state_id=startup_after_relaunch error=No WinWatt-like windows were found
2026-08-25 22:52:26.762 | INFO     | winwatt_automation.live_ui.app_connector:get_cached_main_window:597 - DBG_WINWATT_CACHE_GET reason_code=cache_missing_resolving_fresh diagnostic_fast_mode=True
2026-08-25 22:52:26.827 | INFO     | winwatt_automation.live_ui.app_connector:_connect_with_win32_handle:276 - DBG_WINWATT_CONNECT_WIN32_CANDIDATES locator=backend=win32 ranked_candidates=[]
2026-08-25 22:52:26.827 | WARNING  | winwatt_automation.runtime_mapping.program_mapper:_safe_capture_snapshot:191 - snapshot_capture_failed state_id=startup_after_relaunch error=No WinWatt-like windows were found
2026-08-25 22:52:27.336 | INFO     | winwatt_automation.live_ui.app_connector:get_cached_main_window:597 - DBG_WINWATT_CACHE_GET reason_code=cache_missing_resolving_fresh diagnostic_fast_mode=True
2026-08-25 22:52:27.422 | INFO     | winwatt_automation.live_ui.app_connector:_connect_with_win32_handle:276 - DBG_WINWATT_CONNECT_WIN32_CANDIDATES locator=backend=win32 ranked_candidates=[]
2026-08-25 22:52:27.422 | WARNING  | winwatt_automation.runtime_mapping.program_mapper:_safe_capture_snapshot:191 - snapshot_capture_failed state_id=startup_after_relaunch error=No WinWatt-like windows were found
2026-08-25 22:52:27.923 | INFO     | winwatt_automation.live_ui.app_connector:get_cached_main_window:597 - DBG_WINWATT_CACHE_GET reason_code=cache_missing_resolving_fresh diagnostic_fast_mode=True
2026-08-25 22:52:28.047 | INFO     | winwatt_automation.live_ui.app_connector:_connect_with_win32_handle:276 - DBG_WINWATT_CONNECT_WIN32_CANDIDATES locator=backend=win32 ranked_candidates=[]
2026-08-25 22:52:28.047 | WARNING  | winwatt_automation.runtime_mapping.program_mapper:_safe_capture_snapshot:191 - snapshot_capture_failed state_id=startup_after_relaunch error=No WinWatt-like windows were found
2026-08-25 22:52:28.554 | INFO     | winwatt_automation.live_ui.app_connector:get_cached_main_window:597 - DBG_WINWATT_CACHE_GET reason_code=cache_missing_resolving_fresh diagnostic_fast_mode=True
2026-08-25 22:52:28.637 | INFO     | winwatt_automation.live_ui.app_connector:_connect_with_win32_handle:276 - DBG_WINWATT_CONNECT_WIN32_CANDIDATES locator=backend=win32 ranked_candidates=[]
2026-08-25 22:52:28.637 | WARNING  | winwatt_automation.runtime_mapping.program_mapper:_safe_capture_snapshot:191 - snapshot_capture_failed state_id=startup_after_relaunch error=No WinWatt-like windows were found
2026-08-25 22:52:29.139 | INFO     | winwatt_automation.live_ui.app_connector:get_cached_main_window:597 - DBG_WINWATT_CACHE_GET reason_code=cache_missing_resolving_fresh diagnostic_fast_mode=True
2026-08-25 22:52:29.229 | INFO     | winwatt_automation.live_ui.app_connector:_connect_with_win32_handle:276 - DBG_WINWATT_CONNECT_WIN32_CANDIDATES locator=backend=win32 ranked_candidates=[]
2026-08-25 22:52:29.229 | WARNING  | winwatt_automation.runtime_mapping.program_mapper:_safe_capture_snapshot:191 - snapshot_capture_failed state_id=startup_after_relaunch error=No WinWatt-like windows were found
2026-08-25 22:52:29.730 | INFO     | winwatt_automation.live_ui.app_connector:get_cached_main_window:597 - DBG_WINWATT_CACHE_GET reason_code=cache_missing_resolving_fresh diagnostic_fast_mode=True
2026-08-25 22:52:29.812 | INFO     | winwatt_automation.live_ui.app_connector:_connect_with_win32_handle:276 - DBG_WINWATT_CONNECT_WIN32_CANDIDATES locator=backend=win32 ranked_candidates=[]
2026-08-25 22:52:29.812 | WARNING  | winwatt_automation.runtime_mapping.program_mapper:_safe_capture_snapshot:191 - snapshot_capture_failed state_id=startup_after_relaunch error=No WinWatt-like windows were found
2026-08-25 22:52:30.317 | INFO     | winwatt_automation.live_ui.app_connector:get_cached_main_window:597 - DBG_WINWATT_CACHE_GET reason_code=cache_missing_resolving_fresh diagnostic_fast_mode=True
2026-08-25 22:52:30.395 | INFO     | winwatt_automation.live_ui.app_connector:_connect_with_win32_handle:276 - DBG_WINWATT_CONNECT_WIN32_CANDIDATES locator=backend=win32 ranked_candidates=[]
2026-08-25 22:52:30.400 | WARNING  | winwatt_automation.runtime_mapping.program_mapper:_safe_capture_snapshot:191 - snapshot_capture_failed state_id=startup_after_relaunch error=No WinWatt-like windows were found
2026-08-25 22:52:30.900 | INFO     | winwatt_automation.live_ui.app_connector:get_cached_main_window:597 - DBG_WINWATT_CACHE_GET reason_code=cache_missing_resolving_fresh diagnostic_fast_mode=True
2026-08-25 22:52:30.960 | INFO     | winwatt_automation.live_ui.app_connector:_connect_with_win32_handle:276 - DBG_WINWATT_CONNECT_WIN32_CANDIDATES locator=backend=win32 ranked_candidates=[]
2026-08-25 22:52:30.978 | WARNING  | winwatt_automation.runtime_mapping.program_mapper:_safe_capture_snapshot:191 - snapshot_capture_failed state_id=startup_after_relaunch error=No WinWatt-like windows were found
2026-08-25 22:52:31.480 | INFO     | winwatt_automation.live_ui.app_connector:get_cached_main_window:597 - DBG_WINWATT_CACHE_GET reason_code=cache_missing_resolving_fresh diagnostic_fast_mode=True
2026-08-25 22:52:31.560 | INFO     | winwatt_automation.live_ui.app_connector:_connect_with_win32_handle:276 - DBG_WINWATT_CONNECT_WIN32_CANDIDATES locator=backend=win32 ranked_candidates=[{'rank': 1, 'score': (1, 1, 1, 1, 2017600), 'process_id': 12016, 'handle': None, 'class_name': 'TMainForm', 'title': 'WinWatt gólya', 'visible': True, 'enabled': True}]
2026-08-25 22:52:31.560 | INFO     | winwatt_automation.live_ui.app_connector:select_main_window:224 - Candidate ranking score=(1, 1, 1, 1, 2017600) data={'title': 'WinWatt gólya', 'window_text': 'WinWatt gólya', 'class_name': 'TMainForm', 'control_type': None, 'process_id': 12016, 'handle': None, 'is_visible': True, 'is_enabled': True, 'rectangle': {'left': -10, 'top': -10, 'right': 1930, 'bottom': 1030, 'width': 1940, 'height': 1040}, 'size': {'width': 1940, 'height': 1040}}
2026-08-25 22:52:31.560 | INFO     | winwatt_automation.live_ui.app_connector:select_main_window:234 - Selected main window process_id=12016 handle=None score=(1, 1, 1, 1, 2017600) reasons=['has_process_id=True', 'has_handle=False', 'visible=True', 'enabled=True', 'title_has_winwatt=True', 'area=2017600']
2026-08-25 22:52:31.560 | INFO     | winwatt_automation.live_ui.app_connector:_connect_with_win32_handle:293 - DBG_WINWATT_CONNECT_WIN32_SELECTED selected_payload={'title': 'WinWatt gólya', 'window_text': 'WinWatt gólya', 'class_name': 'TMainForm', 'control_type': None, 'process_id': 12016, 'handle': None, 'is_visible': True, 'is_enabled': True, 'rectangle': {'left': -10, 'top': -10, 'right': 1930, 'bottom': 1030, 'width': 1940, 'height': 1040}, 'size': {'width': 1940, 'height': 1040}} selected_handle_is_none=True
2026-08-25 22:52:31.560 | INFO     | winwatt_automation.live_ui.app_connector:_connect_with_win32_handle:336 - Connected to WinWatt backend=win32 attach_mode=process candidate={'process_id': 12016, 'handle': None, 'class_name': 'TMainForm', 'title': 'WinWatt gólya'}
2026-08-25 22:52:31.560 | INFO     | winwatt_automation.live_ui.app_connector:_connect_with_win32_handle:350 - DBG_WINWATT_CONNECT_WIN32_RESOLVED process_id=12016 resolved_handle=None selected_payload={'title': 'WinWatt gólya', 'window_text': 'WinWatt gólya', 'class_name': 'TMainForm', 'control_type': None, 'process_id': 12016, 'handle': None, 'is_visible': True, 'is_enabled': True, 'rectangle': {'left': -10, 'top': -10, 'right': 1930, 'bottom': 1030, 'width': 1940, 'height': 1040}, 'size': {'width': 1940, 'height': 1040}}
2026-08-25 22:52:31.560 | INFO     | winwatt_automation.live_ui.app_connector:_resolve_uia_main_window:382 - DBG_WINWATT_RESOLVE_UIA_WIN32_SELECTED selected_payload={'title': 'WinWatt gólya', 'window_text': 'WinWatt gólya', 'class_name': 'TMainForm', 'control_type': None, 'process_id': 12016, 'handle': None, 'is_visible': True, 'is_enabled': True, 'rectangle': {'left': -10, 'top': -10, 'right': 1930, 'bottom': 1030, 'width': 1940, 'height': 1040}, 'size': {'width': 1940, 'height': 1040}}
2026-08-25 22:52:31.560 | INFO     | winwatt_automation.live_ui.app_connector:_resolve_uia_main_window:388 - Connected to WinWatt backend=uia process_id=12016
2026-08-25 22:52:31.560 | INFO     | winwatt_automation.live_ui.app_connector:_resolve_uia_main_window:390 - Resolving main WinWatt window backend=uia class_name=TMainForm title_re=.*WinWatt.*
2026-08-25 22:52:31.960 | INFO     | winwatt_automation.live_ui.app_connector:_resolve_uia_main_window:400 - DBG_WINWATT_RESOLVE_UIA_PRIMARY selected_payload={'title': 'WinWatt gólya', 'window_text': 'WinWatt gólya', 'class_name': 'TMainForm', 'control_type': None, 'process_id': 12016, 'handle': None, 'is_visible': True, 'is_enabled': True, 'rectangle': {'left': -10, 'top': -10, 'right': 1930, 'bottom': 1030, 'width': 1940, 'height': 1040}, 'size': {'width': 1940, 'height': 1040}} primary_result={'wrapper_type': 'UIAWrapper', 'handle': 1313178, 'process_id': 12016, 'title': 'WinWatt gólya', 'class_name': 'TMainForm', 'control_type': 'Window'} identity_match_with_win32=None
2026-08-25 22:52:32.742 | INFO     | winwatt_automation.live_ui.menu_helpers:_menu_items:1101 - DBG_MENU_ITEMS_SUMMARY total_items=7 visible_items=7 topbar_band=(0, 0, 409, 53) topbar_band_visible_count=7 popup_region_visible_count=0 force_refresh=True handle=1313178
2026-08-25 22:52:32.805 | INFO     | winwatt_automation.live_ui.menu_helpers:list_top_menu_items:1141 - Top-level menu items (raw): ['Rendszer', 'Fájl', 'Jegyzékek', 'Adatbázis...', 'Beállítások', 'Ablak', 'Súgó']
2026-08-25 22:52:33.477 | INFO     | winwatt_automation.live_ui.menu_helpers:_menu_items:1101 - DBG_MENU_ITEMS_SUMMARY total_items=7 visible_items=7 topbar_band=(0, 0, 409, 53) topbar_band_visible_count=7 popup_region_visible_count=0 force_refresh=True handle=1313178
2026-08-25 22:52:33.527 | INFO     | winwatt_automation.live_ui.menu_helpers:list_top_menu_items:1141 - Top-level menu items (raw): ['Rendszer', 'Fájl', 'Jegyzékek', 'Adatbázis...', 'Beállítások', 'Ablak', 'Súgó']
2026-08-25 22:52:34.210 | INFO     | winwatt_automation.live_ui.menu_helpers:_menu_items:1101 - DBG_MENU_ITEMS_SUMMARY total_items=7 visible_items=7 topbar_band=(0, 0, 409, 53) topbar_band_visible_count=7 popup_region_visible_count=0 force_refresh=True handle=1313178
2026-08-25 22:52:34.260 | INFO     | winwatt_automation.live_ui.menu_helpers:list_top_menu_items:1141 - Top-level menu items (raw): ['Rendszer', 'Fájl', 'Jegyzékek', 'Adatbázis...', 'Beállítások', 'Ablak', 'Súgó']
2026-08-25 22:52:34.260 | INFO     | winwatt_automation.runtime_mapping.program_mapper:get_canonical_top_menu_names:924 - Canonical top-level menus [7]: ['Rendszer', 'Fájl', 'Jegyzékek', 'Adatbázis...', 'Beállítások', 'Ablak', 'Súgó']
2026-08-25 22:52:34.260 | INFO     | winwatt_automation.runtime_mapping.program_mapper:map_runtime_state:4285 - MAP_RUNTIME_STATE_SELECTION state_id=no_project discovered=['Rendszer', 'Fájl', 'Jegyzékek', 'Adatbázis...', 'Beállítások', 'Ablak', 'Súgó'] canonical=['Rendszer', 'Fájl', 'Jegyzékek', 'Adatbázis...', 'Beállítások', 'Ablak', 'Súgó'] requested=['Fájl', 'Jegyzékek', 'Adatbázis...', 'Beállítások', 'Ablak', 'Súgó'] normalized_targets=['fájl', 'jegyzékek', 'adatbázis', 'beállítások', 'ablak', 'súgó']
2026-08-25 22:52:34.344 | INFO     | winwatt_automation.live_ui.menu_helpers:_menu_items:1101 - DBG_MENU_ITEMS_SUMMARY total_items=7 visible_items=7 topbar_band=(0, 0, 409, 53) topbar_band_visible_count=7 popup_region_visible_count=0 force_refresh=False handle=1313178
2026-08-25 22:52:34.344 | INFO     | winwatt_automation.live_ui.menu_helpers:capture_menu_popup_snapshot:1724 - POPUP_SNAPSHOT_SUMMARY main_window_fragments=7 global_scan_fragments=0 deduped_fragments=7 topbar_like=6 popup_like=0 empty_text=0 topbar_band=(0, 29, 409, 53) empty_text_vertical_cluster_detected=False accepted_popup_rows=0 popup_heuristic=candidate_count_below_threshold
2026-08-25 22:52:35.062 | INFO     | winwatt_automation.live_ui.menu_helpers:_menu_items:1101 - DBG_MENU_ITEMS_SUMMARY total_items=7 visible_items=7 topbar_band=(0, 0, 409, 53) topbar_band_visible_count=7 popup_region_visible_count=0 force_refresh=True handle=1313178
2026-08-25 22:52:35.110 | INFO     | winwatt_automation.live_ui.menu_helpers:list_top_menu_items:1141 - Top-level menu items (raw): ['Rendszer', 'Fájl', 'Jegyzékek', 'Adatbázis...', 'Beállítások', 'Ablak', 'Súgó']
2026-08-25 22:52:35.127 | INFO     | winwatt_automation.runtime_mapping.program_mapper:explore_menu_tree:3592 - DBG_WINWATT_NORMAL_MENU_OPEN_NO_POPUP state=no_project top_menu=Fájl attempt=0 raw_row_count=7 popup_like_count=0 topbar_like_count=6 filtered_row_count=0
2026-08-25 22:52:35.127 | INFO     | winwatt_automation.runtime_mapping.program_mapper:_open_and_capture_root_menu:1489 - DBG_WINWATT_NORMAL_MENU_OPEN_START state=no_project top_menu=Fájl menu_kind=normal
2026-08-25 22:52:35.813 | INFO     | winwatt_automation.live_ui.menu_helpers:_menu_items:1101 - DBG_MENU_ITEMS_SUMMARY total_items=7 visible_items=7 topbar_band=(0, 0, 409, 53) topbar_band_visible_count=7 popup_region_visible_count=0 force_refresh=True handle=1313178
2026-08-25 22:52:35.896 | INFO     | winwatt_automation.live_ui.menu_helpers:list_top_menu_items:1141 - Top-level menu items (raw): ['Rendszer', 'Fájl', 'Jegyzékek', 'Adatbázis...', 'Beállítások', 'Ablak', 'Súgó']
2026-08-25 22:52:35.977 | INFO     | winwatt_automation.live_ui.app_connector:prepare_main_window_for_menu_interaction:981 - Preparing WinWatt window for menu interaction
2026-08-25 22:52:35.977 | INFO     | winwatt_automation.live_ui.app_connector:prepare_main_window_for_menu_interaction:1001 - Window state before: maximized
2026-08-25 22:52:35.999 | INFO     | winwatt_automation.live_ui.app_connector:prepare_main_window_for_menu_interaction:1022 - Window maximized
2026-08-25 22:52:36.004 | INFO     | winwatt_automation.live_ui.app_connector:prepare_main_window_for_menu_interaction:1031 - Focus confirmed
2026-08-25 22:52:36.020 | INFO     | winwatt_automation.live_ui.app_connector:ensure_main_window_foreground_before_click:1190 - DBG_WINWATT_FOCUS_GUARD_PRECHECK action_label=click_top_menu_item:Fájl wrapper_type=UIAWrapper cached_handle=1313178 cached_pid=12016 cached_title=WinWatt gólya cached_class=TMainForm precheck_exists=False precheck_visible=True precheck_enabled=True rect={'left': -10, 'top': -10, 'right': 1930, 'bottom': 1030, 'width': 1940, 'height': 1040}
2026-08-25 22:52:36.021 | WARNING  | winwatt_automation.live_ui.app_connector:ensure_main_window_foreground_before_click:1288 - DBG_WINWATT_FOCUS_GUARD_CLICK_OVERRIDE action_label=click_top_menu_item:Fájl reason=exists_false_but_identity_strong wrapper_type=UIAWrapper identity_reasons=['handle', 'process_id', 'title', 'class_name', 'rect', 'visible', 'enabled'] cached_identity={'wrapper_type': 'UIAWrapper', 'handle': 1313178, 'process_id': 12016, 'title': 'WinWatt gólya', 'class_name': 'TMainForm', 'control_type': 'Window'} rect={'left': -10, 'top': -10, 'right': 1930, 'bottom': 1030, 'width': 1940, 'height': 1040}
2026-08-25 22:52:36.032 | INFO     | winwatt_automation.live_ui.app_connector:is_winwatt_foreground_context:1134 - DBG_WINWATT_FOREGROUND_CONTEXT expected_handle=1313178 expected_process_id=12016 expected_title=WinWatt gólya expected_class_name=TMainForm actual_foreground_handle=1313178 actual_foreground_process_id=12016 actual_foreground_title=WinWatt gólya actual_foreground_class_name=TMainForm allow_dialog=False result_reason=handle_match
2026-08-25 22:52:36.039 | INFO     | winwatt_automation.live_ui.app_connector:ensure_main_window_foreground_before_click:1351 - DBG_WINWATT_FOCUS_GUARD_RESULT action_label=click_top_menu_item:Fájl status=focus_ok reason=handle_match foreground={'handle': 1313178, 'title': 'WinWatt gólya', 'class_name': 'TMainForm', 'process_id': 12016} same_context_as_cached_main=True win32_uia_identity_match=True
2026-08-25 22:52:36.045 | INFO     | winwatt_automation.live_ui.menu_helpers:click_top_menu_item:2326 - click_top_menu_item('Fájl'): foreground_before_click={'handle': 1313178, 'title': 'WinWatt gólya', 'class_name': 'TMainForm', 'process_id': 12016}
2026-08-25 22:52:36.060 | INFO     | winwatt_automation.live_ui.menu_helpers:_menu_items:1101 - DBG_MENU_ITEMS_SUMMARY total_items=7 visible_items=7 topbar_band=(0, 0, 409, 53) topbar_band_visible_count=7 popup_region_visible_count=0 force_refresh=False handle=1313178
2026-08-25 22:52:36.412 | INFO     | winwatt_automation.live_ui.menu_helpers:_menu_items:1101 - DBG_MENU_ITEMS_SUMMARY total_items=7 visible_items=7 topbar_band=(0, 0, 409, 53) topbar_band_visible_count=7 popup_region_visible_count=0 force_refresh=False handle=1313178
2026-08-25 22:52:36.532 | INFO     | winwatt_automation.live_ui.menu_helpers:capture_menu_popup_snapshot:1724 - POPUP_SNAPSHOT_SUMMARY main_window_fragments=7 global_scan_fragments=0 deduped_fragments=7 topbar_like=6 popup_like=0 empty_text=0 topbar_band=(0, 29, 409, 53) empty_text_vertical_cluster_detected=False accepted_popup_rows=0 popup_heuristic=candidate_count_below_threshold
2026-08-25 22:52:36.654 | INFO     | winwatt_automation.live_ui.menu_helpers:_validate_post_menu_open_foreground:962 - post_click_foreground_validation title=Fájl foreground={'handle': 1313178, 'title': 'WinWatt gólya', 'class_name': 'TMainForm', 'process_id': 12016}
2026-08-25 22:52:36.681 | INFO     | winwatt_automation.live_ui.app_connector:is_winwatt_foreground_context:1134 - DBG_WINWATT_FOREGROUND_CONTEXT expected_handle=1313178 expected_process_id=12016 expected_title=WinWatt gólya expected_class_name=TMainForm actual_foreground_handle=1313178 actual_foreground_process_id=12016 actual_foreground_title=WinWatt gólya actual_foreground_class_name=TMainForm allow_dialog=True result_reason=handle_match
2026-08-25 22:52:37.074 | INFO     | winwatt_automation.live_ui.menu_helpers:_menu_items:1101 - DBG_MENU_ITEMS_SUMMARY total_items=16 visible_items=16 topbar_band=(0, 0, 409, 53) topbar_band_visible_count=7 popup_region_visible_count=9 force_refresh=False handle=1313178
2026-08-25 22:52:37.074 | INFO     | winwatt_automation.live_ui.menu_helpers:_menu_row_from_wrapper:1545 - TEXT_EXTRACTION_FALLBACK_USED source=legacy_text confidence=medium rect={'left': 4, 'top': 56, 'right': 687, 'bottom': 84}
2026-08-25 22:52:37.094 | INFO     | winwatt_automation.live_ui.menu_helpers:_menu_row_from_wrapper:1545 - TEXT_EXTRACTION_FALLBACK_USED source=legacy_text confidence=medium rect={'left': 4, 'top': 84, 'right': 687, 'bottom': 112}
2026-08-25 22:52:37.105 | WARNING  | winwatt_automation.live_ui.menu_helpers:_menu_row_from_wrapper:1547 - TEXT_EXTRACTION_FAILED source_scope=main_window rect={'left': 4, 'top': 111, 'right': 687, 'bottom': 139}
2026-08-25 22:52:37.113 | WARNING  | winwatt_automation.live_ui.menu_helpers:_menu_row_from_wrapper:1547 - TEXT_EXTRACTION_FAILED source_scope=main_window rect={'left': 4, 'top': 139, 'right': 687, 'bottom': 167}
2026-08-25 22:52:37.130 | INFO     | winwatt_automation.live_ui.menu_helpers:_menu_row_from_wrapper:1545 - TEXT_EXTRACTION_FALLBACK_USED source=legacy_text confidence=medium rect={'left': 4, 'top': 166, 'right': 687, 'bottom': 194}
2026-08-25 22:52:37.141 | WARNING  | winwatt_automation.live_ui.menu_helpers:_menu_row_from_wrapper:1547 - TEXT_EXTRACTION_FAILED source_scope=main_window rect={'left': 4, 'top': 201, 'right': 687, 'bottom': 229}
2026-08-25 22:52:37.152 | INFO     | winwatt_automation.live_ui.menu_helpers:_menu_row_from_wrapper:1545 - TEXT_EXTRACTION_FALLBACK_USED source=legacy_text confidence=medium rect={'left': 4, 'top': 229, 'right': 687, 'bottom': 257}
2026-08-25 22:52:37.160 | INFO     | winwatt_automation.live_ui.menu_helpers:_menu_row_from_wrapper:1545 - TEXT_EXTRACTION_FALLBACK_USED source=legacy_text confidence=medium rect={'left': 4, 'top': 264, 'right': 687, 'bottom': 292}
2026-08-25 22:52:37.169 | INFO     | winwatt_automation.live_ui.menu_helpers:_menu_row_from_wrapper:1545 - TEXT_EXTRACTION_FALLBACK_USED source=legacy_text confidence=medium rect={'left': 4, 'top': 299, 'right': 687, 'bottom': 327}
2026-08-25 22:52:37.307 | INFO     | winwatt_automation.live_ui.menu_helpers:capture_menu_popup_snapshot:1724 - POPUP_SNAPSHOT_SUMMARY main_window_fragments=16 global_scan_fragments=0 deduped_fragments=16 topbar_like=6 popup_like=9 empty_text=3 topbar_band=(0, 29, 409, 53) empty_text_vertical_cluster_detected=False accepted_popup_rows=0 popup_heuristic=candidate_count_below_threshold
2026-08-25 22:52:37.614 | INFO     | winwatt_automation.live_ui.menu_helpers:_menu_items:1101 - DBG_MENU_ITEMS_SUMMARY total_items=16 visible_items=16 topbar_band=(0, 0, 687, 327) topbar_band_visible_count=16 popup_region_visible_count=0 force_refresh=False handle=1313178
2026-08-25 22:52:37.619 | INFO     | winwatt_automation.live_ui.menu_helpers:_menu_row_from_wrapper:1545 - TEXT_EXTRACTION_FALLBACK_USED source=legacy_text confidence=medium rect={'left': 4, 'top': 56, 'right': 687, 'bottom': 84}
2026-08-25 22:52:37.635 | INFO     | winwatt_automation.live_ui.menu_helpers:_menu_row_from_wrapper:1545 - TEXT_EXTRACTION_FALLBACK_USED source=legacy_text confidence=medium rect={'left': 4, 'top': 84, 'right': 687, 'bottom': 112}
2026-08-25 22:52:37.662 | WARNING  | winwatt_automation.live_ui.menu_helpers:_menu_row_from_wrapper:1547 - TEXT_EXTRACTION_FAILED source_scope=main_window rect={'left': 4, 'top': 111, 'right': 687, 'bottom': 139}
2026-08-25 22:52:37.667 | WARNING  | winwatt_automation.live_ui.menu_helpers:_menu_row_from_wrapper:1547 - TEXT_EXTRACTION_FAILED source_scope=main_window rect={'left': 4, 'top': 139, 'right': 687, 'bottom': 167}
2026-08-25 22:52:37.683 | INFO     | winwatt_automation.live_ui.menu_helpers:_menu_row_from_wrapper:1545 - TEXT_EXTRACTION_FALLBACK_USED source=legacy_text confidence=medium rect={'left': 4, 'top': 166, 'right': 687, 'bottom': 194}
2026-08-25 22:52:37.694 | WARNING  | winwatt_automation.live_ui.menu_helpers:_menu_row_from_wrapper:1547 - TEXT_EXTRACTION_FAILED source_scope=main_window rect={'left': 4, 'top': 201, 'right': 687, 'bottom': 229}
2026-08-25 22:52:37.699 | INFO     | winwatt_automation.live_ui.menu_helpers:_menu_row_from_wrapper:1545 - TEXT_EXTRACTION_FALLBACK_USED source=legacy_text confidence=medium rect={'left': 4, 'top': 229, 'right': 687, 'bottom': 257}
2026-08-25 22:52:37.714 | INFO     | winwatt_automation.live_ui.menu_helpers:_menu_row_from_wrapper:1545 - TEXT_EXTRACTION_FALLBACK_USED source=legacy_text confidence=medium rect={'left': 4, 'top': 264, 'right': 687, 'bottom': 292}
2026-08-25 22:52:37.714 | INFO     | winwatt_automation.live_ui.menu_helpers:_menu_row_from_wrapper:1545 - TEXT_EXTRACTION_FALLBACK_USED source=legacy_text confidence=medium rect={'left': 4, 'top': 299, 'right': 687, 'bottom': 327}
2026-08-25 22:52:37.857 | INFO     | winwatt_automation.live_ui.menu_helpers:capture_menu_popup_snapshot:1724 - POPUP_SNAPSHOT_SUMMARY main_window_fragments=16 global_scan_fragments=0 deduped_fragments=16 topbar_like=6 popup_like=9 empty_text=3 topbar_band=(0, 29, 409, 53) empty_text_vertical_cluster_detected=False accepted_popup_rows=0 popup_heuristic=candidate_count_below_threshold
2026-08-25 22:52:38.560 | INFO     | winwatt_automation.live_ui.menu_helpers:_menu_items:1101 - DBG_MENU_ITEMS_SUMMARY total_items=16 visible_items=16 topbar_band=(0, 0, 687, 327) topbar_band_visible_count=16 popup_region_visible_count=0 force_refresh=True handle=1313178
2026-08-25 22:52:38.576 | INFO     | winwatt_automation.live_ui.menu_helpers:_log_top_menu_popup_diagnostics:526 - DBG_MENU_EMPTY_TEXT_VERTICAL_CLUSTER detected=False accepted_popup_rows=0 reason=candidate_count_below_threshold topbar_band=(0, 29, 409, 53)
2026-08-25 22:52:38.576 | INFO     | winwatt_automation.live_ui.menu_helpers:_log_top_menu_popup_diagnostics:548 - DBG_TOP_MENU_CLICK_POPUP_DIAG title=Fájl total_visible_menuitems=16 topbar_band_menuitems=6 popup_region_menuitems=9 new_cluster_below_topbar=True visible_texts_under_title=['Végrehajtás', 'Végrehajtás', '', '', 'Végrehajtás', '', 'Végrehajtás', 'Végrehajtás', 'Végrehajtás'] topbar_band=(0, 29, 409, 53) snapshot_row_count=16
2026-08-25 22:52:38.765 | INFO     | winwatt_automation.live_ui.menu_helpers:_menu_items:1101 - DBG_MENU_ITEMS_SUMMARY total_items=16 visible_items=16 topbar_band=(0, 0, 687, 327) topbar_band_visible_count=16 popup_region_visible_count=0 force_refresh=False handle=1313178
2026-08-25 22:52:38.766 | INFO     | winwatt_automation.live_ui.menu_helpers:_menu_row_from_wrapper:1545 - TEXT_EXTRACTION_FALLBACK_USED source=legacy_text confidence=medium rect={'left': 4, 'top': 56, 'right': 687, 'bottom': 84}
2026-08-25 22:52:38.780 | INFO     | winwatt_automation.live_ui.menu_helpers:_menu_row_from_wrapper:1545 - TEXT_EXTRACTION_FALLBACK_USED source=legacy_text confidence=medium rect={'left': 4, 'top': 84, 'right': 687, 'bottom': 112}
2026-08-25 22:52:38.780 | WARNING  | winwatt_automation.live_ui.menu_helpers:_menu_row_from_wrapper:1547 - TEXT_EXTRACTION_FAILED source_scope=main_window rect={'left': 4, 'top': 111, 'right': 687, 'bottom': 139}
2026-08-25 22:52:38.796 | WARNING  | winwatt_automation.live_ui.menu_helpers:_menu_row_from_wrapper:1547 - TEXT_EXTRACTION_FAILED source_scope=main_window rect={'left': 4, 'top': 139, 'right': 687, 'bottom': 167}
2026-08-25 22:52:38.811 | INFO     | winwatt_automation.live_ui.menu_helpers:_menu_row_from_wrapper:1545 - TEXT_EXTRACTION_FALLBACK_USED source=legacy_text confidence=medium rect={'left': 4, 'top': 166, 'right': 687, 'bottom': 194}
2026-08-25 22:52:38.816 | WARNING  | winwatt_automation.live_ui.menu_helpers:_menu_row_from_wrapper:1547 - TEXT_EXTRACTION_FAILED source_scope=main_window rect={'left': 4, 'top': 201, 'right': 687, 'bottom': 229}
2026-08-25 22:52:38.828 | INFO     | winwatt_automation.live_ui.menu_helpers:_menu_row_from_wrapper:1545 - TEXT_EXTRACTION_FALLBACK_USED source=legacy_text confidence=medium rect={'left': 4, 'top': 229, 'right': 687, 'bottom': 257}
2026-08-25 22:52:38.828 | INFO     | winwatt_automation.live_ui.menu_helpers:_menu_row_from_wrapper:1545 - TEXT_EXTRACTION_FALLBACK_USED source=legacy_text confidence=medium rect={'left': 4, 'top': 264, 'right': 687, 'bottom': 292}
2026-08-25 22:52:38.845 | INFO     | winwatt_automation.live_ui.menu_helpers:_menu_row_from_wrapper:1545 - TEXT_EXTRACTION_FALLBACK_USED source=legacy_text confidence=medium rect={'left': 4, 'top': 299, 'right': 687, 'bottom': 327}
2026-08-25 22:52:38.845 | INFO     | winwatt_automation.live_ui.menu_helpers:capture_menu_popup_snapshot:1724 - POPUP_SNAPSHOT_SUMMARY main_window_fragments=16 global_scan_fragments=0 deduped_fragments=16 topbar_like=6 popup_like=9 empty_text=3 topbar_band=(0, 29, 409, 53) empty_text_vertical_cluster_detected=False accepted_popup_rows=0 popup_heuristic=candidate_count_below_threshold
2026-08-25 22:52:39.798 | INFO     | winwatt_automation.live_ui.menu_helpers:_menu_items:1101 - DBG_MENU_ITEMS_SUMMARY total_items=16 visible_items=16 topbar_band=(0, 0, 687, 327) topbar_band_visible_count=16 popup_region_visible_count=0 force_refresh=True handle=1313178
2026-08-25 22:52:39.946 | INFO     | winwatt_automation.live_ui.menu_helpers:list_top_menu_items:1141 - Top-level menu items (raw): ['Rendszer', 'Fájl', 'Jegyzékek', 'Adatbázis...', 'Beállítások', 'Ablak', 'Súgó']
2026-08-25 22:52:39.947 | INFO     | winwatt_automation.runtime_mapping.program_mapper:_open_and_capture_root_menu:1532 - RECENT_PROJECT_BLOCK_SUMMARY state=no_project top_menu=Fájl attempt=1 popup_block_classification=normal_popup recent_projects_block=False stateful_menu_block=False accepted_rows=9 filtered_rows=9
2026-08-25 22:52:39.947 | INFO     | winwatt_automation.runtime_mapping.program_mapper:_open_and_capture_root_menu:1533 - DBG_WINWATT_NORMAL_MENU_OPEN_VALIDATED state=no_project top_menu=Fájl attempt=1 raw_row_count=16 popup_like_count=9 topbar_like_count=6
2026-08-25 22:52:39.947 | INFO     | winwatt_automation.runtime_mapping.program_mapper:_open_and_capture_root_menu:1542 - DBG_WINWATT_NORMAL_MENU_POPUP_ROWS_ACCEPTED state=no_project top_menu=Fájl attempt=1 accepted_row_count=9
2026-08-25 22:52:40.957 | INFO     | winwatt_automation.live_ui.menu_helpers:_menu_items:1101 - DBG_MENU_ITEMS_SUMMARY total_items=16 visible_items=16 topbar_band=(0, 0, 687, 327) topbar_band_visible_count=16 popup_region_visible_count=0 force_refresh=True handle=1313178
2026-08-25 22:52:41.106 | INFO     | winwatt_automation.live_ui.menu_helpers:list_top_menu_items:1141 - Top-level menu items (raw): ['Rendszer', 'Fájl', 'Jegyzékek', 'Adatbázis...', 'Beállítások', 'Ablak', 'Súgó']
2026-08-25 22:52:41.106 | INFO     | winwatt_automation.runtime_mapping.program_mapper:_open_and_capture_root_menu:1573 - DBG_WINWATT_NORMAL_MENU_OPEN_RESULT state=no_project top_menu=Fájl result_type=child_popup_opened raw_row_count=9 filtered_row_count=9 popup_like_count=9 topbar_like_count=0
2026-08-25 22:52:41.106 | INFO     | winwatt_automation.runtime_mapping.program_mapper:_open_and_capture_root_menu:1583 - DBG_WINWATT_NORMAL_MENU_POPUP_SUMMARY state=no_project top_menu=Fájl depth=1 rows=9 popup_like_count=9 topbar_like_count=0
2026-08-25 22:52:41.106 | INFO     | winwatt_automation.runtime_mapping.program_mapper:_build_menu_rows_from_popup_rows:1040 - DBG_MENU_BUILD_INPUT_ROW state=no_project top_menu=Fájl row_index=0 text='Végrehajtás' rectangle={'left': 4, 'top': 56, 'right': 687, 'bottom': 84} topbar_like=False popup_like=True source_scope=main_window fragments=0
2026-08-25 22:52:41.116 | INFO     | winwatt_automation.runtime_mapping.program_mapper:_build_menu_rows_from_popup_rows:1200 - DBG_WINWATT_NORMAL_MENU_ROW state=no_project top_menu=Fájl row_index=0 text='Végrehajtás' normalized_text=végrehajtás source_scope=main_window separator=False enabled_guess=True rectangle={'left': 4, 'top': 56, 'right': 687, 'bottom': 84} depth=1
2026-08-25 22:52:41.116 | INFO     | winwatt_automation.runtime_mapping.program_mapper:_build_menu_rows_from_popup_rows:1040 - DBG_MENU_BUILD_INPUT_ROW state=no_project top_menu=Fájl row_index=1 text='Végrehajtás' rectangle={'left': 4, 'top': 84, 'right': 687, 'bottom': 112} topbar_like=False popup_like=True source_scope=main_window fragments=0
2026-08-25 22:52:41.116 | INFO     | winwatt_automation.runtime_mapping.program_mapper:_build_menu_rows_from_popup_rows:1200 - DBG_WINWATT_NORMAL_MENU_ROW state=no_project top_menu=Fájl row_index=1 text='Végrehajtás' normalized_text=végrehajtás source_scope=main_window separator=False enabled_guess=True rectangle={'left': 4, 'top': 84, 'right': 687, 'bottom': 112} depth=1
2026-08-25 22:52:41.116 | INFO     | winwatt_automation.runtime_mapping.program_mapper:_build_menu_rows_from_popup_rows:1040 - DBG_MENU_BUILD_INPUT_ROW state=no_project top_menu=Fájl row_index=2 text='' rectangle={'left': 4, 'top': 111, 'right': 687, 'bottom': 139} topbar_like=False popup_like=True source_scope=main_window fragments=0
2026-08-25 22:52:41.116 | WARNING  | winwatt_automation.runtime_mapping.program_mapper:_resolve_row_text_with_fallback:687 - TEXT_EXTRACTION_FAILED row_index=2 source_scope=main_window fragment_count=0 rectangle={'left': 4, 'top': 111, 'right': 687, 'bottom': 139}
2026-08-25 22:52:41.116 | INFO     | winwatt_automation.runtime_mapping.program_mapper:_build_menu_rows_from_popup_rows:1100 - DBG_WINWATT_EMPTY_NORMALIZED_MENU_TITLE row_index=2 raw_text= normalized_text= is_separator=False source_scope=main_window control_type=MenuItem class_name= rectangle={'left': 4, 'top': 111, 'right': 687, 'bottom': 139} fragment_count=0 fragment_texts=[]
2026-08-25 22:52:41.116 | INFO     | winwatt_automation.runtime_mapping.program_mapper:_build_menu_rows_from_popup_rows:1145 - REPLACED_EMPTY_POPUP_ROW_WITH_PLACEHOLDER row_index=02
2026-08-25 22:52:41.116 | INFO     | winwatt_automation.runtime_mapping.program_mapper:_build_menu_rows_from_popup_rows:1149 - GEOM_PLACEHOLDER_CREATED row_index=02 rect={'left': 4, 'top': 111, 'right': 687, 'bottom': 139} popup_reason=below_topbar_band
2026-08-25 22:52:41.116 | INFO     | winwatt_automation.runtime_mapping.program_mapper:_build_menu_rows_from_popup_rows:1200 - DBG_WINWATT_NORMAL_MENU_ROW state=no_project top_menu=Fájl row_index=2 text='[unlabeled row 2]' normalized_text=[unlabeled row 2] source_scope=main_window separator=False enabled_guess=False rectangle={'left': 4, 'top': 111, 'right': 687, 'bottom': 139} depth=1
2026-08-25 22:52:41.116 | INFO     | winwatt_automation.runtime_mapping.program_mapper:_build_menu_rows_from_popup_rows:1040 - DBG_MENU_BUILD_INPUT_ROW state=no_project top_menu=Fájl row_index=3 text='' rectangle={'left': 4, 'top': 139, 'right': 687, 'bottom': 167} topbar_like=False popup_like=True source_scope=main_window fragments=0
2026-08-25 22:52:41.119 | WARNING  | winwatt_automation.runtime_mapping.program_mapper:_resolve_row_text_with_fallback:687 - TEXT_EXTRACTION_FAILED row_index=3 source_scope=main_window fragment_count=0 rectangle={'left': 4, 'top': 139, 'right': 687, 'bottom': 167}
2026-08-25 22:52:41.119 | INFO     | winwatt_automation.runtime_mapping.program_mapper:_build_menu_rows_from_popup_rows:1100 - DBG_WINWATT_EMPTY_NORMALIZED_MENU_TITLE row_index=3 raw_text= normalized_text= is_separator=False source_scope=main_window control_type=MenuItem class_name= rectangle={'left': 4, 'top': 139, 'right': 687, 'bottom': 167} fragment_count=0 fragment_texts=[]
2026-08-25 22:52:41.119 | INFO     | winwatt_automation.runtime_mapping.program_mapper:_build_menu_rows_from_popup_rows:1145 - REPLACED_EMPTY_POPUP_ROW_WITH_PLACEHOLDER row_index=03
2026-08-25 22:52:41.119 | INFO     | winwatt_automation.runtime_mapping.program_mapper:_build_menu_rows_from_popup_rows:1149 - GEOM_PLACEHOLDER_CREATED row_index=03 rect={'left': 4, 'top': 139, 'right': 687, 'bottom': 167} popup_reason=below_topbar_band
2026-08-25 22:52:41.119 | INFO     | winwatt_automation.runtime_mapping.program_mapper:_build_menu_rows_from_popup_rows:1200 - DBG_WINWATT_NORMAL_MENU_ROW state=no_project top_menu=Fájl row_index=3 text='[unlabeled row 3]' normalized_text=[unlabeled row 3] source_scope=main_window separator=False enabled_guess=False rectangle={'left': 4, 'top': 139, 'right': 687, 'bottom': 167} depth=1
2026-08-25 22:52:41.119 | INFO     | winwatt_automation.runtime_mapping.program_mapper:_build_menu_rows_from_popup_rows:1040 - DBG_MENU_BUILD_INPUT_ROW state=no_project top_menu=Fájl row_index=4 text='Végrehajtás' rectangle={'left': 4, 'top': 166, 'right': 687, 'bottom': 194} topbar_like=False popup_like=True source_scope=main_window fragments=0
2026-08-25 22:52:41.119 | INFO     | winwatt_automation.runtime_mapping.program_mapper:_build_menu_rows_from_popup_rows:1200 - DBG_WINWATT_NORMAL_MENU_ROW state=no_project top_menu=Fájl row_index=4 text='Végrehajtás' normalized_text=végrehajtás source_scope=main_window separator=False enabled_guess=True rectangle={'left': 4, 'top': 166, 'right': 687, 'bottom': 194} depth=1
2026-08-25 22:52:41.119 | INFO     | winwatt_automation.runtime_mapping.program_mapper:_build_menu_rows_from_popup_rows:1040 - DBG_MENU_BUILD_INPUT_ROW state=no_project top_menu=Fájl row_index=5 text='' rectangle={'left': 4, 'top': 201, 'right': 687, 'bottom': 229} topbar_like=False popup_like=True source_scope=main_window fragments=0
2026-08-25 22:52:41.119 | WARNING  | winwatt_automation.runtime_mapping.program_mapper:_resolve_row_text_with_fallback:687 - TEXT_EXTRACTION_FAILED row_index=5 source_scope=main_window fragment_count=0 rectangle={'left': 4, 'top': 201, 'right': 687, 'bottom': 229}
2026-08-25 22:52:41.119 | INFO     | winwatt_automation.runtime_mapping.program_mapper:_build_menu_rows_from_popup_rows:1100 - DBG_WINWATT_EMPTY_NORMALIZED_MENU_TITLE row_index=5 raw_text= normalized_text= is_separator=False source_scope=main_window control_type=MenuItem class_name= rectangle={'left': 4, 'top': 201, 'right': 687, 'bottom': 229} fragment_count=0 fragment_texts=[]
2026-08-25 22:52:41.119 | INFO     | winwatt_automation.runtime_mapping.program_mapper:_build_menu_rows_from_popup_rows:1145 - REPLACED_EMPTY_POPUP_ROW_WITH_PLACEHOLDER row_index=05
2026-08-25 22:52:41.119 | INFO     | winwatt_automation.runtime_mapping.program_mapper:_build_menu_rows_from_popup_rows:1149 - GEOM_PLACEHOLDER_CREATED row_index=05 rect={'left': 4, 'top': 201, 'right': 687, 'bottom': 229} popup_reason=below_topbar_band
2026-08-25 22:52:41.119 | INFO     | winwatt_automation.runtime_mapping.program_mapper:_build_menu_rows_from_popup_rows:1200 - DBG_WINWATT_NORMAL_MENU_ROW state=no_project top_menu=Fájl row_index=5 text='[unlabeled row 5]' normalized_text=[unlabeled row 5] source_scope=main_window separator=False enabled_guess=False rectangle={'left': 4, 'top': 201, 'right': 687, 'bottom': 229} depth=1
2026-08-25 22:52:41.119 | INFO     | winwatt_automation.runtime_mapping.program_mapper:_build_menu_rows_from_popup_rows:1040 - DBG_MENU_BUILD_INPUT_ROW state=no_project top_menu=Fájl row_index=6 text='Végrehajtás' rectangle={'left': 4, 'top': 229, 'right': 687, 'bottom': 257} topbar_like=False popup_like=True source_scope=main_window fragments=0
2026-08-25 22:52:41.121 | INFO     | winwatt_automation.runtime_mapping.program_mapper:_build_menu_rows_from_popup_rows:1200 - DBG_WINWATT_NORMAL_MENU_ROW state=no_project top_menu=Fájl row_index=6 text='Végrehajtás' normalized_text=végrehajtás source_scope=main_window separator=False enabled_guess=True rectangle={'left': 4, 'top': 229, 'right': 687, 'bottom': 257} depth=1
2026-08-25 22:52:41.121 | INFO     | winwatt_automation.runtime_mapping.program_mapper:_build_menu_rows_from_popup_rows:1040 - DBG_MENU_BUILD_INPUT_ROW state=no_project top_menu=Fájl row_index=7 text='Végrehajtás' rectangle={'left': 4, 'top': 264, 'right': 687, 'bottom': 292} topbar_like=False popup_like=True source_scope=main_window fragments=0
2026-08-25 22:52:41.121 | INFO     | winwatt_automation.runtime_mapping.program_mapper:_build_menu_rows_from_popup_rows:1200 - DBG_WINWATT_NORMAL_MENU_ROW state=no_project top_menu=Fájl row_index=7 text='Végrehajtás' normalized_text=végrehajtás source_scope=main_window separator=False enabled_guess=True rectangle={'left': 4, 'top': 264, 'right': 687, 'bottom': 292} depth=1
2026-08-25 22:52:41.121 | INFO     | winwatt_automation.runtime_mapping.program_mapper:_build_menu_rows_from_popup_rows:1040 - DBG_MENU_BUILD_INPUT_ROW state=no_project top_menu=Fájl row_index=8 text='Végrehajtás' rectangle={'left': 4, 'top': 299, 'right': 687, 'bottom': 327} topbar_like=False popup_like=True source_scope=main_window fragments=0
2026-08-25 22:52:41.121 | INFO     | winwatt_automation.runtime_mapping.program_mapper:_build_menu_rows_from_popup_rows:1200 - DBG_WINWATT_NORMAL_MENU_ROW state=no_project top_menu=Fájl row_index=8 text='Végrehajtás' normalized_text=végrehajtás source_scope=main_window separator=False enabled_guess=True rectangle={'left': 4, 'top': 299, 'right': 687, 'bottom': 327} depth=1
2026-08-25 22:52:41.121 | INFO     | winwatt_automation.runtime_mapping.program_mapper:_build_menu_rows_from_popup_rows:1244 - MENU_ROW_BUILD_SUMMARY state=no_project top_menu=Fájl input_rows=9 mapped_rows=9 placeholders=3 filtered_overlap=0 filtered_empty_non_actionable=0 rejected_foreign_rows=0 deduped_rows=0
2026-08-25 22:52:41.121 | INFO     | winwatt_automation.runtime_mapping.program_mapper:explore_menu_tree:3681 - ACTION_CATALOG_INPUT_SUMMARY state=no_project top_menu=Fájl depth=1 candidate_rows=9 placeholders=3 low_or_none_confidence=3 legacy_text_only=6 unknown_pending=0
2026-08-25 22:52:42.045 | INFO     | winwatt_automation.live_ui.menu_helpers:_menu_items:1101 - DBG_MENU_ITEMS_SUMMARY total_items=16 visible_items=16 topbar_band=(0, 0, 687, 327) topbar_band_visible_count=16 popup_region_visible_count=0 force_refresh=True handle=1313178
2026-08-25 22:52:42.260 | INFO     | winwatt_automation.live_ui.menu_helpers:list_top_menu_items:1141 - Top-level menu items (raw): ['Rendszer', 'Fájl', 'Jegyzékek', 'Adatbázis...', 'Beállítások', 'Ablak', 'Súgó']
2026-08-25 22:52:42.262 | INFO     | winwatt_automation.runtime_mapping.program_mapper:_evaluate_action_admission:1969 - ACTION_ADMISSION_REJECTED top_menu=Fájl path=['Fájl', 'Végrehajtás'] traversal_depth=1 reason=unknown_legacy_popup_noise_suppressed classification=unknown result_type=no_observable_effect placeholder=False text_confidence=medium raw_text_sources=['legacy_text'] skip_reason=None
2026-08-25 22:52:42.262 | INFO     | winwatt_automation.runtime_mapping.program_mapper:_evaluate_action_admission:1982 - ACTION_STRUCTURE_ONLY_ROW top_menu=Fájl path=['Fájl', 'Végrehajtás'] traversal_depth=1 reason=unknown_legacy_popup_noise_suppressed
2026-08-25 22:52:43.274 | INFO     | winwatt_automation.live_ui.menu_helpers:_menu_items:1101 - DBG_MENU_ITEMS_SUMMARY total_items=16 visible_items=16 topbar_band=(0, 0, 687, 327) topbar_band_visible_count=16 popup_region_visible_count=0 force_refresh=True handle=1313178
2026-08-25 22:52:43.419 | INFO     | winwatt_automation.live_ui.menu_helpers:list_top_menu_items:1141 - Top-level menu items (raw): ['Rendszer', 'Fájl', 'Jegyzékek', 'Adatbázis...', 'Beállítások', 'Ablak', 'Súgó']
2026-08-25 22:52:43.419 | INFO     | winwatt_automation.runtime_mapping.program_mapper:_evaluate_action_admission:1969 - ACTION_ADMISSION_REJECTED top_menu=Fájl path=['Fájl', '[unlabeled row 2]'] traversal_depth=1 reason=disabled_menu_item classification=unknown result_type=no_observable_effect placeholder=True text_confidence=none raw_text_sources=[] skip_reason=None
2026-08-25 22:52:43.419 | INFO     | winwatt_automation.runtime_mapping.program_mapper:_evaluate_action_admission:1982 - ACTION_STRUCTURE_ONLY_ROW top_menu=Fájl path=['Fájl', '[unlabeled row 2]'] traversal_depth=1 reason=disabled_menu_item
2026-08-25 22:52:44.340 | INFO     | winwatt_automation.live_ui.menu_helpers:_menu_items:1101 - DBG_MENU_ITEMS_SUMMARY total_items=16 visible_items=16 topbar_band=(0, 0, 687, 327) topbar_band_visible_count=16 popup_region_visible_count=0 force_refresh=True handle=1313178
2026-08-25 22:52:44.498 | INFO     | winwatt_automation.live_ui.menu_helpers:list_top_menu_items:1141 - Top-level menu items (raw): ['Rendszer', 'Fájl', 'Jegyzékek', 'Adatbázis...', 'Beállítások', 'Ablak', 'Súgó']
2026-08-25 22:52:44.498 | INFO     | winwatt_automation.runtime_mapping.program_mapper:_evaluate_action_admission:1969 - ACTION_ADMISSION_REJECTED top_menu=Fájl path=['Fájl', '[unlabeled row 3]'] traversal_depth=1 reason=disabled_menu_item classification=unknown result_type=no_observable_effect placeholder=True text_confidence=none raw_text_sources=[] skip_reason=None
2026-08-25 22:52:44.498 | INFO     | winwatt_automation.runtime_mapping.program_mapper:_evaluate_action_admission:1982 - ACTION_STRUCTURE_ONLY_ROW top_menu=Fájl path=['Fájl', '[unlabeled row 3]'] traversal_depth=1 reason=disabled_menu_item
2026-08-25 22:52:45.525 | INFO     | winwatt_automation.live_ui.menu_helpers:_menu_items:1101 - DBG_MENU_ITEMS_SUMMARY total_items=16 visible_items=16 topbar_band=(0, 0, 687, 327) topbar_band_visible_count=16 popup_region_visible_count=0 force_refresh=True handle=1313178
2026-08-25 22:52:45.659 | INFO     | winwatt_automation.live_ui.menu_helpers:list_top_menu_items:1141 - Top-level menu items (raw): ['Rendszer', 'Fájl', 'Jegyzékek', 'Adatbázis...', 'Beállítások', 'Ablak', 'Súgó']
2026-08-25 22:52:45.659 | INFO     | winwatt_automation.runtime_mapping.program_mapper:_evaluate_action_admission:1969 - ACTION_ADMISSION_REJECTED top_menu=Fájl path=['Fájl', '[unlabeled row 5]'] traversal_depth=1 reason=disabled_menu_item classification=unknown result_type=no_observable_effect placeholder=True text_confidence=none raw_text_sources=[] skip_reason=None
2026-08-25 22:52:45.659 | INFO     | winwatt_automation.runtime_mapping.program_mapper:_evaluate_action_admission:1982 - ACTION_STRUCTURE_ONLY_ROW top_menu=Fájl path=['Fájl', '[unlabeled row 5]'] traversal_depth=1 reason=disabled_menu_item
2026-08-25 22:52:45.659 | INFO     | winwatt_automation.runtime_mapping.program_mapper:_log_phase_timing:279 - DBG_PHASE_TIMING phase=subtree_traversal elapsed_ms=4547.000 state_id=no_project top_menu=Fájl depth=1 rows=9 nodes=4 actions=4
2026-08-25 22:52:45.659 | INFO     | winwatt_automation.runtime_mapping.program_mapper:explore_menu_tree:4191 - ACTION_CATALOG_OUTPUT_SUMMARY state=no_project top_menu=Fájl depth=1 candidate_rows=9 probed_rows=0 admitted_after_probe=0 admitted_actions=0 still_structure_only=4 suppressed_unknown=0 placeholders_retained=3
2026-08-25 22:52:45.659 | INFO     | winwatt_automation.runtime_mapping.program_mapper:map_runtime_state:4349 - MAP_RUNTIME_STATE_MENU_RESULT state_id=no_project top_menu=Fájl rows=9 nodes=4 actions=4 dialogs=0 windows=0 catalog=0
2026-08-25 22:52:45.659 | INFO     | winwatt_automation.live_ui.app_connector:is_winwatt_foreground_context:1134 - DBG_WINWATT_FOREGROUND_CONTEXT expected_handle=1313178 expected_process_id=12016 expected_title=WinWatt gólya expected_class_name=TMainForm actual_foreground_handle=1313178 actual_foreground_process_id=12016 actual_foreground_title=WinWatt gólya actual_foreground_class_name=TMainForm allow_dialog=True result_reason=handle_match
2026-08-25 22:52:45.659 | INFO     | winwatt_automation.runtime_mapping.program_mapper:explore_menu_tree:3548 - POPUP_REUSE_REJECTED state=no_project top_menu=Jegyzékek normalized_parent=('jegyzékek',) popup_state_path=('fájl',) reason=state_path_mismatch
2026-08-25 22:52:46.124 | INFO     | winwatt_automation.live_ui.menu_helpers:_menu_items:1101 - DBG_MENU_ITEMS_SUMMARY total_items=16 visible_items=16 topbar_band=(0, 0, 687, 327) topbar_band_visible_count=16 popup_region_visible_count=0 force_refresh=False handle=1313178
2026-08-25 22:52:46.124 | INFO     | winwatt_automation.live_ui.menu_helpers:_menu_row_from_wrapper:1545 - TEXT_EXTRACTION_FALLBACK_USED source=legacy_text confidence=medium rect={'left': 4, 'top': 56, 'right': 687, 'bottom': 84}
2026-08-25 22:52:46.146 | INFO     | winwatt_automation.live_ui.menu_helpers:_menu_row_from_wrapper:1545 - TEXT_EXTRACTION_FALLBACK_USED source=legacy_text confidence=medium rect={'left': 4, 'top': 84, 'right': 687, 'bottom': 112}
2026-08-25 22:52:46.172 | WARNING  | winwatt_automation.live_ui.menu_helpers:_menu_row_from_wrapper:1547 - TEXT_EXTRACTION_FAILED source_scope=main_window rect={'left': 4, 'top': 111, 'right': 687, 'bottom': 139}
2026-08-25 22:52:46.188 | WARNING  | winwatt_automation.live_ui.menu_helpers:_menu_row_from_wrapper:1547 - TEXT_EXTRACTION_FAILED source_scope=main_window rect={'left': 4, 'top': 139, 'right': 687, 'bottom': 167}
2026-08-25 22:52:46.189 | INFO     | winwatt_automation.live_ui.menu_helpers:_menu_row_from_wrapper:1545 - TEXT_EXTRACTION_FALLBACK_USED source=legacy_text confidence=medium rect={'left': 4, 'top': 166, 'right': 687, 'bottom': 194}
2026-08-25 22:52:46.202 | WARNING  | winwatt_automation.live_ui.menu_helpers:_menu_row_from_wrapper:1547 - TEXT_EXTRACTION_FAILED source_scope=main_window rect={'left': 4, 'top': 201, 'right': 687, 'bottom': 229}
2026-08-25 22:52:46.216 | INFO     | winwatt_automation.live_ui.menu_helpers:_menu_row_from_wrapper:1545 - TEXT_EXTRACTION_FALLBACK_USED source=legacy_text confidence=medium rect={'left': 4, 'top': 229, 'right': 687, 'bottom': 257}
2026-08-25 22:52:46.224 | INFO     | winwatt_automation.live_ui.menu_helpers:_menu_row_from_wrapper:1545 - TEXT_EXTRACTION_FALLBACK_USED source=legacy_text confidence=medium rect={'left': 4, 'top': 264, 'right': 687, 'bottom': 292}
2026-08-25 22:52:46.234 | INFO     | winwatt_automation.live_ui.menu_helpers:_menu_row_from_wrapper:1545 - TEXT_EXTRACTION_FALLBACK_USED source=legacy_text confidence=medium rect={'left': 4, 'top': 299, 'right': 687, 'bottom': 327}
2026-08-25 22:52:46.360 | INFO     | winwatt_automation.live_ui.menu_helpers:capture_menu_popup_snapshot:1724 - POPUP_SNAPSHOT_SUMMARY main_window_fragments=16 global_scan_fragments=0 deduped_fragments=16 topbar_like=6 popup_like=9 empty_text=3 topbar_band=(0, 29, 409, 53) empty_text_vertical_cluster_detected=False accepted_popup_rows=0 popup_heuristic=candidate_count_below_threshold
2026-08-25 22:52:47.330 | INFO     | winwatt_automation.live_ui.menu_helpers:_menu_items:1101 - DBG_MENU_ITEMS_SUMMARY total_items=16 visible_items=16 topbar_band=(0, 0, 687, 327) topbar_band_visible_count=16 popup_region_visible_count=0 force_refresh=True handle=1313178
2026-08-25 22:52:47.494 | INFO     | winwatt_automation.live_ui.menu_helpers:list_top_menu_items:1141 - Top-level menu items (raw): ['Rendszer', 'Fájl', 'Jegyzékek', 'Adatbázis...', 'Beállítások', 'Ablak', 'Súgó']
2026-08-25 22:52:47.494 | INFO     | winwatt_automation.runtime_mapping.program_mapper:explore_menu_tree:3571 - RECENT_PROJECT_BLOCK_SUMMARY state=no_project top_menu=Jegyzékek attempt=0 popup_block_classification=normal_popup recent_projects_block=False stateful_menu_block=False accepted_rows=9 filtered_rows=9
2026-08-25 22:52:47.494 | INFO     | winwatt_automation.runtime_mapping.program_mapper:explore_menu_tree:3572 - DBG_REUSING_OPEN_POPUP_SNAPSHOT state=no_project top_menu=Jegyzékek row_count=16 popup_like_count=9 topbar_like_count=6 normalized_parent=('jegyzékek',) popup_state_path=('fájl',)
2026-08-25 22:52:47.494 | INFO     | winwatt_automation.runtime_mapping.program_mapper:explore_menu_tree:3582 - DBG_WINWATT_NORMAL_MENU_POPUP_ROWS_ACCEPTED state=no_project top_menu=Jegyzékek attempt=0 accepted_row_count=9
2026-08-25 22:52:47.494 | INFO     | winwatt_automation.runtime_mapping.program_mapper:_build_menu_rows_from_popup_rows:1040 - DBG_MENU_BUILD_INPUT_ROW state=no_project top_menu=Jegyzékek row_index=0 text='Végrehajtás' rectangle={'left': 4, 'top': 56, 'right': 687, 'bottom': 84} topbar_like=False popup_like=True source_scope=main_window fragments=0
2026-08-25 22:52:47.494 | INFO     | winwatt_automation.runtime_mapping.program_mapper:_build_menu_rows_from_popup_rows:1200 - DBG_WINWATT_NORMAL_MENU_ROW state=no_project top_menu=Jegyzékek row_index=0 text='Végrehajtás' normalized_text=végrehajtás source_scope=main_window separator=False enabled_guess=True rectangle={'left': 4, 'top': 56, 'right': 687, 'bottom': 84} depth=1
2026-08-25 22:52:47.494 | INFO     | winwatt_automation.runtime_mapping.program_mapper:_build_menu_rows_from_popup_rows:1040 - DBG_MENU_BUILD_INPUT_ROW state=no_project top_menu=Jegyzékek row_index=1 text='Végrehajtás' rectangle={'left': 4, 'top': 84, 'right': 687, 'bottom': 112} topbar_like=False popup_like=True source_scope=main_window fragments=0
2026-08-25 22:52:47.494 | INFO     | winwatt_automation.runtime_mapping.program_mapper:_build_menu_rows_from_popup_rows:1200 - DBG_WINWATT_NORMAL_MENU_ROW state=no_project top_menu=Jegyzékek row_index=1 text='Végrehajtás' normalized_text=végrehajtás source_scope=main_window separator=False enabled_guess=True rectangle={'left': 4, 'top': 84, 'right': 687, 'bottom': 112} depth=1
2026-08-25 22:52:47.494 | INFO     | winwatt_automation.runtime_mapping.program_mapper:_build_menu_rows_from_popup_rows:1040 - DBG_MENU_BUILD_INPUT_ROW state=no_project top_menu=Jegyzékek row_index=2 text='' rectangle={'left': 4, 'top': 111, 'right': 687, 'bottom': 139} topbar_like=False popup_like=True source_scope=main_window fragments=0
2026-08-25 22:52:47.494 | WARNING  | winwatt_automation.runtime_mapping.program_mapper:_resolve_row_text_with_fallback:687 - TEXT_EXTRACTION_FAILED row_index=2 source_scope=main_window fragment_count=0 rectangle={'left': 4, 'top': 111, 'right': 687, 'bottom': 139}
2026-08-25 22:52:47.494 | INFO     | winwatt_automation.runtime_mapping.program_mapper:_build_menu_rows_from_popup_rows:1100 - DBG_WINWATT_EMPTY_NORMALIZED_MENU_TITLE row_index=2 raw_text= normalized_text= is_separator=False source_scope=main_window control_type=MenuItem class_name= rectangle={'left': 4, 'top': 111, 'right': 687, 'bottom': 139} fragment_count=0 fragment_texts=[]
2026-08-25 22:52:47.494 | INFO     | winwatt_automation.runtime_mapping.program_mapper:_build_menu_rows_from_popup_rows:1145 - REPLACED_EMPTY_POPUP_ROW_WITH_PLACEHOLDER row_index=02
2026-08-25 22:52:47.494 | INFO     | winwatt_automation.runtime_mapping.program_mapper:_build_menu_rows_from_popup_rows:1149 - GEOM_PLACEHOLDER_CREATED row_index=02 rect={'left': 4, 'top': 111, 'right': 687, 'bottom': 139} popup_reason=below_topbar_band
2026-08-25 22:52:47.494 | INFO     | winwatt_automation.runtime_mapping.program_mapper:_build_menu_rows_from_popup_rows:1200 - DBG_WINWATT_NORMAL_MENU_ROW state=no_project top_menu=Jegyzékek row_index=2 text='[unlabeled row 2]' normalized_text=[unlabeled row 2] source_scope=main_window separator=False enabled_guess=False rectangle={'left': 4, 'top': 111, 'right': 687, 'bottom': 139} depth=1
2026-08-25 22:52:47.494 | INFO     | winwatt_automation.runtime_mapping.program_mapper:_build_menu_rows_from_popup_rows:1040 - DBG_MENU_BUILD_INPUT_ROW state=no_project top_menu=Jegyzékek row_index=3 text='' rectangle={'left': 4, 'top': 139, 'right': 687, 'bottom': 167} topbar_like=False popup_like=True source_scope=main_window fragments=0
2026-08-25 22:52:47.494 | WARNING  | winwatt_automation.runtime_mapping.program_mapper:_resolve_row_text_with_fallback:687 - TEXT_EXTRACTION_FAILED row_index=3 source_scope=main_window fragment_count=0 rectangle={'left': 4, 'top': 139, 'right': 687, 'bottom': 167}
2026-08-25 22:52:47.502 | INFO     | winwatt_automation.runtime_mapping.program_mapper:_build_menu_rows_from_popup_rows:1100 - DBG_WINWATT_EMPTY_NORMALIZED_MENU_TITLE row_index=3 raw_text= normalized_text= is_separator=False source_scope=main_window control_type=MenuItem class_name= rectangle={'left': 4, 'top': 139, 'right': 687, 'bottom': 167} fragment_count=0 fragment_texts=[]
2026-08-25 22:52:47.502 | INFO     | winwatt_automation.runtime_mapping.program_mapper:_build_menu_rows_from_popup_rows:1145 - REPLACED_EMPTY_POPUP_ROW_WITH_PLACEHOLDER row_index=03
2026-08-25 22:52:47.502 | INFO     | winwatt_automation.runtime_mapping.program_mapper:_build_menu_rows_from_popup_rows:1149 - GEOM_PLACEHOLDER_CREATED row_index=03 rect={'left': 4, 'top': 139, 'right': 687, 'bottom': 167} popup_reason=below_topbar_band
2026-08-25 22:52:47.502 | INFO     | winwatt_automation.runtime_mapping.program_mapper:_build_menu_rows_from_popup_rows:1200 - DBG_WINWATT_NORMAL_MENU_ROW state=no_project top_menu=Jegyzékek row_index=3 text='[unlabeled row 3]' normalized_text=[unlabeled row 3] source_scope=main_window separator=False enabled_guess=False rectangle={'left': 4, 'top': 139, 'right': 687, 'bottom': 167} depth=1
2026-08-25 22:52:47.502 | INFO     | winwatt_automation.runtime_mapping.program_mapper:_build_menu_rows_from_popup_rows:1040 - DBG_MENU_BUILD_INPUT_ROW state=no_project top_menu=Jegyzékek row_index=4 text='Végrehajtás' rectangle={'left': 4, 'top': 166, 'right': 687, 'bottom': 194} topbar_like=False popup_like=True source_scope=main_window fragments=0
2026-08-25 22:52:47.502 | INFO     | winwatt_automation.runtime_mapping.program_mapper:_build_menu_rows_from_popup_rows:1200 - DBG_WINWATT_NORMAL_MENU_ROW state=no_project top_menu=Jegyzékek row_index=4 text='Végrehajtás' normalized_text=végrehajtás source_scope=main_window separator=False enabled_guess=True rectangle={'left': 4, 'top': 166, 'right': 687, 'bottom': 194} depth=1
2026-08-25 22:52:47.502 | INFO     | winwatt_automation.runtime_mapping.program_mapper:_build_menu_rows_from_popup_rows:1040 - DBG_MENU_BUILD_INPUT_ROW state=no_project top_menu=Jegyzékek row_index=5 text='' rectangle={'left': 4, 'top': 201, 'right': 687, 'bottom': 229} topbar_like=False popup_like=True source_scope=main_window fragments=0
2026-08-25 22:52:47.502 | WARNING  | winwatt_automation.runtime_mapping.program_mapper:_resolve_row_text_with_fallback:687 - TEXT_EXTRACTION_FAILED row_index=5 source_scope=main_window fragment_count=0 rectangle={'left': 4, 'top': 201, 'right': 687, 'bottom': 229}
2026-08-25 22:52:47.502 | INFO     | winwatt_automation.runtime_mapping.program_mapper:_build_menu_rows_from_popup_rows:1100 - DBG_WINWATT_EMPTY_NORMALIZED_MENU_TITLE row_index=5 raw_text= normalized_text= is_separator=False source_scope=main_window control_type=MenuItem class_name= rectangle={'left': 4, 'top': 201, 'right': 687, 'bottom': 229} fragment_count=0 fragment_texts=[]
2026-08-25 22:52:47.502 | INFO     | winwatt_automation.runtime_mapping.program_mapper:_build_menu_rows_from_popup_rows:1145 - REPLACED_EMPTY_POPUP_ROW_WITH_PLACEHOLDER row_index=05
2026-08-25 22:52:47.502 | INFO     | winwatt_automation.runtime_mapping.program_mapper:_build_menu_rows_from_popup_rows:1149 - GEOM_PLACEHOLDER_CREATED row_index=05 rect={'left': 4, 'top': 201, 'right': 687, 'bottom': 229} popup_reason=below_topbar_band
2026-08-25 22:52:47.502 | INFO     | winwatt_automation.runtime_mapping.program_mapper:_build_menu_rows_from_popup_rows:1200 - DBG_WINWATT_NORMAL_MENU_ROW state=no_project top_menu=Jegyzékek row_index=5 text='[unlabeled row 5]' normalized_text=[unlabeled row 5] source_scope=main_window separator=False enabled_guess=False rectangle={'left': 4, 'top': 201, 'right': 687, 'bottom': 229} depth=1
2026-08-25 22:52:47.502 | INFO     | winwatt_automation.runtime_mapping.program_mapper:_build_menu_rows_from_popup_rows:1040 - DBG_MENU_BUILD_INPUT_ROW state=no_project top_menu=Jegyzékek row_index=6 text='Végrehajtás' rectangle={'left': 4, 'top': 229, 'right': 687, 'bottom': 257} topbar_like=False popup_like=True source_scope=main_window fragments=0
2026-08-25 22:52:47.502 | INFO     | winwatt_automation.runtime_mapping.program_mapper:_build_menu_rows_from_popup_rows:1200 - DBG_WINWATT_NORMAL_MENU_ROW state=no_project top_menu=Jegyzékek row_index=6 text='Végrehajtás' normalized_text=végrehajtás source_scope=main_window separator=False enabled_guess=True rectangle={'left': 4, 'top': 229, 'right': 687, 'bottom': 257} depth=1
2026-08-25 22:52:47.502 | INFO     | winwatt_automation.runtime_mapping.program_mapper:_build_menu_rows_from_popup_rows:1040 - DBG_MENU_BUILD_INPUT_ROW state=no_project top_menu=Jegyzékek row_index=7 text='Végrehajtás' rectangle={'left': 4, 'top': 264, 'right': 687, 'bottom': 292} topbar_like=False popup_like=True source_scope=main_window fragments=0
2026-08-25 22:52:47.502 | INFO     | winwatt_automation.runtime_mapping.program_mapper:_build_menu_rows_from_popup_rows:1200 - DBG_WINWATT_NORMAL_MENU_ROW state=no_project top_menu=Jegyzékek row_index=7 text='Végrehajtás' normalized_text=végrehajtás source_scope=main_window separator=False enabled_guess=True rectangle={'left': 4, 'top': 264, 'right': 687, 'bottom': 292} depth=1
2026-08-25 22:52:47.502 | INFO     | winwatt_automation.runtime_mapping.program_mapper:_build_menu_rows_from_popup_rows:1040 - DBG_MENU_BUILD_INPUT_ROW state=no_project top_menu=Jegyzékek row_index=8 text='Végrehajtás' rectangle={'left': 4, 'top': 299, 'right': 687, 'bottom': 327} topbar_like=False popup_like=True source_scope=main_window fragments=0
2026-08-25 22:52:47.502 | INFO     | winwatt_automation.runtime_mapping.program_mapper:_build_menu_rows_from_popup_rows:1200 - DBG_WINWATT_NORMAL_MENU_ROW state=no_project top_menu=Jegyzékek row_index=8 text='Végrehajtás' normalized_text=végrehajtás source_scope=main_window separator=False enabled_guess=True rectangle={'left': 4, 'top': 299, 'right': 687, 'bottom': 327} depth=1
2026-08-25 22:52:47.502 | INFO     | winwatt_automation.runtime_mapping.program_mapper:_build_menu_rows_from_popup_rows:1244 - MENU_ROW_BUILD_SUMMARY state=no_project top_menu=Jegyzékek input_rows=9 mapped_rows=9 placeholders=3 filtered_overlap=0 filtered_empty_non_actionable=0 rejected_foreign_rows=0 deduped_rows=0
2026-08-25 22:52:47.502 | INFO     | winwatt_automation.runtime_mapping.program_mapper:explore_menu_tree:3681 - ACTION_CATALOG_INPUT_SUMMARY state=no_project top_menu=Jegyzékek depth=1 candidate_rows=9 placeholders=3 low_or_none_confidence=3 legacy_text_only=6 unknown_pending=0
2026-08-25 22:52:48.381 | INFO     | winwatt_automation.live_ui.menu_helpers:_menu_items:1101 - DBG_MENU_ITEMS_SUMMARY total_items=16 visible_items=16 topbar_band=(0, 0, 687, 327) topbar_band_visible_count=16 popup_region_visible_count=0 force_refresh=True handle=1313178
2026-08-25 22:52:48.508 | INFO     | winwatt_automation.live_ui.menu_helpers:list_top_menu_items:1141 - Top-level menu items (raw): ['Rendszer', 'Fájl', 'Jegyzékek', 'Adatbázis...', 'Beállítások', 'Ablak', 'Súgó']
2026-08-25 22:52:48.508 | INFO     | winwatt_automation.runtime_mapping.program_mapper:_evaluate_action_admission:1969 - ACTION_ADMISSION_REJECTED top_menu=Jegyzékek path=['Jegyzékek', 'Végrehajtás'] traversal_depth=1 reason=unknown_legacy_popup_noise_suppressed classification=unknown result_type=no_observable_effect placeholder=False text_confidence=medium raw_text_sources=['legacy_text'] skip_reason=None
2026-08-25 22:52:48.508 | INFO     | winwatt_automation.runtime_mapping.program_mapper:_evaluate_action_admission:1982 - ACTION_STRUCTURE_ONLY_ROW top_menu=Jegyzékek path=['Jegyzékek', 'Végrehajtás'] traversal_depth=1 reason=unknown_legacy_popup_noise_suppressed
2026-08-25 22:52:49.422 | INFO     | winwatt_automation.live_ui.menu_helpers:_menu_items:1101 - DBG_MENU_ITEMS_SUMMARY total_items=16 visible_items=16 topbar_band=(0, 0, 687, 327) topbar_band_visible_count=16 popup_region_visible_count=0 force_refresh=True handle=1313178
2026-08-25 22:52:49.563 | INFO     | winwatt_automation.live_ui.menu_helpers:list_top_menu_items:1141 - Top-level menu items (raw): ['Rendszer', 'Fájl', 'Jegyzékek', 'Adatbázis...', 'Beállítások', 'Ablak', 'Súgó']
2026-08-25 22:52:49.563 | INFO     | winwatt_automation.runtime_mapping.program_mapper:_evaluate_action_admission:1969 - ACTION_ADMISSION_REJECTED top_menu=Jegyzékek path=['Jegyzékek', '[unlabeled row 2]'] traversal_depth=1 reason=disabled_menu_item classification=unknown result_type=no_observable_effect placeholder=True text_confidence=none raw_text_sources=[] skip_reason=None
2026-08-25 22:52:49.563 | INFO     | winwatt_automation.runtime_mapping.program_mapper:_evaluate_action_admission:1982 - ACTION_STRUCTURE_ONLY_ROW top_menu=Jegyzékek path=['Jegyzékek', '[unlabeled row 2]'] traversal_depth=1 reason=disabled_menu_item
2026-08-25 22:52:50.647 | INFO     | winwatt_automation.live_ui.menu_helpers:_menu_items:1101 - DBG_MENU_ITEMS_SUMMARY total_items=16 visible_items=16 topbar_band=(0, 0, 687, 327) topbar_band_visible_count=16 popup_region_visible_count=0 force_refresh=True handle=1313178
2026-08-25 22:52:50.774 | INFO     | winwatt_automation.live_ui.menu_helpers:list_top_menu_items:1141 - Top-level menu items (raw): ['Rendszer', 'Fájl', 'Jegyzékek', 'Adatbázis...', 'Beállítások', 'Ablak', 'Súgó']
2026-08-25 22:52:50.774 | INFO     | winwatt_automation.runtime_mapping.program_mapper:_evaluate_action_admission:1969 - ACTION_ADMISSION_REJECTED top_menu=Jegyzékek path=['Jegyzékek', '[unlabeled row 3]'] traversal_depth=1 reason=disabled_menu_item classification=unknown result_type=no_observable_effect placeholder=True text_confidence=none raw_text_sources=[] skip_reason=None
2026-08-25 22:52:50.774 | INFO     | winwatt_automation.runtime_mapping.program_mapper:_evaluate_action_admission:1982 - ACTION_STRUCTURE_ONLY_ROW top_menu=Jegyzékek path=['Jegyzékek', '[unlabeled row 3]'] traversal_depth=1 reason=disabled_menu_item
2026-08-25 22:52:51.713 | INFO     | winwatt_automation.live_ui.menu_helpers:_menu_items:1101 - DBG_MENU_ITEMS_SUMMARY total_items=16 visible_items=16 topbar_band=(0, 0, 687, 327) topbar_band_visible_count=16 popup_region_visible_count=0 force_refresh=True handle=1313178
2026-08-25 22:52:51.840 | INFO     | winwatt_automation.live_ui.menu_helpers:list_top_menu_items:1141 - Top-level menu items (raw): ['Rendszer', 'Fájl', 'Jegyzékek', 'Adatbázis...', 'Beállítások', 'Ablak', 'Súgó']
2026-08-25 22:52:51.840 | INFO     | winwatt_automation.runtime_mapping.program_mapper:_evaluate_action_admission:1969 - ACTION_ADMISSION_REJECTED top_menu=Jegyzékek path=['Jegyzékek', '[unlabeled row 5]'] traversal_depth=1 reason=disabled_menu_item classification=unknown result_type=no_observable_effect placeholder=True text_confidence=none raw_text_sources=[] skip_reason=None
2026-08-25 22:52:51.840 | INFO     | winwatt_automation.runtime_mapping.program_mapper:_evaluate_action_admission:1982 - ACTION_STRUCTURE_ONLY_ROW top_menu=Jegyzékek path=['Jegyzékek', '[unlabeled row 5]'] traversal_depth=1 reason=disabled_menu_item
2026-08-25 22:52:51.840 | INFO     | winwatt_automation.runtime_mapping.program_mapper:_log_phase_timing:279 - DBG_PHASE_TIMING phase=subtree_traversal elapsed_ms=4328.000 state_id=no_project top_menu=Jegyzékek depth=1 rows=9 nodes=4 actions=4
2026-08-25 22:52:51.840 | INFO     | winwatt_automation.runtime_mapping.program_mapper:explore_menu_tree:4191 - ACTION_CATALOG_OUTPUT_SUMMARY state=no_project top_menu=Jegyzékek depth=1 candidate_rows=9 probed_rows=0 admitted_after_probe=0 admitted_actions=0 still_structure_only=4 suppressed_unknown=0 placeholders_retained=3
2026-08-25 22:52:51.840 | INFO     | winwatt_automation.runtime_mapping.program_mapper:map_runtime_state:4349 - MAP_RUNTIME_STATE_MENU_RESULT state_id=no_project top_menu=Jegyzékek rows=9 nodes=4 actions=4 dialogs=0 windows=0 catalog=0
2026-08-25 22:52:51.840 | INFO     | winwatt_automation.live_ui.app_connector:is_winwatt_foreground_context:1134 - DBG_WINWATT_FOREGROUND_CONTEXT expected_handle=1313178 expected_process_id=12016 expected_title=WinWatt gólya expected_class_name=TMainForm actual_foreground_handle=1313178 actual_foreground_process_id=12016 actual_foreground_title=WinWatt gólya actual_foreground_class_name=TMainForm allow_dialog=True result_reason=handle_match
2026-08-25 22:52:51.840 | INFO     | winwatt_automation.runtime_mapping.program_mapper:explore_menu_tree:3548 - POPUP_REUSE_REJECTED state=no_project top_menu=Adatbázis... normalized_parent=('adatbázis',) popup_state_path=('jegyzékek',) reason=state_path_mismatch
2026-08-25 22:52:52.306 | INFO     | winwatt_automation.live_ui.menu_helpers:_menu_items:1101 - DBG_MENU_ITEMS_SUMMARY total_items=16 visible_items=16 topbar_band=(0, 0, 687, 327) topbar_band_visible_count=16 popup_region_visible_count=0 force_refresh=False handle=1313178
2026-08-25 22:52:52.324 | INFO     | winwatt_automation.live_ui.menu_helpers:_menu_row_from_wrapper:1545 - TEXT_EXTRACTION_FALLBACK_USED source=legacy_text confidence=medium rect={'left': 4, 'top': 56, 'right': 687, 'bottom': 84}
2026-08-25 22:52:52.335 | INFO     | winwatt_automation.live_ui.menu_helpers:_menu_row_from_wrapper:1545 - TEXT_EXTRACTION_FALLBACK_USED source=legacy_text confidence=medium rect={'left': 4, 'top': 84, 'right': 687, 'bottom': 112}
2026-08-25 22:52:52.347 | WARNING  | winwatt_automation.live_ui.menu_helpers:_menu_row_from_wrapper:1547 - TEXT_EXTRACTION_FAILED source_scope=main_window rect={'left': 4, 'top': 111, 'right': 687, 'bottom': 139}
2026-08-25 22:52:52.357 | WARNING  | winwatt_automation.live_ui.menu_helpers:_menu_row_from_wrapper:1547 - TEXT_EXTRACTION_FAILED source_scope=main_window rect={'left': 4, 'top': 139, 'right': 687, 'bottom': 167}
2026-08-25 22:52:52.370 | INFO     | winwatt_automation.live_ui.menu_helpers:_menu_row_from_wrapper:1545 - TEXT_EXTRACTION_FALLBACK_USED source=legacy_text confidence=medium rect={'left': 4, 'top': 166, 'right': 687, 'bottom': 194}
2026-08-25 22:52:52.375 | WARNING  | winwatt_automation.live_ui.menu_helpers:_menu_row_from_wrapper:1547 - TEXT_EXTRACTION_FAILED source_scope=main_window rect={'left': 4, 'top': 201, 'right': 687, 'bottom': 229}
2026-08-25 22:52:52.386 | INFO     | winwatt_automation.live_ui.menu_helpers:_menu_row_from_wrapper:1545 - TEXT_EXTRACTION_FALLBACK_USED source=legacy_text confidence=medium rect={'left': 4, 'top': 229, 'right': 687, 'bottom': 257}
2026-08-25 22:52:52.386 | INFO     | winwatt_automation.live_ui.menu_helpers:_menu_row_from_wrapper:1545 - TEXT_EXTRACTION_FALLBACK_USED source=legacy_text confidence=medium rect={'left': 4, 'top': 264, 'right': 687, 'bottom': 292}
2026-08-25 22:52:52.401 | INFO     | winwatt_automation.live_ui.menu_helpers:_menu_row_from_wrapper:1545 - TEXT_EXTRACTION_FALLBACK_USED source=legacy_text confidence=medium rect={'left': 4, 'top': 299, 'right': 687, 'bottom': 327}
2026-08-25 22:52:52.544 | INFO     | winwatt_automation.live_ui.menu_helpers:capture_menu_popup_snapshot:1724 - POPUP_SNAPSHOT_SUMMARY main_window_fragments=16 global_scan_fragments=0 deduped_fragments=16 topbar_like=6 popup_like=9 empty_text=3 topbar_band=(0, 29, 409, 53) empty_text_vertical_cluster_detected=False accepted_popup_rows=0 popup_heuristic=candidate_count_below_threshold
2026-08-25 22:52:53.488 | INFO     | winwatt_automation.live_ui.menu_helpers:_menu_items:1101 - DBG_MENU_ITEMS_SUMMARY total_items=16 visible_items=16 topbar_band=(0, 0, 687, 327) topbar_band_visible_count=16 popup_region_visible_count=0 force_refresh=True handle=1313178
2026-08-25 22:52:53.610 | INFO     | winwatt_automation.live_ui.menu_helpers:list_top_menu_items:1141 - Top-level menu items (raw): ['Rendszer', 'Fájl', 'Jegyzékek', 'Adatbázis...', 'Beállítások', 'Ablak', 'Súgó']
2026-08-25 22:52:53.610 | INFO     | winwatt_automation.runtime_mapping.program_mapper:explore_menu_tree:3571 - RECENT_PROJECT_BLOCK_SUMMARY state=no_project top_menu=Adatbázis... attempt=0 popup_block_classification=normal_popup recent_projects_block=False stateful_menu_block=False accepted_rows=9 filtered_rows=9
2026-08-25 22:52:53.610 | INFO     | winwatt_automation.runtime_mapping.program_mapper:explore_menu_tree:3572 - DBG_REUSING_OPEN_POPUP_SNAPSHOT state=no_project top_menu=Adatbázis... row_count=16 popup_like_count=9 topbar_like_count=6 normalized_parent=('adatbázis',) popup_state_path=('jegyzékek',)
2026-08-25 22:52:53.610 | INFO     | winwatt_automation.runtime_mapping.program_mapper:explore_menu_tree:3582 - DBG_WINWATT_NORMAL_MENU_POPUP_ROWS_ACCEPTED state=no_project top_menu=Adatbázis... attempt=0 accepted_row_count=9
2026-08-25 22:52:53.610 | INFO     | winwatt_automation.runtime_mapping.program_mapper:_build_menu_rows_from_popup_rows:1040 - DBG_MENU_BUILD_INPUT_ROW state=no_project top_menu=Adatbázis... row_index=0 text='Végrehajtás' rectangle={'left': 4, 'top': 56, 'right': 687, 'bottom': 84} topbar_like=False popup_like=True source_scope=main_window fragments=0
2026-08-25 22:52:53.610 | INFO     | winwatt_automation.runtime_mapping.program_mapper:_build_menu_rows_from_popup_rows:1200 - DBG_WINWATT_NORMAL_MENU_ROW state=no_project top_menu=Adatbázis... row_index=0 text='Végrehajtás' normalized_text=végrehajtás source_scope=main_window separator=False enabled_guess=True rectangle={'left': 4, 'top': 56, 'right': 687, 'bottom': 84} depth=1
2026-08-25 22:52:53.610 | INFO     | winwatt_automation.runtime_mapping.program_mapper:_build_menu_rows_from_popup_rows:1040 - DBG_MENU_BUILD_INPUT_ROW state=no_project top_menu=Adatbázis... row_index=1 text='Végrehajtás' rectangle={'left': 4, 'top': 84, 'right': 687, 'bottom': 112} topbar_like=False popup_like=True source_scope=main_window fragments=0
2026-08-25 22:52:53.610 | INFO     | winwatt_automation.runtime_mapping.program_mapper:_build_menu_rows_from_popup_rows:1200 - DBG_WINWATT_NORMAL_MENU_ROW state=no_project top_menu=Adatbázis... row_index=1 text='Végrehajtás' normalized_text=végrehajtás source_scope=main_window separator=False enabled_guess=True rectangle={'left': 4, 'top': 84, 'right': 687, 'bottom': 112} depth=1
2026-08-25 22:52:53.610 | INFO     | winwatt_automation.runtime_mapping.program_mapper:_build_menu_rows_from_popup_rows:1040 - DBG_MENU_BUILD_INPUT_ROW state=no_project top_menu=Adatbázis... row_index=2 text='' rectangle={'left': 4, 'top': 111, 'right': 687, 'bottom': 139} topbar_like=False popup_like=True source_scope=main_window fragments=0
2026-08-25 22:52:53.610 | WARNING  | winwatt_automation.runtime_mapping.program_mapper:_resolve_row_text_with_fallback:687 - TEXT_EXTRACTION_FAILED row_index=2 source_scope=main_window fragment_count=0 rectangle={'left': 4, 'top': 111, 'right': 687, 'bottom': 139}
2026-08-25 22:52:53.610 | INFO     | winwatt_automation.runtime_mapping.program_mapper:_build_menu_rows_from_popup_rows:1100 - DBG_WINWATT_EMPTY_NORMALIZED_MENU_TITLE row_index=2 raw_text= normalized_text= is_separator=False source_scope=main_window control_type=MenuItem class_name= rectangle={'left': 4, 'top': 111, 'right': 687, 'bottom': 139} fragment_count=0 fragment_texts=[]
2026-08-25 22:52:53.610 | INFO     | winwatt_automation.runtime_mapping.program_mapper:_build_menu_rows_from_popup_rows:1145 - REPLACED_EMPTY_POPUP_ROW_WITH_PLACEHOLDER row_index=02
2026-08-25 22:52:53.610 | INFO     | winwatt_automation.runtime_mapping.program_mapper:_build_menu_rows_from_popup_rows:1149 - GEOM_PLACEHOLDER_CREATED row_index=02 rect={'left': 4, 'top': 111, 'right': 687, 'bottom': 139} popup_reason=below_topbar_band
2026-08-25 22:52:53.626 | INFO     | winwatt_automation.runtime_mapping.program_mapper:_build_menu_rows_from_popup_rows:1200 - DBG_WINWATT_NORMAL_MENU_ROW state=no_project top_menu=Adatbázis... row_index=2 text='[unlabeled row 2]' normalized_text=[unlabeled row 2] source_scope=main_window separator=False enabled_guess=False rectangle={'left': 4, 'top': 111, 'right': 687, 'bottom': 139} depth=1
2026-08-25 22:52:53.626 | INFO     | winwatt_automation.runtime_mapping.program_mapper:_build_menu_rows_from_popup_rows:1040 - DBG_MENU_BUILD_INPUT_ROW state=no_project top_menu=Adatbázis... row_index=3 text='' rectangle={'left': 4, 'top': 139, 'right': 687, 'bottom': 167} topbar_like=False popup_like=True source_scope=main_window fragments=0
2026-08-25 22:52:53.626 | WARNING  | winwatt_automation.runtime_mapping.program_mapper:_resolve_row_text_with_fallback:687 - TEXT_EXTRACTION_FAILED row_index=3 source_scope=main_window fragment_count=0 rectangle={'left': 4, 'top': 139, 'right': 687, 'bottom': 167}
2026-08-25 22:52:53.626 | INFO     | winwatt_automation.runtime_mapping.program_mapper:_build_menu_rows_from_popup_rows:1100 - DBG_WINWATT_EMPTY_NORMALIZED_MENU_TITLE row_index=3 raw_text= normalized_text= is_separator=False source_scope=main_window control_type=MenuItem class_name= rectangle={'left': 4, 'top': 139, 'right': 687, 'bottom': 167} fragment_count=0 fragment_texts=[]
2026-08-25 22:52:53.626 | INFO     | winwatt_automation.runtime_mapping.program_mapper:_build_menu_rows_from_popup_rows:1145 - REPLACED_EMPTY_POPUP_ROW_WITH_PLACEHOLDER row_index=03
2026-08-25 22:52:53.626 | INFO     | winwatt_automation.runtime_mapping.program_mapper:_build_menu_rows_from_popup_rows:1149 - GEOM_PLACEHOLDER_CREATED row_index=03 rect={'left': 4, 'top': 139, 'right': 687, 'bottom': 167} popup_reason=below_topbar_band
2026-08-25 22:52:53.626 | INFO     | winwatt_automation.runtime_mapping.program_mapper:_build_menu_rows_from_popup_rows:1200 - DBG_WINWATT_NORMAL_MENU_ROW state=no_project top_menu=Adatbázis... row_index=3 text='[unlabeled row 3]' normalized_text=[unlabeled row 3] source_scope=main_window separator=False enabled_guess=False rectangle={'left': 4, 'top': 139, 'right': 687, 'bottom': 167} depth=1
2026-08-25 22:52:53.626 | INFO     | winwatt_automation.runtime_mapping.program_mapper:_build_menu_rows_from_popup_rows:1040 - DBG_MENU_BUILD_INPUT_ROW state=no_project top_menu=Adatbázis... row_index=4 text='Végrehajtás' rectangle={'left': 4, 'top': 166, 'right': 687, 'bottom': 194} topbar_like=False popup_like=True source_scope=main_window fragments=0
2026-08-25 22:52:53.626 | INFO     | winwatt_automation.runtime_mapping.program_mapper:_build_menu_rows_from_popup_rows:1200 - DBG_WINWATT_NORMAL_MENU_ROW state=no_project top_menu=Adatbázis... row_index=4 text='Végrehajtás' normalized_text=végrehajtás source_scope=main_window separator=False enabled_guess=True rectangle={'left': 4, 'top': 166, 'right': 687, 'bottom': 194} depth=1
2026-08-25 22:52:53.626 | INFO     | winwatt_automation.runtime_mapping.program_mapper:_build_menu_rows_from_popup_rows:1040 - DBG_MENU_BUILD_INPUT_ROW state=no_project top_menu=Adatbázis... row_index=5 text='' rectangle={'left': 4, 'top': 201, 'right': 687, 'bottom': 229} topbar_like=False popup_like=True source_scope=main_window fragments=0
2026-08-25 22:52:53.626 | WARNING  | winwatt_automation.runtime_mapping.program_mapper:_resolve_row_text_with_fallback:687 - TEXT_EXTRACTION_FAILED row_index=5 source_scope=main_window fragment_count=0 rectangle={'left': 4, 'top': 201, 'right': 687, 'bottom': 229}
2026-08-25 22:52:53.626 | INFO     | winwatt_automation.runtime_mapping.program_mapper:_build_menu_rows_from_popup_rows:1100 - DBG_WINWATT_EMPTY_NORMALIZED_MENU_TITLE row_index=5 raw_text= normalized_text= is_separator=False source_scope=main_window control_type=MenuItem class_name= rectangle={'left': 4, 'top': 201, 'right': 687, 'bottom': 229} fragment_count=0 fragment_texts=[]
2026-08-25 22:52:53.626 | INFO     | winwatt_automation.runtime_mapping.program_mapper:_build_menu_rows_from_popup_rows:1145 - REPLACED_EMPTY_POPUP_ROW_WITH_PLACEHOLDER row_index=05
2026-08-25 22:52:53.626 | INFO     | winwatt_automation.runtime_mapping.program_mapper:_build_menu_rows_from_popup_rows:1149 - GEOM_PLACEHOLDER_CREATED row_index=05 rect={'left': 4, 'top': 201, 'right': 687, 'bottom': 229} popup_reason=below_topbar_band
2026-08-25 22:52:53.626 | INFO     | winwatt_automation.runtime_mapping.program_mapper:_build_menu_rows_from_popup_rows:1200 - DBG_WINWATT_NORMAL_MENU_ROW state=no_project top_menu=Adatbázis... row_index=5 text='[unlabeled row 5]' normalized_text=[unlabeled row 5] source_scope=main_window separator=False enabled_guess=False rectangle={'left': 4, 'top': 201, 'right': 687, 'bottom': 229} depth=1
2026-08-25 22:52:53.626 | INFO     | winwatt_automation.runtime_mapping.program_mapper:_build_menu_rows_from_popup_rows:1040 - DBG_MENU_BUILD_INPUT_ROW state=no_project top_menu=Adatbázis... row_index=6 text='Végrehajtás' rectangle={'left': 4, 'top': 229, 'right': 687, 'bottom': 257} topbar_like=False popup_like=True source_scope=main_window fragments=0
2026-08-25 22:52:53.626 | INFO     | winwatt_automation.runtime_mapping.program_mapper:_build_menu_rows_from_popup_rows:1200 - DBG_WINWATT_NORMAL_MENU_ROW state=no_project top_menu=Adatbázis... row_index=6 text='Végrehajtás' normalized_text=végrehajtás source_scope=main_window separator=False enabled_guess=True rectangle={'left': 4, 'top': 229, 'right': 687, 'bottom': 257} depth=1
2026-08-25 22:52:53.626 | INFO     | winwatt_automation.runtime_mapping.program_mapper:_build_menu_rows_from_popup_rows:1040 - DBG_MENU_BUILD_INPUT_ROW state=no_project top_menu=Adatbázis... row_index=7 text='Végrehajtás' rectangle={'left': 4, 'top': 264, 'right': 687, 'bottom': 292} topbar_like=False popup_like=True source_scope=main_window fragments=0
2026-08-25 22:52:53.626 | INFO     | winwatt_automation.runtime_mapping.program_mapper:_build_menu_rows_from_popup_rows:1200 - DBG_WINWATT_NORMAL_MENU_ROW state=no_project top_menu=Adatbázis... row_index=7 text='Végrehajtás' normalized_text=végrehajtás source_scope=main_window separator=False enabled_guess=True rectangle={'left': 4, 'top': 264, 'right': 687, 'bottom': 292} depth=1
2026-08-25 22:52:53.626 | INFO     | winwatt_automation.runtime_mapping.program_mapper:_build_menu_rows_from_popup_rows:1040 - DBG_MENU_BUILD_INPUT_ROW state=no_project top_menu=Adatbázis... row_index=8 text='Végrehajtás' rectangle={'left': 4, 'top': 299, 'right': 687, 'bottom': 327} topbar_like=False popup_like=True source_scope=main_window fragments=0
2026-08-25 22:52:53.626 | INFO     | winwatt_automation.runtime_mapping.program_mapper:_build_menu_rows_from_popup_rows:1200 - DBG_WINWATT_NORMAL_MENU_ROW state=no_project top_menu=Adatbázis... row_index=8 text='Végrehajtás' normalized_text=végrehajtás source_scope=main_window separator=False enabled_guess=True rectangle={'left': 4, 'top': 299, 'right': 687, 'bottom': 327} depth=1
2026-08-25 22:52:53.626 | INFO     | winwatt_automation.runtime_mapping.program_mapper:_build_menu_rows_from_popup_rows:1244 - MENU_ROW_BUILD_SUMMARY state=no_project top_menu=Adatbázis... input_rows=9 mapped_rows=9 placeholders=3 filtered_overlap=0 filtered_empty_non_actionable=0 rejected_foreign_rows=0 deduped_rows=0
2026-08-25 22:52:53.626 | INFO     | winwatt_automation.runtime_mapping.program_mapper:explore_menu_tree:3681 - ACTION_CATALOG_INPUT_SUMMARY state=no_project top_menu=Adatbázis... depth=1 candidate_rows=9 placeholders=3 low_or_none_confidence=3 legacy_text_only=6 unknown_pending=0
2026-08-25 22:52:54.509 | INFO     | winwatt_automation.live_ui.menu_helpers:_menu_items:1101 - DBG_MENU_ITEMS_SUMMARY total_items=16 visible_items=16 topbar_band=(0, 0, 687, 327) topbar_band_visible_count=16 popup_region_visible_count=0 force_refresh=True handle=1313178
2026-08-25 22:52:54.643 | INFO     | winwatt_automation.live_ui.menu_helpers:list_top_menu_items:1141 - Top-level menu items (raw): ['Rendszer', 'Fájl', 'Jegyzékek', 'Adatbázis...', 'Beállítások', 'Ablak', 'Súgó']
2026-08-25 22:52:54.643 | INFO     | winwatt_automation.runtime_mapping.program_mapper:_evaluate_action_admission:1969 - ACTION_ADMISSION_REJECTED top_menu=Adatbázis path=['Adatbázis', 'Végrehajtás'] traversal_depth=1 reason=unknown_legacy_popup_noise_suppressed classification=unknown result_type=no_observable_effect placeholder=False text_confidence=medium raw_text_sources=['legacy_text'] skip_reason=None
2026-08-25 22:52:54.643 | INFO     | winwatt_automation.runtime_mapping.program_mapper:_evaluate_action_admission:1982 - ACTION_STRUCTURE_ONLY_ROW top_menu=Adatbázis path=['Adatbázis', 'Végrehajtás'] traversal_depth=1 reason=unknown_legacy_popup_noise_suppressed
2026-08-25 22:52:55.565 | INFO     | winwatt_automation.live_ui.menu_helpers:_menu_items:1101 - DBG_MENU_ITEMS_SUMMARY total_items=16 visible_items=16 topbar_band=(0, 0, 687, 327) topbar_band_visible_count=16 popup_region_visible_count=0 force_refresh=True handle=1313178
2026-08-25 22:52:55.692 | INFO     | winwatt_automation.live_ui.menu_helpers:list_top_menu_items:1141 - Top-level menu items (raw): ['Rendszer', 'Fájl', 'Jegyzékek', 'Adatbázis...', 'Beállítások', 'Ablak', 'Súgó']
2026-08-25 22:52:55.692 | INFO     | winwatt_automation.runtime_mapping.program_mapper:_evaluate_action_admission:1969 - ACTION_ADMISSION_REJECTED top_menu=Adatbázis path=['Adatbázis', '[unlabeled row 2]'] traversal_depth=1 reason=disabled_menu_item classification=unknown result_type=no_observable_effect placeholder=True text_confidence=none raw_text_sources=[] skip_reason=None
2026-08-25 22:52:55.692 | INFO     | winwatt_automation.runtime_mapping.program_mapper:_evaluate_action_admission:1982 - ACTION_STRUCTURE_ONLY_ROW top_menu=Adatbázis path=['Adatbázis', '[unlabeled row 2]'] traversal_depth=1 reason=disabled_menu_item
2026-08-25 22:52:56.570 | INFO     | winwatt_automation.live_ui.menu_helpers:_menu_items:1101 - DBG_MENU_ITEMS_SUMMARY total_items=16 visible_items=16 topbar_band=(0, 0, 687, 327) topbar_band_visible_count=16 popup_region_visible_count=0 force_refresh=True handle=1313178
2026-08-25 22:52:56.696 | INFO     | winwatt_automation.live_ui.menu_helpers:list_top_menu_items:1141 - Top-level menu items (raw): ['Rendszer', 'Fájl', 'Jegyzékek', 'Adatbázis...', 'Beállítások', 'Ablak', 'Súgó']
2026-08-25 22:52:56.696 | INFO     | winwatt_automation.runtime_mapping.program_mapper:_evaluate_action_admission:1969 - ACTION_ADMISSION_REJECTED top_menu=Adatbázis path=['Adatbázis', '[unlabeled row 3]'] traversal_depth=1 reason=disabled_menu_item classification=unknown result_type=no_observable_effect placeholder=True text_confidence=none raw_text_sources=[] skip_reason=None
2026-08-25 22:52:56.696 | INFO     | winwatt_automation.runtime_mapping.program_mapper:_evaluate_action_admission:1982 - ACTION_STRUCTURE_ONLY_ROW top_menu=Adatbázis path=['Adatbázis', '[unlabeled row 3]'] traversal_depth=1 reason=disabled_menu_item
2026-08-25 22:52:57.601 | INFO     | winwatt_automation.live_ui.menu_helpers:_menu_items:1101 - DBG_MENU_ITEMS_SUMMARY total_items=16 visible_items=16 topbar_band=(0, 0, 687, 327) topbar_band_visible_count=16 popup_region_visible_count=0 force_refresh=True handle=1313178
2026-08-25 22:52:57.726 | INFO     | winwatt_automation.live_ui.menu_helpers:list_top_menu_items:1141 - Top-level menu items (raw): ['Rendszer', 'Fájl', 'Jegyzékek', 'Adatbázis...', 'Beállítások', 'Ablak', 'Súgó']
2026-08-25 22:52:57.726 | INFO     | winwatt_automation.runtime_mapping.program_mapper:_evaluate_action_admission:1969 - ACTION_ADMISSION_REJECTED top_menu=Adatbázis path=['Adatbázis', '[unlabeled row 5]'] traversal_depth=1 reason=disabled_menu_item classification=unknown result_type=no_observable_effect placeholder=True text_confidence=none raw_text_sources=[] skip_reason=None
2026-08-25 22:52:57.726 | INFO     | winwatt_automation.runtime_mapping.program_mapper:_evaluate_action_admission:1982 - ACTION_STRUCTURE_ONLY_ROW top_menu=Adatbázis path=['Adatbázis', '[unlabeled row 5]'] traversal_depth=1 reason=disabled_menu_item
2026-08-25 22:52:57.726 | INFO     | winwatt_automation.runtime_mapping.program_mapper:_log_phase_timing:279 - DBG_PHASE_TIMING phase=subtree_traversal elapsed_ms=4093.000 state_id=no_project top_menu=Adatbázis... depth=1 rows=9 nodes=4 actions=4
2026-08-25 22:52:57.726 | INFO     | winwatt_automation.runtime_mapping.program_mapper:explore_menu_tree:4191 - ACTION_CATALOG_OUTPUT_SUMMARY state=no_project top_menu=Adatbázis... depth=1 candidate_rows=9 probed_rows=0 admitted_after_probe=0 admitted_actions=0 still_structure_only=4 suppressed_unknown=0 placeholders_retained=3
2026-08-25 22:52:57.726 | INFO     | winwatt_automation.runtime_mapping.program_mapper:map_runtime_state:4349 - MAP_RUNTIME_STATE_MENU_RESULT state_id=no_project top_menu=Adatbázis... rows=9 nodes=4 actions=4 dialogs=0 windows=0 catalog=0
2026-08-25 22:52:57.743 | INFO     | winwatt_automation.live_ui.app_connector:is_winwatt_foreground_context:1134 - DBG_WINWATT_FOREGROUND_CONTEXT expected_handle=1313178 expected_process_id=12016 expected_title=WinWatt gólya expected_class_name=TMainForm actual_foreground_handle=1313178 actual_foreground_process_id=12016 actual_foreground_title=WinWatt gólya actual_foreground_class_name=TMainForm allow_dialog=True result_reason=handle_match
2026-08-25 22:52:57.743 | INFO     | winwatt_automation.runtime_mapping.program_mapper:explore_menu_tree:3548 - POPUP_REUSE_REJECTED state=no_project top_menu=Beállítások normalized_parent=('beállítások',) popup_state_path=('adatbázis',) reason=state_path_mismatch
2026-08-25 22:52:58.208 | INFO     | winwatt_automation.live_ui.menu_helpers:_menu_items:1101 - DBG_MENU_ITEMS_SUMMARY total_items=16 visible_items=16 topbar_band=(0, 0, 687, 327) topbar_band_visible_count=16 popup_region_visible_count=0 force_refresh=False handle=1313178
2026-08-25 22:52:58.208 | INFO     | winwatt_automation.live_ui.menu_helpers:_menu_row_from_wrapper:1545 - TEXT_EXTRACTION_FALLBACK_USED source=legacy_text confidence=medium rect={'left': 4, 'top': 56, 'right': 687, 'bottom': 84}
2026-08-25 22:52:58.224 | INFO     | winwatt_automation.live_ui.menu_helpers:_menu_row_from_wrapper:1545 - TEXT_EXTRACTION_FALLBACK_USED source=legacy_text confidence=medium rect={'left': 4, 'top': 84, 'right': 687, 'bottom': 112}
2026-08-25 22:52:58.224 | WARNING  | winwatt_automation.live_ui.menu_helpers:_menu_row_from_wrapper:1547 - TEXT_EXTRACTION_FAILED source_scope=main_window rect={'left': 4, 'top': 111, 'right': 687, 'bottom': 139}
2026-08-25 22:52:58.244 | WARNING  | winwatt_automation.live_ui.menu_helpers:_menu_row_from_wrapper:1547 - TEXT_EXTRACTION_FAILED source_scope=main_window rect={'left': 4, 'top': 139, 'right': 687, 'bottom': 167}
2026-08-25 22:52:58.256 | INFO     | winwatt_automation.live_ui.menu_helpers:_menu_row_from_wrapper:1545 - TEXT_EXTRACTION_FALLBACK_USED source=legacy_text confidence=medium rect={'left': 4, 'top': 166, 'right': 687, 'bottom': 194}
2026-08-25 22:52:58.256 | WARNING  | winwatt_automation.live_ui.menu_helpers:_menu_row_from_wrapper:1547 - TEXT_EXTRACTION_FAILED source_scope=main_window rect={'left': 4, 'top': 201, 'right': 687, 'bottom': 229}
2026-08-25 22:52:58.288 | INFO     | winwatt_automation.live_ui.menu_helpers:_menu_row_from_wrapper:1545 - TEXT_EXTRACTION_FALLBACK_USED source=legacy_text confidence=medium rect={'left': 4, 'top': 229, 'right': 687, 'bottom': 257}
2026-08-25 22:52:58.288 | INFO     | winwatt_automation.live_ui.menu_helpers:_menu_row_from_wrapper:1545 - TEXT_EXTRACTION_FALLBACK_USED source=legacy_text confidence=medium rect={'left': 4, 'top': 264, 'right': 687, 'bottom': 292}
2026-08-25 22:52:58.303 | INFO     | winwatt_automation.live_ui.menu_helpers:_menu_row_from_wrapper:1545 - TEXT_EXTRACTION_FALLBACK_USED source=legacy_text confidence=medium rect={'left': 4, 'top': 299, 'right': 687, 'bottom': 327}
2026-08-25 22:52:58.444 | INFO     | winwatt_automation.live_ui.menu_helpers:capture_menu_popup_snapshot:1724 - POPUP_SNAPSHOT_SUMMARY main_window_fragments=16 global_scan_fragments=0 deduped_fragments=16 topbar_like=6 popup_like=9 empty_text=3 topbar_band=(0, 29, 409, 53) empty_text_vertical_cluster_detected=False accepted_popup_rows=0 popup_heuristic=candidate_count_below_threshold
2026-08-25 22:52:59.305 | INFO     | winwatt_automation.live_ui.menu_helpers:_menu_items:1101 - DBG_MENU_ITEMS_SUMMARY total_items=16 visible_items=16 topbar_band=(0, 0, 687, 327) topbar_band_visible_count=16 popup_region_visible_count=0 force_refresh=True handle=1313178
2026-08-25 22:52:59.432 | INFO     | winwatt_automation.live_ui.menu_helpers:list_top_menu_items:1141 - Top-level menu items (raw): ['Rendszer', 'Fájl', 'Jegyzékek', 'Adatbázis...', 'Beállítások', 'Ablak', 'Súgó']
2026-08-25 22:52:59.432 | INFO     | winwatt_automation.runtime_mapping.program_mapper:explore_menu_tree:3571 - RECENT_PROJECT_BLOCK_SUMMARY state=no_project top_menu=Beállítások attempt=0 popup_block_classification=normal_popup recent_projects_block=False stateful_menu_block=False accepted_rows=9 filtered_rows=9
2026-08-25 22:52:59.432 | INFO     | winwatt_automation.runtime_mapping.program_mapper:explore_menu_tree:3572 - DBG_REUSING_OPEN_POPUP_SNAPSHOT state=no_project top_menu=Beállítások row_count=16 popup_like_count=9 topbar_like_count=6 normalized_parent=('beállítások',) popup_state_path=('adatbázis',)
2026-08-25 22:52:59.432 | INFO     | winwatt_automation.runtime_mapping.program_mapper:explore_menu_tree:3582 - DBG_WINWATT_NORMAL_MENU_POPUP_ROWS_ACCEPTED state=no_project top_menu=Beállítások attempt=0 accepted_row_count=9
2026-08-25 22:52:59.432 | INFO     | winwatt_automation.runtime_mapping.program_mapper:_build_menu_rows_from_popup_rows:1040 - DBG_MENU_BUILD_INPUT_ROW state=no_project top_menu=Beállítások row_index=0 text='Végrehajtás' rectangle={'left': 4, 'top': 56, 'right': 687, 'bottom': 84} topbar_like=False popup_like=True source_scope=main_window fragments=0
2026-08-25 22:52:59.432 | INFO     | winwatt_automation.runtime_mapping.program_mapper:_build_menu_rows_from_popup_rows:1200 - DBG_WINWATT_NORMAL_MENU_ROW state=no_project top_menu=Beállítások row_index=0 text='Végrehajtás' normalized_text=végrehajtás source_scope=main_window separator=False enabled_guess=True rectangle={'left': 4, 'top': 56, 'right': 687, 'bottom': 84} depth=1
2026-08-25 22:52:59.432 | INFO     | winwatt_automation.runtime_mapping.program_mapper:_build_menu_rows_from_popup_rows:1040 - DBG_MENU_BUILD_INPUT_ROW state=no_project top_menu=Beállítások row_index=1 text='Végrehajtás' rectangle={'left': 4, 'top': 84, 'right': 687, 'bottom': 112} topbar_like=False popup_like=True source_scope=main_window fragments=0
2026-08-25 22:52:59.432 | INFO     | winwatt_automation.runtime_mapping.program_mapper:_build_menu_rows_from_popup_rows:1200 - DBG_WINWATT_NORMAL_MENU_ROW state=no_project top_menu=Beállítások row_index=1 text='Végrehajtás' normalized_text=végrehajtás source_scope=main_window separator=False enabled_guess=True rectangle={'left': 4, 'top': 84, 'right': 687, 'bottom': 112} depth=1
2026-08-25 22:52:59.432 | INFO     | winwatt_automation.runtime_mapping.program_mapper:_build_menu_rows_from_popup_rows:1040 - DBG_MENU_BUILD_INPUT_ROW state=no_project top_menu=Beállítások row_index=2 text='' rectangle={'left': 4, 'top': 111, 'right': 687, 'bottom': 139} topbar_like=False popup_like=True source_scope=main_window fragments=0
2026-08-25 22:52:59.432 | WARNING  | winwatt_automation.runtime_mapping.program_mapper:_resolve_row_text_with_fallback:687 - TEXT_EXTRACTION_FAILED row_index=2 source_scope=main_window fragment_count=0 rectangle={'left': 4, 'top': 111, 'right': 687, 'bottom': 139}
2026-08-25 22:52:59.432 | INFO     | winwatt_automation.runtime_mapping.program_mapper:_build_menu_rows_from_popup_rows:1100 - DBG_WINWATT_EMPTY_NORMALIZED_MENU_TITLE row_index=2 raw_text= normalized_text= is_separator=False source_scope=main_window control_type=MenuItem class_name= rectangle={'left': 4, 'top': 111, 'right': 687, 'bottom': 139} fragment_count=0 fragment_texts=[]
2026-08-25 22:52:59.432 | INFO     | winwatt_automation.runtime_mapping.program_mapper:_build_menu_rows_from_popup_rows:1145 - REPLACED_EMPTY_POPUP_ROW_WITH_PLACEHOLDER row_index=02
2026-08-25 22:52:59.432 | INFO     | winwatt_automation.runtime_mapping.program_mapper:_build_menu_rows_from_popup_rows:1149 - GEOM_PLACEHOLDER_CREATED row_index=02 rect={'left': 4, 'top': 111, 'right': 687, 'bottom': 139} popup_reason=below_topbar_band
2026-08-25 22:52:59.432 | INFO     | winwatt_automation.runtime_mapping.program_mapper:_build_menu_rows_from_popup_rows:1200 - DBG_WINWATT_NORMAL_MENU_ROW state=no_project top_menu=Beállítások row_index=2 text='[unlabeled row 2]' normalized_text=[unlabeled row 2] source_scope=main_window separator=False enabled_guess=False rectangle={'left': 4, 'top': 111, 'right': 687, 'bottom': 139} depth=1
2026-08-25 22:52:59.432 | INFO     | winwatt_automation.runtime_mapping.program_mapper:_build_menu_rows_from_popup_rows:1040 - DBG_MENU_BUILD_INPUT_ROW state=no_project top_menu=Beállítások row_index=3 text='' rectangle={'left': 4, 'top': 139, 'right': 687, 'bottom': 167} topbar_like=False popup_like=True source_scope=main_window fragments=0
2026-08-25 22:52:59.432 | WARNING  | winwatt_automation.runtime_mapping.program_mapper:_resolve_row_text_with_fallback:687 - TEXT_EXTRACTION_FAILED row_index=3 source_scope=main_window fragment_count=0 rectangle={'left': 4, 'top': 139, 'right': 687, 'bottom': 167}
2026-08-25 22:52:59.432 | INFO     | winwatt_automation.runtime_mapping.program_mapper:_build_menu_rows_from_popup_rows:1100 - DBG_WINWATT_EMPTY_NORMALIZED_MENU_TITLE row_index=3 raw_text= normalized_text= is_separator=False source_scope=main_window control_type=MenuItem class_name= rectangle={'left': 4, 'top': 139, 'right': 687, 'bottom': 167} fragment_count=0 fragment_texts=[]
2026-08-25 22:52:59.432 | INFO     | winwatt_automation.runtime_mapping.program_mapper:_build_menu_rows_from_popup_rows:1145 - REPLACED_EMPTY_POPUP_ROW_WITH_PLACEHOLDER row_index=03
2026-08-25 22:52:59.432 | INFO     | winwatt_automation.runtime_mapping.program_mapper:_build_menu_rows_from_popup_rows:1149 - GEOM_PLACEHOLDER_CREATED row_index=03 rect={'left': 4, 'top': 139, 'right': 687, 'bottom': 167} popup_reason=below_topbar_band
2026-08-25 22:52:59.432 | INFO     | winwatt_automation.runtime_mapping.program_mapper:_build_menu_rows_from_popup_rows:1200 - DBG_WINWATT_NORMAL_MENU_ROW state=no_project top_menu=Beállítások row_index=3 text='[unlabeled row 3]' normalized_text=[unlabeled row 3] source_scope=main_window separator=False enabled_guess=False rectangle={'left': 4, 'top': 139, 'right': 687, 'bottom': 167} depth=1
2026-08-25 22:52:59.432 | INFO     | winwatt_automation.runtime_mapping.program_mapper:_build_menu_rows_from_popup_rows:1040 - DBG_MENU_BUILD_INPUT_ROW state=no_project top_menu=Beállítások row_index=4 text='Végrehajtás' rectangle={'left': 4, 'top': 166, 'right': 687, 'bottom': 194} topbar_like=False popup_like=True source_scope=main_window fragments=0
2026-08-25 22:52:59.432 | INFO     | winwatt_automation.runtime_mapping.program_mapper:_build_menu_rows_from_popup_rows:1200 - DBG_WINWATT_NORMAL_MENU_ROW state=no_project top_menu=Beállítások row_index=4 text='Végrehajtás' normalized_text=végrehajtás source_scope=main_window separator=False enabled_guess=True rectangle={'left': 4, 'top': 166, 'right': 687, 'bottom': 194} depth=1
2026-08-25 22:52:59.432 | INFO     | winwatt_automation.runtime_mapping.program_mapper:_build_menu_rows_from_popup_rows:1040 - DBG_MENU_BUILD_INPUT_ROW state=no_project top_menu=Beállítások row_index=5 text='' rectangle={'left': 4, 'top': 201, 'right': 687, 'bottom': 229} topbar_like=False popup_like=True source_scope=main_window fragments=0
2026-08-25 22:52:59.432 | WARNING  | winwatt_automation.runtime_mapping.program_mapper:_resolve_row_text_with_fallback:687 - TEXT_EXTRACTION_FAILED row_index=5 source_scope=main_window fragment_count=0 rectangle={'left': 4, 'top': 201, 'right': 687, 'bottom': 229}
2026-08-25 22:52:59.432 | INFO     | winwatt_automation.runtime_mapping.program_mapper:_build_menu_rows_from_popup_rows:1100 - DBG_WINWATT_EMPTY_NORMALIZED_MENU_TITLE row_index=5 raw_text= normalized_text= is_separator=False source_scope=main_window control_type=MenuItem class_name= rectangle={'left': 4, 'top': 201, 'right': 687, 'bottom': 229} fragment_count=0 fragment_texts=[]
2026-08-25 22:52:59.432 | INFO     | winwatt_automation.runtime_mapping.program_mapper:_build_menu_rows_from_popup_rows:1145 - REPLACED_EMPTY_POPUP_ROW_WITH_PLACEHOLDER row_index=05
2026-08-25 22:52:59.432 | INFO     | winwatt_automation.runtime_mapping.program_mapper:_build_menu_rows_from_popup_rows:1149 - GEOM_PLACEHOLDER_CREATED row_index=05 rect={'left': 4, 'top': 201, 'right': 687, 'bottom': 229} popup_reason=below_topbar_band
2026-08-25 22:52:59.432 | INFO     | winwatt_automation.runtime_mapping.program_mapper:_build_menu_rows_from_popup_rows:1200 - DBG_WINWATT_NORMAL_MENU_ROW state=no_project top_menu=Beállítások row_index=5 text='[unlabeled row 5]' normalized_text=[unlabeled row 5] source_scope=main_window separator=False enabled_guess=False rectangle={'left': 4, 'top': 201, 'right': 687, 'bottom': 229} depth=1
2026-08-25 22:52:59.432 | INFO     | winwatt_automation.runtime_mapping.program_mapper:_build_menu_rows_from_popup_rows:1040 - DBG_MENU_BUILD_INPUT_ROW state=no_project top_menu=Beállítások row_index=6 text='Végrehajtás' rectangle={'left': 4, 'top': 229, 'right': 687, 'bottom': 257} topbar_like=False popup_like=True source_scope=main_window fragments=0
2026-08-25 22:52:59.432 | INFO     | winwatt_automation.runtime_mapping.program_mapper:_build_menu_rows_from_popup_rows:1200 - DBG_WINWATT_NORMAL_MENU_ROW state=no_project top_menu=Beállítások row_index=6 text='Végrehajtás' normalized_text=végrehajtás source_scope=main_window separator=False enabled_guess=True rectangle={'left': 4, 'top': 229, 'right': 687, 'bottom': 257} depth=1
2026-08-25 22:52:59.432 | INFO     | winwatt_automation.runtime_mapping.program_mapper:_build_menu_rows_from_popup_rows:1040 - DBG_MENU_BUILD_INPUT_ROW state=no_project top_menu=Beállítások row_index=7 text='Végrehajtás' rectangle={'left': 4, 'top': 264, 'right': 687, 'bottom': 292} topbar_like=False popup_like=True source_scope=main_window fragments=0
2026-08-25 22:52:59.432 | INFO     | winwatt_automation.runtime_mapping.program_mapper:_build_menu_rows_from_popup_rows:1200 - DBG_WINWATT_NORMAL_MENU_ROW state=no_project top_menu=Beállítások row_index=7 text='Végrehajtás' normalized_text=végrehajtás source_scope=main_window separator=False enabled_guess=True rectangle={'left': 4, 'top': 264, 'right': 687, 'bottom': 292} depth=1
2026-08-25 22:52:59.432 | INFO     | winwatt_automation.runtime_mapping.program_mapper:_build_menu_rows_from_popup_rows:1040 - DBG_MENU_BUILD_INPUT_ROW state=no_project top_menu=Beállítások row_index=8 text='Végrehajtás' rectangle={'left': 4, 'top': 299, 'right': 687, 'bottom': 327} topbar_like=False popup_like=True source_scope=main_window fragments=0
2026-08-25 22:52:59.432 | INFO     | winwatt_automation.runtime_mapping.program_mapper:_build_menu_rows_from_popup_rows:1200 - DBG_WINWATT_NORMAL_MENU_ROW state=no_project top_menu=Beállítások row_index=8 text='Végrehajtás' normalized_text=végrehajtás source_scope=main_window separator=False enabled_guess=True rectangle={'left': 4, 'top': 299, 'right': 687, 'bottom': 327} depth=1
2026-08-25 22:52:59.432 | INFO     | winwatt_automation.runtime_mapping.program_mapper:_build_menu_rows_from_popup_rows:1244 - MENU_ROW_BUILD_SUMMARY state=no_project top_menu=Beállítások input_rows=9 mapped_rows=9 placeholders=3 filtered_overlap=0 filtered_empty_non_actionable=0 rejected_foreign_rows=0 deduped_rows=0
2026-08-25 22:52:59.432 | INFO     | winwatt_automation.runtime_mapping.program_mapper:explore_menu_tree:3681 - ACTION_CATALOG_INPUT_SUMMARY state=no_project top_menu=Beállítások depth=1 candidate_rows=9 placeholders=3 low_or_none_confidence=3 legacy_text_only=6 unknown_pending=0
2026-08-25 22:53:00.559 | INFO     | winwatt_automation.live_ui.menu_helpers:_menu_items:1101 - DBG_MENU_ITEMS_SUMMARY total_items=16 visible_items=16 topbar_band=(0, 0, 687, 327) topbar_band_visible_count=16 popup_region_visible_count=0 force_refresh=True handle=1313178
2026-08-25 22:53:00.687 | INFO     | winwatt_automation.live_ui.menu_helpers:list_top_menu_items:1141 - Top-level menu items (raw): ['Rendszer', 'Fájl', 'Jegyzékek', 'Adatbázis...', 'Beállítások', 'Ablak', 'Súgó']
2026-08-25 22:53:00.687 | INFO     | winwatt_automation.runtime_mapping.program_mapper:_evaluate_action_admission:1969 - ACTION_ADMISSION_REJECTED top_menu=Beállítások path=['Beállítások', 'Végrehajtás'] traversal_depth=1 reason=unknown_legacy_popup_noise_suppressed classification=unknown result_type=no_observable_effect placeholder=False text_confidence=medium raw_text_sources=['legacy_text'] skip_reason=None
2026-08-25 22:53:00.687 | INFO     | winwatt_automation.runtime_mapping.program_mapper:_evaluate_action_admission:1982 - ACTION_STRUCTURE_ONLY_ROW top_menu=Beállítások path=['Beállítások', 'Végrehajtás'] traversal_depth=1 reason=unknown_legacy_popup_noise_suppressed
2026-08-25 22:53:01.579 | INFO     | winwatt_automation.live_ui.menu_helpers:_menu_items:1101 - DBG_MENU_ITEMS_SUMMARY total_items=16 visible_items=16 topbar_band=(0, 0, 687, 327) topbar_band_visible_count=16 popup_region_visible_count=0 force_refresh=True handle=1313178
2026-08-25 22:53:01.705 | INFO     | winwatt_automation.live_ui.menu_helpers:list_top_menu_items:1141 - Top-level menu items (raw): ['Rendszer', 'Fájl', 'Jegyzékek', 'Adatbázis...', 'Beállítások', 'Ablak', 'Súgó']
2026-08-25 22:53:01.705 | INFO     | winwatt_automation.runtime_mapping.program_mapper:_evaluate_action_admission:1969 - ACTION_ADMISSION_REJECTED top_menu=Beállítások path=['Beállítások', '[unlabeled row 2]'] traversal_depth=1 reason=disabled_menu_item classification=unknown result_type=no_observable_effect placeholder=True text_confidence=none raw_text_sources=[] skip_reason=None
2026-08-25 22:53:01.705 | INFO     | winwatt_automation.runtime_mapping.program_mapper:_evaluate_action_admission:1982 - ACTION_STRUCTURE_ONLY_ROW top_menu=Beállítások path=['Beállítások', '[unlabeled row 2]'] traversal_depth=1 reason=disabled_menu_item
2026-08-25 22:53:02.693 | INFO     | winwatt_automation.live_ui.menu_helpers:_menu_items:1101 - DBG_MENU_ITEMS_SUMMARY total_items=16 visible_items=16 topbar_band=(0, 0, 687, 327) topbar_band_visible_count=16 popup_region_visible_count=0 force_refresh=True handle=1313178
2026-08-25 22:53:02.835 | INFO     | winwatt_automation.live_ui.menu_helpers:list_top_menu_items:1141 - Top-level menu items (raw): ['Rendszer', 'Fájl', 'Jegyzékek', 'Adatbázis...', 'Beállítások', 'Ablak', 'Súgó']
2026-08-25 22:53:02.835 | INFO     | winwatt_automation.runtime_mapping.program_mapper:_evaluate_action_admission:1969 - ACTION_ADMISSION_REJECTED top_menu=Beállítások path=['Beállítások', '[unlabeled row 3]'] traversal_depth=1 reason=disabled_menu_item classification=unknown result_type=no_observable_effect placeholder=True text_confidence=none raw_text_sources=[] skip_reason=None
2026-08-25 22:53:02.835 | INFO     | winwatt_automation.runtime_mapping.program_mapper:_evaluate_action_admission:1982 - ACTION_STRUCTURE_ONLY_ROW top_menu=Beállítások path=['Beállítások', '[unlabeled row 3]'] traversal_depth=1 reason=disabled_menu_item
2026-08-25 22:53:02.835 | INFO     | winwatt_automation.live_ui.app_connector:is_winwatt_foreground_context:1134 - DBG_WINWATT_FOREGROUND_CONTEXT expected_handle=1313178 expected_process_id=12016 expected_title=WinWatt gólya expected_class_name=TMainForm actual_foreground_handle=1313178 actual_foreground_process_id=12016 actual_foreground_title=WinWatt gólya actual_foreground_class_name=TMainForm allow_dialog=True result_reason=handle_match
2026-08-25 22:53:02.835 | INFO     | winwatt_automation.live_ui.app_connector:_cached_window_health_status:489 - DBG_WINWATT_CACHE_HEALTH reason_code=healthy payload={'wrapper_type': 'UIAWrapper', 'handle': 1313178, 'process_id': 12016, 'title': 'WinWatt gólya', 'class_name': 'TMainForm', 'control_type': 'Window'}
2026-08-25 22:53:03.709 | INFO     | winwatt_automation.live_ui.menu_helpers:_menu_items:1101 - DBG_MENU_ITEMS_SUMMARY total_items=16 visible_items=16 topbar_band=(0, 0, 687, 327) topbar_band_visible_count=16 popup_region_visible_count=0 force_refresh=True handle=1313178
2026-08-25 22:53:03.849 | INFO     | winwatt_automation.live_ui.menu_helpers:list_top_menu_items:1141 - Top-level menu items (raw): ['Rendszer', 'Fájl', 'Jegyzékek', 'Adatbázis...', 'Beállítások', 'Ablak', 'Súgó']
2026-08-25 22:53:03.850 | INFO     | winwatt_automation.runtime_mapping.program_mapper:_evaluate_action_admission:1969 - ACTION_ADMISSION_REJECTED top_menu=Beállítások path=['Beállítások', '[unlabeled row 5]'] traversal_depth=1 reason=disabled_menu_item classification=unknown result_type=no_observable_effect placeholder=True text_confidence=none raw_text_sources=[] skip_reason=None
2026-08-25 22:53:03.850 | INFO     | winwatt_automation.runtime_mapping.program_mapper:_evaluate_action_admission:1982 - ACTION_STRUCTURE_ONLY_ROW top_menu=Beállítások path=['Beállítások', '[unlabeled row 5]'] traversal_depth=1 reason=disabled_menu_item
2026-08-25 22:53:03.850 | INFO     | winwatt_automation.runtime_mapping.program_mapper:_log_phase_timing:279 - DBG_PHASE_TIMING phase=subtree_traversal elapsed_ms=4421.000 state_id=no_project top_menu=Beállítások depth=1 rows=9 nodes=4 actions=4
2026-08-25 22:53:03.850 | INFO     | winwatt_automation.runtime_mapping.program_mapper:explore_menu_tree:4191 - ACTION_CATALOG_OUTPUT_SUMMARY state=no_project top_menu=Beállítások depth=1 candidate_rows=9 probed_rows=0 admitted_after_probe=0 admitted_actions=0 still_structure_only=4 suppressed_unknown=0 placeholders_retained=3
2026-08-25 22:53:03.850 | INFO     | winwatt_automation.runtime_mapping.program_mapper:map_runtime_state:4349 - MAP_RUNTIME_STATE_MENU_RESULT state_id=no_project top_menu=Beállítások rows=9 nodes=4 actions=4 dialogs=0 windows=0 catalog=0
2026-08-25 22:53:03.853 | INFO     | winwatt_automation.live_ui.app_connector:is_winwatt_foreground_context:1134 - DBG_WINWATT_FOREGROUND_CONTEXT expected_handle=1313178 expected_process_id=12016 expected_title=WinWatt gólya expected_class_name=TMainForm actual_foreground_handle=1313178 actual_foreground_process_id=12016 actual_foreground_title=WinWatt gólya actual_foreground_class_name=TMainForm allow_dialog=True result_reason=handle_match
2026-08-25 22:53:03.853 | INFO     | winwatt_automation.runtime_mapping.program_mapper:explore_menu_tree:3548 - POPUP_REUSE_REJECTED state=no_project top_menu=Ablak normalized_parent=('ablak',) popup_state_path=('beállítások',) reason=state_path_mismatch
2026-08-25 22:53:04.294 | INFO     | winwatt_automation.live_ui.menu_helpers:_menu_items:1101 - DBG_MENU_ITEMS_SUMMARY total_items=16 visible_items=16 topbar_band=(0, 0, 687, 327) topbar_band_visible_count=16 popup_region_visible_count=0 force_refresh=False handle=1313178
2026-08-25 22:53:04.309 | INFO     | winwatt_automation.live_ui.menu_helpers:_menu_row_from_wrapper:1545 - TEXT_EXTRACTION_FALLBACK_USED source=legacy_text confidence=medium rect={'left': 4, 'top': 56, 'right': 687, 'bottom': 84}
2026-08-25 22:53:04.309 | INFO     | winwatt_automation.live_ui.menu_helpers:_menu_row_from_wrapper:1545 - TEXT_EXTRACTION_FALLBACK_USED source=legacy_text confidence=medium rect={'left': 4, 'top': 84, 'right': 687, 'bottom': 112}
2026-08-25 22:53:04.325 | WARNING  | winwatt_automation.live_ui.menu_helpers:_menu_row_from_wrapper:1547 - TEXT_EXTRACTION_FAILED source_scope=main_window rect={'left': 4, 'top': 111, 'right': 687, 'bottom': 139}
2026-08-25 22:53:04.325 | WARNING  | winwatt_automation.live_ui.menu_helpers:_menu_row_from_wrapper:1547 - TEXT_EXTRACTION_FAILED source_scope=main_window rect={'left': 4, 'top': 139, 'right': 687, 'bottom': 167}
2026-08-25 22:53:04.341 | INFO     | winwatt_automation.live_ui.menu_helpers:_menu_row_from_wrapper:1545 - TEXT_EXTRACTION_FALLBACK_USED source=legacy_text confidence=medium rect={'left': 4, 'top': 166, 'right': 687, 'bottom': 194}
2026-08-25 22:53:04.361 | WARNING  | winwatt_automation.live_ui.menu_helpers:_menu_row_from_wrapper:1547 - TEXT_EXTRACTION_FAILED source_scope=main_window rect={'left': 4, 'top': 201, 'right': 687, 'bottom': 229}
2026-08-25 22:53:04.373 | INFO     | winwatt_automation.live_ui.menu_helpers:_menu_row_from_wrapper:1545 - TEXT_EXTRACTION_FALLBACK_USED source=legacy_text confidence=medium rect={'left': 4, 'top': 229, 'right': 687, 'bottom': 257}
2026-08-25 22:53:04.388 | INFO     | winwatt_automation.live_ui.menu_helpers:_menu_row_from_wrapper:1545 - TEXT_EXTRACTION_FALLBACK_USED source=legacy_text confidence=medium rect={'left': 4, 'top': 264, 'right': 687, 'bottom': 292}
2026-08-25 22:53:04.400 | INFO     | winwatt_automation.live_ui.menu_helpers:_menu_row_from_wrapper:1545 - TEXT_EXTRACTION_FALLBACK_USED source=legacy_text confidence=medium rect={'left': 4, 'top': 299, 'right': 687, 'bottom': 327}
2026-08-25 22:53:04.538 | INFO     | winwatt_automation.live_ui.menu_helpers:capture_menu_popup_snapshot:1724 - POPUP_SNAPSHOT_SUMMARY main_window_fragments=16 global_scan_fragments=0 deduped_fragments=16 topbar_like=6 popup_like=9 empty_text=3 topbar_band=(0, 29, 409, 53) empty_text_vertical_cluster_detected=False accepted_popup_rows=0 popup_heuristic=candidate_count_below_threshold
2026-08-25 22:53:05.443 | INFO     | winwatt_automation.live_ui.menu_helpers:_menu_items:1101 - DBG_MENU_ITEMS_SUMMARY total_items=16 visible_items=16 topbar_band=(0, 0, 687, 327) topbar_band_visible_count=16 popup_region_visible_count=0 force_refresh=True handle=1313178
2026-08-25 22:53:05.569 | INFO     | winwatt_automation.live_ui.menu_helpers:list_top_menu_items:1141 - Top-level menu items (raw): ['Rendszer', 'Fájl', 'Jegyzékek', 'Adatbázis...', 'Beállítások', 'Ablak', 'Súgó']
2026-08-25 22:53:05.569 | INFO     | winwatt_automation.runtime_mapping.program_mapper:explore_menu_tree:3571 - RECENT_PROJECT_BLOCK_SUMMARY state=no_project top_menu=Ablak attempt=0 popup_block_classification=normal_popup recent_projects_block=False stateful_menu_block=False accepted_rows=9 filtered_rows=9
2026-08-25 22:53:05.569 | INFO     | winwatt_automation.runtime_mapping.program_mapper:explore_menu_tree:3572 - DBG_REUSING_OPEN_POPUP_SNAPSHOT state=no_project top_menu=Ablak row_count=16 popup_like_count=9 topbar_like_count=6 normalized_parent=('ablak',) popup_state_path=('beállítások',)
2026-08-25 22:53:05.569 | INFO     | winwatt_automation.runtime_mapping.program_mapper:explore_menu_tree:3582 - DBG_WINWATT_NORMAL_MENU_POPUP_ROWS_ACCEPTED state=no_project top_menu=Ablak attempt=0 accepted_row_count=9
2026-08-25 22:53:05.569 | INFO     | winwatt_automation.runtime_mapping.program_mapper:_build_menu_rows_from_popup_rows:1040 - DBG_MENU_BUILD_INPUT_ROW state=no_project top_menu=Ablak row_index=0 text='Végrehajtás' rectangle={'left': 4, 'top': 56, 'right': 687, 'bottom': 84} topbar_like=False popup_like=True source_scope=main_window fragments=0
2026-08-25 22:53:05.569 | INFO     | winwatt_automation.runtime_mapping.program_mapper:_build_menu_rows_from_popup_rows:1200 - DBG_WINWATT_NORMAL_MENU_ROW state=no_project top_menu=Ablak row_index=0 text='Végrehajtás' normalized_text=végrehajtás source_scope=main_window separator=False enabled_guess=True rectangle={'left': 4, 'top': 56, 'right': 687, 'bottom': 84} depth=1
2026-08-25 22:53:05.569 | INFO     | winwatt_automation.runtime_mapping.program_mapper:_build_menu_rows_from_popup_rows:1040 - DBG_MENU_BUILD_INPUT_ROW state=no_project top_menu=Ablak row_index=1 text='Végrehajtás' rectangle={'left': 4, 'top': 84, 'right': 687, 'bottom': 112} topbar_like=False popup_like=True source_scope=main_window fragments=0
2026-08-25 22:53:05.569 | INFO     | winwatt_automation.runtime_mapping.program_mapper:_build_menu_rows_from_popup_rows:1200 - DBG_WINWATT_NORMAL_MENU_ROW state=no_project top_menu=Ablak row_index=1 text='Végrehajtás' normalized_text=végrehajtás source_scope=main_window separator=False enabled_guess=True rectangle={'left': 4, 'top': 84, 'right': 687, 'bottom': 112} depth=1
2026-08-25 22:53:05.585 | INFO     | winwatt_automation.runtime_mapping.program_mapper:_build_menu_rows_from_popup_rows:1040 - DBG_MENU_BUILD_INPUT_ROW state=no_project top_menu=Ablak row_index=2 text='' rectangle={'left': 4, 'top': 111, 'right': 687, 'bottom': 139} topbar_like=False popup_like=True source_scope=main_window fragments=0
2026-08-25 22:53:05.585 | WARNING  | winwatt_automation.runtime_mapping.program_mapper:_resolve_row_text_with_fallback:687 - TEXT_EXTRACTION_FAILED row_index=2 source_scope=main_window fragment_count=0 rectangle={'left': 4, 'top': 111, 'right': 687, 'bottom': 139}
2026-08-25 22:53:05.585 | INFO     | winwatt_automation.runtime_mapping.program_mapper:_build_menu_rows_from_popup_rows:1100 - DBG_WINWATT_EMPTY_NORMALIZED_MENU_TITLE row_index=2 raw_text= normalized_text= is_separator=False source_scope=main_window control_type=MenuItem class_name= rectangle={'left': 4, 'top': 111, 'right': 687, 'bottom': 139} fragment_count=0 fragment_texts=[]
2026-08-25 22:53:05.585 | INFO     | winwatt_automation.runtime_mapping.program_mapper:_build_menu_rows_from_popup_rows:1145 - REPLACED_EMPTY_POPUP_ROW_WITH_PLACEHOLDER row_index=02
2026-08-25 22:53:05.585 | INFO     | winwatt_automation.runtime_mapping.program_mapper:_build_menu_rows_from_popup_rows:1149 - GEOM_PLACEHOLDER_CREATED row_index=02 rect={'left': 4, 'top': 111, 'right': 687, 'bottom': 139} popup_reason=below_topbar_band
2026-08-25 22:53:05.585 | INFO     | winwatt_automation.runtime_mapping.program_mapper:_build_menu_rows_from_popup_rows:1200 - DBG_WINWATT_NORMAL_MENU_ROW state=no_project top_menu=Ablak row_index=2 text='[unlabeled row 2]' normalized_text=[unlabeled row 2] source_scope=main_window separator=False enabled_guess=False rectangle={'left': 4, 'top': 111, 'right': 687, 'bottom': 139} depth=1
2026-08-25 22:53:05.585 | INFO     | winwatt_automation.runtime_mapping.program_mapper:_build_menu_rows_from_popup_rows:1040 - DBG_MENU_BUILD_INPUT_ROW state=no_project top_menu=Ablak row_index=3 text='' rectangle={'left': 4, 'top': 139, 'right': 687, 'bottom': 167} topbar_like=False popup_like=True source_scope=main_window fragments=0
2026-08-25 22:53:05.585 | WARNING  | winwatt_automation.runtime_mapping.program_mapper:_resolve_row_text_with_fallback:687 - TEXT_EXTRACTION_FAILED row_index=3 source_scope=main_window fragment_count=0 rectangle={'left': 4, 'top': 139, 'right': 687, 'bottom': 167}
2026-08-25 22:53:05.585 | INFO     | winwatt_automation.runtime_mapping.program_mapper:_build_menu_rows_from_popup_rows:1100 - DBG_WINWATT_EMPTY_NORMALIZED_MENU_TITLE row_index=3 raw_text= normalized_text= is_separator=False source_scope=main_window control_type=MenuItem class_name= rectangle={'left': 4, 'top': 139, 'right': 687, 'bottom': 167} fragment_count=0 fragment_texts=[]
2026-08-25 22:53:05.585 | INFO     | winwatt_automation.runtime_mapping.program_mapper:_build_menu_rows_from_popup_rows:1145 - REPLACED_EMPTY_POPUP_ROW_WITH_PLACEHOLDER row_index=03
2026-08-25 22:53:05.585 | INFO     | winwatt_automation.runtime_mapping.program_mapper:_build_menu_rows_from_popup_rows:1149 - GEOM_PLACEHOLDER_CREATED row_index=03 rect={'left': 4, 'top': 139, 'right': 687, 'bottom': 167} popup_reason=below_topbar_band
2026-08-25 22:53:05.585 | INFO     | winwatt_automation.runtime_mapping.program_mapper:_build_menu_rows_from_popup_rows:1200 - DBG_WINWATT_NORMAL_MENU_ROW state=no_project top_menu=Ablak row_index=3 text='[unlabeled row 3]' normalized_text=[unlabeled row 3] source_scope=main_window separator=False enabled_guess=False rectangle={'left': 4, 'top': 139, 'right': 687, 'bottom': 167} depth=1
2026-08-25 22:53:05.585 | INFO     | winwatt_automation.runtime_mapping.program_mapper:_build_menu_rows_from_popup_rows:1040 - DBG_MENU_BUILD_INPUT_ROW state=no_project top_menu=Ablak row_index=4 text='Végrehajtás' rectangle={'left': 4, 'top': 166, 'right': 687, 'bottom': 194} topbar_like=False popup_like=True source_scope=main_window fragments=0
2026-08-25 22:53:05.585 | INFO     | winwatt_automation.runtime_mapping.program_mapper:_build_menu_rows_from_popup_rows:1200 - DBG_WINWATT_NORMAL_MENU_ROW state=no_project top_menu=Ablak row_index=4 text='Végrehajtás' normalized_text=végrehajtás source_scope=main_window separator=False enabled_guess=True rectangle={'left': 4, 'top': 166, 'right': 687, 'bottom': 194} depth=1
2026-08-25 22:53:05.585 | INFO     | winwatt_automation.runtime_mapping.program_mapper:_build_menu_rows_from_popup_rows:1040 - DBG_MENU_BUILD_INPUT_ROW state=no_project top_menu=Ablak row_index=5 text='' rectangle={'left': 4, 'top': 201, 'right': 687, 'bottom': 229} topbar_like=False popup_like=True source_scope=main_window fragments=0
2026-08-25 22:53:05.585 | WARNING  | winwatt_automation.runtime_mapping.program_mapper:_resolve_row_text_with_fallback:687 - TEXT_EXTRACTION_FAILED row_index=5 source_scope=main_window fragment_count=0 rectangle={'left': 4, 'top': 201, 'right': 687, 'bottom': 229}
2026-08-25 22:53:05.585 | INFO     | winwatt_automation.runtime_mapping.program_mapper:_build_menu_rows_from_popup_rows:1100 - DBG_WINWATT_EMPTY_NORMALIZED_MENU_TITLE row_index=5 raw_text= normalized_text= is_separator=False source_scope=main_window control_type=MenuItem class_name= rectangle={'left': 4, 'top': 201, 'right': 687, 'bottom': 229} fragment_count=0 fragment_texts=[]
2026-08-25 22:53:05.585 | INFO     | winwatt_automation.runtime_mapping.program_mapper:_build_menu_rows_from_popup_rows:1145 - REPLACED_EMPTY_POPUP_ROW_WITH_PLACEHOLDER row_index=05
2026-08-25 22:53:05.585 | INFO     | winwatt_automation.runtime_mapping.program_mapper:_build_menu_rows_from_popup_rows:1149 - GEOM_PLACEHOLDER_CREATED row_index=05 rect={'left': 4, 'top': 201, 'right': 687, 'bottom': 229} popup_reason=below_topbar_band
2026-08-25 22:53:05.585 | INFO     | winwatt_automation.runtime_mapping.program_mapper:_build_menu_rows_from_popup_rows:1200 - DBG_WINWATT_NORMAL_MENU_ROW state=no_project top_menu=Ablak row_index=5 text='[unlabeled row 5]' normalized_text=[unlabeled row 5] source_scope=main_window separator=False enabled_guess=False rectangle={'left': 4, 'top': 201, 'right': 687, 'bottom': 229} depth=1
2026-08-25 22:53:05.585 | INFO     | winwatt_automation.runtime_mapping.program_mapper:_build_menu_rows_from_popup_rows:1040 - DBG_MENU_BUILD_INPUT_ROW state=no_project top_menu=Ablak row_index=6 text='Végrehajtás' rectangle={'left': 4, 'top': 229, 'right': 687, 'bottom': 257} topbar_like=False popup_like=True source_scope=main_window fragments=0
2026-08-25 22:53:05.585 | INFO     | winwatt_automation.runtime_mapping.program_mapper:_build_menu_rows_from_popup_rows:1200 - DBG_WINWATT_NORMAL_MENU_ROW state=no_project top_menu=Ablak row_index=6 text='Végrehajtás' normalized_text=végrehajtás source_scope=main_window separator=False enabled_guess=True rectangle={'left': 4, 'top': 229, 'right': 687, 'bottom': 257} depth=1
2026-08-25 22:53:05.585 | INFO     | winwatt_automation.runtime_mapping.program_mapper:_build_menu_rows_from_popup_rows:1040 - DBG_MENU_BUILD_INPUT_ROW state=no_project top_menu=Ablak row_index=7 text='Végrehajtás' rectangle={'left': 4, 'top': 264, 'right': 687, 'bottom': 292} topbar_like=False popup_like=True source_scope=main_window fragments=0
2026-08-25 22:53:05.585 | INFO     | winwatt_automation.runtime_mapping.program_mapper:_build_menu_rows_from_popup_rows:1200 - DBG_WINWATT_NORMAL_MENU_ROW state=no_project top_menu=Ablak row_index=7 text='Végrehajtás' normalized_text=végrehajtás source_scope=main_window separator=False enabled_guess=True rectangle={'left': 4, 'top': 264, 'right': 687, 'bottom': 292} depth=1
2026-08-25 22:53:05.585 | INFO     | winwatt_automation.runtime_mapping.program_mapper:_build_menu_rows_from_popup_rows:1040 - DBG_MENU_BUILD_INPUT_ROW state=no_project top_menu=Ablak row_index=8 text='Végrehajtás' rectangle={'left': 4, 'top': 299, 'right': 687, 'bottom': 327} topbar_like=False popup_like=True source_scope=main_window fragments=0
2026-08-25 22:53:05.585 | INFO     | winwatt_automation.runtime_mapping.program_mapper:_build_menu_rows_from_popup_rows:1200 - DBG_WINWATT_NORMAL_MENU_ROW state=no_project top_menu=Ablak row_index=8 text='Végrehajtás' normalized_text=végrehajtás source_scope=main_window separator=False enabled_guess=True rectangle={'left': 4, 'top': 299, 'right': 687, 'bottom': 327} depth=1
2026-08-25 22:53:05.585 | INFO     | winwatt_automation.runtime_mapping.program_mapper:_build_menu_rows_from_popup_rows:1244 - MENU_ROW_BUILD_SUMMARY state=no_project top_menu=Ablak input_rows=9 mapped_rows=9 placeholders=3 filtered_overlap=0 filtered_empty_non_actionable=0 rejected_foreign_rows=0 deduped_rows=0
2026-08-25 22:53:05.585 | INFO     | winwatt_automation.runtime_mapping.program_mapper:explore_menu_tree:3681 - ACTION_CATALOG_INPUT_SUMMARY state=no_project top_menu=Ablak depth=1 candidate_rows=9 placeholders=3 low_or_none_confidence=3 legacy_text_only=6 unknown_pending=0
2026-08-25 22:53:06.601 | INFO     | winwatt_automation.live_ui.menu_helpers:_menu_items:1101 - DBG_MENU_ITEMS_SUMMARY total_items=16 visible_items=16 topbar_band=(0, 0, 687, 327) topbar_band_visible_count=16 popup_region_visible_count=0 force_refresh=True handle=1313178
2026-08-25 22:53:06.744 | INFO     | winwatt_automation.live_ui.menu_helpers:list_top_menu_items:1141 - Top-level menu items (raw): ['Rendszer', 'Fájl', 'Jegyzékek', 'Adatbázis...', 'Beállítások', 'Ablak', 'Súgó']
2026-08-25 22:53:06.744 | INFO     | winwatt_automation.runtime_mapping.program_mapper:_evaluate_action_admission:1969 - ACTION_ADMISSION_REJECTED top_menu=Ablak path=['Ablak', 'Végrehajtás'] traversal_depth=1 reason=unknown_legacy_popup_noise_suppressed classification=unknown result_type=no_observable_effect placeholder=False text_confidence=medium raw_text_sources=['legacy_text'] skip_reason=None
2026-08-25 22:53:06.744 | INFO     | winwatt_automation.runtime_mapping.program_mapper:_evaluate_action_admission:1982 - ACTION_STRUCTURE_ONLY_ROW top_menu=Ablak path=['Ablak', 'Végrehajtás'] traversal_depth=1 reason=unknown_legacy_popup_noise_suppressed
2026-08-25 22:53:07.605 | INFO     | winwatt_automation.live_ui.menu_helpers:_menu_items:1101 - DBG_MENU_ITEMS_SUMMARY total_items=16 visible_items=16 topbar_band=(0, 0, 687, 327) topbar_band_visible_count=16 popup_region_visible_count=0 force_refresh=True handle=1313178
2026-08-25 22:53:07.748 | INFO     | winwatt_automation.live_ui.menu_helpers:list_top_menu_items:1141 - Top-level menu items (raw): ['Rendszer', 'Fájl', 'Jegyzékek', 'Adatbázis...', 'Beállítások', 'Ablak', 'Súgó']
2026-08-25 22:53:07.748 | INFO     | winwatt_automation.runtime_mapping.program_mapper:_evaluate_action_admission:1969 - ACTION_ADMISSION_REJECTED top_menu=Ablak path=['Ablak', '[unlabeled row 2]'] traversal_depth=1 reason=disabled_menu_item classification=unknown result_type=no_observable_effect placeholder=True text_confidence=none raw_text_sources=[] skip_reason=None
2026-08-25 22:53:07.748 | INFO     | winwatt_automation.runtime_mapping.program_mapper:_evaluate_action_admission:1982 - ACTION_STRUCTURE_ONLY_ROW top_menu=Ablak path=['Ablak', '[unlabeled row 2]'] traversal_depth=1 reason=disabled_menu_item
2026-08-25 22:53:08.775 | INFO     | winwatt_automation.live_ui.menu_helpers:_menu_items:1101 - DBG_MENU_ITEMS_SUMMARY total_items=16 visible_items=16 topbar_band=(0, 0, 687, 327) topbar_band_visible_count=16 popup_region_visible_count=0 force_refresh=True handle=1313178
2026-08-25 22:53:08.933 | INFO     | winwatt_automation.live_ui.menu_helpers:list_top_menu_items:1141 - Top-level menu items (raw): ['Rendszer', 'Fájl', 'Jegyzékek', 'Adatbázis...', 'Beállítások', 'Ablak', 'Súgó']
2026-08-25 22:53:08.933 | INFO     | winwatt_automation.runtime_mapping.program_mapper:_evaluate_action_admission:1969 - ACTION_ADMISSION_REJECTED top_menu=Ablak path=['Ablak', '[unlabeled row 3]'] traversal_depth=1 reason=disabled_menu_item classification=unknown result_type=no_observable_effect placeholder=True text_confidence=none raw_text_sources=[] skip_reason=None
2026-08-25 22:53:08.933 | INFO     | winwatt_automation.runtime_mapping.program_mapper:_evaluate_action_admission:1982 - ACTION_STRUCTURE_ONLY_ROW top_menu=Ablak path=['Ablak', '[unlabeled row 3]'] traversal_depth=1 reason=disabled_menu_item
2026-08-25 22:53:09.974 | INFO     | winwatt_automation.live_ui.menu_helpers:_menu_items:1101 - DBG_MENU_ITEMS_SUMMARY total_items=16 visible_items=16 topbar_band=(0, 0, 687, 327) topbar_band_visible_count=16 popup_region_visible_count=0 force_refresh=True handle=1313178
2026-08-25 22:53:10.269 | INFO     | winwatt_automation.live_ui.menu_helpers:list_top_menu_items:1141 - Top-level menu items (raw): ['Rendszer', 'Fájl', 'Jegyzékek', 'Adatbázis...', 'Beállítások', 'Ablak', 'Súgó']
2026-08-25 22:53:10.275 | INFO     | winwatt_automation.runtime_mapping.program_mapper:_evaluate_action_admission:1969 - ACTION_ADMISSION_REJECTED top_menu=Ablak path=['Ablak', '[unlabeled row 5]'] traversal_depth=1 reason=disabled_menu_item classification=unknown result_type=no_observable_effect placeholder=True text_confidence=none raw_text_sources=[] skip_reason=None
2026-08-25 22:53:10.275 | INFO     | winwatt_automation.runtime_mapping.program_mapper:_evaluate_action_admission:1982 - ACTION_STRUCTURE_ONLY_ROW top_menu=Ablak path=['Ablak', '[unlabeled row 5]'] traversal_depth=1 reason=disabled_menu_item
2026-08-25 22:53:10.275 | INFO     | winwatt_automation.runtime_mapping.program_mapper:_log_phase_timing:279 - DBG_PHASE_TIMING phase=subtree_traversal elapsed_ms=4687.000 state_id=no_project top_menu=Ablak depth=1 rows=9 nodes=4 actions=4
2026-08-25 22:53:10.275 | INFO     | winwatt_automation.runtime_mapping.program_mapper:explore_menu_tree:4191 - ACTION_CATALOG_OUTPUT_SUMMARY state=no_project top_menu=Ablak depth=1 candidate_rows=9 probed_rows=0 admitted_after_probe=0 admitted_actions=0 still_structure_only=4 suppressed_unknown=0 placeholders_retained=3
2026-08-25 22:53:10.276 | INFO     | winwatt_automation.runtime_mapping.program_mapper:map_runtime_state:4349 - MAP_RUNTIME_STATE_MENU_RESULT state_id=no_project top_menu=Ablak rows=9 nodes=4 actions=4 dialogs=0 windows=0 catalog=0
2026-08-25 22:53:10.289 | INFO     | winwatt_automation.live_ui.app_connector:is_winwatt_foreground_context:1134 - DBG_WINWATT_FOREGROUND_CONTEXT expected_handle=1313178 expected_process_id=12016 expected_title=WinWatt gólya expected_class_name=TMainForm actual_foreground_handle=1313178 actual_foreground_process_id=12016 actual_foreground_title=WinWatt gólya actual_foreground_class_name=TMainForm allow_dialog=True result_reason=handle_match
2026-08-25 22:53:10.290 | INFO     | winwatt_automation.runtime_mapping.program_mapper:explore_menu_tree:3548 - POPUP_REUSE_REJECTED state=no_project top_menu=Súgó normalized_parent=('súgó',) popup_state_path=('ablak',) reason=state_path_mismatch
2026-08-25 22:53:10.721 | INFO     | winwatt_automation.live_ui.menu_helpers:_menu_items:1101 - DBG_MENU_ITEMS_SUMMARY total_items=16 visible_items=16 topbar_band=(0, 0, 687, 327) topbar_band_visible_count=16 popup_region_visible_count=0 force_refresh=False handle=1313178
2026-08-25 22:53:10.721 | INFO     | winwatt_automation.live_ui.menu_helpers:_menu_row_from_wrapper:1545 - TEXT_EXTRACTION_FALLBACK_USED source=legacy_text confidence=medium rect={'left': 4, 'top': 56, 'right': 687, 'bottom': 84}
2026-08-25 22:53:10.737 | INFO     | winwatt_automation.live_ui.menu_helpers:_menu_row_from_wrapper:1545 - TEXT_EXTRACTION_FALLBACK_USED source=legacy_text confidence=medium rect={'left': 4, 'top': 84, 'right': 687, 'bottom': 112}
2026-08-25 22:53:10.753 | WARNING  | winwatt_automation.live_ui.menu_helpers:_menu_row_from_wrapper:1547 - TEXT_EXTRACTION_FAILED source_scope=main_window rect={'left': 4, 'top': 111, 'right': 687, 'bottom': 139}
2026-08-25 22:53:10.765 | WARNING  | winwatt_automation.live_ui.menu_helpers:_menu_row_from_wrapper:1547 - TEXT_EXTRACTION_FAILED source_scope=main_window rect={'left': 4, 'top': 139, 'right': 687, 'bottom': 167}
2026-08-25 22:53:10.777 | INFO     | winwatt_automation.live_ui.menu_helpers:_menu_row_from_wrapper:1545 - TEXT_EXTRACTION_FALLBACK_USED source=legacy_text confidence=medium rect={'left': 4, 'top': 166, 'right': 687, 'bottom': 194}
2026-08-25 22:53:10.788 | WARNING  | winwatt_automation.live_ui.menu_helpers:_menu_row_from_wrapper:1547 - TEXT_EXTRACTION_FAILED source_scope=main_window rect={'left': 4, 'top': 201, 'right': 687, 'bottom': 229}
2026-08-25 22:53:10.798 | INFO     | winwatt_automation.live_ui.menu_helpers:_menu_row_from_wrapper:1545 - TEXT_EXTRACTION_FALLBACK_USED source=legacy_text confidence=medium rect={'left': 4, 'top': 229, 'right': 687, 'bottom': 257}
2026-08-25 22:53:10.808 | INFO     | winwatt_automation.live_ui.menu_helpers:_menu_row_from_wrapper:1545 - TEXT_EXTRACTION_FALLBACK_USED source=legacy_text confidence=medium rect={'left': 4, 'top': 264, 'right': 687, 'bottom': 292}
2026-08-25 22:53:10.821 | INFO     | winwatt_automation.live_ui.menu_helpers:_menu_row_from_wrapper:1545 - TEXT_EXTRACTION_FALLBACK_USED source=legacy_text confidence=medium rect={'left': 4, 'top': 299, 'right': 687, 'bottom': 327}
2026-08-25 22:53:11.242 | INFO     | winwatt_automation.live_ui.menu_helpers:capture_menu_popup_snapshot:1724 - POPUP_SNAPSHOT_SUMMARY main_window_fragments=16 global_scan_fragments=0 deduped_fragments=16 topbar_like=6 popup_like=9 empty_text=3 topbar_band=(0, 29, 409, 53) empty_text_vertical_cluster_detected=False accepted_popup_rows=0 popup_heuristic=candidate_count_below_threshold
2026-08-25 22:53:12.104 | INFO     | winwatt_automation.live_ui.menu_helpers:_menu_items:1101 - DBG_MENU_ITEMS_SUMMARY total_items=16 visible_items=16 topbar_band=(0, 0, 687, 327) topbar_band_visible_count=16 popup_region_visible_count=0 force_refresh=True handle=1313178
2026-08-25 22:53:12.278 | INFO     | winwatt_automation.live_ui.menu_helpers:list_top_menu_items:1141 - Top-level menu items (raw): ['Rendszer', 'Fájl', 'Jegyzékek', 'Adatbázis...', 'Beállítások', 'Ablak', 'Súgó']
2026-08-25 22:53:12.278 | INFO     | winwatt_automation.runtime_mapping.program_mapper:explore_menu_tree:3571 - RECENT_PROJECT_BLOCK_SUMMARY state=no_project top_menu=Súgó attempt=0 popup_block_classification=normal_popup recent_projects_block=False stateful_menu_block=False accepted_rows=9 filtered_rows=9
2026-08-25 22:53:12.278 | INFO     | winwatt_automation.runtime_mapping.program_mapper:explore_menu_tree:3572 - DBG_REUSING_OPEN_POPUP_SNAPSHOT state=no_project top_menu=Súgó row_count=16 popup_like_count=9 topbar_like_count=6 normalized_parent=('súgó',) popup_state_path=('ablak',)
2026-08-25 22:53:12.278 | INFO     | winwatt_automation.runtime_mapping.program_mapper:explore_menu_tree:3582 - DBG_WINWATT_NORMAL_MENU_POPUP_ROWS_ACCEPTED state=no_project top_menu=Súgó attempt=0 accepted_row_count=9
2026-08-25 22:53:12.278 | INFO     | winwatt_automation.runtime_mapping.program_mapper:_build_menu_rows_from_popup_rows:1040 - DBG_MENU_BUILD_INPUT_ROW state=no_project top_menu=Súgó row_index=0 text='Végrehajtás' rectangle={'left': 4, 'top': 56, 'right': 687, 'bottom': 84} topbar_like=False popup_like=True source_scope=main_window fragments=0
2026-08-25 22:53:12.278 | INFO     | winwatt_automation.runtime_mapping.program_mapper:_build_menu_rows_from_popup_rows:1200 - DBG_WINWATT_NORMAL_MENU_ROW state=no_project top_menu=Súgó row_index=0 text='Végrehajtás' normalized_text=végrehajtás source_scope=main_window separator=False enabled_guess=True rectangle={'left': 4, 'top': 56, 'right': 687, 'bottom': 84} depth=1
2026-08-25 22:53:12.278 | INFO     | winwatt_automation.runtime_mapping.program_mapper:_build_menu_rows_from_popup_rows:1040 - DBG_MENU_BUILD_INPUT_ROW state=no_project top_menu=Súgó row_index=1 text='Végrehajtás' rectangle={'left': 4, 'top': 84, 'right': 687, 'bottom': 112} topbar_like=False popup_like=True source_scope=main_window fragments=0
2026-08-25 22:53:12.278 | INFO     | winwatt_automation.runtime_mapping.program_mapper:_build_menu_rows_from_popup_rows:1200 - DBG_WINWATT_NORMAL_MENU_ROW state=no_project top_menu=Súgó row_index=1 text='Végrehajtás' normalized_text=végrehajtás source_scope=main_window separator=False enabled_guess=True rectangle={'left': 4, 'top': 84, 'right': 687, 'bottom': 112} depth=1
2026-08-25 22:53:12.278 | INFO     | winwatt_automation.runtime_mapping.program_mapper:_build_menu_rows_from_popup_rows:1040 - DBG_MENU_BUILD_INPUT_ROW state=no_project top_menu=Súgó row_index=2 text='' rectangle={'left': 4, 'top': 111, 'right': 687, 'bottom': 139} topbar_like=False popup_like=True source_scope=main_window fragments=0
2026-08-25 22:53:12.278 | WARNING  | winwatt_automation.runtime_mapping.program_mapper:_resolve_row_text_with_fallback:687 - TEXT_EXTRACTION_FAILED row_index=2 source_scope=main_window fragment_count=0 rectangle={'left': 4, 'top': 111, 'right': 687, 'bottom': 139}
2026-08-25 22:53:12.278 | INFO     | winwatt_automation.runtime_mapping.program_mapper:_build_menu_rows_from_popup_rows:1100 - DBG_WINWATT_EMPTY_NORMALIZED_MENU_TITLE row_index=2 raw_text= normalized_text= is_separator=False source_scope=main_window control_type=MenuItem class_name= rectangle={'left': 4, 'top': 111, 'right': 687, 'bottom': 139} fragment_count=0 fragment_texts=[]
2026-08-25 22:53:12.278 | INFO     | winwatt_automation.runtime_mapping.program_mapper:_build_menu_rows_from_popup_rows:1145 - REPLACED_EMPTY_POPUP_ROW_WITH_PLACEHOLDER row_index=02
2026-08-25 22:53:12.278 | INFO     | winwatt_automation.runtime_mapping.program_mapper:_build_menu_rows_from_popup_rows:1149 - GEOM_PLACEHOLDER_CREATED row_index=02 rect={'left': 4, 'top': 111, 'right': 687, 'bottom': 139} popup_reason=below_topbar_band
2026-08-25 22:53:12.278 | INFO     | winwatt_automation.runtime_mapping.program_mapper:_build_menu_rows_from_popup_rows:1200 - DBG_WINWATT_NORMAL_MENU_ROW state=no_project top_menu=Súgó row_index=2 text='[unlabeled row 2]' normalized_text=[unlabeled row 2] source_scope=main_window separator=False enabled_guess=False rectangle={'left': 4, 'top': 111, 'right': 687, 'bottom': 139} depth=1
2026-08-25 22:53:12.278 | INFO     | winwatt_automation.runtime_mapping.program_mapper:_build_menu_rows_from_popup_rows:1040 - DBG_MENU_BUILD_INPUT_ROW state=no_project top_menu=Súgó row_index=3 text='' rectangle={'left': 4, 'top': 139, 'right': 687, 'bottom': 167} topbar_like=False popup_like=True source_scope=main_window fragments=0
2026-08-25 22:53:12.278 | WARNING  | winwatt_automation.runtime_mapping.program_mapper:_resolve_row_text_with_fallback:687 - TEXT_EXTRACTION_FAILED row_index=3 source_scope=main_window fragment_count=0 rectangle={'left': 4, 'top': 139, 'right': 687, 'bottom': 167}
2026-08-25 22:53:12.278 | INFO     | winwatt_automation.runtime_mapping.program_mapper:_build_menu_rows_from_popup_rows:1100 - DBG_WINWATT_EMPTY_NORMALIZED_MENU_TITLE row_index=3 raw_text= normalized_text= is_separator=False source_scope=main_window control_type=MenuItem class_name= rectangle={'left': 4, 'top': 139, 'right': 687, 'bottom': 167} fragment_count=0 fragment_texts=[]
2026-08-25 22:53:12.278 | INFO     | winwatt_automation.runtime_mapping.program_mapper:_build_menu_rows_from_popup_rows:1145 - REPLACED_EMPTY_POPUP_ROW_WITH_PLACEHOLDER row_index=03
2026-08-25 22:53:12.278 | INFO     | winwatt_automation.runtime_mapping.program_mapper:_build_menu_rows_from_popup_rows:1149 - GEOM_PLACEHOLDER_CREATED row_index=03 rect={'left': 4, 'top': 139, 'right': 687, 'bottom': 167} popup_reason=below_topbar_band
2026-08-25 22:53:12.278 | INFO     | winwatt_automation.runtime_mapping.program_mapper:_build_menu_rows_from_popup_rows:1200 - DBG_WINWATT_NORMAL_MENU_ROW state=no_project top_menu=Súgó row_index=3 text='[unlabeled row 3]' normalized_text=[unlabeled row 3] source_scope=main_window separator=False enabled_guess=False rectangle={'left': 4, 'top': 139, 'right': 687, 'bottom': 167} depth=1
2026-08-25 22:53:12.278 | INFO     | winwatt_automation.runtime_mapping.program_mapper:_build_menu_rows_from_popup_rows:1040 - DBG_MENU_BUILD_INPUT_ROW state=no_project top_menu=Súgó row_index=4 text='Végrehajtás' rectangle={'left': 4, 'top': 166, 'right': 687, 'bottom': 194} topbar_like=False popup_like=True source_scope=main_window fragments=0
2026-08-25 22:53:12.278 | INFO     | winwatt_automation.runtime_mapping.program_mapper:_build_menu_rows_from_popup_rows:1200 - DBG_WINWATT_NORMAL_MENU_ROW state=no_project top_menu=Súgó row_index=4 text='Végrehajtás' normalized_text=végrehajtás source_scope=main_window separator=False enabled_guess=True rectangle={'left': 4, 'top': 166, 'right': 687, 'bottom': 194} depth=1
2026-08-25 22:53:12.278 | INFO     | winwatt_automation.runtime_mapping.program_mapper:_build_menu_rows_from_popup_rows:1040 - DBG_MENU_BUILD_INPUT_ROW state=no_project top_menu=Súgó row_index=5 text='' rectangle={'left': 4, 'top': 201, 'right': 687, 'bottom': 229} topbar_like=False popup_like=True source_scope=main_window fragments=0
2026-08-25 22:53:12.278 | WARNING  | winwatt_automation.runtime_mapping.program_mapper:_resolve_row_text_with_fallback:687 - TEXT_EXTRACTION_FAILED row_index=5 source_scope=main_window fragment_count=0 rectangle={'left': 4, 'top': 201, 'right': 687, 'bottom': 229}
2026-08-25 22:53:12.278 | INFO     | winwatt_automation.runtime_mapping.program_mapper:_build_menu_rows_from_popup_rows:1100 - DBG_WINWATT_EMPTY_NORMALIZED_MENU_TITLE row_index=5 raw_text= normalized_text= is_separator=False source_scope=main_window control_type=MenuItem class_name= rectangle={'left': 4, 'top': 201, 'right': 687, 'bottom': 229} fragment_count=0 fragment_texts=[]
2026-08-25 22:53:12.290 | INFO     | winwatt_automation.runtime_mapping.program_mapper:_build_menu_rows_from_popup_rows:1145 - REPLACED_EMPTY_POPUP_ROW_WITH_PLACEHOLDER row_index=05
2026-08-25 22:53:12.290 | INFO     | winwatt_automation.runtime_mapping.program_mapper:_build_menu_rows_from_popup_rows:1149 - GEOM_PLACEHOLDER_CREATED row_index=05 rect={'left': 4, 'top': 201, 'right': 687, 'bottom': 229} popup_reason=below_topbar_band
2026-08-25 22:53:12.290 | INFO     | winwatt_automation.runtime_mapping.program_mapper:_build_menu_rows_from_popup_rows:1200 - DBG_WINWATT_NORMAL_MENU_ROW state=no_project top_menu=Súgó row_index=5 text='[unlabeled row 5]' normalized_text=[unlabeled row 5] source_scope=main_window separator=False enabled_guess=False rectangle={'left': 4, 'top': 201, 'right': 687, 'bottom': 229} depth=1
2026-08-25 22:53:12.290 | INFO     | winwatt_automation.runtime_mapping.program_mapper:_build_menu_rows_from_popup_rows:1040 - DBG_MENU_BUILD_INPUT_ROW state=no_project top_menu=Súgó row_index=6 text='Végrehajtás' rectangle={'left': 4, 'top': 229, 'right': 687, 'bottom': 257} topbar_like=False popup_like=True source_scope=main_window fragments=0
2026-08-25 22:53:12.290 | INFO     | winwatt_automation.runtime_mapping.program_mapper:_build_menu_rows_from_popup_rows:1200 - DBG_WINWATT_NORMAL_MENU_ROW state=no_project top_menu=Súgó row_index=6 text='Végrehajtás' normalized_text=végrehajtás source_scope=main_window separator=False enabled_guess=True rectangle={'left': 4, 'top': 229, 'right': 687, 'bottom': 257} depth=1
2026-08-25 22:53:12.290 | INFO     | winwatt_automation.runtime_mapping.program_mapper:_build_menu_rows_from_popup_rows:1040 - DBG_MENU_BUILD_INPUT_ROW state=no_project top_menu=Súgó row_index=7 text='Végrehajtás' rectangle={'left': 4, 'top': 264, 'right': 687, 'bottom': 292} topbar_like=False popup_like=True source_scope=main_window fragments=0
2026-08-25 22:53:12.290 | INFO     | winwatt_automation.runtime_mapping.program_mapper:_build_menu_rows_from_popup_rows:1200 - DBG_WINWATT_NORMAL_MENU_ROW state=no_project top_menu=Súgó row_index=7 text='Végrehajtás' normalized_text=végrehajtás source_scope=main_window separator=False enabled_guess=True rectangle={'left': 4, 'top': 264, 'right': 687, 'bottom': 292} depth=1
2026-08-25 22:53:12.290 | INFO     | winwatt_automation.runtime_mapping.program_mapper:_build_menu_rows_from_popup_rows:1040 - DBG_MENU_BUILD_INPUT_ROW state=no_project top_menu=Súgó row_index=8 text='Végrehajtás' rectangle={'left': 4, 'top': 299, 'right': 687, 'bottom': 327} topbar_like=False popup_like=True source_scope=main_window fragments=0
2026-08-25 22:53:12.290 | INFO     | winwatt_automation.runtime_mapping.program_mapper:_build_menu_rows_from_popup_rows:1200 - DBG_WINWATT_NORMAL_MENU_ROW state=no_project top_menu=Súgó row_index=8 text='Végrehajtás' normalized_text=végrehajtás source_scope=main_window separator=False enabled_guess=True rectangle={'left': 4, 'top': 299, 'right': 687, 'bottom': 327} depth=1
2026-08-25 22:53:12.290 | INFO     | winwatt_automation.runtime_mapping.program_mapper:_build_menu_rows_from_popup_rows:1244 - MENU_ROW_BUILD_SUMMARY state=no_project top_menu=Súgó input_rows=9 mapped_rows=9 placeholders=3 filtered_overlap=0 filtered_empty_non_actionable=0 rejected_foreign_rows=0 deduped_rows=0
2026-08-25 22:53:12.290 | INFO     | winwatt_automation.runtime_mapping.program_mapper:explore_menu_tree:3681 - ACTION_CATALOG_INPUT_SUMMARY state=no_project top_menu=Súgó depth=1 candidate_rows=9 placeholders=3 low_or_none_confidence=3 legacy_text_only=6 unknown_pending=0
2026-08-25 22:53:13.200 | INFO     | winwatt_automation.live_ui.menu_helpers:_menu_items:1101 - DBG_MENU_ITEMS_SUMMARY total_items=16 visible_items=16 topbar_band=(0, 0, 687, 327) topbar_band_visible_count=16 popup_region_visible_count=0 force_refresh=True handle=1313178
2026-08-25 22:53:13.327 | INFO     | winwatt_automation.live_ui.menu_helpers:list_top_menu_items:1141 - Top-level menu items (raw): ['Rendszer', 'Fájl', 'Jegyzékek', 'Adatbázis...', 'Beállítások', 'Ablak', 'Súgó']
2026-08-25 22:53:13.327 | INFO     | winwatt_automation.runtime_mapping.program_mapper:_evaluate_action_admission:1969 - ACTION_ADMISSION_REJECTED top_menu=Súgó path=['Súgó', 'Végrehajtás'] traversal_depth=1 reason=unknown_legacy_popup_noise_suppressed classification=unknown result_type=no_observable_effect placeholder=False text_confidence=medium raw_text_sources=['legacy_text'] skip_reason=None
2026-08-25 22:53:13.327 | INFO     | winwatt_automation.runtime_mapping.program_mapper:_evaluate_action_admission:1982 - ACTION_STRUCTURE_ONLY_ROW top_menu=Súgó path=['Súgó', 'Végrehajtás'] traversal_depth=1 reason=unknown_legacy_popup_noise_suppressed
2026-08-25 22:53:14.250 | INFO     | winwatt_automation.live_ui.menu_helpers:_menu_items:1101 - DBG_MENU_ITEMS_SUMMARY total_items=16 visible_items=16 topbar_band=(0, 0, 687, 327) topbar_band_visible_count=16 popup_region_visible_count=0 force_refresh=True handle=1313178
2026-08-25 22:53:14.377 | INFO     | winwatt_automation.live_ui.menu_helpers:list_top_menu_items:1141 - Top-level menu items (raw): ['Rendszer', 'Fájl', 'Jegyzékek', 'Adatbázis...', 'Beállítások', 'Ablak', 'Súgó']
2026-08-25 22:53:14.377 | INFO     | winwatt_automation.runtime_mapping.program_mapper:_evaluate_action_admission:1969 - ACTION_ADMISSION_REJECTED top_menu=Súgó path=['Súgó', '[unlabeled row 2]'] traversal_depth=1 reason=disabled_menu_item classification=unknown result_type=no_observable_effect placeholder=True text_confidence=none raw_text_sources=[] skip_reason=None
2026-08-25 22:53:14.377 | INFO     | winwatt_automation.runtime_mapping.program_mapper:_evaluate_action_admission:1982 - ACTION_STRUCTURE_ONLY_ROW top_menu=Súgó path=['Súgó', '[unlabeled row 2]'] traversal_depth=1 reason=disabled_menu_item
2026-08-25 22:53:15.283 | INFO     | winwatt_automation.live_ui.menu_helpers:_menu_items:1101 - DBG_MENU_ITEMS_SUMMARY total_items=16 visible_items=16 topbar_band=(0, 0, 687, 327) topbar_band_visible_count=16 popup_region_visible_count=0 force_refresh=True handle=1313178
2026-08-25 22:53:15.438 | INFO     | winwatt_automation.live_ui.menu_helpers:list_top_menu_items:1141 - Top-level menu items (raw): ['Rendszer', 'Fájl', 'Jegyzékek', 'Adatbázis...', 'Beállítások', 'Ablak', 'Súgó']
2026-08-25 22:53:15.438 | INFO     | winwatt_automation.runtime_mapping.program_mapper:_evaluate_action_admission:1969 - ACTION_ADMISSION_REJECTED top_menu=Súgó path=['Súgó', '[unlabeled row 3]'] traversal_depth=1 reason=disabled_menu_item classification=unknown result_type=no_observable_effect placeholder=True text_confidence=none raw_text_sources=[] skip_reason=None
2026-08-25 22:53:15.438 | INFO     | winwatt_automation.runtime_mapping.program_mapper:_evaluate_action_admission:1982 - ACTION_STRUCTURE_ONLY_ROW top_menu=Súgó path=['Súgó', '[unlabeled row 3]'] traversal_depth=1 reason=disabled_menu_item
2026-08-25 22:53:16.395 | INFO     | winwatt_automation.live_ui.menu_helpers:_menu_items:1101 - DBG_MENU_ITEMS_SUMMARY total_items=16 visible_items=16 topbar_band=(0, 0, 687, 327) topbar_band_visible_count=16 popup_region_visible_count=0 force_refresh=True handle=1313178
2026-08-25 22:53:16.514 | INFO     | winwatt_automation.live_ui.menu_helpers:list_top_menu_items:1141 - Top-level menu items (raw): ['Rendszer', 'Fájl', 'Jegyzékek', 'Adatbázis...', 'Beállítások', 'Ablak', 'Súgó']
2026-08-25 22:53:16.514 | INFO     | winwatt_automation.runtime_mapping.program_mapper:_evaluate_action_admission:1969 - ACTION_ADMISSION_REJECTED top_menu=Súgó path=['Súgó', '[unlabeled row 5]'] traversal_depth=1 reason=disabled_menu_item classification=unknown result_type=no_observable_effect placeholder=True text_confidence=none raw_text_sources=[] skip_reason=None
2026-08-25 22:53:16.528 | INFO     | winwatt_automation.runtime_mapping.program_mapper:_evaluate_action_admission:1982 - ACTION_STRUCTURE_ONLY_ROW top_menu=Súgó path=['Súgó', '[unlabeled row 5]'] traversal_depth=1 reason=disabled_menu_item
2026-08-25 22:53:16.528 | INFO     | winwatt_automation.runtime_mapping.program_mapper:_log_phase_timing:279 - DBG_PHASE_TIMING phase=subtree_traversal elapsed_ms=4234.000 state_id=no_project top_menu=Súgó depth=1 rows=9 nodes=4 actions=4
2026-08-25 22:53:16.528 | INFO     | winwatt_automation.runtime_mapping.program_mapper:explore_menu_tree:4191 - ACTION_CATALOG_OUTPUT_SUMMARY state=no_project top_menu=Súgó depth=1 candidate_rows=9 probed_rows=0 admitted_after_probe=0 admitted_actions=0 still_structure_only=4 suppressed_unknown=0 placeholders_retained=3
2026-08-25 22:53:16.528 | INFO     | winwatt_automation.runtime_mapping.program_mapper:map_runtime_state:4349 - MAP_RUNTIME_STATE_MENU_RESULT state_id=no_project top_menu=Súgó rows=9 nodes=4 actions=4 dialogs=0 windows=0 catalog=0
2026-08-25 22:53:16.528 | INFO     | winwatt_automation.live_ui.app_connector:is_winwatt_foreground_context:1134 - DBG_WINWATT_FOREGROUND_CONTEXT expected_handle=1313178 expected_process_id=12016 expected_title=WinWatt gólya expected_class_name=TMainForm actual_foreground_handle=1313178 actual_foreground_process_id=12016 actual_foreground_title=WinWatt gólya actual_foreground_class_name=TMainForm allow_dialog=True result_reason=handle_match
2026-08-25 22:53:16.528 | INFO     | winwatt_automation.runtime_mapping.program_mapper:map_runtime_state:4427 - MAP_RUNTIME_STATE_FINAL_COUNTS state_id=no_project retained_top_menus=['Fájl', 'Jegyzékek', 'Adatbázis...', 'Beállítások', 'Ablak', 'Súgó'] rows=54 actions=24 dialogs=0 windows=0 transitions=0 partial=False stop_reason=None
2026-08-25 22:53:16.528 | INFO     | winwatt_automation.runtime_mapping.program_mapper:_build_state_atlas_entry:2053 - STATE_ATLAS_ENTRY_CREATED state_id=no_project top_menus=6 rows=54 actions=0 transitions=0 top_menu_texts=['Fájl', 'Jegyzékek', 'Adatbázis', 'Beállítások', 'Ablak', 'Súgó'] action_sample=[]
[event] state_mapped: {"actions": 24, "dialogs": 0, "state_id": "no_project", "top_menus": 6}
2026-08-25 22:53:17.780 | INFO     | winwatt_automation.live_ui.app_connector:get_cached_main_window:597 - DBG_WINWATT_CACHE_GET reason_code=cache_missing_resolving_fresh diagnostic_fast_mode=True
2026-08-25 22:53:18.193 | INFO     | winwatt_automation.live_ui.app_connector:_connect_with_win32_handle:276 - DBG_WINWATT_CONNECT_WIN32_CANDIDATES locator=backend=win32 ranked_candidates=[]
2026-08-25 22:53:18.194 | WARNING  | winwatt_automation.runtime_mapping.program_mapper:_safe_capture_snapshot:191 - snapshot_capture_failed state_id=startup_after_relaunch error=No WinWatt-like windows were found
2026-08-25 22:53:18.694 | INFO     | winwatt_automation.live_ui.app_connector:get_cached_main_window:597 - DBG_WINWATT_CACHE_GET reason_code=cache_missing_resolving_fresh diagnostic_fast_mode=True
2026-08-25 22:53:21.313 | INFO     | winwatt_automation.live_ui.app_connector:_connect_with_win32_handle:276 - DBG_WINWATT_CONNECT_WIN32_CANDIDATES locator=backend=win32 ranked_candidates=[]
2026-08-25 22:53:21.314 | WARNING  | winwatt_automation.runtime_mapping.program_mapper:_safe_capture_snapshot:191 - snapshot_capture_failed state_id=startup_after_relaunch error=No WinWatt-like windows were found
2026-08-25 22:53:21.815 | INFO     | winwatt_automation.live_ui.app_connector:get_cached_main_window:597 - DBG_WINWATT_CACHE_GET reason_code=cache_missing_resolving_fresh diagnostic_fast_mode=True
2026-08-25 22:53:22.947 | INFO     | winwatt_automation.live_ui.app_connector:_connect_with_win32_handle:276 - DBG_WINWATT_CONNECT_WIN32_CANDIDATES locator=backend=win32 ranked_candidates=[]
2026-08-25 22:53:22.947 | WARNING  | winwatt_automation.runtime_mapping.program_mapper:_safe_capture_snapshot:191 - snapshot_capture_failed state_id=startup_after_relaunch error=No WinWatt-like windows were found
2026-08-25 22:53:23.448 | INFO     | winwatt_automation.live_ui.app_connector:get_cached_main_window:597 - DBG_WINWATT_CACHE_GET reason_code=cache_missing_resolving_fresh diagnostic_fast_mode=True
2026-08-25 22:53:23.511 | INFO     | winwatt_automation.live_ui.app_connector:_connect_with_win32_handle:276 - DBG_WINWATT_CONNECT_WIN32_CANDIDATES locator=backend=win32 ranked_candidates=[]
2026-08-25 22:53:23.511 | WARNING  | winwatt_automation.runtime_mapping.program_mapper:_safe_capture_snapshot:191 - snapshot_capture_failed state_id=startup_after_relaunch error=No WinWatt-like windows were found
2026-08-25 22:53:24.020 | INFO     | winwatt_automation.live_ui.app_connector:get_cached_main_window:597 - DBG_WINWATT_CACHE_GET reason_code=cache_missing_resolving_fresh diagnostic_fast_mode=True
2026-08-25 22:53:24.095 | INFO     | winwatt_automation.live_ui.app_connector:_connect_with_win32_handle:276 - DBG_WINWATT_CONNECT_WIN32_CANDIDATES locator=backend=win32 ranked_candidates=[]
2026-08-25 22:53:24.095 | WARNING  | winwatt_automation.runtime_mapping.program_mapper:_safe_capture_snapshot:191 - snapshot_capture_failed state_id=startup_after_relaunch error=No WinWatt-like windows were found
2026-08-25 22:53:24.605 | INFO     | winwatt_automation.live_ui.app_connector:get_cached_main_window:597 - DBG_WINWATT_CACHE_GET reason_code=cache_missing_resolving_fresh diagnostic_fast_mode=True
2026-08-25 22:53:24.677 | INFO     | winwatt_automation.live_ui.app_connector:_connect_with_win32_handle:276 - DBG_WINWATT_CONNECT_WIN32_CANDIDATES locator=backend=win32 ranked_candidates=[]
2026-08-25 22:53:24.677 | WARNING  | winwatt_automation.runtime_mapping.program_mapper:_safe_capture_snapshot:191 - snapshot_capture_failed state_id=startup_after_relaunch error=No WinWatt-like windows were found
2026-08-25 22:53:25.182 | INFO     | winwatt_automation.live_ui.app_connector:get_cached_main_window:597 - DBG_WINWATT_CACHE_GET reason_code=cache_missing_resolving_fresh diagnostic_fast_mode=True
2026-08-25 22:53:25.261 | INFO     | winwatt_automation.live_ui.app_connector:_connect_with_win32_handle:276 - DBG_WINWATT_CONNECT_WIN32_CANDIDATES locator=backend=win32 ranked_candidates=[]
2026-08-25 22:53:25.261 | WARNING  | winwatt_automation.runtime_mapping.program_mapper:_safe_capture_snapshot:191 - snapshot_capture_failed state_id=startup_after_relaunch error=No WinWatt-like windows were found
2026-08-25 22:53:25.769 | INFO     | winwatt_automation.live_ui.app_connector:get_cached_main_window:597 - DBG_WINWATT_CACHE_GET reason_code=cache_missing_resolving_fresh diagnostic_fast_mode=True
2026-08-25 22:53:25.861 | INFO     | winwatt_automation.live_ui.app_connector:_connect_with_win32_handle:276 - DBG_WINWATT_CONNECT_WIN32_CANDIDATES locator=backend=win32 ranked_candidates=[]
2026-08-25 22:53:25.861 | WARNING  | winwatt_automation.runtime_mapping.program_mapper:_safe_capture_snapshot:191 - snapshot_capture_failed state_id=startup_after_relaunch error=No WinWatt-like windows were found
2026-08-25 22:53:26.373 | INFO     | winwatt_automation.live_ui.app_connector:get_cached_main_window:597 - DBG_WINWATT_CACHE_GET reason_code=cache_missing_resolving_fresh diagnostic_fast_mode=True
2026-08-25 22:53:26.478 | INFO     | winwatt_automation.live_ui.app_connector:_connect_with_win32_handle:276 - DBG_WINWATT_CONNECT_WIN32_CANDIDATES locator=backend=win32 ranked_candidates=[]
2026-08-25 22:53:26.478 | WARNING  | winwatt_automation.runtime_mapping.program_mapper:_safe_capture_snapshot:191 - snapshot_capture_failed state_id=startup_after_relaunch error=No WinWatt-like windows were found
2026-08-25 22:53:26.981 | INFO     | winwatt_automation.live_ui.app_connector:get_cached_main_window:597 - DBG_WINWATT_CACHE_GET reason_code=cache_missing_resolving_fresh diagnostic_fast_mode=True
2026-08-25 22:53:27.057 | INFO     | winwatt_automation.live_ui.app_connector:_connect_with_win32_handle:276 - DBG_WINWATT_CONNECT_WIN32_CANDIDATES locator=backend=win32 ranked_candidates=[]
2026-08-25 22:53:27.057 | WARNING  | winwatt_automation.runtime_mapping.program_mapper:_safe_capture_snapshot:191 - snapshot_capture_failed state_id=startup_after_relaunch error=No WinWatt-like windows were found
2026-08-25 22:53:27.559 | INFO     | winwatt_automation.live_ui.app_connector:get_cached_main_window:597 - DBG_WINWATT_CACHE_GET reason_code=cache_missing_resolving_fresh diagnostic_fast_mode=True
2026-08-25 22:53:27.648 | INFO     | winwatt_automation.live_ui.app_connector:_connect_with_win32_handle:276 - DBG_WINWATT_CONNECT_WIN32_CANDIDATES locator=backend=win32 ranked_candidates=[]
2026-08-25 22:53:27.648 | WARNING  | winwatt_automation.runtime_mapping.program_mapper:_safe_capture_snapshot:191 - snapshot_capture_failed state_id=startup_after_relaunch error=No WinWatt-like windows were found
2026-08-25 22:53:28.150 | INFO     | winwatt_automation.live_ui.app_connector:get_cached_main_window:597 - DBG_WINWATT_CACHE_GET reason_code=cache_missing_resolving_fresh diagnostic_fast_mode=True
2026-08-25 22:53:28.216 | INFO     | winwatt_automation.live_ui.app_connector:_connect_with_win32_handle:276 - DBG_WINWATT_CONNECT_WIN32_CANDIDATES locator=backend=win32 ranked_candidates=[]
2026-08-25 22:53:28.216 | WARNING  | winwatt_automation.runtime_mapping.program_mapper:_safe_capture_snapshot:191 - snapshot_capture_failed state_id=startup_after_relaunch error=No WinWatt-like windows were found
2026-08-25 22:53:28.723 | INFO     | winwatt_automation.live_ui.app_connector:get_cached_main_window:597 - DBG_WINWATT_CACHE_GET reason_code=cache_missing_resolving_fresh diagnostic_fast_mode=True
2026-08-25 22:53:28.794 | INFO     | winwatt_automation.live_ui.app_connector:_connect_with_win32_handle:276 - DBG_WINWATT_CONNECT_WIN32_CANDIDATES locator=backend=win32 ranked_candidates=[]
2026-08-25 22:53:28.794 | WARNING  | winwatt_automation.runtime_mapping.program_mapper:_safe_capture_snapshot:191 - snapshot_capture_failed state_id=startup_after_relaunch error=No WinWatt-like windows were found
2026-08-25 22:53:29.297 | INFO     | winwatt_automation.live_ui.app_connector:get_cached_main_window:597 - DBG_WINWATT_CACHE_GET reason_code=cache_missing_resolving_fresh diagnostic_fast_mode=True
2026-08-25 22:53:29.378 | INFO     | winwatt_automation.live_ui.app_connector:_connect_with_win32_handle:276 - DBG_WINWATT_CONNECT_WIN32_CANDIDATES locator=backend=win32 ranked_candidates=[]
2026-08-25 22:53:29.378 | WARNING  | winwatt_automation.runtime_mapping.program_mapper:_safe_capture_snapshot:191 - snapshot_capture_failed state_id=startup_after_relaunch error=No WinWatt-like windows were found
2026-08-25 22:53:29.880 | INFO     | winwatt_automation.live_ui.app_connector:get_cached_main_window:597 - DBG_WINWATT_CACHE_GET reason_code=cache_missing_resolving_fresh diagnostic_fast_mode=True
2026-08-25 22:53:30.085 | INFO     | winwatt_automation.live_ui.app_connector:_connect_with_win32_handle:276 - DBG_WINWATT_CONNECT_WIN32_CANDIDATES locator=backend=win32 ranked_candidates=[{'rank': 1, 'score': (1, 1, 1, 1, 2017600), 'process_id': 17216, 'handle': None, 'class_name': 'TMainForm', 'title': 'WinWatt gólya - C:\\Users\\Admin\\Documents\\GitHub\\autowinwatt\\winwatt_automation\\tests\\testwwp.wwp', 'visible': True, 'enabled': True}]
2026-08-25 22:53:30.085 | INFO     | winwatt_automation.live_ui.app_connector:select_main_window:224 - Candidate ranking score=(1, 1, 1, 1, 2017600) data={'title': 'WinWatt gólya - C:\\Users\\Admin\\Documents\\GitHub\\autowinwatt\\winwatt_automation\\tests\\testwwp.wwp', 'window_text': 'WinWatt gólya - C:\\Users\\Admin\\Documents\\GitHub\\autowinwatt\\winwatt_automation\\tests\\testwwp.wwp', 'class_name': 'TMainForm', 'control_type': None, 'process_id': 17216, 'handle': None, 'is_visible': True, 'is_enabled': True, 'rectangle': {'left': -10, 'top': -10, 'right': 1930, 'bottom': 1030, 'width': 1940, 'height': 1040}, 'size': {'width': 1940, 'height': 1040}}
2026-08-25 22:53:30.087 | INFO     | winwatt_automation.live_ui.app_connector:select_main_window:234 - Selected main window process_id=17216 handle=None score=(1, 1, 1, 1, 2017600) reasons=['has_process_id=True', 'has_handle=False', 'visible=True', 'enabled=True', 'title_has_winwatt=True', 'area=2017600']
2026-08-25 22:53:30.087 | INFO     | winwatt_automation.live_ui.app_connector:_connect_with_win32_handle:293 - DBG_WINWATT_CONNECT_WIN32_SELECTED selected_payload={'title': 'WinWatt gólya - C:\\Users\\Admin\\Documents\\GitHub\\autowinwatt\\winwatt_automation\\tests\\testwwp.wwp', 'window_text': 'WinWatt gólya - C:\\Users\\Admin\\Documents\\GitHub\\autowinwatt\\winwatt_automation\\tests\\testwwp.wwp', 'class_name': 'TMainForm', 'control_type': None, 'process_id': 17216, 'handle': None, 'is_visible': True, 'is_enabled': True, 'rectangle': {'left': -10, 'top': -10, 'right': 1930, 'bottom': 1030, 'width': 1940, 'height': 1040}, 'size': {'width': 1940, 'height': 1040}} selected_handle_is_none=True
2026-08-25 22:53:30.091 | INFO     | winwatt_automation.live_ui.app_connector:_connect_with_win32_handle:336 - Connected to WinWatt backend=win32 attach_mode=process candidate={'process_id': 17216, 'handle': None, 'class_name': 'TMainForm', 'title': 'WinWatt gólya - C:\\Users\\Admin\\Documents\\GitHub\\autowinwatt\\winwatt_automation\\tests\\testwwp.wwp'}
2026-08-25 22:53:30.108 | INFO     | winwatt_automation.live_ui.app_connector:_connect_with_win32_handle:350 - DBG_WINWATT_CONNECT_WIN32_RESOLVED process_id=17216 resolved_handle=None selected_payload={'title': 'WinWatt gólya - C:\\Users\\Admin\\Documents\\GitHub\\autowinwatt\\winwatt_automation\\tests\\testwwp.wwp', 'window_text': 'WinWatt gólya - C:\\Users\\Admin\\Documents\\GitHub\\autowinwatt\\winwatt_automation\\tests\\testwwp.wwp', 'class_name': 'TMainForm', 'control_type': None, 'process_id': 17216, 'handle': None, 'is_visible': True, 'is_enabled': True, 'rectangle': {'left': -10, 'top': -10, 'right': 1930, 'bottom': 1030, 'width': 1940, 'height': 1040}, 'size': {'width': 1940, 'height': 1040}}
2026-08-25 22:53:30.108 | INFO     | winwatt_automation.live_ui.app_connector:_resolve_uia_main_window:382 - DBG_WINWATT_RESOLVE_UIA_WIN32_SELECTED selected_payload={'title': 'WinWatt gólya - C:\\Users\\Admin\\Documents\\GitHub\\autowinwatt\\winwatt_automation\\tests\\testwwp.wwp', 'window_text': 'WinWatt gólya - C:\\Users\\Admin\\Documents\\GitHub\\autowinwatt\\winwatt_automation\\tests\\testwwp.wwp', 'class_name': 'TMainForm', 'control_type': None, 'process_id': 17216, 'handle': None, 'is_visible': True, 'is_enabled': True, 'rectangle': {'left': -10, 'top': -10, 'right': 1930, 'bottom': 1030, 'width': 1940, 'height': 1040}, 'size': {'width': 1940, 'height': 1040}}
2026-08-25 22:53:30.109 | INFO     | winwatt_automation.live_ui.app_connector:_resolve_uia_main_window:388 - Connected to WinWatt backend=uia process_id=17216
2026-08-25 22:53:30.109 | INFO     | winwatt_automation.live_ui.app_connector:_resolve_uia_main_window:390 - Resolving main WinWatt window backend=uia class_name=TMainForm title_re=.*WinWatt.*
2026-08-25 22:53:30.551 | INFO     | winwatt_automation.live_ui.app_connector:_resolve_uia_main_window:400 - DBG_WINWATT_RESOLVE_UIA_PRIMARY selected_payload={'title': 'WinWatt gólya - C:\\Users\\Admin\\Documents\\GitHub\\autowinwatt\\winwatt_automation\\tests\\testwwp.wwp', 'window_text': 'WinWatt gólya - C:\\Users\\Admin\\Documents\\GitHub\\autowinwatt\\winwatt_automation\\tests\\testwwp.wwp', 'class_name': 'TMainForm', 'control_type': None, 'process_id': 17216, 'handle': None, 'is_visible': True, 'is_enabled': True, 'rectangle': {'left': -10, 'top': -10, 'right': 1930, 'bottom': 1030, 'width': 1940, 'height': 1040}, 'size': {'width': 1940, 'height': 1040}} primary_result={'wrapper_type': 'UIAWrapper', 'handle': 1117248, 'process_id': 17216, 'title': 'WinWatt gólya - C:\\Users\\Admin\\Documents\\GitHub\\autowinwatt\\winwatt_automation\\tests\\testwwp.wwp', 'class_name': 'TMainForm', 'control_type': 'Window'} identity_match_with_win32=None
2026-08-25 22:53:31.325 | INFO     | winwatt_automation.live_ui.menu_helpers:_menu_items:1101 - DBG_MENU_ITEMS_SUMMARY total_items=7 visible_items=7 topbar_band=(0, 0, 392, 53) topbar_band_visible_count=7 popup_region_visible_count=0 force_refresh=True handle=1117248
2026-08-25 22:53:31.419 | INFO     | winwatt_automation.live_ui.menu_helpers:list_top_menu_items:1141 - Top-level menu items (raw): ['Rendszer', 'Fájl', 'Jegyzékek', 'Eszközök', 'Beállítások', 'Ablak', 'Súgó']
2026-08-25 22:53:32.138 | INFO     | winwatt_automation.live_ui.menu_helpers:_menu_items:1101 - DBG_MENU_ITEMS_SUMMARY total_items=7 visible_items=7 topbar_band=(0, 0, 392, 53) topbar_band_visible_count=7 popup_region_visible_count=0 force_refresh=True handle=1117248
2026-08-25 22:53:32.263 | INFO     | winwatt_automation.live_ui.menu_helpers:list_top_menu_items:1141 - Top-level menu items (raw): ['Rendszer', 'Fájl', 'Jegyzékek', 'Eszközök', 'Beállítások', 'Ablak', 'Súgó']
[event] open_file_dialog_detected: {"project_open_method": "direct_launch", "project_open_sequence": ["C:\\Users\\Admin\\Documents\\GitHub\\autowinwatt\\winwatt_automation\\tests\\testwwp.wwp"], "value": false}
[event] file_dialog_path_entered: {"value": false}
[event] file_dialog_confirm_clicked: {"value": false}
[event] dialog_closed: {"value": false}
[event] observed_main_window_title_after_open: {"is_empty": false, "value": "WinWatt gólya - C:\\Users\\Admin\\Documents\\GitHub\\autowinwatt\\winwatt_automation\\tests\\testwwp.wwp"}
[event] observed_project_path: {"is_null": false, "value": "C:\\Users\\Admin\\Documents\\GitHub\\autowinwatt\\winwatt_automation\\tests\\testwwp.wwp"}
[event] path_match_normalized: {"expected_project_path": "C:\\Users\\Admin\\Documents\\GitHub\\autowinwatt\\winwatt_automation\\tests\\testwwp.wwp", "observed_project_path": "C:\\Users\\Admin\\Documents\\GitHub\\autowinwatt\\winwatt_automation\\tests\\testwwp.wwp", "value": true}
[event] project_open_result: {"already_open_before_mapping": false, "dialog_found": false, "enter_confirm_sent": false, "error": null, "expected_project_path": "C:\\Users\\Admin\\Documents\\GitHub\\autowinwatt\\winwatt_automation\\tests\\testwwp.wwp", "file_dialog_confirm_clicked": false, "file_dialog_path_entered": false, "focused_input_entry_attempted": false, "focused_input_entry_sent": false, "interaction_helper_called": false, "interaction_helper_result_present": false, "observed_project_path": "C:\\Users\\Admin\\Documents\\GitHub\\autowinwatt\\winwatt_automation\\tests\\testwwp.wwp", "open_file_dialog_detected": false, "path_entry_strategy_null_reason": "direct_project_launch_bootstrap", "path_entry_strategy_selected": null, "path_match_normalized": true, "post_confirm_dialog_closed": false, "post_confirm_path_match": true, "post_confirm_title": "WinWatt gólya - C:\\Users\\Admin\\Documents\\GitHub\\autowinwatt\\winwatt_automation\\tests\\testwwp.wwp", "project_open_attempt_started": true, "project_open_menu_item_clicked": false, "project_open_method": "direct_launch", "project_open_sequence": ["C:\\Users\\Admin\\Documents\\GitHub\\autowinwatt\\winwatt_automation\\tests\\testwwp.wwp"], "project_open_verdict": "opened_by_this_attempt", "startup_project_detected": false, "success": true}
[event] project_open_recovery: {"main_window_ready_after_attempt": true, "modal_detected": false, "reason": "fresh_process_launch", "success": true}
2026-08-25 22:53:32.994 | INFO     | winwatt_automation.live_ui.menu_helpers:_menu_items:1101 - DBG_MENU_ITEMS_SUMMARY total_items=7 visible_items=7 topbar_band=(0, 0, 392, 53) topbar_band_visible_count=7 popup_region_visible_count=0 force_refresh=True handle=1117248
2026-08-25 22:53:33.062 | INFO     | winwatt_automation.live_ui.menu_helpers:list_top_menu_items:1141 - Top-level menu items (raw): ['Rendszer', 'Fájl', 'Jegyzékek', 'Eszközök', 'Beállítások', 'Ablak', 'Súgó']
2026-08-25 22:53:33.078 | INFO     | winwatt_automation.runtime_mapping.program_mapper:get_canonical_top_menu_names:924 - Canonical top-level menus [7]: ['Rendszer', 'Fájl', 'Jegyzékek', 'Eszközök', 'Beállítások', 'Ablak', 'Súgó']
2026-08-25 22:53:33.078 | INFO     | winwatt_automation.runtime_mapping.program_mapper:map_runtime_state:4285 - MAP_RUNTIME_STATE_SELECTION state_id=project_open discovered=['Rendszer', 'Fájl', 'Jegyzékek', 'Eszközök', 'Beállítások', 'Ablak', 'Súgó'] canonical=['Rendszer', 'Fájl', 'Jegyzékek', 'Eszközök', 'Beállítások', 'Ablak', 'Súgó'] requested=['Fájl', 'Jegyzékek', 'Adatbázis...', 'Beállítások', 'Ablak', 'Súgó'] normalized_targets=['fájl', 'jegyzékek', 'adatbázis', 'beállítások', 'ablak', 'súgó']
2026-08-25 22:53:33.154 | INFO     | winwatt_automation.live_ui.menu_helpers:_menu_items:1101 - DBG_MENU_ITEMS_SUMMARY total_items=7 visible_items=7 topbar_band=(0, 0, 392, 53) topbar_band_visible_count=7 popup_region_visible_count=0 force_refresh=False handle=1117248
2026-08-25 22:53:33.161 | INFO     | winwatt_automation.live_ui.menu_helpers:capture_menu_popup_snapshot:1724 - POPUP_SNAPSHOT_SUMMARY main_window_fragments=7 global_scan_fragments=0 deduped_fragments=7 topbar_like=6 popup_like=0 empty_text=0 topbar_band=(0, 29, 392, 53) empty_text_vertical_cluster_detected=False accepted_popup_rows=0 popup_heuristic=candidate_count_below_threshold
2026-08-25 22:53:33.916 | INFO     | winwatt_automation.live_ui.menu_helpers:_menu_items:1101 - DBG_MENU_ITEMS_SUMMARY total_items=7 visible_items=7 topbar_band=(0, 0, 392, 53) topbar_band_visible_count=7 popup_region_visible_count=0 force_refresh=True handle=1117248
2026-08-25 22:53:33.999 | INFO     | winwatt_automation.live_ui.menu_helpers:list_top_menu_items:1141 - Top-level menu items (raw): ['Rendszer', 'Fájl', 'Jegyzékek', 'Eszközök', 'Beállítások', 'Ablak', 'Súgó']
2026-08-25 22:53:33.999 | INFO     | winwatt_automation.runtime_mapping.program_mapper:explore_menu_tree:3592 - DBG_WINWATT_NORMAL_MENU_OPEN_NO_POPUP state=project_open top_menu=Fájl attempt=0 raw_row_count=7 popup_like_count=0 topbar_like_count=6 filtered_row_count=0
2026-08-25 22:53:33.999 | INFO     | winwatt_automation.runtime_mapping.program_mapper:_open_and_capture_root_menu:1489 - DBG_WINWATT_NORMAL_MENU_OPEN_START state=project_open top_menu=Fájl menu_kind=normal
2026-08-25 22:53:34.727 | INFO     | winwatt_automation.live_ui.menu_helpers:_menu_items:1101 - DBG_MENU_ITEMS_SUMMARY total_items=7 visible_items=7 topbar_band=(0, 0, 392, 53) topbar_band_visible_count=7 popup_region_visible_count=0 force_refresh=True handle=1117248
2026-08-25 22:53:34.794 | INFO     | winwatt_automation.live_ui.menu_helpers:list_top_menu_items:1141 - Top-level menu items (raw): ['Rendszer', 'Fájl', 'Jegyzékek', 'Eszközök', 'Beállítások', 'Ablak', 'Súgó']
2026-08-25 22:53:34.878 | INFO     | winwatt_automation.live_ui.app_connector:prepare_main_window_for_menu_interaction:981 - Preparing WinWatt window for menu interaction
2026-08-25 22:53:34.878 | INFO     | winwatt_automation.live_ui.app_connector:prepare_main_window_for_menu_interaction:1001 - Window state before: maximized
2026-08-25 22:53:34.878 | INFO     | winwatt_automation.live_ui.app_connector:prepare_main_window_for_menu_interaction:1022 - Window maximized
2026-08-25 22:53:34.878 | INFO     | winwatt_automation.live_ui.app_connector:prepare_main_window_for_menu_interaction:1031 - Focus confirmed
2026-08-25 22:53:34.878 | INFO     | winwatt_automation.live_ui.app_connector:ensure_main_window_foreground_before_click:1190 - DBG_WINWATT_FOCUS_GUARD_PRECHECK action_label=click_top_menu_item:Fájl wrapper_type=UIAWrapper cached_handle=1117248 cached_pid=17216 cached_title=WinWatt gólya - C:\Users\Admin\Documents\GitHub\autowinwatt\winwatt_automation\tests\testwwp.wwp cached_class=TMainForm precheck_exists=False precheck_visible=True precheck_enabled=True rect={'left': -10, 'top': -10, 'right': 1930, 'bottom': 1030, 'width': 1940, 'height': 1040}
2026-08-25 22:53:34.878 | WARNING  | winwatt_automation.live_ui.app_connector:ensure_main_window_foreground_before_click:1288 - DBG_WINWATT_FOCUS_GUARD_CLICK_OVERRIDE action_label=click_top_menu_item:Fájl reason=exists_false_but_identity_strong wrapper_type=UIAWrapper identity_reasons=['handle', 'process_id', 'title', 'class_name', 'rect', 'visible', 'enabled'] cached_identity={'wrapper_type': 'UIAWrapper', 'handle': 1117248, 'process_id': 17216, 'title': 'WinWatt gólya - C:\\Users\\Admin\\Documents\\GitHub\\autowinwatt\\winwatt_automation\\tests\\testwwp.wwp', 'class_name': 'TMainForm', 'control_type': 'Window'} rect={'left': -10, 'top': -10, 'right': 1930, 'bottom': 1030, 'width': 1940, 'height': 1040}
2026-08-25 22:53:34.893 | INFO     | winwatt_automation.live_ui.app_connector:is_winwatt_foreground_context:1134 - DBG_WINWATT_FOREGROUND_CONTEXT expected_handle=1117248 expected_process_id=17216 expected_title=WinWatt gólya - C:\Users\Admin\Documents\GitHub\autowinwatt\winwatt_automation\tests\testwwp.wwp expected_class_name=TMainForm actual_foreground_handle=1117248 actual_foreground_process_id=17216 actual_foreground_title=WinWatt gólya - C:\Users\Admin\Documents\GitHub\autowinwatt\winwatt_automation\tests\testwwp.wwp actual_foreground_class_name=TMainForm allow_dialog=False result_reason=handle_match
2026-08-25 22:53:34.894 | INFO     | winwatt_automation.live_ui.app_connector:ensure_main_window_foreground_before_click:1351 - DBG_WINWATT_FOCUS_GUARD_RESULT action_label=click_top_menu_item:Fájl status=focus_ok reason=handle_match foreground={'handle': 1117248, 'title': 'WinWatt gólya - C:\\Users\\Admin\\Documents\\GitHub\\autowinwatt\\winwatt_automation\\tests\\testwwp.wwp', 'class_name': 'TMainForm', 'process_id': 17216} same_context_as_cached_main=True win32_uia_identity_match=True
2026-08-25 22:53:34.894 | INFO     | winwatt_automation.live_ui.menu_helpers:click_top_menu_item:2326 - click_top_menu_item('Fájl'): foreground_before_click={'handle': 1117248, 'title': 'WinWatt gólya - C:\\Users\\Admin\\Documents\\GitHub\\autowinwatt\\winwatt_automation\\tests\\testwwp.wwp', 'class_name': 'TMainForm', 'process_id': 17216}
2026-08-25 22:53:34.894 | INFO     | winwatt_automation.live_ui.menu_helpers:_menu_items:1101 - DBG_MENU_ITEMS_SUMMARY total_items=7 visible_items=7 topbar_band=(0, 0, 392, 53) topbar_band_visible_count=7 popup_region_visible_count=0 force_refresh=False handle=1117248
2026-08-25 22:53:34.983 | INFO     | winwatt_automation.live_ui.menu_helpers:_menu_items:1101 - DBG_MENU_ITEMS_SUMMARY total_items=7 visible_items=7 topbar_band=(0, 0, 392, 53) topbar_band_visible_count=7 popup_region_visible_count=0 force_refresh=False handle=1117248
2026-08-25 22:53:34.983 | INFO     | winwatt_automation.live_ui.menu_helpers:capture_menu_popup_snapshot:1724 - POPUP_SNAPSHOT_SUMMARY main_window_fragments=7 global_scan_fragments=0 deduped_fragments=7 topbar_like=6 popup_like=0 empty_text=0 topbar_band=(0, 29, 392, 53) empty_text_vertical_cluster_detected=False accepted_popup_rows=0 popup_heuristic=candidate_count_below_threshold
2026-08-25 22:53:35.114 | INFO     | winwatt_automation.live_ui.menu_helpers:_validate_post_menu_open_foreground:962 - post_click_foreground_validation title=Fájl foreground={'handle': 1117248, 'title': 'WinWatt gólya - C:\\Users\\Admin\\Documents\\GitHub\\autowinwatt\\winwatt_automation\\tests\\testwwp.wwp', 'class_name': 'TMainForm', 'process_id': 17216}
2026-08-25 22:53:35.129 | INFO     | winwatt_automation.live_ui.app_connector:is_winwatt_foreground_context:1134 - DBG_WINWATT_FOREGROUND_CONTEXT expected_handle=1117248 expected_process_id=17216 expected_title=WinWatt gólya - C:\Users\Admin\Documents\GitHub\autowinwatt\winwatt_automation\tests\testwwp.wwp expected_class_name=TMainForm actual_foreground_handle=1117248 actual_foreground_process_id=17216 actual_foreground_title=WinWatt gólya - C:\Users\Admin\Documents\GitHub\autowinwatt\winwatt_automation\tests\testwwp.wwp actual_foreground_class_name=TMainForm allow_dialog=True result_reason=handle_match
2026-08-25 22:53:35.444 | INFO     | winwatt_automation.live_ui.menu_helpers:_menu_items:1101 - DBG_MENU_ITEMS_SUMMARY total_items=19 visible_items=19 topbar_band=(0, 0, 392, 53) topbar_band_visible_count=7 popup_region_visible_count=12 force_refresh=False handle=1117248
2026-08-25 22:53:35.444 | INFO     | winwatt_automation.live_ui.menu_helpers:_menu_row_from_wrapper:1545 - TEXT_EXTRACTION_FALLBACK_USED source=legacy_text confidence=medium rect={'left': 4, 'top': 56, 'right': 290, 'bottom': 84}
2026-08-25 22:53:35.464 | INFO     | winwatt_automation.live_ui.menu_helpers:_menu_row_from_wrapper:1545 - TEXT_EXTRACTION_FALLBACK_USED source=legacy_text confidence=medium rect={'left': 4, 'top': 84, 'right': 290, 'bottom': 112}
2026-08-25 22:53:35.464 | WARNING  | winwatt_automation.live_ui.menu_helpers:_menu_row_from_wrapper:1547 - TEXT_EXTRACTION_FAILED source_scope=main_window rect={'left': 4, 'top': 111, 'right': 290, 'bottom': 139}
2026-08-25 22:53:35.478 | INFO     | winwatt_automation.live_ui.menu_helpers:_menu_row_from_wrapper:1545 - TEXT_EXTRACTION_FALLBACK_USED source=legacy_text confidence=medium rect={'left': 4, 'top': 139, 'right': 290, 'bottom': 167}
2026-08-25 22:53:35.494 | INFO     | winwatt_automation.live_ui.menu_helpers:_menu_row_from_wrapper:1545 - TEXT_EXTRACTION_FALLBACK_USED source=legacy_text confidence=medium rect={'left': 4, 'top': 166, 'right': 290, 'bottom': 194}
2026-08-25 22:53:35.494 | INFO     | winwatt_automation.live_ui.menu_helpers:_menu_row_from_wrapper:1545 - TEXT_EXTRACTION_FALLBACK_USED source=legacy_text confidence=medium rect={'left': 4, 'top': 194, 'right': 290, 'bottom': 222}
2026-08-25 22:53:35.511 | INFO     | winwatt_automation.live_ui.menu_helpers:_menu_row_from_wrapper:1545 - TEXT_EXTRACTION_FALLBACK_USED source=legacy_text confidence=medium rect={'left': 4, 'top': 221, 'right': 290, 'bottom': 249}
2026-08-25 22:53:35.518 | INFO     | winwatt_automation.live_ui.menu_helpers:_menu_row_from_wrapper:1545 - TEXT_EXTRACTION_FALLBACK_USED source=legacy_text confidence=medium rect={'left': 4, 'top': 249, 'right': 290, 'bottom': 277}
2026-08-25 22:53:35.529 | INFO     | winwatt_automation.live_ui.menu_helpers:_menu_row_from_wrapper:1545 - TEXT_EXTRACTION_FALLBACK_USED source=legacy_text confidence=medium rect={'left': 4, 'top': 284, 'right': 290, 'bottom': 312}
2026-08-25 22:53:35.549 | INFO     | winwatt_automation.live_ui.menu_helpers:_menu_row_from_wrapper:1545 - TEXT_EXTRACTION_FALLBACK_USED source=legacy_text confidence=medium rect={'left': 4, 'top': 311, 'right': 290, 'bottom': 339}
2026-08-25 22:53:35.568 | INFO     | winwatt_automation.live_ui.menu_helpers:_menu_row_from_wrapper:1545 - TEXT_EXTRACTION_FALLBACK_USED source=legacy_text confidence=medium rect={'left': 4, 'top': 339, 'right': 290, 'bottom': 367}
2026-08-25 22:53:35.582 | INFO     | winwatt_automation.live_ui.menu_helpers:_menu_row_from_wrapper:1545 - TEXT_EXTRACTION_FALLBACK_USED source=legacy_text confidence=medium rect={'left': 4, 'top': 374, 'right': 290, 'bottom': 402}
2026-08-25 22:53:35.780 | INFO     | winwatt_automation.live_ui.menu_helpers:capture_menu_popup_snapshot:1724 - POPUP_SNAPSHOT_SUMMARY main_window_fragments=19 global_scan_fragments=0 deduped_fragments=19 topbar_like=6 popup_like=12 empty_text=1 topbar_band=(0, 29, 392, 53) empty_text_vertical_cluster_detected=False accepted_popup_rows=0 popup_heuristic=candidate_count_below_threshold
2026-08-25 22:53:36.100 | INFO     | winwatt_automation.live_ui.menu_helpers:_menu_items:1101 - DBG_MENU_ITEMS_SUMMARY total_items=19 visible_items=19 topbar_band=(0, 0, 392, 402) topbar_band_visible_count=19 popup_region_visible_count=0 force_refresh=False handle=1117248
2026-08-25 22:53:36.111 | INFO     | winwatt_automation.live_ui.menu_helpers:_menu_row_from_wrapper:1545 - TEXT_EXTRACTION_FALLBACK_USED source=legacy_text confidence=medium rect={'left': 4, 'top': 56, 'right': 290, 'bottom': 84}
2026-08-25 22:53:36.119 | INFO     | winwatt_automation.live_ui.menu_helpers:_menu_row_from_wrapper:1545 - TEXT_EXTRACTION_FALLBACK_USED source=legacy_text confidence=medium rect={'left': 4, 'top': 84, 'right': 290, 'bottom': 112}
2026-08-25 22:53:36.130 | WARNING  | winwatt_automation.live_ui.menu_helpers:_menu_row_from_wrapper:1547 - TEXT_EXTRACTION_FAILED source_scope=main_window rect={'left': 4, 'top': 111, 'right': 290, 'bottom': 139}
2026-08-25 22:53:36.130 | INFO     | winwatt_automation.live_ui.menu_helpers:_menu_row_from_wrapper:1545 - TEXT_EXTRACTION_FALLBACK_USED source=legacy_text confidence=medium rect={'left': 4, 'top': 139, 'right': 290, 'bottom': 167}
2026-08-25 22:53:36.150 | INFO     | winwatt_automation.live_ui.menu_helpers:_menu_row_from_wrapper:1545 - TEXT_EXTRACTION_FALLBACK_USED source=legacy_text confidence=medium rect={'left': 4, 'top': 166, 'right': 290, 'bottom': 194}
2026-08-25 22:53:36.156 | INFO     | winwatt_automation.live_ui.menu_helpers:_menu_row_from_wrapper:1545 - TEXT_EXTRACTION_FALLBACK_USED source=legacy_text confidence=medium rect={'left': 4, 'top': 194, 'right': 290, 'bottom': 222}
2026-08-25 22:53:36.161 | INFO     | winwatt_automation.live_ui.menu_helpers:_menu_row_from_wrapper:1545 - TEXT_EXTRACTION_FALLBACK_USED source=legacy_text confidence=medium rect={'left': 4, 'top': 221, 'right': 290, 'bottom': 249}
2026-08-25 22:53:36.177 | INFO     | winwatt_automation.live_ui.menu_helpers:_menu_row_from_wrapper:1545 - TEXT_EXTRACTION_FALLBACK_USED source=legacy_text confidence=medium rect={'left': 4, 'top': 249, 'right': 290, 'bottom': 277}
2026-08-25 22:53:36.178 | INFO     | winwatt_automation.live_ui.menu_helpers:_menu_row_from_wrapper:1545 - TEXT_EXTRACTION_FALLBACK_USED source=legacy_text confidence=medium rect={'left': 4, 'top': 284, 'right': 290, 'bottom': 312}
2026-08-25 22:53:36.194 | INFO     | winwatt_automation.live_ui.menu_helpers:_menu_row_from_wrapper:1545 - TEXT_EXTRACTION_FALLBACK_USED source=legacy_text confidence=medium rect={'left': 4, 'top': 311, 'right': 290, 'bottom': 339}
2026-08-25 22:53:36.194 | INFO     | winwatt_automation.live_ui.menu_helpers:_menu_row_from_wrapper:1545 - TEXT_EXTRACTION_FALLBACK_USED source=legacy_text confidence=medium rect={'left': 4, 'top': 339, 'right': 290, 'bottom': 367}
2026-08-25 22:53:36.214 | INFO     | winwatt_automation.live_ui.menu_helpers:_menu_row_from_wrapper:1545 - TEXT_EXTRACTION_FALLBACK_USED source=legacy_text confidence=medium rect={'left': 4, 'top': 374, 'right': 290, 'bottom': 402}
2026-08-25 22:53:36.462 | INFO     | winwatt_automation.live_ui.menu_helpers:capture_menu_popup_snapshot:1724 - POPUP_SNAPSHOT_SUMMARY main_window_fragments=19 global_scan_fragments=0 deduped_fragments=19 topbar_like=6 popup_like=12 empty_text=1 topbar_band=(0, 29, 392, 53) empty_text_vertical_cluster_detected=False accepted_popup_rows=0 popup_heuristic=candidate_count_below_threshold
2026-08-25 22:53:37.232 | INFO     | winwatt_automation.live_ui.menu_helpers:_menu_items:1101 - DBG_MENU_ITEMS_SUMMARY total_items=19 visible_items=19 topbar_band=(0, 0, 392, 402) topbar_band_visible_count=19 popup_region_visible_count=0 force_refresh=True handle=1117248
2026-08-25 22:53:37.232 | INFO     | winwatt_automation.live_ui.menu_helpers:_log_top_menu_popup_diagnostics:526 - DBG_MENU_EMPTY_TEXT_VERTICAL_CLUSTER detected=False accepted_popup_rows=0 reason=candidate_count_below_threshold topbar_band=(0, 29, 392, 53)
2026-08-25 22:53:37.232 | INFO     | winwatt_automation.live_ui.menu_helpers:_log_top_menu_popup_diagnostics:548 - DBG_TOP_MENU_CLICK_POPUP_DIAG title=Fájl total_visible_menuitems=19 topbar_band_menuitems=6 popup_region_menuitems=12 new_cluster_below_topbar=True visible_texts_under_title=['Végrehajtás', 'Végrehajtás', '', 'Végrehajtás', 'Végrehajtás', 'Végrehajtás', 'Végrehajtás', 'Végrehajtás', 'Megnyitás', 'Végrehajtás', 'Végrehajtás', 'Végrehajtás'] topbar_band=(0, 29, 392, 53) snapshot_row_count=19
2026-08-25 22:53:37.411 | INFO     | winwatt_automation.live_ui.menu_helpers:_menu_items:1101 - DBG_MENU_ITEMS_SUMMARY total_items=19 visible_items=19 topbar_band=(0, 0, 392, 402) topbar_band_visible_count=19 popup_region_visible_count=0 force_refresh=False handle=1117248
2026-08-25 22:53:37.427 | INFO     | winwatt_automation.live_ui.menu_helpers:_menu_row_from_wrapper:1545 - TEXT_EXTRACTION_FALLBACK_USED source=legacy_text confidence=medium rect={'left': 4, 'top': 56, 'right': 290, 'bottom': 84}
2026-08-25 22:53:37.428 | INFO     | winwatt_automation.live_ui.menu_helpers:_menu_row_from_wrapper:1545 - TEXT_EXTRACTION_FALLBACK_USED source=legacy_text confidence=medium rect={'left': 4, 'top': 84, 'right': 290, 'bottom': 112}
2026-08-25 22:53:37.444 | WARNING  | winwatt_automation.live_ui.menu_helpers:_menu_row_from_wrapper:1547 - TEXT_EXTRACTION_FAILED source_scope=main_window rect={'left': 4, 'top': 111, 'right': 290, 'bottom': 139}
2026-08-25 22:53:37.461 | INFO     | winwatt_automation.live_ui.menu_helpers:_menu_row_from_wrapper:1545 - TEXT_EXTRACTION_FALLBACK_USED source=legacy_text confidence=medium rect={'left': 4, 'top': 139, 'right': 290, 'bottom': 167}
2026-08-25 22:53:37.461 | INFO     | winwatt_automation.live_ui.menu_helpers:_menu_row_from_wrapper:1545 - TEXT_EXTRACTION_FALLBACK_USED source=legacy_text confidence=medium rect={'left': 4, 'top': 166, 'right': 290, 'bottom': 194}
2026-08-25 22:53:37.478 | INFO     | winwatt_automation.live_ui.menu_helpers:_menu_row_from_wrapper:1545 - TEXT_EXTRACTION_FALLBACK_USED source=legacy_text confidence=medium rect={'left': 4, 'top': 194, 'right': 290, 'bottom': 222}
2026-08-25 22:53:37.478 | INFO     | winwatt_automation.live_ui.menu_helpers:_menu_row_from_wrapper:1545 - TEXT_EXTRACTION_FALLBACK_USED source=legacy_text confidence=medium rect={'left': 4, 'top': 221, 'right': 290, 'bottom': 249}
2026-08-25 22:53:37.494 | INFO     | winwatt_automation.live_ui.menu_helpers:_menu_row_from_wrapper:1545 - TEXT_EXTRACTION_FALLBACK_USED source=legacy_text confidence=medium rect={'left': 4, 'top': 249, 'right': 290, 'bottom': 277}
2026-08-25 22:53:37.510 | INFO     | winwatt_automation.live_ui.menu_helpers:_menu_row_from_wrapper:1545 - TEXT_EXTRACTION_FALLBACK_USED source=legacy_text confidence=medium rect={'left': 4, 'top': 284, 'right': 290, 'bottom': 312}
2026-08-25 22:53:37.511 | INFO     | winwatt_automation.live_ui.menu_helpers:_menu_row_from_wrapper:1545 - TEXT_EXTRACTION_FALLBACK_USED source=legacy_text confidence=medium rect={'left': 4, 'top': 311, 'right': 290, 'bottom': 339}
2026-08-25 22:53:37.528 | INFO     | winwatt_automation.live_ui.menu_helpers:_menu_row_from_wrapper:1545 - TEXT_EXTRACTION_FALLBACK_USED source=legacy_text confidence=medium rect={'left': 4, 'top': 339, 'right': 290, 'bottom': 367}
2026-08-25 22:53:37.533 | INFO     | winwatt_automation.live_ui.menu_helpers:_menu_row_from_wrapper:1545 - TEXT_EXTRACTION_FALLBACK_USED source=legacy_text confidence=medium rect={'left': 4, 'top': 374, 'right': 290, 'bottom': 402}
2026-08-25 22:53:37.544 | INFO     | winwatt_automation.live_ui.menu_helpers:capture_menu_popup_snapshot:1724 - POPUP_SNAPSHOT_SUMMARY main_window_fragments=19 global_scan_fragments=0 deduped_fragments=19 topbar_like=6 popup_like=12 empty_text=1 topbar_band=(0, 29, 392, 53) empty_text_vertical_cluster_detected=False accepted_popup_rows=0 popup_heuristic=candidate_count_below_threshold
2026-08-25 22:53:38.528 | INFO     | winwatt_automation.live_ui.menu_helpers:_menu_items:1101 - DBG_MENU_ITEMS_SUMMARY total_items=19 visible_items=19 topbar_band=(0, 0, 392, 402) topbar_band_visible_count=19 popup_region_visible_count=0 force_refresh=True handle=1117248
2026-08-25 22:53:38.676 | INFO     | winwatt_automation.live_ui.menu_helpers:list_top_menu_items:1141 - Top-level menu items (raw): ['Rendszer', 'Fájl', 'Jegyzékek', 'Eszközök', 'Beállítások', 'Ablak', 'Súgó']
2026-08-25 22:53:38.676 | INFO     | winwatt_automation.runtime_mapping.program_mapper:_open_and_capture_root_menu:1532 - RECENT_PROJECT_BLOCK_SUMMARY state=project_open top_menu=Fájl attempt=1 popup_block_classification=normal_popup recent_projects_block=False stateful_menu_block=False accepted_rows=12 filtered_rows=12
2026-08-25 22:53:38.676 | INFO     | winwatt_automation.runtime_mapping.program_mapper:_open_and_capture_root_menu:1533 - DBG_WINWATT_NORMAL_MENU_OPEN_VALIDATED state=project_open top_menu=Fájl attempt=1 raw_row_count=19 popup_like_count=12 topbar_like_count=6
2026-08-25 22:53:38.676 | INFO     | winwatt_automation.runtime_mapping.program_mapper:_open_and_capture_root_menu:1542 - DBG_WINWATT_NORMAL_MENU_POPUP_ROWS_ACCEPTED state=project_open top_menu=Fájl attempt=1 accepted_row_count=12
2026-08-25 22:53:39.644 | INFO     | winwatt_automation.live_ui.menu_helpers:_menu_items:1101 - DBG_MENU_ITEMS_SUMMARY total_items=19 visible_items=19 topbar_band=(0, 0, 392, 402) topbar_band_visible_count=19 popup_region_visible_count=0 force_refresh=True handle=1117248
2026-08-25 22:53:39.833 | INFO     | winwatt_automation.live_ui.menu_helpers:list_top_menu_items:1141 - Top-level menu items (raw): ['Rendszer', 'Fájl', 'Jegyzékek', 'Eszközök', 'Beállítások', 'Ablak', 'Súgó']
2026-08-25 22:53:39.834 | INFO     | winwatt_automation.runtime_mapping.program_mapper:_open_and_capture_root_menu:1573 - DBG_WINWATT_NORMAL_MENU_OPEN_RESULT state=project_open top_menu=Fájl result_type=child_popup_opened raw_row_count=12 filtered_row_count=12 popup_like_count=12 topbar_like_count=0
2026-08-25 22:53:39.834 | INFO     | winwatt_automation.runtime_mapping.program_mapper:_open_and_capture_root_menu:1583 - DBG_WINWATT_NORMAL_MENU_POPUP_SUMMARY state=project_open top_menu=Fájl depth=1 rows=12 popup_like_count=12 topbar_like_count=0
2026-08-25 22:53:39.834 | INFO     | winwatt_automation.runtime_mapping.program_mapper:_build_menu_rows_from_popup_rows:1040 - DBG_MENU_BUILD_INPUT_ROW state=project_open top_menu=Fájl row_index=0 text='Végrehajtás' rectangle={'left': 4, 'top': 56, 'right': 290, 'bottom': 84} topbar_like=False popup_like=True source_scope=main_window fragments=0
2026-08-25 22:53:39.834 | INFO     | winwatt_automation.runtime_mapping.program_mapper:_build_menu_rows_from_popup_rows:1200 - DBG_WINWATT_NORMAL_MENU_ROW state=project_open top_menu=Fájl row_index=0 text='Végrehajtás' normalized_text=végrehajtás source_scope=main_window separator=False enabled_guess=True rectangle={'left': 4, 'top': 56, 'right': 290, 'bottom': 84} depth=1
2026-08-25 22:53:39.835 | INFO     | winwatt_automation.runtime_mapping.program_mapper:_build_menu_rows_from_popup_rows:1040 - DBG_MENU_BUILD_INPUT_ROW state=project_open top_menu=Fájl row_index=1 text='Végrehajtás' rectangle={'left': 4, 'top': 84, 'right': 290, 'bottom': 112} topbar_like=False popup_like=True source_scope=main_window fragments=0
2026-08-25 22:53:39.835 | INFO     | winwatt_automation.runtime_mapping.program_mapper:_build_menu_rows_from_popup_rows:1200 - DBG_WINWATT_NORMAL_MENU_ROW state=project_open top_menu=Fájl row_index=1 text='Végrehajtás' normalized_text=végrehajtás source_scope=main_window separator=False enabled_guess=True rectangle={'left': 4, 'top': 84, 'right': 290, 'bottom': 112} depth=1
2026-08-25 22:53:39.835 | INFO     | winwatt_automation.runtime_mapping.program_mapper:_build_menu_rows_from_popup_rows:1040 - DBG_MENU_BUILD_INPUT_ROW state=project_open top_menu=Fájl row_index=2 text='' rectangle={'left': 4, 'top': 111, 'right': 290, 'bottom': 139} topbar_like=False popup_like=True source_scope=main_window fragments=0
2026-08-25 22:53:39.835 | WARNING  | winwatt_automation.runtime_mapping.program_mapper:_resolve_row_text_with_fallback:687 - TEXT_EXTRACTION_FAILED row_index=2 source_scope=main_window fragment_count=0 rectangle={'left': 4, 'top': 111, 'right': 290, 'bottom': 139}
2026-08-25 22:53:39.835 | INFO     | winwatt_automation.runtime_mapping.program_mapper:_build_menu_rows_from_popup_rows:1100 - DBG_WINWATT_EMPTY_NORMALIZED_MENU_TITLE row_index=2 raw_text= normalized_text= is_separator=False source_scope=main_window control_type=MenuItem class_name= rectangle={'left': 4, 'top': 111, 'right': 290, 'bottom': 139} fragment_count=0 fragment_texts=[]
2026-08-25 22:53:39.835 | INFO     | winwatt_automation.runtime_mapping.program_mapper:_build_menu_rows_from_popup_rows:1145 - REPLACED_EMPTY_POPUP_ROW_WITH_PLACEHOLDER row_index=02
2026-08-25 22:53:39.835 | INFO     | winwatt_automation.runtime_mapping.program_mapper:_build_menu_rows_from_popup_rows:1149 - GEOM_PLACEHOLDER_CREATED row_index=02 rect={'left': 4, 'top': 111, 'right': 290, 'bottom': 139} popup_reason=below_topbar_band
2026-08-25 22:53:39.835 | INFO     | winwatt_automation.runtime_mapping.program_mapper:_build_menu_rows_from_popup_rows:1200 - DBG_WINWATT_NORMAL_MENU_ROW state=project_open top_menu=Fájl row_index=2 text='[unlabeled row 2]' normalized_text=[unlabeled row 2] source_scope=main_window separator=False enabled_guess=False rectangle={'left': 4, 'top': 111, 'right': 290, 'bottom': 139} depth=1
2026-08-25 22:53:39.839 | INFO     | winwatt_automation.runtime_mapping.program_mapper:_build_menu_rows_from_popup_rows:1040 - DBG_MENU_BUILD_INPUT_ROW state=project_open top_menu=Fájl row_index=3 text='Végrehajtás' rectangle={'left': 4, 'top': 139, 'right': 290, 'bottom': 167} topbar_like=False popup_like=True source_scope=main_window fragments=0
2026-08-25 22:53:39.839 | INFO     | winwatt_automation.runtime_mapping.program_mapper:_build_menu_rows_from_popup_rows:1200 - DBG_WINWATT_NORMAL_MENU_ROW state=project_open top_menu=Fájl row_index=3 text='Végrehajtás' normalized_text=végrehajtás source_scope=main_window separator=False enabled_guess=True rectangle={'left': 4, 'top': 139, 'right': 290, 'bottom': 167} depth=1
2026-08-25 22:53:39.839 | INFO     | winwatt_automation.runtime_mapping.program_mapper:_build_menu_rows_from_popup_rows:1040 - DBG_MENU_BUILD_INPUT_ROW state=project_open top_menu=Fájl row_index=4 text='Végrehajtás' rectangle={'left': 4, 'top': 166, 'right': 290, 'bottom': 194} topbar_like=False popup_like=True source_scope=main_window fragments=0
2026-08-25 22:53:39.839 | INFO     | winwatt_automation.runtime_mapping.program_mapper:_build_menu_rows_from_popup_rows:1200 - DBG_WINWATT_NORMAL_MENU_ROW state=project_open top_menu=Fájl row_index=4 text='Végrehajtás' normalized_text=végrehajtás source_scope=main_window separator=False enabled_guess=True rectangle={'left': 4, 'top': 166, 'right': 290, 'bottom': 194} depth=1
2026-08-25 22:53:39.839 | INFO     | winwatt_automation.runtime_mapping.program_mapper:_build_menu_rows_from_popup_rows:1040 - DBG_MENU_BUILD_INPUT_ROW state=project_open top_menu=Fájl row_index=5 text='Végrehajtás' rectangle={'left': 4, 'top': 194, 'right': 290, 'bottom': 222} topbar_like=False popup_like=True source_scope=main_window fragments=0
2026-08-25 22:53:39.840 | INFO     | winwatt_automation.runtime_mapping.program_mapper:_build_menu_rows_from_popup_rows:1200 - DBG_WINWATT_NORMAL_MENU_ROW state=project_open top_menu=Fájl row_index=5 text='Végrehajtás' normalized_text=végrehajtás source_scope=main_window separator=False enabled_guess=True rectangle={'left': 4, 'top': 194, 'right': 290, 'bottom': 222} depth=1
2026-08-25 22:53:39.840 | INFO     | winwatt_automation.runtime_mapping.program_mapper:_build_menu_rows_from_popup_rows:1040 - DBG_MENU_BUILD_INPUT_ROW state=project_open top_menu=Fájl row_index=6 text='Végrehajtás' rectangle={'left': 4, 'top': 221, 'right': 290, 'bottom': 249} topbar_like=False popup_like=True source_scope=main_window fragments=0
2026-08-25 22:53:39.840 | INFO     | winwatt_automation.runtime_mapping.program_mapper:_build_menu_rows_from_popup_rows:1200 - DBG_WINWATT_NORMAL_MENU_ROW state=project_open top_menu=Fájl row_index=6 text='Végrehajtás' normalized_text=végrehajtás source_scope=main_window separator=False enabled_guess=True rectangle={'left': 4, 'top': 221, 'right': 290, 'bottom': 249} depth=1
2026-08-25 22:53:39.840 | INFO     | winwatt_automation.runtime_mapping.program_mapper:_build_menu_rows_from_popup_rows:1040 - DBG_MENU_BUILD_INPUT_ROW state=project_open top_menu=Fájl row_index=7 text='Végrehajtás' rectangle={'left': 4, 'top': 249, 'right': 290, 'bottom': 277} topbar_like=False popup_like=True source_scope=main_window fragments=0
2026-08-25 22:53:39.840 | INFO     | winwatt_automation.runtime_mapping.program_mapper:_build_menu_rows_from_popup_rows:1200 - DBG_WINWATT_NORMAL_MENU_ROW state=project_open top_menu=Fájl row_index=7 text='Végrehajtás' normalized_text=végrehajtás source_scope=main_window separator=False enabled_guess=True rectangle={'left': 4, 'top': 249, 'right': 290, 'bottom': 277} depth=1
2026-08-25 22:53:39.840 | INFO     | winwatt_automation.runtime_mapping.program_mapper:_build_menu_rows_from_popup_rows:1040 - DBG_MENU_BUILD_INPUT_ROW state=project_open top_menu=Fájl row_index=8 text='Megnyitás' rectangle={'left': 4, 'top': 284, 'right': 290, 'bottom': 312} topbar_like=False popup_like=True source_scope=main_window fragments=0
2026-08-25 22:53:39.840 | INFO     | winwatt_automation.runtime_mapping.program_mapper:_build_menu_rows_from_popup_rows:1200 - DBG_WINWATT_NORMAL_MENU_ROW state=project_open top_menu=Fájl row_index=8 text='Megnyitás' normalized_text=megnyitás source_scope=main_window separator=False enabled_guess=True rectangle={'left': 4, 'top': 284, 'right': 290, 'bottom': 312} depth=1
2026-08-25 22:53:39.840 | INFO     | winwatt_automation.runtime_mapping.program_mapper:_build_menu_rows_from_popup_rows:1040 - DBG_MENU_BUILD_INPUT_ROW state=project_open top_menu=Fájl row_index=9 text='Végrehajtás' rectangle={'left': 4, 'top': 311, 'right': 290, 'bottom': 339} topbar_like=False popup_like=True source_scope=main_window fragments=0
2026-08-25 22:53:39.840 | INFO     | winwatt_automation.runtime_mapping.program_mapper:_build_menu_rows_from_popup_rows:1200 - DBG_WINWATT_NORMAL_MENU_ROW state=project_open top_menu=Fájl row_index=9 text='Végrehajtás' normalized_text=végrehajtás source_scope=main_window separator=False enabled_guess=True rectangle={'left': 4, 'top': 311, 'right': 290, 'bottom': 339} depth=1
2026-08-25 22:53:39.840 | INFO     | winwatt_automation.runtime_mapping.program_mapper:_build_menu_rows_from_popup_rows:1040 - DBG_MENU_BUILD_INPUT_ROW state=project_open top_menu=Fájl row_index=10 text='Végrehajtás' rectangle={'left': 4, 'top': 339, 'right': 290, 'bottom': 367} topbar_like=False popup_like=True source_scope=main_window fragments=0
2026-08-25 22:53:39.840 | INFO     | winwatt_automation.runtime_mapping.program_mapper:_build_menu_rows_from_popup_rows:1200 - DBG_WINWATT_NORMAL_MENU_ROW state=project_open top_menu=Fájl row_index=10 text='Végrehajtás' normalized_text=végrehajtás source_scope=main_window separator=False enabled_guess=True rectangle={'left': 4, 'top': 339, 'right': 290, 'bottom': 367} depth=1
2026-08-25 22:53:39.840 | INFO     | winwatt_automation.runtime_mapping.program_mapper:_build_menu_rows_from_popup_rows:1040 - DBG_MENU_BUILD_INPUT_ROW state=project_open top_menu=Fájl row_index=11 text='Végrehajtás' rectangle={'left': 4, 'top': 374, 'right': 290, 'bottom': 402} topbar_like=False popup_like=True source_scope=main_window fragments=0
2026-08-25 22:53:39.842 | INFO     | winwatt_automation.runtime_mapping.program_mapper:_build_menu_rows_from_popup_rows:1200 - DBG_WINWATT_NORMAL_MENU_ROW state=project_open top_menu=Fájl row_index=11 text='Végrehajtás' normalized_text=végrehajtás source_scope=main_window separator=False enabled_guess=True rectangle={'left': 4, 'top': 374, 'right': 290, 'bottom': 402} depth=1
2026-08-25 22:53:39.842 | INFO     | winwatt_automation.runtime_mapping.program_mapper:_build_menu_rows_from_popup_rows:1244 - MENU_ROW_BUILD_SUMMARY state=project_open top_menu=Fájl input_rows=12 mapped_rows=12 placeholders=1 filtered_overlap=0 filtered_empty_non_actionable=0 rejected_foreign_rows=0 deduped_rows=0
2026-08-25 22:53:39.842 | INFO     | winwatt_automation.runtime_mapping.program_mapper:explore_menu_tree:3681 - ACTION_CATALOG_INPUT_SUMMARY state=project_open top_menu=Fájl depth=1 candidate_rows=12 placeholders=1 low_or_none_confidence=1 legacy_text_only=11 unknown_pending=0
2026-08-25 22:53:41.018 | INFO     | winwatt_automation.live_ui.menu_helpers:_menu_items:1101 - DBG_MENU_ITEMS_SUMMARY total_items=19 visible_items=19 topbar_band=(0, 0, 392, 402) topbar_band_visible_count=19 popup_region_visible_count=0 force_refresh=True handle=1117248
2026-08-25 22:53:41.179 | INFO     | winwatt_automation.live_ui.menu_helpers:list_top_menu_items:1141 - Top-level menu items (raw): ['Rendszer', 'Fájl', 'Jegyzékek', 'Eszközök', 'Beállítások', 'Ablak', 'Súgó']
2026-08-25 22:53:41.179 | INFO     | winwatt_automation.runtime_mapping.program_mapper:_evaluate_action_admission:1969 - ACTION_ADMISSION_REJECTED top_menu=Fájl path=['Fájl', 'Végrehajtás'] traversal_depth=1 reason=unknown_legacy_popup_noise_suppressed classification=unknown result_type=no_observable_effect placeholder=False text_confidence=medium raw_text_sources=['legacy_text'] skip_reason=None
2026-08-25 22:53:41.179 | INFO     | winwatt_automation.runtime_mapping.program_mapper:_evaluate_action_admission:1982 - ACTION_STRUCTURE_ONLY_ROW top_menu=Fájl path=['Fájl', 'Végrehajtás'] traversal_depth=1 reason=unknown_legacy_popup_noise_suppressed
2026-08-25 22:53:42.190 | INFO     | winwatt_automation.live_ui.menu_helpers:_menu_items:1101 - DBG_MENU_ITEMS_SUMMARY total_items=19 visible_items=19 topbar_band=(0, 0, 392, 402) topbar_band_visible_count=19 popup_region_visible_count=0 force_refresh=True handle=1117248
2026-08-25 22:53:42.384 | INFO     | winwatt_automation.live_ui.menu_helpers:list_top_menu_items:1141 - Top-level menu items (raw): ['Rendszer', 'Fájl', 'Jegyzékek', 'Eszközök', 'Beállítások', 'Ablak', 'Súgó']
2026-08-25 22:53:42.385 | INFO     | winwatt_automation.runtime_mapping.program_mapper:_evaluate_action_admission:1969 - ACTION_ADMISSION_REJECTED top_menu=Fájl path=['Fájl', '[unlabeled row 2]'] traversal_depth=1 reason=disabled_menu_item classification=unknown result_type=no_observable_effect placeholder=True text_confidence=none raw_text_sources=[] skip_reason=None
2026-08-25 22:53:42.385 | INFO     | winwatt_automation.runtime_mapping.program_mapper:_evaluate_action_admission:1982 - ACTION_STRUCTURE_ONLY_ROW top_menu=Fájl path=['Fájl', '[unlabeled row 2]'] traversal_depth=1 reason=disabled_menu_item
2026-08-25 22:53:43.311 | INFO     | winwatt_automation.live_ui.menu_helpers:_menu_items:1101 - DBG_MENU_ITEMS_SUMMARY total_items=19 visible_items=19 topbar_band=(0, 0, 392, 402) topbar_band_visible_count=19 popup_region_visible_count=0 force_refresh=True handle=1117248
2026-08-25 22:53:43.461 | INFO     | winwatt_automation.live_ui.menu_helpers:list_top_menu_items:1141 - Top-level menu items (raw): ['Rendszer', 'Fájl', 'Jegyzékek', 'Eszközök', 'Beállítások', 'Ablak', 'Súgó']
2026-08-25 22:53:43.461 | INFO     | winwatt_automation.runtime_mapping.program_mapper:_evaluate_action_admission:1969 - ACTION_ADMISSION_REJECTED top_menu=Fájl path=['Fájl', 'Megnyitás'] traversal_depth=1 reason=unknown_legacy_popup_noise_suppressed classification=unknown result_type=no_observable_effect placeholder=False text_confidence=medium raw_text_sources=['legacy_text'] skip_reason=None
2026-08-25 22:53:43.461 | INFO     | winwatt_automation.runtime_mapping.program_mapper:_evaluate_action_admission:1982 - ACTION_STRUCTURE_ONLY_ROW top_menu=Fájl path=['Fájl', 'Megnyitás'] traversal_depth=1 reason=unknown_legacy_popup_noise_suppressed
2026-08-25 22:53:43.476 | INFO     | winwatt_automation.runtime_mapping.program_mapper:_log_phase_timing:279 - DBG_PHASE_TIMING phase=subtree_traversal elapsed_ms=3625.000 state_id=project_open top_menu=Fájl depth=1 rows=12 nodes=3 actions=3
2026-08-25 22:53:43.476 | INFO     | winwatt_automation.runtime_mapping.program_mapper:explore_menu_tree:4191 - ACTION_CATALOG_OUTPUT_SUMMARY state=project_open top_menu=Fájl depth=1 candidate_rows=12 probed_rows=0 admitted_after_probe=0 admitted_actions=0 still_structure_only=3 suppressed_unknown=0 placeholders_retained=1
2026-08-25 22:53:43.476 | INFO     | winwatt_automation.runtime_mapping.program_mapper:map_runtime_state:4349 - MAP_RUNTIME_STATE_MENU_RESULT state_id=project_open top_menu=Fájl rows=12 nodes=3 actions=3 dialogs=0 windows=0 catalog=0
2026-08-25 22:53:43.477 | INFO     | winwatt_automation.live_ui.app_connector:is_winwatt_foreground_context:1134 - DBG_WINWATT_FOREGROUND_CONTEXT expected_handle=1117248 expected_process_id=17216 expected_title=WinWatt gólya - C:\Users\Admin\Documents\GitHub\autowinwatt\winwatt_automation\tests\testwwp.wwp expected_class_name=TMainForm actual_foreground_handle=1117248 actual_foreground_process_id=17216 actual_foreground_title=WinWatt gólya - C:\Users\Admin\Documents\GitHub\autowinwatt\winwatt_automation\tests\testwwp.wwp actual_foreground_class_name=TMainForm allow_dialog=True result_reason=handle_match
2026-08-25 22:53:43.477 | INFO     | winwatt_automation.runtime_mapping.program_mapper:explore_menu_tree:3548 - POPUP_REUSE_REJECTED state=project_open top_menu=Jegyzékek normalized_parent=('jegyzékek',) popup_state_path=('fájl',) reason=state_path_mismatch
2026-08-25 22:53:43.945 | INFO     | winwatt_automation.live_ui.menu_helpers:_menu_items:1101 - DBG_MENU_ITEMS_SUMMARY total_items=19 visible_items=19 topbar_band=(0, 0, 392, 402) topbar_band_visible_count=19 popup_region_visible_count=0 force_refresh=False handle=1117248
2026-08-25 22:53:43.945 | INFO     | winwatt_automation.live_ui.menu_helpers:_menu_row_from_wrapper:1545 - TEXT_EXTRACTION_FALLBACK_USED source=legacy_text confidence=medium rect={'left': 4, 'top': 56, 'right': 290, 'bottom': 84}
2026-08-25 22:53:43.961 | INFO     | winwatt_automation.live_ui.menu_helpers:_menu_row_from_wrapper:1545 - TEXT_EXTRACTION_FALLBACK_USED source=legacy_text confidence=medium rect={'left': 4, 'top': 84, 'right': 290, 'bottom': 112}
2026-08-25 22:53:43.976 | WARNING  | winwatt_automation.live_ui.menu_helpers:_menu_row_from_wrapper:1547 - TEXT_EXTRACTION_FAILED source_scope=main_window rect={'left': 4, 'top': 111, 'right': 290, 'bottom': 139}
2026-08-25 22:53:43.981 | INFO     | winwatt_automation.live_ui.menu_helpers:_menu_row_from_wrapper:1545 - TEXT_EXTRACTION_FALLBACK_USED source=legacy_text confidence=medium rect={'left': 4, 'top': 139, 'right': 290, 'bottom': 167}
2026-08-25 22:53:44.005 | INFO     | winwatt_automation.live_ui.menu_helpers:_menu_row_from_wrapper:1545 - TEXT_EXTRACTION_FALLBACK_USED source=legacy_text confidence=medium rect={'left': 4, 'top': 166, 'right': 290, 'bottom': 194}
2026-08-25 22:53:44.016 | INFO     | winwatt_automation.live_ui.menu_helpers:_menu_row_from_wrapper:1545 - TEXT_EXTRACTION_FALLBACK_USED source=legacy_text confidence=medium rect={'left': 4, 'top': 194, 'right': 290, 'bottom': 222}
2026-08-25 22:53:44.030 | INFO     | winwatt_automation.live_ui.menu_helpers:_menu_row_from_wrapper:1545 - TEXT_EXTRACTION_FALLBACK_USED source=legacy_text confidence=medium rect={'left': 4, 'top': 221, 'right': 290, 'bottom': 249}
2026-08-25 22:53:44.041 | INFO     | winwatt_automation.live_ui.menu_helpers:_menu_row_from_wrapper:1545 - TEXT_EXTRACTION_FALLBACK_USED source=legacy_text confidence=medium rect={'left': 4, 'top': 249, 'right': 290, 'bottom': 277}
2026-08-25 22:53:44.056 | INFO     | winwatt_automation.live_ui.menu_helpers:_menu_row_from_wrapper:1545 - TEXT_EXTRACTION_FALLBACK_USED source=legacy_text confidence=medium rect={'left': 4, 'top': 284, 'right': 290, 'bottom': 312}
2026-08-25 22:53:44.062 | INFO     | winwatt_automation.live_ui.menu_helpers:_menu_row_from_wrapper:1545 - TEXT_EXTRACTION_FALLBACK_USED source=legacy_text confidence=medium rect={'left': 4, 'top': 311, 'right': 290, 'bottom': 339}
2026-08-25 22:53:44.062 | INFO     | winwatt_automation.live_ui.menu_helpers:_menu_row_from_wrapper:1545 - TEXT_EXTRACTION_FALLBACK_USED source=legacy_text confidence=medium rect={'left': 4, 'top': 339, 'right': 290, 'bottom': 367}
2026-08-25 22:53:44.078 | INFO     | winwatt_automation.live_ui.menu_helpers:_menu_row_from_wrapper:1545 - TEXT_EXTRACTION_FALLBACK_USED source=legacy_text confidence=medium rect={'left': 4, 'top': 374, 'right': 290, 'bottom': 402}
2026-08-25 22:53:44.256 | INFO     | winwatt_automation.live_ui.menu_helpers:capture_menu_popup_snapshot:1724 - POPUP_SNAPSHOT_SUMMARY main_window_fragments=19 global_scan_fragments=0 deduped_fragments=19 topbar_like=6 popup_like=12 empty_text=1 topbar_band=(0, 29, 392, 53) empty_text_vertical_cluster_detected=False accepted_popup_rows=0 popup_heuristic=candidate_count_below_threshold
2026-08-25 22:53:45.214 | INFO     | winwatt_automation.live_ui.menu_helpers:_menu_items:1101 - DBG_MENU_ITEMS_SUMMARY total_items=19 visible_items=19 topbar_band=(0, 0, 392, 402) topbar_band_visible_count=19 popup_region_visible_count=0 force_refresh=True handle=1117248
2026-08-25 22:53:45.361 | INFO     | winwatt_automation.live_ui.menu_helpers:list_top_menu_items:1141 - Top-level menu items (raw): ['Rendszer', 'Fájl', 'Jegyzékek', 'Eszközök', 'Beállítások', 'Ablak', 'Súgó']
2026-08-25 22:53:45.361 | INFO     | winwatt_automation.runtime_mapping.program_mapper:explore_menu_tree:3571 - RECENT_PROJECT_BLOCK_SUMMARY state=project_open top_menu=Jegyzékek attempt=0 popup_block_classification=normal_popup recent_projects_block=False stateful_menu_block=False accepted_rows=12 filtered_rows=12
2026-08-25 22:53:45.361 | INFO     | winwatt_automation.runtime_mapping.program_mapper:explore_menu_tree:3572 - DBG_REUSING_OPEN_POPUP_SNAPSHOT state=project_open top_menu=Jegyzékek row_count=19 popup_like_count=12 topbar_like_count=6 normalized_parent=('jegyzékek',) popup_state_path=('fájl',)
2026-08-25 22:53:45.377 | INFO     | winwatt_automation.runtime_mapping.program_mapper:explore_menu_tree:3582 - DBG_WINWATT_NORMAL_MENU_POPUP_ROWS_ACCEPTED state=project_open top_menu=Jegyzékek attempt=0 accepted_row_count=12
2026-08-25 22:53:45.377 | INFO     | winwatt_automation.runtime_mapping.program_mapper:_build_menu_rows_from_popup_rows:1040 - DBG_MENU_BUILD_INPUT_ROW state=project_open top_menu=Jegyzékek row_index=0 text='Végrehajtás' rectangle={'left': 4, 'top': 56, 'right': 290, 'bottom': 84} topbar_like=False popup_like=True source_scope=main_window fragments=0
2026-08-25 22:53:45.379 | INFO     | winwatt_automation.runtime_mapping.program_mapper:_build_menu_rows_from_popup_rows:1200 - DBG_WINWATT_NORMAL_MENU_ROW state=project_open top_menu=Jegyzékek row_index=0 text='Végrehajtás' normalized_text=végrehajtás source_scope=main_window separator=False enabled_guess=True rectangle={'left': 4, 'top': 56, 'right': 290, 'bottom': 84} depth=1
2026-08-25 22:53:45.379 | INFO     | winwatt_automation.runtime_mapping.program_mapper:_build_menu_rows_from_popup_rows:1040 - DBG_MENU_BUILD_INPUT_ROW state=project_open top_menu=Jegyzékek row_index=1 text='Végrehajtás' rectangle={'left': 4, 'top': 84, 'right': 290, 'bottom': 112} topbar_like=False popup_like=True source_scope=main_window fragments=0
2026-08-25 22:53:45.379 | INFO     | winwatt_automation.runtime_mapping.program_mapper:_build_menu_rows_from_popup_rows:1200 - DBG_WINWATT_NORMAL_MENU_ROW state=project_open top_menu=Jegyzékek row_index=1 text='Végrehajtás' normalized_text=végrehajtás source_scope=main_window separator=False enabled_guess=True rectangle={'left': 4, 'top': 84, 'right': 290, 'bottom': 112} depth=1
2026-08-25 22:53:45.379 | INFO     | winwatt_automation.runtime_mapping.program_mapper:_build_menu_rows_from_popup_rows:1040 - DBG_MENU_BUILD_INPUT_ROW state=project_open top_menu=Jegyzékek row_index=2 text='' rectangle={'left': 4, 'top': 111, 'right': 290, 'bottom': 139} topbar_like=False popup_like=True source_scope=main_window fragments=0
2026-08-25 22:53:45.379 | WARNING  | winwatt_automation.runtime_mapping.program_mapper:_resolve_row_text_with_fallback:687 - TEXT_EXTRACTION_FAILED row_index=2 source_scope=main_window fragment_count=0 rectangle={'left': 4, 'top': 111, 'right': 290, 'bottom': 139}
2026-08-25 22:53:45.379 | INFO     | winwatt_automation.runtime_mapping.program_mapper:_build_menu_rows_from_popup_rows:1100 - DBG_WINWATT_EMPTY_NORMALIZED_MENU_TITLE row_index=2 raw_text= normalized_text= is_separator=False source_scope=main_window control_type=MenuItem class_name= rectangle={'left': 4, 'top': 111, 'right': 290, 'bottom': 139} fragment_count=0 fragment_texts=[]
2026-08-25 22:53:45.379 | INFO     | winwatt_automation.runtime_mapping.program_mapper:_build_menu_rows_from_popup_rows:1145 - REPLACED_EMPTY_POPUP_ROW_WITH_PLACEHOLDER row_index=02
2026-08-25 22:53:45.379 | INFO     | winwatt_automation.runtime_mapping.program_mapper:_build_menu_rows_from_popup_rows:1149 - GEOM_PLACEHOLDER_CREATED row_index=02 rect={'left': 4, 'top': 111, 'right': 290, 'bottom': 139} popup_reason=below_topbar_band
2026-08-25 22:53:45.379 | INFO     | winwatt_automation.runtime_mapping.program_mapper:_build_menu_rows_from_popup_rows:1200 - DBG_WINWATT_NORMAL_MENU_ROW state=project_open top_menu=Jegyzékek row_index=2 text='[unlabeled row 2]' normalized_text=[unlabeled row 2] source_scope=main_window separator=False enabled_guess=False rectangle={'left': 4, 'top': 111, 'right': 290, 'bottom': 139} depth=1
2026-08-25 22:53:45.379 | INFO     | winwatt_automation.runtime_mapping.program_mapper:_build_menu_rows_from_popup_rows:1040 - DBG_MENU_BUILD_INPUT_ROW state=project_open top_menu=Jegyzékek row_index=3 text='Végrehajtás' rectangle={'left': 4, 'top': 139, 'right': 290, 'bottom': 167} topbar_like=False popup_like=True source_scope=main_window fragments=0
2026-08-25 22:53:45.379 | INFO     | winwatt_automation.runtime_mapping.program_mapper:_build_menu_rows_from_popup_rows:1200 - DBG_WINWATT_NORMAL_MENU_ROW state=project_open top_menu=Jegyzékek row_index=3 text='Végrehajtás' normalized_text=végrehajtás source_scope=main_window separator=False enabled_guess=True rectangle={'left': 4, 'top': 139, 'right': 290, 'bottom': 167} depth=1
2026-08-25 22:53:45.379 | INFO     | winwatt_automation.runtime_mapping.program_mapper:_build_menu_rows_from_popup_rows:1040 - DBG_MENU_BUILD_INPUT_ROW state=project_open top_menu=Jegyzékek row_index=4 text='Végrehajtás' rectangle={'left': 4, 'top': 166, 'right': 290, 'bottom': 194} topbar_like=False popup_like=True source_scope=main_window fragments=0
2026-08-25 22:53:45.379 | INFO     | winwatt_automation.runtime_mapping.program_mapper:_build_menu_rows_from_popup_rows:1200 - DBG_WINWATT_NORMAL_MENU_ROW state=project_open top_menu=Jegyzékek row_index=4 text='Végrehajtás' normalized_text=végrehajtás source_scope=main_window separator=False enabled_guess=True rectangle={'left': 4, 'top': 166, 'right': 290, 'bottom': 194} depth=1
2026-08-25 22:53:45.379 | INFO     | winwatt_automation.runtime_mapping.program_mapper:_build_menu_rows_from_popup_rows:1040 - DBG_MENU_BUILD_INPUT_ROW state=project_open top_menu=Jegyzékek row_index=5 text='Végrehajtás' rectangle={'left': 4, 'top': 194, 'right': 290, 'bottom': 222} topbar_like=False popup_like=True source_scope=main_window fragments=0
2026-08-25 22:53:45.379 | INFO     | winwatt_automation.runtime_mapping.program_mapper:_build_menu_rows_from_popup_rows:1200 - DBG_WINWATT_NORMAL_MENU_ROW state=project_open top_menu=Jegyzékek row_index=5 text='Végrehajtás' normalized_text=végrehajtás source_scope=main_window separator=False enabled_guess=True rectangle={'left': 4, 'top': 194, 'right': 290, 'bottom': 222} depth=1
2026-08-25 22:53:45.379 | INFO     | winwatt_automation.runtime_mapping.program_mapper:_build_menu_rows_from_popup_rows:1040 - DBG_MENU_BUILD_INPUT_ROW state=project_open top_menu=Jegyzékek row_index=6 text='Végrehajtás' rectangle={'left': 4, 'top': 221, 'right': 290, 'bottom': 249} topbar_like=False popup_like=True source_scope=main_window fragments=0
2026-08-25 22:53:45.379 | INFO     | winwatt_automation.runtime_mapping.program_mapper:_build_menu_rows_from_popup_rows:1200 - DBG_WINWATT_NORMAL_MENU_ROW state=project_open top_menu=Jegyzékek row_index=6 text='Végrehajtás' normalized_text=végrehajtás source_scope=main_window separator=False enabled_guess=True rectangle={'left': 4, 'top': 221, 'right': 290, 'bottom': 249} depth=1
2026-08-25 22:53:45.379 | INFO     | winwatt_automation.runtime_mapping.program_mapper:_build_menu_rows_from_popup_rows:1040 - DBG_MENU_BUILD_INPUT_ROW state=project_open top_menu=Jegyzékek row_index=7 text='Végrehajtás' rectangle={'left': 4, 'top': 249, 'right': 290, 'bottom': 277} topbar_like=False popup_like=True source_scope=main_window fragments=0
2026-08-25 22:53:45.379 | INFO     | winwatt_automation.runtime_mapping.program_mapper:_build_menu_rows_from_popup_rows:1200 - DBG_WINWATT_NORMAL_MENU_ROW state=project_open top_menu=Jegyzékek row_index=7 text='Végrehajtás' normalized_text=végrehajtás source_scope=main_window separator=False enabled_guess=True rectangle={'left': 4, 'top': 249, 'right': 290, 'bottom': 277} depth=1
2026-08-25 22:53:45.379 | INFO     | winwatt_automation.runtime_mapping.program_mapper:_build_menu_rows_from_popup_rows:1040 - DBG_MENU_BUILD_INPUT_ROW state=project_open top_menu=Jegyzékek row_index=8 text='Megnyitás' rectangle={'left': 4, 'top': 284, 'right': 290, 'bottom': 312} topbar_like=False popup_like=True source_scope=main_window fragments=0
2026-08-25 22:53:45.379 | INFO     | winwatt_automation.runtime_mapping.program_mapper:_build_menu_rows_from_popup_rows:1200 - DBG_WINWATT_NORMAL_MENU_ROW state=project_open top_menu=Jegyzékek row_index=8 text='Megnyitás' normalized_text=megnyitás source_scope=main_window separator=False enabled_guess=True rectangle={'left': 4, 'top': 284, 'right': 290, 'bottom': 312} depth=1
2026-08-25 22:53:45.379 | INFO     | winwatt_automation.runtime_mapping.program_mapper:_build_menu_rows_from_popup_rows:1040 - DBG_MENU_BUILD_INPUT_ROW state=project_open top_menu=Jegyzékek row_index=9 text='Végrehajtás' rectangle={'left': 4, 'top': 311, 'right': 290, 'bottom': 339} topbar_like=False popup_like=True source_scope=main_window fragments=0
2026-08-25 22:53:45.379 | INFO     | winwatt_automation.runtime_mapping.program_mapper:_build_menu_rows_from_popup_rows:1200 - DBG_WINWATT_NORMAL_MENU_ROW state=project_open top_menu=Jegyzékek row_index=9 text='Végrehajtás' normalized_text=végrehajtás source_scope=main_window separator=False enabled_guess=True rectangle={'left': 4, 'top': 311, 'right': 290, 'bottom': 339} depth=1
2026-08-25 22:53:45.379 | INFO     | winwatt_automation.runtime_mapping.program_mapper:_build_menu_rows_from_popup_rows:1040 - DBG_MENU_BUILD_INPUT_ROW state=project_open top_menu=Jegyzékek row_index=10 text='Végrehajtás' rectangle={'left': 4, 'top': 339, 'right': 290, 'bottom': 367} topbar_like=False popup_like=True source_scope=main_window fragments=0
2026-08-25 22:53:45.379 | INFO     | winwatt_automation.runtime_mapping.program_mapper:_build_menu_rows_from_popup_rows:1200 - DBG_WINWATT_NORMAL_MENU_ROW state=project_open top_menu=Jegyzékek row_index=10 text='Végrehajtás' normalized_text=végrehajtás source_scope=main_window separator=False enabled_guess=True rectangle={'left': 4, 'top': 339, 'right': 290, 'bottom': 367} depth=1
2026-08-25 22:53:45.379 | INFO     | winwatt_automation.runtime_mapping.program_mapper:_build_menu_rows_from_popup_rows:1040 - DBG_MENU_BUILD_INPUT_ROW state=project_open top_menu=Jegyzékek row_index=11 text='Végrehajtás' rectangle={'left': 4, 'top': 374, 'right': 290, 'bottom': 402} topbar_like=False popup_like=True source_scope=main_window fragments=0
2026-08-25 22:53:45.379 | INFO     | winwatt_automation.runtime_mapping.program_mapper:_build_menu_rows_from_popup_rows:1200 - DBG_WINWATT_NORMAL_MENU_ROW state=project_open top_menu=Jegyzékek row_index=11 text='Végrehajtás' normalized_text=végrehajtás source_scope=main_window separator=False enabled_guess=True rectangle={'left': 4, 'top': 374, 'right': 290, 'bottom': 402} depth=1
2026-08-25 22:53:45.379 | INFO     | winwatt_automation.runtime_mapping.program_mapper:_build_menu_rows_from_popup_rows:1244 - MENU_ROW_BUILD_SUMMARY state=project_open top_menu=Jegyzékek input_rows=12 mapped_rows=12 placeholders=1 filtered_overlap=0 filtered_empty_non_actionable=0 rejected_foreign_rows=0 deduped_rows=0
2026-08-25 22:53:45.379 | INFO     | winwatt_automation.runtime_mapping.program_mapper:explore_menu_tree:3681 - ACTION_CATALOG_INPUT_SUMMARY state=project_open top_menu=Jegyzékek depth=1 candidate_rows=12 placeholders=1 low_or_none_confidence=1 legacy_text_only=11 unknown_pending=0
2026-08-25 22:53:46.350 | INFO     | winwatt_automation.live_ui.menu_helpers:_menu_items:1101 - DBG_MENU_ITEMS_SUMMARY total_items=19 visible_items=19 topbar_band=(0, 0, 392, 402) topbar_band_visible_count=19 popup_region_visible_count=0 force_refresh=True handle=1117248
2026-08-25 22:53:46.511 | INFO     | winwatt_automation.live_ui.menu_helpers:list_top_menu_items:1141 - Top-level menu items (raw): ['Rendszer', 'Fájl', 'Jegyzékek', 'Eszközök', 'Beállítások', 'Ablak', 'Súgó']
2026-08-25 22:53:46.511 | INFO     | winwatt_automation.runtime_mapping.program_mapper:_evaluate_action_admission:1969 - ACTION_ADMISSION_REJECTED top_menu=Jegyzékek path=['Jegyzékek', 'Végrehajtás'] traversal_depth=1 reason=unknown_legacy_popup_noise_suppressed classification=unknown result_type=no_observable_effect placeholder=False text_confidence=medium raw_text_sources=['legacy_text'] skip_reason=None
2026-08-25 22:53:46.511 | INFO     | winwatt_automation.runtime_mapping.program_mapper:_evaluate_action_admission:1982 - ACTION_STRUCTURE_ONLY_ROW top_menu=Jegyzékek path=['Jegyzékek', 'Végrehajtás'] traversal_depth=1 reason=unknown_legacy_popup_noise_suppressed
2026-08-25 22:53:47.428 | INFO     | winwatt_automation.live_ui.menu_helpers:_menu_items:1101 - DBG_MENU_ITEMS_SUMMARY total_items=19 visible_items=19 topbar_band=(0, 0, 392, 402) topbar_band_visible_count=19 popup_region_visible_count=0 force_refresh=True handle=1117248
2026-08-25 22:53:47.594 | INFO     | winwatt_automation.live_ui.menu_helpers:list_top_menu_items:1141 - Top-level menu items (raw): ['Rendszer', 'Fájl', 'Jegyzékek', 'Eszközök', 'Beállítások', 'Ablak', 'Súgó']
2026-08-25 22:53:47.594 | INFO     | winwatt_automation.runtime_mapping.program_mapper:_evaluate_action_admission:1969 - ACTION_ADMISSION_REJECTED top_menu=Jegyzékek path=['Jegyzékek', '[unlabeled row 2]'] traversal_depth=1 reason=disabled_menu_item classification=unknown result_type=no_observable_effect placeholder=True text_confidence=none raw_text_sources=[] skip_reason=None
2026-08-25 22:53:47.594 | INFO     | winwatt_automation.runtime_mapping.program_mapper:_evaluate_action_admission:1982 - ACTION_STRUCTURE_ONLY_ROW top_menu=Jegyzékek path=['Jegyzékek', '[unlabeled row 2]'] traversal_depth=1 reason=disabled_menu_item
2026-08-25 22:53:48.528 | INFO     | winwatt_automation.live_ui.menu_helpers:_menu_items:1101 - DBG_MENU_ITEMS_SUMMARY total_items=19 visible_items=19 topbar_band=(0, 0, 392, 402) topbar_band_visible_count=19 popup_region_visible_count=0 force_refresh=True handle=1117248
2026-08-25 22:53:48.714 | INFO     | winwatt_automation.live_ui.menu_helpers:list_top_menu_items:1141 - Top-level menu items (raw): ['Rendszer', 'Fájl', 'Jegyzékek', 'Eszközök', 'Beállítások', 'Ablak', 'Súgó']
2026-08-25 22:53:48.714 | INFO     | winwatt_automation.runtime_mapping.program_mapper:_evaluate_action_admission:1969 - ACTION_ADMISSION_REJECTED top_menu=Jegyzékek path=['Jegyzékek', 'Megnyitás'] traversal_depth=1 reason=unknown_legacy_popup_noise_suppressed classification=unknown result_type=no_observable_effect placeholder=False text_confidence=medium raw_text_sources=['legacy_text'] skip_reason=None
2026-08-25 22:53:48.714 | INFO     | winwatt_automation.runtime_mapping.program_mapper:_evaluate_action_admission:1982 - ACTION_STRUCTURE_ONLY_ROW top_menu=Jegyzékek path=['Jegyzékek', 'Megnyitás'] traversal_depth=1 reason=unknown_legacy_popup_noise_suppressed
2026-08-25 22:53:48.714 | INFO     | winwatt_automation.runtime_mapping.program_mapper:_log_phase_timing:279 - DBG_PHASE_TIMING phase=subtree_traversal elapsed_ms=3328.000 state_id=project_open top_menu=Jegyzékek depth=1 rows=12 nodes=3 actions=3
2026-08-25 22:53:48.714 | INFO     | winwatt_automation.runtime_mapping.program_mapper:explore_menu_tree:4191 - ACTION_CATALOG_OUTPUT_SUMMARY state=project_open top_menu=Jegyzékek depth=1 candidate_rows=12 probed_rows=0 admitted_after_probe=0 admitted_actions=0 still_structure_only=3 suppressed_unknown=0 placeholders_retained=1
2026-08-25 22:53:48.714 | INFO     | winwatt_automation.runtime_mapping.program_mapper:map_runtime_state:4349 - MAP_RUNTIME_STATE_MENU_RESULT state_id=project_open top_menu=Jegyzékek rows=12 nodes=3 actions=3 dialogs=0 windows=0 catalog=0
2026-08-25 22:53:48.719 | INFO     | winwatt_automation.live_ui.app_connector:is_winwatt_foreground_context:1134 - DBG_WINWATT_FOREGROUND_CONTEXT expected_handle=1117248 expected_process_id=17216 expected_title=WinWatt gólya - C:\Users\Admin\Documents\GitHub\autowinwatt\winwatt_automation\tests\testwwp.wwp expected_class_name=TMainForm actual_foreground_handle=1117248 actual_foreground_process_id=17216 actual_foreground_title=WinWatt gólya - C:\Users\Admin\Documents\GitHub\autowinwatt\winwatt_automation\tests\testwwp.wwp actual_foreground_class_name=TMainForm allow_dialog=True result_reason=handle_match
2026-08-25 22:53:48.722 | WARNING  | winwatt_automation.runtime_mapping.program_mapper:map_runtime_state:4311 - MAP_RUNTIME_STATE_MENU_SKIPPED state_id=project_open requested_menu=adatbázis reason=not_found_in_canonical available=['Rendszer', 'Fájl', 'Jegyzékek', 'Eszközök', 'Beállítások', 'Ablak', 'Súgó']
2026-08-25 22:53:48.722 | INFO     | winwatt_automation.runtime_mapping.program_mapper:explore_menu_tree:3548 - POPUP_REUSE_REJECTED state=project_open top_menu=Beállítások normalized_parent=('beállítások',) popup_state_path=('jegyzékek',) reason=state_path_mismatch
2026-08-25 22:53:49.182 | INFO     | winwatt_automation.live_ui.menu_helpers:_menu_items:1101 - DBG_MENU_ITEMS_SUMMARY total_items=19 visible_items=19 topbar_band=(0, 0, 392, 402) topbar_band_visible_count=19 popup_region_visible_count=0 force_refresh=False handle=1117248
2026-08-25 22:53:49.182 | INFO     | winwatt_automation.live_ui.menu_helpers:_menu_row_from_wrapper:1545 - TEXT_EXTRACTION_FALLBACK_USED source=legacy_text confidence=medium rect={'left': 4, 'top': 56, 'right': 290, 'bottom': 84}
2026-08-25 22:53:49.214 | INFO     | winwatt_automation.live_ui.menu_helpers:_menu_row_from_wrapper:1545 - TEXT_EXTRACTION_FALLBACK_USED source=legacy_text confidence=medium rect={'left': 4, 'top': 84, 'right': 290, 'bottom': 112}
2026-08-25 22:53:49.216 | WARNING  | winwatt_automation.live_ui.menu_helpers:_menu_row_from_wrapper:1547 - TEXT_EXTRACTION_FAILED source_scope=main_window rect={'left': 4, 'top': 111, 'right': 290, 'bottom': 139}
2026-08-25 22:53:49.229 | INFO     | winwatt_automation.live_ui.menu_helpers:_menu_row_from_wrapper:1545 - TEXT_EXTRACTION_FALLBACK_USED source=legacy_text confidence=medium rect={'left': 4, 'top': 139, 'right': 290, 'bottom': 167}
2026-08-25 22:53:49.244 | INFO     | winwatt_automation.live_ui.menu_helpers:_menu_row_from_wrapper:1545 - TEXT_EXTRACTION_FALLBACK_USED source=legacy_text confidence=medium rect={'left': 4, 'top': 166, 'right': 290, 'bottom': 194}
2026-08-25 22:53:49.244 | INFO     | winwatt_automation.live_ui.menu_helpers:_menu_row_from_wrapper:1545 - TEXT_EXTRACTION_FALLBACK_USED source=legacy_text confidence=medium rect={'left': 4, 'top': 194, 'right': 290, 'bottom': 222}
2026-08-25 22:53:49.261 | INFO     | winwatt_automation.live_ui.menu_helpers:_menu_row_from_wrapper:1545 - TEXT_EXTRACTION_FALLBACK_USED source=legacy_text confidence=medium rect={'left': 4, 'top': 221, 'right': 290, 'bottom': 249}
2026-08-25 22:53:49.261 | INFO     | winwatt_automation.live_ui.menu_helpers:_menu_row_from_wrapper:1545 - TEXT_EXTRACTION_FALLBACK_USED source=legacy_text confidence=medium rect={'left': 4, 'top': 249, 'right': 290, 'bottom': 277}
2026-08-25 22:53:49.278 | INFO     | winwatt_automation.live_ui.menu_helpers:_menu_row_from_wrapper:1545 - TEXT_EXTRACTION_FALLBACK_USED source=legacy_text confidence=medium rect={'left': 4, 'top': 284, 'right': 290, 'bottom': 312}
2026-08-25 22:53:49.278 | INFO     | winwatt_automation.live_ui.menu_helpers:_menu_row_from_wrapper:1545 - TEXT_EXTRACTION_FALLBACK_USED source=legacy_text confidence=medium rect={'left': 4, 'top': 311, 'right': 290, 'bottom': 339}
2026-08-25 22:53:49.294 | INFO     | winwatt_automation.live_ui.menu_helpers:_menu_row_from_wrapper:1545 - TEXT_EXTRACTION_FALLBACK_USED source=legacy_text confidence=medium rect={'left': 4, 'top': 339, 'right': 290, 'bottom': 367}
2026-08-25 22:53:49.294 | INFO     | winwatt_automation.live_ui.menu_helpers:_menu_row_from_wrapper:1545 - TEXT_EXTRACTION_FALLBACK_USED source=legacy_text confidence=medium rect={'left': 4, 'top': 374, 'right': 290, 'bottom': 402}
2026-08-25 22:53:49.461 | INFO     | winwatt_automation.live_ui.menu_helpers:capture_menu_popup_snapshot:1724 - POPUP_SNAPSHOT_SUMMARY main_window_fragments=19 global_scan_fragments=0 deduped_fragments=19 topbar_like=6 popup_like=12 empty_text=1 topbar_band=(0, 29, 392, 53) empty_text_vertical_cluster_detected=False accepted_popup_rows=0 popup_heuristic=candidate_count_below_threshold
2026-08-25 22:53:50.611 | INFO     | winwatt_automation.live_ui.menu_helpers:_menu_items:1101 - DBG_MENU_ITEMS_SUMMARY total_items=19 visible_items=19 topbar_band=(0, 0, 392, 402) topbar_band_visible_count=19 popup_region_visible_count=0 force_refresh=True handle=1117248
2026-08-25 22:53:50.785 | INFO     | winwatt_automation.live_ui.menu_helpers:list_top_menu_items:1141 - Top-level menu items (raw): ['Rendszer', 'Fájl', 'Jegyzékek', 'Eszközök', 'Beállítások', 'Ablak', 'Súgó']
2026-08-25 22:53:50.785 | INFO     | winwatt_automation.runtime_mapping.program_mapper:explore_menu_tree:3571 - RECENT_PROJECT_BLOCK_SUMMARY state=project_open top_menu=Beállítások attempt=0 popup_block_classification=normal_popup recent_projects_block=False stateful_menu_block=False accepted_rows=12 filtered_rows=12
2026-08-25 22:53:50.785 | INFO     | winwatt_automation.runtime_mapping.program_mapper:explore_menu_tree:3572 - DBG_REUSING_OPEN_POPUP_SNAPSHOT state=project_open top_menu=Beállítások row_count=19 popup_like_count=12 topbar_like_count=6 normalized_parent=('beállítások',) popup_state_path=('jegyzékek',)
2026-08-25 22:53:50.785 | INFO     | winwatt_automation.runtime_mapping.program_mapper:explore_menu_tree:3582 - DBG_WINWATT_NORMAL_MENU_POPUP_ROWS_ACCEPTED state=project_open top_menu=Beállítások attempt=0 accepted_row_count=12
2026-08-25 22:53:50.785 | INFO     | winwatt_automation.runtime_mapping.program_mapper:_build_menu_rows_from_popup_rows:1040 - DBG_MENU_BUILD_INPUT_ROW state=project_open top_menu=Beállítások row_index=0 text='Végrehajtás' rectangle={'left': 4, 'top': 56, 'right': 290, 'bottom': 84} topbar_like=False popup_like=True source_scope=main_window fragments=0
2026-08-25 22:53:50.785 | INFO     | winwatt_automation.runtime_mapping.program_mapper:_build_menu_rows_from_popup_rows:1200 - DBG_WINWATT_NORMAL_MENU_ROW state=project_open top_menu=Beállítások row_index=0 text='Végrehajtás' normalized_text=végrehajtás source_scope=main_window separator=False enabled_guess=True rectangle={'left': 4, 'top': 56, 'right': 290, 'bottom': 84} depth=1
2026-08-25 22:53:50.785 | INFO     | winwatt_automation.runtime_mapping.program_mapper:_build_menu_rows_from_popup_rows:1040 - DBG_MENU_BUILD_INPUT_ROW state=project_open top_menu=Beállítások row_index=1 text='Végrehajtás' rectangle={'left': 4, 'top': 84, 'right': 290, 'bottom': 112} topbar_like=False popup_like=True source_scope=main_window fragments=0
2026-08-25 22:53:50.785 | INFO     | winwatt_automation.runtime_mapping.program_mapper:_build_menu_rows_from_popup_rows:1200 - DBG_WINWATT_NORMAL_MENU_ROW state=project_open top_menu=Beállítások row_index=1 text='Végrehajtás' normalized_text=végrehajtás source_scope=main_window separator=False enabled_guess=True rectangle={'left': 4, 'top': 84, 'right': 290, 'bottom': 112} depth=1
2026-08-25 22:53:50.785 | INFO     | winwatt_automation.runtime_mapping.program_mapper:_build_menu_rows_from_popup_rows:1040 - DBG_MENU_BUILD_INPUT_ROW state=project_open top_menu=Beállítások row_index=2 text='' rectangle={'left': 4, 'top': 111, 'right': 290, 'bottom': 139} topbar_like=False popup_like=True source_scope=main_window fragments=0
2026-08-25 22:53:50.785 | WARNING  | winwatt_automation.runtime_mapping.program_mapper:_resolve_row_text_with_fallback:687 - TEXT_EXTRACTION_FAILED row_index=2 source_scope=main_window fragment_count=0 rectangle={'left': 4, 'top': 111, 'right': 290, 'bottom': 139}
2026-08-25 22:53:50.785 | INFO     | winwatt_automation.runtime_mapping.program_mapper:_build_menu_rows_from_popup_rows:1100 - DBG_WINWATT_EMPTY_NORMALIZED_MENU_TITLE row_index=2 raw_text= normalized_text= is_separator=False source_scope=main_window control_type=MenuItem class_name= rectangle={'left': 4, 'top': 111, 'right': 290, 'bottom': 139} fragment_count=0 fragment_texts=[]
2026-08-25 22:53:50.785 | INFO     | winwatt_automation.runtime_mapping.program_mapper:_build_menu_rows_from_popup_rows:1145 - REPLACED_EMPTY_POPUP_ROW_WITH_PLACEHOLDER row_index=02
2026-08-25 22:53:50.785 | INFO     | winwatt_automation.runtime_mapping.program_mapper:_build_menu_rows_from_popup_rows:1149 - GEOM_PLACEHOLDER_CREATED row_index=02 rect={'left': 4, 'top': 111, 'right': 290, 'bottom': 139} popup_reason=below_topbar_band
2026-08-25 22:53:50.785 | INFO     | winwatt_automation.runtime_mapping.program_mapper:_build_menu_rows_from_popup_rows:1200 - DBG_WINWATT_NORMAL_MENU_ROW state=project_open top_menu=Beállítások row_index=2 text='[unlabeled row 2]' normalized_text=[unlabeled row 2] source_scope=main_window separator=False enabled_guess=False rectangle={'left': 4, 'top': 111, 'right': 290, 'bottom': 139} depth=1
2026-08-25 22:53:50.785 | INFO     | winwatt_automation.runtime_mapping.program_mapper:_build_menu_rows_from_popup_rows:1040 - DBG_MENU_BUILD_INPUT_ROW state=project_open top_menu=Beállítások row_index=3 text='Végrehajtás' rectangle={'left': 4, 'top': 139, 'right': 290, 'bottom': 167} topbar_like=False popup_like=True source_scope=main_window fragments=0
2026-08-25 22:53:50.785 | INFO     | winwatt_automation.runtime_mapping.program_mapper:_build_menu_rows_from_popup_rows:1200 - DBG_WINWATT_NORMAL_MENU_ROW state=project_open top_menu=Beállítások row_index=3 text='Végrehajtás' normalized_text=végrehajtás source_scope=main_window separator=False enabled_guess=True rectangle={'left': 4, 'top': 139, 'right': 290, 'bottom': 167} depth=1
2026-08-25 22:53:50.794 | INFO     | winwatt_automation.runtime_mapping.program_mapper:_build_menu_rows_from_popup_rows:1040 - DBG_MENU_BUILD_INPUT_ROW state=project_open top_menu=Beállítások row_index=4 text='Végrehajtás' rectangle={'left': 4, 'top': 166, 'right': 290, 'bottom': 194} topbar_like=False popup_like=True source_scope=main_window fragments=0
2026-08-25 22:53:50.794 | INFO     | winwatt_automation.runtime_mapping.program_mapper:_build_menu_rows_from_popup_rows:1200 - DBG_WINWATT_NORMAL_MENU_ROW state=project_open top_menu=Beállítások row_index=4 text='Végrehajtás' normalized_text=végrehajtás source_scope=main_window separator=False enabled_guess=True rectangle={'left': 4, 'top': 166, 'right': 290, 'bottom': 194} depth=1
2026-08-25 22:53:50.794 | INFO     | winwatt_automation.runtime_mapping.program_mapper:_build_menu_rows_from_popup_rows:1040 - DBG_MENU_BUILD_INPUT_ROW state=project_open top_menu=Beállítások row_index=5 text='Végrehajtás' rectangle={'left': 4, 'top': 194, 'right': 290, 'bottom': 222} topbar_like=False popup_like=True source_scope=main_window fragments=0
2026-08-25 22:53:50.794 | INFO     | winwatt_automation.runtime_mapping.program_mapper:_build_menu_rows_from_popup_rows:1200 - DBG_WINWATT_NORMAL_MENU_ROW state=project_open top_menu=Beállítások row_index=5 text='Végrehajtás' normalized_text=végrehajtás source_scope=main_window separator=False enabled_guess=True rectangle={'left': 4, 'top': 194, 'right': 290, 'bottom': 222} depth=1
2026-08-25 22:53:50.794 | INFO     | winwatt_automation.runtime_mapping.program_mapper:_build_menu_rows_from_popup_rows:1040 - DBG_MENU_BUILD_INPUT_ROW state=project_open top_menu=Beállítások row_index=6 text='Végrehajtás' rectangle={'left': 4, 'top': 221, 'right': 290, 'bottom': 249} topbar_like=False popup_like=True source_scope=main_window fragments=0
2026-08-25 22:53:50.794 | INFO     | winwatt_automation.runtime_mapping.program_mapper:_build_menu_rows_from_popup_rows:1200 - DBG_WINWATT_NORMAL_MENU_ROW state=project_open top_menu=Beállítások row_index=6 text='Végrehajtás' normalized_text=végrehajtás source_scope=main_window separator=False enabled_guess=True rectangle={'left': 4, 'top': 221, 'right': 290, 'bottom': 249} depth=1
2026-08-25 22:53:50.794 | INFO     | winwatt_automation.runtime_mapping.program_mapper:_build_menu_rows_from_popup_rows:1040 - DBG_MENU_BUILD_INPUT_ROW state=project_open top_menu=Beállítások row_index=7 text='Végrehajtás' rectangle={'left': 4, 'top': 249, 'right': 290, 'bottom': 277} topbar_like=False popup_like=True source_scope=main_window fragments=0
2026-08-25 22:53:50.794 | INFO     | winwatt_automation.runtime_mapping.program_mapper:_build_menu_rows_from_popup_rows:1200 - DBG_WINWATT_NORMAL_MENU_ROW state=project_open top_menu=Beállítások row_index=7 text='Végrehajtás' normalized_text=végrehajtás source_scope=main_window separator=False enabled_guess=True rectangle={'left': 4, 'top': 249, 'right': 290, 'bottom': 277} depth=1
2026-08-25 22:53:50.794 | INFO     | winwatt_automation.runtime_mapping.program_mapper:_build_menu_rows_from_popup_rows:1040 - DBG_MENU_BUILD_INPUT_ROW state=project_open top_menu=Beállítások row_index=8 text='Megnyitás' rectangle={'left': 4, 'top': 284, 'right': 290, 'bottom': 312} topbar_like=False popup_like=True source_scope=main_window fragments=0
2026-08-25 22:53:50.794 | INFO     | winwatt_automation.runtime_mapping.program_mapper:_build_menu_rows_from_popup_rows:1200 - DBG_WINWATT_NORMAL_MENU_ROW state=project_open top_menu=Beállítások row_index=8 text='Megnyitás' normalized_text=megnyitás source_scope=main_window separator=False enabled_guess=True rectangle={'left': 4, 'top': 284, 'right': 290, 'bottom': 312} depth=1
2026-08-25 22:53:50.794 | INFO     | winwatt_automation.runtime_mapping.program_mapper:_build_menu_rows_from_popup_rows:1040 - DBG_MENU_BUILD_INPUT_ROW state=project_open top_menu=Beállítások row_index=9 text='Végrehajtás' rectangle={'left': 4, 'top': 311, 'right': 290, 'bottom': 339} topbar_like=False popup_like=True source_scope=main_window fragments=0
2026-08-25 22:53:50.794 | INFO     | winwatt_automation.runtime_mapping.program_mapper:_build_menu_rows_from_popup_rows:1200 - DBG_WINWATT_NORMAL_MENU_ROW state=project_open top_menu=Beállítások row_index=9 text='Végrehajtás' normalized_text=végrehajtás source_scope=main_window separator=False enabled_guess=True rectangle={'left': 4, 'top': 311, 'right': 290, 'bottom': 339} depth=1
2026-08-25 22:53:50.794 | INFO     | winwatt_automation.runtime_mapping.program_mapper:_build_menu_rows_from_popup_rows:1040 - DBG_MENU_BUILD_INPUT_ROW state=project_open top_menu=Beállítások row_index=10 text='Végrehajtás' rectangle={'left': 4, 'top': 339, 'right': 290, 'bottom': 367} topbar_like=False popup_like=True source_scope=main_window fragments=0
2026-08-25 22:53:50.797 | INFO     | winwatt_automation.runtime_mapping.program_mapper:_build_menu_rows_from_popup_rows:1200 - DBG_WINWATT_NORMAL_MENU_ROW state=project_open top_menu=Beállítások row_index=10 text='Végrehajtás' normalized_text=végrehajtás source_scope=main_window separator=False enabled_guess=True rectangle={'left': 4, 'top': 339, 'right': 290, 'bottom': 367} depth=1
2026-08-25 22:53:50.797 | INFO     | winwatt_automation.runtime_mapping.program_mapper:_build_menu_rows_from_popup_rows:1040 - DBG_MENU_BUILD_INPUT_ROW state=project_open top_menu=Beállítások row_index=11 text='Végrehajtás' rectangle={'left': 4, 'top': 374, 'right': 290, 'bottom': 402} topbar_like=False popup_like=True source_scope=main_window fragments=0
2026-08-25 22:53:50.797 | INFO     | winwatt_automation.runtime_mapping.program_mapper:_build_menu_rows_from_popup_rows:1200 - DBG_WINWATT_NORMAL_MENU_ROW state=project_open top_menu=Beállítások row_index=11 text='Végrehajtás' normalized_text=végrehajtás source_scope=main_window separator=False enabled_guess=True rectangle={'left': 4, 'top': 374, 'right': 290, 'bottom': 402} depth=1
2026-08-25 22:53:50.797 | INFO     | winwatt_automation.runtime_mapping.program_mapper:_build_menu_rows_from_popup_rows:1244 - MENU_ROW_BUILD_SUMMARY state=project_open top_menu=Beállítások input_rows=12 mapped_rows=12 placeholders=1 filtered_overlap=0 filtered_empty_non_actionable=0 rejected_foreign_rows=0 deduped_rows=0
2026-08-25 22:53:50.797 | INFO     | winwatt_automation.runtime_mapping.program_mapper:explore_menu_tree:3681 - ACTION_CATALOG_INPUT_SUMMARY state=project_open top_menu=Beállítások depth=1 candidate_rows=12 placeholders=1 low_or_none_confidence=1 legacy_text_only=11 unknown_pending=0
2026-08-25 22:53:51.744 | INFO     | winwatt_automation.live_ui.menu_helpers:_menu_items:1101 - DBG_MENU_ITEMS_SUMMARY total_items=19 visible_items=19 topbar_band=(0, 0, 392, 402) topbar_band_visible_count=19 popup_region_visible_count=0 force_refresh=True handle=1117248
2026-08-25 22:53:51.894 | INFO     | winwatt_automation.live_ui.menu_helpers:list_top_menu_items:1141 - Top-level menu items (raw): ['Rendszer', 'Fájl', 'Jegyzékek', 'Eszközök', 'Beállítások', 'Ablak', 'Súgó']
2026-08-25 22:53:51.894 | INFO     | winwatt_automation.runtime_mapping.program_mapper:_evaluate_action_admission:1969 - ACTION_ADMISSION_REJECTED top_menu=Beállítások path=['Beállítások', 'Végrehajtás'] traversal_depth=1 reason=unknown_legacy_popup_noise_suppressed classification=unknown result_type=no_observable_effect placeholder=False text_confidence=medium raw_text_sources=['legacy_text'] skip_reason=None
2026-08-25 22:53:51.894 | INFO     | winwatt_automation.runtime_mapping.program_mapper:_evaluate_action_admission:1982 - ACTION_STRUCTURE_ONLY_ROW top_menu=Beállítások path=['Beállítások', 'Végrehajtás'] traversal_depth=1 reason=unknown_legacy_popup_noise_suppressed
2026-08-25 22:53:52.928 | INFO     | winwatt_automation.live_ui.menu_helpers:_menu_items:1101 - DBG_MENU_ITEMS_SUMMARY total_items=19 visible_items=19 topbar_band=(0, 0, 392, 402) topbar_band_visible_count=19 popup_region_visible_count=0 force_refresh=True handle=1117248
2026-08-25 22:53:53.094 | INFO     | winwatt_automation.live_ui.menu_helpers:list_top_menu_items:1141 - Top-level menu items (raw): ['Rendszer', 'Fájl', 'Jegyzékek', 'Eszközök', 'Beállítások', 'Ablak', 'Súgó']
2026-08-25 22:53:53.111 | INFO     | winwatt_automation.runtime_mapping.program_mapper:_evaluate_action_admission:1969 - ACTION_ADMISSION_REJECTED top_menu=Beállítások path=['Beállítások', '[unlabeled row 2]'] traversal_depth=1 reason=disabled_menu_item classification=unknown result_type=no_observable_effect placeholder=True text_confidence=none raw_text_sources=[] skip_reason=None
2026-08-25 22:53:53.111 | INFO     | winwatt_automation.runtime_mapping.program_mapper:_evaluate_action_admission:1982 - ACTION_STRUCTURE_ONLY_ROW top_menu=Beállítások path=['Beállítások', '[unlabeled row 2]'] traversal_depth=1 reason=disabled_menu_item
2026-08-25 22:53:54.046 | INFO     | winwatt_automation.live_ui.menu_helpers:_menu_items:1101 - DBG_MENU_ITEMS_SUMMARY total_items=19 visible_items=19 topbar_band=(0, 0, 392, 402) topbar_band_visible_count=19 popup_region_visible_count=0 force_refresh=True handle=1117248
2026-08-25 22:53:54.237 | INFO     | winwatt_automation.live_ui.menu_helpers:list_top_menu_items:1141 - Top-level menu items (raw): ['Rendszer', 'Fájl', 'Jegyzékek', 'Eszközök', 'Beállítások', 'Ablak', 'Súgó']
2026-08-25 22:53:54.238 | INFO     | winwatt_automation.runtime_mapping.program_mapper:_evaluate_action_admission:1969 - ACTION_ADMISSION_REJECTED top_menu=Beállítások path=['Beállítások', 'Megnyitás'] traversal_depth=1 reason=unknown_legacy_popup_noise_suppressed classification=unknown result_type=no_observable_effect placeholder=False text_confidence=medium raw_text_sources=['legacy_text'] skip_reason=None
2026-08-25 22:53:54.238 | INFO     | winwatt_automation.runtime_mapping.program_mapper:_evaluate_action_admission:1982 - ACTION_STRUCTURE_ONLY_ROW top_menu=Beállítások path=['Beállítások', 'Megnyitás'] traversal_depth=1 reason=unknown_legacy_popup_noise_suppressed
2026-08-25 22:53:54.238 | INFO     | winwatt_automation.runtime_mapping.program_mapper:_log_phase_timing:279 - DBG_PHASE_TIMING phase=subtree_traversal elapsed_ms=3437.000 state_id=project_open top_menu=Beállítások depth=1 rows=12 nodes=3 actions=3
2026-08-25 22:53:54.238 | INFO     | winwatt_automation.runtime_mapping.program_mapper:explore_menu_tree:4191 - ACTION_CATALOG_OUTPUT_SUMMARY state=project_open top_menu=Beállítások depth=1 candidate_rows=12 probed_rows=0 admitted_after_probe=0 admitted_actions=0 still_structure_only=3 suppressed_unknown=0 placeholders_retained=1
2026-08-25 22:53:54.239 | INFO     | winwatt_automation.runtime_mapping.program_mapper:map_runtime_state:4349 - MAP_RUNTIME_STATE_MENU_RESULT state_id=project_open top_menu=Beállítások rows=12 nodes=3 actions=3 dialogs=0 windows=0 catalog=0
2026-08-25 22:53:54.245 | INFO     | winwatt_automation.live_ui.app_connector:is_winwatt_foreground_context:1134 - DBG_WINWATT_FOREGROUND_CONTEXT expected_handle=1117248 expected_process_id=17216 expected_title=WinWatt gólya - C:\Users\Admin\Documents\GitHub\autowinwatt\winwatt_automation\tests\testwwp.wwp expected_class_name=TMainForm actual_foreground_handle=1117248 actual_foreground_process_id=17216 actual_foreground_title=WinWatt gólya - C:\Users\Admin\Documents\GitHub\autowinwatt\winwatt_automation\tests\testwwp.wwp actual_foreground_class_name=TMainForm allow_dialog=True result_reason=handle_match
2026-08-25 22:53:54.245 | INFO     | winwatt_automation.runtime_mapping.program_mapper:explore_menu_tree:3548 - POPUP_REUSE_REJECTED state=project_open top_menu=Ablak normalized_parent=('ablak',) popup_state_path=('beállítások',) reason=state_path_mismatch
2026-08-25 22:53:55.578 | INFO     | winwatt_automation.live_ui.menu_helpers:_menu_items:1101 - DBG_MENU_ITEMS_SUMMARY total_items=19 visible_items=19 topbar_band=(0, 0, 392, 402) topbar_band_visible_count=19 popup_region_visible_count=0 force_refresh=False handle=1117248
2026-08-25 22:53:55.578 | INFO     | winwatt_automation.live_ui.menu_helpers:_menu_row_from_wrapper:1545 - TEXT_EXTRACTION_FALLBACK_USED source=legacy_text confidence=medium rect={'left': 4, 'top': 56, 'right': 290, 'bottom': 84}
2026-08-25 22:53:55.595 | INFO     | winwatt_automation.live_ui.menu_helpers:_menu_row_from_wrapper:1545 - TEXT_EXTRACTION_FALLBACK_USED source=legacy_text confidence=medium rect={'left': 4, 'top': 84, 'right': 290, 'bottom': 112}
2026-08-25 22:53:55.595 | WARNING  | winwatt_automation.live_ui.menu_helpers:_menu_row_from_wrapper:1547 - TEXT_EXTRACTION_FAILED source_scope=main_window rect={'left': 4, 'top': 111, 'right': 290, 'bottom': 139}
2026-08-25 22:53:55.613 | INFO     | winwatt_automation.live_ui.menu_helpers:_menu_row_from_wrapper:1545 - TEXT_EXTRACTION_FALLBACK_USED source=legacy_text confidence=medium rect={'left': 4, 'top': 139, 'right': 290, 'bottom': 167}
2026-08-25 22:53:55.628 | INFO     | winwatt_automation.live_ui.menu_helpers:_menu_row_from_wrapper:1545 - TEXT_EXTRACTION_FALLBACK_USED source=legacy_text confidence=medium rect={'left': 4, 'top': 166, 'right': 290, 'bottom': 194}
2026-08-25 22:53:55.628 | INFO     | winwatt_automation.live_ui.menu_helpers:_menu_row_from_wrapper:1545 - TEXT_EXTRACTION_FALLBACK_USED source=legacy_text confidence=medium rect={'left': 4, 'top': 194, 'right': 290, 'bottom': 222}
2026-08-25 22:53:55.644 | INFO     | winwatt_automation.live_ui.menu_helpers:_menu_row_from_wrapper:1545 - TEXT_EXTRACTION_FALLBACK_USED source=legacy_text confidence=medium rect={'left': 4, 'top': 221, 'right': 290, 'bottom': 249}
2026-08-25 22:53:55.644 | INFO     | winwatt_automation.live_ui.menu_helpers:_menu_row_from_wrapper:1545 - TEXT_EXTRACTION_FALLBACK_USED source=legacy_text confidence=medium rect={'left': 4, 'top': 249, 'right': 290, 'bottom': 277}
2026-08-25 22:53:55.661 | INFO     | winwatt_automation.live_ui.menu_helpers:_menu_row_from_wrapper:1545 - TEXT_EXTRACTION_FALLBACK_USED source=legacy_text confidence=medium rect={'left': 4, 'top': 284, 'right': 290, 'bottom': 312}
2026-08-25 22:53:55.661 | INFO     | winwatt_automation.live_ui.menu_helpers:_menu_row_from_wrapper:1545 - TEXT_EXTRACTION_FALLBACK_USED source=legacy_text confidence=medium rect={'left': 4, 'top': 311, 'right': 290, 'bottom': 339}
2026-08-25 22:53:55.678 | INFO     | winwatt_automation.live_ui.menu_helpers:_menu_row_from_wrapper:1545 - TEXT_EXTRACTION_FALLBACK_USED source=legacy_text confidence=medium rect={'left': 4, 'top': 339, 'right': 290, 'bottom': 367}
2026-08-25 22:53:55.678 | INFO     | winwatt_automation.live_ui.menu_helpers:_menu_row_from_wrapper:1545 - TEXT_EXTRACTION_FALLBACK_USED source=legacy_text confidence=medium rect={'left': 4, 'top': 374, 'right': 290, 'bottom': 402}
2026-08-25 22:53:55.844 | INFO     | winwatt_automation.live_ui.menu_helpers:capture_menu_popup_snapshot:1724 - POPUP_SNAPSHOT_SUMMARY main_window_fragments=19 global_scan_fragments=0 deduped_fragments=19 topbar_like=6 popup_like=12 empty_text=1 topbar_band=(0, 29, 392, 53) empty_text_vertical_cluster_detected=False accepted_popup_rows=0 popup_heuristic=candidate_count_below_threshold
2026-08-25 22:53:56.828 | INFO     | winwatt_automation.live_ui.menu_helpers:_menu_items:1101 - DBG_MENU_ITEMS_SUMMARY total_items=19 visible_items=19 topbar_band=(0, 0, 392, 402) topbar_band_visible_count=19 popup_region_visible_count=0 force_refresh=True handle=1117248
2026-08-25 22:53:57.007 | INFO     | winwatt_automation.live_ui.menu_helpers:list_top_menu_items:1141 - Top-level menu items (raw): ['Rendszer', 'Fájl', 'Jegyzékek', 'Eszközök', 'Beállítások', 'Ablak', 'Súgó']
2026-08-25 22:53:57.008 | INFO     | winwatt_automation.runtime_mapping.program_mapper:explore_menu_tree:3571 - RECENT_PROJECT_BLOCK_SUMMARY state=project_open top_menu=Ablak attempt=0 popup_block_classification=normal_popup recent_projects_block=False stateful_menu_block=False accepted_rows=12 filtered_rows=12
2026-08-25 22:53:57.008 | INFO     | winwatt_automation.runtime_mapping.program_mapper:explore_menu_tree:3572 - DBG_REUSING_OPEN_POPUP_SNAPSHOT state=project_open top_menu=Ablak row_count=19 popup_like_count=12 topbar_like_count=6 normalized_parent=('ablak',) popup_state_path=('beállítások',)
2026-08-25 22:53:57.008 | INFO     | winwatt_automation.runtime_mapping.program_mapper:explore_menu_tree:3582 - DBG_WINWATT_NORMAL_MENU_POPUP_ROWS_ACCEPTED state=project_open top_menu=Ablak attempt=0 accepted_row_count=12
2026-08-25 22:53:57.012 | INFO     | winwatt_automation.runtime_mapping.program_mapper:_build_menu_rows_from_popup_rows:1040 - DBG_MENU_BUILD_INPUT_ROW state=project_open top_menu=Ablak row_index=0 text='Végrehajtás' rectangle={'left': 4, 'top': 56, 'right': 290, 'bottom': 84} topbar_like=False popup_like=True source_scope=main_window fragments=0
2026-08-25 22:53:57.012 | INFO     | winwatt_automation.runtime_mapping.program_mapper:_build_menu_rows_from_popup_rows:1200 - DBG_WINWATT_NORMAL_MENU_ROW state=project_open top_menu=Ablak row_index=0 text='Végrehajtás' normalized_text=végrehajtás source_scope=main_window separator=False enabled_guess=True rectangle={'left': 4, 'top': 56, 'right': 290, 'bottom': 84} depth=1
2026-08-25 22:53:57.012 | INFO     | winwatt_automation.runtime_mapping.program_mapper:_build_menu_rows_from_popup_rows:1040 - DBG_MENU_BUILD_INPUT_ROW state=project_open top_menu=Ablak row_index=1 text='Végrehajtás' rectangle={'left': 4, 'top': 84, 'right': 290, 'bottom': 112} topbar_like=False popup_like=True source_scope=main_window fragments=0
2026-08-25 22:53:57.013 | INFO     | winwatt_automation.runtime_mapping.program_mapper:_build_menu_rows_from_popup_rows:1200 - DBG_WINWATT_NORMAL_MENU_ROW state=project_open top_menu=Ablak row_index=1 text='Végrehajtás' normalized_text=végrehajtás source_scope=main_window separator=False enabled_guess=True rectangle={'left': 4, 'top': 84, 'right': 290, 'bottom': 112} depth=1
2026-08-25 22:53:57.013 | INFO     | winwatt_automation.runtime_mapping.program_mapper:_build_menu_rows_from_popup_rows:1040 - DBG_MENU_BUILD_INPUT_ROW state=project_open top_menu=Ablak row_index=2 text='' rectangle={'left': 4, 'top': 111, 'right': 290, 'bottom': 139} topbar_like=False popup_like=True source_scope=main_window fragments=0
2026-08-25 22:53:57.013 | WARNING  | winwatt_automation.runtime_mapping.program_mapper:_resolve_row_text_with_fallback:687 - TEXT_EXTRACTION_FAILED row_index=2 source_scope=main_window fragment_count=0 rectangle={'left': 4, 'top': 111, 'right': 290, 'bottom': 139}
2026-08-25 22:53:57.013 | INFO     | winwatt_automation.runtime_mapping.program_mapper:_build_menu_rows_from_popup_rows:1100 - DBG_WINWATT_EMPTY_NORMALIZED_MENU_TITLE row_index=2 raw_text= normalized_text= is_separator=False source_scope=main_window control_type=MenuItem class_name= rectangle={'left': 4, 'top': 111, 'right': 290, 'bottom': 139} fragment_count=0 fragment_texts=[]
2026-08-25 22:53:57.013 | INFO     | winwatt_automation.runtime_mapping.program_mapper:_build_menu_rows_from_popup_rows:1145 - REPLACED_EMPTY_POPUP_ROW_WITH_PLACEHOLDER row_index=02
2026-08-25 22:53:57.013 | INFO     | winwatt_automation.runtime_mapping.program_mapper:_build_menu_rows_from_popup_rows:1149 - GEOM_PLACEHOLDER_CREATED row_index=02 rect={'left': 4, 'top': 111, 'right': 290, 'bottom': 139} popup_reason=below_topbar_band
2026-08-25 22:53:57.014 | INFO     | winwatt_automation.runtime_mapping.program_mapper:_build_menu_rows_from_popup_rows:1200 - DBG_WINWATT_NORMAL_MENU_ROW state=project_open top_menu=Ablak row_index=2 text='[unlabeled row 2]' normalized_text=[unlabeled row 2] source_scope=main_window separator=False enabled_guess=False rectangle={'left': 4, 'top': 111, 'right': 290, 'bottom': 139} depth=1
2026-08-25 22:53:57.014 | INFO     | winwatt_automation.runtime_mapping.program_mapper:_build_menu_rows_from_popup_rows:1040 - DBG_MENU_BUILD_INPUT_ROW state=project_open top_menu=Ablak row_index=3 text='Végrehajtás' rectangle={'left': 4, 'top': 139, 'right': 290, 'bottom': 167} topbar_like=False popup_like=True source_scope=main_window fragments=0
2026-08-25 22:53:57.014 | INFO     | winwatt_automation.runtime_mapping.program_mapper:_build_menu_rows_from_popup_rows:1200 - DBG_WINWATT_NORMAL_MENU_ROW state=project_open top_menu=Ablak row_index=3 text='Végrehajtás' normalized_text=végrehajtás source_scope=main_window separator=False enabled_guess=True rectangle={'left': 4, 'top': 139, 'right': 290, 'bottom': 167} depth=1
2026-08-25 22:53:57.014 | INFO     | winwatt_automation.runtime_mapping.program_mapper:_build_menu_rows_from_popup_rows:1040 - DBG_MENU_BUILD_INPUT_ROW state=project_open top_menu=Ablak row_index=4 text='Végrehajtás' rectangle={'left': 4, 'top': 166, 'right': 290, 'bottom': 194} topbar_like=False popup_like=True source_scope=main_window fragments=0
2026-08-25 22:53:57.014 | INFO     | winwatt_automation.runtime_mapping.program_mapper:_build_menu_rows_from_popup_rows:1200 - DBG_WINWATT_NORMAL_MENU_ROW state=project_open top_menu=Ablak row_index=4 text='Végrehajtás' normalized_text=végrehajtás source_scope=main_window separator=False enabled_guess=True rectangle={'left': 4, 'top': 166, 'right': 290, 'bottom': 194} depth=1
2026-08-25 22:53:57.014 | INFO     | winwatt_automation.runtime_mapping.program_mapper:_build_menu_rows_from_popup_rows:1040 - DBG_MENU_BUILD_INPUT_ROW state=project_open top_menu=Ablak row_index=5 text='Végrehajtás' rectangle={'left': 4, 'top': 194, 'right': 290, 'bottom': 222} topbar_like=False popup_like=True source_scope=main_window fragments=0
2026-08-25 22:53:57.015 | INFO     | winwatt_automation.runtime_mapping.program_mapper:_build_menu_rows_from_popup_rows:1200 - DBG_WINWATT_NORMAL_MENU_ROW state=project_open top_menu=Ablak row_index=5 text='Végrehajtás' normalized_text=végrehajtás source_scope=main_window separator=False enabled_guess=True rectangle={'left': 4, 'top': 194, 'right': 290, 'bottom': 222} depth=1
2026-08-25 22:53:57.015 | INFO     | winwatt_automation.runtime_mapping.program_mapper:_build_menu_rows_from_popup_rows:1040 - DBG_MENU_BUILD_INPUT_ROW state=project_open top_menu=Ablak row_index=6 text='Végrehajtás' rectangle={'left': 4, 'top': 221, 'right': 290, 'bottom': 249} topbar_like=False popup_like=True source_scope=main_window fragments=0
2026-08-25 22:53:57.015 | INFO     | winwatt_automation.runtime_mapping.program_mapper:_build_menu_rows_from_popup_rows:1200 - DBG_WINWATT_NORMAL_MENU_ROW state=project_open top_menu=Ablak row_index=6 text='Végrehajtás' normalized_text=végrehajtás source_scope=main_window separator=False enabled_guess=True rectangle={'left': 4, 'top': 221, 'right': 290, 'bottom': 249} depth=1
2026-08-25 22:53:57.015 | INFO     | winwatt_automation.runtime_mapping.program_mapper:_build_menu_rows_from_popup_rows:1040 - DBG_MENU_BUILD_INPUT_ROW state=project_open top_menu=Ablak row_index=7 text='Végrehajtás' rectangle={'left': 4, 'top': 249, 'right': 290, 'bottom': 277} topbar_like=False popup_like=True source_scope=main_window fragments=0
2026-08-25 22:53:57.015 | INFO     | winwatt_automation.runtime_mapping.program_mapper:_build_menu_rows_from_popup_rows:1200 - DBG_WINWATT_NORMAL_MENU_ROW state=project_open top_menu=Ablak row_index=7 text='Végrehajtás' normalized_text=végrehajtás source_scope=main_window separator=False enabled_guess=True rectangle={'left': 4, 'top': 249, 'right': 290, 'bottom': 277} depth=1
2026-08-25 22:53:57.015 | INFO     | winwatt_automation.runtime_mapping.program_mapper:_build_menu_rows_from_popup_rows:1040 - DBG_MENU_BUILD_INPUT_ROW state=project_open top_menu=Ablak row_index=8 text='Megnyitás' rectangle={'left': 4, 'top': 284, 'right': 290, 'bottom': 312} topbar_like=False popup_like=True source_scope=main_window fragments=0
2026-08-25 22:53:57.015 | INFO     | winwatt_automation.runtime_mapping.program_mapper:_build_menu_rows_from_popup_rows:1200 - DBG_WINWATT_NORMAL_MENU_ROW state=project_open top_menu=Ablak row_index=8 text='Megnyitás' normalized_text=megnyitás source_scope=main_window separator=False enabled_guess=True rectangle={'left': 4, 'top': 284, 'right': 290, 'bottom': 312} depth=1
2026-08-25 22:53:57.015 | INFO     | winwatt_automation.runtime_mapping.program_mapper:_build_menu_rows_from_popup_rows:1040 - DBG_MENU_BUILD_INPUT_ROW state=project_open top_menu=Ablak row_index=9 text='Végrehajtás' rectangle={'left': 4, 'top': 311, 'right': 290, 'bottom': 339} topbar_like=False popup_like=True source_scope=main_window fragments=0
2026-08-25 22:53:57.015 | INFO     | winwatt_automation.runtime_mapping.program_mapper:_build_menu_rows_from_popup_rows:1200 - DBG_WINWATT_NORMAL_MENU_ROW state=project_open top_menu=Ablak row_index=9 text='Végrehajtás' normalized_text=végrehajtás source_scope=main_window separator=False enabled_guess=True rectangle={'left': 4, 'top': 311, 'right': 290, 'bottom': 339} depth=1
2026-08-25 22:53:57.016 | INFO     | winwatt_automation.runtime_mapping.program_mapper:_build_menu_rows_from_popup_rows:1040 - DBG_MENU_BUILD_INPUT_ROW state=project_open top_menu=Ablak row_index=10 text='Végrehajtás' rectangle={'left': 4, 'top': 339, 'right': 290, 'bottom': 367} topbar_like=False popup_like=True source_scope=main_window fragments=0
2026-08-25 22:53:57.016 | INFO     | winwatt_automation.runtime_mapping.program_mapper:_build_menu_rows_from_popup_rows:1200 - DBG_WINWATT_NORMAL_MENU_ROW state=project_open top_menu=Ablak row_index=10 text='Végrehajtás' normalized_text=végrehajtás source_scope=main_window separator=False enabled_guess=True rectangle={'left': 4, 'top': 339, 'right': 290, 'bottom': 367} depth=1
2026-08-25 22:53:57.016 | INFO     | winwatt_automation.runtime_mapping.program_mapper:_build_menu_rows_from_popup_rows:1040 - DBG_MENU_BUILD_INPUT_ROW state=project_open top_menu=Ablak row_index=11 text='Végrehajtás' rectangle={'left': 4, 'top': 374, 'right': 290, 'bottom': 402} topbar_like=False popup_like=True source_scope=main_window fragments=0
2026-08-25 22:53:57.016 | INFO     | winwatt_automation.runtime_mapping.program_mapper:_build_menu_rows_from_popup_rows:1200 - DBG_WINWATT_NORMAL_MENU_ROW state=project_open top_menu=Ablak row_index=11 text='Végrehajtás' normalized_text=végrehajtás source_scope=main_window separator=False enabled_guess=True rectangle={'left': 4, 'top': 374, 'right': 290, 'bottom': 402} depth=1
2026-08-25 22:53:57.016 | INFO     | winwatt_automation.runtime_mapping.program_mapper:_build_menu_rows_from_popup_rows:1244 - MENU_ROW_BUILD_SUMMARY state=project_open top_menu=Ablak input_rows=12 mapped_rows=12 placeholders=1 filtered_overlap=0 filtered_empty_non_actionable=0 rejected_foreign_rows=0 deduped_rows=0
2026-08-25 22:53:57.017 | INFO     | winwatt_automation.runtime_mapping.program_mapper:explore_menu_tree:3681 - ACTION_CATALOG_INPUT_SUMMARY state=project_open top_menu=Ablak depth=1 candidate_rows=12 placeholders=1 low_or_none_confidence=1 legacy_text_only=11 unknown_pending=0
2026-08-25 22:53:57.944 | INFO     | winwatt_automation.live_ui.menu_helpers:_menu_items:1101 - DBG_MENU_ITEMS_SUMMARY total_items=19 visible_items=19 topbar_band=(0, 0, 392, 402) topbar_band_visible_count=19 popup_region_visible_count=0 force_refresh=True handle=1117248
2026-08-25 22:53:58.094 | INFO     | winwatt_automation.live_ui.menu_helpers:list_top_menu_items:1141 - Top-level menu items (raw): ['Rendszer', 'Fájl', 'Jegyzékek', 'Eszközök', 'Beállítások', 'Ablak', 'Súgó']
2026-08-25 22:53:58.110 | INFO     | winwatt_automation.runtime_mapping.program_mapper:_evaluate_action_admission:1969 - ACTION_ADMISSION_REJECTED top_menu=Ablak path=['Ablak', 'Végrehajtás'] traversal_depth=1 reason=unknown_legacy_popup_noise_suppressed classification=unknown result_type=no_observable_effect placeholder=False text_confidence=medium raw_text_sources=['legacy_text'] skip_reason=None
2026-08-25 22:53:58.111 | INFO     | winwatt_automation.runtime_mapping.program_mapper:_evaluate_action_admission:1982 - ACTION_STRUCTURE_ONLY_ROW top_menu=Ablak path=['Ablak', 'Végrehajtás'] traversal_depth=1 reason=unknown_legacy_popup_noise_suppressed
2026-08-25 22:53:59.045 | INFO     | winwatt_automation.live_ui.menu_helpers:_menu_items:1101 - DBG_MENU_ITEMS_SUMMARY total_items=19 visible_items=19 topbar_band=(0, 0, 392, 402) topbar_band_visible_count=19 popup_region_visible_count=0 force_refresh=True handle=1117248
2026-08-25 22:53:59.244 | INFO     | winwatt_automation.live_ui.menu_helpers:list_top_menu_items:1141 - Top-level menu items (raw): ['Rendszer', 'Fájl', 'Jegyzékek', 'Eszközök', 'Beállítások', 'Ablak', 'Súgó']
2026-08-25 22:53:59.244 | INFO     | winwatt_automation.runtime_mapping.program_mapper:_evaluate_action_admission:1969 - ACTION_ADMISSION_REJECTED top_menu=Ablak path=['Ablak', '[unlabeled row 2]'] traversal_depth=1 reason=disabled_menu_item classification=unknown result_type=no_observable_effect placeholder=True text_confidence=none raw_text_sources=[] skip_reason=None
2026-08-25 22:53:59.244 | INFO     | winwatt_automation.runtime_mapping.program_mapper:_evaluate_action_admission:1982 - ACTION_STRUCTURE_ONLY_ROW top_menu=Ablak path=['Ablak', '[unlabeled row 2]'] traversal_depth=1 reason=disabled_menu_item
2026-08-25 22:54:00.352 | INFO     | winwatt_automation.live_ui.menu_helpers:_menu_items:1101 - DBG_MENU_ITEMS_SUMMARY total_items=19 visible_items=19 topbar_band=(0, 0, 392, 402) topbar_band_visible_count=19 popup_region_visible_count=0 force_refresh=True handle=1117248
2026-08-25 22:54:00.528 | INFO     | winwatt_automation.live_ui.menu_helpers:list_top_menu_items:1141 - Top-level menu items (raw): ['Rendszer', 'Fájl', 'Jegyzékek', 'Eszközök', 'Beállítások', 'Ablak', 'Súgó']
2026-08-25 22:54:00.528 | INFO     | winwatt_automation.runtime_mapping.program_mapper:_evaluate_action_admission:1969 - ACTION_ADMISSION_REJECTED top_menu=Ablak path=['Ablak', 'Megnyitás'] traversal_depth=1 reason=unknown_legacy_popup_noise_suppressed classification=unknown result_type=no_observable_effect placeholder=False text_confidence=medium raw_text_sources=['legacy_text'] skip_reason=None
2026-08-25 22:54:00.528 | INFO     | winwatt_automation.runtime_mapping.program_mapper:_evaluate_action_admission:1982 - ACTION_STRUCTURE_ONLY_ROW top_menu=Ablak path=['Ablak', 'Megnyitás'] traversal_depth=1 reason=unknown_legacy_popup_noise_suppressed
2026-08-25 22:54:00.528 | INFO     | winwatt_automation.runtime_mapping.program_mapper:_log_phase_timing:279 - DBG_PHASE_TIMING phase=subtree_traversal elapsed_ms=3500.000 state_id=project_open top_menu=Ablak depth=1 rows=12 nodes=3 actions=3
2026-08-25 22:54:00.528 | INFO     | winwatt_automation.runtime_mapping.program_mapper:explore_menu_tree:4191 - ACTION_CATALOG_OUTPUT_SUMMARY state=project_open top_menu=Ablak depth=1 candidate_rows=12 probed_rows=0 admitted_after_probe=0 admitted_actions=0 still_structure_only=3 suppressed_unknown=0 placeholders_retained=1
2026-08-25 22:54:00.528 | INFO     | winwatt_automation.runtime_mapping.program_mapper:map_runtime_state:4349 - MAP_RUNTIME_STATE_MENU_RESULT state_id=project_open top_menu=Ablak rows=12 nodes=3 actions=3 dialogs=0 windows=0 catalog=0
2026-08-25 22:54:00.528 | INFO     | winwatt_automation.live_ui.app_connector:is_winwatt_foreground_context:1134 - DBG_WINWATT_FOREGROUND_CONTEXT expected_handle=1117248 expected_process_id=17216 expected_title=WinWatt gólya - C:\Users\Admin\Documents\GitHub\autowinwatt\winwatt_automation\tests\testwwp.wwp expected_class_name=TMainForm actual_foreground_handle=1117248 actual_foreground_process_id=17216 actual_foreground_title=WinWatt gólya - C:\Users\Admin\Documents\GitHub\autowinwatt\winwatt_automation\tests\testwwp.wwp actual_foreground_class_name=TMainForm allow_dialog=True result_reason=handle_match
2026-08-25 22:54:00.528 | INFO     | winwatt_automation.runtime_mapping.program_mapper:explore_menu_tree:3548 - POPUP_REUSE_REJECTED state=project_open top_menu=Súgó normalized_parent=('súgó',) popup_state_path=('ablak',) reason=state_path_mismatch
2026-08-25 22:54:01.057 | INFO     | winwatt_automation.live_ui.app_connector:is_winwatt_foreground_context:1134 - DBG_WINWATT_FOREGROUND_CONTEXT expected_handle=1117248 expected_process_id=17216 expected_title=WinWatt gólya - C:\Users\Admin\Documents\GitHub\autowinwatt\winwatt_automation\tests\testwwp.wwp expected_class_name=TMainForm actual_foreground_handle=1117248 actual_foreground_process_id=17216 actual_foreground_title=WinWatt gólya - C:\Users\Admin\Documents\GitHub\autowinwatt\winwatt_automation\tests\testwwp.wwp actual_foreground_class_name=TMainForm allow_dialog=True result_reason=handle_match
2026-08-25 22:54:01.063 | INFO     | winwatt_automation.live_ui.app_connector:_cached_window_health_status:489 - DBG_WINWATT_CACHE_HEALTH reason_code=healthy payload={'wrapper_type': 'UIAWrapper', 'handle': 1117248, 'process_id': 17216, 'title': 'WinWatt gólya - C:\\Users\\Admin\\Documents\\GitHub\\autowinwatt\\winwatt_automation\\tests\\testwwp.wwp', 'class_name': 'TMainForm', 'control_type': 'Window'}
2026-08-25 22:54:02.006 | INFO     | winwatt_automation.live_ui.menu_helpers:_menu_items:1101 - DBG_MENU_ITEMS_SUMMARY total_items=19 visible_items=19 topbar_band=(0, 0, 392, 402) topbar_band_visible_count=19 popup_region_visible_count=0 force_refresh=False handle=1117248
2026-08-25 22:54:02.018 | INFO     | winwatt_automation.live_ui.menu_helpers:_menu_row_from_wrapper:1545 - TEXT_EXTRACTION_FALLBACK_USED source=legacy_text confidence=medium rect={'left': 4, 'top': 56, 'right': 290, 'bottom': 84}
2026-08-25 22:54:02.018 | INFO     | winwatt_automation.live_ui.menu_helpers:_menu_row_from_wrapper:1545 - TEXT_EXTRACTION_FALLBACK_USED source=legacy_text confidence=medium rect={'left': 4, 'top': 84, 'right': 290, 'bottom': 112}
2026-08-25 22:54:02.033 | WARNING  | winwatt_automation.live_ui.menu_helpers:_menu_row_from_wrapper:1547 - TEXT_EXTRACTION_FAILED source_scope=main_window rect={'left': 4, 'top': 111, 'right': 290, 'bottom': 139}
2026-08-25 22:54:02.033 | INFO     | winwatt_automation.live_ui.menu_helpers:_menu_row_from_wrapper:1545 - TEXT_EXTRACTION_FALLBACK_USED source=legacy_text confidence=medium rect={'left': 4, 'top': 139, 'right': 290, 'bottom': 167}
2026-08-25 22:54:02.049 | INFO     | winwatt_automation.live_ui.menu_helpers:_menu_row_from_wrapper:1545 - TEXT_EXTRACTION_FALLBACK_USED source=legacy_text confidence=medium rect={'left': 4, 'top': 166, 'right': 290, 'bottom': 194}
2026-08-25 22:54:02.049 | INFO     | winwatt_automation.live_ui.menu_helpers:_menu_row_from_wrapper:1545 - TEXT_EXTRACTION_FALLBACK_USED source=legacy_text confidence=medium rect={'left': 4, 'top': 194, 'right': 290, 'bottom': 222}
2026-08-25 22:54:02.065 | INFO     | winwatt_automation.live_ui.menu_helpers:_menu_row_from_wrapper:1545 - TEXT_EXTRACTION_FALLBACK_USED source=legacy_text confidence=medium rect={'left': 4, 'top': 221, 'right': 290, 'bottom': 249}
2026-08-25 22:54:02.081 | INFO     | winwatt_automation.live_ui.menu_helpers:_menu_row_from_wrapper:1545 - TEXT_EXTRACTION_FALLBACK_USED source=legacy_text confidence=medium rect={'left': 4, 'top': 249, 'right': 290, 'bottom': 277}
2026-08-25 22:54:02.081 | INFO     | winwatt_automation.live_ui.menu_helpers:_menu_row_from_wrapper:1545 - TEXT_EXTRACTION_FALLBACK_USED source=legacy_text confidence=medium rect={'left': 4, 'top': 284, 'right': 290, 'bottom': 312}
2026-08-25 22:54:02.097 | INFO     | winwatt_automation.live_ui.menu_helpers:_menu_row_from_wrapper:1545 - TEXT_EXTRACTION_FALLBACK_USED source=legacy_text confidence=medium rect={'left': 4, 'top': 311, 'right': 290, 'bottom': 339}
2026-08-25 22:54:02.097 | INFO     | winwatt_automation.live_ui.menu_helpers:_menu_row_from_wrapper:1545 - TEXT_EXTRACTION_FALLBACK_USED source=legacy_text confidence=medium rect={'left': 4, 'top': 339, 'right': 290, 'bottom': 367}
2026-08-25 22:54:02.112 | INFO     | winwatt_automation.live_ui.menu_helpers:_menu_row_from_wrapper:1545 - TEXT_EXTRACTION_FALLBACK_USED source=legacy_text confidence=medium rect={'left': 4, 'top': 374, 'right': 290, 'bottom': 402}
2026-08-25 22:54:02.349 | INFO     | winwatt_automation.live_ui.menu_helpers:capture_menu_popup_snapshot:1724 - POPUP_SNAPSHOT_SUMMARY main_window_fragments=19 global_scan_fragments=0 deduped_fragments=19 topbar_like=6 popup_like=12 empty_text=1 topbar_band=(0, 29, 392, 53) empty_text_vertical_cluster_detected=False accepted_popup_rows=0 popup_heuristic=candidate_count_below_threshold
2026-08-25 22:54:03.304 | INFO     | winwatt_automation.live_ui.menu_helpers:_menu_items:1101 - DBG_MENU_ITEMS_SUMMARY total_items=19 visible_items=19 topbar_band=(0, 0, 392, 402) topbar_band_visible_count=19 popup_region_visible_count=0 force_refresh=True handle=1117248
2026-08-25 22:54:03.490 | INFO     | winwatt_automation.live_ui.menu_helpers:list_top_menu_items:1141 - Top-level menu items (raw): ['Rendszer', 'Fájl', 'Jegyzékek', 'Eszközök', 'Beállítások', 'Ablak', 'Súgó']
2026-08-25 22:54:03.492 | INFO     | winwatt_automation.runtime_mapping.program_mapper:explore_menu_tree:3571 - RECENT_PROJECT_BLOCK_SUMMARY state=project_open top_menu=Súgó attempt=0 popup_block_classification=normal_popup recent_projects_block=False stateful_menu_block=False accepted_rows=12 filtered_rows=12
2026-08-25 22:54:03.492 | INFO     | winwatt_automation.runtime_mapping.program_mapper:explore_menu_tree:3572 - DBG_REUSING_OPEN_POPUP_SNAPSHOT state=project_open top_menu=Súgó row_count=19 popup_like_count=12 topbar_like_count=6 normalized_parent=('súgó',) popup_state_path=('ablak',)
2026-08-25 22:54:03.492 | INFO     | winwatt_automation.runtime_mapping.program_mapper:explore_menu_tree:3582 - DBG_WINWATT_NORMAL_MENU_POPUP_ROWS_ACCEPTED state=project_open top_menu=Súgó attempt=0 accepted_row_count=12
2026-08-25 22:54:03.492 | INFO     | winwatt_automation.runtime_mapping.program_mapper:_build_menu_rows_from_popup_rows:1040 - DBG_MENU_BUILD_INPUT_ROW state=project_open top_menu=Súgó row_index=0 text='Végrehajtás' rectangle={'left': 4, 'top': 56, 'right': 290, 'bottom': 84} topbar_like=False popup_like=True source_scope=main_window fragments=0
2026-08-25 22:54:03.492 | INFO     | winwatt_automation.runtime_mapping.program_mapper:_build_menu_rows_from_popup_rows:1200 - DBG_WINWATT_NORMAL_MENU_ROW state=project_open top_menu=Súgó row_index=0 text='Végrehajtás' normalized_text=végrehajtás source_scope=main_window separator=False enabled_guess=True rectangle={'left': 4, 'top': 56, 'right': 290, 'bottom': 84} depth=1
2026-08-25 22:54:03.492 | INFO     | winwatt_automation.runtime_mapping.program_mapper:_build_menu_rows_from_popup_rows:1040 - DBG_MENU_BUILD_INPUT_ROW state=project_open top_menu=Súgó row_index=1 text='Végrehajtás' rectangle={'left': 4, 'top': 84, 'right': 290, 'bottom': 112} topbar_like=False popup_like=True source_scope=main_window fragments=0
2026-08-25 22:54:03.493 | INFO     | winwatt_automation.runtime_mapping.program_mapper:_build_menu_rows_from_popup_rows:1200 - DBG_WINWATT_NORMAL_MENU_ROW state=project_open top_menu=Súgó row_index=1 text='Végrehajtás' normalized_text=végrehajtás source_scope=main_window separator=False enabled_guess=True rectangle={'left': 4, 'top': 84, 'right': 290, 'bottom': 112} depth=1
2026-08-25 22:54:03.493 | INFO     | winwatt_automation.runtime_mapping.program_mapper:_build_menu_rows_from_popup_rows:1040 - DBG_MENU_BUILD_INPUT_ROW state=project_open top_menu=Súgó row_index=2 text='' rectangle={'left': 4, 'top': 111, 'right': 290, 'bottom': 139} topbar_like=False popup_like=True source_scope=main_window fragments=0
2026-08-25 22:54:03.493 | WARNING  | winwatt_automation.runtime_mapping.program_mapper:_resolve_row_text_with_fallback:687 - TEXT_EXTRACTION_FAILED row_index=2 source_scope=main_window fragment_count=0 rectangle={'left': 4, 'top': 111, 'right': 290, 'bottom': 139}
2026-08-25 22:54:03.493 | INFO     | winwatt_automation.runtime_mapping.program_mapper:_build_menu_rows_from_popup_rows:1100 - DBG_WINWATT_EMPTY_NORMALIZED_MENU_TITLE row_index=2 raw_text= normalized_text= is_separator=False source_scope=main_window control_type=MenuItem class_name= rectangle={'left': 4, 'top': 111, 'right': 290, 'bottom': 139} fragment_count=0 fragment_texts=[]
2026-08-25 22:54:03.493 | INFO     | winwatt_automation.runtime_mapping.program_mapper:_build_menu_rows_from_popup_rows:1145 - REPLACED_EMPTY_POPUP_ROW_WITH_PLACEHOLDER row_index=02
2026-08-25 22:54:03.493 | INFO     | winwatt_automation.runtime_mapping.program_mapper:_build_menu_rows_from_popup_rows:1149 - GEOM_PLACEHOLDER_CREATED row_index=02 rect={'left': 4, 'top': 111, 'right': 290, 'bottom': 139} popup_reason=below_topbar_band
2026-08-25 22:54:03.493 | INFO     | winwatt_automation.runtime_mapping.program_mapper:_build_menu_rows_from_popup_rows:1200 - DBG_WINWATT_NORMAL_MENU_ROW state=project_open top_menu=Súgó row_index=2 text='[unlabeled row 2]' normalized_text=[unlabeled row 2] source_scope=main_window separator=False enabled_guess=False rectangle={'left': 4, 'top': 111, 'right': 290, 'bottom': 139} depth=1
2026-08-25 22:54:03.493 | INFO     | winwatt_automation.runtime_mapping.program_mapper:_build_menu_rows_from_popup_rows:1040 - DBG_MENU_BUILD_INPUT_ROW state=project_open top_menu=Súgó row_index=3 text='Végrehajtás' rectangle={'left': 4, 'top': 139, 'right': 290, 'bottom': 167} topbar_like=False popup_like=True source_scope=main_window fragments=0
2026-08-25 22:54:03.493 | INFO     | winwatt_automation.runtime_mapping.program_mapper:_build_menu_rows_from_popup_rows:1200 - DBG_WINWATT_NORMAL_MENU_ROW state=project_open top_menu=Súgó row_index=3 text='Végrehajtás' normalized_text=végrehajtás source_scope=main_window separator=False enabled_guess=True rectangle={'left': 4, 'top': 139, 'right': 290, 'bottom': 167} depth=1
2026-08-25 22:54:03.493 | INFO     | winwatt_automation.runtime_mapping.program_mapper:_build_menu_rows_from_popup_rows:1040 - DBG_MENU_BUILD_INPUT_ROW state=project_open top_menu=Súgó row_index=4 text='Végrehajtás' rectangle={'left': 4, 'top': 166, 'right': 290, 'bottom': 194} topbar_like=False popup_like=True source_scope=main_window fragments=0
2026-08-25 22:54:03.493 | INFO     | winwatt_automation.runtime_mapping.program_mapper:_build_menu_rows_from_popup_rows:1200 - DBG_WINWATT_NORMAL_MENU_ROW state=project_open top_menu=Súgó row_index=4 text='Végrehajtás' normalized_text=végrehajtás source_scope=main_window separator=False enabled_guess=True rectangle={'left': 4, 'top': 166, 'right': 290, 'bottom': 194} depth=1
2026-08-25 22:54:03.493 | INFO     | winwatt_automation.runtime_mapping.program_mapper:_build_menu_rows_from_popup_rows:1040 - DBG_MENU_BUILD_INPUT_ROW state=project_open top_menu=Súgó row_index=5 text='Végrehajtás' rectangle={'left': 4, 'top': 194, 'right': 290, 'bottom': 222} topbar_like=False popup_like=True source_scope=main_window fragments=0
2026-08-25 22:54:03.493 | INFO     | winwatt_automation.runtime_mapping.program_mapper:_build_menu_rows_from_popup_rows:1200 - DBG_WINWATT_NORMAL_MENU_ROW state=project_open top_menu=Súgó row_index=5 text='Végrehajtás' normalized_text=végrehajtás source_scope=main_window separator=False enabled_guess=True rectangle={'left': 4, 'top': 194, 'right': 290, 'bottom': 222} depth=1
2026-08-25 22:54:03.493 | INFO     | winwatt_automation.runtime_mapping.program_mapper:_build_menu_rows_from_popup_rows:1040 - DBG_MENU_BUILD_INPUT_ROW state=project_open top_menu=Súgó row_index=6 text='Végrehajtás' rectangle={'left': 4, 'top': 221, 'right': 290, 'bottom': 249} topbar_like=False popup_like=True source_scope=main_window fragments=0
2026-08-25 22:54:03.493 | INFO     | winwatt_automation.runtime_mapping.program_mapper:_build_menu_rows_from_popup_rows:1200 - DBG_WINWATT_NORMAL_MENU_ROW state=project_open top_menu=Súgó row_index=6 text='Végrehajtás' normalized_text=végrehajtás source_scope=main_window separator=False enabled_guess=True rectangle={'left': 4, 'top': 221, 'right': 290, 'bottom': 249} depth=1
2026-08-25 22:54:03.493 | INFO     | winwatt_automation.runtime_mapping.program_mapper:_build_menu_rows_from_popup_rows:1040 - DBG_MENU_BUILD_INPUT_ROW state=project_open top_menu=Súgó row_index=7 text='Végrehajtás' rectangle={'left': 4, 'top': 249, 'right': 290, 'bottom': 277} topbar_like=False popup_like=True source_scope=main_window fragments=0
2026-08-25 22:54:03.493 | INFO     | winwatt_automation.runtime_mapping.program_mapper:_build_menu_rows_from_popup_rows:1200 - DBG_WINWATT_NORMAL_MENU_ROW state=project_open top_menu=Súgó row_index=7 text='Végrehajtás' normalized_text=végrehajtás source_scope=main_window separator=False enabled_guess=True rectangle={'left': 4, 'top': 249, 'right': 290, 'bottom': 277} depth=1
2026-08-25 22:54:03.493 | INFO     | winwatt_automation.runtime_mapping.program_mapper:_build_menu_rows_from_popup_rows:1040 - DBG_MENU_BUILD_INPUT_ROW state=project_open top_menu=Súgó row_index=8 text='Megnyitás' rectangle={'left': 4, 'top': 284, 'right': 290, 'bottom': 312} topbar_like=False popup_like=True source_scope=main_window fragments=0
2026-08-25 22:54:03.493 | INFO     | winwatt_automation.runtime_mapping.program_mapper:_build_menu_rows_from_popup_rows:1200 - DBG_WINWATT_NORMAL_MENU_ROW state=project_open top_menu=Súgó row_index=8 text='Megnyitás' normalized_text=megnyitás source_scope=main_window separator=False enabled_guess=True rectangle={'left': 4, 'top': 284, 'right': 290, 'bottom': 312} depth=1
2026-08-25 22:54:03.493 | INFO     | winwatt_automation.runtime_mapping.program_mapper:_build_menu_rows_from_popup_rows:1040 - DBG_MENU_BUILD_INPUT_ROW state=project_open top_menu=Súgó row_index=9 text='Végrehajtás' rectangle={'left': 4, 'top': 311, 'right': 290, 'bottom': 339} topbar_like=False popup_like=True source_scope=main_window fragments=0
2026-08-25 22:54:03.493 | INFO     | winwatt_automation.runtime_mapping.program_mapper:_build_menu_rows_from_popup_rows:1200 - DBG_WINWATT_NORMAL_MENU_ROW state=project_open top_menu=Súgó row_index=9 text='Végrehajtás' normalized_text=végrehajtás source_scope=main_window separator=False enabled_guess=True rectangle={'left': 4, 'top': 311, 'right': 290, 'bottom': 339} depth=1
2026-08-25 22:54:03.493 | INFO     | winwatt_automation.runtime_mapping.program_mapper:_build_menu_rows_from_popup_rows:1040 - DBG_MENU_BUILD_INPUT_ROW state=project_open top_menu=Súgó row_index=10 text='Végrehajtás' rectangle={'left': 4, 'top': 339, 'right': 290, 'bottom': 367} topbar_like=False popup_like=True source_scope=main_window fragments=0
2026-08-25 22:54:03.493 | INFO     | winwatt_automation.runtime_mapping.program_mapper:_build_menu_rows_from_popup_rows:1200 - DBG_WINWATT_NORMAL_MENU_ROW state=project_open top_menu=Súgó row_index=10 text='Végrehajtás' normalized_text=végrehajtás source_scope=main_window separator=False enabled_guess=True rectangle={'left': 4, 'top': 339, 'right': 290, 'bottom': 367} depth=1
2026-08-25 22:54:03.493 | INFO     | winwatt_automation.runtime_mapping.program_mapper:_build_menu_rows_from_popup_rows:1040 - DBG_MENU_BUILD_INPUT_ROW state=project_open top_menu=Súgó row_index=11 text='Végrehajtás' rectangle={'left': 4, 'top': 374, 'right': 290, 'bottom': 402} topbar_like=False popup_like=True source_scope=main_window fragments=0
2026-08-25 22:54:03.493 | INFO     | winwatt_automation.runtime_mapping.program_mapper:_build_menu_rows_from_popup_rows:1200 - DBG_WINWATT_NORMAL_MENU_ROW state=project_open top_menu=Súgó row_index=11 text='Végrehajtás' normalized_text=végrehajtás source_scope=main_window separator=False enabled_guess=True rectangle={'left': 4, 'top': 374, 'right': 290, 'bottom': 402} depth=1
2026-08-25 22:54:03.493 | INFO     | winwatt_automation.runtime_mapping.program_mapper:_build_menu_rows_from_popup_rows:1244 - MENU_ROW_BUILD_SUMMARY state=project_open top_menu=Súgó input_rows=12 mapped_rows=12 placeholders=1 filtered_overlap=0 filtered_empty_non_actionable=0 rejected_foreign_rows=0 deduped_rows=0
2026-08-25 22:54:03.493 | INFO     | winwatt_automation.runtime_mapping.program_mapper:explore_menu_tree:3681 - ACTION_CATALOG_INPUT_SUMMARY state=project_open top_menu=Súgó depth=1 candidate_rows=12 placeholders=1 low_or_none_confidence=1 legacy_text_only=11 unknown_pending=0
2026-08-25 22:54:04.593 | INFO     | winwatt_automation.live_ui.menu_helpers:_menu_items:1101 - DBG_MENU_ITEMS_SUMMARY total_items=19 visible_items=19 topbar_band=(0, 0, 392, 402) topbar_band_visible_count=19 popup_region_visible_count=0 force_refresh=True handle=1117248
2026-08-25 22:54:04.752 | INFO     | winwatt_automation.live_ui.menu_helpers:list_top_menu_items:1141 - Top-level menu items (raw): ['Rendszer', 'Fájl', 'Jegyzékek', 'Eszközök', 'Beállítások', 'Ablak', 'Súgó']
2026-08-25 22:54:04.752 | INFO     | winwatt_automation.runtime_mapping.program_mapper:_evaluate_action_admission:1969 - ACTION_ADMISSION_REJECTED top_menu=Súgó path=['Súgó', 'Végrehajtás'] traversal_depth=1 reason=unknown_legacy_popup_noise_suppressed classification=unknown result_type=no_observable_effect placeholder=False text_confidence=medium raw_text_sources=['legacy_text'] skip_reason=None
2026-08-25 22:54:04.752 | INFO     | winwatt_automation.runtime_mapping.program_mapper:_evaluate_action_admission:1982 - ACTION_STRUCTURE_ONLY_ROW top_menu=Súgó path=['Súgó', 'Végrehajtás'] traversal_depth=1 reason=unknown_legacy_popup_noise_suppressed
2026-08-25 22:54:05.739 | INFO     | winwatt_automation.live_ui.menu_helpers:_menu_items:1101 - DBG_MENU_ITEMS_SUMMARY total_items=19 visible_items=19 topbar_band=(0, 0, 392, 402) topbar_band_visible_count=19 popup_region_visible_count=0 force_refresh=True handle=1117248
2026-08-25 22:54:05.897 | INFO     | winwatt_automation.live_ui.menu_helpers:list_top_menu_items:1141 - Top-level menu items (raw): ['Rendszer', 'Fájl', 'Jegyzékek', 'Eszközök', 'Beállítások', 'Ablak', 'Súgó']
2026-08-25 22:54:05.913 | INFO     | winwatt_automation.runtime_mapping.program_mapper:_evaluate_action_admission:1969 - ACTION_ADMISSION_REJECTED top_menu=Súgó path=['Súgó', '[unlabeled row 2]'] traversal_depth=1 reason=disabled_menu_item classification=unknown result_type=no_observable_effect placeholder=True text_confidence=none raw_text_sources=[] skip_reason=None
2026-08-25 22:54:05.913 | INFO     | winwatt_automation.runtime_mapping.program_mapper:_evaluate_action_admission:1982 - ACTION_STRUCTURE_ONLY_ROW top_menu=Súgó path=['Súgó', '[unlabeled row 2]'] traversal_depth=1 reason=disabled_menu_item
2026-08-25 22:54:06.866 | INFO     | winwatt_automation.live_ui.menu_helpers:_menu_items:1101 - DBG_MENU_ITEMS_SUMMARY total_items=19 visible_items=19 topbar_band=(0, 0, 392, 402) topbar_band_visible_count=19 popup_region_visible_count=0 force_refresh=True handle=1117248
2026-08-25 22:54:07.025 | INFO     | winwatt_automation.live_ui.menu_helpers:list_top_menu_items:1141 - Top-level menu items (raw): ['Rendszer', 'Fájl', 'Jegyzékek', 'Eszközök', 'Beállítások', 'Ablak', 'Súgó']
2026-08-25 22:54:07.025 | INFO     | winwatt_automation.runtime_mapping.program_mapper:_evaluate_action_admission:1969 - ACTION_ADMISSION_REJECTED top_menu=Súgó path=['Súgó', 'Megnyitás'] traversal_depth=1 reason=unknown_legacy_popup_noise_suppressed classification=unknown result_type=no_observable_effect placeholder=False text_confidence=medium raw_text_sources=['legacy_text'] skip_reason=None
2026-08-25 22:54:07.025 | INFO     | winwatt_automation.runtime_mapping.program_mapper:_evaluate_action_admission:1982 - ACTION_STRUCTURE_ONLY_ROW top_menu=Súgó path=['Súgó', 'Megnyitás'] traversal_depth=1 reason=unknown_legacy_popup_noise_suppressed
2026-08-25 22:54:07.025 | INFO     | winwatt_automation.runtime_mapping.program_mapper:_log_phase_timing:279 - DBG_PHASE_TIMING phase=subtree_traversal elapsed_ms=3531.000 state_id=project_open top_menu=Súgó depth=1 rows=12 nodes=3 actions=3
2026-08-25 22:54:07.025 | INFO     | winwatt_automation.runtime_mapping.program_mapper:explore_menu_tree:4191 - ACTION_CATALOG_OUTPUT_SUMMARY state=project_open top_menu=Súgó depth=1 candidate_rows=12 probed_rows=0 admitted_after_probe=0 admitted_actions=0 still_structure_only=3 suppressed_unknown=0 placeholders_retained=1
2026-08-25 22:54:07.025 | INFO     | winwatt_automation.runtime_mapping.program_mapper:map_runtime_state:4349 - MAP_RUNTIME_STATE_MENU_RESULT state_id=project_open top_menu=Súgó rows=12 nodes=3 actions=3 dialogs=0 windows=0 catalog=0
2026-08-25 22:54:07.025 | INFO     | winwatt_automation.live_ui.app_connector:is_winwatt_foreground_context:1134 - DBG_WINWATT_FOREGROUND_CONTEXT expected_handle=1117248 expected_process_id=17216 expected_title=WinWatt gólya - C:\Users\Admin\Documents\GitHub\autowinwatt\winwatt_automation\tests\testwwp.wwp expected_class_name=TMainForm actual_foreground_handle=1117248 actual_foreground_process_id=17216 actual_foreground_title=WinWatt gólya - C:\Users\Admin\Documents\GitHub\autowinwatt\winwatt_automation\tests\testwwp.wwp actual_foreground_class_name=TMainForm allow_dialog=True result_reason=handle_match
2026-08-25 22:54:07.025 | INFO     | winwatt_automation.runtime_mapping.program_mapper:map_runtime_state:4427 - MAP_RUNTIME_STATE_FINAL_COUNTS state_id=project_open retained_top_menus=['Fájl', 'Jegyzékek', 'Beállítások', 'Ablak', 'Súgó'] rows=60 actions=15 dialogs=0 windows=0 transitions=0 partial=False stop_reason=None
2026-08-25 22:54:07.040 | INFO     | winwatt_automation.runtime_mapping.program_mapper:_build_state_atlas_entry:2053 - STATE_ATLAS_ENTRY_CREATED state_id=project_open top_menus=5 rows=60 actions=0 transitions=0 top_menu_texts=['Fájl', 'Jegyzékek', 'Beállítások', 'Ablak', 'Súgó'] action_sample=[]
[event] state_mapped: {"actions": 15, "dialogs": 0, "state_id": "project_open", "top_menus": 5}
2026-08-25 22:54:07.072 | INFO     | winwatt_automation.runtime_mapping.program_mapper:_build_state_atlas_entry:2053 - STATE_ATLAS_ENTRY_CREATED state_id=no_project top_menus=6 rows=54 actions=0 transitions=0 top_menu_texts=['Fájl', 'Jegyzékek', 'Adatbázis', 'Beállítások', 'Ablak', 'Súgó'] action_sample=[]
2026-08-25 22:54:07.078 | INFO     | winwatt_automation.runtime_mapping.program_mapper:_build_state_atlas_entry:2053 - STATE_ATLAS_ENTRY_CREATED state_id=project_open top_menus=5 rows=60 actions=0 transitions=0 top_menu_texts=['Fájl', 'Jegyzékek', 'Beállítások', 'Ablak', 'Súgó'] action_sample=[]
[event] runtime_diff: {"enabled_changes": 0, "project_only_paths": 5, "summary": {"actions_only_in_a": 14, "actions_only_in_b": 5, "enabled_changes": 0, "project_only_paths": 5, "shared_top_menus": 5}}
[event] knowledge_verification: {"baseline_loaded": false, "coverage_pct": 100.0, "covered_known_menu_paths": 0, "current_menu_paths": 29, "known_menu_paths": 0, "missing_dialogs": [], "missing_menu_paths": [], "missing_windows": [], "new_dialogs": [], "new_menu_paths": [["ablak", "[unlabeled row 2]"], ["ablak", "[unlabeled row 3]"], ["ablak", "[unlabeled row 5]"], ["ablak", "megnyitás"], ["ablak", "végrehajtás"], ["adatbázis", "[unlabeled row 2]"], ["adatbázis", "[unlabeled row 3]"], ["adatbázis", "[unlabeled row 5]"], ["adatbázis", "végrehajtás"], ["beállítások", "[unlabeled row 2]"], ["beállítások", "[unlabeled row 3]"], ["beállítások", "[unlabeled row 5]"], ["beállítások", "megnyitás"], ["beállítások", "végrehajtás"], ["fájl", "[unlabeled row 2]"], ["fájl", "[unlabeled row 3]"], ["fájl", "[unlabeled row 5]"], ["fájl", "megnyitás"], ["fájl", "végrehajtás"], ["jegyzékek", "[unlabeled row 2]"], ["jegyzékek", "[unlabeled row 3]"], ["jegyzékek", "[unlabeled row 5]"], ["jegyzékek", "megnyitás"], ["jegyzékek", "végrehajtás"], ["súgó", "[unlabeled row 2]"], ["súgó", "[unlabeled row 3]"], ["súgó", "[unlabeled row 5]"], ["súgó", "megnyitás"], ["súgó", "végrehajtás"]], "new_windows": []}
2026-08-25 22:54:07.120 | INFO     | winwatt_automation.live_ui.app_connector:log_cache_usage_summary:539 - CACHE_USAGE_SUMMARY reasons={'cache_missing_resolving_fresh': 30, 'cache_reused_without_validation': 285, 'cache_validated_ok': 2, 'fresh_resolve': 2} validation_age_summary={'count': 287, 'min_s': 0.015, 'max_s': 30.875} throttled_resolves=0
2026-08-25 22:54:07.120 | INFO     | winwatt_automation.live_ui.menu_helpers:log_popup_snapshot_summary:56 - POPUP_SNAPSHOT_SUMMARY snapshots=19 sources={'main_window': 289} dedupe={'kept': 289} topbar_like=114 popup_like=156 empty_text=31
2026-08-25 22:54:07.121 | INFO     | __main__:main:264 - Runtime mapping completed summary no_project_top_menus=6 project_open_top_menus=5 diff_summary={'shared_top_menus': 5, 'actions_only_in_a': 14, 'actions_only_in_b': 5, 'enabled_changes': 0, 'project_only_paths': 5} log_profile=concise
[event] runtime_mapping_summary: {"already_open_before_mapping": false, "diff_summary": {"actions_only_in_a": 14, "actions_only_in_b": 5, "enabled_changes": 0, "project_only_paths": 5, "shared_top_menus": 5}, "expected_project_path": "C:\\Users\\Admin\\Documents\\GitHub\\autowinwatt\\winwatt_automation\\tests\\testwwp.wwp", "no_project_top_menus": 6, "observed_project_path": "C:\\Users\\Admin\\Documents\\GitHub\\autowinwatt\\winwatt_automation\\tests\\testwwp.wwp", "path_match_normalized": true, "project_open_top_menus": 5, "project_open_verdict": "opened_by_this_attempt", "startup_project_detected": false}

finished_at=2026-08-25T20:54:07.123267+00:00 success=True exit_code=0
