run_id=0114_data_runtime_maps_refreshed_live_9_60_full_2026-08-25_20-56-05
started_at=2026-08-25T20:56:05.213546+00:00
command=python C:\Users\Admin\Documents\GitHub\autowinwatt\winwatt_automation\src\winwatt_automation\scripts\map_full_program.py --safe-mode safe --allow-process-restart --diagnostic-fast-mode --max-submenu-depth 1 --recent-projects-policy skip_recent_projects --log-profile concise --output-dir data/runtime_maps/refreshed_live_9_60_full

2026-08-25 22:56:06.535 | INFO     | winwatt_automation.live_ui.app_connector:get_cached_main_window:597 - DBG_WINWATT_CACHE_GET reason_code=cache_missing_resolving_fresh diagnostic_fast_mode=True
2026-08-25 22:56:09.495 | INFO     | winwatt_automation.live_ui.app_connector:_connect_with_win32_handle:276 - DBG_WINWATT_CONNECT_WIN32_CANDIDATES locator=backend=win32 ranked_candidates=[]
2026-08-25 22:56:09.495 | WARNING  | winwatt_automation.runtime_mapping.program_mapper:_safe_capture_snapshot:191 - snapshot_capture_failed state_id=startup_after_relaunch error=No WinWatt-like windows were found
2026-08-25 22:56:10.008 | INFO     | winwatt_automation.live_ui.app_connector:get_cached_main_window:597 - DBG_WINWATT_CACHE_GET reason_code=cache_missing_resolving_fresh diagnostic_fast_mode=True
2026-08-25 22:56:11.662 | INFO     | winwatt_automation.live_ui.app_connector:_connect_with_win32_handle:276 - DBG_WINWATT_CONNECT_WIN32_CANDIDATES locator=backend=win32 ranked_candidates=[]
2026-08-25 22:56:11.662 | WARNING  | winwatt_automation.runtime_mapping.program_mapper:_safe_capture_snapshot:191 - snapshot_capture_failed state_id=startup_after_relaunch error=No WinWatt-like windows were found
2026-08-25 22:56:12.164 | INFO     | winwatt_automation.live_ui.app_connector:get_cached_main_window:597 - DBG_WINWATT_CACHE_GET reason_code=cache_missing_resolving_fresh diagnostic_fast_mode=True
2026-08-25 22:56:12.264 | INFO     | winwatt_automation.live_ui.app_connector:_connect_with_win32_handle:276 - DBG_WINWATT_CONNECT_WIN32_CANDIDATES locator=backend=win32 ranked_candidates=[]
2026-08-25 22:56:12.264 | WARNING  | winwatt_automation.runtime_mapping.program_mapper:_safe_capture_snapshot:191 - snapshot_capture_failed state_id=startup_after_relaunch error=No WinWatt-like windows were found
2026-08-25 22:56:12.765 | INFO     | winwatt_automation.live_ui.app_connector:get_cached_main_window:597 - DBG_WINWATT_CACHE_GET reason_code=cache_missing_resolving_fresh diagnostic_fast_mode=True
2026-08-25 22:56:12.845 | INFO     | winwatt_automation.live_ui.app_connector:_connect_with_win32_handle:276 - DBG_WINWATT_CONNECT_WIN32_CANDIDATES locator=backend=win32 ranked_candidates=[]
2026-08-25 22:56:12.845 | WARNING  | winwatt_automation.runtime_mapping.program_mapper:_safe_capture_snapshot:191 - snapshot_capture_failed state_id=startup_after_relaunch error=No WinWatt-like windows were found
2026-08-25 22:56:13.356 | INFO     | winwatt_automation.live_ui.app_connector:get_cached_main_window:597 - DBG_WINWATT_CACHE_GET reason_code=cache_missing_resolving_fresh diagnostic_fast_mode=True
2026-08-25 22:56:13.429 | INFO     | winwatt_automation.live_ui.app_connector:_connect_with_win32_handle:276 - DBG_WINWATT_CONNECT_WIN32_CANDIDATES locator=backend=win32 ranked_candidates=[]
2026-08-25 22:56:13.429 | WARNING  | winwatt_automation.runtime_mapping.program_mapper:_safe_capture_snapshot:191 - snapshot_capture_failed state_id=startup_after_relaunch error=No WinWatt-like windows were found
2026-08-25 22:56:13.934 | INFO     | winwatt_automation.live_ui.app_connector:get_cached_main_window:597 - DBG_WINWATT_CACHE_GET reason_code=cache_missing_resolving_fresh diagnostic_fast_mode=True
2026-08-25 22:56:14.031 | INFO     | winwatt_automation.live_ui.app_connector:_connect_with_win32_handle:276 - DBG_WINWATT_CONNECT_WIN32_CANDIDATES locator=backend=win32 ranked_candidates=[]
2026-08-25 22:56:14.031 | WARNING  | winwatt_automation.runtime_mapping.program_mapper:_safe_capture_snapshot:191 - snapshot_capture_failed state_id=startup_after_relaunch error=No WinWatt-like windows were found
2026-08-25 22:56:14.535 | INFO     | winwatt_automation.live_ui.app_connector:get_cached_main_window:597 - DBG_WINWATT_CACHE_GET reason_code=cache_missing_resolving_fresh diagnostic_fast_mode=True
2026-08-25 22:56:14.700 | INFO     | winwatt_automation.live_ui.app_connector:_connect_with_win32_handle:276 - DBG_WINWATT_CONNECT_WIN32_CANDIDATES locator=backend=win32 ranked_candidates=[]
2026-08-25 22:56:14.700 | WARNING  | winwatt_automation.runtime_mapping.program_mapper:_safe_capture_snapshot:191 - snapshot_capture_failed state_id=startup_after_relaunch error=No WinWatt-like windows were found
2026-08-25 22:56:15.204 | INFO     | winwatt_automation.live_ui.app_connector:get_cached_main_window:597 - DBG_WINWATT_CACHE_GET reason_code=cache_missing_resolving_fresh diagnostic_fast_mode=True
2026-08-25 22:56:15.279 | INFO     | winwatt_automation.live_ui.app_connector:_connect_with_win32_handle:276 - DBG_WINWATT_CONNECT_WIN32_CANDIDATES locator=backend=win32 ranked_candidates=[]
2026-08-25 22:56:15.295 | WARNING  | winwatt_automation.runtime_mapping.program_mapper:_safe_capture_snapshot:191 - snapshot_capture_failed state_id=startup_after_relaunch error=No WinWatt-like windows were found
2026-08-25 22:56:15.797 | INFO     | winwatt_automation.live_ui.app_connector:get_cached_main_window:597 - DBG_WINWATT_CACHE_GET reason_code=cache_missing_resolving_fresh diagnostic_fast_mode=True
2026-08-25 22:56:15.903 | INFO     | winwatt_automation.live_ui.app_connector:_connect_with_win32_handle:276 - DBG_WINWATT_CONNECT_WIN32_CANDIDATES locator=backend=win32 ranked_candidates=[]
2026-08-25 22:56:15.903 | WARNING  | winwatt_automation.runtime_mapping.program_mapper:_safe_capture_snapshot:191 - snapshot_capture_failed state_id=startup_after_relaunch error=No WinWatt-like windows were found
2026-08-25 22:56:16.405 | INFO     | winwatt_automation.live_ui.app_connector:get_cached_main_window:597 - DBG_WINWATT_CACHE_GET reason_code=cache_missing_resolving_fresh diagnostic_fast_mode=True
2026-08-25 22:56:16.462 | INFO     | winwatt_automation.live_ui.app_connector:_connect_with_win32_handle:276 - DBG_WINWATT_CONNECT_WIN32_CANDIDATES locator=backend=win32 ranked_candidates=[]
2026-08-25 22:56:16.477 | WARNING  | winwatt_automation.runtime_mapping.program_mapper:_safe_capture_snapshot:191 - snapshot_capture_failed state_id=startup_after_relaunch error=No WinWatt-like windows were found
2026-08-25 22:56:16.978 | INFO     | winwatt_automation.live_ui.app_connector:get_cached_main_window:597 - DBG_WINWATT_CACHE_GET reason_code=cache_missing_resolving_fresh diagnostic_fast_mode=True
2026-08-25 22:56:17.050 | INFO     | winwatt_automation.live_ui.app_connector:_connect_with_win32_handle:276 - DBG_WINWATT_CONNECT_WIN32_CANDIDATES locator=backend=win32 ranked_candidates=[]
2026-08-25 22:56:17.050 | WARNING  | winwatt_automation.runtime_mapping.program_mapper:_safe_capture_snapshot:191 - snapshot_capture_failed state_id=startup_after_relaunch error=No WinWatt-like windows were found
2026-08-25 22:56:17.551 | INFO     | winwatt_automation.live_ui.app_connector:get_cached_main_window:597 - DBG_WINWATT_CACHE_GET reason_code=cache_missing_resolving_fresh diagnostic_fast_mode=True
2026-08-25 22:56:17.633 | INFO     | winwatt_automation.live_ui.app_connector:_connect_with_win32_handle:276 - DBG_WINWATT_CONNECT_WIN32_CANDIDATES locator=backend=win32 ranked_candidates=[]
2026-08-25 22:56:17.635 | WARNING  | winwatt_automation.runtime_mapping.program_mapper:_safe_capture_snapshot:191 - snapshot_capture_failed state_id=startup_after_relaunch error=No WinWatt-like windows were found
2026-08-25 22:56:18.135 | INFO     | winwatt_automation.live_ui.app_connector:get_cached_main_window:597 - DBG_WINWATT_CACHE_GET reason_code=cache_missing_resolving_fresh diagnostic_fast_mode=True
2026-08-25 22:56:18.197 | WARNING  | winwatt_automation.runtime_mapping.program_mapper:_safe_capture_snapshot:191 - snapshot_capture_failed state_id=startup_after_relaunch error=Handle 2230370 is not a vaild window handle
2026-08-25 22:56:18.697 | INFO     | winwatt_automation.live_ui.app_connector:get_cached_main_window:597 - DBG_WINWATT_CACHE_GET reason_code=cache_missing_resolving_fresh diagnostic_fast_mode=True
2026-08-25 22:56:18.802 | INFO     | winwatt_automation.live_ui.app_connector:_connect_with_win32_handle:276 - DBG_WINWATT_CONNECT_WIN32_CANDIDATES locator=backend=win32 ranked_candidates=[{'rank': 1, 'score': (1, 1, 1, 1, 2017600), 'process_id': 12376, 'handle': None, 'class_name': 'TMainForm', 'title': 'WinWatt gólya', 'visible': True, 'enabled': True}]
2026-08-25 22:56:18.814 | INFO     | winwatt_automation.live_ui.app_connector:select_main_window:224 - Candidate ranking score=(1, 1, 1, 1, 2017600) data={'title': 'WinWatt gólya', 'window_text': 'WinWatt gólya', 'class_name': 'TMainForm', 'control_type': None, 'process_id': 12376, 'handle': None, 'is_visible': True, 'is_enabled': True, 'rectangle': {'left': -10, 'top': -10, 'right': 1930, 'bottom': 1030, 'width': 1940, 'height': 1040}, 'size': {'width': 1940, 'height': 1040}}
2026-08-25 22:56:18.814 | INFO     | winwatt_automation.live_ui.app_connector:select_main_window:234 - Selected main window process_id=12376 handle=None score=(1, 1, 1, 1, 2017600) reasons=['has_process_id=True', 'has_handle=False', 'visible=True', 'enabled=True', 'title_has_winwatt=True', 'area=2017600']
2026-08-25 22:56:18.814 | INFO     | winwatt_automation.live_ui.app_connector:_connect_with_win32_handle:293 - DBG_WINWATT_CONNECT_WIN32_SELECTED selected_payload={'title': 'WinWatt gólya', 'window_text': 'WinWatt gólya', 'class_name': 'TMainForm', 'control_type': None, 'process_id': 12376, 'handle': None, 'is_visible': True, 'is_enabled': True, 'rectangle': {'left': -10, 'top': -10, 'right': 1930, 'bottom': 1030, 'width': 1940, 'height': 1040}, 'size': {'width': 1940, 'height': 1040}} selected_handle_is_none=True
2026-08-25 22:56:18.814 | INFO     | winwatt_automation.live_ui.app_connector:_connect_with_win32_handle:336 - Connected to WinWatt backend=win32 attach_mode=process candidate={'process_id': 12376, 'handle': None, 'class_name': 'TMainForm', 'title': 'WinWatt gólya'}
2026-08-25 22:56:18.822 | INFO     | winwatt_automation.live_ui.app_connector:_connect_with_win32_handle:350 - DBG_WINWATT_CONNECT_WIN32_RESOLVED process_id=12376 resolved_handle=None selected_payload={'title': 'WinWatt gólya', 'window_text': 'WinWatt gólya', 'class_name': 'TMainForm', 'control_type': None, 'process_id': 12376, 'handle': None, 'is_visible': True, 'is_enabled': True, 'rectangle': {'left': -10, 'top': -10, 'right': 1930, 'bottom': 1030, 'width': 1940, 'height': 1040}, 'size': {'width': 1940, 'height': 1040}}
2026-08-25 22:56:18.828 | INFO     | winwatt_automation.live_ui.app_connector:_resolve_uia_main_window:382 - DBG_WINWATT_RESOLVE_UIA_WIN32_SELECTED selected_payload={'title': 'WinWatt gólya', 'window_text': 'WinWatt gólya', 'class_name': 'TMainForm', 'control_type': None, 'process_id': 12376, 'handle': None, 'is_visible': True, 'is_enabled': True, 'rectangle': {'left': -10, 'top': -10, 'right': 1930, 'bottom': 1030, 'width': 1940, 'height': 1040}, 'size': {'width': 1940, 'height': 1040}}
2026-08-25 22:56:18.828 | INFO     | winwatt_automation.live_ui.app_connector:_resolve_uia_main_window:388 - Connected to WinWatt backend=uia process_id=12376
2026-08-25 22:56:18.828 | INFO     | winwatt_automation.live_ui.app_connector:_resolve_uia_main_window:390 - Resolving main WinWatt window backend=uia class_name=TMainForm title_re=.*WinWatt.*
2026-08-25 22:56:19.270 | INFO     | winwatt_automation.live_ui.app_connector:_resolve_uia_main_window:400 - DBG_WINWATT_RESOLVE_UIA_PRIMARY selected_payload={'title': 'WinWatt gólya', 'window_text': 'WinWatt gólya', 'class_name': 'TMainForm', 'control_type': None, 'process_id': 12376, 'handle': None, 'is_visible': True, 'is_enabled': True, 'rectangle': {'left': -10, 'top': -10, 'right': 1930, 'bottom': 1030, 'width': 1940, 'height': 1040}, 'size': {'width': 1940, 'height': 1040}} primary_result={'wrapper_type': 'UIAWrapper', 'handle': 1117304, 'process_id': 12376, 'title': 'WinWatt gólya', 'class_name': 'TMainForm', 'control_type': 'Window'} identity_match_with_win32=None
2026-08-25 22:56:19.986 | INFO     | winwatt_automation.live_ui.menu_helpers:_menu_items:1101 - DBG_MENU_ITEMS_SUMMARY total_items=7 visible_items=7 topbar_band=(0, 0, 409, 53) topbar_band_visible_count=7 popup_region_visible_count=0 force_refresh=True handle=1117304
2026-08-25 22:56:20.088 | INFO     | winwatt_automation.live_ui.menu_helpers:list_top_menu_items:1141 - Top-level menu items (raw): ['Rendszer', 'Fájl', 'Jegyzékek', 'Adatbázis...', 'Beállítások', 'Ablak', 'Súgó']
2026-08-25 22:56:20.907 | INFO     | winwatt_automation.live_ui.menu_helpers:_menu_items:1101 - DBG_MENU_ITEMS_SUMMARY total_items=7 visible_items=7 topbar_band=(0, 0, 409, 53) topbar_band_visible_count=7 popup_region_visible_count=0 force_refresh=True handle=1117304
2026-08-25 22:56:21.032 | INFO     | winwatt_automation.live_ui.menu_helpers:list_top_menu_items:1141 - Top-level menu items (raw): ['Rendszer', 'Fájl', 'Jegyzékek', 'Adatbázis...', 'Beállítások', 'Ablak', 'Súgó']
2026-08-25 22:56:21.814 | INFO     | winwatt_automation.live_ui.menu_helpers:_menu_items:1101 - DBG_MENU_ITEMS_SUMMARY total_items=7 visible_items=7 topbar_band=(0, 0, 409, 53) topbar_band_visible_count=7 popup_region_visible_count=0 force_refresh=True handle=1117304
2026-08-25 22:56:21.878 | INFO     | winwatt_automation.live_ui.menu_helpers:list_top_menu_items:1141 - Top-level menu items (raw): ['Rendszer', 'Fájl', 'Jegyzékek', 'Adatbázis...', 'Beállítások', 'Ablak', 'Súgó']
2026-08-25 22:56:21.878 | INFO     | winwatt_automation.runtime_mapping.program_mapper:get_canonical_top_menu_names:924 - Canonical top-level menus [7]: ['Rendszer', 'Fájl', 'Jegyzékek', 'Adatbázis...', 'Beállítások', 'Ablak', 'Súgó']
2026-08-25 22:56:21.878 | INFO     | winwatt_automation.runtime_mapping.program_mapper:map_runtime_state:4285 - MAP_RUNTIME_STATE_SELECTION state_id=no_project discovered=['Rendszer', 'Fájl', 'Jegyzékek', 'Adatbázis...', 'Beállítások', 'Ablak', 'Súgó'] canonical=['Rendszer', 'Fájl', 'Jegyzékek', 'Adatbázis...', 'Beállítások', 'Ablak', 'Súgó'] requested=['Fájl', 'Jegyzékek', 'Adatbázis...', 'Beállítások', 'Ablak', 'Súgó'] normalized_targets=['fájl', 'jegyzékek', 'adatbázis', 'beállítások', 'ablak', 'súgó']
2026-08-25 22:56:21.980 | INFO     | winwatt_automation.live_ui.menu_helpers:_menu_items:1101 - DBG_MENU_ITEMS_SUMMARY total_items=7 visible_items=7 topbar_band=(0, 0, 409, 53) topbar_band_visible_count=7 popup_region_visible_count=0 force_refresh=False handle=1117304
2026-08-25 22:56:21.990 | INFO     | winwatt_automation.live_ui.menu_helpers:capture_menu_popup_snapshot:1724 - POPUP_SNAPSHOT_SUMMARY main_window_fragments=7 global_scan_fragments=0 deduped_fragments=7 topbar_like=6 popup_like=0 empty_text=0 topbar_band=(0, 29, 409, 53) empty_text_vertical_cluster_detected=False accepted_popup_rows=0 popup_heuristic=candidate_count_below_threshold
2026-08-25 22:56:22.753 | INFO     | winwatt_automation.live_ui.menu_helpers:_menu_items:1101 - DBG_MENU_ITEMS_SUMMARY total_items=7 visible_items=7 topbar_band=(0, 0, 409, 53) topbar_band_visible_count=7 popup_region_visible_count=0 force_refresh=True handle=1117304
2026-08-25 22:56:22.816 | INFO     | winwatt_automation.live_ui.menu_helpers:list_top_menu_items:1141 - Top-level menu items (raw): ['Rendszer', 'Fájl', 'Jegyzékek', 'Adatbázis...', 'Beállítások', 'Ablak', 'Súgó']
2026-08-25 22:56:22.832 | INFO     | winwatt_automation.runtime_mapping.program_mapper:explore_menu_tree:3592 - DBG_WINWATT_NORMAL_MENU_OPEN_NO_POPUP state=no_project top_menu=Fájl attempt=0 raw_row_count=7 popup_like_count=0 topbar_like_count=6 filtered_row_count=0
2026-08-25 22:56:22.832 | INFO     | winwatt_automation.runtime_mapping.program_mapper:_open_and_capture_root_menu:1489 - DBG_WINWATT_NORMAL_MENU_OPEN_START state=no_project top_menu=Fájl menu_kind=normal
2026-08-25 22:56:23.543 | INFO     | winwatt_automation.live_ui.menu_helpers:_menu_items:1101 - DBG_MENU_ITEMS_SUMMARY total_items=7 visible_items=7 topbar_band=(0, 0, 409, 53) topbar_band_visible_count=7 popup_region_visible_count=0 force_refresh=True handle=1117304
2026-08-25 22:56:23.628 | INFO     | winwatt_automation.live_ui.menu_helpers:list_top_menu_items:1141 - Top-level menu items (raw): ['Rendszer', 'Fájl', 'Jegyzékek', 'Adatbázis...', 'Beállítások', 'Ablak', 'Súgó']
2026-08-25 22:56:23.691 | INFO     | winwatt_automation.live_ui.app_connector:prepare_main_window_for_menu_interaction:981 - Preparing WinWatt window for menu interaction
2026-08-25 22:56:23.707 | INFO     | winwatt_automation.live_ui.app_connector:prepare_main_window_for_menu_interaction:1001 - Window state before: maximized
2026-08-25 22:56:23.707 | INFO     | winwatt_automation.live_ui.app_connector:prepare_main_window_for_menu_interaction:1022 - Window maximized
2026-08-25 22:56:23.707 | INFO     | winwatt_automation.live_ui.app_connector:prepare_main_window_for_menu_interaction:1031 - Focus confirmed
2026-08-25 22:56:23.723 | INFO     | winwatt_automation.live_ui.app_connector:ensure_main_window_foreground_before_click:1190 - DBG_WINWATT_FOCUS_GUARD_PRECHECK action_label=click_top_menu_item:Fájl wrapper_type=UIAWrapper cached_handle=1117304 cached_pid=12376 cached_title=WinWatt gólya cached_class=TMainForm precheck_exists=False precheck_visible=True precheck_enabled=True rect={'left': -10, 'top': -10, 'right': 1930, 'bottom': 1030, 'width': 1940, 'height': 1040}
2026-08-25 22:56:23.723 | WARNING  | winwatt_automation.live_ui.app_connector:ensure_main_window_foreground_before_click:1288 - DBG_WINWATT_FOCUS_GUARD_CLICK_OVERRIDE action_label=click_top_menu_item:Fájl reason=exists_false_but_identity_strong wrapper_type=UIAWrapper identity_reasons=['handle', 'process_id', 'title', 'class_name', 'rect', 'visible', 'enabled'] cached_identity={'wrapper_type': 'UIAWrapper', 'handle': 1117304, 'process_id': 12376, 'title': 'WinWatt gólya', 'class_name': 'TMainForm', 'control_type': 'Window'} rect={'left': -10, 'top': -10, 'right': 1930, 'bottom': 1030, 'width': 1940, 'height': 1040}
2026-08-25 22:56:23.723 | INFO     | winwatt_automation.live_ui.app_connector:is_winwatt_foreground_context:1134 - DBG_WINWATT_FOREGROUND_CONTEXT expected_handle=1117304 expected_process_id=12376 expected_title=WinWatt gólya expected_class_name=TMainForm actual_foreground_handle=1117304 actual_foreground_process_id=12376 actual_foreground_title=WinWatt gólya actual_foreground_class_name=TMainForm allow_dialog=False result_reason=handle_match
2026-08-25 22:56:23.723 | INFO     | winwatt_automation.live_ui.app_connector:ensure_main_window_foreground_before_click:1351 - DBG_WINWATT_FOCUS_GUARD_RESULT action_label=click_top_menu_item:Fájl status=focus_ok reason=handle_match foreground={'handle': 1117304, 'title': 'WinWatt gólya', 'class_name': 'TMainForm', 'process_id': 12376} same_context_as_cached_main=True win32_uia_identity_match=True
2026-08-25 22:56:23.723 | INFO     | winwatt_automation.live_ui.menu_helpers:click_top_menu_item:2326 - click_top_menu_item('Fájl'): foreground_before_click={'handle': 1117304, 'title': 'WinWatt gólya', 'class_name': 'TMainForm', 'process_id': 12376}
2026-08-25 22:56:23.739 | INFO     | winwatt_automation.live_ui.menu_helpers:_menu_items:1101 - DBG_MENU_ITEMS_SUMMARY total_items=7 visible_items=7 topbar_band=(0, 0, 409, 53) topbar_band_visible_count=7 popup_region_visible_count=0 force_refresh=False handle=1117304
2026-08-25 22:56:23.818 | INFO     | winwatt_automation.live_ui.menu_helpers:_menu_items:1101 - DBG_MENU_ITEMS_SUMMARY total_items=7 visible_items=7 topbar_band=(0, 0, 409, 53) topbar_band_visible_count=7 popup_region_visible_count=0 force_refresh=False handle=1117304
2026-08-25 22:56:23.818 | INFO     | winwatt_automation.live_ui.menu_helpers:capture_menu_popup_snapshot:1724 - POPUP_SNAPSHOT_SUMMARY main_window_fragments=7 global_scan_fragments=0 deduped_fragments=7 topbar_like=6 popup_like=0 empty_text=0 topbar_band=(0, 29, 409, 53) empty_text_vertical_cluster_detected=False accepted_popup_rows=0 popup_heuristic=candidate_count_below_threshold
2026-08-25 22:56:23.947 | INFO     | winwatt_automation.live_ui.menu_helpers:_validate_post_menu_open_foreground:962 - post_click_foreground_validation title=Fájl foreground={'handle': 1117304, 'title': 'WinWatt gólya', 'class_name': 'TMainForm', 'process_id': 12376}
2026-08-25 22:56:23.961 | INFO     | winwatt_automation.live_ui.app_connector:is_winwatt_foreground_context:1134 - DBG_WINWATT_FOREGROUND_CONTEXT expected_handle=1117304 expected_process_id=12376 expected_title=WinWatt gólya expected_class_name=TMainForm actual_foreground_handle=1117304 actual_foreground_process_id=12376 actual_foreground_title=WinWatt gólya actual_foreground_class_name=TMainForm allow_dialog=True result_reason=handle_match
2026-08-25 22:56:24.273 | INFO     | winwatt_automation.live_ui.menu_helpers:_menu_items:1101 - DBG_MENU_ITEMS_SUMMARY total_items=16 visible_items=16 topbar_band=(0, 0, 409, 53) topbar_band_visible_count=7 popup_region_visible_count=9 force_refresh=False handle=1117304
2026-08-25 22:56:24.280 | INFO     | winwatt_automation.live_ui.menu_helpers:_menu_row_from_wrapper:1545 - TEXT_EXTRACTION_FALLBACK_USED source=legacy_text confidence=medium rect={'left': 4, 'top': 56, 'right': 687, 'bottom': 84}
2026-08-25 22:56:24.299 | INFO     | winwatt_automation.live_ui.menu_helpers:_menu_row_from_wrapper:1545 - TEXT_EXTRACTION_FALLBACK_USED source=legacy_text confidence=medium rect={'left': 4, 'top': 84, 'right': 687, 'bottom': 112}
2026-08-25 22:56:24.305 | WARNING  | winwatt_automation.live_ui.menu_helpers:_menu_row_from_wrapper:1547 - TEXT_EXTRACTION_FAILED source_scope=main_window rect={'left': 4, 'top': 111, 'right': 687, 'bottom': 139}
2026-08-25 22:56:24.309 | WARNING  | winwatt_automation.live_ui.menu_helpers:_menu_row_from_wrapper:1547 - TEXT_EXTRACTION_FAILED source_scope=main_window rect={'left': 4, 'top': 139, 'right': 687, 'bottom': 167}
2026-08-25 22:56:24.325 | INFO     | winwatt_automation.live_ui.menu_helpers:_menu_row_from_wrapper:1545 - TEXT_EXTRACTION_FALLBACK_USED source=legacy_text confidence=medium rect={'left': 4, 'top': 166, 'right': 687, 'bottom': 194}
2026-08-25 22:56:24.325 | WARNING  | winwatt_automation.live_ui.menu_helpers:_menu_row_from_wrapper:1547 - TEXT_EXTRACTION_FAILED source_scope=main_window rect={'left': 4, 'top': 201, 'right': 687, 'bottom': 229}
2026-08-25 22:56:24.341 | INFO     | winwatt_automation.live_ui.menu_helpers:_menu_row_from_wrapper:1545 - TEXT_EXTRACTION_FALLBACK_USED source=legacy_text confidence=medium rect={'left': 4, 'top': 229, 'right': 687, 'bottom': 257}
2026-08-25 22:56:24.341 | INFO     | winwatt_automation.live_ui.menu_helpers:_menu_row_from_wrapper:1545 - TEXT_EXTRACTION_FALLBACK_USED source=legacy_text confidence=medium rect={'left': 4, 'top': 264, 'right': 687, 'bottom': 292}
2026-08-25 22:56:24.357 | INFO     | winwatt_automation.live_ui.menu_helpers:_menu_row_from_wrapper:1545 - TEXT_EXTRACTION_FALLBACK_USED source=legacy_text confidence=medium rect={'left': 4, 'top': 299, 'right': 687, 'bottom': 327}
2026-08-25 22:56:24.485 | INFO     | winwatt_automation.live_ui.menu_helpers:capture_menu_popup_snapshot:1724 - POPUP_SNAPSHOT_SUMMARY main_window_fragments=16 global_scan_fragments=0 deduped_fragments=16 topbar_like=6 popup_like=9 empty_text=3 topbar_band=(0, 29, 409, 53) empty_text_vertical_cluster_detected=False accepted_popup_rows=0 popup_heuristic=candidate_count_below_threshold
2026-08-25 22:56:24.789 | INFO     | winwatt_automation.live_ui.menu_helpers:_menu_items:1101 - DBG_MENU_ITEMS_SUMMARY total_items=16 visible_items=16 topbar_band=(0, 0, 687, 327) topbar_band_visible_count=16 popup_region_visible_count=0 force_refresh=False handle=1117304
2026-08-25 22:56:24.789 | INFO     | winwatt_automation.live_ui.menu_helpers:_menu_row_from_wrapper:1545 - TEXT_EXTRACTION_FALLBACK_USED source=legacy_text confidence=medium rect={'left': 4, 'top': 56, 'right': 687, 'bottom': 84}
2026-08-25 22:56:24.803 | INFO     | winwatt_automation.live_ui.menu_helpers:_menu_row_from_wrapper:1545 - TEXT_EXTRACTION_FALLBACK_USED source=legacy_text confidence=medium rect={'left': 4, 'top': 84, 'right': 687, 'bottom': 112}
2026-08-25 22:56:24.803 | WARNING  | winwatt_automation.live_ui.menu_helpers:_menu_row_from_wrapper:1547 - TEXT_EXTRACTION_FAILED source_scope=main_window rect={'left': 4, 'top': 111, 'right': 687, 'bottom': 139}
2026-08-25 22:56:24.819 | WARNING  | winwatt_automation.live_ui.menu_helpers:_menu_row_from_wrapper:1547 - TEXT_EXTRACTION_FAILED source_scope=main_window rect={'left': 4, 'top': 139, 'right': 687, 'bottom': 167}
2026-08-25 22:56:24.819 | INFO     | winwatt_automation.live_ui.menu_helpers:_menu_row_from_wrapper:1545 - TEXT_EXTRACTION_FALLBACK_USED source=legacy_text confidence=medium rect={'left': 4, 'top': 166, 'right': 687, 'bottom': 194}
2026-08-25 22:56:24.835 | WARNING  | winwatt_automation.live_ui.menu_helpers:_menu_row_from_wrapper:1547 - TEXT_EXTRACTION_FAILED source_scope=main_window rect={'left': 4, 'top': 201, 'right': 687, 'bottom': 229}
2026-08-25 22:56:24.851 | INFO     | winwatt_automation.live_ui.menu_helpers:_menu_row_from_wrapper:1545 - TEXT_EXTRACTION_FALLBACK_USED source=legacy_text confidence=medium rect={'left': 4, 'top': 229, 'right': 687, 'bottom': 257}
2026-08-25 22:56:24.863 | INFO     | winwatt_automation.live_ui.menu_helpers:_menu_row_from_wrapper:1545 - TEXT_EXTRACTION_FALLBACK_USED source=legacy_text confidence=medium rect={'left': 4, 'top': 264, 'right': 687, 'bottom': 292}
2026-08-25 22:56:24.868 | INFO     | winwatt_automation.live_ui.menu_helpers:_menu_row_from_wrapper:1545 - TEXT_EXTRACTION_FALLBACK_USED source=legacy_text confidence=medium rect={'left': 4, 'top': 299, 'right': 687, 'bottom': 327}
2026-08-25 22:56:25.009 | INFO     | winwatt_automation.live_ui.menu_helpers:capture_menu_popup_snapshot:1724 - POPUP_SNAPSHOT_SUMMARY main_window_fragments=16 global_scan_fragments=0 deduped_fragments=16 topbar_like=6 popup_like=9 empty_text=3 topbar_band=(0, 29, 409, 53) empty_text_vertical_cluster_detected=False accepted_popup_rows=0 popup_heuristic=candidate_count_below_threshold
2026-08-25 22:56:25.780 | INFO     | winwatt_automation.live_ui.menu_helpers:_menu_items:1101 - DBG_MENU_ITEMS_SUMMARY total_items=16 visible_items=16 topbar_band=(0, 0, 687, 327) topbar_band_visible_count=16 popup_region_visible_count=0 force_refresh=True handle=1117304
2026-08-25 22:56:25.787 | INFO     | winwatt_automation.live_ui.menu_helpers:_log_top_menu_popup_diagnostics:526 - DBG_MENU_EMPTY_TEXT_VERTICAL_CLUSTER detected=False accepted_popup_rows=0 reason=candidate_count_below_threshold topbar_band=(0, 29, 409, 53)
2026-08-25 22:56:25.790 | INFO     | winwatt_automation.live_ui.menu_helpers:_log_top_menu_popup_diagnostics:548 - DBG_TOP_MENU_CLICK_POPUP_DIAG title=Fájl total_visible_menuitems=16 topbar_band_menuitems=6 popup_region_menuitems=9 new_cluster_below_topbar=True visible_texts_under_title=['Végrehajtás', 'Végrehajtás', '', '', 'Végrehajtás', '', 'Végrehajtás', 'Végrehajtás', 'Végrehajtás'] topbar_band=(0, 29, 409, 53) snapshot_row_count=16
2026-08-25 22:56:25.948 | INFO     | winwatt_automation.live_ui.menu_helpers:_menu_items:1101 - DBG_MENU_ITEMS_SUMMARY total_items=16 visible_items=16 topbar_band=(0, 0, 687, 327) topbar_band_visible_count=16 popup_region_visible_count=0 force_refresh=False handle=1117304
2026-08-25 22:56:25.948 | INFO     | winwatt_automation.live_ui.menu_helpers:_menu_row_from_wrapper:1545 - TEXT_EXTRACTION_FALLBACK_USED source=legacy_text confidence=medium rect={'left': 4, 'top': 56, 'right': 687, 'bottom': 84}
2026-08-25 22:56:25.964 | INFO     | winwatt_automation.live_ui.menu_helpers:_menu_row_from_wrapper:1545 - TEXT_EXTRACTION_FALLBACK_USED source=legacy_text confidence=medium rect={'left': 4, 'top': 84, 'right': 687, 'bottom': 112}
2026-08-25 22:56:25.979 | WARNING  | winwatt_automation.live_ui.menu_helpers:_menu_row_from_wrapper:1547 - TEXT_EXTRACTION_FAILED source_scope=main_window rect={'left': 4, 'top': 111, 'right': 687, 'bottom': 139}
2026-08-25 22:56:25.991 | WARNING  | winwatt_automation.live_ui.menu_helpers:_menu_row_from_wrapper:1547 - TEXT_EXTRACTION_FAILED source_scope=main_window rect={'left': 4, 'top': 139, 'right': 687, 'bottom': 167}
2026-08-25 22:56:25.996 | INFO     | winwatt_automation.live_ui.menu_helpers:_menu_row_from_wrapper:1545 - TEXT_EXTRACTION_FALLBACK_USED source=legacy_text confidence=medium rect={'left': 4, 'top': 166, 'right': 687, 'bottom': 194}
2026-08-25 22:56:25.996 | WARNING  | winwatt_automation.live_ui.menu_helpers:_menu_row_from_wrapper:1547 - TEXT_EXTRACTION_FAILED source_scope=main_window rect={'left': 4, 'top': 201, 'right': 687, 'bottom': 229}
2026-08-25 22:56:26.011 | INFO     | winwatt_automation.live_ui.menu_helpers:_menu_row_from_wrapper:1545 - TEXT_EXTRACTION_FALLBACK_USED source=legacy_text confidence=medium rect={'left': 4, 'top': 229, 'right': 687, 'bottom': 257}
2026-08-25 22:56:26.027 | INFO     | winwatt_automation.live_ui.menu_helpers:_menu_row_from_wrapper:1545 - TEXT_EXTRACTION_FALLBACK_USED source=legacy_text confidence=medium rect={'left': 4, 'top': 264, 'right': 687, 'bottom': 292}
2026-08-25 22:56:26.027 | INFO     | winwatt_automation.live_ui.menu_helpers:_menu_row_from_wrapper:1545 - TEXT_EXTRACTION_FALLBACK_USED source=legacy_text confidence=medium rect={'left': 4, 'top': 299, 'right': 687, 'bottom': 327}
2026-08-25 22:56:26.042 | INFO     | winwatt_automation.live_ui.menu_helpers:capture_menu_popup_snapshot:1724 - POPUP_SNAPSHOT_SUMMARY main_window_fragments=16 global_scan_fragments=0 deduped_fragments=16 topbar_like=6 popup_like=9 empty_text=3 topbar_band=(0, 29, 409, 53) empty_text_vertical_cluster_detected=False accepted_popup_rows=0 popup_heuristic=candidate_count_below_threshold
2026-08-25 22:56:26.965 | INFO     | winwatt_automation.live_ui.menu_helpers:_menu_items:1101 - DBG_MENU_ITEMS_SUMMARY total_items=16 visible_items=16 topbar_band=(0, 0, 687, 327) topbar_band_visible_count=16 popup_region_visible_count=0 force_refresh=True handle=1117304
2026-08-25 22:56:27.093 | INFO     | winwatt_automation.live_ui.menu_helpers:list_top_menu_items:1141 - Top-level menu items (raw): ['Rendszer', 'Fájl', 'Jegyzékek', 'Adatbázis...', 'Beállítások', 'Ablak', 'Súgó']
2026-08-25 22:56:27.093 | INFO     | winwatt_automation.runtime_mapping.program_mapper:_open_and_capture_root_menu:1532 - RECENT_PROJECT_BLOCK_SUMMARY state=no_project top_menu=Fájl attempt=1 popup_block_classification=normal_popup recent_projects_block=False stateful_menu_block=False accepted_rows=9 filtered_rows=9
2026-08-25 22:56:27.093 | INFO     | winwatt_automation.runtime_mapping.program_mapper:_open_and_capture_root_menu:1533 - DBG_WINWATT_NORMAL_MENU_OPEN_VALIDATED state=no_project top_menu=Fájl attempt=1 raw_row_count=16 popup_like_count=9 topbar_like_count=6
2026-08-25 22:56:27.093 | INFO     | winwatt_automation.runtime_mapping.program_mapper:_open_and_capture_root_menu:1542 - DBG_WINWATT_NORMAL_MENU_POPUP_ROWS_ACCEPTED state=no_project top_menu=Fájl attempt=1 accepted_row_count=9
2026-08-25 22:56:28.015 | INFO     | winwatt_automation.live_ui.menu_helpers:_menu_items:1101 - DBG_MENU_ITEMS_SUMMARY total_items=16 visible_items=16 topbar_band=(0, 0, 687, 327) topbar_band_visible_count=16 popup_region_visible_count=0 force_refresh=True handle=1117304
2026-08-25 22:56:28.157 | INFO     | winwatt_automation.live_ui.menu_helpers:list_top_menu_items:1141 - Top-level menu items (raw): ['Rendszer', 'Fájl', 'Jegyzékek', 'Adatbázis...', 'Beállítások', 'Ablak', 'Súgó']
2026-08-25 22:56:28.157 | INFO     | winwatt_automation.runtime_mapping.program_mapper:_open_and_capture_root_menu:1573 - DBG_WINWATT_NORMAL_MENU_OPEN_RESULT state=no_project top_menu=Fájl result_type=child_popup_opened raw_row_count=9 filtered_row_count=9 popup_like_count=9 topbar_like_count=0
2026-08-25 22:56:28.157 | INFO     | winwatt_automation.runtime_mapping.program_mapper:_open_and_capture_root_menu:1583 - DBG_WINWATT_NORMAL_MENU_POPUP_SUMMARY state=no_project top_menu=Fájl depth=1 rows=9 popup_like_count=9 topbar_like_count=0
2026-08-25 22:56:28.157 | INFO     | winwatt_automation.runtime_mapping.program_mapper:_build_menu_rows_from_popup_rows:1040 - DBG_MENU_BUILD_INPUT_ROW state=no_project top_menu=Fájl row_index=0 text='Végrehajtás' rectangle={'left': 4, 'top': 56, 'right': 687, 'bottom': 84} topbar_like=False popup_like=True source_scope=main_window fragments=0
2026-08-25 22:56:28.157 | INFO     | winwatt_automation.runtime_mapping.program_mapper:_build_menu_rows_from_popup_rows:1200 - DBG_WINWATT_NORMAL_MENU_ROW state=no_project top_menu=Fájl row_index=0 text='Végrehajtás' normalized_text=végrehajtás source_scope=main_window separator=False enabled_guess=True rectangle={'left': 4, 'top': 56, 'right': 687, 'bottom': 84} depth=1
2026-08-25 22:56:28.157 | INFO     | winwatt_automation.runtime_mapping.program_mapper:_build_menu_rows_from_popup_rows:1040 - DBG_MENU_BUILD_INPUT_ROW state=no_project top_menu=Fájl row_index=1 text='Végrehajtás' rectangle={'left': 4, 'top': 84, 'right': 687, 'bottom': 112} topbar_like=False popup_like=True source_scope=main_window fragments=0
2026-08-25 22:56:28.157 | INFO     | winwatt_automation.runtime_mapping.program_mapper:_build_menu_rows_from_popup_rows:1200 - DBG_WINWATT_NORMAL_MENU_ROW state=no_project top_menu=Fájl row_index=1 text='Végrehajtás' normalized_text=végrehajtás source_scope=main_window separator=False enabled_guess=True rectangle={'left': 4, 'top': 84, 'right': 687, 'bottom': 112} depth=1
2026-08-25 22:56:28.157 | INFO     | winwatt_automation.runtime_mapping.program_mapper:_build_menu_rows_from_popup_rows:1040 - DBG_MENU_BUILD_INPUT_ROW state=no_project top_menu=Fájl row_index=2 text='' rectangle={'left': 4, 'top': 111, 'right': 687, 'bottom': 139} topbar_like=False popup_like=True source_scope=main_window fragments=0
2026-08-25 22:56:28.157 | WARNING  | winwatt_automation.runtime_mapping.program_mapper:_resolve_row_text_with_fallback:687 - TEXT_EXTRACTION_FAILED row_index=2 source_scope=main_window fragment_count=0 rectangle={'left': 4, 'top': 111, 'right': 687, 'bottom': 139}
2026-08-25 22:56:28.157 | INFO     | winwatt_automation.runtime_mapping.program_mapper:_build_menu_rows_from_popup_rows:1100 - DBG_WINWATT_EMPTY_NORMALIZED_MENU_TITLE row_index=2 raw_text= normalized_text= is_separator=False source_scope=main_window control_type=MenuItem class_name= rectangle={'left': 4, 'top': 111, 'right': 687, 'bottom': 139} fragment_count=0 fragment_texts=[]
2026-08-25 22:56:28.157 | INFO     | winwatt_automation.runtime_mapping.program_mapper:_build_menu_rows_from_popup_rows:1145 - REPLACED_EMPTY_POPUP_ROW_WITH_PLACEHOLDER row_index=02
2026-08-25 22:56:28.157 | INFO     | winwatt_automation.runtime_mapping.program_mapper:_build_menu_rows_from_popup_rows:1149 - GEOM_PLACEHOLDER_CREATED row_index=02 rect={'left': 4, 'top': 111, 'right': 687, 'bottom': 139} popup_reason=below_topbar_band
2026-08-25 22:56:28.157 | INFO     | winwatt_automation.runtime_mapping.program_mapper:_build_menu_rows_from_popup_rows:1200 - DBG_WINWATT_NORMAL_MENU_ROW state=no_project top_menu=Fájl row_index=2 text='[unlabeled row 2]' normalized_text=[unlabeled row 2] source_scope=main_window separator=False enabled_guess=False rectangle={'left': 4, 'top': 111, 'right': 687, 'bottom': 139} depth=1
2026-08-25 22:56:28.157 | INFO     | winwatt_automation.runtime_mapping.program_mapper:_build_menu_rows_from_popup_rows:1040 - DBG_MENU_BUILD_INPUT_ROW state=no_project top_menu=Fájl row_index=3 text='' rectangle={'left': 4, 'top': 139, 'right': 687, 'bottom': 167} topbar_like=False popup_like=True source_scope=main_window fragments=0
2026-08-25 22:56:28.157 | WARNING  | winwatt_automation.runtime_mapping.program_mapper:_resolve_row_text_with_fallback:687 - TEXT_EXTRACTION_FAILED row_index=3 source_scope=main_window fragment_count=0 rectangle={'left': 4, 'top': 139, 'right': 687, 'bottom': 167}
2026-08-25 22:56:28.157 | INFO     | winwatt_automation.runtime_mapping.program_mapper:_build_menu_rows_from_popup_rows:1100 - DBG_WINWATT_EMPTY_NORMALIZED_MENU_TITLE row_index=3 raw_text= normalized_text= is_separator=False source_scope=main_window control_type=MenuItem class_name= rectangle={'left': 4, 'top': 139, 'right': 687, 'bottom': 167} fragment_count=0 fragment_texts=[]
2026-08-25 22:56:28.157 | INFO     | winwatt_automation.runtime_mapping.program_mapper:_build_menu_rows_from_popup_rows:1145 - REPLACED_EMPTY_POPUP_ROW_WITH_PLACEHOLDER row_index=03
2026-08-25 22:56:28.157 | INFO     | winwatt_automation.runtime_mapping.program_mapper:_build_menu_rows_from_popup_rows:1149 - GEOM_PLACEHOLDER_CREATED row_index=03 rect={'left': 4, 'top': 139, 'right': 687, 'bottom': 167} popup_reason=below_topbar_band
2026-08-25 22:56:28.157 | INFO     | winwatt_automation.runtime_mapping.program_mapper:_build_menu_rows_from_popup_rows:1200 - DBG_WINWATT_NORMAL_MENU_ROW state=no_project top_menu=Fájl row_index=3 text='[unlabeled row 3]' normalized_text=[unlabeled row 3] source_scope=main_window separator=False enabled_guess=False rectangle={'left': 4, 'top': 139, 'right': 687, 'bottom': 167} depth=1
2026-08-25 22:56:28.157 | INFO     | winwatt_automation.runtime_mapping.program_mapper:_build_menu_rows_from_popup_rows:1040 - DBG_MENU_BUILD_INPUT_ROW state=no_project top_menu=Fájl row_index=4 text='Végrehajtás' rectangle={'left': 4, 'top': 166, 'right': 687, 'bottom': 194} topbar_like=False popup_like=True source_scope=main_window fragments=0
2026-08-25 22:56:28.166 | INFO     | winwatt_automation.runtime_mapping.program_mapper:_build_menu_rows_from_popup_rows:1200 - DBG_WINWATT_NORMAL_MENU_ROW state=no_project top_menu=Fájl row_index=4 text='Végrehajtás' normalized_text=végrehajtás source_scope=main_window separator=False enabled_guess=True rectangle={'left': 4, 'top': 166, 'right': 687, 'bottom': 194} depth=1
2026-08-25 22:56:28.166 | INFO     | winwatt_automation.runtime_mapping.program_mapper:_build_menu_rows_from_popup_rows:1040 - DBG_MENU_BUILD_INPUT_ROW state=no_project top_menu=Fájl row_index=5 text='' rectangle={'left': 4, 'top': 201, 'right': 687, 'bottom': 229} topbar_like=False popup_like=True source_scope=main_window fragments=0
2026-08-25 22:56:28.166 | WARNING  | winwatt_automation.runtime_mapping.program_mapper:_resolve_row_text_with_fallback:687 - TEXT_EXTRACTION_FAILED row_index=5 source_scope=main_window fragment_count=0 rectangle={'left': 4, 'top': 201, 'right': 687, 'bottom': 229}
2026-08-25 22:56:28.166 | INFO     | winwatt_automation.runtime_mapping.program_mapper:_build_menu_rows_from_popup_rows:1100 - DBG_WINWATT_EMPTY_NORMALIZED_MENU_TITLE row_index=5 raw_text= normalized_text= is_separator=False source_scope=main_window control_type=MenuItem class_name= rectangle={'left': 4, 'top': 201, 'right': 687, 'bottom': 229} fragment_count=0 fragment_texts=[]
2026-08-25 22:56:28.166 | INFO     | winwatt_automation.runtime_mapping.program_mapper:_build_menu_rows_from_popup_rows:1145 - REPLACED_EMPTY_POPUP_ROW_WITH_PLACEHOLDER row_index=05
2026-08-25 22:56:28.166 | INFO     | winwatt_automation.runtime_mapping.program_mapper:_build_menu_rows_from_popup_rows:1149 - GEOM_PLACEHOLDER_CREATED row_index=05 rect={'left': 4, 'top': 201, 'right': 687, 'bottom': 229} popup_reason=below_topbar_band
2026-08-25 22:56:28.166 | INFO     | winwatt_automation.runtime_mapping.program_mapper:_build_menu_rows_from_popup_rows:1200 - DBG_WINWATT_NORMAL_MENU_ROW state=no_project top_menu=Fájl row_index=5 text='[unlabeled row 5]' normalized_text=[unlabeled row 5] source_scope=main_window separator=False enabled_guess=False rectangle={'left': 4, 'top': 201, 'right': 687, 'bottom': 229} depth=1
2026-08-25 22:56:28.166 | INFO     | winwatt_automation.runtime_mapping.program_mapper:_build_menu_rows_from_popup_rows:1040 - DBG_MENU_BUILD_INPUT_ROW state=no_project top_menu=Fájl row_index=6 text='Végrehajtás' rectangle={'left': 4, 'top': 229, 'right': 687, 'bottom': 257} topbar_like=False popup_like=True source_scope=main_window fragments=0
2026-08-25 22:56:28.166 | INFO     | winwatt_automation.runtime_mapping.program_mapper:_build_menu_rows_from_popup_rows:1200 - DBG_WINWATT_NORMAL_MENU_ROW state=no_project top_menu=Fájl row_index=6 text='Végrehajtás' normalized_text=végrehajtás source_scope=main_window separator=False enabled_guess=True rectangle={'left': 4, 'top': 229, 'right': 687, 'bottom': 257} depth=1
2026-08-25 22:56:28.166 | INFO     | winwatt_automation.runtime_mapping.program_mapper:_build_menu_rows_from_popup_rows:1040 - DBG_MENU_BUILD_INPUT_ROW state=no_project top_menu=Fájl row_index=7 text='Végrehajtás' rectangle={'left': 4, 'top': 264, 'right': 687, 'bottom': 292} topbar_like=False popup_like=True source_scope=main_window fragments=0
2026-08-25 22:56:28.166 | INFO     | winwatt_automation.runtime_mapping.program_mapper:_build_menu_rows_from_popup_rows:1200 - DBG_WINWATT_NORMAL_MENU_ROW state=no_project top_menu=Fájl row_index=7 text='Végrehajtás' normalized_text=végrehajtás source_scope=main_window separator=False enabled_guess=True rectangle={'left': 4, 'top': 264, 'right': 687, 'bottom': 292} depth=1
2026-08-25 22:56:28.166 | INFO     | winwatt_automation.runtime_mapping.program_mapper:_build_menu_rows_from_popup_rows:1040 - DBG_MENU_BUILD_INPUT_ROW state=no_project top_menu=Fájl row_index=8 text='Végrehajtás' rectangle={'left': 4, 'top': 299, 'right': 687, 'bottom': 327} topbar_like=False popup_like=True source_scope=main_window fragments=0
2026-08-25 22:56:28.166 | INFO     | winwatt_automation.runtime_mapping.program_mapper:_build_menu_rows_from_popup_rows:1200 - DBG_WINWATT_NORMAL_MENU_ROW state=no_project top_menu=Fájl row_index=8 text='Végrehajtás' normalized_text=végrehajtás source_scope=main_window separator=False enabled_guess=True rectangle={'left': 4, 'top': 299, 'right': 687, 'bottom': 327} depth=1
2026-08-25 22:56:28.166 | INFO     | winwatt_automation.runtime_mapping.program_mapper:_build_menu_rows_from_popup_rows:1244 - MENU_ROW_BUILD_SUMMARY state=no_project top_menu=Fájl input_rows=9 mapped_rows=9 placeholders=3 filtered_overlap=0 filtered_empty_non_actionable=0 rejected_foreign_rows=0 deduped_rows=0
2026-08-25 22:56:28.166 | INFO     | winwatt_automation.runtime_mapping.program_mapper:explore_menu_tree:3681 - ACTION_CATALOG_INPUT_SUMMARY state=no_project top_menu=Fájl depth=1 candidate_rows=9 placeholders=3 low_or_none_confidence=3 legacy_text_only=6 unknown_pending=0
2026-08-25 22:56:29.017 | INFO     | winwatt_automation.live_ui.menu_helpers:_menu_items:1101 - DBG_MENU_ITEMS_SUMMARY total_items=16 visible_items=16 topbar_band=(0, 0, 687, 327) topbar_band_visible_count=16 popup_region_visible_count=0 force_refresh=True handle=1117304
2026-08-25 22:56:29.144 | INFO     | winwatt_automation.live_ui.menu_helpers:list_top_menu_items:1141 - Top-level menu items (raw): ['Rendszer', 'Fájl', 'Jegyzékek', 'Adatbázis...', 'Beállítások', 'Ablak', 'Súgó']
2026-08-25 22:56:29.144 | INFO     | winwatt_automation.runtime_mapping.program_mapper:_evaluate_action_admission:1969 - ACTION_ADMISSION_REJECTED top_menu=Fájl path=['Fájl', 'Végrehajtás'] traversal_depth=1 reason=unknown_legacy_popup_noise_suppressed classification=unknown result_type=no_observable_effect placeholder=False text_confidence=medium raw_text_sources=['legacy_text'] skip_reason=None
2026-08-25 22:56:29.144 | INFO     | winwatt_automation.runtime_mapping.program_mapper:_evaluate_action_admission:1982 - ACTION_STRUCTURE_ONLY_ROW top_menu=Fájl path=['Fájl', 'Végrehajtás'] traversal_depth=1 reason=unknown_legacy_popup_noise_suppressed
2026-08-25 22:56:30.127 | INFO     | winwatt_automation.live_ui.menu_helpers:_menu_items:1101 - DBG_MENU_ITEMS_SUMMARY total_items=16 visible_items=16 topbar_band=(0, 0, 687, 327) topbar_band_visible_count=16 popup_region_visible_count=0 force_refresh=True handle=1117304
2026-08-25 22:56:30.351 | INFO     | winwatt_automation.live_ui.menu_helpers:list_top_menu_items:1141 - Top-level menu items (raw): ['Rendszer', 'Fájl', 'Jegyzékek', 'Adatbázis...', 'Beállítások', 'Ablak', 'Súgó']
2026-08-25 22:56:30.351 | INFO     | winwatt_automation.runtime_mapping.program_mapper:_evaluate_action_admission:1969 - ACTION_ADMISSION_REJECTED top_menu=Fájl path=['Fájl', '[unlabeled row 2]'] traversal_depth=1 reason=disabled_menu_item classification=unknown result_type=no_observable_effect placeholder=True text_confidence=none raw_text_sources=[] skip_reason=None
2026-08-25 22:56:30.351 | INFO     | winwatt_automation.runtime_mapping.program_mapper:_evaluate_action_admission:1982 - ACTION_STRUCTURE_ONLY_ROW top_menu=Fájl path=['Fájl', '[unlabeled row 2]'] traversal_depth=1 reason=disabled_menu_item
2026-08-25 22:56:31.274 | INFO     | winwatt_automation.live_ui.menu_helpers:_menu_items:1101 - DBG_MENU_ITEMS_SUMMARY total_items=16 visible_items=16 topbar_band=(0, 0, 687, 327) topbar_band_visible_count=16 popup_region_visible_count=0 force_refresh=True handle=1117304
2026-08-25 22:56:31.400 | INFO     | winwatt_automation.live_ui.menu_helpers:list_top_menu_items:1141 - Top-level menu items (raw): ['Rendszer', 'Fájl', 'Jegyzékek', 'Adatbázis...', 'Beállítások', 'Ablak', 'Súgó']
2026-08-25 22:56:31.400 | INFO     | winwatt_automation.runtime_mapping.program_mapper:_evaluate_action_admission:1969 - ACTION_ADMISSION_REJECTED top_menu=Fájl path=['Fájl', '[unlabeled row 3]'] traversal_depth=1 reason=disabled_menu_item classification=unknown result_type=no_observable_effect placeholder=True text_confidence=none raw_text_sources=[] skip_reason=None
2026-08-25 22:56:31.400 | INFO     | winwatt_automation.runtime_mapping.program_mapper:_evaluate_action_admission:1982 - ACTION_STRUCTURE_ONLY_ROW top_menu=Fájl path=['Fájl', '[unlabeled row 3]'] traversal_depth=1 reason=disabled_menu_item
2026-08-25 22:56:32.402 | INFO     | winwatt_automation.live_ui.menu_helpers:_menu_items:1101 - DBG_MENU_ITEMS_SUMMARY total_items=16 visible_items=16 topbar_band=(0, 0, 687, 327) topbar_band_visible_count=16 popup_region_visible_count=0 force_refresh=True handle=1117304
2026-08-25 22:56:32.540 | INFO     | winwatt_automation.live_ui.menu_helpers:list_top_menu_items:1141 - Top-level menu items (raw): ['Rendszer', 'Fájl', 'Jegyzékek', 'Adatbázis...', 'Beállítások', 'Ablak', 'Súgó']
2026-08-25 22:56:32.540 | INFO     | winwatt_automation.runtime_mapping.program_mapper:_evaluate_action_admission:1969 - ACTION_ADMISSION_REJECTED top_menu=Fájl path=['Fájl', '[unlabeled row 5]'] traversal_depth=1 reason=disabled_menu_item classification=unknown result_type=no_observable_effect placeholder=True text_confidence=none raw_text_sources=[] skip_reason=None
2026-08-25 22:56:32.540 | INFO     | winwatt_automation.runtime_mapping.program_mapper:_evaluate_action_admission:1982 - ACTION_STRUCTURE_ONLY_ROW top_menu=Fájl path=['Fájl', '[unlabeled row 5]'] traversal_depth=1 reason=disabled_menu_item
2026-08-25 22:56:32.540 | INFO     | winwatt_automation.runtime_mapping.program_mapper:_log_phase_timing:279 - DBG_PHASE_TIMING phase=subtree_traversal elapsed_ms=4375.000 state_id=no_project top_menu=Fájl depth=1 rows=9 nodes=4 actions=4
2026-08-25 22:56:32.540 | INFO     | winwatt_automation.runtime_mapping.program_mapper:explore_menu_tree:4191 - ACTION_CATALOG_OUTPUT_SUMMARY state=no_project top_menu=Fájl depth=1 candidate_rows=9 probed_rows=0 admitted_after_probe=0 admitted_actions=0 still_structure_only=4 suppressed_unknown=0 placeholders_retained=3
2026-08-25 22:56:32.540 | INFO     | winwatt_automation.runtime_mapping.program_mapper:map_runtime_state:4349 - MAP_RUNTIME_STATE_MENU_RESULT state_id=no_project top_menu=Fájl rows=9 nodes=4 actions=4 dialogs=0 windows=0 catalog=0
2026-08-25 22:56:32.555 | INFO     | winwatt_automation.live_ui.app_connector:is_winwatt_foreground_context:1134 - DBG_WINWATT_FOREGROUND_CONTEXT expected_handle=1117304 expected_process_id=12376 expected_title=WinWatt gólya expected_class_name=TMainForm actual_foreground_handle=1117304 actual_foreground_process_id=12376 actual_foreground_title=WinWatt gólya actual_foreground_class_name=TMainForm allow_dialog=True result_reason=handle_match
2026-08-25 22:56:32.555 | INFO     | winwatt_automation.runtime_mapping.program_mapper:explore_menu_tree:3548 - POPUP_REUSE_REJECTED state=no_project top_menu=Jegyzékek normalized_parent=('jegyzékek',) popup_state_path=('fájl',) reason=state_path_mismatch
2026-08-25 22:56:32.977 | INFO     | winwatt_automation.live_ui.menu_helpers:_menu_items:1101 - DBG_MENU_ITEMS_SUMMARY total_items=16 visible_items=16 topbar_band=(0, 0, 687, 327) topbar_band_visible_count=16 popup_region_visible_count=0 force_refresh=False handle=1117304
2026-08-25 22:56:32.991 | INFO     | winwatt_automation.live_ui.menu_helpers:_menu_row_from_wrapper:1545 - TEXT_EXTRACTION_FALLBACK_USED source=legacy_text confidence=medium rect={'left': 4, 'top': 56, 'right': 687, 'bottom': 84}
2026-08-25 22:56:33.007 | INFO     | winwatt_automation.live_ui.menu_helpers:_menu_row_from_wrapper:1545 - TEXT_EXTRACTION_FALLBACK_USED source=legacy_text confidence=medium rect={'left': 4, 'top': 84, 'right': 687, 'bottom': 112}
2026-08-25 22:56:33.013 | WARNING  | winwatt_automation.live_ui.menu_helpers:_menu_row_from_wrapper:1547 - TEXT_EXTRACTION_FAILED source_scope=main_window rect={'left': 4, 'top': 111, 'right': 687, 'bottom': 139}
2026-08-25 22:56:33.022 | WARNING  | winwatt_automation.live_ui.menu_helpers:_menu_row_from_wrapper:1547 - TEXT_EXTRACTION_FAILED source_scope=main_window rect={'left': 4, 'top': 139, 'right': 687, 'bottom': 167}
2026-08-25 22:56:33.038 | INFO     | winwatt_automation.live_ui.menu_helpers:_menu_row_from_wrapper:1545 - TEXT_EXTRACTION_FALLBACK_USED source=legacy_text confidence=medium rect={'left': 4, 'top': 166, 'right': 687, 'bottom': 194}
2026-08-25 22:56:33.054 | WARNING  | winwatt_automation.live_ui.menu_helpers:_menu_row_from_wrapper:1547 - TEXT_EXTRACTION_FAILED source_scope=main_window rect={'left': 4, 'top': 201, 'right': 687, 'bottom': 229}
2026-08-25 22:56:33.066 | INFO     | winwatt_automation.live_ui.menu_helpers:_menu_row_from_wrapper:1545 - TEXT_EXTRACTION_FALLBACK_USED source=legacy_text confidence=medium rect={'left': 4, 'top': 229, 'right': 687, 'bottom': 257}
2026-08-25 22:56:33.077 | INFO     | winwatt_automation.live_ui.menu_helpers:_menu_row_from_wrapper:1545 - TEXT_EXTRACTION_FALLBACK_USED source=legacy_text confidence=medium rect={'left': 4, 'top': 264, 'right': 687, 'bottom': 292}
2026-08-25 22:56:33.086 | INFO     | winwatt_automation.live_ui.menu_helpers:_menu_row_from_wrapper:1545 - TEXT_EXTRACTION_FALLBACK_USED source=legacy_text confidence=medium rect={'left': 4, 'top': 299, 'right': 687, 'bottom': 327}
2026-08-25 22:56:33.224 | INFO     | winwatt_automation.live_ui.menu_helpers:capture_menu_popup_snapshot:1724 - POPUP_SNAPSHOT_SUMMARY main_window_fragments=16 global_scan_fragments=0 deduped_fragments=16 topbar_like=6 popup_like=9 empty_text=3 topbar_band=(0, 29, 409, 53) empty_text_vertical_cluster_detected=False accepted_popup_rows=0 popup_heuristic=candidate_count_below_threshold
2026-08-25 22:56:34.135 | INFO     | winwatt_automation.live_ui.menu_helpers:_menu_items:1101 - DBG_MENU_ITEMS_SUMMARY total_items=16 visible_items=16 topbar_band=(0, 0, 687, 327) topbar_band_visible_count=16 popup_region_visible_count=0 force_refresh=True handle=1117304
2026-08-25 22:56:34.260 | INFO     | winwatt_automation.live_ui.menu_helpers:list_top_menu_items:1141 - Top-level menu items (raw): ['Rendszer', 'Fájl', 'Jegyzékek', 'Adatbázis...', 'Beállítások', 'Ablak', 'Súgó']
2026-08-25 22:56:34.260 | INFO     | winwatt_automation.runtime_mapping.program_mapper:explore_menu_tree:3571 - RECENT_PROJECT_BLOCK_SUMMARY state=no_project top_menu=Jegyzékek attempt=0 popup_block_classification=normal_popup recent_projects_block=False stateful_menu_block=False accepted_rows=9 filtered_rows=9
2026-08-25 22:56:34.260 | INFO     | winwatt_automation.runtime_mapping.program_mapper:explore_menu_tree:3572 - DBG_REUSING_OPEN_POPUP_SNAPSHOT state=no_project top_menu=Jegyzékek row_count=16 popup_like_count=9 topbar_like_count=6 normalized_parent=('jegyzékek',) popup_state_path=('fájl',)
2026-08-25 22:56:34.260 | INFO     | winwatt_automation.runtime_mapping.program_mapper:explore_menu_tree:3582 - DBG_WINWATT_NORMAL_MENU_POPUP_ROWS_ACCEPTED state=no_project top_menu=Jegyzékek attempt=0 accepted_row_count=9
2026-08-25 22:56:34.260 | INFO     | winwatt_automation.runtime_mapping.program_mapper:_build_menu_rows_from_popup_rows:1040 - DBG_MENU_BUILD_INPUT_ROW state=no_project top_menu=Jegyzékek row_index=0 text='Végrehajtás' rectangle={'left': 4, 'top': 56, 'right': 687, 'bottom': 84} topbar_like=False popup_like=True source_scope=main_window fragments=0
2026-08-25 22:56:34.260 | INFO     | winwatt_automation.runtime_mapping.program_mapper:_build_menu_rows_from_popup_rows:1200 - DBG_WINWATT_NORMAL_MENU_ROW state=no_project top_menu=Jegyzékek row_index=0 text='Végrehajtás' normalized_text=végrehajtás source_scope=main_window separator=False enabled_guess=True rectangle={'left': 4, 'top': 56, 'right': 687, 'bottom': 84} depth=1
2026-08-25 22:56:34.260 | INFO     | winwatt_automation.runtime_mapping.program_mapper:_build_menu_rows_from_popup_rows:1040 - DBG_MENU_BUILD_INPUT_ROW state=no_project top_menu=Jegyzékek row_index=1 text='Végrehajtás' rectangle={'left': 4, 'top': 84, 'right': 687, 'bottom': 112} topbar_like=False popup_like=True source_scope=main_window fragments=0
2026-08-25 22:56:34.260 | INFO     | winwatt_automation.runtime_mapping.program_mapper:_build_menu_rows_from_popup_rows:1200 - DBG_WINWATT_NORMAL_MENU_ROW state=no_project top_menu=Jegyzékek row_index=1 text='Végrehajtás' normalized_text=végrehajtás source_scope=main_window separator=False enabled_guess=True rectangle={'left': 4, 'top': 84, 'right': 687, 'bottom': 112} depth=1
2026-08-25 22:56:34.260 | INFO     | winwatt_automation.runtime_mapping.program_mapper:_build_menu_rows_from_popup_rows:1040 - DBG_MENU_BUILD_INPUT_ROW state=no_project top_menu=Jegyzékek row_index=2 text='' rectangle={'left': 4, 'top': 111, 'right': 687, 'bottom': 139} topbar_like=False popup_like=True source_scope=main_window fragments=0
2026-08-25 22:56:34.260 | WARNING  | winwatt_automation.runtime_mapping.program_mapper:_resolve_row_text_with_fallback:687 - TEXT_EXTRACTION_FAILED row_index=2 source_scope=main_window fragment_count=0 rectangle={'left': 4, 'top': 111, 'right': 687, 'bottom': 139}
2026-08-25 22:56:34.260 | INFO     | winwatt_automation.runtime_mapping.program_mapper:_build_menu_rows_from_popup_rows:1100 - DBG_WINWATT_EMPTY_NORMALIZED_MENU_TITLE row_index=2 raw_text= normalized_text= is_separator=False source_scope=main_window control_type=MenuItem class_name= rectangle={'left': 4, 'top': 111, 'right': 687, 'bottom': 139} fragment_count=0 fragment_texts=[]
2026-08-25 22:56:34.260 | INFO     | winwatt_automation.runtime_mapping.program_mapper:_build_menu_rows_from_popup_rows:1145 - REPLACED_EMPTY_POPUP_ROW_WITH_PLACEHOLDER row_index=02
2026-08-25 22:56:34.260 | INFO     | winwatt_automation.runtime_mapping.program_mapper:_build_menu_rows_from_popup_rows:1149 - GEOM_PLACEHOLDER_CREATED row_index=02 rect={'left': 4, 'top': 111, 'right': 687, 'bottom': 139} popup_reason=below_topbar_band
2026-08-25 22:56:34.260 | INFO     | winwatt_automation.runtime_mapping.program_mapper:_build_menu_rows_from_popup_rows:1200 - DBG_WINWATT_NORMAL_MENU_ROW state=no_project top_menu=Jegyzékek row_index=2 text='[unlabeled row 2]' normalized_text=[unlabeled row 2] source_scope=main_window separator=False enabled_guess=False rectangle={'left': 4, 'top': 111, 'right': 687, 'bottom': 139} depth=1
2026-08-25 22:56:34.260 | INFO     | winwatt_automation.runtime_mapping.program_mapper:_build_menu_rows_from_popup_rows:1040 - DBG_MENU_BUILD_INPUT_ROW state=no_project top_menu=Jegyzékek row_index=3 text='' rectangle={'left': 4, 'top': 139, 'right': 687, 'bottom': 167} topbar_like=False popup_like=True source_scope=main_window fragments=0
2026-08-25 22:56:34.260 | WARNING  | winwatt_automation.runtime_mapping.program_mapper:_resolve_row_text_with_fallback:687 - TEXT_EXTRACTION_FAILED row_index=3 source_scope=main_window fragment_count=0 rectangle={'left': 4, 'top': 139, 'right': 687, 'bottom': 167}
2026-08-25 22:56:34.260 | INFO     | winwatt_automation.runtime_mapping.program_mapper:_build_menu_rows_from_popup_rows:1100 - DBG_WINWATT_EMPTY_NORMALIZED_MENU_TITLE row_index=3 raw_text= normalized_text= is_separator=False source_scope=main_window control_type=MenuItem class_name= rectangle={'left': 4, 'top': 139, 'right': 687, 'bottom': 167} fragment_count=0 fragment_texts=[]
2026-08-25 22:56:34.260 | INFO     | winwatt_automation.runtime_mapping.program_mapper:_build_menu_rows_from_popup_rows:1145 - REPLACED_EMPTY_POPUP_ROW_WITH_PLACEHOLDER row_index=03
2026-08-25 22:56:34.260 | INFO     | winwatt_automation.runtime_mapping.program_mapper:_build_menu_rows_from_popup_rows:1149 - GEOM_PLACEHOLDER_CREATED row_index=03 rect={'left': 4, 'top': 139, 'right': 687, 'bottom': 167} popup_reason=below_topbar_band
2026-08-25 22:56:34.260 | INFO     | winwatt_automation.runtime_mapping.program_mapper:_build_menu_rows_from_popup_rows:1200 - DBG_WINWATT_NORMAL_MENU_ROW state=no_project top_menu=Jegyzékek row_index=3 text='[unlabeled row 3]' normalized_text=[unlabeled row 3] source_scope=main_window separator=False enabled_guess=False rectangle={'left': 4, 'top': 139, 'right': 687, 'bottom': 167} depth=1
2026-08-25 22:56:34.260 | INFO     | winwatt_automation.runtime_mapping.program_mapper:_build_menu_rows_from_popup_rows:1040 - DBG_MENU_BUILD_INPUT_ROW state=no_project top_menu=Jegyzékek row_index=4 text='Végrehajtás' rectangle={'left': 4, 'top': 166, 'right': 687, 'bottom': 194} topbar_like=False popup_like=True source_scope=main_window fragments=0
2026-08-25 22:56:34.260 | INFO     | winwatt_automation.runtime_mapping.program_mapper:_build_menu_rows_from_popup_rows:1200 - DBG_WINWATT_NORMAL_MENU_ROW state=no_project top_menu=Jegyzékek row_index=4 text='Végrehajtás' normalized_text=végrehajtás source_scope=main_window separator=False enabled_guess=True rectangle={'left': 4, 'top': 166, 'right': 687, 'bottom': 194} depth=1
2026-08-25 22:56:34.260 | INFO     | winwatt_automation.runtime_mapping.program_mapper:_build_menu_rows_from_popup_rows:1040 - DBG_MENU_BUILD_INPUT_ROW state=no_project top_menu=Jegyzékek row_index=5 text='' rectangle={'left': 4, 'top': 201, 'right': 687, 'bottom': 229} topbar_like=False popup_like=True source_scope=main_window fragments=0
2026-08-25 22:56:34.260 | WARNING  | winwatt_automation.runtime_mapping.program_mapper:_resolve_row_text_with_fallback:687 - TEXT_EXTRACTION_FAILED row_index=5 source_scope=main_window fragment_count=0 rectangle={'left': 4, 'top': 201, 'right': 687, 'bottom': 229}
2026-08-25 22:56:34.260 | INFO     | winwatt_automation.runtime_mapping.program_mapper:_build_menu_rows_from_popup_rows:1100 - DBG_WINWATT_EMPTY_NORMALIZED_MENU_TITLE row_index=5 raw_text= normalized_text= is_separator=False source_scope=main_window control_type=MenuItem class_name= rectangle={'left': 4, 'top': 201, 'right': 687, 'bottom': 229} fragment_count=0 fragment_texts=[]
2026-08-25 22:56:34.260 | INFO     | winwatt_automation.runtime_mapping.program_mapper:_build_menu_rows_from_popup_rows:1145 - REPLACED_EMPTY_POPUP_ROW_WITH_PLACEHOLDER row_index=05
2026-08-25 22:56:34.260 | INFO     | winwatt_automation.runtime_mapping.program_mapper:_build_menu_rows_from_popup_rows:1149 - GEOM_PLACEHOLDER_CREATED row_index=05 rect={'left': 4, 'top': 201, 'right': 687, 'bottom': 229} popup_reason=below_topbar_band
2026-08-25 22:56:34.260 | INFO     | winwatt_automation.runtime_mapping.program_mapper:_build_menu_rows_from_popup_rows:1200 - DBG_WINWATT_NORMAL_MENU_ROW state=no_project top_menu=Jegyzékek row_index=5 text='[unlabeled row 5]' normalized_text=[unlabeled row 5] source_scope=main_window separator=False enabled_guess=False rectangle={'left': 4, 'top': 201, 'right': 687, 'bottom': 229} depth=1
2026-08-25 22:56:34.260 | INFO     | winwatt_automation.runtime_mapping.program_mapper:_build_menu_rows_from_popup_rows:1040 - DBG_MENU_BUILD_INPUT_ROW state=no_project top_menu=Jegyzékek row_index=6 text='Végrehajtás' rectangle={'left': 4, 'top': 229, 'right': 687, 'bottom': 257} topbar_like=False popup_like=True source_scope=main_window fragments=0
2026-08-25 22:56:34.260 | INFO     | winwatt_automation.runtime_mapping.program_mapper:_build_menu_rows_from_popup_rows:1200 - DBG_WINWATT_NORMAL_MENU_ROW state=no_project top_menu=Jegyzékek row_index=6 text='Végrehajtás' normalized_text=végrehajtás source_scope=main_window separator=False enabled_guess=True rectangle={'left': 4, 'top': 229, 'right': 687, 'bottom': 257} depth=1
2026-08-25 22:56:34.260 | INFO     | winwatt_automation.runtime_mapping.program_mapper:_build_menu_rows_from_popup_rows:1040 - DBG_MENU_BUILD_INPUT_ROW state=no_project top_menu=Jegyzékek row_index=7 text='Végrehajtás' rectangle={'left': 4, 'top': 264, 'right': 687, 'bottom': 292} topbar_like=False popup_like=True source_scope=main_window fragments=0
2026-08-25 22:56:34.260 | INFO     | winwatt_automation.runtime_mapping.program_mapper:_build_menu_rows_from_popup_rows:1200 - DBG_WINWATT_NORMAL_MENU_ROW state=no_project top_menu=Jegyzékek row_index=7 text='Végrehajtás' normalized_text=végrehajtás source_scope=main_window separator=False enabled_guess=True rectangle={'left': 4, 'top': 264, 'right': 687, 'bottom': 292} depth=1
2026-08-25 22:56:34.260 | INFO     | winwatt_automation.runtime_mapping.program_mapper:_build_menu_rows_from_popup_rows:1040 - DBG_MENU_BUILD_INPUT_ROW state=no_project top_menu=Jegyzékek row_index=8 text='Végrehajtás' rectangle={'left': 4, 'top': 299, 'right': 687, 'bottom': 327} topbar_like=False popup_like=True source_scope=main_window fragments=0
2026-08-25 22:56:34.260 | INFO     | winwatt_automation.runtime_mapping.program_mapper:_build_menu_rows_from_popup_rows:1200 - DBG_WINWATT_NORMAL_MENU_ROW state=no_project top_menu=Jegyzékek row_index=8 text='Végrehajtás' normalized_text=végrehajtás source_scope=main_window separator=False enabled_guess=True rectangle={'left': 4, 'top': 299, 'right': 687, 'bottom': 327} depth=1
2026-08-25 22:56:34.260 | INFO     | winwatt_automation.runtime_mapping.program_mapper:_build_menu_rows_from_popup_rows:1244 - MENU_ROW_BUILD_SUMMARY state=no_project top_menu=Jegyzékek input_rows=9 mapped_rows=9 placeholders=3 filtered_overlap=0 filtered_empty_non_actionable=0 rejected_foreign_rows=0 deduped_rows=0
2026-08-25 22:56:34.260 | INFO     | winwatt_automation.runtime_mapping.program_mapper:explore_menu_tree:3681 - ACTION_CATALOG_INPUT_SUMMARY state=no_project top_menu=Jegyzékek depth=1 candidate_rows=9 placeholders=3 low_or_none_confidence=3 legacy_text_only=6 unknown_pending=0
2026-08-25 22:56:35.168 | INFO     | winwatt_automation.live_ui.menu_helpers:_menu_items:1101 - DBG_MENU_ITEMS_SUMMARY total_items=16 visible_items=16 topbar_band=(0, 0, 687, 327) topbar_band_visible_count=16 popup_region_visible_count=0 force_refresh=True handle=1117304
2026-08-25 22:56:35.295 | INFO     | winwatt_automation.live_ui.menu_helpers:list_top_menu_items:1141 - Top-level menu items (raw): ['Rendszer', 'Fájl', 'Jegyzékek', 'Adatbázis...', 'Beállítások', 'Ablak', 'Súgó']
2026-08-25 22:56:35.295 | INFO     | winwatt_automation.runtime_mapping.program_mapper:_evaluate_action_admission:1969 - ACTION_ADMISSION_REJECTED top_menu=Jegyzékek path=['Jegyzékek', 'Végrehajtás'] traversal_depth=1 reason=unknown_legacy_popup_noise_suppressed classification=unknown result_type=no_observable_effect placeholder=False text_confidence=medium raw_text_sources=['legacy_text'] skip_reason=None
2026-08-25 22:56:35.295 | INFO     | winwatt_automation.runtime_mapping.program_mapper:_evaluate_action_admission:1982 - ACTION_STRUCTURE_ONLY_ROW top_menu=Jegyzékek path=['Jegyzékek', 'Végrehajtás'] traversal_depth=1 reason=unknown_legacy_popup_noise_suppressed
2026-08-25 22:56:36.219 | INFO     | winwatt_automation.live_ui.menu_helpers:_menu_items:1101 - DBG_MENU_ITEMS_SUMMARY total_items=16 visible_items=16 topbar_band=(0, 0, 687, 327) topbar_band_visible_count=16 popup_region_visible_count=0 force_refresh=True handle=1117304
2026-08-25 22:56:36.345 | INFO     | winwatt_automation.live_ui.menu_helpers:list_top_menu_items:1141 - Top-level menu items (raw): ['Rendszer', 'Fájl', 'Jegyzékek', 'Adatbázis...', 'Beállítások', 'Ablak', 'Súgó']
2026-08-25 22:56:36.345 | INFO     | winwatt_automation.runtime_mapping.program_mapper:_evaluate_action_admission:1969 - ACTION_ADMISSION_REJECTED top_menu=Jegyzékek path=['Jegyzékek', '[unlabeled row 2]'] traversal_depth=1 reason=disabled_menu_item classification=unknown result_type=no_observable_effect placeholder=True text_confidence=none raw_text_sources=[] skip_reason=None
2026-08-25 22:56:36.345 | INFO     | winwatt_automation.runtime_mapping.program_mapper:_evaluate_action_admission:1982 - ACTION_STRUCTURE_ONLY_ROW top_menu=Jegyzékek path=['Jegyzékek', '[unlabeled row 2]'] traversal_depth=1 reason=disabled_menu_item
2026-08-25 22:56:37.235 | INFO     | winwatt_automation.live_ui.menu_helpers:_menu_items:1101 - DBG_MENU_ITEMS_SUMMARY total_items=16 visible_items=16 topbar_band=(0, 0, 687, 327) topbar_band_visible_count=16 popup_region_visible_count=0 force_refresh=True handle=1117304
2026-08-25 22:56:37.377 | INFO     | winwatt_automation.live_ui.menu_helpers:list_top_menu_items:1141 - Top-level menu items (raw): ['Rendszer', 'Fájl', 'Jegyzékek', 'Adatbázis...', 'Beállítások', 'Ablak', 'Súgó']
2026-08-25 22:56:37.377 | INFO     | winwatt_automation.runtime_mapping.program_mapper:_evaluate_action_admission:1969 - ACTION_ADMISSION_REJECTED top_menu=Jegyzékek path=['Jegyzékek', '[unlabeled row 3]'] traversal_depth=1 reason=disabled_menu_item classification=unknown result_type=no_observable_effect placeholder=True text_confidence=none raw_text_sources=[] skip_reason=None
2026-08-25 22:56:37.377 | INFO     | winwatt_automation.runtime_mapping.program_mapper:_evaluate_action_admission:1982 - ACTION_STRUCTURE_ONLY_ROW top_menu=Jegyzékek path=['Jegyzékek', '[unlabeled row 3]'] traversal_depth=1 reason=disabled_menu_item
2026-08-25 22:56:38.285 | INFO     | winwatt_automation.live_ui.menu_helpers:_menu_items:1101 - DBG_MENU_ITEMS_SUMMARY total_items=16 visible_items=16 topbar_band=(0, 0, 687, 327) topbar_band_visible_count=16 popup_region_visible_count=0 force_refresh=True handle=1117304
2026-08-25 22:56:38.412 | INFO     | winwatt_automation.live_ui.menu_helpers:list_top_menu_items:1141 - Top-level menu items (raw): ['Rendszer', 'Fájl', 'Jegyzékek', 'Adatbázis...', 'Beállítások', 'Ablak', 'Súgó']
2026-08-25 22:56:38.412 | INFO     | winwatt_automation.runtime_mapping.program_mapper:_evaluate_action_admission:1969 - ACTION_ADMISSION_REJECTED top_menu=Jegyzékek path=['Jegyzékek', '[unlabeled row 5]'] traversal_depth=1 reason=disabled_menu_item classification=unknown result_type=no_observable_effect placeholder=True text_confidence=none raw_text_sources=[] skip_reason=None
2026-08-25 22:56:38.412 | INFO     | winwatt_automation.runtime_mapping.program_mapper:_evaluate_action_admission:1982 - ACTION_STRUCTURE_ONLY_ROW top_menu=Jegyzékek path=['Jegyzékek', '[unlabeled row 5]'] traversal_depth=1 reason=disabled_menu_item
2026-08-25 22:56:38.412 | INFO     | winwatt_automation.runtime_mapping.program_mapper:_log_phase_timing:279 - DBG_PHASE_TIMING phase=subtree_traversal elapsed_ms=4156.000 state_id=no_project top_menu=Jegyzékek depth=1 rows=9 nodes=4 actions=4
2026-08-25 22:56:38.412 | INFO     | winwatt_automation.runtime_mapping.program_mapper:explore_menu_tree:4191 - ACTION_CATALOG_OUTPUT_SUMMARY state=no_project top_menu=Jegyzékek depth=1 candidate_rows=9 probed_rows=0 admitted_after_probe=0 admitted_actions=0 still_structure_only=4 suppressed_unknown=0 placeholders_retained=3
2026-08-25 22:56:38.412 | INFO     | winwatt_automation.runtime_mapping.program_mapper:map_runtime_state:4349 - MAP_RUNTIME_STATE_MENU_RESULT state_id=no_project top_menu=Jegyzékek rows=9 nodes=4 actions=4 dialogs=0 windows=0 catalog=0
2026-08-25 22:56:38.427 | INFO     | winwatt_automation.live_ui.app_connector:is_winwatt_foreground_context:1134 - DBG_WINWATT_FOREGROUND_CONTEXT expected_handle=1117304 expected_process_id=12376 expected_title=WinWatt gólya expected_class_name=TMainForm actual_foreground_handle=1117304 actual_foreground_process_id=12376 actual_foreground_title=WinWatt gólya actual_foreground_class_name=TMainForm allow_dialog=True result_reason=handle_match
2026-08-25 22:56:38.427 | INFO     | winwatt_automation.runtime_mapping.program_mapper:explore_menu_tree:3548 - POPUP_REUSE_REJECTED state=no_project top_menu=Adatbázis... normalized_parent=('adatbázis',) popup_state_path=('jegyzékek',) reason=state_path_mismatch
2026-08-25 22:56:38.853 | INFO     | winwatt_automation.live_ui.menu_helpers:_menu_items:1101 - DBG_MENU_ITEMS_SUMMARY total_items=16 visible_items=16 topbar_band=(0, 0, 687, 327) topbar_band_visible_count=16 popup_region_visible_count=0 force_refresh=False handle=1117304
2026-08-25 22:56:38.853 | INFO     | winwatt_automation.live_ui.menu_helpers:_menu_row_from_wrapper:1545 - TEXT_EXTRACTION_FALLBACK_USED source=legacy_text confidence=medium rect={'left': 4, 'top': 56, 'right': 687, 'bottom': 84}
2026-08-25 22:56:38.869 | INFO     | winwatt_automation.live_ui.menu_helpers:_menu_row_from_wrapper:1545 - TEXT_EXTRACTION_FALLBACK_USED source=legacy_text confidence=medium rect={'left': 4, 'top': 84, 'right': 687, 'bottom': 112}
2026-08-25 22:56:38.869 | WARNING  | winwatt_automation.live_ui.menu_helpers:_menu_row_from_wrapper:1547 - TEXT_EXTRACTION_FAILED source_scope=main_window rect={'left': 4, 'top': 111, 'right': 687, 'bottom': 139}
2026-08-25 22:56:38.886 | WARNING  | winwatt_automation.live_ui.menu_helpers:_menu_row_from_wrapper:1547 - TEXT_EXTRACTION_FAILED source_scope=main_window rect={'left': 4, 'top': 139, 'right': 687, 'bottom': 167}
2026-08-25 22:56:38.901 | INFO     | winwatt_automation.live_ui.menu_helpers:_menu_row_from_wrapper:1545 - TEXT_EXTRACTION_FALLBACK_USED source=legacy_text confidence=medium rect={'left': 4, 'top': 166, 'right': 687, 'bottom': 194}
2026-08-25 22:56:38.901 | WARNING  | winwatt_automation.live_ui.menu_helpers:_menu_row_from_wrapper:1547 - TEXT_EXTRACTION_FAILED source_scope=main_window rect={'left': 4, 'top': 201, 'right': 687, 'bottom': 229}
2026-08-25 22:56:38.917 | INFO     | winwatt_automation.live_ui.menu_helpers:_menu_row_from_wrapper:1545 - TEXT_EXTRACTION_FALLBACK_USED source=legacy_text confidence=medium rect={'left': 4, 'top': 229, 'right': 687, 'bottom': 257}
2026-08-25 22:56:38.933 | INFO     | winwatt_automation.live_ui.menu_helpers:_menu_row_from_wrapper:1545 - TEXT_EXTRACTION_FALLBACK_USED source=legacy_text confidence=medium rect={'left': 4, 'top': 264, 'right': 687, 'bottom': 292}
2026-08-25 22:56:38.933 | INFO     | winwatt_automation.live_ui.menu_helpers:_menu_row_from_wrapper:1545 - TEXT_EXTRACTION_FALLBACK_USED source=legacy_text confidence=medium rect={'left': 4, 'top': 299, 'right': 687, 'bottom': 327}
2026-08-25 22:56:39.074 | INFO     | winwatt_automation.live_ui.menu_helpers:capture_menu_popup_snapshot:1724 - POPUP_SNAPSHOT_SUMMARY main_window_fragments=16 global_scan_fragments=0 deduped_fragments=16 topbar_like=6 popup_like=9 empty_text=3 topbar_band=(0, 29, 409, 53) empty_text_vertical_cluster_detected=False accepted_popup_rows=0 popup_heuristic=candidate_count_below_threshold
2026-08-25 22:56:40.006 | INFO     | winwatt_automation.live_ui.menu_helpers:_menu_items:1101 - DBG_MENU_ITEMS_SUMMARY total_items=16 visible_items=16 topbar_band=(0, 0, 687, 327) topbar_band_visible_count=16 popup_region_visible_count=0 force_refresh=True handle=1117304
2026-08-25 22:56:40.289 | INFO     | winwatt_automation.live_ui.menu_helpers:list_top_menu_items:1141 - Top-level menu items (raw): ['Rendszer', 'Fájl', 'Jegyzékek', 'Adatbázis...', 'Beállítások', 'Ablak', 'Súgó']
2026-08-25 22:56:40.291 | INFO     | winwatt_automation.runtime_mapping.program_mapper:explore_menu_tree:3571 - RECENT_PROJECT_BLOCK_SUMMARY state=no_project top_menu=Adatbázis... attempt=0 popup_block_classification=normal_popup recent_projects_block=False stateful_menu_block=False accepted_rows=9 filtered_rows=9
2026-08-25 22:56:40.291 | INFO     | winwatt_automation.runtime_mapping.program_mapper:explore_menu_tree:3572 - DBG_REUSING_OPEN_POPUP_SNAPSHOT state=no_project top_menu=Adatbázis... row_count=16 popup_like_count=9 topbar_like_count=6 normalized_parent=('adatbázis',) popup_state_path=('jegyzékek',)
2026-08-25 22:56:40.291 | INFO     | winwatt_automation.runtime_mapping.program_mapper:explore_menu_tree:3582 - DBG_WINWATT_NORMAL_MENU_POPUP_ROWS_ACCEPTED state=no_project top_menu=Adatbázis... attempt=0 accepted_row_count=9
2026-08-25 22:56:40.291 | INFO     | winwatt_automation.runtime_mapping.program_mapper:_build_menu_rows_from_popup_rows:1040 - DBG_MENU_BUILD_INPUT_ROW state=no_project top_menu=Adatbázis... row_index=0 text='Végrehajtás' rectangle={'left': 4, 'top': 56, 'right': 687, 'bottom': 84} topbar_like=False popup_like=True source_scope=main_window fragments=0
2026-08-25 22:56:40.291 | INFO     | winwatt_automation.runtime_mapping.program_mapper:_build_menu_rows_from_popup_rows:1200 - DBG_WINWATT_NORMAL_MENU_ROW state=no_project top_menu=Adatbázis... row_index=0 text='Végrehajtás' normalized_text=végrehajtás source_scope=main_window separator=False enabled_guess=True rectangle={'left': 4, 'top': 56, 'right': 687, 'bottom': 84} depth=1
2026-08-25 22:56:40.291 | INFO     | winwatt_automation.runtime_mapping.program_mapper:_build_menu_rows_from_popup_rows:1040 - DBG_MENU_BUILD_INPUT_ROW state=no_project top_menu=Adatbázis... row_index=1 text='Végrehajtás' rectangle={'left': 4, 'top': 84, 'right': 687, 'bottom': 112} topbar_like=False popup_like=True source_scope=main_window fragments=0
2026-08-25 22:56:40.292 | INFO     | winwatt_automation.runtime_mapping.program_mapper:_build_menu_rows_from_popup_rows:1200 - DBG_WINWATT_NORMAL_MENU_ROW state=no_project top_menu=Adatbázis... row_index=1 text='Végrehajtás' normalized_text=végrehajtás source_scope=main_window separator=False enabled_guess=True rectangle={'left': 4, 'top': 84, 'right': 687, 'bottom': 112} depth=1
2026-08-25 22:56:40.292 | INFO     | winwatt_automation.runtime_mapping.program_mapper:_build_menu_rows_from_popup_rows:1040 - DBG_MENU_BUILD_INPUT_ROW state=no_project top_menu=Adatbázis... row_index=2 text='' rectangle={'left': 4, 'top': 111, 'right': 687, 'bottom': 139} topbar_like=False popup_like=True source_scope=main_window fragments=0
2026-08-25 22:56:40.296 | WARNING  | winwatt_automation.runtime_mapping.program_mapper:_resolve_row_text_with_fallback:687 - TEXT_EXTRACTION_FAILED row_index=2 source_scope=main_window fragment_count=0 rectangle={'left': 4, 'top': 111, 'right': 687, 'bottom': 139}
2026-08-25 22:56:40.296 | INFO     | winwatt_automation.runtime_mapping.program_mapper:_build_menu_rows_from_popup_rows:1100 - DBG_WINWATT_EMPTY_NORMALIZED_MENU_TITLE row_index=2 raw_text= normalized_text= is_separator=False source_scope=main_window control_type=MenuItem class_name= rectangle={'left': 4, 'top': 111, 'right': 687, 'bottom': 139} fragment_count=0 fragment_texts=[]
2026-08-25 22:56:40.296 | INFO     | winwatt_automation.runtime_mapping.program_mapper:_build_menu_rows_from_popup_rows:1145 - REPLACED_EMPTY_POPUP_ROW_WITH_PLACEHOLDER row_index=02
2026-08-25 22:56:40.296 | INFO     | winwatt_automation.runtime_mapping.program_mapper:_build_menu_rows_from_popup_rows:1149 - GEOM_PLACEHOLDER_CREATED row_index=02 rect={'left': 4, 'top': 111, 'right': 687, 'bottom': 139} popup_reason=below_topbar_band
2026-08-25 22:56:40.297 | INFO     | winwatt_automation.runtime_mapping.program_mapper:_build_menu_rows_from_popup_rows:1200 - DBG_WINWATT_NORMAL_MENU_ROW state=no_project top_menu=Adatbázis... row_index=2 text='[unlabeled row 2]' normalized_text=[unlabeled row 2] source_scope=main_window separator=False enabled_guess=False rectangle={'left': 4, 'top': 111, 'right': 687, 'bottom': 139} depth=1
2026-08-25 22:56:40.297 | INFO     | winwatt_automation.runtime_mapping.program_mapper:_build_menu_rows_from_popup_rows:1040 - DBG_MENU_BUILD_INPUT_ROW state=no_project top_menu=Adatbázis... row_index=3 text='' rectangle={'left': 4, 'top': 139, 'right': 687, 'bottom': 167} topbar_like=False popup_like=True source_scope=main_window fragments=0
2026-08-25 22:56:40.297 | WARNING  | winwatt_automation.runtime_mapping.program_mapper:_resolve_row_text_with_fallback:687 - TEXT_EXTRACTION_FAILED row_index=3 source_scope=main_window fragment_count=0 rectangle={'left': 4, 'top': 139, 'right': 687, 'bottom': 167}
2026-08-25 22:56:40.298 | INFO     | winwatt_automation.runtime_mapping.program_mapper:_build_menu_rows_from_popup_rows:1100 - DBG_WINWATT_EMPTY_NORMALIZED_MENU_TITLE row_index=3 raw_text= normalized_text= is_separator=False source_scope=main_window control_type=MenuItem class_name= rectangle={'left': 4, 'top': 139, 'right': 687, 'bottom': 167} fragment_count=0 fragment_texts=[]
2026-08-25 22:56:40.298 | INFO     | winwatt_automation.runtime_mapping.program_mapper:_build_menu_rows_from_popup_rows:1145 - REPLACED_EMPTY_POPUP_ROW_WITH_PLACEHOLDER row_index=03
2026-08-25 22:56:40.298 | INFO     | winwatt_automation.runtime_mapping.program_mapper:_build_menu_rows_from_popup_rows:1149 - GEOM_PLACEHOLDER_CREATED row_index=03 rect={'left': 4, 'top': 139, 'right': 687, 'bottom': 167} popup_reason=below_topbar_band
2026-08-25 22:56:40.298 | INFO     | winwatt_automation.runtime_mapping.program_mapper:_build_menu_rows_from_popup_rows:1200 - DBG_WINWATT_NORMAL_MENU_ROW state=no_project top_menu=Adatbázis... row_index=3 text='[unlabeled row 3]' normalized_text=[unlabeled row 3] source_scope=main_window separator=False enabled_guess=False rectangle={'left': 4, 'top': 139, 'right': 687, 'bottom': 167} depth=1
2026-08-25 22:56:40.298 | INFO     | winwatt_automation.runtime_mapping.program_mapper:_build_menu_rows_from_popup_rows:1040 - DBG_MENU_BUILD_INPUT_ROW state=no_project top_menu=Adatbázis... row_index=4 text='Végrehajtás' rectangle={'left': 4, 'top': 166, 'right': 687, 'bottom': 194} topbar_like=False popup_like=True source_scope=main_window fragments=0
2026-08-25 22:56:40.298 | INFO     | winwatt_automation.runtime_mapping.program_mapper:_build_menu_rows_from_popup_rows:1200 - DBG_WINWATT_NORMAL_MENU_ROW state=no_project top_menu=Adatbázis... row_index=4 text='Végrehajtás' normalized_text=végrehajtás source_scope=main_window separator=False enabled_guess=True rectangle={'left': 4, 'top': 166, 'right': 687, 'bottom': 194} depth=1
2026-08-25 22:56:40.299 | INFO     | winwatt_automation.runtime_mapping.program_mapper:_build_menu_rows_from_popup_rows:1040 - DBG_MENU_BUILD_INPUT_ROW state=no_project top_menu=Adatbázis... row_index=5 text='' rectangle={'left': 4, 'top': 201, 'right': 687, 'bottom': 229} topbar_like=False popup_like=True source_scope=main_window fragments=0
2026-08-25 22:56:40.299 | WARNING  | winwatt_automation.runtime_mapping.program_mapper:_resolve_row_text_with_fallback:687 - TEXT_EXTRACTION_FAILED row_index=5 source_scope=main_window fragment_count=0 rectangle={'left': 4, 'top': 201, 'right': 687, 'bottom': 229}
2026-08-25 22:56:40.299 | INFO     | winwatt_automation.runtime_mapping.program_mapper:_build_menu_rows_from_popup_rows:1100 - DBG_WINWATT_EMPTY_NORMALIZED_MENU_TITLE row_index=5 raw_text= normalized_text= is_separator=False source_scope=main_window control_type=MenuItem class_name= rectangle={'left': 4, 'top': 201, 'right': 687, 'bottom': 229} fragment_count=0 fragment_texts=[]
2026-08-25 22:56:40.299 | INFO     | winwatt_automation.runtime_mapping.program_mapper:_build_menu_rows_from_popup_rows:1145 - REPLACED_EMPTY_POPUP_ROW_WITH_PLACEHOLDER row_index=05
2026-08-25 22:56:40.299 | INFO     | winwatt_automation.runtime_mapping.program_mapper:_build_menu_rows_from_popup_rows:1149 - GEOM_PLACEHOLDER_CREATED row_index=05 rect={'left': 4, 'top': 201, 'right': 687, 'bottom': 229} popup_reason=below_topbar_band
2026-08-25 22:56:40.299 | INFO     | winwatt_automation.runtime_mapping.program_mapper:_build_menu_rows_from_popup_rows:1200 - DBG_WINWATT_NORMAL_MENU_ROW state=no_project top_menu=Adatbázis... row_index=5 text='[unlabeled row 5]' normalized_text=[unlabeled row 5] source_scope=main_window separator=False enabled_guess=False rectangle={'left': 4, 'top': 201, 'right': 687, 'bottom': 229} depth=1
2026-08-25 22:56:40.299 | INFO     | winwatt_automation.runtime_mapping.program_mapper:_build_menu_rows_from_popup_rows:1040 - DBG_MENU_BUILD_INPUT_ROW state=no_project top_menu=Adatbázis... row_index=6 text='Végrehajtás' rectangle={'left': 4, 'top': 229, 'right': 687, 'bottom': 257} topbar_like=False popup_like=True source_scope=main_window fragments=0
2026-08-25 22:56:40.299 | INFO     | winwatt_automation.runtime_mapping.program_mapper:_build_menu_rows_from_popup_rows:1200 - DBG_WINWATT_NORMAL_MENU_ROW state=no_project top_menu=Adatbázis... row_index=6 text='Végrehajtás' normalized_text=végrehajtás source_scope=main_window separator=False enabled_guess=True rectangle={'left': 4, 'top': 229, 'right': 687, 'bottom': 257} depth=1
2026-08-25 22:56:40.299 | INFO     | winwatt_automation.runtime_mapping.program_mapper:_build_menu_rows_from_popup_rows:1040 - DBG_MENU_BUILD_INPUT_ROW state=no_project top_menu=Adatbázis... row_index=7 text='Végrehajtás' rectangle={'left': 4, 'top': 264, 'right': 687, 'bottom': 292} topbar_like=False popup_like=True source_scope=main_window fragments=0
2026-08-25 22:56:40.300 | INFO     | winwatt_automation.runtime_mapping.program_mapper:_build_menu_rows_from_popup_rows:1200 - DBG_WINWATT_NORMAL_MENU_ROW state=no_project top_menu=Adatbázis... row_index=7 text='Végrehajtás' normalized_text=végrehajtás source_scope=main_window separator=False enabled_guess=True rectangle={'left': 4, 'top': 264, 'right': 687, 'bottom': 292} depth=1
2026-08-25 22:56:40.300 | INFO     | winwatt_automation.runtime_mapping.program_mapper:_build_menu_rows_from_popup_rows:1040 - DBG_MENU_BUILD_INPUT_ROW state=no_project top_menu=Adatbázis... row_index=8 text='Végrehajtás' rectangle={'left': 4, 'top': 299, 'right': 687, 'bottom': 327} topbar_like=False popup_like=True source_scope=main_window fragments=0
2026-08-25 22:56:40.300 | INFO     | winwatt_automation.runtime_mapping.program_mapper:_build_menu_rows_from_popup_rows:1200 - DBG_WINWATT_NORMAL_MENU_ROW state=no_project top_menu=Adatbázis... row_index=8 text='Végrehajtás' normalized_text=végrehajtás source_scope=main_window separator=False enabled_guess=True rectangle={'left': 4, 'top': 299, 'right': 687, 'bottom': 327} depth=1
2026-08-25 22:56:40.300 | INFO     | winwatt_automation.runtime_mapping.program_mapper:_build_menu_rows_from_popup_rows:1244 - MENU_ROW_BUILD_SUMMARY state=no_project top_menu=Adatbázis... input_rows=9 mapped_rows=9 placeholders=3 filtered_overlap=0 filtered_empty_non_actionable=0 rejected_foreign_rows=0 deduped_rows=0
2026-08-25 22:56:40.300 | INFO     | winwatt_automation.runtime_mapping.program_mapper:explore_menu_tree:3681 - ACTION_CATALOG_INPUT_SUMMARY state=no_project top_menu=Adatbázis... depth=1 candidate_rows=9 placeholders=3 low_or_none_confidence=3 legacy_text_only=6 unknown_pending=0
2026-08-25 22:56:41.184 | INFO     | winwatt_automation.live_ui.menu_helpers:_menu_items:1101 - DBG_MENU_ITEMS_SUMMARY total_items=16 visible_items=16 topbar_band=(0, 0, 687, 327) topbar_band_visible_count=16 popup_region_visible_count=0 force_refresh=True handle=1117304
2026-08-25 22:56:41.319 | INFO     | winwatt_automation.live_ui.menu_helpers:list_top_menu_items:1141 - Top-level menu items (raw): ['Rendszer', 'Fájl', 'Jegyzékek', 'Adatbázis...', 'Beállítások', 'Ablak', 'Súgó']
2026-08-25 22:56:41.319 | INFO     | winwatt_automation.runtime_mapping.program_mapper:_evaluate_action_admission:1969 - ACTION_ADMISSION_REJECTED top_menu=Adatbázis path=['Adatbázis', 'Végrehajtás'] traversal_depth=1 reason=unknown_legacy_popup_noise_suppressed classification=unknown result_type=no_observable_effect placeholder=False text_confidence=medium raw_text_sources=['legacy_text'] skip_reason=None
2026-08-25 22:56:41.319 | INFO     | winwatt_automation.runtime_mapping.program_mapper:_evaluate_action_admission:1982 - ACTION_STRUCTURE_ONLY_ROW top_menu=Adatbázis path=['Adatbázis', 'Végrehajtás'] traversal_depth=1 reason=unknown_legacy_popup_noise_suppressed
2026-08-25 22:56:42.285 | INFO     | winwatt_automation.live_ui.menu_helpers:_menu_items:1101 - DBG_MENU_ITEMS_SUMMARY total_items=16 visible_items=16 topbar_band=(0, 0, 687, 327) topbar_band_visible_count=16 popup_region_visible_count=0 force_refresh=True handle=1117304
2026-08-25 22:56:42.466 | INFO     | winwatt_automation.live_ui.menu_helpers:list_top_menu_items:1141 - Top-level menu items (raw): ['Rendszer', 'Fájl', 'Jegyzékek', 'Adatbázis...', 'Beállítások', 'Ablak', 'Súgó']
2026-08-25 22:56:42.470 | INFO     | winwatt_automation.runtime_mapping.program_mapper:_evaluate_action_admission:1969 - ACTION_ADMISSION_REJECTED top_menu=Adatbázis path=['Adatbázis', '[unlabeled row 2]'] traversal_depth=1 reason=disabled_menu_item classification=unknown result_type=no_observable_effect placeholder=True text_confidence=none raw_text_sources=[] skip_reason=None
2026-08-25 22:56:42.470 | INFO     | winwatt_automation.runtime_mapping.program_mapper:_evaluate_action_admission:1982 - ACTION_STRUCTURE_ONLY_ROW top_menu=Adatbázis path=['Adatbázis', '[unlabeled row 2]'] traversal_depth=1 reason=disabled_menu_item
2026-08-25 22:56:43.346 | INFO     | winwatt_automation.live_ui.menu_helpers:_menu_items:1101 - DBG_MENU_ITEMS_SUMMARY total_items=16 visible_items=16 topbar_band=(0, 0, 687, 327) topbar_band_visible_count=16 popup_region_visible_count=0 force_refresh=True handle=1117304
2026-08-25 22:56:43.467 | INFO     | winwatt_automation.live_ui.menu_helpers:list_top_menu_items:1141 - Top-level menu items (raw): ['Rendszer', 'Fájl', 'Jegyzékek', 'Adatbázis...', 'Beállítások', 'Ablak', 'Súgó']
2026-08-25 22:56:43.467 | INFO     | winwatt_automation.runtime_mapping.program_mapper:_evaluate_action_admission:1969 - ACTION_ADMISSION_REJECTED top_menu=Adatbázis path=['Adatbázis', '[unlabeled row 3]'] traversal_depth=1 reason=disabled_menu_item classification=unknown result_type=no_observable_effect placeholder=True text_confidence=none raw_text_sources=[] skip_reason=None
2026-08-25 22:56:43.467 | INFO     | winwatt_automation.runtime_mapping.program_mapper:_evaluate_action_admission:1982 - ACTION_STRUCTURE_ONLY_ROW top_menu=Adatbázis path=['Adatbázis', '[unlabeled row 3]'] traversal_depth=1 reason=disabled_menu_item
2026-08-25 22:56:44.406 | INFO     | winwatt_automation.live_ui.menu_helpers:_menu_items:1101 - DBG_MENU_ITEMS_SUMMARY total_items=16 visible_items=16 topbar_band=(0, 0, 687, 327) topbar_band_visible_count=16 popup_region_visible_count=0 force_refresh=True handle=1117304
2026-08-25 22:56:44.532 | INFO     | winwatt_automation.live_ui.menu_helpers:list_top_menu_items:1141 - Top-level menu items (raw): ['Rendszer', 'Fájl', 'Jegyzékek', 'Adatbázis...', 'Beállítások', 'Ablak', 'Súgó']
2026-08-25 22:56:44.532 | INFO     | winwatt_automation.runtime_mapping.program_mapper:_evaluate_action_admission:1969 - ACTION_ADMISSION_REJECTED top_menu=Adatbázis path=['Adatbázis', '[unlabeled row 5]'] traversal_depth=1 reason=disabled_menu_item classification=unknown result_type=no_observable_effect placeholder=True text_confidence=none raw_text_sources=[] skip_reason=None
2026-08-25 22:56:44.532 | INFO     | winwatt_automation.runtime_mapping.program_mapper:_evaluate_action_admission:1982 - ACTION_STRUCTURE_ONLY_ROW top_menu=Adatbázis path=['Adatbázis', '[unlabeled row 5]'] traversal_depth=1 reason=disabled_menu_item
2026-08-25 22:56:44.532 | INFO     | winwatt_automation.runtime_mapping.program_mapper:_log_phase_timing:279 - DBG_PHASE_TIMING phase=subtree_traversal elapsed_ms=4234.000 state_id=no_project top_menu=Adatbázis... depth=1 rows=9 nodes=4 actions=4
2026-08-25 22:56:44.532 | INFO     | winwatt_automation.runtime_mapping.program_mapper:explore_menu_tree:4191 - ACTION_CATALOG_OUTPUT_SUMMARY state=no_project top_menu=Adatbázis... depth=1 candidate_rows=9 probed_rows=0 admitted_after_probe=0 admitted_actions=0 still_structure_only=4 suppressed_unknown=0 placeholders_retained=3
2026-08-25 22:56:44.532 | INFO     | winwatt_automation.runtime_mapping.program_mapper:map_runtime_state:4349 - MAP_RUNTIME_STATE_MENU_RESULT state_id=no_project top_menu=Adatbázis... rows=9 nodes=4 actions=4 dialogs=0 windows=0 catalog=0
2026-08-25 22:56:44.548 | INFO     | winwatt_automation.live_ui.app_connector:is_winwatt_foreground_context:1134 - DBG_WINWATT_FOREGROUND_CONTEXT expected_handle=1117304 expected_process_id=12376 expected_title=WinWatt gólya expected_class_name=TMainForm actual_foreground_handle=1117304 actual_foreground_process_id=12376 actual_foreground_title=WinWatt gólya actual_foreground_class_name=TMainForm allow_dialog=True result_reason=handle_match
2026-08-25 22:56:44.548 | INFO     | winwatt_automation.runtime_mapping.program_mapper:explore_menu_tree:3548 - POPUP_REUSE_REJECTED state=no_project top_menu=Beállítások normalized_parent=('beállítások',) popup_state_path=('adatbázis',) reason=state_path_mismatch
2026-08-25 22:56:44.989 | INFO     | winwatt_automation.live_ui.menu_helpers:_menu_items:1101 - DBG_MENU_ITEMS_SUMMARY total_items=16 visible_items=16 topbar_band=(0, 0, 687, 327) topbar_band_visible_count=16 popup_region_visible_count=0 force_refresh=False handle=1117304
2026-08-25 22:56:44.989 | INFO     | winwatt_automation.live_ui.menu_helpers:_menu_row_from_wrapper:1545 - TEXT_EXTRACTION_FALLBACK_USED source=legacy_text confidence=medium rect={'left': 4, 'top': 56, 'right': 687, 'bottom': 84}
2026-08-25 22:56:45.005 | INFO     | winwatt_automation.live_ui.menu_helpers:_menu_row_from_wrapper:1545 - TEXT_EXTRACTION_FALLBACK_USED source=legacy_text confidence=medium rect={'left': 4, 'top': 84, 'right': 687, 'bottom': 112}
2026-08-25 22:56:45.021 | WARNING  | winwatt_automation.live_ui.menu_helpers:_menu_row_from_wrapper:1547 - TEXT_EXTRACTION_FAILED source_scope=main_window rect={'left': 4, 'top': 111, 'right': 687, 'bottom': 139}
2026-08-25 22:56:45.024 | WARNING  | winwatt_automation.live_ui.menu_helpers:_menu_row_from_wrapper:1547 - TEXT_EXTRACTION_FAILED source_scope=main_window rect={'left': 4, 'top': 139, 'right': 687, 'bottom': 167}
2026-08-25 22:56:45.037 | INFO     | winwatt_automation.live_ui.menu_helpers:_menu_row_from_wrapper:1545 - TEXT_EXTRACTION_FALLBACK_USED source=legacy_text confidence=medium rect={'left': 4, 'top': 166, 'right': 687, 'bottom': 194}
2026-08-25 22:56:45.037 | WARNING  | winwatt_automation.live_ui.menu_helpers:_menu_row_from_wrapper:1547 - TEXT_EXTRACTION_FAILED source_scope=main_window rect={'left': 4, 'top': 201, 'right': 687, 'bottom': 229}
2026-08-25 22:56:45.052 | INFO     | winwatt_automation.live_ui.menu_helpers:_menu_row_from_wrapper:1545 - TEXT_EXTRACTION_FALLBACK_USED source=legacy_text confidence=medium rect={'left': 4, 'top': 229, 'right': 687, 'bottom': 257}
2026-08-25 22:56:45.068 | INFO     | winwatt_automation.live_ui.menu_helpers:_menu_row_from_wrapper:1545 - TEXT_EXTRACTION_FALLBACK_USED source=legacy_text confidence=medium rect={'left': 4, 'top': 264, 'right': 687, 'bottom': 292}
2026-08-25 22:56:45.068 | INFO     | winwatt_automation.live_ui.menu_helpers:_menu_row_from_wrapper:1545 - TEXT_EXTRACTION_FALLBACK_USED source=legacy_text confidence=medium rect={'left': 4, 'top': 299, 'right': 687, 'bottom': 327}
2026-08-25 22:56:45.221 | INFO     | winwatt_automation.live_ui.menu_helpers:capture_menu_popup_snapshot:1724 - POPUP_SNAPSHOT_SUMMARY main_window_fragments=16 global_scan_fragments=0 deduped_fragments=16 topbar_like=6 popup_like=9 empty_text=3 topbar_band=(0, 29, 409, 53) empty_text_vertical_cluster_detected=False accepted_popup_rows=0 popup_heuristic=candidate_count_below_threshold
2026-08-25 22:56:46.072 | INFO     | winwatt_automation.live_ui.menu_helpers:_menu_items:1101 - DBG_MENU_ITEMS_SUMMARY total_items=16 visible_items=16 topbar_band=(0, 0, 687, 327) topbar_band_visible_count=16 popup_region_visible_count=0 force_refresh=True handle=1117304
2026-08-25 22:56:46.214 | INFO     | winwatt_automation.live_ui.menu_helpers:list_top_menu_items:1141 - Top-level menu items (raw): ['Rendszer', 'Fájl', 'Jegyzékek', 'Adatbázis...', 'Beállítások', 'Ablak', 'Súgó']
2026-08-25 22:56:46.214 | INFO     | winwatt_automation.runtime_mapping.program_mapper:explore_menu_tree:3571 - RECENT_PROJECT_BLOCK_SUMMARY state=no_project top_menu=Beállítások attempt=0 popup_block_classification=normal_popup recent_projects_block=False stateful_menu_block=False accepted_rows=9 filtered_rows=9
2026-08-25 22:56:46.214 | INFO     | winwatt_automation.runtime_mapping.program_mapper:explore_menu_tree:3572 - DBG_REUSING_OPEN_POPUP_SNAPSHOT state=no_project top_menu=Beállítások row_count=16 popup_like_count=9 topbar_like_count=6 normalized_parent=('beállítások',) popup_state_path=('adatbázis',)
2026-08-25 22:56:46.214 | INFO     | winwatt_automation.runtime_mapping.program_mapper:explore_menu_tree:3582 - DBG_WINWATT_NORMAL_MENU_POPUP_ROWS_ACCEPTED state=no_project top_menu=Beállítások attempt=0 accepted_row_count=9
2026-08-25 22:56:46.214 | INFO     | winwatt_automation.runtime_mapping.program_mapper:_build_menu_rows_from_popup_rows:1040 - DBG_MENU_BUILD_INPUT_ROW state=no_project top_menu=Beállítások row_index=0 text='Végrehajtás' rectangle={'left': 4, 'top': 56, 'right': 687, 'bottom': 84} topbar_like=False popup_like=True source_scope=main_window fragments=0
2026-08-25 22:56:46.214 | INFO     | winwatt_automation.runtime_mapping.program_mapper:_build_menu_rows_from_popup_rows:1200 - DBG_WINWATT_NORMAL_MENU_ROW state=no_project top_menu=Beállítások row_index=0 text='Végrehajtás' normalized_text=végrehajtás source_scope=main_window separator=False enabled_guess=True rectangle={'left': 4, 'top': 56, 'right': 687, 'bottom': 84} depth=1
2026-08-25 22:56:46.214 | INFO     | winwatt_automation.runtime_mapping.program_mapper:_build_menu_rows_from_popup_rows:1040 - DBG_MENU_BUILD_INPUT_ROW state=no_project top_menu=Beállítások row_index=1 text='Végrehajtás' rectangle={'left': 4, 'top': 84, 'right': 687, 'bottom': 112} topbar_like=False popup_like=True source_scope=main_window fragments=0
2026-08-25 22:56:46.214 | INFO     | winwatt_automation.runtime_mapping.program_mapper:_build_menu_rows_from_popup_rows:1200 - DBG_WINWATT_NORMAL_MENU_ROW state=no_project top_menu=Beállítások row_index=1 text='Végrehajtás' normalized_text=végrehajtás source_scope=main_window separator=False enabled_guess=True rectangle={'left': 4, 'top': 84, 'right': 687, 'bottom': 112} depth=1
2026-08-25 22:56:46.214 | INFO     | winwatt_automation.runtime_mapping.program_mapper:_build_menu_rows_from_popup_rows:1040 - DBG_MENU_BUILD_INPUT_ROW state=no_project top_menu=Beállítások row_index=2 text='' rectangle={'left': 4, 'top': 111, 'right': 687, 'bottom': 139} topbar_like=False popup_like=True source_scope=main_window fragments=0
2026-08-25 22:56:46.214 | WARNING  | winwatt_automation.runtime_mapping.program_mapper:_resolve_row_text_with_fallback:687 - TEXT_EXTRACTION_FAILED row_index=2 source_scope=main_window fragment_count=0 rectangle={'left': 4, 'top': 111, 'right': 687, 'bottom': 139}
2026-08-25 22:56:46.214 | INFO     | winwatt_automation.runtime_mapping.program_mapper:_build_menu_rows_from_popup_rows:1100 - DBG_WINWATT_EMPTY_NORMALIZED_MENU_TITLE row_index=2 raw_text= normalized_text= is_separator=False source_scope=main_window control_type=MenuItem class_name= rectangle={'left': 4, 'top': 111, 'right': 687, 'bottom': 139} fragment_count=0 fragment_texts=[]
2026-08-25 22:56:46.214 | INFO     | winwatt_automation.runtime_mapping.program_mapper:_build_menu_rows_from_popup_rows:1145 - REPLACED_EMPTY_POPUP_ROW_WITH_PLACEHOLDER row_index=02
2026-08-25 22:56:46.214 | INFO     | winwatt_automation.runtime_mapping.program_mapper:_build_menu_rows_from_popup_rows:1149 - GEOM_PLACEHOLDER_CREATED row_index=02 rect={'left': 4, 'top': 111, 'right': 687, 'bottom': 139} popup_reason=below_topbar_band
2026-08-25 22:56:46.214 | INFO     | winwatt_automation.runtime_mapping.program_mapper:_build_menu_rows_from_popup_rows:1200 - DBG_WINWATT_NORMAL_MENU_ROW state=no_project top_menu=Beállítások row_index=2 text='[unlabeled row 2]' normalized_text=[unlabeled row 2] source_scope=main_window separator=False enabled_guess=False rectangle={'left': 4, 'top': 111, 'right': 687, 'bottom': 139} depth=1
2026-08-25 22:56:46.214 | INFO     | winwatt_automation.runtime_mapping.program_mapper:_build_menu_rows_from_popup_rows:1040 - DBG_MENU_BUILD_INPUT_ROW state=no_project top_menu=Beállítások row_index=3 text='' rectangle={'left': 4, 'top': 139, 'right': 687, 'bottom': 167} topbar_like=False popup_like=True source_scope=main_window fragments=0
2026-08-25 22:56:46.214 | WARNING  | winwatt_automation.runtime_mapping.program_mapper:_resolve_row_text_with_fallback:687 - TEXT_EXTRACTION_FAILED row_index=3 source_scope=main_window fragment_count=0 rectangle={'left': 4, 'top': 139, 'right': 687, 'bottom': 167}
2026-08-25 22:56:46.214 | INFO     | winwatt_automation.runtime_mapping.program_mapper:_build_menu_rows_from_popup_rows:1100 - DBG_WINWATT_EMPTY_NORMALIZED_MENU_TITLE row_index=3 raw_text= normalized_text= is_separator=False source_scope=main_window control_type=MenuItem class_name= rectangle={'left': 4, 'top': 139, 'right': 687, 'bottom': 167} fragment_count=0 fragment_texts=[]
2026-08-25 22:56:46.214 | INFO     | winwatt_automation.runtime_mapping.program_mapper:_build_menu_rows_from_popup_rows:1145 - REPLACED_EMPTY_POPUP_ROW_WITH_PLACEHOLDER row_index=03
2026-08-25 22:56:46.214 | INFO     | winwatt_automation.runtime_mapping.program_mapper:_build_menu_rows_from_popup_rows:1149 - GEOM_PLACEHOLDER_CREATED row_index=03 rect={'left': 4, 'top': 139, 'right': 687, 'bottom': 167} popup_reason=below_topbar_band
2026-08-25 22:56:46.214 | INFO     | winwatt_automation.runtime_mapping.program_mapper:_build_menu_rows_from_popup_rows:1200 - DBG_WINWATT_NORMAL_MENU_ROW state=no_project top_menu=Beállítások row_index=3 text='[unlabeled row 3]' normalized_text=[unlabeled row 3] source_scope=main_window separator=False enabled_guess=False rectangle={'left': 4, 'top': 139, 'right': 687, 'bottom': 167} depth=1
2026-08-25 22:56:46.214 | INFO     | winwatt_automation.runtime_mapping.program_mapper:_build_menu_rows_from_popup_rows:1040 - DBG_MENU_BUILD_INPUT_ROW state=no_project top_menu=Beállítások row_index=4 text='Végrehajtás' rectangle={'left': 4, 'top': 166, 'right': 687, 'bottom': 194} topbar_like=False popup_like=True source_scope=main_window fragments=0
2026-08-25 22:56:46.214 | INFO     | winwatt_automation.runtime_mapping.program_mapper:_build_menu_rows_from_popup_rows:1200 - DBG_WINWATT_NORMAL_MENU_ROW state=no_project top_menu=Beállítások row_index=4 text='Végrehajtás' normalized_text=végrehajtás source_scope=main_window separator=False enabled_guess=True rectangle={'left': 4, 'top': 166, 'right': 687, 'bottom': 194} depth=1
2026-08-25 22:56:46.214 | INFO     | winwatt_automation.runtime_mapping.program_mapper:_build_menu_rows_from_popup_rows:1040 - DBG_MENU_BUILD_INPUT_ROW state=no_project top_menu=Beállítások row_index=5 text='' rectangle={'left': 4, 'top': 201, 'right': 687, 'bottom': 229} topbar_like=False popup_like=True source_scope=main_window fragments=0
2026-08-25 22:56:46.214 | WARNING  | winwatt_automation.runtime_mapping.program_mapper:_resolve_row_text_with_fallback:687 - TEXT_EXTRACTION_FAILED row_index=5 source_scope=main_window fragment_count=0 rectangle={'left': 4, 'top': 201, 'right': 687, 'bottom': 229}
2026-08-25 22:56:46.223 | INFO     | winwatt_automation.runtime_mapping.program_mapper:_build_menu_rows_from_popup_rows:1100 - DBG_WINWATT_EMPTY_NORMALIZED_MENU_TITLE row_index=5 raw_text= normalized_text= is_separator=False source_scope=main_window control_type=MenuItem class_name= rectangle={'left': 4, 'top': 201, 'right': 687, 'bottom': 229} fragment_count=0 fragment_texts=[]
2026-08-25 22:56:46.223 | INFO     | winwatt_automation.runtime_mapping.program_mapper:_build_menu_rows_from_popup_rows:1145 - REPLACED_EMPTY_POPUP_ROW_WITH_PLACEHOLDER row_index=05
2026-08-25 22:56:46.223 | INFO     | winwatt_automation.runtime_mapping.program_mapper:_build_menu_rows_from_popup_rows:1149 - GEOM_PLACEHOLDER_CREATED row_index=05 rect={'left': 4, 'top': 201, 'right': 687, 'bottom': 229} popup_reason=below_topbar_band
2026-08-25 22:56:46.223 | INFO     | winwatt_automation.runtime_mapping.program_mapper:_build_menu_rows_from_popup_rows:1200 - DBG_WINWATT_NORMAL_MENU_ROW state=no_project top_menu=Beállítások row_index=5 text='[unlabeled row 5]' normalized_text=[unlabeled row 5] source_scope=main_window separator=False enabled_guess=False rectangle={'left': 4, 'top': 201, 'right': 687, 'bottom': 229} depth=1
2026-08-25 22:56:46.223 | INFO     | winwatt_automation.runtime_mapping.program_mapper:_build_menu_rows_from_popup_rows:1040 - DBG_MENU_BUILD_INPUT_ROW state=no_project top_menu=Beállítások row_index=6 text='Végrehajtás' rectangle={'left': 4, 'top': 229, 'right': 687, 'bottom': 257} topbar_like=False popup_like=True source_scope=main_window fragments=0
2026-08-25 22:56:46.226 | INFO     | winwatt_automation.runtime_mapping.program_mapper:_build_menu_rows_from_popup_rows:1200 - DBG_WINWATT_NORMAL_MENU_ROW state=no_project top_menu=Beállítások row_index=6 text='Végrehajtás' normalized_text=végrehajtás source_scope=main_window separator=False enabled_guess=True rectangle={'left': 4, 'top': 229, 'right': 687, 'bottom': 257} depth=1
2026-08-25 22:56:46.226 | INFO     | winwatt_automation.runtime_mapping.program_mapper:_build_menu_rows_from_popup_rows:1040 - DBG_MENU_BUILD_INPUT_ROW state=no_project top_menu=Beállítások row_index=7 text='Végrehajtás' rectangle={'left': 4, 'top': 264, 'right': 687, 'bottom': 292} topbar_like=False popup_like=True source_scope=main_window fragments=0
2026-08-25 22:56:46.226 | INFO     | winwatt_automation.runtime_mapping.program_mapper:_build_menu_rows_from_popup_rows:1200 - DBG_WINWATT_NORMAL_MENU_ROW state=no_project top_menu=Beállítások row_index=7 text='Végrehajtás' normalized_text=végrehajtás source_scope=main_window separator=False enabled_guess=True rectangle={'left': 4, 'top': 264, 'right': 687, 'bottom': 292} depth=1
2026-08-25 22:56:46.226 | INFO     | winwatt_automation.runtime_mapping.program_mapper:_build_menu_rows_from_popup_rows:1040 - DBG_MENU_BUILD_INPUT_ROW state=no_project top_menu=Beállítások row_index=8 text='Végrehajtás' rectangle={'left': 4, 'top': 299, 'right': 687, 'bottom': 327} topbar_like=False popup_like=True source_scope=main_window fragments=0
2026-08-25 22:56:46.226 | INFO     | winwatt_automation.runtime_mapping.program_mapper:_build_menu_rows_from_popup_rows:1200 - DBG_WINWATT_NORMAL_MENU_ROW state=no_project top_menu=Beállítások row_index=8 text='Végrehajtás' normalized_text=végrehajtás source_scope=main_window separator=False enabled_guess=True rectangle={'left': 4, 'top': 299, 'right': 687, 'bottom': 327} depth=1
2026-08-25 22:56:46.226 | INFO     | winwatt_automation.runtime_mapping.program_mapper:_build_menu_rows_from_popup_rows:1244 - MENU_ROW_BUILD_SUMMARY state=no_project top_menu=Beállítások input_rows=9 mapped_rows=9 placeholders=3 filtered_overlap=0 filtered_empty_non_actionable=0 rejected_foreign_rows=0 deduped_rows=0
2026-08-25 22:56:46.226 | INFO     | winwatt_automation.runtime_mapping.program_mapper:explore_menu_tree:3681 - ACTION_CATALOG_INPUT_SUMMARY state=no_project top_menu=Beállítások depth=1 candidate_rows=9 placeholders=3 low_or_none_confidence=3 legacy_text_only=6 unknown_pending=0
2026-08-25 22:56:47.134 | INFO     | winwatt_automation.live_ui.menu_helpers:_menu_items:1101 - DBG_MENU_ITEMS_SUMMARY total_items=16 visible_items=16 topbar_band=(0, 0, 687, 327) topbar_band_visible_count=16 popup_region_visible_count=0 force_refresh=True handle=1117304
2026-08-25 22:56:47.261 | INFO     | winwatt_automation.live_ui.menu_helpers:list_top_menu_items:1141 - Top-level menu items (raw): ['Rendszer', 'Fájl', 'Jegyzékek', 'Adatbázis...', 'Beállítások', 'Ablak', 'Súgó']
2026-08-25 22:56:47.261 | INFO     | winwatt_automation.runtime_mapping.program_mapper:_evaluate_action_admission:1969 - ACTION_ADMISSION_REJECTED top_menu=Beállítások path=['Beállítások', 'Végrehajtás'] traversal_depth=1 reason=unknown_legacy_popup_noise_suppressed classification=unknown result_type=no_observable_effect placeholder=False text_confidence=medium raw_text_sources=['legacy_text'] skip_reason=None
2026-08-25 22:56:47.261 | INFO     | winwatt_automation.runtime_mapping.program_mapper:_evaluate_action_admission:1982 - ACTION_STRUCTURE_ONLY_ROW top_menu=Beállítások path=['Beállítások', 'Végrehajtás'] traversal_depth=1 reason=unknown_legacy_popup_noise_suppressed
2026-08-25 22:56:48.155 | INFO     | winwatt_automation.live_ui.menu_helpers:_menu_items:1101 - DBG_MENU_ITEMS_SUMMARY total_items=16 visible_items=16 topbar_band=(0, 0, 687, 327) topbar_band_visible_count=16 popup_region_visible_count=0 force_refresh=True handle=1117304
2026-08-25 22:56:48.281 | INFO     | winwatt_automation.live_ui.menu_helpers:list_top_menu_items:1141 - Top-level menu items (raw): ['Rendszer', 'Fájl', 'Jegyzékek', 'Adatbázis...', 'Beállítások', 'Ablak', 'Súgó']
2026-08-25 22:56:48.281 | INFO     | winwatt_automation.runtime_mapping.program_mapper:_evaluate_action_admission:1969 - ACTION_ADMISSION_REJECTED top_menu=Beállítások path=['Beállítások', '[unlabeled row 2]'] traversal_depth=1 reason=disabled_menu_item classification=unknown result_type=no_observable_effect placeholder=True text_confidence=none raw_text_sources=[] skip_reason=None
2026-08-25 22:56:48.281 | INFO     | winwatt_automation.runtime_mapping.program_mapper:_evaluate_action_admission:1982 - ACTION_STRUCTURE_ONLY_ROW top_menu=Beállítások path=['Beállítások', '[unlabeled row 2]'] traversal_depth=1 reason=disabled_menu_item
2026-08-25 22:56:49.184 | INFO     | winwatt_automation.live_ui.menu_helpers:_menu_items:1101 - DBG_MENU_ITEMS_SUMMARY total_items=16 visible_items=16 topbar_band=(0, 0, 687, 327) topbar_band_visible_count=16 popup_region_visible_count=0 force_refresh=True handle=1117304
2026-08-25 22:56:49.319 | INFO     | winwatt_automation.live_ui.menu_helpers:list_top_menu_items:1141 - Top-level menu items (raw): ['Rendszer', 'Fájl', 'Jegyzékek', 'Adatbázis...', 'Beállítások', 'Ablak', 'Súgó']
2026-08-25 22:56:49.319 | INFO     | winwatt_automation.runtime_mapping.program_mapper:_evaluate_action_admission:1969 - ACTION_ADMISSION_REJECTED top_menu=Beállítások path=['Beállítások', '[unlabeled row 3]'] traversal_depth=1 reason=disabled_menu_item classification=unknown result_type=no_observable_effect placeholder=True text_confidence=none raw_text_sources=[] skip_reason=None
2026-08-25 22:56:49.319 | INFO     | winwatt_automation.runtime_mapping.program_mapper:_evaluate_action_admission:1982 - ACTION_STRUCTURE_ONLY_ROW top_menu=Beállítások path=['Beállítások', '[unlabeled row 3]'] traversal_depth=1 reason=disabled_menu_item
2026-08-25 22:56:49.319 | INFO     | winwatt_automation.live_ui.app_connector:is_winwatt_foreground_context:1134 - DBG_WINWATT_FOREGROUND_CONTEXT expected_handle=1117304 expected_process_id=12376 expected_title=WinWatt gólya expected_class_name=TMainForm actual_foreground_handle=1117304 actual_foreground_process_id=12376 actual_foreground_title=WinWatt gólya actual_foreground_class_name=TMainForm allow_dialog=True result_reason=handle_match
2026-08-25 22:56:49.327 | INFO     | winwatt_automation.live_ui.app_connector:_cached_window_health_status:489 - DBG_WINWATT_CACHE_HEALTH reason_code=healthy payload={'wrapper_type': 'UIAWrapper', 'handle': 1117304, 'process_id': 12376, 'title': 'WinWatt gólya', 'class_name': 'TMainForm', 'control_type': 'Window'}
2026-08-25 22:56:50.348 | INFO     | winwatt_automation.live_ui.menu_helpers:_menu_items:1101 - DBG_MENU_ITEMS_SUMMARY total_items=16 visible_items=16 topbar_band=(0, 0, 687, 327) topbar_band_visible_count=16 popup_region_visible_count=0 force_refresh=True handle=1117304
2026-08-25 22:56:50.481 | INFO     | winwatt_automation.live_ui.menu_helpers:list_top_menu_items:1141 - Top-level menu items (raw): ['Rendszer', 'Fájl', 'Jegyzékek', 'Adatbázis...', 'Beállítások', 'Ablak', 'Súgó']
2026-08-25 22:56:50.482 | INFO     | winwatt_automation.runtime_mapping.program_mapper:_evaluate_action_admission:1969 - ACTION_ADMISSION_REJECTED top_menu=Beállítások path=['Beállítások', '[unlabeled row 5]'] traversal_depth=1 reason=disabled_menu_item classification=unknown result_type=no_observable_effect placeholder=True text_confidence=none raw_text_sources=[] skip_reason=None
2026-08-25 22:56:50.482 | INFO     | winwatt_automation.runtime_mapping.program_mapper:_evaluate_action_admission:1982 - ACTION_STRUCTURE_ONLY_ROW top_menu=Beállítások path=['Beállítások', '[unlabeled row 5]'] traversal_depth=1 reason=disabled_menu_item
2026-08-25 22:56:50.483 | INFO     | winwatt_automation.runtime_mapping.program_mapper:_log_phase_timing:279 - DBG_PHASE_TIMING phase=subtree_traversal elapsed_ms=4266.000 state_id=no_project top_menu=Beállítások depth=1 rows=9 nodes=4 actions=4
2026-08-25 22:56:50.483 | INFO     | winwatt_automation.runtime_mapping.program_mapper:explore_menu_tree:4191 - ACTION_CATALOG_OUTPUT_SUMMARY state=no_project top_menu=Beállítások depth=1 candidate_rows=9 probed_rows=0 admitted_after_probe=0 admitted_actions=0 still_structure_only=4 suppressed_unknown=0 placeholders_retained=3
2026-08-25 22:56:50.483 | INFO     | winwatt_automation.runtime_mapping.program_mapper:map_runtime_state:4349 - MAP_RUNTIME_STATE_MENU_RESULT state_id=no_project top_menu=Beállítások rows=9 nodes=4 actions=4 dialogs=0 windows=0 catalog=0
2026-08-25 22:56:50.491 | INFO     | winwatt_automation.live_ui.app_connector:is_winwatt_foreground_context:1134 - DBG_WINWATT_FOREGROUND_CONTEXT expected_handle=1117304 expected_process_id=12376 expected_title=WinWatt gólya expected_class_name=TMainForm actual_foreground_handle=1117304 actual_foreground_process_id=12376 actual_foreground_title=WinWatt gólya actual_foreground_class_name=TMainForm allow_dialog=True result_reason=handle_match
2026-08-25 22:56:50.491 | INFO     | winwatt_automation.runtime_mapping.program_mapper:explore_menu_tree:3548 - POPUP_REUSE_REJECTED state=no_project top_menu=Ablak normalized_parent=('ablak',) popup_state_path=('beállítások',) reason=state_path_mismatch
2026-08-25 22:56:50.951 | INFO     | winwatt_automation.live_ui.menu_helpers:_menu_items:1101 - DBG_MENU_ITEMS_SUMMARY total_items=16 visible_items=16 topbar_band=(0, 0, 687, 327) topbar_band_visible_count=16 popup_region_visible_count=0 force_refresh=False handle=1117304
2026-08-25 22:56:50.951 | INFO     | winwatt_automation.live_ui.menu_helpers:_menu_row_from_wrapper:1545 - TEXT_EXTRACTION_FALLBACK_USED source=legacy_text confidence=medium rect={'left': 4, 'top': 56, 'right': 687, 'bottom': 84}
2026-08-25 22:56:50.967 | INFO     | winwatt_automation.live_ui.menu_helpers:_menu_row_from_wrapper:1545 - TEXT_EXTRACTION_FALLBACK_USED source=legacy_text confidence=medium rect={'left': 4, 'top': 84, 'right': 687, 'bottom': 112}
2026-08-25 22:56:50.967 | WARNING  | winwatt_automation.live_ui.menu_helpers:_menu_row_from_wrapper:1547 - TEXT_EXTRACTION_FAILED source_scope=main_window rect={'left': 4, 'top': 111, 'right': 687, 'bottom': 139}
2026-08-25 22:56:50.983 | WARNING  | winwatt_automation.live_ui.menu_helpers:_menu_row_from_wrapper:1547 - TEXT_EXTRACTION_FAILED source_scope=main_window rect={'left': 4, 'top': 139, 'right': 687, 'bottom': 167}
2026-08-25 22:56:50.983 | INFO     | winwatt_automation.live_ui.menu_helpers:_menu_row_from_wrapper:1545 - TEXT_EXTRACTION_FALLBACK_USED source=legacy_text confidence=medium rect={'left': 4, 'top': 166, 'right': 687, 'bottom': 194}
2026-08-25 22:56:50.999 | WARNING  | winwatt_automation.live_ui.menu_helpers:_menu_row_from_wrapper:1547 - TEXT_EXTRACTION_FAILED source_scope=main_window rect={'left': 4, 'top': 201, 'right': 687, 'bottom': 229}
2026-08-25 22:56:51.014 | INFO     | winwatt_automation.live_ui.menu_helpers:_menu_row_from_wrapper:1545 - TEXT_EXTRACTION_FALLBACK_USED source=legacy_text confidence=medium rect={'left': 4, 'top': 229, 'right': 687, 'bottom': 257}
2026-08-25 22:56:51.014 | INFO     | winwatt_automation.live_ui.menu_helpers:_menu_row_from_wrapper:1545 - TEXT_EXTRACTION_FALLBACK_USED source=legacy_text confidence=medium rect={'left': 4, 'top': 264, 'right': 687, 'bottom': 292}
2026-08-25 22:56:51.032 | INFO     | winwatt_automation.live_ui.menu_helpers:_menu_row_from_wrapper:1545 - TEXT_EXTRACTION_FALLBACK_USED source=legacy_text confidence=medium rect={'left': 4, 'top': 299, 'right': 687, 'bottom': 327}
2026-08-25 22:56:51.443 | INFO     | winwatt_automation.live_ui.menu_helpers:capture_menu_popup_snapshot:1724 - POPUP_SNAPSHOT_SUMMARY main_window_fragments=16 global_scan_fragments=0 deduped_fragments=16 topbar_like=6 popup_like=9 empty_text=3 topbar_band=(0, 29, 409, 53) empty_text_vertical_cluster_detected=False accepted_popup_rows=0 popup_heuristic=candidate_count_below_threshold
2026-08-25 22:56:52.382 | INFO     | winwatt_automation.live_ui.menu_helpers:_menu_items:1101 - DBG_MENU_ITEMS_SUMMARY total_items=16 visible_items=16 topbar_band=(0, 0, 687, 327) topbar_band_visible_count=16 popup_region_visible_count=0 force_refresh=True handle=1117304
2026-08-25 22:56:52.525 | INFO     | winwatt_automation.live_ui.menu_helpers:list_top_menu_items:1141 - Top-level menu items (raw): ['Rendszer', 'Fájl', 'Jegyzékek', 'Adatbázis...', 'Beállítások', 'Ablak', 'Súgó']
2026-08-25 22:56:52.525 | INFO     | winwatt_automation.runtime_mapping.program_mapper:explore_menu_tree:3571 - RECENT_PROJECT_BLOCK_SUMMARY state=no_project top_menu=Ablak attempt=0 popup_block_classification=normal_popup recent_projects_block=False stateful_menu_block=False accepted_rows=9 filtered_rows=9
2026-08-25 22:56:52.525 | INFO     | winwatt_automation.runtime_mapping.program_mapper:explore_menu_tree:3572 - DBG_REUSING_OPEN_POPUP_SNAPSHOT state=no_project top_menu=Ablak row_count=16 popup_like_count=9 topbar_like_count=6 normalized_parent=('ablak',) popup_state_path=('beállítások',)
2026-08-25 22:56:52.525 | INFO     | winwatt_automation.runtime_mapping.program_mapper:explore_menu_tree:3582 - DBG_WINWATT_NORMAL_MENU_POPUP_ROWS_ACCEPTED state=no_project top_menu=Ablak attempt=0 accepted_row_count=9
2026-08-25 22:56:52.525 | INFO     | winwatt_automation.runtime_mapping.program_mapper:_build_menu_rows_from_popup_rows:1040 - DBG_MENU_BUILD_INPUT_ROW state=no_project top_menu=Ablak row_index=0 text='Végrehajtás' rectangle={'left': 4, 'top': 56, 'right': 687, 'bottom': 84} topbar_like=False popup_like=True source_scope=main_window fragments=0
2026-08-25 22:56:52.525 | INFO     | winwatt_automation.runtime_mapping.program_mapper:_build_menu_rows_from_popup_rows:1200 - DBG_WINWATT_NORMAL_MENU_ROW state=no_project top_menu=Ablak row_index=0 text='Végrehajtás' normalized_text=végrehajtás source_scope=main_window separator=False enabled_guess=True rectangle={'left': 4, 'top': 56, 'right': 687, 'bottom': 84} depth=1
2026-08-25 22:56:52.525 | INFO     | winwatt_automation.runtime_mapping.program_mapper:_build_menu_rows_from_popup_rows:1040 - DBG_MENU_BUILD_INPUT_ROW state=no_project top_menu=Ablak row_index=1 text='Végrehajtás' rectangle={'left': 4, 'top': 84, 'right': 687, 'bottom': 112} topbar_like=False popup_like=True source_scope=main_window fragments=0
2026-08-25 22:56:52.525 | INFO     | winwatt_automation.runtime_mapping.program_mapper:_build_menu_rows_from_popup_rows:1200 - DBG_WINWATT_NORMAL_MENU_ROW state=no_project top_menu=Ablak row_index=1 text='Végrehajtás' normalized_text=végrehajtás source_scope=main_window separator=False enabled_guess=True rectangle={'left': 4, 'top': 84, 'right': 687, 'bottom': 112} depth=1
2026-08-25 22:56:52.525 | INFO     | winwatt_automation.runtime_mapping.program_mapper:_build_menu_rows_from_popup_rows:1040 - DBG_MENU_BUILD_INPUT_ROW state=no_project top_menu=Ablak row_index=2 text='' rectangle={'left': 4, 'top': 111, 'right': 687, 'bottom': 139} topbar_like=False popup_like=True source_scope=main_window fragments=0
2026-08-25 22:56:52.525 | WARNING  | winwatt_automation.runtime_mapping.program_mapper:_resolve_row_text_with_fallback:687 - TEXT_EXTRACTION_FAILED row_index=2 source_scope=main_window fragment_count=0 rectangle={'left': 4, 'top': 111, 'right': 687, 'bottom': 139}
2026-08-25 22:56:52.525 | INFO     | winwatt_automation.runtime_mapping.program_mapper:_build_menu_rows_from_popup_rows:1100 - DBG_WINWATT_EMPTY_NORMALIZED_MENU_TITLE row_index=2 raw_text= normalized_text= is_separator=False source_scope=main_window control_type=MenuItem class_name= rectangle={'left': 4, 'top': 111, 'right': 687, 'bottom': 139} fragment_count=0 fragment_texts=[]
2026-08-25 22:56:52.525 | INFO     | winwatt_automation.runtime_mapping.program_mapper:_build_menu_rows_from_popup_rows:1145 - REPLACED_EMPTY_POPUP_ROW_WITH_PLACEHOLDER row_index=02
2026-08-25 22:56:52.525 | INFO     | winwatt_automation.runtime_mapping.program_mapper:_build_menu_rows_from_popup_rows:1149 - GEOM_PLACEHOLDER_CREATED row_index=02 rect={'left': 4, 'top': 111, 'right': 687, 'bottom': 139} popup_reason=below_topbar_band
2026-08-25 22:56:52.525 | INFO     | winwatt_automation.runtime_mapping.program_mapper:_build_menu_rows_from_popup_rows:1200 - DBG_WINWATT_NORMAL_MENU_ROW state=no_project top_menu=Ablak row_index=2 text='[unlabeled row 2]' normalized_text=[unlabeled row 2] source_scope=main_window separator=False enabled_guess=False rectangle={'left': 4, 'top': 111, 'right': 687, 'bottom': 139} depth=1
2026-08-25 22:56:52.525 | INFO     | winwatt_automation.runtime_mapping.program_mapper:_build_menu_rows_from_popup_rows:1040 - DBG_MENU_BUILD_INPUT_ROW state=no_project top_menu=Ablak row_index=3 text='' rectangle={'left': 4, 'top': 139, 'right': 687, 'bottom': 167} topbar_like=False popup_like=True source_scope=main_window fragments=0
2026-08-25 22:56:52.525 | WARNING  | winwatt_automation.runtime_mapping.program_mapper:_resolve_row_text_with_fallback:687 - TEXT_EXTRACTION_FAILED row_index=3 source_scope=main_window fragment_count=0 rectangle={'left': 4, 'top': 139, 'right': 687, 'bottom': 167}
2026-08-25 22:56:52.525 | INFO     | winwatt_automation.runtime_mapping.program_mapper:_build_menu_rows_from_popup_rows:1100 - DBG_WINWATT_EMPTY_NORMALIZED_MENU_TITLE row_index=3 raw_text= normalized_text= is_separator=False source_scope=main_window control_type=MenuItem class_name= rectangle={'left': 4, 'top': 139, 'right': 687, 'bottom': 167} fragment_count=0 fragment_texts=[]
2026-08-25 22:56:52.525 | INFO     | winwatt_automation.runtime_mapping.program_mapper:_build_menu_rows_from_popup_rows:1145 - REPLACED_EMPTY_POPUP_ROW_WITH_PLACEHOLDER row_index=03
2026-08-25 22:56:52.525 | INFO     | winwatt_automation.runtime_mapping.program_mapper:_build_menu_rows_from_popup_rows:1149 - GEOM_PLACEHOLDER_CREATED row_index=03 rect={'left': 4, 'top': 139, 'right': 687, 'bottom': 167} popup_reason=below_topbar_band
2026-08-25 22:56:52.525 | INFO     | winwatt_automation.runtime_mapping.program_mapper:_build_menu_rows_from_popup_rows:1200 - DBG_WINWATT_NORMAL_MENU_ROW state=no_project top_menu=Ablak row_index=3 text='[unlabeled row 3]' normalized_text=[unlabeled row 3] source_scope=main_window separator=False enabled_guess=False rectangle={'left': 4, 'top': 139, 'right': 687, 'bottom': 167} depth=1
2026-08-25 22:56:52.525 | INFO     | winwatt_automation.runtime_mapping.program_mapper:_build_menu_rows_from_popup_rows:1040 - DBG_MENU_BUILD_INPUT_ROW state=no_project top_menu=Ablak row_index=4 text='Végrehajtás' rectangle={'left': 4, 'top': 166, 'right': 687, 'bottom': 194} topbar_like=False popup_like=True source_scope=main_window fragments=0
2026-08-25 22:56:52.525 | INFO     | winwatt_automation.runtime_mapping.program_mapper:_build_menu_rows_from_popup_rows:1200 - DBG_WINWATT_NORMAL_MENU_ROW state=no_project top_menu=Ablak row_index=4 text='Végrehajtás' normalized_text=végrehajtás source_scope=main_window separator=False enabled_guess=True rectangle={'left': 4, 'top': 166, 'right': 687, 'bottom': 194} depth=1
2026-08-25 22:56:52.525 | INFO     | winwatt_automation.runtime_mapping.program_mapper:_build_menu_rows_from_popup_rows:1040 - DBG_MENU_BUILD_INPUT_ROW state=no_project top_menu=Ablak row_index=5 text='' rectangle={'left': 4, 'top': 201, 'right': 687, 'bottom': 229} topbar_like=False popup_like=True source_scope=main_window fragments=0
2026-08-25 22:56:52.525 | WARNING  | winwatt_automation.runtime_mapping.program_mapper:_resolve_row_text_with_fallback:687 - TEXT_EXTRACTION_FAILED row_index=5 source_scope=main_window fragment_count=0 rectangle={'left': 4, 'top': 201, 'right': 687, 'bottom': 229}
2026-08-25 22:56:52.535 | INFO     | winwatt_automation.runtime_mapping.program_mapper:_build_menu_rows_from_popup_rows:1100 - DBG_WINWATT_EMPTY_NORMALIZED_MENU_TITLE row_index=5 raw_text= normalized_text= is_separator=False source_scope=main_window control_type=MenuItem class_name= rectangle={'left': 4, 'top': 201, 'right': 687, 'bottom': 229} fragment_count=0 fragment_texts=[]
2026-08-25 22:56:52.535 | INFO     | winwatt_automation.runtime_mapping.program_mapper:_build_menu_rows_from_popup_rows:1145 - REPLACED_EMPTY_POPUP_ROW_WITH_PLACEHOLDER row_index=05
2026-08-25 22:56:52.535 | INFO     | winwatt_automation.runtime_mapping.program_mapper:_build_menu_rows_from_popup_rows:1149 - GEOM_PLACEHOLDER_CREATED row_index=05 rect={'left': 4, 'top': 201, 'right': 687, 'bottom': 229} popup_reason=below_topbar_band
2026-08-25 22:56:52.535 | INFO     | winwatt_automation.runtime_mapping.program_mapper:_build_menu_rows_from_popup_rows:1200 - DBG_WINWATT_NORMAL_MENU_ROW state=no_project top_menu=Ablak row_index=5 text='[unlabeled row 5]' normalized_text=[unlabeled row 5] source_scope=main_window separator=False enabled_guess=False rectangle={'left': 4, 'top': 201, 'right': 687, 'bottom': 229} depth=1
2026-08-25 22:56:52.535 | INFO     | winwatt_automation.runtime_mapping.program_mapper:_build_menu_rows_from_popup_rows:1040 - DBG_MENU_BUILD_INPUT_ROW state=no_project top_menu=Ablak row_index=6 text='Végrehajtás' rectangle={'left': 4, 'top': 229, 'right': 687, 'bottom': 257} topbar_like=False popup_like=True source_scope=main_window fragments=0
2026-08-25 22:56:52.535 | INFO     | winwatt_automation.runtime_mapping.program_mapper:_build_menu_rows_from_popup_rows:1200 - DBG_WINWATT_NORMAL_MENU_ROW state=no_project top_menu=Ablak row_index=6 text='Végrehajtás' normalized_text=végrehajtás source_scope=main_window separator=False enabled_guess=True rectangle={'left': 4, 'top': 229, 'right': 687, 'bottom': 257} depth=1
2026-08-25 22:56:52.535 | INFO     | winwatt_automation.runtime_mapping.program_mapper:_build_menu_rows_from_popup_rows:1040 - DBG_MENU_BUILD_INPUT_ROW state=no_project top_menu=Ablak row_index=7 text='Végrehajtás' rectangle={'left': 4, 'top': 264, 'right': 687, 'bottom': 292} topbar_like=False popup_like=True source_scope=main_window fragments=0
2026-08-25 22:56:52.535 | INFO     | winwatt_automation.runtime_mapping.program_mapper:_build_menu_rows_from_popup_rows:1200 - DBG_WINWATT_NORMAL_MENU_ROW state=no_project top_menu=Ablak row_index=7 text='Végrehajtás' normalized_text=végrehajtás source_scope=main_window separator=False enabled_guess=True rectangle={'left': 4, 'top': 264, 'right': 687, 'bottom': 292} depth=1
2026-08-25 22:56:52.535 | INFO     | winwatt_automation.runtime_mapping.program_mapper:_build_menu_rows_from_popup_rows:1040 - DBG_MENU_BUILD_INPUT_ROW state=no_project top_menu=Ablak row_index=8 text='Végrehajtás' rectangle={'left': 4, 'top': 299, 'right': 687, 'bottom': 327} topbar_like=False popup_like=True source_scope=main_window fragments=0
2026-08-25 22:56:52.535 | INFO     | winwatt_automation.runtime_mapping.program_mapper:_build_menu_rows_from_popup_rows:1200 - DBG_WINWATT_NORMAL_MENU_ROW state=no_project top_menu=Ablak row_index=8 text='Végrehajtás' normalized_text=végrehajtás source_scope=main_window separator=False enabled_guess=True rectangle={'left': 4, 'top': 299, 'right': 687, 'bottom': 327} depth=1
2026-08-25 22:56:52.535 | INFO     | winwatt_automation.runtime_mapping.program_mapper:_build_menu_rows_from_popup_rows:1244 - MENU_ROW_BUILD_SUMMARY state=no_project top_menu=Ablak input_rows=9 mapped_rows=9 placeholders=3 filtered_overlap=0 filtered_empty_non_actionable=0 rejected_foreign_rows=0 deduped_rows=0
2026-08-25 22:56:52.535 | INFO     | winwatt_automation.runtime_mapping.program_mapper:explore_menu_tree:3681 - ACTION_CATALOG_INPUT_SUMMARY state=no_project top_menu=Ablak depth=1 candidate_rows=9 placeholders=3 low_or_none_confidence=3 legacy_text_only=6 unknown_pending=0
2026-08-25 22:56:53.590 | INFO     | winwatt_automation.live_ui.menu_helpers:_menu_items:1101 - DBG_MENU_ITEMS_SUMMARY total_items=16 visible_items=16 topbar_band=(0, 0, 687, 327) topbar_band_visible_count=16 popup_region_visible_count=0 force_refresh=True handle=1117304
2026-08-25 22:56:53.712 | INFO     | winwatt_automation.live_ui.menu_helpers:list_top_menu_items:1141 - Top-level menu items (raw): ['Rendszer', 'Fájl', 'Jegyzékek', 'Adatbázis...', 'Beállítások', 'Ablak', 'Súgó']
2026-08-25 22:56:53.712 | INFO     | winwatt_automation.runtime_mapping.program_mapper:_evaluate_action_admission:1969 - ACTION_ADMISSION_REJECTED top_menu=Ablak path=['Ablak', 'Végrehajtás'] traversal_depth=1 reason=unknown_legacy_popup_noise_suppressed classification=unknown result_type=no_observable_effect placeholder=False text_confidence=medium raw_text_sources=['legacy_text'] skip_reason=None
2026-08-25 22:56:53.712 | INFO     | winwatt_automation.runtime_mapping.program_mapper:_evaluate_action_admission:1982 - ACTION_STRUCTURE_ONLY_ROW top_menu=Ablak path=['Ablak', 'Végrehajtás'] traversal_depth=1 reason=unknown_legacy_popup_noise_suppressed
2026-08-25 22:56:54.576 | INFO     | winwatt_automation.live_ui.menu_helpers:_menu_items:1101 - DBG_MENU_ITEMS_SUMMARY total_items=16 visible_items=16 topbar_band=(0, 0, 687, 327) topbar_band_visible_count=16 popup_region_visible_count=0 force_refresh=True handle=1117304
2026-08-25 22:56:54.707 | INFO     | winwatt_automation.live_ui.menu_helpers:list_top_menu_items:1141 - Top-level menu items (raw): ['Rendszer', 'Fájl', 'Jegyzékek', 'Adatbázis...', 'Beállítások', 'Ablak', 'Súgó']
2026-08-25 22:56:54.707 | INFO     | winwatt_automation.runtime_mapping.program_mapper:_evaluate_action_admission:1969 - ACTION_ADMISSION_REJECTED top_menu=Ablak path=['Ablak', '[unlabeled row 2]'] traversal_depth=1 reason=disabled_menu_item classification=unknown result_type=no_observable_effect placeholder=True text_confidence=none raw_text_sources=[] skip_reason=None
2026-08-25 22:56:54.707 | INFO     | winwatt_automation.runtime_mapping.program_mapper:_evaluate_action_admission:1982 - ACTION_STRUCTURE_ONLY_ROW top_menu=Ablak path=['Ablak', '[unlabeled row 2]'] traversal_depth=1 reason=disabled_menu_item
2026-08-25 22:56:55.640 | INFO     | winwatt_automation.live_ui.menu_helpers:_menu_items:1101 - DBG_MENU_ITEMS_SUMMARY total_items=16 visible_items=16 topbar_band=(0, 0, 687, 327) topbar_band_visible_count=16 popup_region_visible_count=0 force_refresh=True handle=1117304
2026-08-25 22:56:55.757 | INFO     | winwatt_automation.live_ui.menu_helpers:list_top_menu_items:1141 - Top-level menu items (raw): ['Rendszer', 'Fájl', 'Jegyzékek', 'Adatbázis...', 'Beállítások', 'Ablak', 'Súgó']
2026-08-25 22:56:55.757 | INFO     | winwatt_automation.runtime_mapping.program_mapper:_evaluate_action_admission:1969 - ACTION_ADMISSION_REJECTED top_menu=Ablak path=['Ablak', '[unlabeled row 3]'] traversal_depth=1 reason=disabled_menu_item classification=unknown result_type=no_observable_effect placeholder=True text_confidence=none raw_text_sources=[] skip_reason=None
2026-08-25 22:56:55.773 | INFO     | winwatt_automation.runtime_mapping.program_mapper:_evaluate_action_admission:1982 - ACTION_STRUCTURE_ONLY_ROW top_menu=Ablak path=['Ablak', '[unlabeled row 3]'] traversal_depth=1 reason=disabled_menu_item
2026-08-25 22:56:56.646 | INFO     | winwatt_automation.live_ui.menu_helpers:_menu_items:1101 - DBG_MENU_ITEMS_SUMMARY total_items=16 visible_items=16 topbar_band=(0, 0, 687, 327) topbar_band_visible_count=16 popup_region_visible_count=0 force_refresh=True handle=1117304
2026-08-25 22:56:56.775 | INFO     | winwatt_automation.live_ui.menu_helpers:list_top_menu_items:1141 - Top-level menu items (raw): ['Rendszer', 'Fájl', 'Jegyzékek', 'Adatbázis...', 'Beállítások', 'Ablak', 'Súgó']
2026-08-25 22:56:56.775 | INFO     | winwatt_automation.runtime_mapping.program_mapper:_evaluate_action_admission:1969 - ACTION_ADMISSION_REJECTED top_menu=Ablak path=['Ablak', '[unlabeled row 5]'] traversal_depth=1 reason=disabled_menu_item classification=unknown result_type=no_observable_effect placeholder=True text_confidence=none raw_text_sources=[] skip_reason=None
2026-08-25 22:56:56.775 | INFO     | winwatt_automation.runtime_mapping.program_mapper:_evaluate_action_admission:1982 - ACTION_STRUCTURE_ONLY_ROW top_menu=Ablak path=['Ablak', '[unlabeled row 5]'] traversal_depth=1 reason=disabled_menu_item
2026-08-25 22:56:56.775 | INFO     | winwatt_automation.runtime_mapping.program_mapper:_log_phase_timing:279 - DBG_PHASE_TIMING phase=subtree_traversal elapsed_ms=4234.000 state_id=no_project top_menu=Ablak depth=1 rows=9 nodes=4 actions=4
2026-08-25 22:56:56.775 | INFO     | winwatt_automation.runtime_mapping.program_mapper:explore_menu_tree:4191 - ACTION_CATALOG_OUTPUT_SUMMARY state=no_project top_menu=Ablak depth=1 candidate_rows=9 probed_rows=0 admitted_after_probe=0 admitted_actions=0 still_structure_only=4 suppressed_unknown=0 placeholders_retained=3
2026-08-25 22:56:56.775 | INFO     | winwatt_automation.runtime_mapping.program_mapper:map_runtime_state:4349 - MAP_RUNTIME_STATE_MENU_RESULT state_id=no_project top_menu=Ablak rows=9 nodes=4 actions=4 dialogs=0 windows=0 catalog=0
2026-08-25 22:56:56.775 | INFO     | winwatt_automation.live_ui.app_connector:is_winwatt_foreground_context:1134 - DBG_WINWATT_FOREGROUND_CONTEXT expected_handle=1117304 expected_process_id=12376 expected_title=WinWatt gólya expected_class_name=TMainForm actual_foreground_handle=1117304 actual_foreground_process_id=12376 actual_foreground_title=WinWatt gólya actual_foreground_class_name=TMainForm allow_dialog=True result_reason=handle_match
2026-08-25 22:56:56.775 | INFO     | winwatt_automation.runtime_mapping.program_mapper:explore_menu_tree:3548 - POPUP_REUSE_REJECTED state=no_project top_menu=Súgó normalized_parent=('súgó',) popup_state_path=('ablak',) reason=state_path_mismatch
2026-08-25 22:56:57.247 | INFO     | winwatt_automation.live_ui.menu_helpers:_menu_items:1101 - DBG_MENU_ITEMS_SUMMARY total_items=16 visible_items=16 topbar_band=(0, 0, 687, 327) topbar_band_visible_count=16 popup_region_visible_count=0 force_refresh=False handle=1117304
2026-08-25 22:56:57.247 | INFO     | winwatt_automation.live_ui.menu_helpers:_menu_row_from_wrapper:1545 - TEXT_EXTRACTION_FALLBACK_USED source=legacy_text confidence=medium rect={'left': 4, 'top': 56, 'right': 687, 'bottom': 84}
2026-08-25 22:56:57.262 | INFO     | winwatt_automation.live_ui.menu_helpers:_menu_row_from_wrapper:1545 - TEXT_EXTRACTION_FALLBACK_USED source=legacy_text confidence=medium rect={'left': 4, 'top': 84, 'right': 687, 'bottom': 112}
2026-08-25 22:56:57.278 | WARNING  | winwatt_automation.live_ui.menu_helpers:_menu_row_from_wrapper:1547 - TEXT_EXTRACTION_FAILED source_scope=main_window rect={'left': 4, 'top': 111, 'right': 687, 'bottom': 139}
2026-08-25 22:56:57.288 | WARNING  | winwatt_automation.live_ui.menu_helpers:_menu_row_from_wrapper:1547 - TEXT_EXTRACTION_FAILED source_scope=main_window rect={'left': 4, 'top': 139, 'right': 687, 'bottom': 167}
2026-08-25 22:56:57.295 | INFO     | winwatt_automation.live_ui.menu_helpers:_menu_row_from_wrapper:1545 - TEXT_EXTRACTION_FALLBACK_USED source=legacy_text confidence=medium rect={'left': 4, 'top': 166, 'right': 687, 'bottom': 194}
2026-08-25 22:56:57.295 | WARNING  | winwatt_automation.live_ui.menu_helpers:_menu_row_from_wrapper:1547 - TEXT_EXTRACTION_FAILED source_scope=main_window rect={'left': 4, 'top': 201, 'right': 687, 'bottom': 229}
2026-08-25 22:56:57.310 | INFO     | winwatt_automation.live_ui.menu_helpers:_menu_row_from_wrapper:1545 - TEXT_EXTRACTION_FALLBACK_USED source=legacy_text confidence=medium rect={'left': 4, 'top': 229, 'right': 687, 'bottom': 257}
2026-08-25 22:56:57.318 | INFO     | winwatt_automation.live_ui.menu_helpers:_menu_row_from_wrapper:1545 - TEXT_EXTRACTION_FALLBACK_USED source=legacy_text confidence=medium rect={'left': 4, 'top': 264, 'right': 687, 'bottom': 292}
2026-08-25 22:56:57.342 | INFO     | winwatt_automation.live_ui.menu_helpers:_menu_row_from_wrapper:1545 - TEXT_EXTRACTION_FALLBACK_USED source=legacy_text confidence=medium rect={'left': 4, 'top': 299, 'right': 687, 'bottom': 327}
2026-08-25 22:56:57.483 | INFO     | winwatt_automation.live_ui.menu_helpers:capture_menu_popup_snapshot:1724 - POPUP_SNAPSHOT_SUMMARY main_window_fragments=16 global_scan_fragments=0 deduped_fragments=16 topbar_like=6 popup_like=9 empty_text=3 topbar_band=(0, 29, 409, 53) empty_text_vertical_cluster_detected=False accepted_popup_rows=0 popup_heuristic=candidate_count_below_threshold
2026-08-25 22:56:58.375 | INFO     | winwatt_automation.live_ui.menu_helpers:_menu_items:1101 - DBG_MENU_ITEMS_SUMMARY total_items=16 visible_items=16 topbar_band=(0, 0, 687, 327) topbar_band_visible_count=16 popup_region_visible_count=0 force_refresh=True handle=1117304
2026-08-25 22:56:58.501 | INFO     | winwatt_automation.live_ui.menu_helpers:list_top_menu_items:1141 - Top-level menu items (raw): ['Rendszer', 'Fájl', 'Jegyzékek', 'Adatbázis...', 'Beállítások', 'Ablak', 'Súgó']
2026-08-25 22:56:58.501 | INFO     | winwatt_automation.runtime_mapping.program_mapper:explore_menu_tree:3571 - RECENT_PROJECT_BLOCK_SUMMARY state=no_project top_menu=Súgó attempt=0 popup_block_classification=normal_popup recent_projects_block=False stateful_menu_block=False accepted_rows=9 filtered_rows=9
2026-08-25 22:56:58.501 | INFO     | winwatt_automation.runtime_mapping.program_mapper:explore_menu_tree:3572 - DBG_REUSING_OPEN_POPUP_SNAPSHOT state=no_project top_menu=Súgó row_count=16 popup_like_count=9 topbar_like_count=6 normalized_parent=('súgó',) popup_state_path=('ablak',)
2026-08-25 22:56:58.501 | INFO     | winwatt_automation.runtime_mapping.program_mapper:explore_menu_tree:3582 - DBG_WINWATT_NORMAL_MENU_POPUP_ROWS_ACCEPTED state=no_project top_menu=Súgó attempt=0 accepted_row_count=9
2026-08-25 22:56:58.501 | INFO     | winwatt_automation.runtime_mapping.program_mapper:_build_menu_rows_from_popup_rows:1040 - DBG_MENU_BUILD_INPUT_ROW state=no_project top_menu=Súgó row_index=0 text='Végrehajtás' rectangle={'left': 4, 'top': 56, 'right': 687, 'bottom': 84} topbar_like=False popup_like=True source_scope=main_window fragments=0
2026-08-25 22:56:58.501 | INFO     | winwatt_automation.runtime_mapping.program_mapper:_build_menu_rows_from_popup_rows:1200 - DBG_WINWATT_NORMAL_MENU_ROW state=no_project top_menu=Súgó row_index=0 text='Végrehajtás' normalized_text=végrehajtás source_scope=main_window separator=False enabled_guess=True rectangle={'left': 4, 'top': 56, 'right': 687, 'bottom': 84} depth=1
2026-08-25 22:56:58.501 | INFO     | winwatt_automation.runtime_mapping.program_mapper:_build_menu_rows_from_popup_rows:1040 - DBG_MENU_BUILD_INPUT_ROW state=no_project top_menu=Súgó row_index=1 text='Végrehajtás' rectangle={'left': 4, 'top': 84, 'right': 687, 'bottom': 112} topbar_like=False popup_like=True source_scope=main_window fragments=0
2026-08-25 22:56:58.501 | INFO     | winwatt_automation.runtime_mapping.program_mapper:_build_menu_rows_from_popup_rows:1200 - DBG_WINWATT_NORMAL_MENU_ROW state=no_project top_menu=Súgó row_index=1 text='Végrehajtás' normalized_text=végrehajtás source_scope=main_window separator=False enabled_guess=True rectangle={'left': 4, 'top': 84, 'right': 687, 'bottom': 112} depth=1
2026-08-25 22:56:58.501 | INFO     | winwatt_automation.runtime_mapping.program_mapper:_build_menu_rows_from_popup_rows:1040 - DBG_MENU_BUILD_INPUT_ROW state=no_project top_menu=Súgó row_index=2 text='' rectangle={'left': 4, 'top': 111, 'right': 687, 'bottom': 139} topbar_like=False popup_like=True source_scope=main_window fragments=0
2026-08-25 22:56:58.501 | WARNING  | winwatt_automation.runtime_mapping.program_mapper:_resolve_row_text_with_fallback:687 - TEXT_EXTRACTION_FAILED row_index=2 source_scope=main_window fragment_count=0 rectangle={'left': 4, 'top': 111, 'right': 687, 'bottom': 139}
2026-08-25 22:56:58.501 | INFO     | winwatt_automation.runtime_mapping.program_mapper:_build_menu_rows_from_popup_rows:1100 - DBG_WINWATT_EMPTY_NORMALIZED_MENU_TITLE row_index=2 raw_text= normalized_text= is_separator=False source_scope=main_window control_type=MenuItem class_name= rectangle={'left': 4, 'top': 111, 'right': 687, 'bottom': 139} fragment_count=0 fragment_texts=[]
2026-08-25 22:56:58.501 | INFO     | winwatt_automation.runtime_mapping.program_mapper:_build_menu_rows_from_popup_rows:1145 - REPLACED_EMPTY_POPUP_ROW_WITH_PLACEHOLDER row_index=02
2026-08-25 22:56:58.501 | INFO     | winwatt_automation.runtime_mapping.program_mapper:_build_menu_rows_from_popup_rows:1149 - GEOM_PLACEHOLDER_CREATED row_index=02 rect={'left': 4, 'top': 111, 'right': 687, 'bottom': 139} popup_reason=below_topbar_band
2026-08-25 22:56:58.501 | INFO     | winwatt_automation.runtime_mapping.program_mapper:_build_menu_rows_from_popup_rows:1200 - DBG_WINWATT_NORMAL_MENU_ROW state=no_project top_menu=Súgó row_index=2 text='[unlabeled row 2]' normalized_text=[unlabeled row 2] source_scope=main_window separator=False enabled_guess=False rectangle={'left': 4, 'top': 111, 'right': 687, 'bottom': 139} depth=1
2026-08-25 22:56:58.501 | INFO     | winwatt_automation.runtime_mapping.program_mapper:_build_menu_rows_from_popup_rows:1040 - DBG_MENU_BUILD_INPUT_ROW state=no_project top_menu=Súgó row_index=3 text='' rectangle={'left': 4, 'top': 139, 'right': 687, 'bottom': 167} topbar_like=False popup_like=True source_scope=main_window fragments=0
2026-08-25 22:56:58.501 | WARNING  | winwatt_automation.runtime_mapping.program_mapper:_resolve_row_text_with_fallback:687 - TEXT_EXTRACTION_FAILED row_index=3 source_scope=main_window fragment_count=0 rectangle={'left': 4, 'top': 139, 'right': 687, 'bottom': 167}
2026-08-25 22:56:58.501 | INFO     | winwatt_automation.runtime_mapping.program_mapper:_build_menu_rows_from_popup_rows:1100 - DBG_WINWATT_EMPTY_NORMALIZED_MENU_TITLE row_index=3 raw_text= normalized_text= is_separator=False source_scope=main_window control_type=MenuItem class_name= rectangle={'left': 4, 'top': 139, 'right': 687, 'bottom': 167} fragment_count=0 fragment_texts=[]
2026-08-25 22:56:58.501 | INFO     | winwatt_automation.runtime_mapping.program_mapper:_build_menu_rows_from_popup_rows:1145 - REPLACED_EMPTY_POPUP_ROW_WITH_PLACEHOLDER row_index=03
2026-08-25 22:56:58.501 | INFO     | winwatt_automation.runtime_mapping.program_mapper:_build_menu_rows_from_popup_rows:1149 - GEOM_PLACEHOLDER_CREATED row_index=03 rect={'left': 4, 'top': 139, 'right': 687, 'bottom': 167} popup_reason=below_topbar_band
2026-08-25 22:56:58.501 | INFO     | winwatt_automation.runtime_mapping.program_mapper:_build_menu_rows_from_popup_rows:1200 - DBG_WINWATT_NORMAL_MENU_ROW state=no_project top_menu=Súgó row_index=3 text='[unlabeled row 3]' normalized_text=[unlabeled row 3] source_scope=main_window separator=False enabled_guess=False rectangle={'left': 4, 'top': 139, 'right': 687, 'bottom': 167} depth=1
2026-08-25 22:56:58.501 | INFO     | winwatt_automation.runtime_mapping.program_mapper:_build_menu_rows_from_popup_rows:1040 - DBG_MENU_BUILD_INPUT_ROW state=no_project top_menu=Súgó row_index=4 text='Végrehajtás' rectangle={'left': 4, 'top': 166, 'right': 687, 'bottom': 194} topbar_like=False popup_like=True source_scope=main_window fragments=0
2026-08-25 22:56:58.501 | INFO     | winwatt_automation.runtime_mapping.program_mapper:_build_menu_rows_from_popup_rows:1200 - DBG_WINWATT_NORMAL_MENU_ROW state=no_project top_menu=Súgó row_index=4 text='Végrehajtás' normalized_text=végrehajtás source_scope=main_window separator=False enabled_guess=True rectangle={'left': 4, 'top': 166, 'right': 687, 'bottom': 194} depth=1
2026-08-25 22:56:58.501 | INFO     | winwatt_automation.runtime_mapping.program_mapper:_build_menu_rows_from_popup_rows:1040 - DBG_MENU_BUILD_INPUT_ROW state=no_project top_menu=Súgó row_index=5 text='' rectangle={'left': 4, 'top': 201, 'right': 687, 'bottom': 229} topbar_like=False popup_like=True source_scope=main_window fragments=0
2026-08-25 22:56:58.501 | WARNING  | winwatt_automation.runtime_mapping.program_mapper:_resolve_row_text_with_fallback:687 - TEXT_EXTRACTION_FAILED row_index=5 source_scope=main_window fragment_count=0 rectangle={'left': 4, 'top': 201, 'right': 687, 'bottom': 229}
2026-08-25 22:56:58.517 | INFO     | winwatt_automation.runtime_mapping.program_mapper:_build_menu_rows_from_popup_rows:1100 - DBG_WINWATT_EMPTY_NORMALIZED_MENU_TITLE row_index=5 raw_text= normalized_text= is_separator=False source_scope=main_window control_type=MenuItem class_name= rectangle={'left': 4, 'top': 201, 'right': 687, 'bottom': 229} fragment_count=0 fragment_texts=[]
2026-08-25 22:56:58.517 | INFO     | winwatt_automation.runtime_mapping.program_mapper:_build_menu_rows_from_popup_rows:1145 - REPLACED_EMPTY_POPUP_ROW_WITH_PLACEHOLDER row_index=05
2026-08-25 22:56:58.517 | INFO     | winwatt_automation.runtime_mapping.program_mapper:_build_menu_rows_from_popup_rows:1149 - GEOM_PLACEHOLDER_CREATED row_index=05 rect={'left': 4, 'top': 201, 'right': 687, 'bottom': 229} popup_reason=below_topbar_band
2026-08-25 22:56:58.517 | INFO     | winwatt_automation.runtime_mapping.program_mapper:_build_menu_rows_from_popup_rows:1200 - DBG_WINWATT_NORMAL_MENU_ROW state=no_project top_menu=Súgó row_index=5 text='[unlabeled row 5]' normalized_text=[unlabeled row 5] source_scope=main_window separator=False enabled_guess=False rectangle={'left': 4, 'top': 201, 'right': 687, 'bottom': 229} depth=1
2026-08-25 22:56:58.517 | INFO     | winwatt_automation.runtime_mapping.program_mapper:_build_menu_rows_from_popup_rows:1040 - DBG_MENU_BUILD_INPUT_ROW state=no_project top_menu=Súgó row_index=6 text='Végrehajtás' rectangle={'left': 4, 'top': 229, 'right': 687, 'bottom': 257} topbar_like=False popup_like=True source_scope=main_window fragments=0
2026-08-25 22:56:58.517 | INFO     | winwatt_automation.runtime_mapping.program_mapper:_build_menu_rows_from_popup_rows:1200 - DBG_WINWATT_NORMAL_MENU_ROW state=no_project top_menu=Súgó row_index=6 text='Végrehajtás' normalized_text=végrehajtás source_scope=main_window separator=False enabled_guess=True rectangle={'left': 4, 'top': 229, 'right': 687, 'bottom': 257} depth=1
2026-08-25 22:56:58.517 | INFO     | winwatt_automation.runtime_mapping.program_mapper:_build_menu_rows_from_popup_rows:1040 - DBG_MENU_BUILD_INPUT_ROW state=no_project top_menu=Súgó row_index=7 text='Végrehajtás' rectangle={'left': 4, 'top': 264, 'right': 687, 'bottom': 292} topbar_like=False popup_like=True source_scope=main_window fragments=0
2026-08-25 22:56:58.517 | INFO     | winwatt_automation.runtime_mapping.program_mapper:_build_menu_rows_from_popup_rows:1200 - DBG_WINWATT_NORMAL_MENU_ROW state=no_project top_menu=Súgó row_index=7 text='Végrehajtás' normalized_text=végrehajtás source_scope=main_window separator=False enabled_guess=True rectangle={'left': 4, 'top': 264, 'right': 687, 'bottom': 292} depth=1
2026-08-25 22:56:58.517 | INFO     | winwatt_automation.runtime_mapping.program_mapper:_build_menu_rows_from_popup_rows:1040 - DBG_MENU_BUILD_INPUT_ROW state=no_project top_menu=Súgó row_index=8 text='Végrehajtás' rectangle={'left': 4, 'top': 299, 'right': 687, 'bottom': 327} topbar_like=False popup_like=True source_scope=main_window fragments=0
2026-08-25 22:56:58.517 | INFO     | winwatt_automation.runtime_mapping.program_mapper:_build_menu_rows_from_popup_rows:1200 - DBG_WINWATT_NORMAL_MENU_ROW state=no_project top_menu=Súgó row_index=8 text='Végrehajtás' normalized_text=végrehajtás source_scope=main_window separator=False enabled_guess=True rectangle={'left': 4, 'top': 299, 'right': 687, 'bottom': 327} depth=1
2026-08-25 22:56:58.520 | INFO     | winwatt_automation.runtime_mapping.program_mapper:_build_menu_rows_from_popup_rows:1244 - MENU_ROW_BUILD_SUMMARY state=no_project top_menu=Súgó input_rows=9 mapped_rows=9 placeholders=3 filtered_overlap=0 filtered_empty_non_actionable=0 rejected_foreign_rows=0 deduped_rows=0
2026-08-25 22:56:58.520 | INFO     | winwatt_automation.runtime_mapping.program_mapper:explore_menu_tree:3681 - ACTION_CATALOG_INPUT_SUMMARY state=no_project top_menu=Súgó depth=1 candidate_rows=9 placeholders=3 low_or_none_confidence=3 legacy_text_only=6 unknown_pending=0
2026-08-25 22:56:59.454 | INFO     | winwatt_automation.live_ui.menu_helpers:_menu_items:1101 - DBG_MENU_ITEMS_SUMMARY total_items=16 visible_items=16 topbar_band=(0, 0, 687, 327) topbar_band_visible_count=16 popup_region_visible_count=0 force_refresh=True handle=1117304
2026-08-25 22:56:59.580 | INFO     | winwatt_automation.live_ui.menu_helpers:list_top_menu_items:1141 - Top-level menu items (raw): ['Rendszer', 'Fájl', 'Jegyzékek', 'Adatbázis...', 'Beállítások', 'Ablak', 'Súgó']
2026-08-25 22:56:59.580 | INFO     | winwatt_automation.runtime_mapping.program_mapper:_evaluate_action_admission:1969 - ACTION_ADMISSION_REJECTED top_menu=Súgó path=['Súgó', 'Végrehajtás'] traversal_depth=1 reason=unknown_legacy_popup_noise_suppressed classification=unknown result_type=no_observable_effect placeholder=False text_confidence=medium raw_text_sources=['legacy_text'] skip_reason=None
2026-08-25 22:56:59.580 | INFO     | winwatt_automation.runtime_mapping.program_mapper:_evaluate_action_admission:1982 - ACTION_STRUCTURE_ONLY_ROW top_menu=Súgó path=['Súgó', 'Végrehajtás'] traversal_depth=1 reason=unknown_legacy_popup_noise_suppressed
2026-08-25 22:57:00.861 | INFO     | winwatt_automation.live_ui.menu_helpers:_menu_items:1101 - DBG_MENU_ITEMS_SUMMARY total_items=16 visible_items=16 topbar_band=(0, 0, 687, 327) topbar_band_visible_count=16 popup_region_visible_count=0 force_refresh=True handle=1117304
2026-08-25 22:57:01.034 | INFO     | winwatt_automation.live_ui.menu_helpers:list_top_menu_items:1141 - Top-level menu items (raw): ['Rendszer', 'Fájl', 'Jegyzékek', 'Adatbázis...', 'Beállítások', 'Ablak', 'Súgó']
2026-08-25 22:57:01.034 | INFO     | winwatt_automation.runtime_mapping.program_mapper:_evaluate_action_admission:1969 - ACTION_ADMISSION_REJECTED top_menu=Súgó path=['Súgó', '[unlabeled row 2]'] traversal_depth=1 reason=disabled_menu_item classification=unknown result_type=no_observable_effect placeholder=True text_confidence=none raw_text_sources=[] skip_reason=None
2026-08-25 22:57:01.034 | INFO     | winwatt_automation.runtime_mapping.program_mapper:_evaluate_action_admission:1982 - ACTION_STRUCTURE_ONLY_ROW top_menu=Súgó path=['Súgó', '[unlabeled row 2]'] traversal_depth=1 reason=disabled_menu_item
2026-08-25 22:57:02.036 | INFO     | winwatt_automation.live_ui.menu_helpers:_menu_items:1101 - DBG_MENU_ITEMS_SUMMARY total_items=16 visible_items=16 topbar_band=(0, 0, 687, 327) topbar_band_visible_count=16 popup_region_visible_count=0 force_refresh=True handle=1117304
2026-08-25 22:57:02.290 | INFO     | winwatt_automation.live_ui.menu_helpers:list_top_menu_items:1141 - Top-level menu items (raw): ['Rendszer', 'Fájl', 'Jegyzékek', 'Adatbázis...', 'Beállítások', 'Ablak', 'Súgó']
2026-08-25 22:57:02.294 | INFO     | winwatt_automation.runtime_mapping.program_mapper:_evaluate_action_admission:1969 - ACTION_ADMISSION_REJECTED top_menu=Súgó path=['Súgó', '[unlabeled row 3]'] traversal_depth=1 reason=disabled_menu_item classification=unknown result_type=no_observable_effect placeholder=True text_confidence=none raw_text_sources=[] skip_reason=None
2026-08-25 22:57:02.295 | INFO     | winwatt_automation.runtime_mapping.program_mapper:_evaluate_action_admission:1982 - ACTION_STRUCTURE_ONLY_ROW top_menu=Súgó path=['Súgó', '[unlabeled row 3]'] traversal_depth=1 reason=disabled_menu_item
2026-08-25 22:57:03.657 | INFO     | winwatt_automation.live_ui.menu_helpers:_menu_items:1101 - DBG_MENU_ITEMS_SUMMARY total_items=16 visible_items=16 topbar_band=(0, 0, 687, 327) topbar_band_visible_count=16 popup_region_visible_count=0 force_refresh=True handle=1117304
2026-08-25 22:57:03.775 | INFO     | winwatt_automation.live_ui.menu_helpers:list_top_menu_items:1141 - Top-level menu items (raw): ['Rendszer', 'Fájl', 'Jegyzékek', 'Adatbázis...', 'Beállítások', 'Ablak', 'Súgó']
2026-08-25 22:57:03.790 | INFO     | winwatt_automation.runtime_mapping.program_mapper:_evaluate_action_admission:1969 - ACTION_ADMISSION_REJECTED top_menu=Súgó path=['Súgó', '[unlabeled row 5]'] traversal_depth=1 reason=disabled_menu_item classification=unknown result_type=no_observable_effect placeholder=True text_confidence=none raw_text_sources=[] skip_reason=None
2026-08-25 22:57:03.790 | INFO     | winwatt_automation.runtime_mapping.program_mapper:_evaluate_action_admission:1982 - ACTION_STRUCTURE_ONLY_ROW top_menu=Súgó path=['Súgó', '[unlabeled row 5]'] traversal_depth=1 reason=disabled_menu_item
2026-08-25 22:57:03.790 | INFO     | winwatt_automation.runtime_mapping.program_mapper:_log_phase_timing:279 - DBG_PHASE_TIMING phase=subtree_traversal elapsed_ms=5266.000 state_id=no_project top_menu=Súgó depth=1 rows=9 nodes=4 actions=4
2026-08-25 22:57:03.790 | INFO     | winwatt_automation.runtime_mapping.program_mapper:explore_menu_tree:4191 - ACTION_CATALOG_OUTPUT_SUMMARY state=no_project top_menu=Súgó depth=1 candidate_rows=9 probed_rows=0 admitted_after_probe=0 admitted_actions=0 still_structure_only=4 suppressed_unknown=0 placeholders_retained=3
2026-08-25 22:57:03.790 | INFO     | winwatt_automation.runtime_mapping.program_mapper:map_runtime_state:4349 - MAP_RUNTIME_STATE_MENU_RESULT state_id=no_project top_menu=Súgó rows=9 nodes=4 actions=4 dialogs=0 windows=0 catalog=0
2026-08-25 22:57:03.790 | INFO     | winwatt_automation.live_ui.app_connector:is_winwatt_foreground_context:1134 - DBG_WINWATT_FOREGROUND_CONTEXT expected_handle=1117304 expected_process_id=12376 expected_title=WinWatt gólya expected_class_name=TMainForm actual_foreground_handle=1117304 actual_foreground_process_id=12376 actual_foreground_title=WinWatt gólya actual_foreground_class_name=TMainForm allow_dialog=True result_reason=handle_match
2026-08-25 22:57:03.790 | INFO     | winwatt_automation.runtime_mapping.program_mapper:map_runtime_state:4427 - MAP_RUNTIME_STATE_FINAL_COUNTS state_id=no_project retained_top_menus=['Fájl', 'Jegyzékek', 'Adatbázis...', 'Beállítások', 'Ablak', 'Súgó'] rows=54 actions=24 dialogs=0 windows=0 transitions=0 partial=False stop_reason=None
2026-08-25 22:57:03.790 | INFO     | winwatt_automation.runtime_mapping.program_mapper:_build_state_atlas_entry:2053 - STATE_ATLAS_ENTRY_CREATED state_id=no_project top_menus=6 rows=54 actions=0 transitions=0 top_menu_texts=['Fájl', 'Jegyzékek', 'Adatbázis', 'Beállítások', 'Ablak', 'Súgó'] action_sample=[]
[event] state_mapped: {"actions": 24, "dialogs": 0, "state_id": "no_project", "top_menus": 6}
2026-08-25 22:57:05.014 | INFO     | winwatt_automation.live_ui.app_connector:get_cached_main_window:597 - DBG_WINWATT_CACHE_GET reason_code=cache_missing_resolving_fresh diagnostic_fast_mode=True
2026-08-25 22:57:05.375 | INFO     | winwatt_automation.live_ui.app_connector:_connect_with_win32_handle:276 - DBG_WINWATT_CONNECT_WIN32_CANDIDATES locator=backend=win32 ranked_candidates=[]
2026-08-25 22:57:05.375 | WARNING  | winwatt_automation.runtime_mapping.program_mapper:_safe_capture_snapshot:191 - snapshot_capture_failed state_id=startup_after_relaunch error=No WinWatt-like windows were found
2026-08-25 22:57:05.876 | INFO     | winwatt_automation.live_ui.app_connector:get_cached_main_window:597 - DBG_WINWATT_CACHE_GET reason_code=cache_missing_resolving_fresh diagnostic_fast_mode=True
2026-08-25 22:57:08.479 | INFO     | winwatt_automation.live_ui.app_connector:_connect_with_win32_handle:276 - DBG_WINWATT_CONNECT_WIN32_CANDIDATES locator=backend=win32 ranked_candidates=[]
2026-08-25 22:57:08.479 | WARNING  | winwatt_automation.runtime_mapping.program_mapper:_safe_capture_snapshot:191 - snapshot_capture_failed state_id=startup_after_relaunch error=No WinWatt-like windows were found
2026-08-25 22:57:08.981 | INFO     | winwatt_automation.live_ui.app_connector:get_cached_main_window:597 - DBG_WINWATT_CACHE_GET reason_code=cache_missing_resolving_fresh diagnostic_fast_mode=True
2026-08-25 22:57:10.180 | INFO     | winwatt_automation.live_ui.app_connector:_connect_with_win32_handle:276 - DBG_WINWATT_CONNECT_WIN32_CANDIDATES locator=backend=win32 ranked_candidates=[]
2026-08-25 22:57:10.181 | WARNING  | winwatt_automation.runtime_mapping.program_mapper:_safe_capture_snapshot:191 - snapshot_capture_failed state_id=startup_after_relaunch error=No WinWatt-like windows were found
2026-08-25 22:57:10.682 | INFO     | winwatt_automation.live_ui.app_connector:get_cached_main_window:597 - DBG_WINWATT_CACHE_GET reason_code=cache_missing_resolving_fresh diagnostic_fast_mode=True
2026-08-25 22:57:10.763 | INFO     | winwatt_automation.live_ui.app_connector:_connect_with_win32_handle:276 - DBG_WINWATT_CONNECT_WIN32_CANDIDATES locator=backend=win32 ranked_candidates=[]
2026-08-25 22:57:10.763 | WARNING  | winwatt_automation.runtime_mapping.program_mapper:_safe_capture_snapshot:191 - snapshot_capture_failed state_id=startup_after_relaunch error=No WinWatt-like windows were found
2026-08-25 22:57:11.265 | INFO     | winwatt_automation.live_ui.app_connector:get_cached_main_window:597 - DBG_WINWATT_CACHE_GET reason_code=cache_missing_resolving_fresh diagnostic_fast_mode=True
2026-08-25 22:57:11.363 | INFO     | winwatt_automation.live_ui.app_connector:_connect_with_win32_handle:276 - DBG_WINWATT_CONNECT_WIN32_CANDIDATES locator=backend=win32 ranked_candidates=[]
2026-08-25 22:57:11.363 | WARNING  | winwatt_automation.runtime_mapping.program_mapper:_safe_capture_snapshot:191 - snapshot_capture_failed state_id=startup_after_relaunch error=No WinWatt-like windows were found
2026-08-25 22:57:11.869 | INFO     | winwatt_automation.live_ui.app_connector:get_cached_main_window:597 - DBG_WINWATT_CACHE_GET reason_code=cache_missing_resolving_fresh diagnostic_fast_mode=True
2026-08-25 22:57:11.951 | INFO     | winwatt_automation.live_ui.app_connector:_connect_with_win32_handle:276 - DBG_WINWATT_CONNECT_WIN32_CANDIDATES locator=backend=win32 ranked_candidates=[]
2026-08-25 22:57:11.951 | WARNING  | winwatt_automation.runtime_mapping.program_mapper:_safe_capture_snapshot:191 - snapshot_capture_failed state_id=startup_after_relaunch error=No WinWatt-like windows were found
2026-08-25 22:57:12.454 | INFO     | winwatt_automation.live_ui.app_connector:get_cached_main_window:597 - DBG_WINWATT_CACHE_GET reason_code=cache_missing_resolving_fresh diagnostic_fast_mode=True
2026-08-25 22:57:12.551 | INFO     | winwatt_automation.live_ui.app_connector:_connect_with_win32_handle:276 - DBG_WINWATT_CONNECT_WIN32_CANDIDATES locator=backend=win32 ranked_candidates=[]
2026-08-25 22:57:12.551 | WARNING  | winwatt_automation.runtime_mapping.program_mapper:_safe_capture_snapshot:191 - snapshot_capture_failed state_id=startup_after_relaunch error=No WinWatt-like windows were found
2026-08-25 22:57:13.052 | INFO     | winwatt_automation.live_ui.app_connector:get_cached_main_window:597 - DBG_WINWATT_CACHE_GET reason_code=cache_missing_resolving_fresh diagnostic_fast_mode=True
2026-08-25 22:57:13.179 | INFO     | winwatt_automation.live_ui.app_connector:_connect_with_win32_handle:276 - DBG_WINWATT_CONNECT_WIN32_CANDIDATES locator=backend=win32 ranked_candidates=[]
2026-08-25 22:57:13.195 | WARNING  | winwatt_automation.runtime_mapping.program_mapper:_safe_capture_snapshot:191 - snapshot_capture_failed state_id=startup_after_relaunch error=No WinWatt-like windows were found
2026-08-25 22:57:13.695 | INFO     | winwatt_automation.live_ui.app_connector:get_cached_main_window:597 - DBG_WINWATT_CACHE_GET reason_code=cache_missing_resolving_fresh diagnostic_fast_mode=True
2026-08-25 22:57:13.768 | INFO     | winwatt_automation.live_ui.app_connector:_connect_with_win32_handle:276 - DBG_WINWATT_CONNECT_WIN32_CANDIDATES locator=backend=win32 ranked_candidates=[]
2026-08-25 22:57:13.768 | WARNING  | winwatt_automation.runtime_mapping.program_mapper:_safe_capture_snapshot:191 - snapshot_capture_failed state_id=startup_after_relaunch error=No WinWatt-like windows were found
2026-08-25 22:57:14.275 | INFO     | winwatt_automation.live_ui.app_connector:get_cached_main_window:597 - DBG_WINWATT_CACHE_GET reason_code=cache_missing_resolving_fresh diagnostic_fast_mode=True
2026-08-25 22:57:14.379 | INFO     | winwatt_automation.live_ui.app_connector:_connect_with_win32_handle:276 - DBG_WINWATT_CONNECT_WIN32_CANDIDATES locator=backend=win32 ranked_candidates=[]
2026-08-25 22:57:14.379 | WARNING  | winwatt_automation.runtime_mapping.program_mapper:_safe_capture_snapshot:191 - snapshot_capture_failed state_id=startup_after_relaunch error=No WinWatt-like windows were found
2026-08-25 22:57:14.883 | INFO     | winwatt_automation.live_ui.app_connector:get_cached_main_window:597 - DBG_WINWATT_CACHE_GET reason_code=cache_missing_resolving_fresh diagnostic_fast_mode=True
2026-08-25 22:57:14.954 | INFO     | winwatt_automation.live_ui.app_connector:_connect_with_win32_handle:276 - DBG_WINWATT_CONNECT_WIN32_CANDIDATES locator=backend=win32 ranked_candidates=[]
2026-08-25 22:57:14.958 | WARNING  | winwatt_automation.runtime_mapping.program_mapper:_safe_capture_snapshot:191 - snapshot_capture_failed state_id=startup_after_relaunch error=No WinWatt-like windows were found
2026-08-25 22:57:15.459 | INFO     | winwatt_automation.live_ui.app_connector:get_cached_main_window:597 - DBG_WINWATT_CACHE_GET reason_code=cache_missing_resolving_fresh diagnostic_fast_mode=True
2026-08-25 22:57:15.537 | INFO     | winwatt_automation.live_ui.app_connector:_connect_with_win32_handle:276 - DBG_WINWATT_CONNECT_WIN32_CANDIDATES locator=backend=win32 ranked_candidates=[]
2026-08-25 22:57:15.537 | WARNING  | winwatt_automation.runtime_mapping.program_mapper:_safe_capture_snapshot:191 - snapshot_capture_failed state_id=startup_after_relaunch error=No WinWatt-like windows were found
2026-08-25 22:57:16.043 | INFO     | winwatt_automation.live_ui.app_connector:get_cached_main_window:597 - DBG_WINWATT_CACHE_GET reason_code=cache_missing_resolving_fresh diagnostic_fast_mode=True
2026-08-25 22:57:16.160 | INFO     | winwatt_automation.live_ui.app_connector:_connect_with_win32_handle:276 - DBG_WINWATT_CONNECT_WIN32_CANDIDATES locator=backend=win32 ranked_candidates=[]
2026-08-25 22:57:16.160 | WARNING  | winwatt_automation.runtime_mapping.program_mapper:_safe_capture_snapshot:191 - snapshot_capture_failed state_id=startup_after_relaunch error=No WinWatt-like windows were found
2026-08-25 22:57:16.661 | INFO     | winwatt_automation.live_ui.app_connector:get_cached_main_window:597 - DBG_WINWATT_CACHE_GET reason_code=cache_missing_resolving_fresh diagnostic_fast_mode=True
2026-08-25 22:57:16.729 | INFO     | winwatt_automation.live_ui.app_connector:_connect_with_win32_handle:276 - DBG_WINWATT_CONNECT_WIN32_CANDIDATES locator=backend=win32 ranked_candidates=[]
2026-08-25 22:57:16.729 | WARNING  | winwatt_automation.runtime_mapping.program_mapper:_safe_capture_snapshot:191 - snapshot_capture_failed state_id=startup_after_relaunch error=No WinWatt-like windows were found
2026-08-25 22:57:17.236 | INFO     | winwatt_automation.live_ui.app_connector:get_cached_main_window:597 - DBG_WINWATT_CACHE_GET reason_code=cache_missing_resolving_fresh diagnostic_fast_mode=True
2026-08-25 22:57:17.380 | INFO     | winwatt_automation.live_ui.app_connector:_connect_with_win32_handle:276 - DBG_WINWATT_CONNECT_WIN32_CANDIDATES locator=backend=win32 ranked_candidates=[{'rank': 1, 'score': (1, 1, 1, 1, 2017600), 'process_id': 22088, 'handle': None, 'class_name': 'TMainForm', 'title': 'WinWatt gólya - C:\\Users\\Admin\\Documents\\GitHub\\autowinwatt\\winwatt_automation\\tests\\testwwp.wwp', 'visible': True, 'enabled': True}]
2026-08-25 22:57:17.380 | INFO     | winwatt_automation.live_ui.app_connector:select_main_window:224 - Candidate ranking score=(1, 1, 1, 1, 2017600) data={'title': 'WinWatt gólya - C:\\Users\\Admin\\Documents\\GitHub\\autowinwatt\\winwatt_automation\\tests\\testwwp.wwp', 'window_text': 'WinWatt gólya - C:\\Users\\Admin\\Documents\\GitHub\\autowinwatt\\winwatt_automation\\tests\\testwwp.wwp', 'class_name': 'TMainForm', 'control_type': None, 'process_id': 22088, 'handle': None, 'is_visible': True, 'is_enabled': True, 'rectangle': {'left': -10, 'top': -10, 'right': 1930, 'bottom': 1030, 'width': 1940, 'height': 1040}, 'size': {'width': 1940, 'height': 1040}}
2026-08-25 22:57:17.380 | INFO     | winwatt_automation.live_ui.app_connector:select_main_window:234 - Selected main window process_id=22088 handle=None score=(1, 1, 1, 1, 2017600) reasons=['has_process_id=True', 'has_handle=False', 'visible=True', 'enabled=True', 'title_has_winwatt=True', 'area=2017600']
2026-08-25 22:57:17.380 | INFO     | winwatt_automation.live_ui.app_connector:_connect_with_win32_handle:293 - DBG_WINWATT_CONNECT_WIN32_SELECTED selected_payload={'title': 'WinWatt gólya - C:\\Users\\Admin\\Documents\\GitHub\\autowinwatt\\winwatt_automation\\tests\\testwwp.wwp', 'window_text': 'WinWatt gólya - C:\\Users\\Admin\\Documents\\GitHub\\autowinwatt\\winwatt_automation\\tests\\testwwp.wwp', 'class_name': 'TMainForm', 'control_type': None, 'process_id': 22088, 'handle': None, 'is_visible': True, 'is_enabled': True, 'rectangle': {'left': -10, 'top': -10, 'right': 1930, 'bottom': 1030, 'width': 1940, 'height': 1040}, 'size': {'width': 1940, 'height': 1040}} selected_handle_is_none=True
2026-08-25 22:57:17.380 | INFO     | winwatt_automation.live_ui.app_connector:_connect_with_win32_handle:336 - Connected to WinWatt backend=win32 attach_mode=process candidate={'process_id': 22088, 'handle': None, 'class_name': 'TMainForm', 'title': 'WinWatt gólya - C:\\Users\\Admin\\Documents\\GitHub\\autowinwatt\\winwatt_automation\\tests\\testwwp.wwp'}
2026-08-25 22:57:17.380 | INFO     | winwatt_automation.live_ui.app_connector:_connect_with_win32_handle:350 - DBG_WINWATT_CONNECT_WIN32_RESOLVED process_id=22088 resolved_handle=None selected_payload={'title': 'WinWatt gólya - C:\\Users\\Admin\\Documents\\GitHub\\autowinwatt\\winwatt_automation\\tests\\testwwp.wwp', 'window_text': 'WinWatt gólya - C:\\Users\\Admin\\Documents\\GitHub\\autowinwatt\\winwatt_automation\\tests\\testwwp.wwp', 'class_name': 'TMainForm', 'control_type': None, 'process_id': 22088, 'handle': None, 'is_visible': True, 'is_enabled': True, 'rectangle': {'left': -10, 'top': -10, 'right': 1930, 'bottom': 1030, 'width': 1940, 'height': 1040}, 'size': {'width': 1940, 'height': 1040}}
2026-08-25 22:57:17.380 | INFO     | winwatt_automation.live_ui.app_connector:_resolve_uia_main_window:382 - DBG_WINWATT_RESOLVE_UIA_WIN32_SELECTED selected_payload={'title': 'WinWatt gólya - C:\\Users\\Admin\\Documents\\GitHub\\autowinwatt\\winwatt_automation\\tests\\testwwp.wwp', 'window_text': 'WinWatt gólya - C:\\Users\\Admin\\Documents\\GitHub\\autowinwatt\\winwatt_automation\\tests\\testwwp.wwp', 'class_name': 'TMainForm', 'control_type': None, 'process_id': 22088, 'handle': None, 'is_visible': True, 'is_enabled': True, 'rectangle': {'left': -10, 'top': -10, 'right': 1930, 'bottom': 1030, 'width': 1940, 'height': 1040}, 'size': {'width': 1940, 'height': 1040}}
2026-08-25 22:57:17.380 | INFO     | winwatt_automation.live_ui.app_connector:_resolve_uia_main_window:388 - Connected to WinWatt backend=uia process_id=22088
2026-08-25 22:57:17.380 | INFO     | winwatt_automation.live_ui.app_connector:_resolve_uia_main_window:390 - Resolving main WinWatt window backend=uia class_name=TMainForm title_re=.*WinWatt.*
2026-08-25 22:57:17.785 | INFO     | winwatt_automation.live_ui.app_connector:_resolve_uia_main_window:400 - DBG_WINWATT_RESOLVE_UIA_PRIMARY selected_payload={'title': 'WinWatt gólya - C:\\Users\\Admin\\Documents\\GitHub\\autowinwatt\\winwatt_automation\\tests\\testwwp.wwp', 'window_text': 'WinWatt gólya - C:\\Users\\Admin\\Documents\\GitHub\\autowinwatt\\winwatt_automation\\tests\\testwwp.wwp', 'class_name': 'TMainForm', 'control_type': None, 'process_id': 22088, 'handle': None, 'is_visible': True, 'is_enabled': True, 'rectangle': {'left': -10, 'top': -10, 'right': 1930, 'bottom': 1030, 'width': 1940, 'height': 1040}, 'size': {'width': 1940, 'height': 1040}} primary_result={'wrapper_type': 'UIAWrapper', 'handle': 1248502, 'process_id': 22088, 'title': 'WinWatt gólya - C:\\Users\\Admin\\Documents\\GitHub\\autowinwatt\\winwatt_automation\\tests\\testwwp.wwp', 'class_name': 'TMainForm', 'control_type': 'Window'} identity_match_with_win32=None
2026-08-25 22:57:18.629 | INFO     | winwatt_automation.live_ui.menu_helpers:_menu_items:1101 - DBG_MENU_ITEMS_SUMMARY total_items=7 visible_items=7 topbar_band=(0, 0, 392, 53) topbar_band_visible_count=7 popup_region_visible_count=0 force_refresh=True handle=1248502
2026-08-25 22:57:18.707 | INFO     | winwatt_automation.live_ui.menu_helpers:list_top_menu_items:1141 - Top-level menu items (raw): ['Rendszer', 'Fájl', 'Jegyzékek', 'Eszközök', 'Beállítások', 'Ablak', 'Súgó']
2026-08-25 22:57:19.448 | INFO     | winwatt_automation.live_ui.menu_helpers:_menu_items:1101 - DBG_MENU_ITEMS_SUMMARY total_items=7 visible_items=7 topbar_band=(0, 0, 392, 53) topbar_band_visible_count=7 popup_region_visible_count=0 force_refresh=True handle=1248502
2026-08-25 22:57:19.531 | INFO     | winwatt_automation.live_ui.menu_helpers:list_top_menu_items:1141 - Top-level menu items (raw): ['Rendszer', 'Fájl', 'Jegyzékek', 'Eszközök', 'Beállítások', 'Ablak', 'Súgó']
[event] open_file_dialog_detected: {"project_open_method": "direct_launch", "project_open_sequence": ["C:\\Users\\Admin\\Documents\\GitHub\\autowinwatt\\winwatt_automation\\tests\\testwwp.wwp"], "value": false}
[event] file_dialog_path_entered: {"value": false}
[event] file_dialog_confirm_clicked: {"value": false}
[event] dialog_closed: {"value": false}
[event] observed_main_window_title_after_open: {"is_empty": false, "value": "WinWatt gólya - C:\\Users\\Admin\\Documents\\GitHub\\autowinwatt\\winwatt_automation\\tests\\testwwp.wwp"}
[event] observed_project_path: {"is_null": false, "value": "C:\\Users\\Admin\\Documents\\GitHub\\autowinwatt\\winwatt_automation\\tests\\testwwp.wwp"}
[event] path_match_normalized: {"expected_project_path": "C:\\Users\\Admin\\Documents\\GitHub\\autowinwatt\\winwatt_automation\\tests\\testwwp.wwp", "observed_project_path": "C:\\Users\\Admin\\Documents\\GitHub\\autowinwatt\\winwatt_automation\\tests\\testwwp.wwp", "value": true}
[event] project_open_result: {"already_open_before_mapping": false, "dialog_found": false, "enter_confirm_sent": false, "error": null, "expected_project_path": "C:\\Users\\Admin\\Documents\\GitHub\\autowinwatt\\winwatt_automation\\tests\\testwwp.wwp", "file_dialog_confirm_clicked": false, "file_dialog_path_entered": false, "focused_input_entry_attempted": false, "focused_input_entry_sent": false, "interaction_helper_called": false, "interaction_helper_result_present": false, "observed_project_path": "C:\\Users\\Admin\\Documents\\GitHub\\autowinwatt\\winwatt_automation\\tests\\testwwp.wwp", "open_file_dialog_detected": false, "path_entry_strategy_null_reason": "direct_project_launch_bootstrap", "path_entry_strategy_selected": null, "path_match_normalized": true, "post_confirm_dialog_closed": false, "post_confirm_path_match": true, "post_confirm_title": "WinWatt gólya - C:\\Users\\Admin\\Documents\\GitHub\\autowinwatt\\winwatt_automation\\tests\\testwwp.wwp", "project_open_attempt_started": true, "project_open_menu_item_clicked": false, "project_open_method": "direct_launch", "project_open_sequence": ["C:\\Users\\Admin\\Documents\\GitHub\\autowinwatt\\winwatt_automation\\tests\\testwwp.wwp"], "project_open_verdict": "opened_by_this_attempt", "startup_project_detected": false, "success": true}
[event] project_open_recovery: {"main_window_ready_after_attempt": true, "modal_detected": false, "reason": "fresh_process_launch", "success": true}
2026-08-25 22:57:20.500 | INFO     | winwatt_automation.live_ui.menu_helpers:_menu_items:1101 - DBG_MENU_ITEMS_SUMMARY total_items=7 visible_items=7 topbar_band=(0, 0, 392, 53) topbar_band_visible_count=7 popup_region_visible_count=0 force_refresh=True handle=1248502
2026-08-25 22:57:20.574 | INFO     | winwatt_automation.live_ui.menu_helpers:list_top_menu_items:1141 - Top-level menu items (raw): ['Rendszer', 'Fájl', 'Jegyzékek', 'Eszközök', 'Beállítások', 'Ablak', 'Súgó']
2026-08-25 22:57:20.582 | INFO     | winwatt_automation.runtime_mapping.program_mapper:get_canonical_top_menu_names:924 - Canonical top-level menus [7]: ['Rendszer', 'Fájl', 'Jegyzékek', 'Eszközök', 'Beállítások', 'Ablak', 'Súgó']
2026-08-25 22:57:20.582 | INFO     | winwatt_automation.runtime_mapping.program_mapper:map_runtime_state:4285 - MAP_RUNTIME_STATE_SELECTION state_id=project_open discovered=['Rendszer', 'Fájl', 'Jegyzékek', 'Eszközök', 'Beállítások', 'Ablak', 'Súgó'] canonical=['Rendszer', 'Fájl', 'Jegyzékek', 'Eszközök', 'Beállítások', 'Ablak', 'Súgó'] requested=['Fájl', 'Jegyzékek', 'Adatbázis...', 'Beállítások', 'Ablak', 'Súgó'] normalized_targets=['fájl', 'jegyzékek', 'adatbázis', 'beállítások', 'ablak', 'súgó']
2026-08-25 22:57:20.917 | INFO     | winwatt_automation.live_ui.menu_helpers:_menu_items:1101 - DBG_MENU_ITEMS_SUMMARY total_items=7 visible_items=7 topbar_band=(0, 0, 392, 53) topbar_band_visible_count=7 popup_region_visible_count=0 force_refresh=False handle=1248502
2026-08-25 22:57:20.919 | INFO     | winwatt_automation.live_ui.menu_helpers:capture_menu_popup_snapshot:1724 - POPUP_SNAPSHOT_SUMMARY main_window_fragments=7 global_scan_fragments=0 deduped_fragments=7 topbar_like=6 popup_like=0 empty_text=0 topbar_band=(0, 29, 392, 53) empty_text_vertical_cluster_detected=False accepted_popup_rows=0 popup_heuristic=candidate_count_below_threshold
2026-08-25 22:57:21.614 | INFO     | winwatt_automation.live_ui.menu_helpers:_menu_items:1101 - DBG_MENU_ITEMS_SUMMARY total_items=7 visible_items=7 topbar_band=(0, 0, 392, 53) topbar_band_visible_count=7 popup_region_visible_count=0 force_refresh=True handle=1248502
2026-08-25 22:57:21.677 | INFO     | winwatt_automation.live_ui.menu_helpers:list_top_menu_items:1141 - Top-level menu items (raw): ['Rendszer', 'Fájl', 'Jegyzékek', 'Eszközök', 'Beállítások', 'Ablak', 'Súgó']
2026-08-25 22:57:21.677 | INFO     | winwatt_automation.runtime_mapping.program_mapper:explore_menu_tree:3592 - DBG_WINWATT_NORMAL_MENU_OPEN_NO_POPUP state=project_open top_menu=Fájl attempt=0 raw_row_count=7 popup_like_count=0 topbar_like_count=6 filtered_row_count=0
2026-08-25 22:57:21.677 | INFO     | winwatt_automation.runtime_mapping.program_mapper:_open_and_capture_root_menu:1489 - DBG_WINWATT_NORMAL_MENU_OPEN_START state=project_open top_menu=Fájl menu_kind=normal
2026-08-25 22:57:22.438 | INFO     | winwatt_automation.live_ui.menu_helpers:_menu_items:1101 - DBG_MENU_ITEMS_SUMMARY total_items=7 visible_items=7 topbar_band=(0, 0, 392, 53) topbar_band_visible_count=7 popup_region_visible_count=0 force_refresh=True handle=1248502
2026-08-25 22:57:22.571 | INFO     | winwatt_automation.live_ui.menu_helpers:list_top_menu_items:1141 - Top-level menu items (raw): ['Rendszer', 'Fájl', 'Jegyzékek', 'Eszközök', 'Beállítások', 'Ablak', 'Súgó']
2026-08-25 22:57:22.641 | INFO     | winwatt_automation.live_ui.app_connector:prepare_main_window_for_menu_interaction:981 - Preparing WinWatt window for menu interaction
2026-08-25 22:57:22.656 | INFO     | winwatt_automation.live_ui.app_connector:prepare_main_window_for_menu_interaction:1001 - Window state before: maximized
2026-08-25 22:57:22.656 | INFO     | winwatt_automation.live_ui.app_connector:prepare_main_window_for_menu_interaction:1022 - Window maximized
2026-08-25 22:57:22.656 | INFO     | winwatt_automation.live_ui.app_connector:prepare_main_window_for_menu_interaction:1031 - Focus confirmed
2026-08-25 22:57:22.656 | INFO     | winwatt_automation.live_ui.app_connector:ensure_main_window_foreground_before_click:1190 - DBG_WINWATT_FOCUS_GUARD_PRECHECK action_label=click_top_menu_item:Fájl wrapper_type=UIAWrapper cached_handle=1248502 cached_pid=22088 cached_title=WinWatt gólya - C:\Users\Admin\Documents\GitHub\autowinwatt\winwatt_automation\tests\testwwp.wwp cached_class=TMainForm precheck_exists=False precheck_visible=True precheck_enabled=True rect={'left': -10, 'top': -10, 'right': 1930, 'bottom': 1030, 'width': 1940, 'height': 1040}
2026-08-25 22:57:22.656 | WARNING  | winwatt_automation.live_ui.app_connector:ensure_main_window_foreground_before_click:1288 - DBG_WINWATT_FOCUS_GUARD_CLICK_OVERRIDE action_label=click_top_menu_item:Fájl reason=exists_false_but_identity_strong wrapper_type=UIAWrapper identity_reasons=['handle', 'process_id', 'title', 'class_name', 'rect', 'visible', 'enabled'] cached_identity={'wrapper_type': 'UIAWrapper', 'handle': 1248502, 'process_id': 22088, 'title': 'WinWatt gólya - C:\\Users\\Admin\\Documents\\GitHub\\autowinwatt\\winwatt_automation\\tests\\testwwp.wwp', 'class_name': 'TMainForm', 'control_type': 'Window'} rect={'left': -10, 'top': -10, 'right': 1930, 'bottom': 1030, 'width': 1940, 'height': 1040}
2026-08-25 22:57:22.656 | INFO     | winwatt_automation.live_ui.app_connector:is_winwatt_foreground_context:1134 - DBG_WINWATT_FOREGROUND_CONTEXT expected_handle=1248502 expected_process_id=22088 expected_title=WinWatt gólya - C:\Users\Admin\Documents\GitHub\autowinwatt\winwatt_automation\tests\testwwp.wwp expected_class_name=TMainForm actual_foreground_handle=1248502 actual_foreground_process_id=22088 actual_foreground_title=WinWatt gólya - C:\Users\Admin\Documents\GitHub\autowinwatt\winwatt_automation\tests\testwwp.wwp actual_foreground_class_name=TMainForm allow_dialog=False result_reason=handle_match
2026-08-25 22:57:22.672 | INFO     | winwatt_automation.live_ui.app_connector:ensure_main_window_foreground_before_click:1351 - DBG_WINWATT_FOCUS_GUARD_RESULT action_label=click_top_menu_item:Fájl status=focus_ok reason=handle_match foreground={'handle': 1248502, 'title': 'WinWatt gólya - C:\\Users\\Admin\\Documents\\GitHub\\autowinwatt\\winwatt_automation\\tests\\testwwp.wwp', 'class_name': 'TMainForm', 'process_id': 22088} same_context_as_cached_main=True win32_uia_identity_match=True
2026-08-25 22:57:22.672 | INFO     | winwatt_automation.live_ui.menu_helpers:click_top_menu_item:2326 - click_top_menu_item('Fájl'): foreground_before_click={'handle': 1248502, 'title': 'WinWatt gólya - C:\\Users\\Admin\\Documents\\GitHub\\autowinwatt\\winwatt_automation\\tests\\testwwp.wwp', 'class_name': 'TMainForm', 'process_id': 22088}
2026-08-25 22:57:22.672 | INFO     | winwatt_automation.live_ui.menu_helpers:_menu_items:1101 - DBG_MENU_ITEMS_SUMMARY total_items=7 visible_items=7 topbar_band=(0, 0, 392, 53) topbar_band_visible_count=7 popup_region_visible_count=0 force_refresh=False handle=1248502
2026-08-25 22:57:23.030 | INFO     | winwatt_automation.live_ui.menu_helpers:_menu_items:1101 - DBG_MENU_ITEMS_SUMMARY total_items=7 visible_items=7 topbar_band=(0, 0, 392, 53) topbar_band_visible_count=7 popup_region_visible_count=0 force_refresh=False handle=1248502
2026-08-25 22:57:23.030 | INFO     | winwatt_automation.live_ui.menu_helpers:capture_menu_popup_snapshot:1724 - POPUP_SNAPSHOT_SUMMARY main_window_fragments=7 global_scan_fragments=0 deduped_fragments=7 topbar_like=6 popup_like=0 empty_text=0 topbar_band=(0, 29, 392, 53) empty_text_vertical_cluster_detected=False accepted_popup_rows=0 popup_heuristic=candidate_count_below_threshold
2026-08-25 22:57:23.164 | INFO     | winwatt_automation.live_ui.menu_helpers:_validate_post_menu_open_foreground:962 - post_click_foreground_validation title=Fájl foreground={'handle': 1248502, 'title': 'WinWatt gólya - C:\\Users\\Admin\\Documents\\GitHub\\autowinwatt\\winwatt_automation\\tests\\testwwp.wwp', 'class_name': 'TMainForm', 'process_id': 22088}
2026-08-25 22:57:23.193 | INFO     | winwatt_automation.live_ui.app_connector:is_winwatt_foreground_context:1134 - DBG_WINWATT_FOREGROUND_CONTEXT expected_handle=1248502 expected_process_id=22088 expected_title=WinWatt gólya - C:\Users\Admin\Documents\GitHub\autowinwatt\winwatt_automation\tests\testwwp.wwp expected_class_name=TMainForm actual_foreground_handle=1248502 actual_foreground_process_id=22088 actual_foreground_title=WinWatt gólya - C:\Users\Admin\Documents\GitHub\autowinwatt\winwatt_automation\tests\testwwp.wwp actual_foreground_class_name=TMainForm allow_dialog=True result_reason=handle_match
2026-08-25 22:57:23.576 | INFO     | winwatt_automation.live_ui.menu_helpers:_menu_items:1101 - DBG_MENU_ITEMS_SUMMARY total_items=19 visible_items=19 topbar_band=(0, 0, 392, 53) topbar_band_visible_count=7 popup_region_visible_count=12 force_refresh=False handle=1248502
2026-08-25 22:57:23.591 | INFO     | winwatt_automation.live_ui.menu_helpers:_menu_row_from_wrapper:1545 - TEXT_EXTRACTION_FALLBACK_USED source=legacy_text confidence=medium rect={'left': 4, 'top': 56, 'right': 290, 'bottom': 84}
2026-08-25 22:57:23.591 | INFO     | winwatt_automation.live_ui.menu_helpers:_menu_row_from_wrapper:1545 - TEXT_EXTRACTION_FALLBACK_USED source=legacy_text confidence=medium rect={'left': 4, 'top': 84, 'right': 290, 'bottom': 112}
2026-08-25 22:57:23.606 | WARNING  | winwatt_automation.live_ui.menu_helpers:_menu_row_from_wrapper:1547 - TEXT_EXTRACTION_FAILED source_scope=main_window rect={'left': 4, 'top': 111, 'right': 290, 'bottom': 139}
2026-08-25 22:57:23.606 | INFO     | winwatt_automation.live_ui.menu_helpers:_menu_row_from_wrapper:1545 - TEXT_EXTRACTION_FALLBACK_USED source=legacy_text confidence=medium rect={'left': 4, 'top': 139, 'right': 290, 'bottom': 167}
2026-08-25 22:57:23.622 | INFO     | winwatt_automation.live_ui.menu_helpers:_menu_row_from_wrapper:1545 - TEXT_EXTRACTION_FALLBACK_USED source=legacy_text confidence=medium rect={'left': 4, 'top': 166, 'right': 290, 'bottom': 194}
2026-08-25 22:57:23.638 | INFO     | winwatt_automation.live_ui.menu_helpers:_menu_row_from_wrapper:1545 - TEXT_EXTRACTION_FALLBACK_USED source=legacy_text confidence=medium rect={'left': 4, 'top': 194, 'right': 290, 'bottom': 222}
2026-08-25 22:57:23.638 | INFO     | winwatt_automation.live_ui.menu_helpers:_menu_row_from_wrapper:1545 - TEXT_EXTRACTION_FALLBACK_USED source=legacy_text confidence=medium rect={'left': 4, 'top': 221, 'right': 290, 'bottom': 249}
2026-08-25 22:57:23.654 | INFO     | winwatt_automation.live_ui.menu_helpers:_menu_row_from_wrapper:1545 - TEXT_EXTRACTION_FALLBACK_USED source=legacy_text confidence=medium rect={'left': 4, 'top': 249, 'right': 290, 'bottom': 277}
2026-08-25 22:57:23.654 | INFO     | winwatt_automation.live_ui.menu_helpers:_menu_row_from_wrapper:1545 - TEXT_EXTRACTION_FALLBACK_USED source=legacy_text confidence=medium rect={'left': 4, 'top': 284, 'right': 290, 'bottom': 312}
2026-08-25 22:57:23.670 | INFO     | winwatt_automation.live_ui.menu_helpers:_menu_row_from_wrapper:1545 - TEXT_EXTRACTION_FALLBACK_USED source=legacy_text confidence=medium rect={'left': 4, 'top': 311, 'right': 290, 'bottom': 339}
2026-08-25 22:57:23.670 | INFO     | winwatt_automation.live_ui.menu_helpers:_menu_row_from_wrapper:1545 - TEXT_EXTRACTION_FALLBACK_USED source=legacy_text confidence=medium rect={'left': 4, 'top': 339, 'right': 290, 'bottom': 367}
2026-08-25 22:57:23.686 | INFO     | winwatt_automation.live_ui.menu_helpers:_menu_row_from_wrapper:1545 - TEXT_EXTRACTION_FALLBACK_USED source=legacy_text confidence=medium rect={'left': 4, 'top': 374, 'right': 290, 'bottom': 402}
2026-08-25 22:57:23.699 | INFO     | winwatt_automation.live_ui.menu_helpers:capture_menu_popup_snapshot:1724 - POPUP_SNAPSHOT_SUMMARY main_window_fragments=19 global_scan_fragments=0 deduped_fragments=19 topbar_like=6 popup_like=12 empty_text=1 topbar_band=(0, 29, 392, 53) empty_text_vertical_cluster_detected=False accepted_popup_rows=0 popup_heuristic=candidate_count_below_threshold
2026-08-25 22:57:24.195 | INFO     | winwatt_automation.live_ui.menu_helpers:_menu_items:1101 - DBG_MENU_ITEMS_SUMMARY total_items=19 visible_items=19 topbar_band=(0, 0, 392, 402) topbar_band_visible_count=19 popup_region_visible_count=0 force_refresh=False handle=1248502
2026-08-25 22:57:24.207 | INFO     | winwatt_automation.live_ui.menu_helpers:_menu_row_from_wrapper:1545 - TEXT_EXTRACTION_FALLBACK_USED source=legacy_text confidence=medium rect={'left': 4, 'top': 56, 'right': 290, 'bottom': 84}
2026-08-25 22:57:24.207 | INFO     | winwatt_automation.live_ui.menu_helpers:_menu_row_from_wrapper:1545 - TEXT_EXTRACTION_FALLBACK_USED source=legacy_text confidence=medium rect={'left': 4, 'top': 84, 'right': 290, 'bottom': 112}
2026-08-25 22:57:24.223 | WARNING  | winwatt_automation.live_ui.menu_helpers:_menu_row_from_wrapper:1547 - TEXT_EXTRACTION_FAILED source_scope=main_window rect={'left': 4, 'top': 111, 'right': 290, 'bottom': 139}
2026-08-25 22:57:24.223 | INFO     | winwatt_automation.live_ui.menu_helpers:_menu_row_from_wrapper:1545 - TEXT_EXTRACTION_FALLBACK_USED source=legacy_text confidence=medium rect={'left': 4, 'top': 139, 'right': 290, 'bottom': 167}
2026-08-25 22:57:24.239 | INFO     | winwatt_automation.live_ui.menu_helpers:_menu_row_from_wrapper:1545 - TEXT_EXTRACTION_FALLBACK_USED source=legacy_text confidence=medium rect={'left': 4, 'top': 166, 'right': 290, 'bottom': 194}
2026-08-25 22:57:24.255 | INFO     | winwatt_automation.live_ui.menu_helpers:_menu_row_from_wrapper:1545 - TEXT_EXTRACTION_FALLBACK_USED source=legacy_text confidence=medium rect={'left': 4, 'top': 194, 'right': 290, 'bottom': 222}
2026-08-25 22:57:24.255 | INFO     | winwatt_automation.live_ui.menu_helpers:_menu_row_from_wrapper:1545 - TEXT_EXTRACTION_FALLBACK_USED source=legacy_text confidence=medium rect={'left': 4, 'top': 221, 'right': 290, 'bottom': 249}
2026-08-25 22:57:24.271 | INFO     | winwatt_automation.live_ui.menu_helpers:_menu_row_from_wrapper:1545 - TEXT_EXTRACTION_FALLBACK_USED source=legacy_text confidence=medium rect={'left': 4, 'top': 249, 'right': 290, 'bottom': 277}
2026-08-25 22:57:24.271 | INFO     | winwatt_automation.live_ui.menu_helpers:_menu_row_from_wrapper:1545 - TEXT_EXTRACTION_FALLBACK_USED source=legacy_text confidence=medium rect={'left': 4, 'top': 284, 'right': 290, 'bottom': 312}
2026-08-25 22:57:24.287 | INFO     | winwatt_automation.live_ui.menu_helpers:_menu_row_from_wrapper:1545 - TEXT_EXTRACTION_FALLBACK_USED source=legacy_text confidence=medium rect={'left': 4, 'top': 311, 'right': 290, 'bottom': 339}
2026-08-25 22:57:24.287 | INFO     | winwatt_automation.live_ui.menu_helpers:_menu_row_from_wrapper:1545 - TEXT_EXTRACTION_FALLBACK_USED source=legacy_text confidence=medium rect={'left': 4, 'top': 339, 'right': 290, 'bottom': 367}
2026-08-25 22:57:24.303 | INFO     | winwatt_automation.live_ui.menu_helpers:_menu_row_from_wrapper:1545 - TEXT_EXTRACTION_FALLBACK_USED source=legacy_text confidence=medium rect={'left': 4, 'top': 374, 'right': 290, 'bottom': 402}
2026-08-25 22:57:24.476 | INFO     | winwatt_automation.live_ui.menu_helpers:capture_menu_popup_snapshot:1724 - POPUP_SNAPSHOT_SUMMARY main_window_fragments=19 global_scan_fragments=0 deduped_fragments=19 topbar_like=6 popup_like=12 empty_text=1 topbar_band=(0, 29, 392, 53) empty_text_vertical_cluster_detected=False accepted_popup_rows=0 popup_heuristic=candidate_count_below_threshold
2026-08-25 22:57:25.256 | INFO     | winwatt_automation.live_ui.menu_helpers:_menu_items:1101 - DBG_MENU_ITEMS_SUMMARY total_items=19 visible_items=19 topbar_band=(0, 0, 392, 402) topbar_band_visible_count=19 popup_region_visible_count=0 force_refresh=True handle=1248502
2026-08-25 22:57:25.272 | INFO     | winwatt_automation.live_ui.menu_helpers:_log_top_menu_popup_diagnostics:526 - DBG_MENU_EMPTY_TEXT_VERTICAL_CLUSTER detected=False accepted_popup_rows=0 reason=candidate_count_below_threshold topbar_band=(0, 29, 392, 53)
2026-08-25 22:57:25.272 | INFO     | winwatt_automation.live_ui.menu_helpers:_log_top_menu_popup_diagnostics:548 - DBG_TOP_MENU_CLICK_POPUP_DIAG title=Fájl total_visible_menuitems=19 topbar_band_menuitems=6 popup_region_menuitems=12 new_cluster_below_topbar=True visible_texts_under_title=['Végrehajtás', 'Végrehajtás', '', 'Végrehajtás', 'Végrehajtás', 'Végrehajtás', 'Végrehajtás', 'Végrehajtás', 'Megnyitás', 'Végrehajtás', 'Végrehajtás', 'Végrehajtás'] topbar_band=(0, 29, 392, 53) snapshot_row_count=19
2026-08-25 22:57:25.446 | INFO     | winwatt_automation.live_ui.menu_helpers:_menu_items:1101 - DBG_MENU_ITEMS_SUMMARY total_items=19 visible_items=19 topbar_band=(0, 0, 392, 402) topbar_band_visible_count=19 popup_region_visible_count=0 force_refresh=False handle=1248502
2026-08-25 22:57:25.446 | INFO     | winwatt_automation.live_ui.menu_helpers:_menu_row_from_wrapper:1545 - TEXT_EXTRACTION_FALLBACK_USED source=legacy_text confidence=medium rect={'left': 4, 'top': 56, 'right': 290, 'bottom': 84}
2026-08-25 22:57:25.462 | INFO     | winwatt_automation.live_ui.menu_helpers:_menu_row_from_wrapper:1545 - TEXT_EXTRACTION_FALLBACK_USED source=legacy_text confidence=medium rect={'left': 4, 'top': 84, 'right': 290, 'bottom': 112}
2026-08-25 22:57:25.478 | WARNING  | winwatt_automation.live_ui.menu_helpers:_menu_row_from_wrapper:1547 - TEXT_EXTRACTION_FAILED source_scope=main_window rect={'left': 4, 'top': 111, 'right': 290, 'bottom': 139}
2026-08-25 22:57:25.478 | INFO     | winwatt_automation.live_ui.menu_helpers:_menu_row_from_wrapper:1545 - TEXT_EXTRACTION_FALLBACK_USED source=legacy_text confidence=medium rect={'left': 4, 'top': 139, 'right': 290, 'bottom': 167}
2026-08-25 22:57:25.494 | INFO     | winwatt_automation.live_ui.menu_helpers:_menu_row_from_wrapper:1545 - TEXT_EXTRACTION_FALLBACK_USED source=legacy_text confidence=medium rect={'left': 4, 'top': 166, 'right': 290, 'bottom': 194}
2026-08-25 22:57:25.513 | INFO     | winwatt_automation.live_ui.menu_helpers:_menu_row_from_wrapper:1545 - TEXT_EXTRACTION_FALLBACK_USED source=legacy_text confidence=medium rect={'left': 4, 'top': 194, 'right': 290, 'bottom': 222}
2026-08-25 22:57:25.525 | INFO     | winwatt_automation.live_ui.menu_helpers:_menu_row_from_wrapper:1545 - TEXT_EXTRACTION_FALLBACK_USED source=legacy_text confidence=medium rect={'left': 4, 'top': 221, 'right': 290, 'bottom': 249}
2026-08-25 22:57:25.526 | INFO     | winwatt_automation.live_ui.menu_helpers:_menu_row_from_wrapper:1545 - TEXT_EXTRACTION_FALLBACK_USED source=legacy_text confidence=medium rect={'left': 4, 'top': 249, 'right': 290, 'bottom': 277}
2026-08-25 22:57:25.542 | INFO     | winwatt_automation.live_ui.menu_helpers:_menu_row_from_wrapper:1545 - TEXT_EXTRACTION_FALLBACK_USED source=legacy_text confidence=medium rect={'left': 4, 'top': 284, 'right': 290, 'bottom': 312}
2026-08-25 22:57:25.560 | INFO     | winwatt_automation.live_ui.menu_helpers:_menu_row_from_wrapper:1545 - TEXT_EXTRACTION_FALLBACK_USED source=legacy_text confidence=medium rect={'left': 4, 'top': 311, 'right': 290, 'bottom': 339}
2026-08-25 22:57:25.571 | INFO     | winwatt_automation.live_ui.menu_helpers:_menu_row_from_wrapper:1545 - TEXT_EXTRACTION_FALLBACK_USED source=legacy_text confidence=medium rect={'left': 4, 'top': 339, 'right': 290, 'bottom': 367}
2026-08-25 22:57:25.581 | INFO     | winwatt_automation.live_ui.menu_helpers:_menu_row_from_wrapper:1545 - TEXT_EXTRACTION_FALLBACK_USED source=legacy_text confidence=medium rect={'left': 4, 'top': 374, 'right': 290, 'bottom': 402}
2026-08-25 22:57:25.590 | INFO     | winwatt_automation.live_ui.menu_helpers:capture_menu_popup_snapshot:1724 - POPUP_SNAPSHOT_SUMMARY main_window_fragments=19 global_scan_fragments=0 deduped_fragments=19 topbar_like=6 popup_like=12 empty_text=1 topbar_band=(0, 29, 392, 53) empty_text_vertical_cluster_detected=False accepted_popup_rows=0 popup_heuristic=candidate_count_below_threshold
2026-08-25 22:57:26.497 | INFO     | winwatt_automation.live_ui.menu_helpers:_menu_items:1101 - DBG_MENU_ITEMS_SUMMARY total_items=19 visible_items=19 topbar_band=(0, 0, 392, 402) topbar_band_visible_count=19 popup_region_visible_count=0 force_refresh=True handle=1248502
2026-08-25 22:57:26.656 | INFO     | winwatt_automation.live_ui.menu_helpers:list_top_menu_items:1141 - Top-level menu items (raw): ['Rendszer', 'Fájl', 'Jegyzékek', 'Eszközök', 'Beállítások', 'Ablak', 'Súgó']
2026-08-25 22:57:26.656 | INFO     | winwatt_automation.runtime_mapping.program_mapper:_open_and_capture_root_menu:1532 - RECENT_PROJECT_BLOCK_SUMMARY state=project_open top_menu=Fájl attempt=1 popup_block_classification=normal_popup recent_projects_block=False stateful_menu_block=False accepted_rows=12 filtered_rows=12
2026-08-25 22:57:26.656 | INFO     | winwatt_automation.runtime_mapping.program_mapper:_open_and_capture_root_menu:1533 - DBG_WINWATT_NORMAL_MENU_OPEN_VALIDATED state=project_open top_menu=Fájl attempt=1 raw_row_count=19 popup_like_count=12 topbar_like_count=6
2026-08-25 22:57:26.656 | INFO     | winwatt_automation.runtime_mapping.program_mapper:_open_and_capture_root_menu:1542 - DBG_WINWATT_NORMAL_MENU_POPUP_ROWS_ACCEPTED state=project_open top_menu=Fájl attempt=1 accepted_row_count=12
2026-08-25 22:57:27.624 | INFO     | winwatt_automation.live_ui.menu_helpers:_menu_items:1101 - DBG_MENU_ITEMS_SUMMARY total_items=19 visible_items=19 topbar_band=(0, 0, 392, 402) topbar_band_visible_count=19 popup_region_visible_count=0 force_refresh=True handle=1248502
2026-08-25 22:57:27.783 | INFO     | winwatt_automation.live_ui.menu_helpers:list_top_menu_items:1141 - Top-level menu items (raw): ['Rendszer', 'Fájl', 'Jegyzékek', 'Eszközök', 'Beállítások', 'Ablak', 'Súgó']
2026-08-25 22:57:27.783 | INFO     | winwatt_automation.runtime_mapping.program_mapper:_open_and_capture_root_menu:1573 - DBG_WINWATT_NORMAL_MENU_OPEN_RESULT state=project_open top_menu=Fájl result_type=child_popup_opened raw_row_count=12 filtered_row_count=12 popup_like_count=12 topbar_like_count=0
2026-08-25 22:57:27.783 | INFO     | winwatt_automation.runtime_mapping.program_mapper:_open_and_capture_root_menu:1583 - DBG_WINWATT_NORMAL_MENU_POPUP_SUMMARY state=project_open top_menu=Fájl depth=1 rows=12 popup_like_count=12 topbar_like_count=0
2026-08-25 22:57:27.783 | INFO     | winwatt_automation.runtime_mapping.program_mapper:_build_menu_rows_from_popup_rows:1040 - DBG_MENU_BUILD_INPUT_ROW state=project_open top_menu=Fájl row_index=0 text='Végrehajtás' rectangle={'left': 4, 'top': 56, 'right': 290, 'bottom': 84} topbar_like=False popup_like=True source_scope=main_window fragments=0
2026-08-25 22:57:27.783 | INFO     | winwatt_automation.runtime_mapping.program_mapper:_build_menu_rows_from_popup_rows:1200 - DBG_WINWATT_NORMAL_MENU_ROW state=project_open top_menu=Fájl row_index=0 text='Végrehajtás' normalized_text=végrehajtás source_scope=main_window separator=False enabled_guess=True rectangle={'left': 4, 'top': 56, 'right': 290, 'bottom': 84} depth=1
2026-08-25 22:57:27.783 | INFO     | winwatt_automation.runtime_mapping.program_mapper:_build_menu_rows_from_popup_rows:1040 - DBG_MENU_BUILD_INPUT_ROW state=project_open top_menu=Fájl row_index=1 text='Végrehajtás' rectangle={'left': 4, 'top': 84, 'right': 290, 'bottom': 112} topbar_like=False popup_like=True source_scope=main_window fragments=0
2026-08-25 22:57:27.783 | INFO     | winwatt_automation.runtime_mapping.program_mapper:_build_menu_rows_from_popup_rows:1200 - DBG_WINWATT_NORMAL_MENU_ROW state=project_open top_menu=Fájl row_index=1 text='Végrehajtás' normalized_text=végrehajtás source_scope=main_window separator=False enabled_guess=True rectangle={'left': 4, 'top': 84, 'right': 290, 'bottom': 112} depth=1
2026-08-25 22:57:27.783 | INFO     | winwatt_automation.runtime_mapping.program_mapper:_build_menu_rows_from_popup_rows:1040 - DBG_MENU_BUILD_INPUT_ROW state=project_open top_menu=Fájl row_index=2 text='' rectangle={'left': 4, 'top': 111, 'right': 290, 'bottom': 139} topbar_like=False popup_like=True source_scope=main_window fragments=0
2026-08-25 22:57:27.783 | WARNING  | winwatt_automation.runtime_mapping.program_mapper:_resolve_row_text_with_fallback:687 - TEXT_EXTRACTION_FAILED row_index=2 source_scope=main_window fragment_count=0 rectangle={'left': 4, 'top': 111, 'right': 290, 'bottom': 139}
2026-08-25 22:57:27.783 | INFO     | winwatt_automation.runtime_mapping.program_mapper:_build_menu_rows_from_popup_rows:1100 - DBG_WINWATT_EMPTY_NORMALIZED_MENU_TITLE row_index=2 raw_text= normalized_text= is_separator=False source_scope=main_window control_type=MenuItem class_name= rectangle={'left': 4, 'top': 111, 'right': 290, 'bottom': 139} fragment_count=0 fragment_texts=[]
2026-08-25 22:57:27.783 | INFO     | winwatt_automation.runtime_mapping.program_mapper:_build_menu_rows_from_popup_rows:1145 - REPLACED_EMPTY_POPUP_ROW_WITH_PLACEHOLDER row_index=02
2026-08-25 22:57:27.783 | INFO     | winwatt_automation.runtime_mapping.program_mapper:_build_menu_rows_from_popup_rows:1149 - GEOM_PLACEHOLDER_CREATED row_index=02 rect={'left': 4, 'top': 111, 'right': 290, 'bottom': 139} popup_reason=below_topbar_band
2026-08-25 22:57:27.783 | INFO     | winwatt_automation.runtime_mapping.program_mapper:_build_menu_rows_from_popup_rows:1200 - DBG_WINWATT_NORMAL_MENU_ROW state=project_open top_menu=Fájl row_index=2 text='[unlabeled row 2]' normalized_text=[unlabeled row 2] source_scope=main_window separator=False enabled_guess=False rectangle={'left': 4, 'top': 111, 'right': 290, 'bottom': 139} depth=1
2026-08-25 22:57:27.783 | INFO     | winwatt_automation.runtime_mapping.program_mapper:_build_menu_rows_from_popup_rows:1040 - DBG_MENU_BUILD_INPUT_ROW state=project_open top_menu=Fájl row_index=3 text='Végrehajtás' rectangle={'left': 4, 'top': 139, 'right': 290, 'bottom': 167} topbar_like=False popup_like=True source_scope=main_window fragments=0
2026-08-25 22:57:27.783 | INFO     | winwatt_automation.runtime_mapping.program_mapper:_build_menu_rows_from_popup_rows:1200 - DBG_WINWATT_NORMAL_MENU_ROW state=project_open top_menu=Fájl row_index=3 text='Végrehajtás' normalized_text=végrehajtás source_scope=main_window separator=False enabled_guess=True rectangle={'left': 4, 'top': 139, 'right': 290, 'bottom': 167} depth=1
2026-08-25 22:57:27.783 | INFO     | winwatt_automation.runtime_mapping.program_mapper:_build_menu_rows_from_popup_rows:1040 - DBG_MENU_BUILD_INPUT_ROW state=project_open top_menu=Fájl row_index=4 text='Végrehajtás' rectangle={'left': 4, 'top': 166, 'right': 290, 'bottom': 194} topbar_like=False popup_like=True source_scope=main_window fragments=0
2026-08-25 22:57:27.783 | INFO     | winwatt_automation.runtime_mapping.program_mapper:_build_menu_rows_from_popup_rows:1200 - DBG_WINWATT_NORMAL_MENU_ROW state=project_open top_menu=Fájl row_index=4 text='Végrehajtás' normalized_text=végrehajtás source_scope=main_window separator=False enabled_guess=True rectangle={'left': 4, 'top': 166, 'right': 290, 'bottom': 194} depth=1
2026-08-25 22:57:27.783 | INFO     | winwatt_automation.runtime_mapping.program_mapper:_build_menu_rows_from_popup_rows:1040 - DBG_MENU_BUILD_INPUT_ROW state=project_open top_menu=Fájl row_index=5 text='Végrehajtás' rectangle={'left': 4, 'top': 194, 'right': 290, 'bottom': 222} topbar_like=False popup_like=True source_scope=main_window fragments=0
2026-08-25 22:57:27.783 | INFO     | winwatt_automation.runtime_mapping.program_mapper:_build_menu_rows_from_popup_rows:1200 - DBG_WINWATT_NORMAL_MENU_ROW state=project_open top_menu=Fájl row_index=5 text='Végrehajtás' normalized_text=végrehajtás source_scope=main_window separator=False enabled_guess=True rectangle={'left': 4, 'top': 194, 'right': 290, 'bottom': 222} depth=1
2026-08-25 22:57:27.783 | INFO     | winwatt_automation.runtime_mapping.program_mapper:_build_menu_rows_from_popup_rows:1040 - DBG_MENU_BUILD_INPUT_ROW state=project_open top_menu=Fájl row_index=6 text='Végrehajtás' rectangle={'left': 4, 'top': 221, 'right': 290, 'bottom': 249} topbar_like=False popup_like=True source_scope=main_window fragments=0
2026-08-25 22:57:27.783 | INFO     | winwatt_automation.runtime_mapping.program_mapper:_build_menu_rows_from_popup_rows:1200 - DBG_WINWATT_NORMAL_MENU_ROW state=project_open top_menu=Fájl row_index=6 text='Végrehajtás' normalized_text=végrehajtás source_scope=main_window separator=False enabled_guess=True rectangle={'left': 4, 'top': 221, 'right': 290, 'bottom': 249} depth=1
2026-08-25 22:57:27.783 | INFO     | winwatt_automation.runtime_mapping.program_mapper:_build_menu_rows_from_popup_rows:1040 - DBG_MENU_BUILD_INPUT_ROW state=project_open top_menu=Fájl row_index=7 text='Végrehajtás' rectangle={'left': 4, 'top': 249, 'right': 290, 'bottom': 277} topbar_like=False popup_like=True source_scope=main_window fragments=0
2026-08-25 22:57:27.783 | INFO     | winwatt_automation.runtime_mapping.program_mapper:_build_menu_rows_from_popup_rows:1200 - DBG_WINWATT_NORMAL_MENU_ROW state=project_open top_menu=Fájl row_index=7 text='Végrehajtás' normalized_text=végrehajtás source_scope=main_window separator=False enabled_guess=True rectangle={'left': 4, 'top': 249, 'right': 290, 'bottom': 277} depth=1
2026-08-25 22:57:27.783 | INFO     | winwatt_automation.runtime_mapping.program_mapper:_build_menu_rows_from_popup_rows:1040 - DBG_MENU_BUILD_INPUT_ROW state=project_open top_menu=Fájl row_index=8 text='Megnyitás' rectangle={'left': 4, 'top': 284, 'right': 290, 'bottom': 312} topbar_like=False popup_like=True source_scope=main_window fragments=0
2026-08-25 22:57:27.783 | INFO     | winwatt_automation.runtime_mapping.program_mapper:_build_menu_rows_from_popup_rows:1200 - DBG_WINWATT_NORMAL_MENU_ROW state=project_open top_menu=Fájl row_index=8 text='Megnyitás' normalized_text=megnyitás source_scope=main_window separator=False enabled_guess=True rectangle={'left': 4, 'top': 284, 'right': 290, 'bottom': 312} depth=1
2026-08-25 22:57:27.783 | INFO     | winwatt_automation.runtime_mapping.program_mapper:_build_menu_rows_from_popup_rows:1040 - DBG_MENU_BUILD_INPUT_ROW state=project_open top_menu=Fájl row_index=9 text='Végrehajtás' rectangle={'left': 4, 'top': 311, 'right': 290, 'bottom': 339} topbar_like=False popup_like=True source_scope=main_window fragments=0
2026-08-25 22:57:27.783 | INFO     | winwatt_automation.runtime_mapping.program_mapper:_build_menu_rows_from_popup_rows:1200 - DBG_WINWATT_NORMAL_MENU_ROW state=project_open top_menu=Fájl row_index=9 text='Végrehajtás' normalized_text=végrehajtás source_scope=main_window separator=False enabled_guess=True rectangle={'left': 4, 'top': 311, 'right': 290, 'bottom': 339} depth=1
2026-08-25 22:57:27.783 | INFO     | winwatt_automation.runtime_mapping.program_mapper:_build_menu_rows_from_popup_rows:1040 - DBG_MENU_BUILD_INPUT_ROW state=project_open top_menu=Fájl row_index=10 text='Végrehajtás' rectangle={'left': 4, 'top': 339, 'right': 290, 'bottom': 367} topbar_like=False popup_like=True source_scope=main_window fragments=0
2026-08-25 22:57:27.783 | INFO     | winwatt_automation.runtime_mapping.program_mapper:_build_menu_rows_from_popup_rows:1200 - DBG_WINWATT_NORMAL_MENU_ROW state=project_open top_menu=Fájl row_index=10 text='Végrehajtás' normalized_text=végrehajtás source_scope=main_window separator=False enabled_guess=True rectangle={'left': 4, 'top': 339, 'right': 290, 'bottom': 367} depth=1
2026-08-25 22:57:27.783 | INFO     | winwatt_automation.runtime_mapping.program_mapper:_build_menu_rows_from_popup_rows:1040 - DBG_MENU_BUILD_INPUT_ROW state=project_open top_menu=Fájl row_index=11 text='Végrehajtás' rectangle={'left': 4, 'top': 374, 'right': 290, 'bottom': 402} topbar_like=False popup_like=True source_scope=main_window fragments=0
2026-08-25 22:57:27.783 | INFO     | winwatt_automation.runtime_mapping.program_mapper:_build_menu_rows_from_popup_rows:1200 - DBG_WINWATT_NORMAL_MENU_ROW state=project_open top_menu=Fájl row_index=11 text='Végrehajtás' normalized_text=végrehajtás source_scope=main_window separator=False enabled_guess=True rectangle={'left': 4, 'top': 374, 'right': 290, 'bottom': 402} depth=1
2026-08-25 22:57:27.783 | INFO     | winwatt_automation.runtime_mapping.program_mapper:_build_menu_rows_from_popup_rows:1244 - MENU_ROW_BUILD_SUMMARY state=project_open top_menu=Fájl input_rows=12 mapped_rows=12 placeholders=1 filtered_overlap=0 filtered_empty_non_actionable=0 rejected_foreign_rows=0 deduped_rows=0
2026-08-25 22:57:27.783 | INFO     | winwatt_automation.runtime_mapping.program_mapper:explore_menu_tree:3681 - ACTION_CATALOG_INPUT_SUMMARY state=project_open top_menu=Fájl depth=1 candidate_rows=12 placeholders=1 low_or_none_confidence=1 legacy_text_only=11 unknown_pending=0
2026-08-25 22:57:28.705 | INFO     | winwatt_automation.live_ui.menu_helpers:_menu_items:1101 - DBG_MENU_ITEMS_SUMMARY total_items=19 visible_items=19 topbar_band=(0, 0, 392, 402) topbar_band_visible_count=19 popup_region_visible_count=0 force_refresh=True handle=1248502
2026-08-25 22:57:28.899 | INFO     | winwatt_automation.live_ui.menu_helpers:list_top_menu_items:1141 - Top-level menu items (raw): ['Rendszer', 'Fájl', 'Jegyzékek', 'Eszközök', 'Beállítások', 'Ablak', 'Súgó']
2026-08-25 22:57:28.900 | INFO     | winwatt_automation.runtime_mapping.program_mapper:_evaluate_action_admission:1969 - ACTION_ADMISSION_REJECTED top_menu=Fájl path=['Fájl', 'Végrehajtás'] traversal_depth=1 reason=unknown_legacy_popup_noise_suppressed classification=unknown result_type=no_observable_effect placeholder=False text_confidence=medium raw_text_sources=['legacy_text'] skip_reason=None
2026-08-25 22:57:28.900 | INFO     | winwatt_automation.runtime_mapping.program_mapper:_evaluate_action_admission:1982 - ACTION_STRUCTURE_ONLY_ROW top_menu=Fájl path=['Fájl', 'Végrehajtás'] traversal_depth=1 reason=unknown_legacy_popup_noise_suppressed
2026-08-25 22:57:29.850 | INFO     | winwatt_automation.live_ui.menu_helpers:_menu_items:1101 - DBG_MENU_ITEMS_SUMMARY total_items=19 visible_items=19 topbar_band=(0, 0, 392, 402) topbar_band_visible_count=19 popup_region_visible_count=0 force_refresh=True handle=1248502
2026-08-25 22:57:30.011 | INFO     | winwatt_automation.live_ui.menu_helpers:list_top_menu_items:1141 - Top-level menu items (raw): ['Rendszer', 'Fájl', 'Jegyzékek', 'Eszközök', 'Beállítások', 'Ablak', 'Súgó']
2026-08-25 22:57:30.011 | INFO     | winwatt_automation.runtime_mapping.program_mapper:_evaluate_action_admission:1969 - ACTION_ADMISSION_REJECTED top_menu=Fájl path=['Fájl', '[unlabeled row 2]'] traversal_depth=1 reason=disabled_menu_item classification=unknown result_type=no_observable_effect placeholder=True text_confidence=none raw_text_sources=[] skip_reason=None
2026-08-25 22:57:30.011 | INFO     | winwatt_automation.runtime_mapping.program_mapper:_evaluate_action_admission:1982 - ACTION_STRUCTURE_ONLY_ROW top_menu=Fájl path=['Fájl', '[unlabeled row 2]'] traversal_depth=1 reason=disabled_menu_item
2026-08-25 22:57:31.124 | INFO     | winwatt_automation.live_ui.menu_helpers:_menu_items:1101 - DBG_MENU_ITEMS_SUMMARY total_items=19 visible_items=19 topbar_band=(0, 0, 392, 402) topbar_band_visible_count=19 popup_region_visible_count=0 force_refresh=True handle=1248502
2026-08-25 22:57:31.308 | INFO     | winwatt_automation.live_ui.menu_helpers:list_top_menu_items:1141 - Top-level menu items (raw): ['Rendszer', 'Fájl', 'Jegyzékek', 'Eszközök', 'Beállítások', 'Ablak', 'Súgó']
2026-08-25 22:57:31.308 | INFO     | winwatt_automation.runtime_mapping.program_mapper:_evaluate_action_admission:1969 - ACTION_ADMISSION_REJECTED top_menu=Fájl path=['Fájl', 'Megnyitás'] traversal_depth=1 reason=unknown_legacy_popup_noise_suppressed classification=unknown result_type=no_observable_effect placeholder=False text_confidence=medium raw_text_sources=['legacy_text'] skip_reason=None
2026-08-25 22:57:31.308 | INFO     | winwatt_automation.runtime_mapping.program_mapper:_evaluate_action_admission:1982 - ACTION_STRUCTURE_ONLY_ROW top_menu=Fájl path=['Fájl', 'Megnyitás'] traversal_depth=1 reason=unknown_legacy_popup_noise_suppressed
2026-08-25 22:57:31.308 | INFO     | winwatt_automation.runtime_mapping.program_mapper:_log_phase_timing:279 - DBG_PHASE_TIMING phase=subtree_traversal elapsed_ms=3516.000 state_id=project_open top_menu=Fájl depth=1 rows=12 nodes=3 actions=3
2026-08-25 22:57:31.308 | INFO     | winwatt_automation.runtime_mapping.program_mapper:explore_menu_tree:4191 - ACTION_CATALOG_OUTPUT_SUMMARY state=project_open top_menu=Fájl depth=1 candidate_rows=12 probed_rows=0 admitted_after_probe=0 admitted_actions=0 still_structure_only=3 suppressed_unknown=0 placeholders_retained=1
2026-08-25 22:57:31.308 | INFO     | winwatt_automation.runtime_mapping.program_mapper:map_runtime_state:4349 - MAP_RUNTIME_STATE_MENU_RESULT state_id=project_open top_menu=Fájl rows=12 nodes=3 actions=3 dialogs=0 windows=0 catalog=0
2026-08-25 22:57:31.314 | INFO     | winwatt_automation.live_ui.app_connector:is_winwatt_foreground_context:1134 - DBG_WINWATT_FOREGROUND_CONTEXT expected_handle=1248502 expected_process_id=22088 expected_title=WinWatt gólya - C:\Users\Admin\Documents\GitHub\autowinwatt\winwatt_automation\tests\testwwp.wwp expected_class_name=TMainForm actual_foreground_handle=1248502 actual_foreground_process_id=22088 actual_foreground_title=WinWatt gólya - C:\Users\Admin\Documents\GitHub\autowinwatt\winwatt_automation\tests\testwwp.wwp actual_foreground_class_name=TMainForm allow_dialog=True result_reason=handle_match
2026-08-25 22:57:31.314 | INFO     | winwatt_automation.runtime_mapping.program_mapper:explore_menu_tree:3548 - POPUP_REUSE_REJECTED state=project_open top_menu=Jegyzékek normalized_parent=('jegyzékek',) popup_state_path=('fájl',) reason=state_path_mismatch
2026-08-25 22:57:31.774 | INFO     | winwatt_automation.live_ui.menu_helpers:_menu_items:1101 - DBG_MENU_ITEMS_SUMMARY total_items=19 visible_items=19 topbar_band=(0, 0, 392, 402) topbar_band_visible_count=19 popup_region_visible_count=0 force_refresh=False handle=1248502
2026-08-25 22:57:31.791 | INFO     | winwatt_automation.live_ui.menu_helpers:_menu_row_from_wrapper:1545 - TEXT_EXTRACTION_FALLBACK_USED source=legacy_text confidence=medium rect={'left': 4, 'top': 56, 'right': 290, 'bottom': 84}
2026-08-25 22:57:31.791 | INFO     | winwatt_automation.live_ui.menu_helpers:_menu_row_from_wrapper:1545 - TEXT_EXTRACTION_FALLBACK_USED source=legacy_text confidence=medium rect={'left': 4, 'top': 84, 'right': 290, 'bottom': 112}
2026-08-25 22:57:31.806 | WARNING  | winwatt_automation.live_ui.menu_helpers:_menu_row_from_wrapper:1547 - TEXT_EXTRACTION_FAILED source_scope=main_window rect={'left': 4, 'top': 111, 'right': 290, 'bottom': 139}
2026-08-25 22:57:31.821 | INFO     | winwatt_automation.live_ui.menu_helpers:_menu_row_from_wrapper:1545 - TEXT_EXTRACTION_FALLBACK_USED source=legacy_text confidence=medium rect={'left': 4, 'top': 139, 'right': 290, 'bottom': 167}
2026-08-25 22:57:31.821 | INFO     | winwatt_automation.live_ui.menu_helpers:_menu_row_from_wrapper:1545 - TEXT_EXTRACTION_FALLBACK_USED source=legacy_text confidence=medium rect={'left': 4, 'top': 166, 'right': 290, 'bottom': 194}
2026-08-25 22:57:31.837 | INFO     | winwatt_automation.live_ui.menu_helpers:_menu_row_from_wrapper:1545 - TEXT_EXTRACTION_FALLBACK_USED source=legacy_text confidence=medium rect={'left': 4, 'top': 194, 'right': 290, 'bottom': 222}
2026-08-25 22:57:31.837 | INFO     | winwatt_automation.live_ui.menu_helpers:_menu_row_from_wrapper:1545 - TEXT_EXTRACTION_FALLBACK_USED source=legacy_text confidence=medium rect={'left': 4, 'top': 221, 'right': 290, 'bottom': 249}
2026-08-25 22:57:31.852 | INFO     | winwatt_automation.live_ui.menu_helpers:_menu_row_from_wrapper:1545 - TEXT_EXTRACTION_FALLBACK_USED source=legacy_text confidence=medium rect={'left': 4, 'top': 249, 'right': 290, 'bottom': 277}
2026-08-25 22:57:31.868 | INFO     | winwatt_automation.live_ui.menu_helpers:_menu_row_from_wrapper:1545 - TEXT_EXTRACTION_FALLBACK_USED source=legacy_text confidence=medium rect={'left': 4, 'top': 284, 'right': 290, 'bottom': 312}
2026-08-25 22:57:31.868 | INFO     | winwatt_automation.live_ui.menu_helpers:_menu_row_from_wrapper:1545 - TEXT_EXTRACTION_FALLBACK_USED source=legacy_text confidence=medium rect={'left': 4, 'top': 311, 'right': 290, 'bottom': 339}
2026-08-25 22:57:31.884 | INFO     | winwatt_automation.live_ui.menu_helpers:_menu_row_from_wrapper:1545 - TEXT_EXTRACTION_FALLBACK_USED source=legacy_text confidence=medium rect={'left': 4, 'top': 339, 'right': 290, 'bottom': 367}
2026-08-25 22:57:31.884 | INFO     | winwatt_automation.live_ui.menu_helpers:_menu_row_from_wrapper:1545 - TEXT_EXTRACTION_FALLBACK_USED source=legacy_text confidence=medium rect={'left': 4, 'top': 374, 'right': 290, 'bottom': 402}
2026-08-25 22:57:32.394 | INFO     | winwatt_automation.live_ui.menu_helpers:capture_menu_popup_snapshot:1724 - POPUP_SNAPSHOT_SUMMARY main_window_fragments=19 global_scan_fragments=0 deduped_fragments=19 topbar_like=6 popup_like=12 empty_text=1 topbar_band=(0, 29, 392, 53) empty_text_vertical_cluster_detected=False accepted_popup_rows=0 popup_heuristic=candidate_count_below_threshold
2026-08-25 22:57:33.348 | INFO     | winwatt_automation.live_ui.menu_helpers:_menu_items:1101 - DBG_MENU_ITEMS_SUMMARY total_items=19 visible_items=19 topbar_band=(0, 0, 392, 402) topbar_band_visible_count=19 popup_region_visible_count=0 force_refresh=True handle=1248502
2026-08-25 22:57:33.507 | INFO     | winwatt_automation.live_ui.menu_helpers:list_top_menu_items:1141 - Top-level menu items (raw): ['Rendszer', 'Fájl', 'Jegyzékek', 'Eszközök', 'Beállítások', 'Ablak', 'Súgó']
2026-08-25 22:57:33.507 | INFO     | winwatt_automation.runtime_mapping.program_mapper:explore_menu_tree:3571 - RECENT_PROJECT_BLOCK_SUMMARY state=project_open top_menu=Jegyzékek attempt=0 popup_block_classification=normal_popup recent_projects_block=False stateful_menu_block=False accepted_rows=12 filtered_rows=12
2026-08-25 22:57:33.507 | INFO     | winwatt_automation.runtime_mapping.program_mapper:explore_menu_tree:3572 - DBG_REUSING_OPEN_POPUP_SNAPSHOT state=project_open top_menu=Jegyzékek row_count=19 popup_like_count=12 topbar_like_count=6 normalized_parent=('jegyzékek',) popup_state_path=('fájl',)
2026-08-25 22:57:33.507 | INFO     | winwatt_automation.runtime_mapping.program_mapper:explore_menu_tree:3582 - DBG_WINWATT_NORMAL_MENU_POPUP_ROWS_ACCEPTED state=project_open top_menu=Jegyzékek attempt=0 accepted_row_count=12
2026-08-25 22:57:33.507 | INFO     | winwatt_automation.runtime_mapping.program_mapper:_build_menu_rows_from_popup_rows:1040 - DBG_MENU_BUILD_INPUT_ROW state=project_open top_menu=Jegyzékek row_index=0 text='Végrehajtás' rectangle={'left': 4, 'top': 56, 'right': 290, 'bottom': 84} topbar_like=False popup_like=True source_scope=main_window fragments=0
2026-08-25 22:57:33.507 | INFO     | winwatt_automation.runtime_mapping.program_mapper:_build_menu_rows_from_popup_rows:1200 - DBG_WINWATT_NORMAL_MENU_ROW state=project_open top_menu=Jegyzékek row_index=0 text='Végrehajtás' normalized_text=végrehajtás source_scope=main_window separator=False enabled_guess=True rectangle={'left': 4, 'top': 56, 'right': 290, 'bottom': 84} depth=1
2026-08-25 22:57:33.507 | INFO     | winwatt_automation.runtime_mapping.program_mapper:_build_menu_rows_from_popup_rows:1040 - DBG_MENU_BUILD_INPUT_ROW state=project_open top_menu=Jegyzékek row_index=1 text='Végrehajtás' rectangle={'left': 4, 'top': 84, 'right': 290, 'bottom': 112} topbar_like=False popup_like=True source_scope=main_window fragments=0
2026-08-25 22:57:33.507 | INFO     | winwatt_automation.runtime_mapping.program_mapper:_build_menu_rows_from_popup_rows:1200 - DBG_WINWATT_NORMAL_MENU_ROW state=project_open top_menu=Jegyzékek row_index=1 text='Végrehajtás' normalized_text=végrehajtás source_scope=main_window separator=False enabled_guess=True rectangle={'left': 4, 'top': 84, 'right': 290, 'bottom': 112} depth=1
2026-08-25 22:57:33.507 | INFO     | winwatt_automation.runtime_mapping.program_mapper:_build_menu_rows_from_popup_rows:1040 - DBG_MENU_BUILD_INPUT_ROW state=project_open top_menu=Jegyzékek row_index=2 text='' rectangle={'left': 4, 'top': 111, 'right': 290, 'bottom': 139} topbar_like=False popup_like=True source_scope=main_window fragments=0
2026-08-25 22:57:33.507 | WARNING  | winwatt_automation.runtime_mapping.program_mapper:_resolve_row_text_with_fallback:687 - TEXT_EXTRACTION_FAILED row_index=2 source_scope=main_window fragment_count=0 rectangle={'left': 4, 'top': 111, 'right': 290, 'bottom': 139}
2026-08-25 22:57:33.507 | INFO     | winwatt_automation.runtime_mapping.program_mapper:_build_menu_rows_from_popup_rows:1100 - DBG_WINWATT_EMPTY_NORMALIZED_MENU_TITLE row_index=2 raw_text= normalized_text= is_separator=False source_scope=main_window control_type=MenuItem class_name= rectangle={'left': 4, 'top': 111, 'right': 290, 'bottom': 139} fragment_count=0 fragment_texts=[]
2026-08-25 22:57:33.507 | INFO     | winwatt_automation.runtime_mapping.program_mapper:_build_menu_rows_from_popup_rows:1145 - REPLACED_EMPTY_POPUP_ROW_WITH_PLACEHOLDER row_index=02
2026-08-25 22:57:33.507 | INFO     | winwatt_automation.runtime_mapping.program_mapper:_build_menu_rows_from_popup_rows:1149 - GEOM_PLACEHOLDER_CREATED row_index=02 rect={'left': 4, 'top': 111, 'right': 290, 'bottom': 139} popup_reason=below_topbar_band
2026-08-25 22:57:33.507 | INFO     | winwatt_automation.runtime_mapping.program_mapper:_build_menu_rows_from_popup_rows:1200 - DBG_WINWATT_NORMAL_MENU_ROW state=project_open top_menu=Jegyzékek row_index=2 text='[unlabeled row 2]' normalized_text=[unlabeled row 2] source_scope=main_window separator=False enabled_guess=False rectangle={'left': 4, 'top': 111, 'right': 290, 'bottom': 139} depth=1
2026-08-25 22:57:33.507 | INFO     | winwatt_automation.runtime_mapping.program_mapper:_build_menu_rows_from_popup_rows:1040 - DBG_MENU_BUILD_INPUT_ROW state=project_open top_menu=Jegyzékek row_index=3 text='Végrehajtás' rectangle={'left': 4, 'top': 139, 'right': 290, 'bottom': 167} topbar_like=False popup_like=True source_scope=main_window fragments=0
2026-08-25 22:57:33.507 | INFO     | winwatt_automation.runtime_mapping.program_mapper:_build_menu_rows_from_popup_rows:1200 - DBG_WINWATT_NORMAL_MENU_ROW state=project_open top_menu=Jegyzékek row_index=3 text='Végrehajtás' normalized_text=végrehajtás source_scope=main_window separator=False enabled_guess=True rectangle={'left': 4, 'top': 139, 'right': 290, 'bottom': 167} depth=1
2026-08-25 22:57:33.507 | INFO     | winwatt_automation.runtime_mapping.program_mapper:_build_menu_rows_from_popup_rows:1040 - DBG_MENU_BUILD_INPUT_ROW state=project_open top_menu=Jegyzékek row_index=4 text='Végrehajtás' rectangle={'left': 4, 'top': 166, 'right': 290, 'bottom': 194} topbar_like=False popup_like=True source_scope=main_window fragments=0
2026-08-25 22:57:33.507 | INFO     | winwatt_automation.runtime_mapping.program_mapper:_build_menu_rows_from_popup_rows:1200 - DBG_WINWATT_NORMAL_MENU_ROW state=project_open top_menu=Jegyzékek row_index=4 text='Végrehajtás' normalized_text=végrehajtás source_scope=main_window separator=False enabled_guess=True rectangle={'left': 4, 'top': 166, 'right': 290, 'bottom': 194} depth=1
2026-08-25 22:57:33.507 | INFO     | winwatt_automation.runtime_mapping.program_mapper:_build_menu_rows_from_popup_rows:1040 - DBG_MENU_BUILD_INPUT_ROW state=project_open top_menu=Jegyzékek row_index=5 text='Végrehajtás' rectangle={'left': 4, 'top': 194, 'right': 290, 'bottom': 222} topbar_like=False popup_like=True source_scope=main_window fragments=0
2026-08-25 22:57:33.507 | INFO     | winwatt_automation.runtime_mapping.program_mapper:_build_menu_rows_from_popup_rows:1200 - DBG_WINWATT_NORMAL_MENU_ROW state=project_open top_menu=Jegyzékek row_index=5 text='Végrehajtás' normalized_text=végrehajtás source_scope=main_window separator=False enabled_guess=True rectangle={'left': 4, 'top': 194, 'right': 290, 'bottom': 222} depth=1
2026-08-25 22:57:33.507 | INFO     | winwatt_automation.runtime_mapping.program_mapper:_build_menu_rows_from_popup_rows:1040 - DBG_MENU_BUILD_INPUT_ROW state=project_open top_menu=Jegyzékek row_index=6 text='Végrehajtás' rectangle={'left': 4, 'top': 221, 'right': 290, 'bottom': 249} topbar_like=False popup_like=True source_scope=main_window fragments=0
2026-08-25 22:57:33.507 | INFO     | winwatt_automation.runtime_mapping.program_mapper:_build_menu_rows_from_popup_rows:1200 - DBG_WINWATT_NORMAL_MENU_ROW state=project_open top_menu=Jegyzékek row_index=6 text='Végrehajtás' normalized_text=végrehajtás source_scope=main_window separator=False enabled_guess=True rectangle={'left': 4, 'top': 221, 'right': 290, 'bottom': 249} depth=1
2026-08-25 22:57:33.507 | INFO     | winwatt_automation.runtime_mapping.program_mapper:_build_menu_rows_from_popup_rows:1040 - DBG_MENU_BUILD_INPUT_ROW state=project_open top_menu=Jegyzékek row_index=7 text='Végrehajtás' rectangle={'left': 4, 'top': 249, 'right': 290, 'bottom': 277} topbar_like=False popup_like=True source_scope=main_window fragments=0
2026-08-25 22:57:33.523 | INFO     | winwatt_automation.runtime_mapping.program_mapper:_build_menu_rows_from_popup_rows:1200 - DBG_WINWATT_NORMAL_MENU_ROW state=project_open top_menu=Jegyzékek row_index=7 text='Végrehajtás' normalized_text=végrehajtás source_scope=main_window separator=False enabled_guess=True rectangle={'left': 4, 'top': 249, 'right': 290, 'bottom': 277} depth=1
2026-08-25 22:57:33.523 | INFO     | winwatt_automation.runtime_mapping.program_mapper:_build_menu_rows_from_popup_rows:1040 - DBG_MENU_BUILD_INPUT_ROW state=project_open top_menu=Jegyzékek row_index=8 text='Megnyitás' rectangle={'left': 4, 'top': 284, 'right': 290, 'bottom': 312} topbar_like=False popup_like=True source_scope=main_window fragments=0
2026-08-25 22:57:33.523 | INFO     | winwatt_automation.runtime_mapping.program_mapper:_build_menu_rows_from_popup_rows:1200 - DBG_WINWATT_NORMAL_MENU_ROW state=project_open top_menu=Jegyzékek row_index=8 text='Megnyitás' normalized_text=megnyitás source_scope=main_window separator=False enabled_guess=True rectangle={'left': 4, 'top': 284, 'right': 290, 'bottom': 312} depth=1
2026-08-25 22:57:33.523 | INFO     | winwatt_automation.runtime_mapping.program_mapper:_build_menu_rows_from_popup_rows:1040 - DBG_MENU_BUILD_INPUT_ROW state=project_open top_menu=Jegyzékek row_index=9 text='Végrehajtás' rectangle={'left': 4, 'top': 311, 'right': 290, 'bottom': 339} topbar_like=False popup_like=True source_scope=main_window fragments=0
2026-08-25 22:57:33.523 | INFO     | winwatt_automation.runtime_mapping.program_mapper:_build_menu_rows_from_popup_rows:1200 - DBG_WINWATT_NORMAL_MENU_ROW state=project_open top_menu=Jegyzékek row_index=9 text='Végrehajtás' normalized_text=végrehajtás source_scope=main_window separator=False enabled_guess=True rectangle={'left': 4, 'top': 311, 'right': 290, 'bottom': 339} depth=1
2026-08-25 22:57:33.523 | INFO     | winwatt_automation.runtime_mapping.program_mapper:_build_menu_rows_from_popup_rows:1040 - DBG_MENU_BUILD_INPUT_ROW state=project_open top_menu=Jegyzékek row_index=10 text='Végrehajtás' rectangle={'left': 4, 'top': 339, 'right': 290, 'bottom': 367} topbar_like=False popup_like=True source_scope=main_window fragments=0
2026-08-25 22:57:33.523 | INFO     | winwatt_automation.runtime_mapping.program_mapper:_build_menu_rows_from_popup_rows:1200 - DBG_WINWATT_NORMAL_MENU_ROW state=project_open top_menu=Jegyzékek row_index=10 text='Végrehajtás' normalized_text=végrehajtás source_scope=main_window separator=False enabled_guess=True rectangle={'left': 4, 'top': 339, 'right': 290, 'bottom': 367} depth=1
2026-08-25 22:57:33.523 | INFO     | winwatt_automation.runtime_mapping.program_mapper:_build_menu_rows_from_popup_rows:1040 - DBG_MENU_BUILD_INPUT_ROW state=project_open top_menu=Jegyzékek row_index=11 text='Végrehajtás' rectangle={'left': 4, 'top': 374, 'right': 290, 'bottom': 402} topbar_like=False popup_like=True source_scope=main_window fragments=0
2026-08-25 22:57:33.523 | INFO     | winwatt_automation.runtime_mapping.program_mapper:_build_menu_rows_from_popup_rows:1200 - DBG_WINWATT_NORMAL_MENU_ROW state=project_open top_menu=Jegyzékek row_index=11 text='Végrehajtás' normalized_text=végrehajtás source_scope=main_window separator=False enabled_guess=True rectangle={'left': 4, 'top': 374, 'right': 290, 'bottom': 402} depth=1
2026-08-25 22:57:33.523 | INFO     | winwatt_automation.runtime_mapping.program_mapper:_build_menu_rows_from_popup_rows:1244 - MENU_ROW_BUILD_SUMMARY state=project_open top_menu=Jegyzékek input_rows=12 mapped_rows=12 placeholders=1 filtered_overlap=0 filtered_empty_non_actionable=0 rejected_foreign_rows=0 deduped_rows=0
2026-08-25 22:57:33.523 | INFO     | winwatt_automation.runtime_mapping.program_mapper:explore_menu_tree:3681 - ACTION_CATALOG_INPUT_SUMMARY state=project_open top_menu=Jegyzékek depth=1 candidate_rows=12 placeholders=1 low_or_none_confidence=1 legacy_text_only=11 unknown_pending=0
2026-08-25 22:57:34.451 | INFO     | winwatt_automation.live_ui.menu_helpers:_menu_items:1101 - DBG_MENU_ITEMS_SUMMARY total_items=19 visible_items=19 topbar_band=(0, 0, 392, 402) topbar_band_visible_count=19 popup_region_visible_count=0 force_refresh=True handle=1248502
2026-08-25 22:57:34.621 | INFO     | winwatt_automation.live_ui.menu_helpers:list_top_menu_items:1141 - Top-level menu items (raw): ['Rendszer', 'Fájl', 'Jegyzékek', 'Eszközök', 'Beállítások', 'Ablak', 'Súgó']
2026-08-25 22:57:34.621 | INFO     | winwatt_automation.runtime_mapping.program_mapper:_evaluate_action_admission:1969 - ACTION_ADMISSION_REJECTED top_menu=Jegyzékek path=['Jegyzékek', 'Végrehajtás'] traversal_depth=1 reason=unknown_legacy_popup_noise_suppressed classification=unknown result_type=no_observable_effect placeholder=False text_confidence=medium raw_text_sources=['legacy_text'] skip_reason=None
2026-08-25 22:57:34.621 | INFO     | winwatt_automation.runtime_mapping.program_mapper:_evaluate_action_admission:1982 - ACTION_STRUCTURE_ONLY_ROW top_menu=Jegyzékek path=['Jegyzékek', 'Végrehajtás'] traversal_depth=1 reason=unknown_legacy_popup_noise_suppressed
2026-08-25 22:57:35.597 | INFO     | winwatt_automation.live_ui.menu_helpers:_menu_items:1101 - DBG_MENU_ITEMS_SUMMARY total_items=19 visible_items=19 topbar_band=(0, 0, 392, 402) topbar_band_visible_count=19 popup_region_visible_count=0 force_refresh=True handle=1248502
2026-08-25 22:57:35.777 | INFO     | winwatt_automation.live_ui.menu_helpers:list_top_menu_items:1141 - Top-level menu items (raw): ['Rendszer', 'Fájl', 'Jegyzékek', 'Eszközök', 'Beállítások', 'Ablak', 'Súgó']
2026-08-25 22:57:35.779 | INFO     | winwatt_automation.runtime_mapping.program_mapper:_evaluate_action_admission:1969 - ACTION_ADMISSION_REJECTED top_menu=Jegyzékek path=['Jegyzékek', '[unlabeled row 2]'] traversal_depth=1 reason=disabled_menu_item classification=unknown result_type=no_observable_effect placeholder=True text_confidence=none raw_text_sources=[] skip_reason=None
2026-08-25 22:57:35.780 | INFO     | winwatt_automation.runtime_mapping.program_mapper:_evaluate_action_admission:1982 - ACTION_STRUCTURE_ONLY_ROW top_menu=Jegyzékek path=['Jegyzékek', '[unlabeled row 2]'] traversal_depth=1 reason=disabled_menu_item
2026-08-25 22:57:36.703 | INFO     | winwatt_automation.live_ui.menu_helpers:_menu_items:1101 - DBG_MENU_ITEMS_SUMMARY total_items=19 visible_items=19 topbar_band=(0, 0, 392, 402) topbar_band_visible_count=19 popup_region_visible_count=0 force_refresh=True handle=1248502
2026-08-25 22:57:36.877 | INFO     | winwatt_automation.live_ui.menu_helpers:list_top_menu_items:1141 - Top-level menu items (raw): ['Rendszer', 'Fájl', 'Jegyzékek', 'Eszközök', 'Beállítások', 'Ablak', 'Súgó']
2026-08-25 22:57:36.877 | INFO     | winwatt_automation.runtime_mapping.program_mapper:_evaluate_action_admission:1969 - ACTION_ADMISSION_REJECTED top_menu=Jegyzékek path=['Jegyzékek', 'Megnyitás'] traversal_depth=1 reason=unknown_legacy_popup_noise_suppressed classification=unknown result_type=no_observable_effect placeholder=False text_confidence=medium raw_text_sources=['legacy_text'] skip_reason=None
2026-08-25 22:57:36.877 | INFO     | winwatt_automation.runtime_mapping.program_mapper:_evaluate_action_admission:1982 - ACTION_STRUCTURE_ONLY_ROW top_menu=Jegyzékek path=['Jegyzékek', 'Megnyitás'] traversal_depth=1 reason=unknown_legacy_popup_noise_suppressed
2026-08-25 22:57:36.877 | INFO     | winwatt_automation.runtime_mapping.program_mapper:_log_phase_timing:279 - DBG_PHASE_TIMING phase=subtree_traversal elapsed_ms=3360.000 state_id=project_open top_menu=Jegyzékek depth=1 rows=12 nodes=3 actions=3
2026-08-25 22:57:36.877 | INFO     | winwatt_automation.runtime_mapping.program_mapper:explore_menu_tree:4191 - ACTION_CATALOG_OUTPUT_SUMMARY state=project_open top_menu=Jegyzékek depth=1 candidate_rows=12 probed_rows=0 admitted_after_probe=0 admitted_actions=0 still_structure_only=3 suppressed_unknown=0 placeholders_retained=1
2026-08-25 22:57:36.877 | INFO     | winwatt_automation.runtime_mapping.program_mapper:map_runtime_state:4349 - MAP_RUNTIME_STATE_MENU_RESULT state_id=project_open top_menu=Jegyzékek rows=12 nodes=3 actions=3 dialogs=0 windows=0 catalog=0
2026-08-25 22:57:36.877 | INFO     | winwatt_automation.live_ui.app_connector:is_winwatt_foreground_context:1134 - DBG_WINWATT_FOREGROUND_CONTEXT expected_handle=1248502 expected_process_id=22088 expected_title=WinWatt gólya - C:\Users\Admin\Documents\GitHub\autowinwatt\winwatt_automation\tests\testwwp.wwp expected_class_name=TMainForm actual_foreground_handle=1248502 actual_foreground_process_id=22088 actual_foreground_title=WinWatt gólya - C:\Users\Admin\Documents\GitHub\autowinwatt\winwatt_automation\tests\testwwp.wwp actual_foreground_class_name=TMainForm allow_dialog=True result_reason=handle_match
2026-08-25 22:57:36.877 | WARNING  | winwatt_automation.runtime_mapping.program_mapper:map_runtime_state:4311 - MAP_RUNTIME_STATE_MENU_SKIPPED state_id=project_open requested_menu=adatbázis reason=not_found_in_canonical available=['Rendszer', 'Fájl', 'Jegyzékek', 'Eszközök', 'Beállítások', 'Ablak', 'Súgó']
2026-08-25 22:57:36.877 | INFO     | winwatt_automation.runtime_mapping.program_mapper:explore_menu_tree:3548 - POPUP_REUSE_REJECTED state=project_open top_menu=Beállítások normalized_parent=('beállítások',) popup_state_path=('jegyzékek',) reason=state_path_mismatch
2026-08-25 22:57:37.399 | INFO     | winwatt_automation.live_ui.menu_helpers:_menu_items:1101 - DBG_MENU_ITEMS_SUMMARY total_items=19 visible_items=19 topbar_band=(0, 0, 392, 402) topbar_band_visible_count=19 popup_region_visible_count=0 force_refresh=False handle=1248502
2026-08-25 22:57:37.403 | INFO     | winwatt_automation.live_ui.menu_helpers:_menu_row_from_wrapper:1545 - TEXT_EXTRACTION_FALLBACK_USED source=legacy_text confidence=medium rect={'left': 4, 'top': 56, 'right': 290, 'bottom': 84}
2026-08-25 22:57:37.416 | INFO     | winwatt_automation.live_ui.menu_helpers:_menu_row_from_wrapper:1545 - TEXT_EXTRACTION_FALLBACK_USED source=legacy_text confidence=medium rect={'left': 4, 'top': 84, 'right': 290, 'bottom': 112}
2026-08-25 22:57:37.416 | WARNING  | winwatt_automation.live_ui.menu_helpers:_menu_row_from_wrapper:1547 - TEXT_EXTRACTION_FAILED source_scope=main_window rect={'left': 4, 'top': 111, 'right': 290, 'bottom': 139}
2026-08-25 22:57:37.438 | INFO     | winwatt_automation.live_ui.menu_helpers:_menu_row_from_wrapper:1545 - TEXT_EXTRACTION_FALLBACK_USED source=legacy_text confidence=medium rect={'left': 4, 'top': 139, 'right': 290, 'bottom': 167}
2026-08-25 22:57:37.448 | INFO     | winwatt_automation.live_ui.menu_helpers:_menu_row_from_wrapper:1545 - TEXT_EXTRACTION_FALLBACK_USED source=legacy_text confidence=medium rect={'left': 4, 'top': 166, 'right': 290, 'bottom': 194}
2026-08-25 22:57:37.448 | INFO     | winwatt_automation.live_ui.menu_helpers:_menu_row_from_wrapper:1545 - TEXT_EXTRACTION_FALLBACK_USED source=legacy_text confidence=medium rect={'left': 4, 'top': 194, 'right': 290, 'bottom': 222}
2026-08-25 22:57:37.464 | INFO     | winwatt_automation.live_ui.menu_helpers:_menu_row_from_wrapper:1545 - TEXT_EXTRACTION_FALLBACK_USED source=legacy_text confidence=medium rect={'left': 4, 'top': 221, 'right': 290, 'bottom': 249}
2026-08-25 22:57:37.464 | INFO     | winwatt_automation.live_ui.menu_helpers:_menu_row_from_wrapper:1545 - TEXT_EXTRACTION_FALLBACK_USED source=legacy_text confidence=medium rect={'left': 4, 'top': 249, 'right': 290, 'bottom': 277}
2026-08-25 22:57:37.479 | INFO     | winwatt_automation.live_ui.menu_helpers:_menu_row_from_wrapper:1545 - TEXT_EXTRACTION_FALLBACK_USED source=legacy_text confidence=medium rect={'left': 4, 'top': 284, 'right': 290, 'bottom': 312}
2026-08-25 22:57:37.479 | INFO     | winwatt_automation.live_ui.menu_helpers:_menu_row_from_wrapper:1545 - TEXT_EXTRACTION_FALLBACK_USED source=legacy_text confidence=medium rect={'left': 4, 'top': 311, 'right': 290, 'bottom': 339}
2026-08-25 22:57:37.496 | INFO     | winwatt_automation.live_ui.menu_helpers:_menu_row_from_wrapper:1545 - TEXT_EXTRACTION_FALLBACK_USED source=legacy_text confidence=medium rect={'left': 4, 'top': 339, 'right': 290, 'bottom': 367}
2026-08-25 22:57:37.511 | INFO     | winwatt_automation.live_ui.menu_helpers:_menu_row_from_wrapper:1545 - TEXT_EXTRACTION_FALLBACK_USED source=legacy_text confidence=medium rect={'left': 4, 'top': 374, 'right': 290, 'bottom': 402}
2026-08-25 22:57:37.678 | INFO     | winwatt_automation.live_ui.menu_helpers:capture_menu_popup_snapshot:1724 - POPUP_SNAPSHOT_SUMMARY main_window_fragments=19 global_scan_fragments=0 deduped_fragments=19 topbar_like=6 popup_like=12 empty_text=1 topbar_band=(0, 29, 392, 53) empty_text_vertical_cluster_detected=False accepted_popup_rows=0 popup_heuristic=candidate_count_below_threshold
2026-08-25 22:57:38.690 | INFO     | winwatt_automation.live_ui.menu_helpers:_menu_items:1101 - DBG_MENU_ITEMS_SUMMARY total_items=19 visible_items=19 topbar_band=(0, 0, 392, 402) topbar_band_visible_count=19 popup_region_visible_count=0 force_refresh=True handle=1248502
2026-08-25 22:57:38.869 | INFO     | winwatt_automation.live_ui.menu_helpers:list_top_menu_items:1141 - Top-level menu items (raw): ['Rendszer', 'Fájl', 'Jegyzékek', 'Eszközök', 'Beállítások', 'Ablak', 'Súgó']
2026-08-25 22:57:38.869 | INFO     | winwatt_automation.runtime_mapping.program_mapper:explore_menu_tree:3571 - RECENT_PROJECT_BLOCK_SUMMARY state=project_open top_menu=Beállítások attempt=0 popup_block_classification=normal_popup recent_projects_block=False stateful_menu_block=False accepted_rows=12 filtered_rows=12
2026-08-25 22:57:38.869 | INFO     | winwatt_automation.runtime_mapping.program_mapper:explore_menu_tree:3572 - DBG_REUSING_OPEN_POPUP_SNAPSHOT state=project_open top_menu=Beállítások row_count=19 popup_like_count=12 topbar_like_count=6 normalized_parent=('beállítások',) popup_state_path=('jegyzékek',)
2026-08-25 22:57:38.869 | INFO     | winwatt_automation.runtime_mapping.program_mapper:explore_menu_tree:3582 - DBG_WINWATT_NORMAL_MENU_POPUP_ROWS_ACCEPTED state=project_open top_menu=Beállítások attempt=0 accepted_row_count=12
2026-08-25 22:57:38.869 | INFO     | winwatt_automation.runtime_mapping.program_mapper:_build_menu_rows_from_popup_rows:1040 - DBG_MENU_BUILD_INPUT_ROW state=project_open top_menu=Beállítások row_index=0 text='Végrehajtás' rectangle={'left': 4, 'top': 56, 'right': 290, 'bottom': 84} topbar_like=False popup_like=True source_scope=main_window fragments=0
2026-08-25 22:57:38.869 | INFO     | winwatt_automation.runtime_mapping.program_mapper:_build_menu_rows_from_popup_rows:1200 - DBG_WINWATT_NORMAL_MENU_ROW state=project_open top_menu=Beállítások row_index=0 text='Végrehajtás' normalized_text=végrehajtás source_scope=main_window separator=False enabled_guess=True rectangle={'left': 4, 'top': 56, 'right': 290, 'bottom': 84} depth=1
2026-08-25 22:57:38.869 | INFO     | winwatt_automation.runtime_mapping.program_mapper:_build_menu_rows_from_popup_rows:1040 - DBG_MENU_BUILD_INPUT_ROW state=project_open top_menu=Beállítások row_index=1 text='Végrehajtás' rectangle={'left': 4, 'top': 84, 'right': 290, 'bottom': 112} topbar_like=False popup_like=True source_scope=main_window fragments=0
2026-08-25 22:57:38.869 | INFO     | winwatt_automation.runtime_mapping.program_mapper:_build_menu_rows_from_popup_rows:1200 - DBG_WINWATT_NORMAL_MENU_ROW state=project_open top_menu=Beállítások row_index=1 text='Végrehajtás' normalized_text=végrehajtás source_scope=main_window separator=False enabled_guess=True rectangle={'left': 4, 'top': 84, 'right': 290, 'bottom': 112} depth=1
2026-08-25 22:57:38.869 | INFO     | winwatt_automation.runtime_mapping.program_mapper:_build_menu_rows_from_popup_rows:1040 - DBG_MENU_BUILD_INPUT_ROW state=project_open top_menu=Beállítások row_index=2 text='' rectangle={'left': 4, 'top': 111, 'right': 290, 'bottom': 139} topbar_like=False popup_like=True source_scope=main_window fragments=0
2026-08-25 22:57:38.869 | WARNING  | winwatt_automation.runtime_mapping.program_mapper:_resolve_row_text_with_fallback:687 - TEXT_EXTRACTION_FAILED row_index=2 source_scope=main_window fragment_count=0 rectangle={'left': 4, 'top': 111, 'right': 290, 'bottom': 139}
2026-08-25 22:57:38.869 | INFO     | winwatt_automation.runtime_mapping.program_mapper:_build_menu_rows_from_popup_rows:1100 - DBG_WINWATT_EMPTY_NORMALIZED_MENU_TITLE row_index=2 raw_text= normalized_text= is_separator=False source_scope=main_window control_type=MenuItem class_name= rectangle={'left': 4, 'top': 111, 'right': 290, 'bottom': 139} fragment_count=0 fragment_texts=[]
2026-08-25 22:57:38.869 | INFO     | winwatt_automation.runtime_mapping.program_mapper:_build_menu_rows_from_popup_rows:1145 - REPLACED_EMPTY_POPUP_ROW_WITH_PLACEHOLDER row_index=02
2026-08-25 22:57:38.869 | INFO     | winwatt_automation.runtime_mapping.program_mapper:_build_menu_rows_from_popup_rows:1149 - GEOM_PLACEHOLDER_CREATED row_index=02 rect={'left': 4, 'top': 111, 'right': 290, 'bottom': 139} popup_reason=below_topbar_band
2026-08-25 22:57:38.869 | INFO     | winwatt_automation.runtime_mapping.program_mapper:_build_menu_rows_from_popup_rows:1200 - DBG_WINWATT_NORMAL_MENU_ROW state=project_open top_menu=Beállítások row_index=2 text='[unlabeled row 2]' normalized_text=[unlabeled row 2] source_scope=main_window separator=False enabled_guess=False rectangle={'left': 4, 'top': 111, 'right': 290, 'bottom': 139} depth=1
2026-08-25 22:57:38.869 | INFO     | winwatt_automation.runtime_mapping.program_mapper:_build_menu_rows_from_popup_rows:1040 - DBG_MENU_BUILD_INPUT_ROW state=project_open top_menu=Beállítások row_index=3 text='Végrehajtás' rectangle={'left': 4, 'top': 139, 'right': 290, 'bottom': 167} topbar_like=False popup_like=True source_scope=main_window fragments=0
2026-08-25 22:57:38.869 | INFO     | winwatt_automation.runtime_mapping.program_mapper:_build_menu_rows_from_popup_rows:1200 - DBG_WINWATT_NORMAL_MENU_ROW state=project_open top_menu=Beállítások row_index=3 text='Végrehajtás' normalized_text=végrehajtás source_scope=main_window separator=False enabled_guess=True rectangle={'left': 4, 'top': 139, 'right': 290, 'bottom': 167} depth=1
2026-08-25 22:57:38.881 | INFO     | winwatt_automation.runtime_mapping.program_mapper:_build_menu_rows_from_popup_rows:1040 - DBG_MENU_BUILD_INPUT_ROW state=project_open top_menu=Beállítások row_index=4 text='Végrehajtás' rectangle={'left': 4, 'top': 166, 'right': 290, 'bottom': 194} topbar_like=False popup_like=True source_scope=main_window fragments=0
2026-08-25 22:57:38.881 | INFO     | winwatt_automation.runtime_mapping.program_mapper:_build_menu_rows_from_popup_rows:1200 - DBG_WINWATT_NORMAL_MENU_ROW state=project_open top_menu=Beállítások row_index=4 text='Végrehajtás' normalized_text=végrehajtás source_scope=main_window separator=False enabled_guess=True rectangle={'left': 4, 'top': 166, 'right': 290, 'bottom': 194} depth=1
2026-08-25 22:57:38.881 | INFO     | winwatt_automation.runtime_mapping.program_mapper:_build_menu_rows_from_popup_rows:1040 - DBG_MENU_BUILD_INPUT_ROW state=project_open top_menu=Beállítások row_index=5 text='Végrehajtás' rectangle={'left': 4, 'top': 194, 'right': 290, 'bottom': 222} topbar_like=False popup_like=True source_scope=main_window fragments=0
2026-08-25 22:57:38.881 | INFO     | winwatt_automation.runtime_mapping.program_mapper:_build_menu_rows_from_popup_rows:1200 - DBG_WINWATT_NORMAL_MENU_ROW state=project_open top_menu=Beállítások row_index=5 text='Végrehajtás' normalized_text=végrehajtás source_scope=main_window separator=False enabled_guess=True rectangle={'left': 4, 'top': 194, 'right': 290, 'bottom': 222} depth=1
2026-08-25 22:57:38.881 | INFO     | winwatt_automation.runtime_mapping.program_mapper:_build_menu_rows_from_popup_rows:1040 - DBG_MENU_BUILD_INPUT_ROW state=project_open top_menu=Beállítások row_index=6 text='Végrehajtás' rectangle={'left': 4, 'top': 221, 'right': 290, 'bottom': 249} topbar_like=False popup_like=True source_scope=main_window fragments=0
2026-08-25 22:57:38.881 | INFO     | winwatt_automation.runtime_mapping.program_mapper:_build_menu_rows_from_popup_rows:1200 - DBG_WINWATT_NORMAL_MENU_ROW state=project_open top_menu=Beállítások row_index=6 text='Végrehajtás' normalized_text=végrehajtás source_scope=main_window separator=False enabled_guess=True rectangle={'left': 4, 'top': 221, 'right': 290, 'bottom': 249} depth=1
2026-08-25 22:57:38.881 | INFO     | winwatt_automation.runtime_mapping.program_mapper:_build_menu_rows_from_popup_rows:1040 - DBG_MENU_BUILD_INPUT_ROW state=project_open top_menu=Beállítások row_index=7 text='Végrehajtás' rectangle={'left': 4, 'top': 249, 'right': 290, 'bottom': 277} topbar_like=False popup_like=True source_scope=main_window fragments=0
2026-08-25 22:57:38.881 | INFO     | winwatt_automation.runtime_mapping.program_mapper:_build_menu_rows_from_popup_rows:1200 - DBG_WINWATT_NORMAL_MENU_ROW state=project_open top_menu=Beállítások row_index=7 text='Végrehajtás' normalized_text=végrehajtás source_scope=main_window separator=False enabled_guess=True rectangle={'left': 4, 'top': 249, 'right': 290, 'bottom': 277} depth=1
2026-08-25 22:57:38.881 | INFO     | winwatt_automation.runtime_mapping.program_mapper:_build_menu_rows_from_popup_rows:1040 - DBG_MENU_BUILD_INPUT_ROW state=project_open top_menu=Beállítások row_index=8 text='Megnyitás' rectangle={'left': 4, 'top': 284, 'right': 290, 'bottom': 312} topbar_like=False popup_like=True source_scope=main_window fragments=0
2026-08-25 22:57:38.881 | INFO     | winwatt_automation.runtime_mapping.program_mapper:_build_menu_rows_from_popup_rows:1200 - DBG_WINWATT_NORMAL_MENU_ROW state=project_open top_menu=Beállítások row_index=8 text='Megnyitás' normalized_text=megnyitás source_scope=main_window separator=False enabled_guess=True rectangle={'left': 4, 'top': 284, 'right': 290, 'bottom': 312} depth=1
2026-08-25 22:57:38.881 | INFO     | winwatt_automation.runtime_mapping.program_mapper:_build_menu_rows_from_popup_rows:1040 - DBG_MENU_BUILD_INPUT_ROW state=project_open top_menu=Beállítások row_index=9 text='Végrehajtás' rectangle={'left': 4, 'top': 311, 'right': 290, 'bottom': 339} topbar_like=False popup_like=True source_scope=main_window fragments=0
2026-08-25 22:57:38.881 | INFO     | winwatt_automation.runtime_mapping.program_mapper:_build_menu_rows_from_popup_rows:1200 - DBG_WINWATT_NORMAL_MENU_ROW state=project_open top_menu=Beállítások row_index=9 text='Végrehajtás' normalized_text=végrehajtás source_scope=main_window separator=False enabled_guess=True rectangle={'left': 4, 'top': 311, 'right': 290, 'bottom': 339} depth=1
2026-08-25 22:57:38.881 | INFO     | winwatt_automation.runtime_mapping.program_mapper:_build_menu_rows_from_popup_rows:1040 - DBG_MENU_BUILD_INPUT_ROW state=project_open top_menu=Beállítások row_index=10 text='Végrehajtás' rectangle={'left': 4, 'top': 339, 'right': 290, 'bottom': 367} topbar_like=False popup_like=True source_scope=main_window fragments=0
2026-08-25 22:57:38.881 | INFO     | winwatt_automation.runtime_mapping.program_mapper:_build_menu_rows_from_popup_rows:1200 - DBG_WINWATT_NORMAL_MENU_ROW state=project_open top_menu=Beállítások row_index=10 text='Végrehajtás' normalized_text=végrehajtás source_scope=main_window separator=False enabled_guess=True rectangle={'left': 4, 'top': 339, 'right': 290, 'bottom': 367} depth=1
2026-08-25 22:57:38.881 | INFO     | winwatt_automation.runtime_mapping.program_mapper:_build_menu_rows_from_popup_rows:1040 - DBG_MENU_BUILD_INPUT_ROW state=project_open top_menu=Beállítások row_index=11 text='Végrehajtás' rectangle={'left': 4, 'top': 374, 'right': 290, 'bottom': 402} topbar_like=False popup_like=True source_scope=main_window fragments=0
2026-08-25 22:57:38.881 | INFO     | winwatt_automation.runtime_mapping.program_mapper:_build_menu_rows_from_popup_rows:1200 - DBG_WINWATT_NORMAL_MENU_ROW state=project_open top_menu=Beállítások row_index=11 text='Végrehajtás' normalized_text=végrehajtás source_scope=main_window separator=False enabled_guess=True rectangle={'left': 4, 'top': 374, 'right': 290, 'bottom': 402} depth=1
2026-08-25 22:57:38.881 | INFO     | winwatt_automation.runtime_mapping.program_mapper:_build_menu_rows_from_popup_rows:1244 - MENU_ROW_BUILD_SUMMARY state=project_open top_menu=Beállítások input_rows=12 mapped_rows=12 placeholders=1 filtered_overlap=0 filtered_empty_non_actionable=0 rejected_foreign_rows=0 deduped_rows=0
2026-08-25 22:57:38.881 | INFO     | winwatt_automation.runtime_mapping.program_mapper:explore_menu_tree:3681 - ACTION_CATALOG_INPUT_SUMMARY state=project_open top_menu=Beállítások depth=1 candidate_rows=12 placeholders=1 low_or_none_confidence=1 legacy_text_only=11 unknown_pending=0
2026-08-25 22:57:40.135 | INFO     | winwatt_automation.live_ui.menu_helpers:_menu_items:1101 - DBG_MENU_ITEMS_SUMMARY total_items=19 visible_items=19 topbar_band=(0, 0, 392, 402) topbar_band_visible_count=19 popup_region_visible_count=0 force_refresh=True handle=1248502
2026-08-25 22:57:40.457 | INFO     | winwatt_automation.live_ui.menu_helpers:list_top_menu_items:1141 - Top-level menu items (raw): ['Rendszer', 'Fájl', 'Jegyzékek', 'Eszközök', 'Beállítások', 'Ablak', 'Súgó']
2026-08-25 22:57:40.457 | INFO     | winwatt_automation.runtime_mapping.program_mapper:_evaluate_action_admission:1969 - ACTION_ADMISSION_REJECTED top_menu=Beállítások path=['Beállítások', 'Végrehajtás'] traversal_depth=1 reason=unknown_legacy_popup_noise_suppressed classification=unknown result_type=no_observable_effect placeholder=False text_confidence=medium raw_text_sources=['legacy_text'] skip_reason=None
2026-08-25 22:57:40.457 | INFO     | winwatt_automation.runtime_mapping.program_mapper:_evaluate_action_admission:1982 - ACTION_STRUCTURE_ONLY_ROW top_menu=Beállítások path=['Beállítások', 'Végrehajtás'] traversal_depth=1 reason=unknown_legacy_popup_noise_suppressed
2026-08-25 22:57:41.474 | INFO     | winwatt_automation.live_ui.menu_helpers:_menu_items:1101 - DBG_MENU_ITEMS_SUMMARY total_items=19 visible_items=19 topbar_band=(0, 0, 392, 402) topbar_band_visible_count=19 popup_region_visible_count=0 force_refresh=True handle=1248502
2026-08-25 22:57:41.708 | INFO     | winwatt_automation.live_ui.menu_helpers:list_top_menu_items:1141 - Top-level menu items (raw): ['Rendszer', 'Fájl', 'Jegyzékek', 'Eszközök', 'Beállítások', 'Ablak', 'Súgó']
2026-08-25 22:57:41.709 | INFO     | winwatt_automation.runtime_mapping.program_mapper:_evaluate_action_admission:1969 - ACTION_ADMISSION_REJECTED top_menu=Beállítások path=['Beállítások', '[unlabeled row 2]'] traversal_depth=1 reason=disabled_menu_item classification=unknown result_type=no_observable_effect placeholder=True text_confidence=none raw_text_sources=[] skip_reason=None
2026-08-25 22:57:41.709 | INFO     | winwatt_automation.runtime_mapping.program_mapper:_evaluate_action_admission:1982 - ACTION_STRUCTURE_ONLY_ROW top_menu=Beállítások path=['Beállítások', '[unlabeled row 2]'] traversal_depth=1 reason=disabled_menu_item
2026-08-25 22:57:42.760 | INFO     | winwatt_automation.live_ui.menu_helpers:_menu_items:1101 - DBG_MENU_ITEMS_SUMMARY total_items=19 visible_items=19 topbar_band=(0, 0, 392, 402) topbar_band_visible_count=19 popup_region_visible_count=0 force_refresh=True handle=1248502
2026-08-25 22:57:42.933 | INFO     | winwatt_automation.live_ui.menu_helpers:list_top_menu_items:1141 - Top-level menu items (raw): ['Rendszer', 'Fájl', 'Jegyzékek', 'Eszközök', 'Beállítások', 'Ablak', 'Súgó']
2026-08-25 22:57:42.933 | INFO     | winwatt_automation.runtime_mapping.program_mapper:_evaluate_action_admission:1969 - ACTION_ADMISSION_REJECTED top_menu=Beállítások path=['Beállítások', 'Megnyitás'] traversal_depth=1 reason=unknown_legacy_popup_noise_suppressed classification=unknown result_type=no_observable_effect placeholder=False text_confidence=medium raw_text_sources=['legacy_text'] skip_reason=None
2026-08-25 22:57:42.933 | INFO     | winwatt_automation.runtime_mapping.program_mapper:_evaluate_action_admission:1982 - ACTION_STRUCTURE_ONLY_ROW top_menu=Beállítások path=['Beállítások', 'Megnyitás'] traversal_depth=1 reason=unknown_legacy_popup_noise_suppressed
2026-08-25 22:57:42.933 | INFO     | winwatt_automation.runtime_mapping.program_mapper:_log_phase_timing:279 - DBG_PHASE_TIMING phase=subtree_traversal elapsed_ms=4047.000 state_id=project_open top_menu=Beállítások depth=1 rows=12 nodes=3 actions=3
2026-08-25 22:57:42.933 | INFO     | winwatt_automation.runtime_mapping.program_mapper:explore_menu_tree:4191 - ACTION_CATALOG_OUTPUT_SUMMARY state=project_open top_menu=Beállítások depth=1 candidate_rows=12 probed_rows=0 admitted_after_probe=0 admitted_actions=0 still_structure_only=3 suppressed_unknown=0 placeholders_retained=1
2026-08-25 22:57:42.933 | INFO     | winwatt_automation.runtime_mapping.program_mapper:map_runtime_state:4349 - MAP_RUNTIME_STATE_MENU_RESULT state_id=project_open top_menu=Beállítások rows=12 nodes=3 actions=3 dialogs=0 windows=0 catalog=0
2026-08-25 22:57:42.949 | INFO     | winwatt_automation.live_ui.app_connector:is_winwatt_foreground_context:1134 - DBG_WINWATT_FOREGROUND_CONTEXT expected_handle=1248502 expected_process_id=22088 expected_title=WinWatt gólya - C:\Users\Admin\Documents\GitHub\autowinwatt\winwatt_automation\tests\testwwp.wwp expected_class_name=TMainForm actual_foreground_handle=1248502 actual_foreground_process_id=22088 actual_foreground_title=WinWatt gólya - C:\Users\Admin\Documents\GitHub\autowinwatt\winwatt_automation\tests\testwwp.wwp actual_foreground_class_name=TMainForm allow_dialog=True result_reason=handle_match
2026-08-25 22:57:42.949 | INFO     | winwatt_automation.runtime_mapping.program_mapper:explore_menu_tree:3548 - POPUP_REUSE_REJECTED state=project_open top_menu=Ablak normalized_parent=('ablak',) popup_state_path=('beállítások',) reason=state_path_mismatch
2026-08-25 22:57:43.965 | INFO     | winwatt_automation.live_ui.menu_helpers:_menu_items:1101 - DBG_MENU_ITEMS_SUMMARY total_items=19 visible_items=19 topbar_band=(0, 0, 392, 402) topbar_band_visible_count=19 popup_region_visible_count=0 force_refresh=False handle=1248502
2026-08-25 22:57:43.965 | INFO     | winwatt_automation.live_ui.menu_helpers:_menu_row_from_wrapper:1545 - TEXT_EXTRACTION_FALLBACK_USED source=legacy_text confidence=medium rect={'left': 4, 'top': 56, 'right': 290, 'bottom': 84}
2026-08-25 22:57:43.981 | INFO     | winwatt_automation.live_ui.menu_helpers:_menu_row_from_wrapper:1545 - TEXT_EXTRACTION_FALLBACK_USED source=legacy_text confidence=medium rect={'left': 4, 'top': 84, 'right': 290, 'bottom': 112}
2026-08-25 22:57:43.981 | WARNING  | winwatt_automation.live_ui.menu_helpers:_menu_row_from_wrapper:1547 - TEXT_EXTRACTION_FAILED source_scope=main_window rect={'left': 4, 'top': 111, 'right': 290, 'bottom': 139}
2026-08-25 22:57:43.997 | INFO     | winwatt_automation.live_ui.menu_helpers:_menu_row_from_wrapper:1545 - TEXT_EXTRACTION_FALLBACK_USED source=legacy_text confidence=medium rect={'left': 4, 'top': 139, 'right': 290, 'bottom': 167}
2026-08-25 22:57:43.997 | INFO     | winwatt_automation.live_ui.menu_helpers:_menu_row_from_wrapper:1545 - TEXT_EXTRACTION_FALLBACK_USED source=legacy_text confidence=medium rect={'left': 4, 'top': 166, 'right': 290, 'bottom': 194}
2026-08-25 22:57:44.013 | INFO     | winwatt_automation.live_ui.menu_helpers:_menu_row_from_wrapper:1545 - TEXT_EXTRACTION_FALLBACK_USED source=legacy_text confidence=medium rect={'left': 4, 'top': 194, 'right': 290, 'bottom': 222}
2026-08-25 22:57:44.028 | INFO     | winwatt_automation.live_ui.menu_helpers:_menu_row_from_wrapper:1545 - TEXT_EXTRACTION_FALLBACK_USED source=legacy_text confidence=medium rect={'left': 4, 'top': 221, 'right': 290, 'bottom': 249}
2026-08-25 22:57:44.028 | INFO     | winwatt_automation.live_ui.menu_helpers:_menu_row_from_wrapper:1545 - TEXT_EXTRACTION_FALLBACK_USED source=legacy_text confidence=medium rect={'left': 4, 'top': 249, 'right': 290, 'bottom': 277}
2026-08-25 22:57:44.044 | INFO     | winwatt_automation.live_ui.menu_helpers:_menu_row_from_wrapper:1545 - TEXT_EXTRACTION_FALLBACK_USED source=legacy_text confidence=medium rect={'left': 4, 'top': 284, 'right': 290, 'bottom': 312}
2026-08-25 22:57:44.060 | INFO     | winwatt_automation.live_ui.menu_helpers:_menu_row_from_wrapper:1545 - TEXT_EXTRACTION_FALLBACK_USED source=legacy_text confidence=medium rect={'left': 4, 'top': 311, 'right': 290, 'bottom': 339}
2026-08-25 22:57:44.060 | INFO     | winwatt_automation.live_ui.menu_helpers:_menu_row_from_wrapper:1545 - TEXT_EXTRACTION_FALLBACK_USED source=legacy_text confidence=medium rect={'left': 4, 'top': 339, 'right': 290, 'bottom': 367}
2026-08-25 22:57:44.076 | INFO     | winwatt_automation.live_ui.menu_helpers:_menu_row_from_wrapper:1545 - TEXT_EXTRACTION_FALLBACK_USED source=legacy_text confidence=medium rect={'left': 4, 'top': 374, 'right': 290, 'bottom': 402}
2026-08-25 22:57:44.234 | INFO     | winwatt_automation.live_ui.menu_helpers:capture_menu_popup_snapshot:1724 - POPUP_SNAPSHOT_SUMMARY main_window_fragments=19 global_scan_fragments=0 deduped_fragments=19 topbar_like=6 popup_like=12 empty_text=1 topbar_band=(0, 29, 392, 53) empty_text_vertical_cluster_detected=False accepted_popup_rows=0 popup_heuristic=candidate_count_below_threshold
2026-08-25 22:57:45.210 | INFO     | winwatt_automation.live_ui.menu_helpers:_menu_items:1101 - DBG_MENU_ITEMS_SUMMARY total_items=19 visible_items=19 topbar_band=(0, 0, 392, 402) topbar_band_visible_count=19 popup_region_visible_count=0 force_refresh=True handle=1248502
2026-08-25 22:57:45.353 | INFO     | winwatt_automation.live_ui.menu_helpers:list_top_menu_items:1141 - Top-level menu items (raw): ['Rendszer', 'Fájl', 'Jegyzékek', 'Eszközök', 'Beállítások', 'Ablak', 'Súgó']
2026-08-25 22:57:45.353 | INFO     | winwatt_automation.runtime_mapping.program_mapper:explore_menu_tree:3571 - RECENT_PROJECT_BLOCK_SUMMARY state=project_open top_menu=Ablak attempt=0 popup_block_classification=normal_popup recent_projects_block=False stateful_menu_block=False accepted_rows=12 filtered_rows=12
2026-08-25 22:57:45.353 | INFO     | winwatt_automation.runtime_mapping.program_mapper:explore_menu_tree:3572 - DBG_REUSING_OPEN_POPUP_SNAPSHOT state=project_open top_menu=Ablak row_count=19 popup_like_count=12 topbar_like_count=6 normalized_parent=('ablak',) popup_state_path=('beállítások',)
2026-08-25 22:57:45.353 | INFO     | winwatt_automation.runtime_mapping.program_mapper:explore_menu_tree:3582 - DBG_WINWATT_NORMAL_MENU_POPUP_ROWS_ACCEPTED state=project_open top_menu=Ablak attempt=0 accepted_row_count=12
2026-08-25 22:57:45.369 | INFO     | winwatt_automation.runtime_mapping.program_mapper:_build_menu_rows_from_popup_rows:1040 - DBG_MENU_BUILD_INPUT_ROW state=project_open top_menu=Ablak row_index=0 text='Végrehajtás' rectangle={'left': 4, 'top': 56, 'right': 290, 'bottom': 84} topbar_like=False popup_like=True source_scope=main_window fragments=0
2026-08-25 22:57:45.369 | INFO     | winwatt_automation.runtime_mapping.program_mapper:_build_menu_rows_from_popup_rows:1200 - DBG_WINWATT_NORMAL_MENU_ROW state=project_open top_menu=Ablak row_index=0 text='Végrehajtás' normalized_text=végrehajtás source_scope=main_window separator=False enabled_guess=True rectangle={'left': 4, 'top': 56, 'right': 290, 'bottom': 84} depth=1
2026-08-25 22:57:45.369 | INFO     | winwatt_automation.runtime_mapping.program_mapper:_build_menu_rows_from_popup_rows:1040 - DBG_MENU_BUILD_INPUT_ROW state=project_open top_menu=Ablak row_index=1 text='Végrehajtás' rectangle={'left': 4, 'top': 84, 'right': 290, 'bottom': 112} topbar_like=False popup_like=True source_scope=main_window fragments=0
2026-08-25 22:57:45.369 | INFO     | winwatt_automation.runtime_mapping.program_mapper:_build_menu_rows_from_popup_rows:1200 - DBG_WINWATT_NORMAL_MENU_ROW state=project_open top_menu=Ablak row_index=1 text='Végrehajtás' normalized_text=végrehajtás source_scope=main_window separator=False enabled_guess=True rectangle={'left': 4, 'top': 84, 'right': 290, 'bottom': 112} depth=1
2026-08-25 22:57:45.369 | INFO     | winwatt_automation.runtime_mapping.program_mapper:_build_menu_rows_from_popup_rows:1040 - DBG_MENU_BUILD_INPUT_ROW state=project_open top_menu=Ablak row_index=2 text='' rectangle={'left': 4, 'top': 111, 'right': 290, 'bottom': 139} topbar_like=False popup_like=True source_scope=main_window fragments=0
2026-08-25 22:57:45.369 | WARNING  | winwatt_automation.runtime_mapping.program_mapper:_resolve_row_text_with_fallback:687 - TEXT_EXTRACTION_FAILED row_index=2 source_scope=main_window fragment_count=0 rectangle={'left': 4, 'top': 111, 'right': 290, 'bottom': 139}
2026-08-25 22:57:45.369 | INFO     | winwatt_automation.runtime_mapping.program_mapper:_build_menu_rows_from_popup_rows:1100 - DBG_WINWATT_EMPTY_NORMALIZED_MENU_TITLE row_index=2 raw_text= normalized_text= is_separator=False source_scope=main_window control_type=MenuItem class_name= rectangle={'left': 4, 'top': 111, 'right': 290, 'bottom': 139} fragment_count=0 fragment_texts=[]
2026-08-25 22:57:45.369 | INFO     | winwatt_automation.runtime_mapping.program_mapper:_build_menu_rows_from_popup_rows:1145 - REPLACED_EMPTY_POPUP_ROW_WITH_PLACEHOLDER row_index=02
2026-08-25 22:57:45.369 | INFO     | winwatt_automation.runtime_mapping.program_mapper:_build_menu_rows_from_popup_rows:1149 - GEOM_PLACEHOLDER_CREATED row_index=02 rect={'left': 4, 'top': 111, 'right': 290, 'bottom': 139} popup_reason=below_topbar_band
2026-08-25 22:57:45.369 | INFO     | winwatt_automation.runtime_mapping.program_mapper:_build_menu_rows_from_popup_rows:1200 - DBG_WINWATT_NORMAL_MENU_ROW state=project_open top_menu=Ablak row_index=2 text='[unlabeled row 2]' normalized_text=[unlabeled row 2] source_scope=main_window separator=False enabled_guess=False rectangle={'left': 4, 'top': 111, 'right': 290, 'bottom': 139} depth=1
2026-08-25 22:57:45.369 | INFO     | winwatt_automation.runtime_mapping.program_mapper:_build_menu_rows_from_popup_rows:1040 - DBG_MENU_BUILD_INPUT_ROW state=project_open top_menu=Ablak row_index=3 text='Végrehajtás' rectangle={'left': 4, 'top': 139, 'right': 290, 'bottom': 167} topbar_like=False popup_like=True source_scope=main_window fragments=0
2026-08-25 22:57:45.369 | INFO     | winwatt_automation.runtime_mapping.program_mapper:_build_menu_rows_from_popup_rows:1200 - DBG_WINWATT_NORMAL_MENU_ROW state=project_open top_menu=Ablak row_index=3 text='Végrehajtás' normalized_text=végrehajtás source_scope=main_window separator=False enabled_guess=True rectangle={'left': 4, 'top': 139, 'right': 290, 'bottom': 167} depth=1
2026-08-25 22:57:45.369 | INFO     | winwatt_automation.runtime_mapping.program_mapper:_build_menu_rows_from_popup_rows:1040 - DBG_MENU_BUILD_INPUT_ROW state=project_open top_menu=Ablak row_index=4 text='Végrehajtás' rectangle={'left': 4, 'top': 166, 'right': 290, 'bottom': 194} topbar_like=False popup_like=True source_scope=main_window fragments=0
2026-08-25 22:57:45.369 | INFO     | winwatt_automation.runtime_mapping.program_mapper:_build_menu_rows_from_popup_rows:1200 - DBG_WINWATT_NORMAL_MENU_ROW state=project_open top_menu=Ablak row_index=4 text='Végrehajtás' normalized_text=végrehajtás source_scope=main_window separator=False enabled_guess=True rectangle={'left': 4, 'top': 166, 'right': 290, 'bottom': 194} depth=1
2026-08-25 22:57:45.369 | INFO     | winwatt_automation.runtime_mapping.program_mapper:_build_menu_rows_from_popup_rows:1040 - DBG_MENU_BUILD_INPUT_ROW state=project_open top_menu=Ablak row_index=5 text='Végrehajtás' rectangle={'left': 4, 'top': 194, 'right': 290, 'bottom': 222} topbar_like=False popup_like=True source_scope=main_window fragments=0
2026-08-25 22:57:45.369 | INFO     | winwatt_automation.runtime_mapping.program_mapper:_build_menu_rows_from_popup_rows:1200 - DBG_WINWATT_NORMAL_MENU_ROW state=project_open top_menu=Ablak row_index=5 text='Végrehajtás' normalized_text=végrehajtás source_scope=main_window separator=False enabled_guess=True rectangle={'left': 4, 'top': 194, 'right': 290, 'bottom': 222} depth=1
2026-08-25 22:57:45.369 | INFO     | winwatt_automation.runtime_mapping.program_mapper:_build_menu_rows_from_popup_rows:1040 - DBG_MENU_BUILD_INPUT_ROW state=project_open top_menu=Ablak row_index=6 text='Végrehajtás' rectangle={'left': 4, 'top': 221, 'right': 290, 'bottom': 249} topbar_like=False popup_like=True source_scope=main_window fragments=0
2026-08-25 22:57:45.369 | INFO     | winwatt_automation.runtime_mapping.program_mapper:_build_menu_rows_from_popup_rows:1200 - DBG_WINWATT_NORMAL_MENU_ROW state=project_open top_menu=Ablak row_index=6 text='Végrehajtás' normalized_text=végrehajtás source_scope=main_window separator=False enabled_guess=True rectangle={'left': 4, 'top': 221, 'right': 290, 'bottom': 249} depth=1
2026-08-25 22:57:45.369 | INFO     | winwatt_automation.runtime_mapping.program_mapper:_build_menu_rows_from_popup_rows:1040 - DBG_MENU_BUILD_INPUT_ROW state=project_open top_menu=Ablak row_index=7 text='Végrehajtás' rectangle={'left': 4, 'top': 249, 'right': 290, 'bottom': 277} topbar_like=False popup_like=True source_scope=main_window fragments=0
2026-08-25 22:57:45.369 | INFO     | winwatt_automation.runtime_mapping.program_mapper:_build_menu_rows_from_popup_rows:1200 - DBG_WINWATT_NORMAL_MENU_ROW state=project_open top_menu=Ablak row_index=7 text='Végrehajtás' normalized_text=végrehajtás source_scope=main_window separator=False enabled_guess=True rectangle={'left': 4, 'top': 249, 'right': 290, 'bottom': 277} depth=1
2026-08-25 22:57:45.369 | INFO     | winwatt_automation.runtime_mapping.program_mapper:_build_menu_rows_from_popup_rows:1040 - DBG_MENU_BUILD_INPUT_ROW state=project_open top_menu=Ablak row_index=8 text='Megnyitás' rectangle={'left': 4, 'top': 284, 'right': 290, 'bottom': 312} topbar_like=False popup_like=True source_scope=main_window fragments=0
2026-08-25 22:57:45.369 | INFO     | winwatt_automation.runtime_mapping.program_mapper:_build_menu_rows_from_popup_rows:1200 - DBG_WINWATT_NORMAL_MENU_ROW state=project_open top_menu=Ablak row_index=8 text='Megnyitás' normalized_text=megnyitás source_scope=main_window separator=False enabled_guess=True rectangle={'left': 4, 'top': 284, 'right': 290, 'bottom': 312} depth=1
2026-08-25 22:57:45.369 | INFO     | winwatt_automation.runtime_mapping.program_mapper:_build_menu_rows_from_popup_rows:1040 - DBG_MENU_BUILD_INPUT_ROW state=project_open top_menu=Ablak row_index=9 text='Végrehajtás' rectangle={'left': 4, 'top': 311, 'right': 290, 'bottom': 339} topbar_like=False popup_like=True source_scope=main_window fragments=0
2026-08-25 22:57:45.369 | INFO     | winwatt_automation.runtime_mapping.program_mapper:_build_menu_rows_from_popup_rows:1200 - DBG_WINWATT_NORMAL_MENU_ROW state=project_open top_menu=Ablak row_index=9 text='Végrehajtás' normalized_text=végrehajtás source_scope=main_window separator=False enabled_guess=True rectangle={'left': 4, 'top': 311, 'right': 290, 'bottom': 339} depth=1
2026-08-25 22:57:45.369 | INFO     | winwatt_automation.runtime_mapping.program_mapper:_build_menu_rows_from_popup_rows:1040 - DBG_MENU_BUILD_INPUT_ROW state=project_open top_menu=Ablak row_index=10 text='Végrehajtás' rectangle={'left': 4, 'top': 339, 'right': 290, 'bottom': 367} topbar_like=False popup_like=True source_scope=main_window fragments=0
2026-08-25 22:57:45.369 | INFO     | winwatt_automation.runtime_mapping.program_mapper:_build_menu_rows_from_popup_rows:1200 - DBG_WINWATT_NORMAL_MENU_ROW state=project_open top_menu=Ablak row_index=10 text='Végrehajtás' normalized_text=végrehajtás source_scope=main_window separator=False enabled_guess=True rectangle={'left': 4, 'top': 339, 'right': 290, 'bottom': 367} depth=1
2026-08-25 22:57:45.369 | INFO     | winwatt_automation.runtime_mapping.program_mapper:_build_menu_rows_from_popup_rows:1040 - DBG_MENU_BUILD_INPUT_ROW state=project_open top_menu=Ablak row_index=11 text='Végrehajtás' rectangle={'left': 4, 'top': 374, 'right': 290, 'bottom': 402} topbar_like=False popup_like=True source_scope=main_window fragments=0
2026-08-25 22:57:45.369 | INFO     | winwatt_automation.runtime_mapping.program_mapper:_build_menu_rows_from_popup_rows:1200 - DBG_WINWATT_NORMAL_MENU_ROW state=project_open top_menu=Ablak row_index=11 text='Végrehajtás' normalized_text=végrehajtás source_scope=main_window separator=False enabled_guess=True rectangle={'left': 4, 'top': 374, 'right': 290, 'bottom': 402} depth=1
2026-08-25 22:57:45.369 | INFO     | winwatt_automation.runtime_mapping.program_mapper:_build_menu_rows_from_popup_rows:1244 - MENU_ROW_BUILD_SUMMARY state=project_open top_menu=Ablak input_rows=12 mapped_rows=12 placeholders=1 filtered_overlap=0 filtered_empty_non_actionable=0 rejected_foreign_rows=0 deduped_rows=0
2026-08-25 22:57:45.369 | INFO     | winwatt_automation.runtime_mapping.program_mapper:explore_menu_tree:3681 - ACTION_CATALOG_INPUT_SUMMARY state=project_open top_menu=Ablak depth=1 candidate_rows=12 placeholders=1 low_or_none_confidence=1 legacy_text_only=11 unknown_pending=0
2026-08-25 22:57:46.380 | INFO     | winwatt_automation.live_ui.menu_helpers:_menu_items:1101 - DBG_MENU_ITEMS_SUMMARY total_items=19 visible_items=19 topbar_band=(0, 0, 392, 402) topbar_band_visible_count=19 popup_region_visible_count=0 force_refresh=True handle=1248502
2026-08-25 22:57:46.546 | INFO     | winwatt_automation.live_ui.menu_helpers:list_top_menu_items:1141 - Top-level menu items (raw): ['Rendszer', 'Fájl', 'Jegyzékek', 'Eszközök', 'Beállítások', 'Ablak', 'Súgó']
2026-08-25 22:57:46.546 | INFO     | winwatt_automation.runtime_mapping.program_mapper:_evaluate_action_admission:1969 - ACTION_ADMISSION_REJECTED top_menu=Ablak path=['Ablak', 'Végrehajtás'] traversal_depth=1 reason=unknown_legacy_popup_noise_suppressed classification=unknown result_type=no_observable_effect placeholder=False text_confidence=medium raw_text_sources=['legacy_text'] skip_reason=None
2026-08-25 22:57:46.546 | INFO     | winwatt_automation.runtime_mapping.program_mapper:_evaluate_action_admission:1982 - ACTION_STRUCTURE_ONLY_ROW top_menu=Ablak path=['Ablak', 'Végrehajtás'] traversal_depth=1 reason=unknown_legacy_popup_noise_suppressed
2026-08-25 22:57:47.481 | INFO     | winwatt_automation.live_ui.menu_helpers:_menu_items:1101 - DBG_MENU_ITEMS_SUMMARY total_items=19 visible_items=19 topbar_band=(0, 0, 392, 402) topbar_band_visible_count=19 popup_region_visible_count=0 force_refresh=True handle=1248502
2026-08-25 22:57:47.642 | INFO     | winwatt_automation.live_ui.menu_helpers:list_top_menu_items:1141 - Top-level menu items (raw): ['Rendszer', 'Fájl', 'Jegyzékek', 'Eszközök', 'Beállítások', 'Ablak', 'Súgó']
2026-08-25 22:57:47.642 | INFO     | winwatt_automation.runtime_mapping.program_mapper:_evaluate_action_admission:1969 - ACTION_ADMISSION_REJECTED top_menu=Ablak path=['Ablak', '[unlabeled row 2]'] traversal_depth=1 reason=disabled_menu_item classification=unknown result_type=no_observable_effect placeholder=True text_confidence=none raw_text_sources=[] skip_reason=None
2026-08-25 22:57:47.642 | INFO     | winwatt_automation.runtime_mapping.program_mapper:_evaluate_action_admission:1982 - ACTION_STRUCTURE_ONLY_ROW top_menu=Ablak path=['Ablak', '[unlabeled row 2]'] traversal_depth=1 reason=disabled_menu_item
2026-08-25 22:57:47.818 | INFO     | winwatt_automation.live_ui.app_connector:is_winwatt_foreground_context:1134 - DBG_WINWATT_FOREGROUND_CONTEXT expected_handle=1248502 expected_process_id=22088 expected_title=WinWatt gólya - C:\Users\Admin\Documents\GitHub\autowinwatt\winwatt_automation\tests\testwwp.wwp expected_class_name=TMainForm actual_foreground_handle=1248502 actual_foreground_process_id=22088 actual_foreground_title=WinWatt gólya - C:\Users\Admin\Documents\GitHub\autowinwatt\winwatt_automation\tests\testwwp.wwp actual_foreground_class_name=TMainForm allow_dialog=True result_reason=handle_match
2026-08-25 22:57:47.818 | INFO     | winwatt_automation.live_ui.app_connector:_cached_window_health_status:489 - DBG_WINWATT_CACHE_HEALTH reason_code=healthy payload={'wrapper_type': 'UIAWrapper', 'handle': 1248502, 'process_id': 22088, 'title': 'WinWatt gólya - C:\\Users\\Admin\\Documents\\GitHub\\autowinwatt\\winwatt_automation\\tests\\testwwp.wwp', 'class_name': 'TMainForm', 'control_type': 'Window'}
2026-08-25 22:57:48.620 | INFO     | winwatt_automation.live_ui.menu_helpers:_menu_items:1101 - DBG_MENU_ITEMS_SUMMARY total_items=19 visible_items=19 topbar_band=(0, 0, 392, 402) topbar_band_visible_count=19 popup_region_visible_count=0 force_refresh=True handle=1248502
2026-08-25 22:57:48.770 | INFO     | winwatt_automation.live_ui.menu_helpers:list_top_menu_items:1141 - Top-level menu items (raw): ['Rendszer', 'Fájl', 'Jegyzékek', 'Eszközök', 'Beállítások', 'Ablak', 'Súgó']
2026-08-25 22:57:48.770 | INFO     | winwatt_automation.runtime_mapping.program_mapper:_evaluate_action_admission:1969 - ACTION_ADMISSION_REJECTED top_menu=Ablak path=['Ablak', 'Megnyitás'] traversal_depth=1 reason=unknown_legacy_popup_noise_suppressed classification=unknown result_type=no_observable_effect placeholder=False text_confidence=medium raw_text_sources=['legacy_text'] skip_reason=None
2026-08-25 22:57:48.770 | INFO     | winwatt_automation.runtime_mapping.program_mapper:_evaluate_action_admission:1982 - ACTION_STRUCTURE_ONLY_ROW top_menu=Ablak path=['Ablak', 'Megnyitás'] traversal_depth=1 reason=unknown_legacy_popup_noise_suppressed
2026-08-25 22:57:48.770 | INFO     | winwatt_automation.runtime_mapping.program_mapper:_log_phase_timing:279 - DBG_PHASE_TIMING phase=subtree_traversal elapsed_ms=3406.000 state_id=project_open top_menu=Ablak depth=1 rows=12 nodes=3 actions=3
2026-08-25 22:57:48.770 | INFO     | winwatt_automation.runtime_mapping.program_mapper:explore_menu_tree:4191 - ACTION_CATALOG_OUTPUT_SUMMARY state=project_open top_menu=Ablak depth=1 candidate_rows=12 probed_rows=0 admitted_after_probe=0 admitted_actions=0 still_structure_only=3 suppressed_unknown=0 placeholders_retained=1
2026-08-25 22:57:48.770 | INFO     | winwatt_automation.runtime_mapping.program_mapper:map_runtime_state:4349 - MAP_RUNTIME_STATE_MENU_RESULT state_id=project_open top_menu=Ablak rows=12 nodes=3 actions=3 dialogs=0 windows=0 catalog=0
2026-08-25 22:57:48.770 | INFO     | winwatt_automation.live_ui.app_connector:is_winwatt_foreground_context:1134 - DBG_WINWATT_FOREGROUND_CONTEXT expected_handle=1248502 expected_process_id=22088 expected_title=WinWatt gólya - C:\Users\Admin\Documents\GitHub\autowinwatt\winwatt_automation\tests\testwwp.wwp expected_class_name=TMainForm actual_foreground_handle=1248502 actual_foreground_process_id=22088 actual_foreground_title=WinWatt gólya - C:\Users\Admin\Documents\GitHub\autowinwatt\winwatt_automation\tests\testwwp.wwp actual_foreground_class_name=TMainForm allow_dialog=True result_reason=handle_match
2026-08-25 22:57:48.770 | INFO     | winwatt_automation.runtime_mapping.program_mapper:explore_menu_tree:3548 - POPUP_REUSE_REJECTED state=project_open top_menu=Súgó normalized_parent=('súgó',) popup_state_path=('ablak',) reason=state_path_mismatch
2026-08-25 22:57:49.276 | INFO     | winwatt_automation.live_ui.menu_helpers:_menu_items:1101 - DBG_MENU_ITEMS_SUMMARY total_items=19 visible_items=19 topbar_band=(0, 0, 392, 402) topbar_band_visible_count=19 popup_region_visible_count=0 force_refresh=False handle=1248502
2026-08-25 22:57:49.292 | INFO     | winwatt_automation.live_ui.menu_helpers:_menu_row_from_wrapper:1545 - TEXT_EXTRACTION_FALLBACK_USED source=legacy_text confidence=medium rect={'left': 4, 'top': 56, 'right': 290, 'bottom': 84}
2026-08-25 22:57:49.308 | INFO     | winwatt_automation.live_ui.menu_helpers:_menu_row_from_wrapper:1545 - TEXT_EXTRACTION_FALLBACK_USED source=legacy_text confidence=medium rect={'left': 4, 'top': 84, 'right': 290, 'bottom': 112}
2026-08-25 22:57:49.308 | WARNING  | winwatt_automation.live_ui.menu_helpers:_menu_row_from_wrapper:1547 - TEXT_EXTRACTION_FAILED source_scope=main_window rect={'left': 4, 'top': 111, 'right': 290, 'bottom': 139}
2026-08-25 22:57:49.324 | INFO     | winwatt_automation.live_ui.menu_helpers:_menu_row_from_wrapper:1545 - TEXT_EXTRACTION_FALLBACK_USED source=legacy_text confidence=medium rect={'left': 4, 'top': 139, 'right': 290, 'bottom': 167}
2026-08-25 22:57:49.324 | INFO     | winwatt_automation.live_ui.menu_helpers:_menu_row_from_wrapper:1545 - TEXT_EXTRACTION_FALLBACK_USED source=legacy_text confidence=medium rect={'left': 4, 'top': 166, 'right': 290, 'bottom': 194}
2026-08-25 22:57:49.340 | INFO     | winwatt_automation.live_ui.menu_helpers:_menu_row_from_wrapper:1545 - TEXT_EXTRACTION_FALLBACK_USED source=legacy_text confidence=medium rect={'left': 4, 'top': 194, 'right': 290, 'bottom': 222}
2026-08-25 22:57:49.356 | INFO     | winwatt_automation.live_ui.menu_helpers:_menu_row_from_wrapper:1545 - TEXT_EXTRACTION_FALLBACK_USED source=legacy_text confidence=medium rect={'left': 4, 'top': 221, 'right': 290, 'bottom': 249}
2026-08-25 22:57:49.356 | INFO     | winwatt_automation.live_ui.menu_helpers:_menu_row_from_wrapper:1545 - TEXT_EXTRACTION_FALLBACK_USED source=legacy_text confidence=medium rect={'left': 4, 'top': 249, 'right': 290, 'bottom': 277}
2026-08-25 22:57:49.372 | INFO     | winwatt_automation.live_ui.menu_helpers:_menu_row_from_wrapper:1545 - TEXT_EXTRACTION_FALLBACK_USED source=legacy_text confidence=medium rect={'left': 4, 'top': 284, 'right': 290, 'bottom': 312}
2026-08-25 22:57:49.388 | INFO     | winwatt_automation.live_ui.menu_helpers:_menu_row_from_wrapper:1545 - TEXT_EXTRACTION_FALLBACK_USED source=legacy_text confidence=medium rect={'left': 4, 'top': 311, 'right': 290, 'bottom': 339}
2026-08-25 22:57:49.388 | INFO     | winwatt_automation.live_ui.menu_helpers:_menu_row_from_wrapper:1545 - TEXT_EXTRACTION_FALLBACK_USED source=legacy_text confidence=medium rect={'left': 4, 'top': 339, 'right': 290, 'bottom': 367}
2026-08-25 22:57:49.404 | INFO     | winwatt_automation.live_ui.menu_helpers:_menu_row_from_wrapper:1545 - TEXT_EXTRACTION_FALLBACK_USED source=legacy_text confidence=medium rect={'left': 4, 'top': 374, 'right': 290, 'bottom': 402}
2026-08-25 22:57:49.578 | INFO     | winwatt_automation.live_ui.menu_helpers:capture_menu_popup_snapshot:1724 - POPUP_SNAPSHOT_SUMMARY main_window_fragments=19 global_scan_fragments=0 deduped_fragments=19 topbar_like=6 popup_like=12 empty_text=1 topbar_band=(0, 29, 392, 53) empty_text_vertical_cluster_detected=False accepted_popup_rows=0 popup_heuristic=candidate_count_below_threshold
2026-08-25 22:57:50.868 | INFO     | winwatt_automation.live_ui.menu_helpers:_menu_items:1101 - DBG_MENU_ITEMS_SUMMARY total_items=19 visible_items=19 topbar_band=(0, 0, 392, 402) topbar_band_visible_count=19 popup_region_visible_count=0 force_refresh=True handle=1248502
2026-08-25 22:57:50.997 | INFO     | winwatt_automation.live_ui.menu_helpers:_remember_topbar_parent_comerror:174 - TOPBAR_PARENT_COMERROR_FALLBACK context=top_level_menu_items wrapper_name='' control_type= class_name= rectangle=(0, 0, 0, 0) error_type=COMError error="(-2147220991, 'Az esemény nem tudott meghívni előfizetőt', (None, None, None, 0, None))"
2026-08-25 22:57:51.004 | INFO     | winwatt_automation.live_ui.menu_helpers:_remember_topbar_parent_comerror:174 - TOPBAR_PARENT_COMERROR_FALLBACK context=top_level_menu_items wrapper_name='' control_type= class_name= rectangle=(0, 0, 0, 0) error_type=COMError error="(-2147220991, 'Az esemény nem tudott meghívni előfizetőt', (None, None, None, 0, None))"
2026-08-25 22:57:51.004 | INFO     | winwatt_automation.live_ui.menu_helpers:_remember_topbar_parent_comerror:174 - TOPBAR_PARENT_COMERROR_FALLBACK context=top_level_menu_items wrapper_name='' control_type= class_name= rectangle=(0, 0, 0, 0) error_type=COMError error="(-2147220991, 'Az esemény nem tudott meghívni előfizetőt', (None, None, None, 0, None))"
2026-08-25 22:57:51.087 | INFO     | winwatt_automation.live_ui.menu_helpers:_top_level_menu_items_with_meta_from_items:238 - TOPBAR_GEOMETRY_FALLBACK_USED context=top_level_menu_items items=6 named_candidates=5 parent_comerror_count=3
2026-08-25 22:57:51.093 | INFO     | winwatt_automation.live_ui.menu_helpers:list_top_menu_items:1141 - Top-level menu items (raw): ['Rendszer', 'Fájl', 'Jegyzékek', 'Eszközök', 'Beállítások', 'Ablak', 'Súgó']
2026-08-25 22:57:51.094 | INFO     | winwatt_automation.runtime_mapping.program_mapper:explore_menu_tree:3571 - RECENT_PROJECT_BLOCK_SUMMARY state=project_open top_menu=Súgó attempt=0 popup_block_classification=normal_popup recent_projects_block=False stateful_menu_block=False accepted_rows=12 filtered_rows=12
2026-08-25 22:57:51.095 | INFO     | winwatt_automation.runtime_mapping.program_mapper:explore_menu_tree:3572 - DBG_REUSING_OPEN_POPUP_SNAPSHOT state=project_open top_menu=Súgó row_count=19 popup_like_count=12 topbar_like_count=6 normalized_parent=('súgó',) popup_state_path=('ablak',)
2026-08-25 22:57:51.095 | INFO     | winwatt_automation.runtime_mapping.program_mapper:explore_menu_tree:3582 - DBG_WINWATT_NORMAL_MENU_POPUP_ROWS_ACCEPTED state=project_open top_menu=Súgó attempt=0 accepted_row_count=12
2026-08-25 22:57:51.095 | INFO     | winwatt_automation.runtime_mapping.program_mapper:_build_menu_rows_from_popup_rows:1040 - DBG_MENU_BUILD_INPUT_ROW state=project_open top_menu=Súgó row_index=0 text='Végrehajtás' rectangle={'left': 4, 'top': 56, 'right': 290, 'bottom': 84} topbar_like=False popup_like=True source_scope=main_window fragments=0
2026-08-25 22:57:51.095 | INFO     | winwatt_automation.runtime_mapping.program_mapper:_build_menu_rows_from_popup_rows:1200 - DBG_WINWATT_NORMAL_MENU_ROW state=project_open top_menu=Súgó row_index=0 text='Végrehajtás' normalized_text=végrehajtás source_scope=main_window separator=False enabled_guess=True rectangle={'left': 4, 'top': 56, 'right': 290, 'bottom': 84} depth=1
2026-08-25 22:57:51.095 | INFO     | winwatt_automation.runtime_mapping.program_mapper:_build_menu_rows_from_popup_rows:1040 - DBG_MENU_BUILD_INPUT_ROW state=project_open top_menu=Súgó row_index=1 text='Végrehajtás' rectangle={'left': 4, 'top': 84, 'right': 290, 'bottom': 112} topbar_like=False popup_like=True source_scope=main_window fragments=0
2026-08-25 22:57:51.096 | INFO     | winwatt_automation.runtime_mapping.program_mapper:_build_menu_rows_from_popup_rows:1200 - DBG_WINWATT_NORMAL_MENU_ROW state=project_open top_menu=Súgó row_index=1 text='Végrehajtás' normalized_text=végrehajtás source_scope=main_window separator=False enabled_guess=True rectangle={'left': 4, 'top': 84, 'right': 290, 'bottom': 112} depth=1
2026-08-25 22:57:51.096 | INFO     | winwatt_automation.runtime_mapping.program_mapper:_build_menu_rows_from_popup_rows:1040 - DBG_MENU_BUILD_INPUT_ROW state=project_open top_menu=Súgó row_index=2 text='' rectangle={'left': 4, 'top': 111, 'right': 290, 'bottom': 139} topbar_like=False popup_like=True source_scope=main_window fragments=0
2026-08-25 22:57:51.096 | WARNING  | winwatt_automation.runtime_mapping.program_mapper:_resolve_row_text_with_fallback:687 - TEXT_EXTRACTION_FAILED row_index=2 source_scope=main_window fragment_count=0 rectangle={'left': 4, 'top': 111, 'right': 290, 'bottom': 139}
2026-08-25 22:57:51.096 | INFO     | winwatt_automation.runtime_mapping.program_mapper:_build_menu_rows_from_popup_rows:1100 - DBG_WINWATT_EMPTY_NORMALIZED_MENU_TITLE row_index=2 raw_text= normalized_text= is_separator=False source_scope=main_window control_type=MenuItem class_name= rectangle={'left': 4, 'top': 111, 'right': 290, 'bottom': 139} fragment_count=0 fragment_texts=[]
2026-08-25 22:57:51.097 | INFO     | winwatt_automation.runtime_mapping.program_mapper:_build_menu_rows_from_popup_rows:1145 - REPLACED_EMPTY_POPUP_ROW_WITH_PLACEHOLDER row_index=02
2026-08-25 22:57:51.098 | INFO     | winwatt_automation.runtime_mapping.program_mapper:_build_menu_rows_from_popup_rows:1149 - GEOM_PLACEHOLDER_CREATED row_index=02 rect={'left': 4, 'top': 111, 'right': 290, 'bottom': 139} popup_reason=below_topbar_band
2026-08-25 22:57:51.098 | INFO     | winwatt_automation.runtime_mapping.program_mapper:_build_menu_rows_from_popup_rows:1200 - DBG_WINWATT_NORMAL_MENU_ROW state=project_open top_menu=Súgó row_index=2 text='[unlabeled row 2]' normalized_text=[unlabeled row 2] source_scope=main_window separator=False enabled_guess=False rectangle={'left': 4, 'top': 111, 'right': 290, 'bottom': 139} depth=1
2026-08-25 22:57:51.098 | INFO     | winwatt_automation.runtime_mapping.program_mapper:_build_menu_rows_from_popup_rows:1040 - DBG_MENU_BUILD_INPUT_ROW state=project_open top_menu=Súgó row_index=3 text='Végrehajtás' rectangle={'left': 4, 'top': 139, 'right': 290, 'bottom': 167} topbar_like=False popup_like=True source_scope=main_window fragments=0
2026-08-25 22:57:51.098 | INFO     | winwatt_automation.runtime_mapping.program_mapper:_build_menu_rows_from_popup_rows:1200 - DBG_WINWATT_NORMAL_MENU_ROW state=project_open top_menu=Súgó row_index=3 text='Végrehajtás' normalized_text=végrehajtás source_scope=main_window separator=False enabled_guess=True rectangle={'left': 4, 'top': 139, 'right': 290, 'bottom': 167} depth=1
2026-08-25 22:57:51.098 | INFO     | winwatt_automation.runtime_mapping.program_mapper:_build_menu_rows_from_popup_rows:1040 - DBG_MENU_BUILD_INPUT_ROW state=project_open top_menu=Súgó row_index=4 text='Végrehajtás' rectangle={'left': 4, 'top': 166, 'right': 290, 'bottom': 194} topbar_like=False popup_like=True source_scope=main_window fragments=0
2026-08-25 22:57:51.098 | INFO     | winwatt_automation.runtime_mapping.program_mapper:_build_menu_rows_from_popup_rows:1200 - DBG_WINWATT_NORMAL_MENU_ROW state=project_open top_menu=Súgó row_index=4 text='Végrehajtás' normalized_text=végrehajtás source_scope=main_window separator=False enabled_guess=True rectangle={'left': 4, 'top': 166, 'right': 290, 'bottom': 194} depth=1
2026-08-25 22:57:51.098 | INFO     | winwatt_automation.runtime_mapping.program_mapper:_build_menu_rows_from_popup_rows:1040 - DBG_MENU_BUILD_INPUT_ROW state=project_open top_menu=Súgó row_index=5 text='Végrehajtás' rectangle={'left': 4, 'top': 194, 'right': 290, 'bottom': 222} topbar_like=False popup_like=True source_scope=main_window fragments=0
2026-08-25 22:57:51.098 | INFO     | winwatt_automation.runtime_mapping.program_mapper:_build_menu_rows_from_popup_rows:1200 - DBG_WINWATT_NORMAL_MENU_ROW state=project_open top_menu=Súgó row_index=5 text='Végrehajtás' normalized_text=végrehajtás source_scope=main_window separator=False enabled_guess=True rectangle={'left': 4, 'top': 194, 'right': 290, 'bottom': 222} depth=1
2026-08-25 22:57:51.100 | INFO     | winwatt_automation.runtime_mapping.program_mapper:_build_menu_rows_from_popup_rows:1040 - DBG_MENU_BUILD_INPUT_ROW state=project_open top_menu=Súgó row_index=6 text='Végrehajtás' rectangle={'left': 4, 'top': 221, 'right': 290, 'bottom': 249} topbar_like=False popup_like=True source_scope=main_window fragments=0
2026-08-25 22:57:51.100 | INFO     | winwatt_automation.runtime_mapping.program_mapper:_build_menu_rows_from_popup_rows:1200 - DBG_WINWATT_NORMAL_MENU_ROW state=project_open top_menu=Súgó row_index=6 text='Végrehajtás' normalized_text=végrehajtás source_scope=main_window separator=False enabled_guess=True rectangle={'left': 4, 'top': 221, 'right': 290, 'bottom': 249} depth=1
2026-08-25 22:57:51.100 | INFO     | winwatt_automation.runtime_mapping.program_mapper:_build_menu_rows_from_popup_rows:1040 - DBG_MENU_BUILD_INPUT_ROW state=project_open top_menu=Súgó row_index=7 text='Végrehajtás' rectangle={'left': 4, 'top': 249, 'right': 290, 'bottom': 277} topbar_like=False popup_like=True source_scope=main_window fragments=0
2026-08-25 22:57:51.100 | INFO     | winwatt_automation.runtime_mapping.program_mapper:_build_menu_rows_from_popup_rows:1200 - DBG_WINWATT_NORMAL_MENU_ROW state=project_open top_menu=Súgó row_index=7 text='Végrehajtás' normalized_text=végrehajtás source_scope=main_window separator=False enabled_guess=True rectangle={'left': 4, 'top': 249, 'right': 290, 'bottom': 277} depth=1
2026-08-25 22:57:51.100 | INFO     | winwatt_automation.runtime_mapping.program_mapper:_build_menu_rows_from_popup_rows:1040 - DBG_MENU_BUILD_INPUT_ROW state=project_open top_menu=Súgó row_index=8 text='Megnyitás' rectangle={'left': 4, 'top': 284, 'right': 290, 'bottom': 312} topbar_like=False popup_like=True source_scope=main_window fragments=0
2026-08-25 22:57:51.100 | INFO     | winwatt_automation.runtime_mapping.program_mapper:_build_menu_rows_from_popup_rows:1200 - DBG_WINWATT_NORMAL_MENU_ROW state=project_open top_menu=Súgó row_index=8 text='Megnyitás' normalized_text=megnyitás source_scope=main_window separator=False enabled_guess=True rectangle={'left': 4, 'top': 284, 'right': 290, 'bottom': 312} depth=1
2026-08-25 22:57:51.100 | INFO     | winwatt_automation.runtime_mapping.program_mapper:_build_menu_rows_from_popup_rows:1040 - DBG_MENU_BUILD_INPUT_ROW state=project_open top_menu=Súgó row_index=9 text='Végrehajtás' rectangle={'left': 4, 'top': 311, 'right': 290, 'bottom': 339} topbar_like=False popup_like=True source_scope=main_window fragments=0
2026-08-25 22:57:51.100 | INFO     | winwatt_automation.runtime_mapping.program_mapper:_build_menu_rows_from_popup_rows:1200 - DBG_WINWATT_NORMAL_MENU_ROW state=project_open top_menu=Súgó row_index=9 text='Végrehajtás' normalized_text=végrehajtás source_scope=main_window separator=False enabled_guess=True rectangle={'left': 4, 'top': 311, 'right': 290, 'bottom': 339} depth=1
2026-08-25 22:57:51.100 | INFO     | winwatt_automation.runtime_mapping.program_mapper:_build_menu_rows_from_popup_rows:1040 - DBG_MENU_BUILD_INPUT_ROW state=project_open top_menu=Súgó row_index=10 text='Végrehajtás' rectangle={'left': 4, 'top': 339, 'right': 290, 'bottom': 367} topbar_like=False popup_like=True source_scope=main_window fragments=0
2026-08-25 22:57:51.100 | INFO     | winwatt_automation.runtime_mapping.program_mapper:_build_menu_rows_from_popup_rows:1200 - DBG_WINWATT_NORMAL_MENU_ROW state=project_open top_menu=Súgó row_index=10 text='Végrehajtás' normalized_text=végrehajtás source_scope=main_window separator=False enabled_guess=True rectangle={'left': 4, 'top': 339, 'right': 290, 'bottom': 367} depth=1
2026-08-25 22:57:51.100 | INFO     | winwatt_automation.runtime_mapping.program_mapper:_build_menu_rows_from_popup_rows:1040 - DBG_MENU_BUILD_INPUT_ROW state=project_open top_menu=Súgó row_index=11 text='Végrehajtás' rectangle={'left': 4, 'top': 374, 'right': 290, 'bottom': 402} topbar_like=False popup_like=True source_scope=main_window fragments=0
2026-08-25 22:57:51.100 | INFO     | winwatt_automation.runtime_mapping.program_mapper:_build_menu_rows_from_popup_rows:1200 - DBG_WINWATT_NORMAL_MENU_ROW state=project_open top_menu=Súgó row_index=11 text='Végrehajtás' normalized_text=végrehajtás source_scope=main_window separator=False enabled_guess=True rectangle={'left': 4, 'top': 374, 'right': 290, 'bottom': 402} depth=1
2026-08-25 22:57:51.100 | INFO     | winwatt_automation.runtime_mapping.program_mapper:_build_menu_rows_from_popup_rows:1244 - MENU_ROW_BUILD_SUMMARY state=project_open top_menu=Súgó input_rows=12 mapped_rows=12 placeholders=1 filtered_overlap=0 filtered_empty_non_actionable=0 rejected_foreign_rows=0 deduped_rows=0
2026-08-25 22:57:51.100 | INFO     | winwatt_automation.runtime_mapping.program_mapper:explore_menu_tree:3681 - ACTION_CATALOG_INPUT_SUMMARY state=project_open top_menu=Súgó depth=1 candidate_rows=12 placeholders=1 low_or_none_confidence=1 legacy_text_only=11 unknown_pending=0
2026-08-25 22:57:51.901 | INFO     | winwatt_automation.live_ui.menu_helpers:_menu_items:1101 - DBG_MENU_ITEMS_SUMMARY total_items=7 visible_items=7 topbar_band=(0, 0, 392, 53) topbar_band_visible_count=7 popup_region_visible_count=0 force_refresh=True handle=1248502
2026-08-25 22:57:51.981 | INFO     | winwatt_automation.live_ui.menu_helpers:list_top_menu_items:1141 - Top-level menu items (raw): ['Rendszer', 'Fájl', 'Jegyzékek', 'Eszközök', 'Beállítások', 'Ablak', 'Súgó']
2026-08-25 22:57:51.981 | INFO     | winwatt_automation.runtime_mapping.program_mapper:_evaluate_action_admission:1969 - ACTION_ADMISSION_REJECTED top_menu=Súgó path=['Súgó', 'Végrehajtás'] traversal_depth=1 reason=unknown_legacy_popup_noise_suppressed classification=unknown result_type=no_observable_effect placeholder=False text_confidence=medium raw_text_sources=['legacy_text'] skip_reason=None
2026-08-25 22:57:51.981 | INFO     | winwatt_automation.runtime_mapping.program_mapper:_evaluate_action_admission:1982 - ACTION_STRUCTURE_ONLY_ROW top_menu=Súgó path=['Súgó', 'Végrehajtás'] traversal_depth=1 reason=unknown_legacy_popup_noise_suppressed
2026-08-25 22:57:52.887 | INFO     | winwatt_automation.live_ui.menu_helpers:_menu_items:1101 - DBG_MENU_ITEMS_SUMMARY total_items=7 visible_items=7 topbar_band=(0, 0, 392, 53) topbar_band_visible_count=7 popup_region_visible_count=0 force_refresh=True handle=1248502
2026-08-25 22:57:52.950 | INFO     | winwatt_automation.live_ui.menu_helpers:list_top_menu_items:1141 - Top-level menu items (raw): ['Rendszer', 'Fájl', 'Jegyzékek', 'Eszközök', 'Beállítások', 'Ablak', 'Súgó']
2026-08-25 22:57:52.950 | INFO     | winwatt_automation.runtime_mapping.program_mapper:_evaluate_action_admission:1969 - ACTION_ADMISSION_REJECTED top_menu=Súgó path=['Súgó', '[unlabeled row 2]'] traversal_depth=1 reason=disabled_menu_item classification=unknown result_type=no_observable_effect placeholder=True text_confidence=none raw_text_sources=[] skip_reason=None
2026-08-25 22:57:52.950 | INFO     | winwatt_automation.runtime_mapping.program_mapper:_evaluate_action_admission:1982 - ACTION_STRUCTURE_ONLY_ROW top_menu=Súgó path=['Súgó', '[unlabeled row 2]'] traversal_depth=1 reason=disabled_menu_item
2026-08-25 22:57:53.666 | INFO     | winwatt_automation.live_ui.menu_helpers:_menu_items:1101 - DBG_MENU_ITEMS_SUMMARY total_items=7 visible_items=7 topbar_band=(0, 0, 392, 53) topbar_band_visible_count=7 popup_region_visible_count=0 force_refresh=True handle=1248502
2026-08-25 22:57:53.755 | INFO     | winwatt_automation.live_ui.menu_helpers:list_top_menu_items:1141 - Top-level menu items (raw): ['Rendszer', 'Fájl', 'Jegyzékek', 'Eszközök', 'Beállítások', 'Ablak', 'Súgó']
2026-08-25 22:57:53.756 | INFO     | winwatt_automation.runtime_mapping.program_mapper:_evaluate_action_admission:1969 - ACTION_ADMISSION_REJECTED top_menu=Súgó path=['Súgó', 'Megnyitás'] traversal_depth=1 reason=unknown_legacy_popup_noise_suppressed classification=unknown result_type=no_observable_effect placeholder=False text_confidence=medium raw_text_sources=['legacy_text'] skip_reason=None
2026-08-25 22:57:53.757 | INFO     | winwatt_automation.runtime_mapping.program_mapper:_evaluate_action_admission:1982 - ACTION_STRUCTURE_ONLY_ROW top_menu=Súgó path=['Súgó', 'Megnyitás'] traversal_depth=1 reason=unknown_legacy_popup_noise_suppressed
2026-08-25 22:57:53.757 | INFO     | winwatt_automation.runtime_mapping.program_mapper:_log_phase_timing:279 - DBG_PHASE_TIMING phase=subtree_traversal elapsed_ms=2657.000 state_id=project_open top_menu=Súgó depth=1 rows=12 nodes=3 actions=3
2026-08-25 22:57:53.757 | INFO     | winwatt_automation.runtime_mapping.program_mapper:explore_menu_tree:4191 - ACTION_CATALOG_OUTPUT_SUMMARY state=project_open top_menu=Súgó depth=1 candidate_rows=12 probed_rows=0 admitted_after_probe=0 admitted_actions=0 still_structure_only=3 suppressed_unknown=0 placeholders_retained=1
2026-08-25 22:57:53.757 | INFO     | winwatt_automation.runtime_mapping.program_mapper:map_runtime_state:4349 - MAP_RUNTIME_STATE_MENU_RESULT state_id=project_open top_menu=Súgó rows=12 nodes=3 actions=3 dialogs=0 windows=0 catalog=0
2026-08-25 22:57:53.794 | INFO     | winwatt_automation.live_ui.app_connector:is_winwatt_foreground_context:1134 - DBG_WINWATT_FOREGROUND_CONTEXT expected_handle=1248502 expected_process_id=22088 expected_title=WinWatt gólya - C:\Users\Admin\Documents\GitHub\autowinwatt\winwatt_automation\tests\testwwp.wwp expected_class_name=TMainForm actual_foreground_handle=66762 actual_foreground_process_id=9500 actual_foreground_title=Windows PowerShell actual_foreground_class_name=CASCADIA_HOSTING_WINDOW_CLASS allow_dialog=True result_reason=no_match
2026-08-25 22:57:53.794 | WARNING  | winwatt_automation.runtime_mapping.program_mapper:should_restore_clean_menu_baseline:946 - baseline_restore_needed state=project_open stage=after:Súgó reason=focus_lost
2026-08-25 22:57:53.794 | INFO     | winwatt_automation.live_ui.app_connector:ensure_main_window_foreground_before_click:1190 - DBG_WINWATT_FOCUS_GUARD_PRECHECK action_label=baseline_restore:project_open:after:Súgó wrapper_type=UIAWrapper cached_handle=1248502 cached_pid=22088 cached_title=WinWatt gólya - C:\Users\Admin\Documents\GitHub\autowinwatt\winwatt_automation\tests\testwwp.wwp cached_class=TMainForm precheck_exists=False precheck_visible=True precheck_enabled=True rect={'left': -10, 'top': -10, 'right': 1930, 'bottom': 1030, 'width': 1940, 'height': 1040}
2026-08-25 22:57:53.794 | WARNING  | winwatt_automation.live_ui.app_connector:ensure_main_window_foreground_before_click:1252 - DBG_WINWATT_FOCUS_GUARD_SOFT_CONTINUE action_label=baseline_restore:project_open:after:Súgó reason=exists_false_but_identity_strong wrapper_type=UIAWrapper identity_reasons=['handle', 'process_id', 'title', 'class_name', 'rect', 'visible', 'enabled'] cached_identity={'wrapper_type': 'UIAWrapper', 'handle': 1248502, 'process_id': 22088, 'title': 'WinWatt gólya - C:\\Users\\Admin\\Documents\\GitHub\\autowinwatt\\winwatt_automation\\tests\\testwwp.wwp', 'class_name': 'TMainForm', 'control_type': 'Window'} rect={'left': -10, 'top': -10, 'right': 1930, 'bottom': 1030, 'width': 1940, 'height': 1040}
2026-08-25 22:57:53.794 | INFO     | winwatt_automation.live_ui.app_connector:is_winwatt_foreground_context:1134 - DBG_WINWATT_FOREGROUND_CONTEXT expected_handle=1248502 expected_process_id=22088 expected_title=WinWatt gólya - C:\Users\Admin\Documents\GitHub\autowinwatt\winwatt_automation\tests\testwwp.wwp expected_class_name=TMainForm actual_foreground_handle=66762 actual_foreground_process_id=9500 actual_foreground_title=Windows PowerShell actual_foreground_class_name=CASCADIA_HOSTING_WINDOW_CLASS allow_dialog=False result_reason=no_match
2026-08-25 22:57:53.794 | INFO     | winwatt_automation.live_ui.app_connector:ensure_main_window_foreground_before_click:1361 - DBG_WINWATT_FOCUS_GUARD_REFOCUS_ATTEMPT action_label=baseline_restore:project_open:after:Súgó exists=False probationary_allowed=True strong_identity=True identity_reasons=['handle', 'process_id', 'title', 'class_name', 'rect', 'visible', 'enabled']
2026-08-25 22:57:53.967 | INFO     | winwatt_automation.live_ui.app_connector:is_winwatt_foreground_context:1134 - DBG_WINWATT_FOREGROUND_CONTEXT expected_handle=1248502 expected_process_id=22088 expected_title=WinWatt gólya - C:\Users\Admin\Documents\GitHub\autowinwatt\winwatt_automation\tests\testwwp.wwp expected_class_name=TMainForm actual_foreground_handle=1248502 actual_foreground_process_id=22088 actual_foreground_title=WinWatt gólya - C:\Users\Admin\Documents\GitHub\autowinwatt\winwatt_automation\tests\testwwp.wwp actual_foreground_class_name=TMainForm allow_dialog=False result_reason=handle_match
2026-08-25 22:57:53.967 | INFO     | winwatt_automation.live_ui.app_connector:ensure_main_window_foreground_before_click:1351 - DBG_WINWATT_FOCUS_GUARD_RESULT action_label=baseline_restore:project_open:after:Súgó status=focus_ok reason=handle_match foreground={'handle': 1248502, 'title': 'WinWatt gólya - C:\\Users\\Admin\\Documents\\GitHub\\autowinwatt\\winwatt_automation\\tests\\testwwp.wwp', 'class_name': 'TMainForm', 'process_id': 22088} same_context_as_cached_main=True win32_uia_identity_match=True
2026-08-25 22:57:54.930 | INFO     | winwatt_automation.live_ui.menu_helpers:_menu_items:1101 - DBG_MENU_ITEMS_SUMMARY total_items=7 visible_items=7 topbar_band=(181, 106, 574, 159) topbar_band_visible_count=7 popup_region_visible_count=0 force_refresh=False handle=1248502
2026-08-25 22:57:54.948 | INFO     | winwatt_automation.live_ui.menu_helpers:capture_menu_popup_snapshot:1724 - POPUP_SNAPSHOT_SUMMARY main_window_fragments=7 global_scan_fragments=0 deduped_fragments=7 topbar_like=6 popup_like=0 empty_text=0 topbar_band=(181, 135, 574, 159) empty_text_vertical_cluster_detected=False accepted_popup_rows=0 popup_heuristic=candidate_count_below_threshold
2026-08-25 22:57:55.071 | INFO     | winwatt_automation.live_ui.menu_helpers:_menu_items:1101 - DBG_MENU_ITEMS_SUMMARY total_items=7 visible_items=7 topbar_band=(181, 106, 574, 159) topbar_band_visible_count=7 popup_region_visible_count=0 force_refresh=False handle=1248502
2026-08-25 22:57:55.158 | INFO     | winwatt_automation.live_ui.menu_helpers:capture_menu_popup_snapshot:1724 - POPUP_SNAPSHOT_SUMMARY main_window_fragments=7 global_scan_fragments=0 deduped_fragments=7 topbar_like=6 popup_like=0 empty_text=0 topbar_band=(181, 135, 574, 159) empty_text_vertical_cluster_detected=False accepted_popup_rows=0 popup_heuristic=candidate_count_below_threshold
2026-08-25 22:57:55.550 | INFO     | winwatt_automation.live_ui.menu_helpers:_menu_items:1101 - DBG_MENU_ITEMS_SUMMARY total_items=7 visible_items=7 topbar_band=(181, 106, 574, 159) topbar_band_visible_count=7 popup_region_visible_count=0 force_refresh=False handle=1248502
2026-08-25 22:57:55.550 | INFO     | winwatt_automation.live_ui.menu_helpers:capture_menu_popup_snapshot:1724 - POPUP_SNAPSHOT_SUMMARY main_window_fragments=7 global_scan_fragments=0 deduped_fragments=7 topbar_like=6 popup_like=0 empty_text=0 topbar_band=(181, 135, 574, 159) empty_text_vertical_cluster_detected=False accepted_popup_rows=0 popup_heuristic=candidate_count_below_threshold
2026-08-25 22:57:55.732 | INFO     | winwatt_automation.live_ui.menu_helpers:_menu_items:1101 - DBG_MENU_ITEMS_SUMMARY total_items=7 visible_items=7 topbar_band=(181, 106, 574, 159) topbar_band_visible_count=7 popup_region_visible_count=0 force_refresh=False handle=1248502
2026-08-25 22:57:55.735 | INFO     | winwatt_automation.live_ui.menu_helpers:capture_menu_popup_snapshot:1724 - POPUP_SNAPSHOT_SUMMARY main_window_fragments=7 global_scan_fragments=0 deduped_fragments=7 topbar_like=6 popup_like=0 empty_text=0 topbar_band=(181, 135, 574, 159) empty_text_vertical_cluster_detected=False accepted_popup_rows=0 popup_heuristic=candidate_count_below_threshold
2026-08-25 22:57:55.735 | INFO     | winwatt_automation.runtime_mapping.program_mapper:map_runtime_state:4427 - MAP_RUNTIME_STATE_FINAL_COUNTS state_id=project_open retained_top_menus=['Fájl', 'Jegyzékek', 'Beállítások', 'Ablak', 'Súgó'] rows=60 actions=15 dialogs=0 windows=0 transitions=0 partial=False stop_reason=None
2026-08-25 22:57:55.748 | INFO     | winwatt_automation.runtime_mapping.program_mapper:_build_state_atlas_entry:2053 - STATE_ATLAS_ENTRY_CREATED state_id=project_open top_menus=5 rows=60 actions=0 transitions=0 top_menu_texts=['Fájl', 'Jegyzékek', 'Beállítások', 'Ablak', 'Súgó'] action_sample=[]
[event] state_mapped: {"actions": 15, "dialogs": 0, "state_id": "project_open", "top_menus": 5}
2026-08-25 22:57:55.784 | INFO     | winwatt_automation.runtime_mapping.program_mapper:_build_state_atlas_entry:2053 - STATE_ATLAS_ENTRY_CREATED state_id=no_project top_menus=6 rows=54 actions=0 transitions=0 top_menu_texts=['Fájl', 'Jegyzékek', 'Adatbázis', 'Beállítások', 'Ablak', 'Súgó'] action_sample=[]
2026-08-25 22:57:55.784 | INFO     | winwatt_automation.runtime_mapping.program_mapper:_build_state_atlas_entry:2053 - STATE_ATLAS_ENTRY_CREATED state_id=project_open top_menus=5 rows=60 actions=0 transitions=0 top_menu_texts=['Fájl', 'Jegyzékek', 'Beállítások', 'Ablak', 'Súgó'] action_sample=[]
[event] runtime_diff: {"enabled_changes": 0, "project_only_paths": 5, "summary": {"actions_only_in_a": 14, "actions_only_in_b": 5, "enabled_changes": 0, "project_only_paths": 5, "shared_top_menus": 5}}
[event] knowledge_verification: {"baseline_loaded": true, "coverage_pct": 100.0, "covered_known_menu_paths": 29, "current_menu_paths": 29, "known_menu_paths": 29, "missing_dialogs": [], "missing_menu_paths": [], "missing_windows": [], "new_dialogs": [], "new_menu_paths": [], "new_windows": []}
2026-08-25 22:57:55.820 | INFO     | winwatt_automation.live_ui.app_connector:log_cache_usage_summary:539 - CACHE_USAGE_SUMMARY reasons={'cache_missing_resolving_fresh': 29, 'cache_reused_without_validation': 302, 'cache_validated_ok': 2, 'fresh_resolve': 2} validation_age_summary={'count': 304, 'min_s': 0.0, 'max_s': 30.047} throttled_resolves=0
2026-08-25 22:57:55.820 | INFO     | winwatt_automation.live_ui.menu_helpers:log_popup_snapshot_summary:56 - POPUP_SNAPSHOT_SUMMARY snapshots=23 sources={'main_window': 317} dedupe={'kept': 317} topbar_like=138 popup_like=156 empty_text=31
2026-08-25 22:57:55.821 | INFO     | __main__:main:264 - Runtime mapping completed summary no_project_top_menus=6 project_open_top_menus=5 diff_summary={'shared_top_menus': 5, 'actions_only_in_a': 14, 'actions_only_in_b': 5, 'enabled_changes': 0, 'project_only_paths': 5} log_profile=concise
[event] runtime_mapping_summary: {"already_open_before_mapping": false, "diff_summary": {"actions_only_in_a": 14, "actions_only_in_b": 5, "enabled_changes": 0, "project_only_paths": 5, "shared_top_menus": 5}, "expected_project_path": "C:\\Users\\Admin\\Documents\\GitHub\\autowinwatt\\winwatt_automation\\tests\\testwwp.wwp", "no_project_top_menus": 6, "observed_project_path": "C:\\Users\\Admin\\Documents\\GitHub\\autowinwatt\\winwatt_automation\\tests\\testwwp.wwp", "path_match_normalized": true, "project_open_top_menus": 5, "project_open_verdict": "opened_by_this_attempt", "startup_project_detected": false}

finished_at=2026-08-25T20:57:55.822095+00:00 success=True exit_code=0
