2026-08-31 15:31:18.804 | INFO     | winwatt_automation.live_ui.app_connector:get_cached_main_window:597 - DBG_WINWATT_CACHE_GET reason_code=cache_missing_resolving_fresh diagnostic_fast_mode=False
2026-08-31 15:31:18.995 | DEBUG    | winwatt_automation.live_ui.app_connector:list_candidate_windows:180 - Discovered 0 WinWatt-like windows on backend=win32
2026-08-31 15:31:18.995 | INFO     | winwatt_automation.live_ui.app_connector:_connect_with_win32_handle:276 - DBG_WINWATT_CONNECT_WIN32_CANDIDATES locator=backend=win32 ranked_candidates=[] 
2026-08-31 15:31:18.995 | WARNING  | winwatt_automation.runtime_mapping.program_mapper:_safe_capture_snapshot:191 - snapshot_capture_failed state_id=startup_after_relaunch error=No WinWatt-like windows were found
2026-08-31 15:31:19.506 | INFO     | winwatt_automation.live_ui.app_connector:get_cached_main_window:597 - DBG_WINWATT_CACHE_GET reason_code=cache_missing_resolving_fresh diagnostic_fast_mode=False
2026-08-31 15:31:22.110 | DEBUG    | winwatt_automation.live_ui.app_connector:list_candidate_windows:180 - Discovered 0 WinWatt-like windows on backend=win32
2026-08-31 15:31:22.110 | INFO     | winwatt_automation.live_ui.app_connector:_connect_with_win32_handle:276 - DBG_WINWATT_CONNECT_WIN32_CANDIDATES locator=backend=win32 ranked_candidates=[] 
2026-08-31 15:31:22.110 | WARNING  | winwatt_automation.runtime_mapping.program_mapper:_safe_capture_snapshot:191 - snapshot_capture_failed state_id=startup_after_relaunch error=No WinWatt-like windows were found
2026-08-31 15:31:22.619 | INFO     | winwatt_automation.live_ui.app_connector:get_cached_main_window:597 - DBG_WINWATT_CACHE_GET reason_code=cache_missing_resolving_fresh diagnostic_fast_mode=False
2026-08-31 15:31:24.261 | DEBUG    | winwatt_automation.live_ui.app_connector:list_candidate_windows:180 - Discovered 0 WinWatt-like windows on backend=win32
2026-08-31 15:31:24.261 | INFO     | winwatt_automation.live_ui.app_connector:_connect_with_win32_handle:276 - DBG_WINWATT_CONNECT_WIN32_CANDIDATES locator=backend=win32 ranked_candidates=[] 
2026-08-31 15:31:24.261 | WARNING  | winwatt_automation.runtime_mapping.program_mapper:_safe_capture_snapshot:191 - snapshot_capture_failed state_id=startup_after_relaunch error=No WinWatt-like windows were found
2026-08-31 15:31:24.771 | INFO     | winwatt_automation.live_ui.app_connector:get_cached_main_window:597 - DBG_WINWATT_CACHE_GET reason_code=cache_missing_resolving_fresh diagnostic_fast_mode=False
2026-08-31 15:31:24.845 | DEBUG    | winwatt_automation.live_ui.app_connector:list_candidate_windows:180 - Discovered 0 WinWatt-like windows on backend=win32
2026-08-31 15:31:24.845 | INFO     | winwatt_automation.live_ui.app_connector:_connect_with_win32_handle:276 - DBG_WINWATT_CONNECT_WIN32_CANDIDATES locator=backend=win32 ranked_candidates=[] 
2026-08-31 15:31:24.845 | WARNING  | winwatt_automation.runtime_mapping.program_mapper:_safe_capture_snapshot:191 - snapshot_capture_failed state_id=startup_after_relaunch error=No WinWatt-like windows were found
2026-08-31 15:31:25.355 | INFO     | winwatt_automation.live_ui.app_connector:get_cached_main_window:597 - DBG_WINWATT_CACHE_GET reason_code=cache_missing_resolving_fresh diagnostic_fast_mode=False
2026-08-31 15:31:25.461 | DEBUG    | winwatt_automation.live_ui.app_connector:list_candidate_windows:180 - Discovered 0 WinWatt-like windows on backend=win32
2026-08-31 15:31:25.461 | INFO     | winwatt_automation.live_ui.app_connector:_connect_with_win32_handle:276 - DBG_WINWATT_CONNECT_WIN32_CANDIDATES locator=backend=win32 ranked_candidates=[] 
2026-08-31 15:31:25.461 | WARNING  | winwatt_automation.runtime_mapping.program_mapper:_safe_capture_snapshot:191 - snapshot_capture_failed state_id=startup_after_relaunch error=No WinWatt-like windows were found
2026-08-31 15:31:25.969 | INFO     | winwatt_automation.live_ui.app_connector:get_cached_main_window:597 - DBG_WINWATT_CACHE_GET reason_code=cache_missing_resolving_fresh diagnostic_fast_mode=False
2026-08-31 15:31:26.049 | DEBUG    | winwatt_automation.live_ui.app_connector:list_candidate_windows:180 - Discovered 0 WinWatt-like windows on backend=win32
2026-08-31 15:31:26.061 | INFO     | winwatt_automation.live_ui.app_connector:_connect_with_win32_handle:276 - DBG_WINWATT_CONNECT_WIN32_CANDIDATES locator=backend=win32 ranked_candidates=[] 
2026-08-31 15:31:26.064 | WARNING  | winwatt_automation.runtime_mapping.program_mapper:_safe_capture_snapshot:191 - snapshot_capture_failed state_id=startup_after_relaunch error=No WinWatt-like windows were found
2026-08-31 15:31:26.565 | INFO     | winwatt_automation.live_ui.app_connector:get_cached_main_window:597 - DBG_WINWATT_CACHE_GET reason_code=cache_missing_resolving_fresh diagnostic_fast_mode=False
2026-08-31 15:31:26.629 | DEBUG    | winwatt_automation.live_ui.app_connector:list_candidate_windows:180 - Discovered 0 WinWatt-like windows on backend=win32
2026-08-31 15:31:26.644 | INFO     | winwatt_automation.live_ui.app_connector:_connect_with_win32_handle:276 - DBG_WINWATT_CONNECT_WIN32_CANDIDATES locator=backend=win32 ranked_candidates=[] 
2026-08-31 15:31:26.644 | WARNING  | winwatt_automation.runtime_mapping.program_mapper:_safe_capture_snapshot:191 - snapshot_capture_failed state_id=startup_after_relaunch error=No WinWatt-like windows were found
2026-08-31 15:31:27.150 | INFO     | winwatt_automation.live_ui.app_connector:get_cached_main_window:597 - DBG_WINWATT_CACHE_GET reason_code=cache_missing_resolving_fresh diagnostic_fast_mode=False
2026-08-31 15:31:27.243 | DEBUG    | winwatt_automation.live_ui.app_connector:list_candidate_windows:180 - Discovered 0 WinWatt-like windows on backend=win32
2026-08-31 15:31:27.243 | INFO     | winwatt_automation.live_ui.app_connector:_connect_with_win32_handle:276 - DBG_WINWATT_CONNECT_WIN32_CANDIDATES locator=backend=win32 ranked_candidates=[] 
2026-08-31 15:31:27.244 | WARNING  | winwatt_automation.runtime_mapping.program_mapper:_safe_capture_snapshot:191 - snapshot_capture_failed state_id=startup_after_relaunch error=No WinWatt-like windows were found
2026-08-31 15:31:27.746 | INFO     | winwatt_automation.live_ui.app_connector:get_cached_main_window:597 - DBG_WINWATT_CACHE_GET reason_code=cache_missing_resolving_fresh diagnostic_fast_mode=False
2026-08-31 15:31:27.813 | DEBUG    | winwatt_automation.live_ui.app_connector:list_candidate_windows:180 - Discovered 0 WinWatt-like windows on backend=win32
2026-08-31 15:31:27.813 | INFO     | winwatt_automation.live_ui.app_connector:_connect_with_win32_handle:276 - DBG_WINWATT_CONNECT_WIN32_CANDIDATES locator=backend=win32 ranked_candidates=[] 
2026-08-31 15:31:27.813 | WARNING  | winwatt_automation.runtime_mapping.program_mapper:_safe_capture_snapshot:191 - snapshot_capture_failed state_id=startup_after_relaunch error=No WinWatt-like windows were found
2026-08-31 15:31:28.324 | INFO     | winwatt_automation.live_ui.app_connector:get_cached_main_window:597 - DBG_WINWATT_CACHE_GET reason_code=cache_missing_resolving_fresh diagnostic_fast_mode=False
2026-08-31 15:31:28.444 | DEBUG    | winwatt_automation.live_ui.app_connector:list_candidate_windows:180 - Discovered 0 WinWatt-like windows on backend=win32
2026-08-31 15:31:28.462 | INFO     | winwatt_automation.live_ui.app_connector:_connect_with_win32_handle:276 - DBG_WINWATT_CONNECT_WIN32_CANDIDATES locator=backend=win32 ranked_candidates=[] 
2026-08-31 15:31:28.462 | WARNING  | winwatt_automation.runtime_mapping.program_mapper:_safe_capture_snapshot:191 - snapshot_capture_failed state_id=startup_after_relaunch error=No WinWatt-like windows were found
2026-08-31 15:31:28.964 | INFO     | winwatt_automation.live_ui.app_connector:get_cached_main_window:597 - DBG_WINWATT_CACHE_GET reason_code=cache_missing_resolving_fresh diagnostic_fast_mode=False
2026-08-31 15:31:29.046 | DEBUG    | winwatt_automation.live_ui.app_connector:list_candidate_windows:180 - Discovered 0 WinWatt-like windows on backend=win32
2026-08-31 15:31:29.046 | INFO     | winwatt_automation.live_ui.app_connector:_connect_with_win32_handle:276 - DBG_WINWATT_CONNECT_WIN32_CANDIDATES locator=backend=win32 ranked_candidates=[] 
2026-08-31 15:31:29.046 | WARNING  | winwatt_automation.runtime_mapping.program_mapper:_safe_capture_snapshot:191 - snapshot_capture_failed state_id=startup_after_relaunch error=No WinWatt-like windows were found
2026-08-31 15:31:29.562 | INFO     | winwatt_automation.live_ui.app_connector:get_cached_main_window:597 - DBG_WINWATT_CACHE_GET reason_code=cache_missing_resolving_fresh diagnostic_fast_mode=False
2026-08-31 15:31:29.664 | DEBUG    | winwatt_automation.live_ui.app_connector:list_candidate_windows:180 - Discovered 0 WinWatt-like windows on backend=win32
2026-08-31 15:31:29.664 | INFO     | winwatt_automation.live_ui.app_connector:_connect_with_win32_handle:276 - DBG_WINWATT_CONNECT_WIN32_CANDIDATES locator=backend=win32 ranked_candidates=[] 
2026-08-31 15:31:29.664 | WARNING  | winwatt_automation.runtime_mapping.program_mapper:_safe_capture_snapshot:191 - snapshot_capture_failed state_id=startup_after_relaunch error=No WinWatt-like windows were found
2026-08-31 15:31:30.171 | INFO     | winwatt_automation.live_ui.app_connector:get_cached_main_window:597 - DBG_WINWATT_CACHE_GET reason_code=cache_missing_resolving_fresh diagnostic_fast_mode=False
2026-08-31 15:31:30.246 | DEBUG    | winwatt_automation.live_ui.app_connector:list_candidate_windows:180 - Discovered 0 WinWatt-like windows on backend=win32
2026-08-31 15:31:30.246 | INFO     | winwatt_automation.live_ui.app_connector:_connect_with_win32_handle:276 - DBG_WINWATT_CONNECT_WIN32_CANDIDATES locator=backend=win32 ranked_candidates=[] 
2026-08-31 15:31:30.260 | WARNING  | winwatt_automation.runtime_mapping.program_mapper:_safe_capture_snapshot:191 - snapshot_capture_failed state_id=startup_after_relaunch error=No WinWatt-like windows were found
2026-08-31 15:31:30.762 | INFO     | winwatt_automation.live_ui.app_connector:get_cached_main_window:597 - DBG_WINWATT_CACHE_GET reason_code=cache_missing_resolving_fresh diagnostic_fast_mode=False
2026-08-31 15:31:30.931 | DEBUG    | winwatt_automation.live_ui.app_connector:list_candidate_windows:180 - Discovered 1 WinWatt-like windows on backend=win32
2026-08-31 15:31:30.938 | DEBUG    | winwatt_automation.live_ui.app_connector:list_candidate_windows:182 - Candidate[win32]: {'title': 'WinWatt gólya - C:\\Users\\Admin\\Documents\\GitHub\\autowinwatt\\winwatt_automation\\data\\runtime_maps\\full_authorized_sandbox\\building_three_rooms_20260831T153116\\s', 'window_text': 'WinWatt gólya - C:\\Users\\Admin\\Documents\\GitHub\\autowinwatt\\winwatt_automation\\data\\runtime_maps\\full_authorized_sandbox\\building_three_rooms_20260831T153116\\s', 'class_name': 'TMainForm', 'control_type': None, 'process_id': 23708, 'handle': None, 'is_visible': True, 'is_enabled': True, 'rectangle': {'left': -10, 'top': -10, 'right': 1930, 'bottom': 1030, 'width': 1940, 'height': 1040}, 'size': {'width': 1940, 'height': 1040}}
2026-08-31 15:31:30.938 | INFO     | winwatt_automation.live_ui.app_connector:_connect_with_win32_handle:276 - DBG_WINWATT_CONNECT_WIN32_CANDIDATES locator=backend=win32 ranked_candidates=[{'rank': 1, 'score': (1, 1, 1, 1, 2017600), 'process_id': 23708, 'handle': None, 'class_name': 'TMainForm', 'title': 'WinWatt gólya - C:\\Users\\Admin\\Documents\\GitHub\\autowinwatt\\winwatt_automation\\data\\runtime_maps\\full_authorized_sandbox\\building_three_rooms_20260831T153116\\s', 'visible': True, 'enabled': True}] 
2026-08-31 15:31:30.938 | INFO     | winwatt_automation.live_ui.app_connector:select_main_window:224 - Candidate ranking score=(1, 1, 1, 1, 2017600) data={'title': 'WinWatt gólya - C:\\Users\\Admin\\Documents\\GitHub\\autowinwatt\\winwatt_automation\\data\\runtime_maps\\full_authorized_sandbox\\building_three_rooms_20260831T153116\\s', 'window_text': 'WinWatt gólya - C:\\Users\\Admin\\Documents\\GitHub\\autowinwatt\\winwatt_automation\\data\\runtime_maps\\full_authorized_sandbox\\building_three_rooms_20260831T153116\\s', 'class_name': 'TMainForm', 'control_type': None, 'process_id': 23708, 'handle': None, 'is_visible': True, 'is_enabled': True, 'rectangle': {'left': -10, 'top': -10, 'right': 1930, 'bottom': 1030, 'width': 1940, 'height': 1040}, 'size': {'width': 1940, 'height': 1040}}
2026-08-31 15:31:30.938 | INFO     | winwatt_automation.live_ui.app_connector:select_main_window:234 - Selected main window process_id=23708 handle=None score=(1, 1, 1, 1, 2017600) reasons=['has_process_id=True', 'has_handle=False', 'visible=True', 'enabled=True', 'title_has_winwatt=True', 'area=2017600']
2026-08-31 15:31:30.938 | INFO     | winwatt_automation.live_ui.app_connector:_connect_with_win32_handle:293 - DBG_WINWATT_CONNECT_WIN32_SELECTED selected_payload={'title': 'WinWatt gólya - C:\\Users\\Admin\\Documents\\GitHub\\autowinwatt\\winwatt_automation\\data\\runtime_maps\\full_authorized_sandbox\\building_three_rooms_20260831T153116\\s', 'window_text': 'WinWatt gólya - C:\\Users\\Admin\\Documents\\GitHub\\autowinwatt\\winwatt_automation\\data\\runtime_maps\\full_authorized_sandbox\\building_three_rooms_20260831T153116\\s', 'class_name': 'TMainForm', 'control_type': None, 'process_id': 23708, 'handle': None, 'is_visible': True, 'is_enabled': True, 'rectangle': {'left': -10, 'top': -10, 'right': 1930, 'bottom': 1030, 'width': 1940, 'height': 1040}, 'size': {'width': 1940, 'height': 1040}} selected_handle_is_none=True
2026-08-31 15:31:30.938 | INFO     | winwatt_automation.live_ui.app_connector:_connect_with_win32_handle:336 - Connected to WinWatt backend=win32 attach_mode=process candidate={'process_id': 23708, 'handle': None, 'class_name': 'TMainForm', 'title': 'WinWatt gólya - C:\\Users\\Admin\\Documents\\GitHub\\autowinwatt\\winwatt_automation\\data\\runtime_maps\\full_authorized_sandbox\\building_three_rooms_20260831T153116\\s'}
2026-08-31 15:31:30.938 | INFO     | winwatt_automation.live_ui.app_connector:_connect_with_win32_handle:350 - DBG_WINWATT_CONNECT_WIN32_RESOLVED process_id=23708 resolved_handle=None selected_payload={'title': 'WinWatt gólya - C:\\Users\\Admin\\Documents\\GitHub\\autowinwatt\\winwatt_automation\\data\\runtime_maps\\full_authorized_sandbox\\building_three_rooms_20260831T153116\\s', 'window_text': 'WinWatt gólya - C:\\Users\\Admin\\Documents\\GitHub\\autowinwatt\\winwatt_automation\\data\\runtime_maps\\full_authorized_sandbox\\building_three_rooms_20260831T153116\\s', 'class_name': 'TMainForm', 'control_type': None, 'process_id': 23708, 'handle': None, 'is_visible': True, 'is_enabled': True, 'rectangle': {'left': -10, 'top': -10, 'right': 1930, 'bottom': 1030, 'width': 1940, 'height': 1040}, 'size': {'width': 1940, 'height': 1040}}
2026-08-31 15:31:30.938 | INFO     | winwatt_automation.live_ui.app_connector:_resolve_uia_main_window:382 - DBG_WINWATT_RESOLVE_UIA_WIN32_SELECTED selected_payload={'title': 'WinWatt gólya - C:\\Users\\Admin\\Documents\\GitHub\\autowinwatt\\winwatt_automation\\data\\runtime_maps\\full_authorized_sandbox\\building_three_rooms_20260831T153116\\s', 'window_text': 'WinWatt gólya - C:\\Users\\Admin\\Documents\\GitHub\\autowinwatt\\winwatt_automation\\data\\runtime_maps\\full_authorized_sandbox\\building_three_rooms_20260831T153116\\s', 'class_name': 'TMainForm', 'control_type': None, 'process_id': 23708, 'handle': None, 'is_visible': True, 'is_enabled': True, 'rectangle': {'left': -10, 'top': -10, 'right': 1930, 'bottom': 1030, 'width': 1940, 'height': 1040}, 'size': {'width': 1940, 'height': 1040}}
2026-08-31 15:31:30.938 | INFO     | winwatt_automation.live_ui.app_connector:_resolve_uia_main_window:388 - Connected to WinWatt backend=uia process_id=23708
2026-08-31 15:31:30.938 | INFO     | winwatt_automation.live_ui.app_connector:_resolve_uia_main_window:390 - Resolving main WinWatt window backend=uia class_name=TMainForm title_re=.*WinWatt.*
2026-08-31 15:31:31.312 | INFO     | winwatt_automation.live_ui.app_connector:_resolve_uia_main_window:400 - DBG_WINWATT_RESOLVE_UIA_PRIMARY selected_payload={'title': 'WinWatt gólya - C:\\Users\\Admin\\Documents\\GitHub\\autowinwatt\\winwatt_automation\\data\\runtime_maps\\full_authorized_sandbox\\building_three_rooms_20260831T153116\\s', 'window_text': 'WinWatt gólya - C:\\Users\\Admin\\Documents\\GitHub\\autowinwatt\\winwatt_automation\\data\\runtime_maps\\full_authorized_sandbox\\building_three_rooms_20260831T153116\\s', 'class_name': 'TMainForm', 'control_type': None, 'process_id': 23708, 'handle': None, 'is_visible': True, 'is_enabled': True, 'rectangle': {'left': -10, 'top': -10, 'right': 1930, 'bottom': 1030, 'width': 1940, 'height': 1040}, 'size': {'width': 1940, 'height': 1040}} primary_result={'wrapper_type': 'UIAWrapper', 'handle': 51053238, 'process_id': 23708, 'title': 'WinWatt gólya - C:\\Users\\Admin\\Documents\\GitHub\\autowinwatt\\winwatt_automation\\data\\runtime_maps\\full_authorized_sandbox\\building_three_rooms_20260831T153116\\s', 'class_name': 'TMainForm', 'control_type': 'Window'} identity_match_with_win32=None
2026-08-31 15:31:31.312 | DEBUG    | winwatt_automation.live_ui.app_connector:get_cached_main_window:606 - DBG_PHASE_TIMING phase=get_cached_main_window elapsed_ms=562.000 reason_code=fresh_resolve
2026-08-31 15:31:31.518 | DEBUG    | winwatt_automation.live_ui.app_connector:get_cached_main_window:565 - DBG_WINWATT_CACHE_GET reason_code=cache_reused_without_validation payload={'wrapper_type': 'UIAWrapper', 'handle': 51053238, 'process_id': 23708, 'title': 'WinWatt gólya - C:\\Users\\Admin\\Documents\\GitHub\\autowinwatt\\winwatt_automation\\data\\runtime_maps\\full_authorized_sandbox\\building_three_rooms_20260831T153116\\s', 'class_name': 'TMainForm', 'control_type': 'Window'} last_validation_age_s=0.18799999996554106 diagnostic_fast_mode=False
2026-08-31 15:31:31.523 | DEBUG    | winwatt_automation.live_ui.app_connector:get_cached_main_window:566 - DBG_PHASE_TIMING phase=get_cached_main_window elapsed_ms=15.000 reason_code=cache_reused_without_validation
2026-08-31 15:31:31.523 | DEBUG    | winwatt_automation.live_ui.app_connector:get_cached_main_window:565 - DBG_WINWATT_CACHE_GET reason_code=cache_reused_without_validation payload={'wrapper_type': 'UIAWrapper', 'handle': 51053238, 'process_id': 23708, 'title': 'WinWatt gólya - C:\\Users\\Admin\\Documents\\GitHub\\autowinwatt\\winwatt_automation\\data\\runtime_maps\\full_authorized_sandbox\\building_three_rooms_20260831T153116\\s', 'class_name': 'TMainForm', 'control_type': 'Window'} last_validation_age_s=0.2029999999795109 diagnostic_fast_mode=False
2026-08-31 15:31:31.523 | DEBUG    | winwatt_automation.live_ui.app_connector:get_cached_main_window:566 - DBG_PHASE_TIMING phase=get_cached_main_window elapsed_ms=0.000 reason_code=cache_reused_without_validation
2026-08-31 15:31:32.044 | INFO     | winwatt_automation.live_ui.menu_helpers:_menu_items:1101 - DBG_MENU_ITEMS_SUMMARY total_items=7 visible_items=7 topbar_band=(0, 0, 392, 53) topbar_band_visible_count=7 popup_region_visible_count=0 force_refresh=True handle=51053238
2026-08-31 15:31:32.047 | DEBUG    | winwatt_automation.live_ui.menu_helpers:_menu_items:1111 - Discovered 7 MenuItem controls
2026-08-31 15:31:32.050 | DEBUG    | winwatt_automation.live_ui.menu_helpers:_log_phase_timing:83 - DBG_PHASE_TIMING phase=_menu_items elapsed_ms=547.000 force_refresh=True total_items=7 visible_items=7
2026-08-31 15:31:32.124 | INFO     | winwatt_automation.live_ui.menu_helpers:list_top_menu_items:1141 - Top-level menu items (raw): ['Rendszer', 'Fájl', 'Jegyzékek', 'Eszközök', 'Beállítások', 'Ablak', 'Súgó']
2026-08-31 15:31:32.124 | DEBUG    | winwatt_automation.live_ui.menu_helpers:_log_phase_timing:83 - DBG_PHASE_TIMING phase=list_top_menu_items elapsed_ms=625.000 count=7
2026-08-31 15:31:32.634 | DEBUG    | winwatt_automation.live_ui.app_connector:get_cached_main_window:565 - DBG_WINWATT_CACHE_GET reason_code=cache_reused_without_validation payload={'wrapper_type': 'UIAWrapper', 'handle': 51053238, 'process_id': 23708, 'title': 'WinWatt gólya - C:\\Users\\Admin\\Documents\\GitHub\\autowinwatt\\winwatt_automation\\data\\runtime_maps\\full_authorized_sandbox\\building_three_rooms_20260831T153116\\s', 'class_name': 'TMainForm', 'control_type': 'Window'} last_validation_age_s=1.312999999965541 diagnostic_fast_mode=False
2026-08-31 15:31:32.634 | DEBUG    | winwatt_automation.live_ui.app_connector:get_cached_main_window:566 - DBG_PHASE_TIMING phase=get_cached_main_window elapsed_ms=0.000 reason_code=cache_reused_without_validation
2026-08-31 15:31:32.810 | DEBUG    | winwatt_automation.live_ui.app_connector:get_cached_main_window:565 - DBG_WINWATT_CACHE_GET reason_code=cache_reused_without_validation payload={'wrapper_type': 'UIAWrapper', 'handle': 51053238, 'process_id': 23708, 'title': 'WinWatt gólya - C:\\Users\\Admin\\Documents\\GitHub\\autowinwatt\\winwatt_automation\\data\\runtime_maps\\full_authorized_sandbox\\building_three_rooms_20260831T153116\\s', 'class_name': 'TMainForm', 'control_type': 'Window'} last_validation_age_s=1.5 diagnostic_fast_mode=False
2026-08-31 15:31:32.810 | DEBUG    | winwatt_automation.live_ui.app_connector:get_cached_main_window:566 - DBG_PHASE_TIMING phase=get_cached_main_window elapsed_ms=0.000 reason_code=cache_reused_without_validation
2026-08-31 15:31:32.810 | DEBUG    | winwatt_automation.live_ui.app_connector:get_cached_main_window:565 - DBG_WINWATT_CACHE_GET reason_code=cache_reused_without_validation payload={'wrapper_type': 'UIAWrapper', 'handle': 51053238, 'process_id': 23708, 'title': 'WinWatt gólya - C:\\Users\\Admin\\Documents\\GitHub\\autowinwatt\\winwatt_automation\\data\\runtime_maps\\full_authorized_sandbox\\building_three_rooms_20260831T153116\\s', 'class_name': 'TMainForm', 'control_type': 'Window'} last_validation_age_s=1.5 diagnostic_fast_mode=False
2026-08-31 15:31:32.810 | DEBUG    | winwatt_automation.live_ui.app_connector:get_cached_main_window:566 - DBG_PHASE_TIMING phase=get_cached_main_window elapsed_ms=0.000 reason_code=cache_reused_without_validation
2026-08-31 15:31:33.385 | INFO     | winwatt_automation.live_ui.menu_helpers:_menu_items:1101 - DBG_MENU_ITEMS_SUMMARY total_items=7 visible_items=7 topbar_band=(0, 0, 392, 53) topbar_band_visible_count=7 popup_region_visible_count=0 force_refresh=True handle=51053238
2026-08-31 15:31:33.396 | DEBUG    | winwatt_automation.live_ui.menu_helpers:_menu_items:1111 - Discovered 7 MenuItem controls
2026-08-31 15:31:33.396 | DEBUG    | winwatt_automation.live_ui.menu_helpers:_log_phase_timing:83 - DBG_PHASE_TIMING phase=_menu_items elapsed_ms=578.000 force_refresh=True total_items=7 visible_items=7
2026-08-31 15:31:33.490 | INFO     | winwatt_automation.live_ui.menu_helpers:list_top_menu_items:1141 - Top-level menu items (raw): ['Rendszer', 'Fájl', 'Jegyzékek', 'Eszközök', 'Beállítások', 'Ablak', 'Súgó']
2026-08-31 15:31:33.491 | DEBUG    | winwatt_automation.live_ui.menu_helpers:_log_phase_timing:83 - DBG_PHASE_TIMING phase=list_top_menu_items elapsed_ms=672.000 count=7
2026-08-31 15:31:33.999 | DEBUG    | winwatt_automation.live_ui.app_connector:get_cached_main_window:565 - DBG_WINWATT_CACHE_GET reason_code=cache_reused_without_validation payload={'wrapper_type': 'UIAWrapper', 'handle': 51053238, 'process_id': 23708, 'title': 'WinWatt gólya - C:\\Users\\Admin\\Documents\\GitHub\\autowinwatt\\winwatt_automation\\data\\runtime_maps\\full_authorized_sandbox\\building_three_rooms_20260831T153116\\s', 'class_name': 'TMainForm', 'control_type': 'Window'} last_validation_age_s=2.672000000020489 diagnostic_fast_mode=False
2026-08-31 15:31:33.999 | DEBUG    | winwatt_automation.live_ui.app_connector:get_cached_main_window:566 - DBG_PHASE_TIMING phase=get_cached_main_window elapsed_ms=16.000 reason_code=cache_reused_without_validation
2026-08-31 15:31:34.199 | DEBUG    | winwatt_automation.live_ui.app_connector:get_cached_main_window:565 - DBG_WINWATT_CACHE_GET reason_code=cache_reused_without_validation payload={'wrapper_type': 'UIAWrapper', 'handle': 51053238, 'process_id': 23708, 'title': 'WinWatt gólya - C:\\Users\\Admin\\Documents\\GitHub\\autowinwatt\\winwatt_automation\\data\\runtime_maps\\full_authorized_sandbox\\building_three_rooms_20260831T153116\\s', 'class_name': 'TMainForm', 'control_type': 'Window'} last_validation_age_s=2.875 diagnostic_fast_mode=False
2026-08-31 15:31:34.199 | DEBUG    | winwatt_automation.live_ui.app_connector:get_cached_main_window:566 - DBG_PHASE_TIMING phase=get_cached_main_window elapsed_ms=0.000 reason_code=cache_reused_without_validation
2026-08-31 15:31:34.199 | DEBUG    | winwatt_automation.live_ui.app_connector:get_cached_main_window:565 - DBG_WINWATT_CACHE_GET reason_code=cache_reused_without_validation payload={'wrapper_type': 'UIAWrapper', 'handle': 51053238, 'process_id': 23708, 'title': 'WinWatt gólya - C:\\Users\\Admin\\Documents\\GitHub\\autowinwatt\\winwatt_automation\\data\\runtime_maps\\full_authorized_sandbox\\building_three_rooms_20260831T153116\\s', 'class_name': 'TMainForm', 'control_type': 'Window'} last_validation_age_s=2.875 diagnostic_fast_mode=False
2026-08-31 15:31:34.199 | DEBUG    | winwatt_automation.live_ui.app_connector:get_cached_main_window:566 - DBG_PHASE_TIMING phase=get_cached_main_window elapsed_ms=0.000 reason_code=cache_reused_without_validation
2026-08-31 15:31:34.714 | INFO     | winwatt_automation.live_ui.menu_helpers:_menu_items:1101 - DBG_MENU_ITEMS_SUMMARY total_items=7 visible_items=7 topbar_band=(0, 0, 392, 53) topbar_band_visible_count=7 popup_region_visible_count=0 force_refresh=True handle=51053238
2026-08-31 15:31:34.730 | DEBUG    | winwatt_automation.live_ui.menu_helpers:_menu_items:1111 - Discovered 7 MenuItem controls
2026-08-31 15:31:34.730 | DEBUG    | winwatt_automation.live_ui.menu_helpers:_log_phase_timing:83 - DBG_PHASE_TIMING phase=_menu_items elapsed_ms=531.000 force_refresh=True total_items=7 visible_items=7
2026-08-31 15:31:34.810 | INFO     | winwatt_automation.live_ui.menu_helpers:list_top_menu_items:1141 - Top-level menu items (raw): ['Rendszer', 'Fájl', 'Jegyzékek', 'Eszközök', 'Beállítások', 'Ablak', 'Súgó']
2026-08-31 15:31:34.810 | DEBUG    | winwatt_automation.live_ui.menu_helpers:_log_phase_timing:83 - DBG_PHASE_TIMING phase=list_top_menu_items elapsed_ms=625.000 count=7
2026-08-31 15:31:35.314 | INFO     | winwatt_automation.live_ui.app_connector:is_winwatt_foreground_context:1161 - DBG_WINWATT_FOREGROUND_CONTEXT expected_handle=51053238 expected_process_id=23708 expected_title=WinWatt gólya - C:\Users\Admin\Documents\GitHub\autowinwatt\winwatt_automation\data\runtime_maps\full_authorized_sandbox\building_three_rooms_20260831T153116\s expected_class_name=TMainForm actual_foreground_handle=51053238 actual_foreground_process_id=23708 actual_foreground_title=WinWatt gólya - C:\Users\Admin\Documents\GitHub\autowinwatt\winwatt_automation\data\runtime_maps\full_authorized_sandbox\building_three_rooms_20260831T153116\s actual_foreground_class_name=TMainForm allow_dialog=True result_reason=handle_match
2026-08-31 15:31:35.321 | INFO     | winwatt_automation.live_ui.app_connector:_cached_window_health_status:489 - DBG_WINWATT_CACHE_HEALTH reason_code=healthy payload={'wrapper_type': 'UIAWrapper', 'handle': 51053238, 'process_id': 23708, 'title': 'WinWatt gólya - C:\\Users\\Admin\\Documents\\GitHub\\autowinwatt\\winwatt_automation\\data\\runtime_maps\\full_authorized_sandbox\\building_three_rooms_20260831T153116\\s', 'class_name': 'TMainForm', 'control_type': 'Window'}
2026-08-31 15:31:35.321 | DEBUG    | winwatt_automation.live_ui.app_connector:get_cached_main_window:574 - DBG_WINWATT_CACHE_GET reason_code=cache_validated_ok payload={'wrapper_type': 'UIAWrapper', 'handle': 51053238, 'process_id': 23708, 'title': 'WinWatt gólya - C:\\Users\\Admin\\Documents\\GitHub\\autowinwatt\\winwatt_automation\\data\\runtime_maps\\full_authorized_sandbox\\building_three_rooms_20260831T153116\\s', 'class_name': 'TMainForm', 'control_type': 'Window'} last_validation_age_s=4.0 diagnostic_fast_mode=False
2026-08-31 15:31:35.321 | DEBUG    | winwatt_automation.live_ui.app_connector:get_cached_main_window:575 - DBG_PHASE_TIMING phase=get_cached_main_window elapsed_ms=0.000 reason_code=cache_validated_ok
2026-08-31 15:31:35.476 | DEBUG    | winwatt_automation.live_ui.app_connector:get_cached_main_window:565 - DBG_WINWATT_CACHE_GET reason_code=cache_reused_without_validation payload={'wrapper_type': 'UIAWrapper', 'handle': 51053238, 'process_id': 23708, 'title': 'WinWatt gólya - C:\\Users\\Admin\\Documents\\GitHub\\autowinwatt\\winwatt_automation\\data\\runtime_maps\\full_authorized_sandbox\\building_three_rooms_20260831T153116\\s', 'class_name': 'TMainForm', 'control_type': 'Window'} last_validation_age_s=0.1559999999590218 diagnostic_fast_mode=False
2026-08-31 15:31:35.479 | DEBUG    | winwatt_automation.live_ui.app_connector:get_cached_main_window:566 - DBG_PHASE_TIMING phase=get_cached_main_window elapsed_ms=0.000 reason_code=cache_reused_without_validation
2026-08-31 15:31:35.483 | DEBUG    | winwatt_automation.live_ui.app_connector:get_cached_main_window:565 - DBG_WINWATT_CACHE_GET reason_code=cache_reused_without_validation payload={'wrapper_type': 'UIAWrapper', 'handle': 51053238, 'process_id': 23708, 'title': 'WinWatt gólya - C:\\Users\\Admin\\Documents\\GitHub\\autowinwatt\\winwatt_automation\\data\\runtime_maps\\full_authorized_sandbox\\building_three_rooms_20260831T153116\\s', 'class_name': 'TMainForm', 'control_type': 'Window'} last_validation_age_s=0.1559999999590218 diagnostic_fast_mode=False
2026-08-31 15:31:35.483 | DEBUG    | winwatt_automation.live_ui.app_connector:get_cached_main_window:566 - DBG_PHASE_TIMING phase=get_cached_main_window elapsed_ms=16.000 reason_code=cache_reused_without_validation
2026-08-31 15:31:35.994 | INFO     | winwatt_automation.live_ui.menu_helpers:_menu_items:1101 - DBG_MENU_ITEMS_SUMMARY total_items=7 visible_items=7 topbar_band=(0, 0, 392, 53) topbar_band_visible_count=7 popup_region_visible_count=0 force_refresh=True handle=51053238
2026-08-31 15:31:36.003 | DEBUG    | winwatt_automation.live_ui.menu_helpers:_menu_items:1111 - Discovered 7 MenuItem controls
2026-08-31 15:31:36.003 | DEBUG    | winwatt_automation.live_ui.menu_helpers:_log_phase_timing:83 - DBG_PHASE_TIMING phase=_menu_items elapsed_ms=532.000 force_refresh=True total_items=7 visible_items=7
2026-08-31 15:31:36.066 | INFO     | winwatt_automation.live_ui.menu_helpers:list_top_menu_items:1141 - Top-level menu items (raw): ['Rendszer', 'Fájl', 'Jegyzékek', 'Eszközök', 'Beállítások', 'Ablak', 'Súgó']
2026-08-31 15:31:36.066 | DEBUG    | winwatt_automation.live_ui.menu_helpers:_log_phase_timing:83 - DBG_PHASE_TIMING phase=list_top_menu_items elapsed_ms=594.000 count=7
2026-08-31 15:31:36.578 | DEBUG    | winwatt_automation.live_ui.app_connector:get_cached_main_window:565 - DBG_WINWATT_CACHE_GET reason_code=cache_reused_without_validation payload={'wrapper_type': 'UIAWrapper', 'handle': 51053238, 'process_id': 23708, 'title': 'WinWatt gólya - C:\\Users\\Admin\\Documents\\GitHub\\autowinwatt\\winwatt_automation\\data\\runtime_maps\\full_authorized_sandbox\\building_three_rooms_20260831T153116\\s', 'class_name': 'TMainForm', 'control_type': 'Window'} last_validation_age_s=1.265999999945052 diagnostic_fast_mode=False
2026-08-31 15:31:36.578 | DEBUG    | winwatt_automation.live_ui.app_connector:get_cached_main_window:566 - DBG_PHASE_TIMING phase=get_cached_main_window elapsed_ms=0.000 reason_code=cache_reused_without_validation
2026-08-31 15:31:36.722 | DEBUG    | winwatt_automation.live_ui.app_connector:get_cached_main_window:565 - DBG_WINWATT_CACHE_GET reason_code=cache_reused_without_validation payload={'wrapper_type': 'UIAWrapper', 'handle': 51053238, 'process_id': 23708, 'title': 'WinWatt gólya - C:\\Users\\Admin\\Documents\\GitHub\\autowinwatt\\winwatt_automation\\data\\runtime_maps\\full_authorized_sandbox\\building_three_rooms_20260831T153116\\s', 'class_name': 'TMainForm', 'control_type': 'Window'} last_validation_age_s=1.4059999999590218 diagnostic_fast_mode=False
2026-08-31 15:31:36.737 | DEBUG    | winwatt_automation.live_ui.app_connector:get_cached_main_window:566 - DBG_PHASE_TIMING phase=get_cached_main_window elapsed_ms=16.000 reason_code=cache_reused_without_validation
2026-08-31 15:31:36.737 | DEBUG    | winwatt_automation.live_ui.app_connector:get_cached_main_window:565 - DBG_WINWATT_CACHE_GET reason_code=cache_reused_without_validation payload={'wrapper_type': 'UIAWrapper', 'handle': 51053238, 'process_id': 23708, 'title': 'WinWatt gólya - C:\\Users\\Admin\\Documents\\GitHub\\autowinwatt\\winwatt_automation\\data\\runtime_maps\\full_authorized_sandbox\\building_three_rooms_20260831T153116\\s', 'class_name': 'TMainForm', 'control_type': 'Window'} last_validation_age_s=1.422000000020489 diagnostic_fast_mode=False
2026-08-31 15:31:36.737 | DEBUG    | winwatt_automation.live_ui.app_connector:get_cached_main_window:566 - DBG_PHASE_TIMING phase=get_cached_main_window elapsed_ms=0.000 reason_code=cache_reused_without_validation
2026-08-31 15:31:37.261 | INFO     | winwatt_automation.live_ui.menu_helpers:_menu_items:1101 - DBG_MENU_ITEMS_SUMMARY total_items=7 visible_items=7 topbar_band=(0, 0, 392, 53) topbar_band_visible_count=7 popup_region_visible_count=0 force_refresh=True handle=51053238
2026-08-31 15:31:37.261 | DEBUG    | winwatt_automation.live_ui.menu_helpers:_menu_items:1111 - Discovered 7 MenuItem controls
2026-08-31 15:31:37.261 | DEBUG    | winwatt_automation.live_ui.menu_helpers:_log_phase_timing:83 - DBG_PHASE_TIMING phase=_menu_items elapsed_ms=532.000 force_refresh=True total_items=7 visible_items=7
2026-08-31 15:31:37.350 | INFO     | winwatt_automation.live_ui.menu_helpers:list_top_menu_items:1141 - Top-level menu items (raw): ['Rendszer', 'Fájl', 'Jegyzékek', 'Eszközök', 'Beállítások', 'Ablak', 'Súgó']
2026-08-31 15:31:37.350 | DEBUG    | winwatt_automation.live_ui.menu_helpers:_log_phase_timing:83 - DBG_PHASE_TIMING phase=list_top_menu_items elapsed_ms=625.000 count=7
2026-08-31 15:31:37.852 | DEBUG    | winwatt_automation.live_ui.app_connector:get_cached_main_window:565 - DBG_WINWATT_CACHE_GET reason_code=cache_reused_without_validation payload={'wrapper_type': 'UIAWrapper', 'handle': 51053238, 'process_id': 23708, 'title': 'WinWatt gólya - C:\\Users\\Admin\\Documents\\GitHub\\autowinwatt\\winwatt_automation\\data\\runtime_maps\\full_authorized_sandbox\\building_three_rooms_20260831T153116\\s', 'class_name': 'TMainForm', 'control_type': 'Window'} last_validation_age_s=2.530999999959022 diagnostic_fast_mode=False
2026-08-31 15:31:37.852 | DEBUG    | winwatt_automation.live_ui.app_connector:get_cached_main_window:566 - DBG_PHASE_TIMING phase=get_cached_main_window elapsed_ms=0.000 reason_code=cache_reused_without_validation
2026-08-31 15:31:38.021 | DEBUG    | winwatt_automation.live_ui.app_connector:get_cached_main_window:565 - DBG_WINWATT_CACHE_GET reason_code=cache_reused_without_validation payload={'wrapper_type': 'UIAWrapper', 'handle': 51053238, 'process_id': 23708, 'title': 'WinWatt gólya - C:\\Users\\Admin\\Documents\\GitHub\\autowinwatt\\winwatt_automation\\data\\runtime_maps\\full_authorized_sandbox\\building_three_rooms_20260831T153116\\s', 'class_name': 'TMainForm', 'control_type': 'Window'} last_validation_age_s=2.702999999979511 diagnostic_fast_mode=False
2026-08-31 15:31:38.021 | DEBUG    | winwatt_automation.live_ui.app_connector:get_cached_main_window:566 - DBG_PHASE_TIMING phase=get_cached_main_window elapsed_ms=0.000 reason_code=cache_reused_without_validation
2026-08-31 15:31:38.021 | DEBUG    | winwatt_automation.live_ui.app_connector:get_cached_main_window:565 - DBG_WINWATT_CACHE_GET reason_code=cache_reused_without_validation payload={'wrapper_type': 'UIAWrapper', 'handle': 51053238, 'process_id': 23708, 'title': 'WinWatt gólya - C:\\Users\\Admin\\Documents\\GitHub\\autowinwatt\\winwatt_automation\\data\\runtime_maps\\full_authorized_sandbox\\building_three_rooms_20260831T153116\\s', 'class_name': 'TMainForm', 'control_type': 'Window'} last_validation_age_s=2.702999999979511 diagnostic_fast_mode=False
2026-08-31 15:31:38.021 | DEBUG    | winwatt_automation.live_ui.app_connector:get_cached_main_window:566 - DBG_PHASE_TIMING phase=get_cached_main_window elapsed_ms=0.000 reason_code=cache_reused_without_validation
2026-08-31 15:31:38.564 | INFO     | winwatt_automation.live_ui.menu_helpers:_menu_items:1101 - DBG_MENU_ITEMS_SUMMARY total_items=7 visible_items=7 topbar_band=(0, 0, 392, 53) topbar_band_visible_count=7 popup_region_visible_count=0 force_refresh=True handle=51053238
2026-08-31 15:31:38.574 | DEBUG    | winwatt_automation.live_ui.menu_helpers:_menu_items:1111 - Discovered 7 MenuItem controls
2026-08-31 15:31:38.574 | DEBUG    | winwatt_automation.live_ui.menu_helpers:_log_phase_timing:83 - DBG_PHASE_TIMING phase=_menu_items elapsed_ms=547.000 force_refresh=True total_items=7 visible_items=7
2026-08-31 15:31:38.648 | INFO     | winwatt_automation.live_ui.menu_helpers:list_top_menu_items:1141 - Top-level menu items (raw): ['Rendszer', 'Fájl', 'Jegyzékek', 'Eszközök', 'Beállítások', 'Ablak', 'Súgó']
2026-08-31 15:31:38.659 | DEBUG    | winwatt_automation.live_ui.menu_helpers:_log_phase_timing:83 - DBG_PHASE_TIMING phase=list_top_menu_items elapsed_ms=641.000 count=7
2026-08-31 15:31:39.169 | DEBUG    | winwatt_automation.live_ui.app_connector:get_cached_main_window:565 - DBG_WINWATT_CACHE_GET reason_code=cache_reused_without_validation payload={'wrapper_type': 'UIAWrapper', 'handle': 51053238, 'process_id': 23708, 'title': 'WinWatt gólya - C:\\Users\\Admin\\Documents\\GitHub\\autowinwatt\\winwatt_automation\\data\\runtime_maps\\full_authorized_sandbox\\building_three_rooms_20260831T153116\\s', 'class_name': 'TMainForm', 'control_type': 'Window'} last_validation_age_s=3.844000000040978 diagnostic_fast_mode=False
2026-08-31 15:31:39.169 | DEBUG    | winwatt_automation.live_ui.app_connector:get_cached_main_window:566 - DBG_PHASE_TIMING phase=get_cached_main_window elapsed_ms=16.000 reason_code=cache_reused_without_validation
2026-08-31 15:31:41.079 | INFO     | winwatt_automation.live_ui.app_connector:is_winwatt_foreground_context:1161 - DBG_WINWATT_FOREGROUND_CONTEXT expected_handle=51053238 expected_process_id=23708 expected_title=WinWatt gólya - C:\Users\Admin\Documents\GitHub\autowinwatt\winwatt_automation\data\runtime_maps\full_authorized_sandbox\building_three_rooms_20260831T153116\s expected_class_name=TMainForm actual_foreground_handle=51053238 actual_foreground_process_id=23708 actual_foreground_title=WinWatt gólya - C:\Users\Admin\Documents\GitHub\autowinwatt\winwatt_automation\data\runtime_maps\full_authorized_sandbox\building_three_rooms_20260831T153116\s actual_foreground_class_name=TMainForm allow_dialog=True result_reason=handle_match
2026-08-31 15:31:41.079 | INFO     | winwatt_automation.live_ui.app_connector:_cached_window_health_status:489 - DBG_WINWATT_CACHE_HEALTH reason_code=healthy payload={'wrapper_type': 'UIAWrapper', 'handle': 51053238, 'process_id': 23708, 'title': 'WinWatt gólya - C:\\Users\\Admin\\Documents\\GitHub\\autowinwatt\\winwatt_automation\\data\\runtime_maps\\full_authorized_sandbox\\building_three_rooms_20260831T153116\\s', 'class_name': 'TMainForm', 'control_type': 'Window'}
2026-08-31 15:31:41.091 | DEBUG    | winwatt_automation.live_ui.app_connector:get_cached_main_window:574 - DBG_WINWATT_CACHE_GET reason_code=cache_validated_ok payload={'wrapper_type': 'UIAWrapper', 'handle': 51053238, 'process_id': 23708, 'title': 'WinWatt gólya - C:\\Users\\Admin\\Documents\\GitHub\\autowinwatt\\winwatt_automation\\data\\runtime_maps\\full_authorized_sandbox\\building_three_rooms_20260831T153116\\s', 'class_name': 'TMainForm', 'control_type': 'Window'} last_validation_age_s=5.75 diagnostic_fast_mode=False
2026-08-31 15:31:41.091 | DEBUG    | winwatt_automation.live_ui.app_connector:get_cached_main_window:575 - DBG_PHASE_TIMING phase=get_cached_main_window elapsed_ms=31.000 reason_code=cache_validated_ok
2026-08-31 15:31:41.403 | DEBUG    | winwatt_automation.live_ui.app_connector:get_cached_main_window:565 - DBG_WINWATT_CACHE_GET reason_code=cache_reused_without_validation payload={'wrapper_type': 'UIAWrapper', 'handle': 51053238, 'process_id': 23708, 'title': 'WinWatt gólya - C:\\Users\\Admin\\Documents\\GitHub\\autowinwatt\\winwatt_automation\\data\\runtime_maps\\full_authorized_sandbox\\building_three_rooms_20260831T153116\\s', 'class_name': 'TMainForm', 'control_type': 'Window'} last_validation_age_s=0.3279999999795109 diagnostic_fast_mode=False
2026-08-31 15:31:41.407 | DEBUG    | winwatt_automation.live_ui.app_connector:get_cached_main_window:566 - DBG_PHASE_TIMING phase=get_cached_main_window elapsed_ms=16.000 reason_code=cache_reused_without_validation
2026-08-31 15:31:41.598 | DEBUG    | winwatt_automation.live_ui.app_connector:get_cached_main_window:565 - DBG_WINWATT_CACHE_GET reason_code=cache_reused_without_validation payload={'wrapper_type': 'UIAWrapper', 'handle': 51053238, 'process_id': 23708, 'title': 'WinWatt gólya - C:\\Users\\Admin\\Documents\\GitHub\\autowinwatt\\winwatt_automation\\data\\runtime_maps\\full_authorized_sandbox\\building_three_rooms_20260831T153116\\s', 'class_name': 'TMainForm', 'control_type': 'Window'} last_validation_age_s=0.515999999945052 diagnostic_fast_mode=False
2026-08-31 15:31:41.598 | DEBUG    | winwatt_automation.live_ui.app_connector:get_cached_main_window:566 - DBG_PHASE_TIMING phase=get_cached_main_window elapsed_ms=15.000 reason_code=cache_reused_without_validation
2026-08-31 15:31:45.242 | INFO     | winwatt_automation.live_ui.app_connector:is_winwatt_foreground_context:1161 - DBG_WINWATT_FOREGROUND_CONTEXT expected_handle=51053238 expected_process_id=23708 expected_title=WinWatt gólya - C:\Users\Admin\Documents\GitHub\autowinwatt\winwatt_automation\data\runtime_maps\full_authorized_sandbox\building_three_rooms_20260831T153116\s expected_class_name=TMainForm actual_foreground_handle=51053238 actual_foreground_process_id=23708 actual_foreground_title=WinWatt gólya - C:\Users\Admin\Documents\GitHub\autowinwatt\winwatt_automation\data\runtime_maps\full_authorized_sandbox\building_three_rooms_20260831T153116\s actual_foreground_class_name=TMainForm allow_dialog=True result_reason=handle_match
2026-08-31 15:31:45.258 | INFO     | winwatt_automation.live_ui.app_connector:_cached_window_health_status:489 - DBG_WINWATT_CACHE_HEALTH reason_code=healthy payload={'wrapper_type': 'UIAWrapper', 'handle': 51053238, 'process_id': 23708, 'title': 'WinWatt gólya - C:\\Users\\Admin\\Documents\\GitHub\\autowinwatt\\winwatt_automation\\data\\runtime_maps\\full_authorized_sandbox\\building_three_rooms_20260831T153116\\s', 'class_name': 'TMainForm', 'control_type': 'Window'}
2026-08-31 15:31:45.263 | DEBUG    | winwatt_automation.live_ui.app_connector:get_cached_main_window:574 - DBG_WINWATT_CACHE_GET reason_code=cache_validated_ok payload={'wrapper_type': 'UIAWrapper', 'handle': 51053238, 'process_id': 23708, 'title': 'WinWatt gólya - C:\\Users\\Admin\\Documents\\GitHub\\autowinwatt\\winwatt_automation\\data\\runtime_maps\\full_authorized_sandbox\\building_three_rooms_20260831T153116\\s', 'class_name': 'TMainForm', 'control_type': 'Window'} last_validation_age_s=4.172000000020489 diagnostic_fast_mode=False
2026-08-31 15:31:45.263 | DEBUG    | winwatt_automation.live_ui.app_connector:get_cached_main_window:575 - DBG_PHASE_TIMING phase=get_cached_main_window elapsed_ms=31.000 reason_code=cache_validated_ok
2026-08-31 15:31:47.485 | DEBUG    | winwatt_automation.live_ui.app_connector:get_cached_main_window:565 - DBG_WINWATT_CACHE_GET reason_code=cache_reused_without_validation payload={'wrapper_type': 'UIAWrapper', 'handle': 51053238, 'process_id': 23708, 'title': 'WinWatt gólya - C:\\Users\\Admin\\Documents\\GitHub\\autowinwatt\\winwatt_automation\\data\\runtime_maps\\full_authorized_sandbox\\building_three_rooms_20260831T153116\\s', 'class_name': 'TMainForm', 'control_type': 'Window'} last_validation_age_s=2.218999999924563 diagnostic_fast_mode=False
2026-08-31 15:31:47.500 | DEBUG    | winwatt_automation.live_ui.app_connector:get_cached_main_window:566 - DBG_PHASE_TIMING phase=get_cached_main_window elapsed_ms=47.000 reason_code=cache_reused_without_validation
2026-08-31 15:31:48.712 | INFO     | winwatt_automation.live_ui.app_connector:get_cached_main_window:597 - DBG_WINWATT_CACHE_GET reason_code=cache_missing_resolving_fresh diagnostic_fast_mode=False
2026-08-31 15:31:48.935 | DEBUG    | winwatt_automation.live_ui.app_connector:list_candidate_windows:180 - Discovered 0 WinWatt-like windows on backend=win32
2026-08-31 15:31:48.941 | INFO     | winwatt_automation.live_ui.app_connector:_connect_with_win32_handle:276 - DBG_WINWATT_CONNECT_WIN32_CANDIDATES locator=backend=win32 ranked_candidates=[] 
2026-08-31 15:31:48.941 | WARNING  | winwatt_automation.runtime_mapping.program_mapper:_safe_capture_snapshot:191 - snapshot_capture_failed state_id=startup_after_relaunch error=No WinWatt-like windows were found
2026-08-31 15:31:49.442 | INFO     | winwatt_automation.live_ui.app_connector:get_cached_main_window:597 - DBG_WINWATT_CACHE_GET reason_code=cache_missing_resolving_fresh diagnostic_fast_mode=False
2026-08-31 15:31:52.046 | DEBUG    | winwatt_automation.live_ui.app_connector:list_candidate_windows:180 - Discovered 0 WinWatt-like windows on backend=win32
2026-08-31 15:31:52.056 | INFO     | winwatt_automation.live_ui.app_connector:_connect_with_win32_handle:276 - DBG_WINWATT_CONNECT_WIN32_CANDIDATES locator=backend=win32 ranked_candidates=[] 
2026-08-31 15:31:52.056 | WARNING  | winwatt_automation.runtime_mapping.program_mapper:_safe_capture_snapshot:191 - snapshot_capture_failed state_id=startup_after_relaunch error=No WinWatt-like windows were found
2026-08-31 15:31:52.560 | INFO     | winwatt_automation.live_ui.app_connector:get_cached_main_window:597 - DBG_WINWATT_CACHE_GET reason_code=cache_missing_resolving_fresh diagnostic_fast_mode=False
2026-08-31 15:31:54.161 | DEBUG    | winwatt_automation.live_ui.app_connector:list_candidate_windows:180 - Discovered 0 WinWatt-like windows on backend=win32
2026-08-31 15:31:54.161 | INFO     | winwatt_automation.live_ui.app_connector:_connect_with_win32_handle:276 - DBG_WINWATT_CONNECT_WIN32_CANDIDATES locator=backend=win32 ranked_candidates=[] 
2026-08-31 15:31:54.161 | WARNING  | winwatt_automation.runtime_mapping.program_mapper:_safe_capture_snapshot:191 - snapshot_capture_failed state_id=startup_after_relaunch error=No WinWatt-like windows were found
2026-08-31 15:31:54.666 | INFO     | winwatt_automation.live_ui.app_connector:get_cached_main_window:597 - DBG_WINWATT_CACHE_GET reason_code=cache_missing_resolving_fresh diagnostic_fast_mode=False
2026-08-31 15:31:54.746 | DEBUG    | winwatt_automation.live_ui.app_connector:list_candidate_windows:180 - Discovered 0 WinWatt-like windows on backend=win32
2026-08-31 15:31:54.748 | INFO     | winwatt_automation.live_ui.app_connector:_connect_with_win32_handle:276 - DBG_WINWATT_CONNECT_WIN32_CANDIDATES locator=backend=win32 ranked_candidates=[] 
2026-08-31 15:31:54.748 | WARNING  | winwatt_automation.runtime_mapping.program_mapper:_safe_capture_snapshot:191 - snapshot_capture_failed state_id=startup_after_relaunch error=No WinWatt-like windows were found
2026-08-31 15:31:55.254 | INFO     | winwatt_automation.live_ui.app_connector:get_cached_main_window:597 - DBG_WINWATT_CACHE_GET reason_code=cache_missing_resolving_fresh diagnostic_fast_mode=False
2026-08-31 15:31:55.351 | DEBUG    | winwatt_automation.live_ui.app_connector:list_candidate_windows:180 - Discovered 0 WinWatt-like windows on backend=win32
2026-08-31 15:31:55.351 | INFO     | winwatt_automation.live_ui.app_connector:_connect_with_win32_handle:276 - DBG_WINWATT_CONNECT_WIN32_CANDIDATES locator=backend=win32 ranked_candidates=[] 
2026-08-31 15:31:55.351 | WARNING  | winwatt_automation.runtime_mapping.program_mapper:_safe_capture_snapshot:191 - snapshot_capture_failed state_id=startup_after_relaunch error=No WinWatt-like windows were found
2026-08-31 15:31:55.861 | INFO     | winwatt_automation.live_ui.app_connector:get_cached_main_window:597 - DBG_WINWATT_CACHE_GET reason_code=cache_missing_resolving_fresh diagnostic_fast_mode=False
2026-08-31 15:31:55.955 | DEBUG    | winwatt_automation.live_ui.app_connector:list_candidate_windows:180 - Discovered 0 WinWatt-like windows on backend=win32
2026-08-31 15:31:55.959 | INFO     | winwatt_automation.live_ui.app_connector:_connect_with_win32_handle:276 - DBG_WINWATT_CONNECT_WIN32_CANDIDATES locator=backend=win32 ranked_candidates=[] 
2026-08-31 15:31:55.959 | WARNING  | winwatt_automation.runtime_mapping.program_mapper:_safe_capture_snapshot:191 - snapshot_capture_failed state_id=startup_after_relaunch error=No WinWatt-like windows were found
2026-08-31 15:31:56.461 | INFO     | winwatt_automation.live_ui.app_connector:get_cached_main_window:597 - DBG_WINWATT_CACHE_GET reason_code=cache_missing_resolving_fresh diagnostic_fast_mode=False
2026-08-31 15:31:56.553 | DEBUG    | winwatt_automation.live_ui.app_connector:list_candidate_windows:180 - Discovered 0 WinWatt-like windows on backend=win32
2026-08-31 15:31:56.553 | INFO     | winwatt_automation.live_ui.app_connector:_connect_with_win32_handle:276 - DBG_WINWATT_CONNECT_WIN32_CANDIDATES locator=backend=win32 ranked_candidates=[] 
2026-08-31 15:31:56.553 | WARNING  | winwatt_automation.runtime_mapping.program_mapper:_safe_capture_snapshot:191 - snapshot_capture_failed state_id=startup_after_relaunch error=No WinWatt-like windows were found
2026-08-31 15:31:57.057 | INFO     | winwatt_automation.live_ui.app_connector:get_cached_main_window:597 - DBG_WINWATT_CACHE_GET reason_code=cache_missing_resolving_fresh diagnostic_fast_mode=False
2026-08-31 15:31:57.211 | DEBUG    | winwatt_automation.live_ui.app_connector:list_candidate_windows:180 - Discovered 0 WinWatt-like windows on backend=win32
2026-08-31 15:31:57.211 | INFO     | winwatt_automation.live_ui.app_connector:_connect_with_win32_handle:276 - DBG_WINWATT_CONNECT_WIN32_CANDIDATES locator=backend=win32 ranked_candidates=[] 
2026-08-31 15:31:57.211 | WARNING  | winwatt_automation.runtime_mapping.program_mapper:_safe_capture_snapshot:191 - snapshot_capture_failed state_id=startup_after_relaunch error=No WinWatt-like windows were found
2026-08-31 15:31:57.721 | INFO     | winwatt_automation.live_ui.app_connector:get_cached_main_window:597 - DBG_WINWATT_CACHE_GET reason_code=cache_missing_resolving_fresh diagnostic_fast_mode=False
2026-08-31 15:31:57.796 | DEBUG    | winwatt_automation.live_ui.app_connector:list_candidate_windows:180 - Discovered 0 WinWatt-like windows on backend=win32
2026-08-31 15:31:57.796 | INFO     | winwatt_automation.live_ui.app_connector:_connect_with_win32_handle:276 - DBG_WINWATT_CONNECT_WIN32_CANDIDATES locator=backend=win32 ranked_candidates=[] 
2026-08-31 15:31:57.796 | WARNING  | winwatt_automation.runtime_mapping.program_mapper:_safe_capture_snapshot:191 - snapshot_capture_failed state_id=startup_after_relaunch error=No WinWatt-like windows were found
2026-08-31 15:31:58.306 | INFO     | winwatt_automation.live_ui.app_connector:get_cached_main_window:597 - DBG_WINWATT_CACHE_GET reason_code=cache_missing_resolving_fresh diagnostic_fast_mode=False
2026-08-31 15:31:58.378 | DEBUG    | winwatt_automation.live_ui.app_connector:list_candidate_windows:180 - Discovered 0 WinWatt-like windows on backend=win32
2026-08-31 15:31:58.378 | INFO     | winwatt_automation.live_ui.app_connector:_connect_with_win32_handle:276 - DBG_WINWATT_CONNECT_WIN32_CANDIDATES locator=backend=win32 ranked_candidates=[] 
2026-08-31 15:31:58.378 | WARNING  | winwatt_automation.runtime_mapping.program_mapper:_safe_capture_snapshot:191 - snapshot_capture_failed state_id=startup_after_relaunch error=No WinWatt-like windows were found
2026-08-31 15:31:58.891 | INFO     | winwatt_automation.live_ui.app_connector:get_cached_main_window:597 - DBG_WINWATT_CACHE_GET reason_code=cache_missing_resolving_fresh diagnostic_fast_mode=False
2026-08-31 15:31:58.963 | DEBUG    | winwatt_automation.live_ui.app_connector:list_candidate_windows:180 - Discovered 0 WinWatt-like windows on backend=win32
2026-08-31 15:31:58.963 | INFO     | winwatt_automation.live_ui.app_connector:_connect_with_win32_handle:276 - DBG_WINWATT_CONNECT_WIN32_CANDIDATES locator=backend=win32 ranked_candidates=[] 
2026-08-31 15:31:58.963 | WARNING  | winwatt_automation.runtime_mapping.program_mapper:_safe_capture_snapshot:191 - snapshot_capture_failed state_id=startup_after_relaunch error=No WinWatt-like windows were found
2026-08-31 15:31:59.476 | INFO     | winwatt_automation.live_ui.app_connector:get_cached_main_window:597 - DBG_WINWATT_CACHE_GET reason_code=cache_missing_resolving_fresh diagnostic_fast_mode=False
2026-08-31 15:31:59.578 | DEBUG    | winwatt_automation.live_ui.app_connector:list_candidate_windows:180 - Discovered 0 WinWatt-like windows on backend=win32
2026-08-31 15:31:59.578 | INFO     | winwatt_automation.live_ui.app_connector:_connect_with_win32_handle:276 - DBG_WINWATT_CONNECT_WIN32_CANDIDATES locator=backend=win32 ranked_candidates=[] 
2026-08-31 15:31:59.578 | WARNING  | winwatt_automation.runtime_mapping.program_mapper:_safe_capture_snapshot:191 - snapshot_capture_failed state_id=startup_after_relaunch error=No WinWatt-like windows were found
2026-08-31 15:32:00.085 | INFO     | winwatt_automation.live_ui.app_connector:get_cached_main_window:597 - DBG_WINWATT_CACHE_GET reason_code=cache_missing_resolving_fresh diagnostic_fast_mode=False
2026-08-31 15:32:00.161 | DEBUG    | winwatt_automation.live_ui.app_connector:list_candidate_windows:180 - Discovered 0 WinWatt-like windows on backend=win32
2026-08-31 15:32:00.161 | INFO     | winwatt_automation.live_ui.app_connector:_connect_with_win32_handle:276 - DBG_WINWATT_CONNECT_WIN32_CANDIDATES locator=backend=win32 ranked_candidates=[] 
2026-08-31 15:32:00.161 | WARNING  | winwatt_automation.runtime_mapping.program_mapper:_safe_capture_snapshot:191 - snapshot_capture_failed state_id=startup_after_relaunch error=No WinWatt-like windows were found
2026-08-31 15:32:00.671 | INFO     | winwatt_automation.live_ui.app_connector:get_cached_main_window:597 - DBG_WINWATT_CACHE_GET reason_code=cache_missing_resolving_fresh diagnostic_fast_mode=False
2026-08-31 15:32:00.806 | DEBUG    | winwatt_automation.live_ui.app_connector:list_candidate_windows:180 - Discovered 1 WinWatt-like windows on backend=win32
2026-08-31 15:32:00.806 | DEBUG    | winwatt_automation.live_ui.app_connector:list_candidate_windows:182 - Candidate[win32]: {'title': 'WinWatt gólya - C:\\Users\\Admin\\Documents\\GitHub\\autowinwatt\\winwatt_automation\\data\\runtime_maps\\full_authorized_sandbox\\building_three_rooms_20260831T153116\\s', 'window_text': 'WinWatt gólya - C:\\Users\\Admin\\Documents\\GitHub\\autowinwatt\\winwatt_automation\\data\\runtime_maps\\full_authorized_sandbox\\building_three_rooms_20260831T153116\\s', 'class_name': 'TMainForm', 'control_type': None, 'process_id': 6320, 'handle': None, 'is_visible': True, 'is_enabled': True, 'rectangle': {'left': -10, 'top': -10, 'right': 1930, 'bottom': 1030, 'width': 1940, 'height': 1040}, 'size': {'width': 1940, 'height': 1040}}
2026-08-31 15:32:00.821 | INFO     | winwatt_automation.live_ui.app_connector:_connect_with_win32_handle:276 - DBG_WINWATT_CONNECT_WIN32_CANDIDATES locator=backend=win32 ranked_candidates=[{'rank': 1, 'score': (1, 1, 1, 1, 2017600), 'process_id': 6320, 'handle': None, 'class_name': 'TMainForm', 'title': 'WinWatt gólya - C:\\Users\\Admin\\Documents\\GitHub\\autowinwatt\\winwatt_automation\\data\\runtime_maps\\full_authorized_sandbox\\building_three_rooms_20260831T153116\\s', 'visible': True, 'enabled': True}] 
2026-08-31 15:32:00.821 | INFO     | winwatt_automation.live_ui.app_connector:select_main_window:224 - Candidate ranking score=(1, 1, 1, 1, 2017600) data={'title': 'WinWatt gólya - C:\\Users\\Admin\\Documents\\GitHub\\autowinwatt\\winwatt_automation\\data\\runtime_maps\\full_authorized_sandbox\\building_three_rooms_20260831T153116\\s', 'window_text': 'WinWatt gólya - C:\\Users\\Admin\\Documents\\GitHub\\autowinwatt\\winwatt_automation\\data\\runtime_maps\\full_authorized_sandbox\\building_three_rooms_20260831T153116\\s', 'class_name': 'TMainForm', 'control_type': None, 'process_id': 6320, 'handle': None, 'is_visible': True, 'is_enabled': True, 'rectangle': {'left': -10, 'top': -10, 'right': 1930, 'bottom': 1030, 'width': 1940, 'height': 1040}, 'size': {'width': 1940, 'height': 1040}}
2026-08-31 15:32:00.821 | INFO     | winwatt_automation.live_ui.app_connector:select_main_window:234 - Selected main window process_id=6320 handle=None score=(1, 1, 1, 1, 2017600) reasons=['has_process_id=True', 'has_handle=False', 'visible=True', 'enabled=True', 'title_has_winwatt=True', 'area=2017600']
2026-08-31 15:32:00.821 | INFO     | winwatt_automation.live_ui.app_connector:_connect_with_win32_handle:293 - DBG_WINWATT_CONNECT_WIN32_SELECTED selected_payload={'title': 'WinWatt gólya - C:\\Users\\Admin\\Documents\\GitHub\\autowinwatt\\winwatt_automation\\data\\runtime_maps\\full_authorized_sandbox\\building_three_rooms_20260831T153116\\s', 'window_text': 'WinWatt gólya - C:\\Users\\Admin\\Documents\\GitHub\\autowinwatt\\winwatt_automation\\data\\runtime_maps\\full_authorized_sandbox\\building_three_rooms_20260831T153116\\s', 'class_name': 'TMainForm', 'control_type': None, 'process_id': 6320, 'handle': None, 'is_visible': True, 'is_enabled': True, 'rectangle': {'left': -10, 'top': -10, 'right': 1930, 'bottom': 1030, 'width': 1940, 'height': 1040}, 'size': {'width': 1940, 'height': 1040}} selected_handle_is_none=True
2026-08-31 15:32:00.821 | INFO     | winwatt_automation.live_ui.app_connector:_connect_with_win32_handle:336 - Connected to WinWatt backend=win32 attach_mode=process candidate={'process_id': 6320, 'handle': None, 'class_name': 'TMainForm', 'title': 'WinWatt gólya - C:\\Users\\Admin\\Documents\\GitHub\\autowinwatt\\winwatt_automation\\data\\runtime_maps\\full_authorized_sandbox\\building_three_rooms_20260831T153116\\s'}
2026-08-31 15:32:00.821 | INFO     | winwatt_automation.live_ui.app_connector:_connect_with_win32_handle:350 - DBG_WINWATT_CONNECT_WIN32_RESOLVED process_id=6320 resolved_handle=None selected_payload={'title': 'WinWatt gólya - C:\\Users\\Admin\\Documents\\GitHub\\autowinwatt\\winwatt_automation\\data\\runtime_maps\\full_authorized_sandbox\\building_three_rooms_20260831T153116\\s', 'window_text': 'WinWatt gólya - C:\\Users\\Admin\\Documents\\GitHub\\autowinwatt\\winwatt_automation\\data\\runtime_maps\\full_authorized_sandbox\\building_three_rooms_20260831T153116\\s', 'class_name': 'TMainForm', 'control_type': None, 'process_id': 6320, 'handle': None, 'is_visible': True, 'is_enabled': True, 'rectangle': {'left': -10, 'top': -10, 'right': 1930, 'bottom': 1030, 'width': 1940, 'height': 1040}, 'size': {'width': 1940, 'height': 1040}}
2026-08-31 15:32:00.821 | INFO     | winwatt_automation.live_ui.app_connector:_resolve_uia_main_window:382 - DBG_WINWATT_RESOLVE_UIA_WIN32_SELECTED selected_payload={'title': 'WinWatt gólya - C:\\Users\\Admin\\Documents\\GitHub\\autowinwatt\\winwatt_automation\\data\\runtime_maps\\full_authorized_sandbox\\building_three_rooms_20260831T153116\\s', 'window_text': 'WinWatt gólya - C:\\Users\\Admin\\Documents\\GitHub\\autowinwatt\\winwatt_automation\\data\\runtime_maps\\full_authorized_sandbox\\building_three_rooms_20260831T153116\\s', 'class_name': 'TMainForm', 'control_type': None, 'process_id': 6320, 'handle': None, 'is_visible': True, 'is_enabled': True, 'rectangle': {'left': -10, 'top': -10, 'right': 1930, 'bottom': 1030, 'width': 1940, 'height': 1040}, 'size': {'width': 1940, 'height': 1040}}
2026-08-31 15:32:00.821 | INFO     | winwatt_automation.live_ui.app_connector:_resolve_uia_main_window:388 - Connected to WinWatt backend=uia process_id=6320
2026-08-31 15:32:00.821 | INFO     | winwatt_automation.live_ui.app_connector:_resolve_uia_main_window:390 - Resolving main WinWatt window backend=uia class_name=TMainForm title_re=.*WinWatt.*
2026-08-31 15:32:01.241 | INFO     | winwatt_automation.live_ui.app_connector:_resolve_uia_main_window:400 - DBG_WINWATT_RESOLVE_UIA_PRIMARY selected_payload={'title': 'WinWatt gólya - C:\\Users\\Admin\\Documents\\GitHub\\autowinwatt\\winwatt_automation\\data\\runtime_maps\\full_authorized_sandbox\\building_three_rooms_20260831T153116\\s', 'window_text': 'WinWatt gólya - C:\\Users\\Admin\\Documents\\GitHub\\autowinwatt\\winwatt_automation\\data\\runtime_maps\\full_authorized_sandbox\\building_three_rooms_20260831T153116\\s', 'class_name': 'TMainForm', 'control_type': None, 'process_id': 6320, 'handle': None, 'is_visible': True, 'is_enabled': True, 'rectangle': {'left': -10, 'top': -10, 'right': 1930, 'bottom': 1030, 'width': 1940, 'height': 1040}, 'size': {'width': 1940, 'height': 1040}} primary_result={'wrapper_type': 'UIAWrapper', 'handle': 130877412, 'process_id': 6320, 'title': 'WinWatt gólya - C:\\Users\\Admin\\Documents\\GitHub\\autowinwatt\\winwatt_automation\\data\\runtime_maps\\full_authorized_sandbox\\building_three_rooms_20260831T153116\\s', 'class_name': 'TMainForm', 'control_type': 'Window'} identity_match_with_win32=None
2026-08-31 15:32:01.241 | DEBUG    | winwatt_automation.live_ui.app_connector:get_cached_main_window:606 - DBG_PHASE_TIMING phase=get_cached_main_window elapsed_ms=562.000 reason_code=fresh_resolve
2026-08-31 15:32:01.399 | DEBUG    | winwatt_automation.live_ui.app_connector:get_cached_main_window:565 - DBG_WINWATT_CACHE_GET reason_code=cache_reused_without_validation payload={'wrapper_type': 'UIAWrapper', 'handle': 130877412, 'process_id': 6320, 'title': 'WinWatt gólya - C:\\Users\\Admin\\Documents\\GitHub\\autowinwatt\\winwatt_automation\\data\\runtime_maps\\full_authorized_sandbox\\building_three_rooms_20260831T153116\\s', 'class_name': 'TMainForm', 'control_type': 'Window'} last_validation_age_s=0.1559999999590218 diagnostic_fast_mode=False
2026-08-31 15:32:01.415 | DEBUG    | winwatt_automation.live_ui.app_connector:get_cached_main_window:566 - DBG_PHASE_TIMING phase=get_cached_main_window elapsed_ms=16.000 reason_code=cache_reused_without_validation
2026-08-31 15:32:01.416 | DEBUG    | winwatt_automation.live_ui.app_connector:get_cached_main_window:565 - DBG_WINWATT_CACHE_GET reason_code=cache_reused_without_validation payload={'wrapper_type': 'UIAWrapper', 'handle': 130877412, 'process_id': 6320, 'title': 'WinWatt gólya - C:\\Users\\Admin\\Documents\\GitHub\\autowinwatt\\winwatt_automation\\data\\runtime_maps\\full_authorized_sandbox\\building_three_rooms_20260831T153116\\s', 'class_name': 'TMainForm', 'control_type': 'Window'} last_validation_age_s=0.1720000000204891 diagnostic_fast_mode=False
2026-08-31 15:32:01.416 | DEBUG    | winwatt_automation.live_ui.app_connector:get_cached_main_window:566 - DBG_PHASE_TIMING phase=get_cached_main_window elapsed_ms=0.000 reason_code=cache_reused_without_validation
2026-08-31 15:32:02.033 | INFO     | winwatt_automation.live_ui.menu_helpers:_menu_items:1101 - DBG_MENU_ITEMS_SUMMARY total_items=7 visible_items=7 topbar_band=(0, 0, 392, 53) topbar_band_visible_count=7 popup_region_visible_count=0 force_refresh=True handle=130877412
2026-08-31 15:32:02.033 | DEBUG    | winwatt_automation.live_ui.menu_helpers:_menu_items:1111 - Discovered 7 MenuItem controls
2026-08-31 15:32:02.033 | DEBUG    | winwatt_automation.live_ui.menu_helpers:_log_phase_timing:83 - DBG_PHASE_TIMING phase=_menu_items elapsed_ms=641.000 force_refresh=True total_items=7 visible_items=7
2026-08-31 15:32:02.112 | INFO     | winwatt_automation.live_ui.menu_helpers:list_top_menu_items:1141 - Top-level menu items (raw): ['Rendszer', 'Fájl', 'Jegyzékek', 'Eszközök', 'Beállítások', 'Ablak', 'Súgó']
2026-08-31 15:32:02.112 | DEBUG    | winwatt_automation.live_ui.menu_helpers:_log_phase_timing:83 - DBG_PHASE_TIMING phase=list_top_menu_items elapsed_ms=719.000 count=7
2026-08-31 15:32:02.623 | DEBUG    | winwatt_automation.live_ui.app_connector:get_cached_main_window:565 - DBG_WINWATT_CACHE_GET reason_code=cache_reused_without_validation payload={'wrapper_type': 'UIAWrapper', 'handle': 130877412, 'process_id': 6320, 'title': 'WinWatt gólya - C:\\Users\\Admin\\Documents\\GitHub\\autowinwatt\\winwatt_automation\\data\\runtime_maps\\full_authorized_sandbox\\building_three_rooms_20260831T153116\\s', 'class_name': 'TMainForm', 'control_type': 'Window'} last_validation_age_s=1.390999999945052 diagnostic_fast_mode=False
2026-08-31 15:32:02.631 | DEBUG    | winwatt_automation.live_ui.app_connector:get_cached_main_window:566 - DBG_PHASE_TIMING phase=get_cached_main_window elapsed_ms=0.000 reason_code=cache_reused_without_validation
2026-08-31 15:32:02.788 | DEBUG    | winwatt_automation.live_ui.app_connector:get_cached_main_window:565 - DBG_WINWATT_CACHE_GET reason_code=cache_reused_without_validation payload={'wrapper_type': 'UIAWrapper', 'handle': 130877412, 'process_id': 6320, 'title': 'WinWatt gólya - C:\\Users\\Admin\\Documents\\GitHub\\autowinwatt\\winwatt_automation\\data\\runtime_maps\\full_authorized_sandbox\\building_three_rooms_20260831T153116\\s', 'class_name': 'TMainForm', 'control_type': 'Window'} last_validation_age_s=1.547000000020489 diagnostic_fast_mode=False
2026-08-31 15:32:02.788 | DEBUG    | winwatt_automation.live_ui.app_connector:get_cached_main_window:566 - DBG_PHASE_TIMING phase=get_cached_main_window elapsed_ms=0.000 reason_code=cache_reused_without_validation
2026-08-31 15:32:02.788 | DEBUG    | winwatt_automation.live_ui.app_connector:get_cached_main_window:565 - DBG_WINWATT_CACHE_GET reason_code=cache_reused_without_validation payload={'wrapper_type': 'UIAWrapper', 'handle': 130877412, 'process_id': 6320, 'title': 'WinWatt gólya - C:\\Users\\Admin\\Documents\\GitHub\\autowinwatt\\winwatt_automation\\data\\runtime_maps\\full_authorized_sandbox\\building_three_rooms_20260831T153116\\s', 'class_name': 'TMainForm', 'control_type': 'Window'} last_validation_age_s=1.547000000020489 diagnostic_fast_mode=False
2026-08-31 15:32:02.788 | DEBUG    | winwatt_automation.live_ui.app_connector:get_cached_main_window:566 - DBG_PHASE_TIMING phase=get_cached_main_window elapsed_ms=0.000 reason_code=cache_reused_without_validation
2026-08-31 15:32:03.325 | INFO     | winwatt_automation.live_ui.menu_helpers:_menu_items:1101 - DBG_MENU_ITEMS_SUMMARY total_items=7 visible_items=7 topbar_band=(0, 0, 392, 53) topbar_band_visible_count=7 popup_region_visible_count=0 force_refresh=True handle=130877412
2026-08-31 15:32:03.325 | DEBUG    | winwatt_automation.live_ui.menu_helpers:_menu_items:1111 - Discovered 7 MenuItem controls
2026-08-31 15:32:03.325 | DEBUG    | winwatt_automation.live_ui.menu_helpers:_log_phase_timing:83 - DBG_PHASE_TIMING phase=_menu_items elapsed_ms=547.000 force_refresh=True total_items=7 visible_items=7
2026-08-31 15:32:03.388 | INFO     | winwatt_automation.live_ui.menu_helpers:list_top_menu_items:1141 - Top-level menu items (raw): ['Rendszer', 'Fájl', 'Jegyzékek', 'Eszközök', 'Beállítások', 'Ablak', 'Súgó']
2026-08-31 15:32:03.404 | DEBUG    | winwatt_automation.live_ui.menu_helpers:_log_phase_timing:83 - DBG_PHASE_TIMING phase=list_top_menu_items elapsed_ms=625.000 count=7
2026-08-31 15:32:03.913 | DEBUG    | winwatt_automation.live_ui.app_connector:get_cached_main_window:565 - DBG_WINWATT_CACHE_GET reason_code=cache_reused_without_validation payload={'wrapper_type': 'UIAWrapper', 'handle': 130877412, 'process_id': 6320, 'title': 'WinWatt gólya - C:\\Users\\Admin\\Documents\\GitHub\\autowinwatt\\winwatt_automation\\data\\runtime_maps\\full_authorized_sandbox\\building_three_rooms_20260831T153116\\s', 'class_name': 'TMainForm', 'control_type': 'Window'} last_validation_age_s=2.672000000020489 diagnostic_fast_mode=False
2026-08-31 15:32:03.913 | DEBUG    | winwatt_automation.live_ui.app_connector:get_cached_main_window:566 - DBG_PHASE_TIMING phase=get_cached_main_window elapsed_ms=0.000 reason_code=cache_reused_without_validation
2026-08-31 15:32:04.073 | DEBUG    | winwatt_automation.live_ui.app_connector:get_cached_main_window:565 - DBG_WINWATT_CACHE_GET reason_code=cache_reused_without_validation payload={'wrapper_type': 'UIAWrapper', 'handle': 130877412, 'process_id': 6320, 'title': 'WinWatt gólya - C:\\Users\\Admin\\Documents\\GitHub\\autowinwatt\\winwatt_automation\\data\\runtime_maps\\full_authorized_sandbox\\building_three_rooms_20260831T153116\\s', 'class_name': 'TMainForm', 'control_type': 'Window'} last_validation_age_s=2.827999999979511 diagnostic_fast_mode=False
2026-08-31 15:32:04.073 | DEBUG    | winwatt_automation.live_ui.app_connector:get_cached_main_window:566 - DBG_PHASE_TIMING phase=get_cached_main_window elapsed_ms=0.000 reason_code=cache_reused_without_validation
2026-08-31 15:32:04.073 | DEBUG    | winwatt_automation.live_ui.app_connector:get_cached_main_window:565 - DBG_WINWATT_CACHE_GET reason_code=cache_reused_without_validation payload={'wrapper_type': 'UIAWrapper', 'handle': 130877412, 'process_id': 6320, 'title': 'WinWatt gólya - C:\\Users\\Admin\\Documents\\GitHub\\autowinwatt\\winwatt_automation\\data\\runtime_maps\\full_authorized_sandbox\\building_three_rooms_20260831T153116\\s', 'class_name': 'TMainForm', 'control_type': 'Window'} last_validation_age_s=2.827999999979511 diagnostic_fast_mode=False
2026-08-31 15:32:04.073 | DEBUG    | winwatt_automation.live_ui.app_connector:get_cached_main_window:566 - DBG_PHASE_TIMING phase=get_cached_main_window elapsed_ms=0.000 reason_code=cache_reused_without_validation
2026-08-31 15:32:04.647 | INFO     | winwatt_automation.live_ui.menu_helpers:_menu_items:1101 - DBG_MENU_ITEMS_SUMMARY total_items=7 visible_items=7 topbar_band=(0, 0, 392, 53) topbar_band_visible_count=7 popup_region_visible_count=0 force_refresh=True handle=130877412
2026-08-31 15:32:04.659 | DEBUG    | winwatt_automation.live_ui.menu_helpers:_menu_items:1111 - Discovered 7 MenuItem controls
2026-08-31 15:32:04.660 | DEBUG    | winwatt_automation.live_ui.menu_helpers:_log_phase_timing:83 - DBG_PHASE_TIMING phase=_menu_items elapsed_ms=594.000 force_refresh=True total_items=7 visible_items=7
2026-08-31 15:32:04.737 | INFO     | winwatt_automation.live_ui.menu_helpers:list_top_menu_items:1141 - Top-level menu items (raw): ['Rendszer', 'Fájl', 'Jegyzékek', 'Eszközök', 'Beállítások', 'Ablak', 'Súgó']
2026-08-31 15:32:04.737 | DEBUG    | winwatt_automation.live_ui.menu_helpers:_log_phase_timing:83 - DBG_PHASE_TIMING phase=list_top_menu_items elapsed_ms=672.000 count=7
2026-08-31 15:32:05.263 | INFO     | winwatt_automation.live_ui.app_connector:is_winwatt_foreground_context:1161 - DBG_WINWATT_FOREGROUND_CONTEXT expected_handle=130877412 expected_process_id=6320 expected_title=WinWatt gólya - C:\Users\Admin\Documents\GitHub\autowinwatt\winwatt_automation\data\runtime_maps\full_authorized_sandbox\building_three_rooms_20260831T153116\s expected_class_name=TMainForm actual_foreground_handle=130877412 actual_foreground_process_id=6320 actual_foreground_title=WinWatt gólya - C:\Users\Admin\Documents\GitHub\autowinwatt\winwatt_automation\data\runtime_maps\full_authorized_sandbox\building_three_rooms_20260831T153116\s actual_foreground_class_name=TMainForm allow_dialog=True result_reason=handle_match
2026-08-31 15:32:05.263 | INFO     | winwatt_automation.live_ui.app_connector:_cached_window_health_status:489 - DBG_WINWATT_CACHE_HEALTH reason_code=healthy payload={'wrapper_type': 'UIAWrapper', 'handle': 130877412, 'process_id': 6320, 'title': 'WinWatt gólya - C:\\Users\\Admin\\Documents\\GitHub\\autowinwatt\\winwatt_automation\\data\\runtime_maps\\full_authorized_sandbox\\building_three_rooms_20260831T153116\\s', 'class_name': 'TMainForm', 'control_type': 'Window'}
2026-08-31 15:32:05.276 | DEBUG    | winwatt_automation.live_ui.app_connector:get_cached_main_window:574 - DBG_WINWATT_CACHE_GET reason_code=cache_validated_ok payload={'wrapper_type': 'UIAWrapper', 'handle': 130877412, 'process_id': 6320, 'title': 'WinWatt gólya - C:\\Users\\Admin\\Documents\\GitHub\\autowinwatt\\winwatt_automation\\data\\runtime_maps\\full_authorized_sandbox\\building_three_rooms_20260831T153116\\s', 'class_name': 'TMainForm', 'control_type': 'Window'} last_validation_age_s=4.015999999945052 diagnostic_fast_mode=False
2026-08-31 15:32:05.277 | DEBUG    | winwatt_automation.live_ui.app_connector:get_cached_main_window:575 - DBG_PHASE_TIMING phase=get_cached_main_window elapsed_ms=15.000 reason_code=cache_validated_ok
2026-08-31 15:32:05.409 | DEBUG    | winwatt_automation.live_ui.app_connector:get_cached_main_window:565 - DBG_WINWATT_CACHE_GET reason_code=cache_reused_without_validation payload={'wrapper_type': 'UIAWrapper', 'handle': 130877412, 'process_id': 6320, 'title': 'WinWatt gólya - C:\\Users\\Admin\\Documents\\GitHub\\autowinwatt\\winwatt_automation\\data\\runtime_maps\\full_authorized_sandbox\\building_three_rooms_20260831T153116\\s', 'class_name': 'TMainForm', 'control_type': 'Window'} last_validation_age_s=0.15600000007543713 diagnostic_fast_mode=False
2026-08-31 15:32:05.422 | DEBUG    | winwatt_automation.live_ui.app_connector:get_cached_main_window:566 - DBG_PHASE_TIMING phase=get_cached_main_window elapsed_ms=16.000 reason_code=cache_reused_without_validation
2026-08-31 15:32:05.424 | DEBUG    | winwatt_automation.live_ui.app_connector:get_cached_main_window:565 - DBG_WINWATT_CACHE_GET reason_code=cache_reused_without_validation payload={'wrapper_type': 'UIAWrapper', 'handle': 130877412, 'process_id': 6320, 'title': 'WinWatt gólya - C:\\Users\\Admin\\Documents\\GitHub\\autowinwatt\\winwatt_automation\\data\\runtime_maps\\full_authorized_sandbox\\building_three_rooms_20260831T153116\\s', 'class_name': 'TMainForm', 'control_type': 'Window'} last_validation_age_s=0.1720000000204891 diagnostic_fast_mode=False
2026-08-31 15:32:05.424 | DEBUG    | winwatt_automation.live_ui.app_connector:get_cached_main_window:566 - DBG_PHASE_TIMING phase=get_cached_main_window elapsed_ms=0.000 reason_code=cache_reused_without_validation
2026-08-31 15:32:05.948 | INFO     | winwatt_automation.live_ui.menu_helpers:_menu_items:1101 - DBG_MENU_ITEMS_SUMMARY total_items=7 visible_items=7 topbar_band=(0, 0, 392, 53) topbar_band_visible_count=7 popup_region_visible_count=0 force_refresh=True handle=130877412
2026-08-31 15:32:05.948 | DEBUG    | winwatt_automation.live_ui.menu_helpers:_menu_items:1111 - Discovered 7 MenuItem controls
2026-08-31 15:32:05.948 | DEBUG    | winwatt_automation.live_ui.menu_helpers:_log_phase_timing:83 - DBG_PHASE_TIMING phase=_menu_items elapsed_ms=531.000 force_refresh=True total_items=7 visible_items=7
2026-08-31 15:32:06.024 | INFO     | winwatt_automation.live_ui.menu_helpers:list_top_menu_items:1141 - Top-level menu items (raw): ['Rendszer', 'Fájl', 'Jegyzékek', 'Eszközök', 'Beállítások', 'Ablak', 'Súgó']
2026-08-31 15:32:06.029 | DEBUG    | winwatt_automation.live_ui.menu_helpers:_log_phase_timing:83 - DBG_PHASE_TIMING phase=list_top_menu_items elapsed_ms=625.000 count=7
2026-08-31 15:32:06.531 | DEBUG    | winwatt_automation.live_ui.app_connector:get_cached_main_window:565 - DBG_WINWATT_CACHE_GET reason_code=cache_reused_without_validation payload={'wrapper_type': 'UIAWrapper', 'handle': 130877412, 'process_id': 6320, 'title': 'WinWatt gólya - C:\\Users\\Admin\\Documents\\GitHub\\autowinwatt\\winwatt_automation\\data\\runtime_maps\\full_authorized_sandbox\\building_three_rooms_20260831T153116\\s', 'class_name': 'TMainForm', 'control_type': 'Window'} last_validation_age_s=1.2810000000754371 diagnostic_fast_mode=False
2026-08-31 15:32:06.531 | DEBUG    | winwatt_automation.live_ui.app_connector:get_cached_main_window:566 - DBG_PHASE_TIMING phase=get_cached_main_window elapsed_ms=0.000 reason_code=cache_reused_without_validation
2026-08-31 15:32:06.681 | DEBUG    | winwatt_automation.live_ui.app_connector:get_cached_main_window:565 - DBG_WINWATT_CACHE_GET reason_code=cache_reused_without_validation payload={'wrapper_type': 'UIAWrapper', 'handle': 130877412, 'process_id': 6320, 'title': 'WinWatt gólya - C:\\Users\\Admin\\Documents\\GitHub\\autowinwatt\\winwatt_automation\\data\\runtime_maps\\full_authorized_sandbox\\building_three_rooms_20260831T153116\\s', 'class_name': 'TMainForm', 'control_type': 'Window'} last_validation_age_s=1.422000000020489 diagnostic_fast_mode=False
2026-08-31 15:32:06.681 | DEBUG    | winwatt_automation.live_ui.app_connector:get_cached_main_window:566 - DBG_PHASE_TIMING phase=get_cached_main_window elapsed_ms=0.000 reason_code=cache_reused_without_validation
2026-08-31 15:32:06.681 | DEBUG    | winwatt_automation.live_ui.app_connector:get_cached_main_window:565 - DBG_WINWATT_CACHE_GET reason_code=cache_reused_without_validation payload={'wrapper_type': 'UIAWrapper', 'handle': 130877412, 'process_id': 6320, 'title': 'WinWatt gólya - C:\\Users\\Admin\\Documents\\GitHub\\autowinwatt\\winwatt_automation\\data\\runtime_maps\\full_authorized_sandbox\\building_three_rooms_20260831T153116\\s', 'class_name': 'TMainForm', 'control_type': 'Window'} last_validation_age_s=1.422000000020489 diagnostic_fast_mode=False
2026-08-31 15:32:06.681 | DEBUG    | winwatt_automation.live_ui.app_connector:get_cached_main_window:566 - DBG_PHASE_TIMING phase=get_cached_main_window elapsed_ms=0.000 reason_code=cache_reused_without_validation
2026-08-31 15:32:07.212 | INFO     | winwatt_automation.live_ui.menu_helpers:_menu_items:1101 - DBG_MENU_ITEMS_SUMMARY total_items=7 visible_items=7 topbar_band=(0, 0, 392, 53) topbar_band_visible_count=7 popup_region_visible_count=0 force_refresh=True handle=130877412
2026-08-31 15:32:07.212 | DEBUG    | winwatt_automation.live_ui.menu_helpers:_menu_items:1111 - Discovered 7 MenuItem controls
2026-08-31 15:32:07.212 | DEBUG    | winwatt_automation.live_ui.menu_helpers:_log_phase_timing:83 - DBG_PHASE_TIMING phase=_menu_items elapsed_ms=531.000 force_refresh=True total_items=7 visible_items=7
2026-08-31 15:32:07.283 | INFO     | winwatt_automation.live_ui.menu_helpers:list_top_menu_items:1141 - Top-level menu items (raw): ['Rendszer', 'Fájl', 'Jegyzékek', 'Eszközök', 'Beállítások', 'Ablak', 'Súgó']
2026-08-31 15:32:07.283 | DEBUG    | winwatt_automation.live_ui.menu_helpers:_log_phase_timing:83 - DBG_PHASE_TIMING phase=list_top_menu_items elapsed_ms=609.000 count=7
2026-08-31 15:32:07.790 | DEBUG    | winwatt_automation.live_ui.app_connector:get_cached_main_window:565 - DBG_WINWATT_CACHE_GET reason_code=cache_reused_without_validation payload={'wrapper_type': 'UIAWrapper', 'handle': 130877412, 'process_id': 6320, 'title': 'WinWatt gólya - C:\\Users\\Admin\\Documents\\GitHub\\autowinwatt\\winwatt_automation\\data\\runtime_maps\\full_authorized_sandbox\\building_three_rooms_20260831T153116\\s', 'class_name': 'TMainForm', 'control_type': 'Window'} last_validation_age_s=2.531000000075437 diagnostic_fast_mode=False
2026-08-31 15:32:07.790 | DEBUG    | winwatt_automation.live_ui.app_connector:get_cached_main_window:566 - DBG_PHASE_TIMING phase=get_cached_main_window elapsed_ms=0.000 reason_code=cache_reused_without_validation
2026-08-31 15:32:07.975 | DEBUG    | winwatt_automation.live_ui.app_connector:get_cached_main_window:565 - DBG_WINWATT_CACHE_GET reason_code=cache_reused_without_validation payload={'wrapper_type': 'UIAWrapper', 'handle': 130877412, 'process_id': 6320, 'title': 'WinWatt gólya - C:\\Users\\Admin\\Documents\\GitHub\\autowinwatt\\winwatt_automation\\data\\runtime_maps\\full_authorized_sandbox\\building_three_rooms_20260831T153116\\s', 'class_name': 'TMainForm', 'control_type': 'Window'} last_validation_age_s=2.702999999979511 diagnostic_fast_mode=False
2026-08-31 15:32:07.975 | DEBUG    | winwatt_automation.live_ui.app_connector:get_cached_main_window:566 - DBG_PHASE_TIMING phase=get_cached_main_window elapsed_ms=15.000 reason_code=cache_reused_without_validation
2026-08-31 15:32:07.978 | DEBUG    | winwatt_automation.live_ui.app_connector:get_cached_main_window:565 - DBG_WINWATT_CACHE_GET reason_code=cache_reused_without_validation payload={'wrapper_type': 'UIAWrapper', 'handle': 130877412, 'process_id': 6320, 'title': 'WinWatt gólya - C:\\Users\\Admin\\Documents\\GitHub\\autowinwatt\\winwatt_automation\\data\\runtime_maps\\full_authorized_sandbox\\building_three_rooms_20260831T153116\\s', 'class_name': 'TMainForm', 'control_type': 'Window'} last_validation_age_s=2.7179999999934807 diagnostic_fast_mode=False
2026-08-31 15:32:07.978 | DEBUG    | winwatt_automation.live_ui.app_connector:get_cached_main_window:566 - DBG_PHASE_TIMING phase=get_cached_main_window elapsed_ms=0.000 reason_code=cache_reused_without_validation
2026-08-31 15:32:08.494 | INFO     | winwatt_automation.live_ui.menu_helpers:_menu_items:1101 - DBG_MENU_ITEMS_SUMMARY total_items=7 visible_items=7 topbar_band=(0, 0, 392, 53) topbar_band_visible_count=7 popup_region_visible_count=0 force_refresh=True handle=130877412
2026-08-31 15:32:08.494 | DEBUG    | winwatt_automation.live_ui.menu_helpers:_menu_items:1111 - Discovered 7 MenuItem controls
2026-08-31 15:32:08.494 | DEBUG    | winwatt_automation.live_ui.menu_helpers:_log_phase_timing:83 - DBG_PHASE_TIMING phase=_menu_items elapsed_ms=531.000 force_refresh=True total_items=7 visible_items=7
2026-08-31 15:32:08.589 | INFO     | winwatt_automation.live_ui.menu_helpers:list_top_menu_items:1141 - Top-level menu items (raw): ['Rendszer', 'Fájl', 'Jegyzékek', 'Eszközök', 'Beállítások', 'Ablak', 'Súgó']
2026-08-31 15:32:08.605 | DEBUG    | winwatt_automation.live_ui.menu_helpers:_log_phase_timing:83 - DBG_PHASE_TIMING phase=list_top_menu_items elapsed_ms=640.000 count=7
2026-08-31 15:32:09.110 | DEBUG    | winwatt_automation.live_ui.app_connector:get_cached_main_window:565 - DBG_WINWATT_CACHE_GET reason_code=cache_reused_without_validation payload={'wrapper_type': 'UIAWrapper', 'handle': 130877412, 'process_id': 6320, 'title': 'WinWatt gólya - C:\\Users\\Admin\\Documents\\GitHub\\autowinwatt\\winwatt_automation\\data\\runtime_maps\\full_authorized_sandbox\\building_three_rooms_20260831T153116\\s', 'class_name': 'TMainForm', 'control_type': 'Window'} last_validation_age_s=3.859000000054948 diagnostic_fast_mode=False
2026-08-31 15:32:09.111 | DEBUG    | winwatt_automation.live_ui.app_connector:get_cached_main_window:566 - DBG_PHASE_TIMING phase=get_cached_main_window elapsed_ms=0.000 reason_code=cache_reused_without_validation
2026-08-31 15:32:10.788 | INFO     | winwatt_automation.live_ui.app_connector:is_winwatt_foreground_context:1161 - DBG_WINWATT_FOREGROUND_CONTEXT expected_handle=130877412 expected_process_id=6320 expected_title=WinWatt gólya - C:\Users\Admin\Documents\GitHub\autowinwatt\winwatt_automation\data\runtime_maps\full_authorized_sandbox\building_three_rooms_20260831T153116\s expected_class_name=TMainForm actual_foreground_handle=130877412 actual_foreground_process_id=6320 actual_foreground_title=WinWatt gólya - C:\Users\Admin\Documents\GitHub\autowinwatt\winwatt_automation\data\runtime_maps\full_authorized_sandbox\building_three_rooms_20260831T153116\s actual_foreground_class_name=TMainForm allow_dialog=True result_reason=handle_match
2026-08-31 15:32:10.795 | INFO     | winwatt_automation.live_ui.app_connector:_cached_window_health_status:489 - DBG_WINWATT_CACHE_HEALTH reason_code=healthy payload={'wrapper_type': 'UIAWrapper', 'handle': 130877412, 'process_id': 6320, 'title': 'WinWatt gólya - C:\\Users\\Admin\\Documents\\GitHub\\autowinwatt\\winwatt_automation\\data\\runtime_maps\\full_authorized_sandbox\\building_three_rooms_20260831T153116\\s', 'class_name': 'TMainForm', 'control_type': 'Window'}
2026-08-31 15:32:10.803 | DEBUG    | winwatt_automation.live_ui.app_connector:get_cached_main_window:574 - DBG_WINWATT_CACHE_GET reason_code=cache_validated_ok payload={'wrapper_type': 'UIAWrapper', 'handle': 130877412, 'process_id': 6320, 'title': 'WinWatt gólya - C:\\Users\\Admin\\Documents\\GitHub\\autowinwatt\\winwatt_automation\\data\\runtime_maps\\full_authorized_sandbox\\building_three_rooms_20260831T153116\\s', 'class_name': 'TMainForm', 'control_type': 'Window'} last_validation_age_s=5.51500000001397 diagnostic_fast_mode=False
2026-08-31 15:32:10.803 | DEBUG    | winwatt_automation.live_ui.app_connector:get_cached_main_window:575 - DBG_PHASE_TIMING phase=get_cached_main_window elapsed_ms=32.000 reason_code=cache_validated_ok
2026-08-31 15:32:33.315 | INFO     | winwatt_automation.live_ui.app_connector:is_winwatt_foreground_context:1161 - DBG_WINWATT_FOREGROUND_CONTEXT expected_handle=130877412 expected_process_id=6320 expected_title=WinWatt gólya - C:\Users\Admin\Documents\GitHub\autowinwatt\winwatt_automation\data\runtime_maps\full_authorized_sandbox\building_three_rooms_20260831T153116\s expected_class_name=TMainForm actual_foreground_handle=130877412 actual_foreground_process_id=6320 actual_foreground_title=WinWatt gólya - C:\Users\Admin\Documents\GitHub\autowinwatt\winwatt_automation\data\runtime_maps\full_authorized_sandbox\building_three_rooms_20260831T153116\s actual_foreground_class_name=TMainForm allow_dialog=True result_reason=handle_match
2026-08-31 15:32:33.329 | INFO     | winwatt_automation.live_ui.app_connector:_cached_window_health_status:489 - DBG_WINWATT_CACHE_HEALTH reason_code=healthy payload={'wrapper_type': 'UIAWrapper', 'handle': 130877412, 'process_id': 6320, 'title': 'WinWatt gólya - C:\\Users\\Admin\\Documents\\GitHub\\autowinwatt\\winwatt_automation\\data\\runtime_maps\\full_authorized_sandbox\\building_three_rooms_20260831T153116\\s', 'class_name': 'TMainForm', 'control_type': 'Window'}
2026-08-31 15:32:33.348 | DEBUG    | winwatt_automation.live_ui.app_connector:get_cached_main_window:574 - DBG_WINWATT_CACHE_GET reason_code=cache_validated_ok payload={'wrapper_type': 'UIAWrapper', 'handle': 130877412, 'process_id': 6320, 'title': 'WinWatt gólya - C:\\Users\\Admin\\Documents\\GitHub\\autowinwatt\\winwatt_automation\\data\\runtime_maps\\full_authorized_sandbox\\building_three_rooms_20260831T153116\\s', 'class_name': 'TMainForm', 'control_type': 'Window'} last_validation_age_s=20.844000000040978 diagnostic_fast_mode=False
2026-08-31 15:32:33.360 | DEBUG    | winwatt_automation.live_ui.app_connector:get_cached_main_window:575 - DBG_PHASE_TIMING phase=get_cached_main_window elapsed_ms=1750.000 reason_code=cache_validated_ok
2026-08-31 15:32:33.564 | DEBUG    | winwatt_automation.live_ui.app_connector:get_cached_main_window:565 - DBG_WINWATT_CACHE_GET reason_code=cache_reused_without_validation payload={'wrapper_type': 'UIAWrapper', 'handle': 130877412, 'process_id': 6320, 'title': 'WinWatt gólya - C:\\Users\\Admin\\Documents\\GitHub\\autowinwatt\\winwatt_automation\\data\\runtime_maps\\full_authorized_sandbox\\building_three_rooms_20260831T153116\\s', 'class_name': 'TMainForm', 'control_type': 'Window'} last_validation_age_s=1.952999999979511 diagnostic_fast_mode=False
2026-08-31 15:32:33.588 | DEBUG    | winwatt_automation.live_ui.app_connector:get_cached_main_window:566 - DBG_PHASE_TIMING phase=get_cached_main_window elapsed_ms=16.000 reason_code=cache_reused_without_validation
2026-08-31 15:32:42.601 | INFO     | winwatt_automation.live_ui.app_connector:is_winwatt_foreground_context:1161 - DBG_WINWATT_FOREGROUND_CONTEXT expected_handle=130877412 expected_process_id=6320 expected_title=WinWatt gólya - C:\Users\Admin\Documents\GitHub\autowinwatt\winwatt_automation\data\runtime_maps\full_authorized_sandbox\building_three_rooms_20260831T153116\s expected_class_name=TMainForm actual_foreground_handle=95029278 actual_foreground_process_id=6320 actual_foreground_title=Határoló szerkezetek kiválasztása: Helyiségek - Automation demo room 1 actual_foreground_class_name=TSelectBoundarisForm allow_dialog=True result_reason=pid_match_allow_dialog
2026-08-31 15:32:42.641 | INFO     | winwatt_automation.live_ui.app_connector:_cached_window_health_status:489 - DBG_WINWATT_CACHE_HEALTH reason_code=healthy payload={'wrapper_type': 'UIAWrapper', 'handle': 130877412, 'process_id': 6320, 'title': 'WinWatt gólya - C:\\Users\\Admin\\Documents\\GitHub\\autowinwatt\\winwatt_automation\\data\\runtime_maps\\full_authorized_sandbox\\building_three_rooms_20260831T153116\\s', 'class_name': 'TMainForm', 'control_type': 'Window'}
2026-08-31 15:32:42.666 | DEBUG    | winwatt_automation.live_ui.app_connector:get_cached_main_window:574 - DBG_WINWATT_CACHE_GET reason_code=cache_validated_ok payload={'wrapper_type': 'UIAWrapper', 'handle': 130877412, 'process_id': 6320, 'title': 'WinWatt gólya - C:\\Users\\Admin\\Documents\\GitHub\\autowinwatt\\winwatt_automation\\data\\runtime_maps\\full_authorized_sandbox\\building_three_rooms_20260831T153116\\s', 'class_name': 'TMainForm', 'control_type': 'Window'} last_validation_age_s=10.968999999924563 diagnostic_fast_mode=False
2026-08-31 15:32:42.666 | DEBUG    | winwatt_automation.live_ui.app_connector:get_cached_main_window:575 - DBG_PHASE_TIMING phase=get_cached_main_window elapsed_ms=78.000 reason_code=cache_validated_ok
2026-08-31 15:32:43.925 | INFO     | winwatt_automation.live_ui.app_connector:get_cached_main_window:597 - DBG_WINWATT_CACHE_GET reason_code=cache_missing_resolving_fresh diagnostic_fast_mode=False
2026-08-31 15:32:44.195 | DEBUG    | winwatt_automation.live_ui.app_connector:list_candidate_windows:180 - Discovered 0 WinWatt-like windows on backend=win32
2026-08-31 15:32:44.207 | INFO     | winwatt_automation.live_ui.app_connector:_connect_with_win32_handle:276 - DBG_WINWATT_CONNECT_WIN32_CANDIDATES locator=backend=win32 ranked_candidates=[] 
2026-08-31 15:32:44.207 | WARNING  | winwatt_automation.runtime_mapping.program_mapper:_safe_capture_snapshot:191 - snapshot_capture_failed state_id=startup_after_relaunch error=No WinWatt-like windows were found
2026-08-31 15:32:44.708 | INFO     | winwatt_automation.live_ui.app_connector:get_cached_main_window:597 - DBG_WINWATT_CACHE_GET reason_code=cache_missing_resolving_fresh diagnostic_fast_mode=False
2026-08-31 15:32:47.347 | DEBUG    | winwatt_automation.live_ui.app_connector:list_candidate_windows:180 - Discovered 0 WinWatt-like windows on backend=win32
2026-08-31 15:32:47.347 | INFO     | winwatt_automation.live_ui.app_connector:_connect_with_win32_handle:276 - DBG_WINWATT_CONNECT_WIN32_CANDIDATES locator=backend=win32 ranked_candidates=[] 
2026-08-31 15:32:47.347 | WARNING  | winwatt_automation.runtime_mapping.program_mapper:_safe_capture_snapshot:191 - snapshot_capture_failed state_id=startup_after_relaunch error=No WinWatt-like windows were found
2026-08-31 15:32:47.856 | INFO     | winwatt_automation.live_ui.app_connector:get_cached_main_window:597 - DBG_WINWATT_CACHE_GET reason_code=cache_missing_resolving_fresh diagnostic_fast_mode=False
2026-08-31 15:32:49.461 | DEBUG    | winwatt_automation.live_ui.app_connector:list_candidate_windows:180 - Discovered 0 WinWatt-like windows on backend=win32
2026-08-31 15:32:49.479 | INFO     | winwatt_automation.live_ui.app_connector:_connect_with_win32_handle:276 - DBG_WINWATT_CONNECT_WIN32_CANDIDATES locator=backend=win32 ranked_candidates=[] 
2026-08-31 15:32:49.480 | WARNING  | winwatt_automation.runtime_mapping.program_mapper:_safe_capture_snapshot:191 - snapshot_capture_failed state_id=startup_after_relaunch error=No WinWatt-like windows were found
2026-08-31 15:32:49.982 | INFO     | winwatt_automation.live_ui.app_connector:get_cached_main_window:597 - DBG_WINWATT_CACHE_GET reason_code=cache_missing_resolving_fresh diagnostic_fast_mode=False
2026-08-31 15:32:50.071 | DEBUG    | winwatt_automation.live_ui.app_connector:list_candidate_windows:180 - Discovered 0 WinWatt-like windows on backend=win32
2026-08-31 15:32:50.076 | INFO     | winwatt_automation.live_ui.app_connector:_connect_with_win32_handle:276 - DBG_WINWATT_CONNECT_WIN32_CANDIDATES locator=backend=win32 ranked_candidates=[] 
2026-08-31 15:32:50.076 | WARNING  | winwatt_automation.runtime_mapping.program_mapper:_safe_capture_snapshot:191 - snapshot_capture_failed state_id=startup_after_relaunch error=No WinWatt-like windows were found
2026-08-31 15:32:50.577 | INFO     | winwatt_automation.live_ui.app_connector:get_cached_main_window:597 - DBG_WINWATT_CACHE_GET reason_code=cache_missing_resolving_fresh diagnostic_fast_mode=False
2026-08-31 15:32:50.701 | DEBUG    | winwatt_automation.live_ui.app_connector:list_candidate_windows:180 - Discovered 0 WinWatt-like windows on backend=win32
2026-08-31 15:32:50.701 | INFO     | winwatt_automation.live_ui.app_connector:_connect_with_win32_handle:276 - DBG_WINWATT_CONNECT_WIN32_CANDIDATES locator=backend=win32 ranked_candidates=[] 
2026-08-31 15:32:50.701 | WARNING  | winwatt_automation.runtime_mapping.program_mapper:_safe_capture_snapshot:191 - snapshot_capture_failed state_id=startup_after_relaunch error=No WinWatt-like windows were found
2026-08-31 15:32:51.210 | INFO     | winwatt_automation.live_ui.app_connector:get_cached_main_window:597 - DBG_WINWATT_CACHE_GET reason_code=cache_missing_resolving_fresh diagnostic_fast_mode=False
2026-08-31 15:32:51.309 | DEBUG    | winwatt_automation.live_ui.app_connector:list_candidate_windows:180 - Discovered 0 WinWatt-like windows on backend=win32
2026-08-31 15:32:51.310 | INFO     | winwatt_automation.live_ui.app_connector:_connect_with_win32_handle:276 - DBG_WINWATT_CONNECT_WIN32_CANDIDATES locator=backend=win32 ranked_candidates=[] 
2026-08-31 15:32:51.310 | WARNING  | winwatt_automation.runtime_mapping.program_mapper:_safe_capture_snapshot:191 - snapshot_capture_failed state_id=startup_after_relaunch error=No WinWatt-like windows were found
2026-08-31 15:32:51.812 | INFO     | winwatt_automation.live_ui.app_connector:get_cached_main_window:597 - DBG_WINWATT_CACHE_GET reason_code=cache_missing_resolving_fresh diagnostic_fast_mode=False
2026-08-31 15:32:51.891 | DEBUG    | winwatt_automation.live_ui.app_connector:list_candidate_windows:180 - Discovered 0 WinWatt-like windows on backend=win32
2026-08-31 15:32:51.897 | INFO     | winwatt_automation.live_ui.app_connector:_connect_with_win32_handle:276 - DBG_WINWATT_CONNECT_WIN32_CANDIDATES locator=backend=win32 ranked_candidates=[] 
2026-08-31 15:32:51.897 | WARNING  | winwatt_automation.runtime_mapping.program_mapper:_safe_capture_snapshot:191 - snapshot_capture_failed state_id=startup_after_relaunch error=No WinWatt-like windows were found
2026-08-31 15:32:52.399 | INFO     | winwatt_automation.live_ui.app_connector:get_cached_main_window:597 - DBG_WINWATT_CACHE_GET reason_code=cache_missing_resolving_fresh diagnostic_fast_mode=False
2026-08-31 15:32:52.494 | DEBUG    | winwatt_automation.live_ui.app_connector:list_candidate_windows:180 - Discovered 0 WinWatt-like windows on backend=win32
2026-08-31 15:32:52.495 | INFO     | winwatt_automation.live_ui.app_connector:_connect_with_win32_handle:276 - DBG_WINWATT_CONNECT_WIN32_CANDIDATES locator=backend=win32 ranked_candidates=[] 
2026-08-31 15:32:52.495 | WARNING  | winwatt_automation.runtime_mapping.program_mapper:_safe_capture_snapshot:191 - snapshot_capture_failed state_id=startup_after_relaunch error=No WinWatt-like windows were found
2026-08-31 15:32:52.997 | INFO     | winwatt_automation.live_ui.app_connector:get_cached_main_window:597 - DBG_WINWATT_CACHE_GET reason_code=cache_missing_resolving_fresh diagnostic_fast_mode=False
2026-08-31 15:32:53.080 | DEBUG    | winwatt_automation.live_ui.app_connector:list_candidate_windows:180 - Discovered 0 WinWatt-like windows on backend=win32
2026-08-31 15:32:53.080 | INFO     | winwatt_automation.live_ui.app_connector:_connect_with_win32_handle:276 - DBG_WINWATT_CONNECT_WIN32_CANDIDATES locator=backend=win32 ranked_candidates=[] 
2026-08-31 15:32:53.080 | WARNING  | winwatt_automation.runtime_mapping.program_mapper:_safe_capture_snapshot:191 - snapshot_capture_failed state_id=startup_after_relaunch error=No WinWatt-like windows were found
2026-08-31 15:32:53.589 | INFO     | winwatt_automation.live_ui.app_connector:get_cached_main_window:597 - DBG_WINWATT_CACHE_GET reason_code=cache_missing_resolving_fresh diagnostic_fast_mode=False
2026-08-31 15:32:53.663 | DEBUG    | winwatt_automation.live_ui.app_connector:list_candidate_windows:180 - Discovered 0 WinWatt-like windows on backend=win32
2026-08-31 15:32:53.663 | INFO     | winwatt_automation.live_ui.app_connector:_connect_with_win32_handle:276 - DBG_WINWATT_CONNECT_WIN32_CANDIDATES locator=backend=win32 ranked_candidates=[] 
2026-08-31 15:32:53.663 | WARNING  | winwatt_automation.runtime_mapping.program_mapper:_safe_capture_snapshot:191 - snapshot_capture_failed state_id=startup_after_relaunch error=No WinWatt-like windows were found
2026-08-31 15:32:54.175 | INFO     | winwatt_automation.live_ui.app_connector:get_cached_main_window:597 - DBG_WINWATT_CACHE_GET reason_code=cache_missing_resolving_fresh diagnostic_fast_mode=False
2026-08-31 15:32:54.263 | DEBUG    | winwatt_automation.live_ui.app_connector:list_candidate_windows:180 - Discovered 0 WinWatt-like windows on backend=win32
2026-08-31 15:32:54.267 | INFO     | winwatt_automation.live_ui.app_connector:_connect_with_win32_handle:276 - DBG_WINWATT_CONNECT_WIN32_CANDIDATES locator=backend=win32 ranked_candidates=[] 
2026-08-31 15:32:54.267 | WARNING  | winwatt_automation.runtime_mapping.program_mapper:_safe_capture_snapshot:191 - snapshot_capture_failed state_id=startup_after_relaunch error=No WinWatt-like windows were found
2026-08-31 15:32:54.769 | INFO     | winwatt_automation.live_ui.app_connector:get_cached_main_window:597 - DBG_WINWATT_CACHE_GET reason_code=cache_missing_resolving_fresh diagnostic_fast_mode=False
2026-08-31 15:32:54.846 | DEBUG    | winwatt_automation.live_ui.app_connector:list_candidate_windows:180 - Discovered 0 WinWatt-like windows on backend=win32
2026-08-31 15:32:54.846 | INFO     | winwatt_automation.live_ui.app_connector:_connect_with_win32_handle:276 - DBG_WINWATT_CONNECT_WIN32_CANDIDATES locator=backend=win32 ranked_candidates=[] 
2026-08-31 15:32:54.846 | WARNING  | winwatt_automation.runtime_mapping.program_mapper:_safe_capture_snapshot:191 - snapshot_capture_failed state_id=startup_after_relaunch error=No WinWatt-like windows were found
2026-08-31 15:32:55.353 | INFO     | winwatt_automation.live_ui.app_connector:get_cached_main_window:597 - DBG_WINWATT_CACHE_GET reason_code=cache_missing_resolving_fresh diagnostic_fast_mode=False
2026-08-31 15:32:55.458 | DEBUG    | winwatt_automation.live_ui.app_connector:list_candidate_windows:180 - Discovered 0 WinWatt-like windows on backend=win32
2026-08-31 15:32:55.460 | INFO     | winwatt_automation.live_ui.app_connector:_connect_with_win32_handle:276 - DBG_WINWATT_CONNECT_WIN32_CANDIDATES locator=backend=win32 ranked_candidates=[] 
2026-08-31 15:32:55.460 | WARNING  | winwatt_automation.runtime_mapping.program_mapper:_safe_capture_snapshot:191 - snapshot_capture_failed state_id=startup_after_relaunch error=No WinWatt-like windows were found
2026-08-31 15:32:55.961 | INFO     | winwatt_automation.live_ui.app_connector:get_cached_main_window:597 - DBG_WINWATT_CACHE_GET reason_code=cache_missing_resolving_fresh diagnostic_fast_mode=False
2026-08-31 15:32:56.068 | DEBUG    | winwatt_automation.live_ui.app_connector:list_candidate_windows:180 - Discovered 1 WinWatt-like windows on backend=win32
2026-08-31 15:32:56.068 | DEBUG    | winwatt_automation.live_ui.app_connector:list_candidate_windows:182 - Candidate[win32]: {'title': 'WinWatt gólya - C:\\Users\\Admin\\Documents\\GitHub\\autowinwatt\\winwatt_automation\\data\\runtime_maps\\full_authorized_sandbox\\building_three_rooms_20260831T153116\\s', 'window_text': 'WinWatt gólya - C:\\Users\\Admin\\Documents\\GitHub\\autowinwatt\\winwatt_automation\\data\\runtime_maps\\full_authorized_sandbox\\building_three_rooms_20260831T153116\\s', 'class_name': 'TMainForm', 'control_type': None, 'process_id': 20088, 'handle': None, 'is_visible': True, 'is_enabled': True, 'rectangle': {'left': -10, 'top': -10, 'right': 1930, 'bottom': 1030, 'width': 1940, 'height': 1040}, 'size': {'width': 1940, 'height': 1040}}
2026-08-31 15:32:56.068 | INFO     | winwatt_automation.live_ui.app_connector:_connect_with_win32_handle:276 - DBG_WINWATT_CONNECT_WIN32_CANDIDATES locator=backend=win32 ranked_candidates=[{'rank': 1, 'score': (1, 1, 1, 1, 2017600), 'process_id': 20088, 'handle': None, 'class_name': 'TMainForm', 'title': 'WinWatt gólya - C:\\Users\\Admin\\Documents\\GitHub\\autowinwatt\\winwatt_automation\\data\\runtime_maps\\full_authorized_sandbox\\building_three_rooms_20260831T153116\\s', 'visible': True, 'enabled': True}] 
2026-08-31 15:32:56.068 | INFO     | winwatt_automation.live_ui.app_connector:select_main_window:224 - Candidate ranking score=(1, 1, 1, 1, 2017600) data={'title': 'WinWatt gólya - C:\\Users\\Admin\\Documents\\GitHub\\autowinwatt\\winwatt_automation\\data\\runtime_maps\\full_authorized_sandbox\\building_three_rooms_20260831T153116\\s', 'window_text': 'WinWatt gólya - C:\\Users\\Admin\\Documents\\GitHub\\autowinwatt\\winwatt_automation\\data\\runtime_maps\\full_authorized_sandbox\\building_three_rooms_20260831T153116\\s', 'class_name': 'TMainForm', 'control_type': None, 'process_id': 20088, 'handle': None, 'is_visible': True, 'is_enabled': True, 'rectangle': {'left': -10, 'top': -10, 'right': 1930, 'bottom': 1030, 'width': 1940, 'height': 1040}, 'size': {'width': 1940, 'height': 1040}}
2026-08-31 15:32:56.068 | INFO     | winwatt_automation.live_ui.app_connector:select_main_window:234 - Selected main window process_id=20088 handle=None score=(1, 1, 1, 1, 2017600) reasons=['has_process_id=True', 'has_handle=False', 'visible=True', 'enabled=True', 'title_has_winwatt=True', 'area=2017600']
2026-08-31 15:32:56.068 | INFO     | winwatt_automation.live_ui.app_connector:_connect_with_win32_handle:293 - DBG_WINWATT_CONNECT_WIN32_SELECTED selected_payload={'title': 'WinWatt gólya - C:\\Users\\Admin\\Documents\\GitHub\\autowinwatt\\winwatt_automation\\data\\runtime_maps\\full_authorized_sandbox\\building_three_rooms_20260831T153116\\s', 'window_text': 'WinWatt gólya - C:\\Users\\Admin\\Documents\\GitHub\\autowinwatt\\winwatt_automation\\data\\runtime_maps\\full_authorized_sandbox\\building_three_rooms_20260831T153116\\s', 'class_name': 'TMainForm', 'control_type': None, 'process_id': 20088, 'handle': None, 'is_visible': True, 'is_enabled': True, 'rectangle': {'left': -10, 'top': -10, 'right': 1930, 'bottom': 1030, 'width': 1940, 'height': 1040}, 'size': {'width': 1940, 'height': 1040}} selected_handle_is_none=True
2026-08-31 15:32:56.068 | INFO     | winwatt_automation.live_ui.app_connector:_connect_with_win32_handle:336 - Connected to WinWatt backend=win32 attach_mode=process candidate={'process_id': 20088, 'handle': None, 'class_name': 'TMainForm', 'title': 'WinWatt gólya - C:\\Users\\Admin\\Documents\\GitHub\\autowinwatt\\winwatt_automation\\data\\runtime_maps\\full_authorized_sandbox\\building_three_rooms_20260831T153116\\s'}
2026-08-31 15:32:56.068 | INFO     | winwatt_automation.live_ui.app_connector:_connect_with_win32_handle:350 - DBG_WINWATT_CONNECT_WIN32_RESOLVED process_id=20088 resolved_handle=None selected_payload={'title': 'WinWatt gólya - C:\\Users\\Admin\\Documents\\GitHub\\autowinwatt\\winwatt_automation\\data\\runtime_maps\\full_authorized_sandbox\\building_three_rooms_20260831T153116\\s', 'window_text': 'WinWatt gólya - C:\\Users\\Admin\\Documents\\GitHub\\autowinwatt\\winwatt_automation\\data\\runtime_maps\\full_authorized_sandbox\\building_three_rooms_20260831T153116\\s', 'class_name': 'TMainForm', 'control_type': None, 'process_id': 20088, 'handle': None, 'is_visible': True, 'is_enabled': True, 'rectangle': {'left': -10, 'top': -10, 'right': 1930, 'bottom': 1030, 'width': 1940, 'height': 1040}, 'size': {'width': 1940, 'height': 1040}}
2026-08-31 15:32:56.083 | INFO     | winwatt_automation.live_ui.app_connector:_resolve_uia_main_window:382 - DBG_WINWATT_RESOLVE_UIA_WIN32_SELECTED selected_payload={'title': 'WinWatt gólya - C:\\Users\\Admin\\Documents\\GitHub\\autowinwatt\\winwatt_automation\\data\\runtime_maps\\full_authorized_sandbox\\building_three_rooms_20260831T153116\\s', 'window_text': 'WinWatt gólya - C:\\Users\\Admin\\Documents\\GitHub\\autowinwatt\\winwatt_automation\\data\\runtime_maps\\full_authorized_sandbox\\building_three_rooms_20260831T153116\\s', 'class_name': 'TMainForm', 'control_type': None, 'process_id': 20088, 'handle': None, 'is_visible': True, 'is_enabled': True, 'rectangle': {'left': -10, 'top': -10, 'right': 1930, 'bottom': 1030, 'width': 1940, 'height': 1040}, 'size': {'width': 1940, 'height': 1040}}
2026-08-31 15:32:56.083 | INFO     | winwatt_automation.live_ui.app_connector:_resolve_uia_main_window:388 - Connected to WinWatt backend=uia process_id=20088
2026-08-31 15:32:56.083 | INFO     | winwatt_automation.live_ui.app_connector:_resolve_uia_main_window:390 - Resolving main WinWatt window backend=uia class_name=TMainForm title_re=.*WinWatt.*
2026-08-31 15:32:56.410 | INFO     | winwatt_automation.live_ui.app_connector:_resolve_uia_main_window:400 - DBG_WINWATT_RESOLVE_UIA_PRIMARY selected_payload={'title': 'WinWatt gólya - C:\\Users\\Admin\\Documents\\GitHub\\autowinwatt\\winwatt_automation\\data\\runtime_maps\\full_authorized_sandbox\\building_three_rooms_20260831T153116\\s', 'window_text': 'WinWatt gólya - C:\\Users\\Admin\\Documents\\GitHub\\autowinwatt\\winwatt_automation\\data\\runtime_maps\\full_authorized_sandbox\\building_three_rooms_20260831T153116\\s', 'class_name': 'TMainForm', 'control_type': None, 'process_id': 20088, 'handle': None, 'is_visible': True, 'is_enabled': True, 'rectangle': {'left': -10, 'top': -10, 'right': 1930, 'bottom': 1030, 'width': 1940, 'height': 1040}, 'size': {'width': 1940, 'height': 1040}} primary_result={'wrapper_type': 'UIAWrapper', 'handle': 29230996, 'process_id': 20088, 'title': 'WinWatt gólya - C:\\Users\\Admin\\Documents\\GitHub\\autowinwatt\\winwatt_automation\\data\\runtime_maps\\full_authorized_sandbox\\building_three_rooms_20260831T153116\\s', 'class_name': 'TMainForm', 'control_type': 'Window'} identity_match_with_win32=None
2026-08-31 15:32:56.426 | DEBUG    | winwatt_automation.live_ui.app_connector:get_cached_main_window:606 - DBG_PHASE_TIMING phase=get_cached_main_window elapsed_ms=469.000 reason_code=fresh_resolve
2026-08-31 15:32:56.601 | DEBUG    | winwatt_automation.live_ui.app_connector:get_cached_main_window:565 - DBG_WINWATT_CACHE_GET reason_code=cache_reused_without_validation payload={'wrapper_type': 'UIAWrapper', 'handle': 29230996, 'process_id': 20088, 'title': 'WinWatt gólya - C:\\Users\\Admin\\Documents\\GitHub\\autowinwatt\\winwatt_automation\\data\\runtime_maps\\full_authorized_sandbox\\building_three_rooms_20260831T153116\\s', 'class_name': 'TMainForm', 'control_type': 'Window'} last_validation_age_s=0.17099999997299165 diagnostic_fast_mode=False
2026-08-31 15:32:56.601 | DEBUG    | winwatt_automation.live_ui.app_connector:get_cached_main_window:566 - DBG_PHASE_TIMING phase=get_cached_main_window elapsed_ms=0.000 reason_code=cache_reused_without_validation
2026-08-31 15:32:56.601 | DEBUG    | winwatt_automation.live_ui.app_connector:get_cached_main_window:565 - DBG_WINWATT_CACHE_GET reason_code=cache_reused_without_validation payload={'wrapper_type': 'UIAWrapper', 'handle': 29230996, 'process_id': 20088, 'title': 'WinWatt gólya - C:\\Users\\Admin\\Documents\\GitHub\\autowinwatt\\winwatt_automation\\data\\runtime_maps\\full_authorized_sandbox\\building_three_rooms_20260831T153116\\s', 'class_name': 'TMainForm', 'control_type': 'Window'} last_validation_age_s=0.17099999997299165 diagnostic_fast_mode=False
2026-08-31 15:32:56.601 | DEBUG    | winwatt_automation.live_ui.app_connector:get_cached_main_window:566 - DBG_PHASE_TIMING phase=get_cached_main_window elapsed_ms=0.000 reason_code=cache_reused_without_validation
2026-08-31 15:32:57.160 | INFO     | winwatt_automation.live_ui.menu_helpers:_menu_items:1101 - DBG_MENU_ITEMS_SUMMARY total_items=7 visible_items=7 topbar_band=(0, 0, 392, 53) topbar_band_visible_count=7 popup_region_visible_count=0 force_refresh=True handle=29230996
2026-08-31 15:32:57.164 | DEBUG    | winwatt_automation.live_ui.menu_helpers:_menu_items:1111 - Discovered 7 MenuItem controls
2026-08-31 15:32:57.164 | DEBUG    | winwatt_automation.live_ui.menu_helpers:_log_phase_timing:83 - DBG_PHASE_TIMING phase=_menu_items elapsed_ms=563.000 force_refresh=True total_items=7 visible_items=7
2026-08-31 15:32:57.236 | INFO     | winwatt_automation.live_ui.menu_helpers:list_top_menu_items:1141 - Top-level menu items (raw): ['Rendszer', 'Fájl', 'Jegyzékek', 'Eszközök', 'Beállítások', 'Ablak', 'Súgó']
2026-08-31 15:32:57.241 | DEBUG    | winwatt_automation.live_ui.menu_helpers:_log_phase_timing:83 - DBG_PHASE_TIMING phase=list_top_menu_items elapsed_ms=641.000 count=7
2026-08-31 15:32:57.747 | DEBUG    | winwatt_automation.live_ui.app_connector:get_cached_main_window:565 - DBG_WINWATT_CACHE_GET reason_code=cache_reused_without_validation payload={'wrapper_type': 'UIAWrapper', 'handle': 29230996, 'process_id': 20088, 'title': 'WinWatt gólya - C:\\Users\\Admin\\Documents\\GitHub\\autowinwatt\\winwatt_automation\\data\\runtime_maps\\full_authorized_sandbox\\building_three_rooms_20260831T153116\\s', 'class_name': 'TMainForm', 'control_type': 'Window'} last_validation_age_s=1.312000000034459 diagnostic_fast_mode=False
2026-08-31 15:32:57.761 | DEBUG    | winwatt_automation.live_ui.app_connector:get_cached_main_window:566 - DBG_PHASE_TIMING phase=get_cached_main_window elapsed_ms=16.000 reason_code=cache_reused_without_validation
2026-08-31 15:32:57.920 | DEBUG    | winwatt_automation.live_ui.app_connector:get_cached_main_window:565 - DBG_WINWATT_CACHE_GET reason_code=cache_reused_without_validation payload={'wrapper_type': 'UIAWrapper', 'handle': 29230996, 'process_id': 20088, 'title': 'WinWatt gólya - C:\\Users\\Admin\\Documents\\GitHub\\autowinwatt\\winwatt_automation\\data\\runtime_maps\\full_authorized_sandbox\\building_three_rooms_20260831T153116\\s', 'class_name': 'TMainForm', 'control_type': 'Window'} last_validation_age_s=1.5 diagnostic_fast_mode=False
2026-08-31 15:32:57.920 | DEBUG    | winwatt_automation.live_ui.app_connector:get_cached_main_window:566 - DBG_PHASE_TIMING phase=get_cached_main_window elapsed_ms=0.000 reason_code=cache_reused_without_validation
2026-08-31 15:32:57.920 | DEBUG    | winwatt_automation.live_ui.app_connector:get_cached_main_window:565 - DBG_WINWATT_CACHE_GET reason_code=cache_reused_without_validation payload={'wrapper_type': 'UIAWrapper', 'handle': 29230996, 'process_id': 20088, 'title': 'WinWatt gólya - C:\\Users\\Admin\\Documents\\GitHub\\autowinwatt\\winwatt_automation\\data\\runtime_maps\\full_authorized_sandbox\\building_three_rooms_20260831T153116\\s', 'class_name': 'TMainForm', 'control_type': 'Window'} last_validation_age_s=1.5 diagnostic_fast_mode=False
2026-08-31 15:32:57.920 | DEBUG    | winwatt_automation.live_ui.app_connector:get_cached_main_window:566 - DBG_PHASE_TIMING phase=get_cached_main_window elapsed_ms=0.000 reason_code=cache_reused_without_validation
2026-08-31 15:32:58.464 | INFO     | winwatt_automation.live_ui.menu_helpers:_menu_items:1101 - DBG_MENU_ITEMS_SUMMARY total_items=7 visible_items=7 topbar_band=(0, 0, 392, 53) topbar_band_visible_count=7 popup_region_visible_count=0 force_refresh=True handle=29230996
2026-08-31 15:32:58.469 | DEBUG    | winwatt_automation.live_ui.menu_helpers:_menu_items:1111 - Discovered 7 MenuItem controls
2026-08-31 15:32:58.469 | DEBUG    | winwatt_automation.live_ui.menu_helpers:_log_phase_timing:83 - DBG_PHASE_TIMING phase=_menu_items elapsed_ms=546.000 force_refresh=True total_items=7 visible_items=7
2026-08-31 15:32:58.541 | INFO     | winwatt_automation.live_ui.menu_helpers:list_top_menu_items:1141 - Top-level menu items (raw): ['Rendszer', 'Fájl', 'Jegyzékek', 'Eszközök', 'Beállítások', 'Ablak', 'Súgó']
2026-08-31 15:32:58.541 | DEBUG    | winwatt_automation.live_ui.menu_helpers:_log_phase_timing:83 - DBG_PHASE_TIMING phase=list_top_menu_items elapsed_ms=609.000 count=7
2026-08-31 15:32:59.057 | DEBUG    | winwatt_automation.live_ui.app_connector:get_cached_main_window:565 - DBG_WINWATT_CACHE_GET reason_code=cache_reused_without_validation payload={'wrapper_type': 'UIAWrapper', 'handle': 29230996, 'process_id': 20088, 'title': 'WinWatt gólya - C:\\Users\\Admin\\Documents\\GitHub\\autowinwatt\\winwatt_automation\\data\\runtime_maps\\full_authorized_sandbox\\building_three_rooms_20260831T153116\\s', 'class_name': 'TMainForm', 'control_type': 'Window'} last_validation_age_s=2.625 diagnostic_fast_mode=False
2026-08-31 15:32:59.057 | DEBUG    | winwatt_automation.live_ui.app_connector:get_cached_main_window:566 - DBG_PHASE_TIMING phase=get_cached_main_window elapsed_ms=0.000 reason_code=cache_reused_without_validation
2026-08-31 15:32:59.198 | DEBUG    | winwatt_automation.live_ui.app_connector:get_cached_main_window:565 - DBG_WINWATT_CACHE_GET reason_code=cache_reused_without_validation payload={'wrapper_type': 'UIAWrapper', 'handle': 29230996, 'process_id': 20088, 'title': 'WinWatt gólya - C:\\Users\\Admin\\Documents\\GitHub\\autowinwatt\\winwatt_automation\\data\\runtime_maps\\full_authorized_sandbox\\building_three_rooms_20260831T153116\\s', 'class_name': 'TMainForm', 'control_type': 'Window'} last_validation_age_s=2.76500000001397 diagnostic_fast_mode=False
2026-08-31 15:32:59.198 | DEBUG    | winwatt_automation.live_ui.app_connector:get_cached_main_window:566 - DBG_PHASE_TIMING phase=get_cached_main_window elapsed_ms=0.000 reason_code=cache_reused_without_validation
2026-08-31 15:32:59.198 | DEBUG    | winwatt_automation.live_ui.app_connector:get_cached_main_window:565 - DBG_WINWATT_CACHE_GET reason_code=cache_reused_without_validation payload={'wrapper_type': 'UIAWrapper', 'handle': 29230996, 'process_id': 20088, 'title': 'WinWatt gólya - C:\\Users\\Admin\\Documents\\GitHub\\autowinwatt\\winwatt_automation\\data\\runtime_maps\\full_authorized_sandbox\\building_three_rooms_20260831T153116\\s', 'class_name': 'TMainForm', 'control_type': 'Window'} last_validation_age_s=2.76500000001397 diagnostic_fast_mode=False
2026-08-31 15:32:59.198 | DEBUG    | winwatt_automation.live_ui.app_connector:get_cached_main_window:566 - DBG_PHASE_TIMING phase=get_cached_main_window elapsed_ms=0.000 reason_code=cache_reused_without_validation
2026-08-31 15:32:59.760 | INFO     | winwatt_automation.live_ui.menu_helpers:_menu_items:1101 - DBG_MENU_ITEMS_SUMMARY total_items=7 visible_items=7 topbar_band=(0, 0, 392, 53) topbar_band_visible_count=7 popup_region_visible_count=0 force_refresh=True handle=29230996
2026-08-31 15:32:59.760 | DEBUG    | winwatt_automation.live_ui.menu_helpers:_menu_items:1111 - Discovered 7 MenuItem controls
2026-08-31 15:32:59.760 | DEBUG    | winwatt_automation.live_ui.menu_helpers:_log_phase_timing:83 - DBG_PHASE_TIMING phase=_menu_items elapsed_ms=563.000 force_refresh=True total_items=7 visible_items=7
2026-08-31 15:32:59.824 | INFO     | winwatt_automation.live_ui.menu_helpers:list_top_menu_items:1141 - Top-level menu items (raw): ['Rendszer', 'Fájl', 'Jegyzékek', 'Eszközök', 'Beállítások', 'Ablak', 'Súgó']
2026-08-31 15:32:59.840 | DEBUG    | winwatt_automation.live_ui.menu_helpers:_log_phase_timing:83 - DBG_PHASE_TIMING phase=list_top_menu_items elapsed_ms=641.000 count=7
2026-08-31 15:33:00.349 | DEBUG    | winwatt_automation.live_ui.app_connector:get_cached_main_window:565 - DBG_WINWATT_CACHE_GET reason_code=cache_reused_without_validation payload={'wrapper_type': 'UIAWrapper', 'handle': 29230996, 'process_id': 20088, 'title': 'WinWatt gólya - C:\\Users\\Admin\\Documents\\GitHub\\autowinwatt\\winwatt_automation\\data\\runtime_maps\\full_authorized_sandbox\\building_three_rooms_20260831T153116\\s', 'class_name': 'TMainForm', 'control_type': 'Window'} last_validation_age_s=3.9209999999729916 diagnostic_fast_mode=False
2026-08-31 15:33:00.352 | DEBUG    | winwatt_automation.live_ui.app_connector:get_cached_main_window:566 - DBG_PHASE_TIMING phase=get_cached_main_window elapsed_ms=0.000 reason_code=cache_reused_without_validation
2026-08-31 15:33:00.505 | INFO     | winwatt_automation.live_ui.app_connector:is_winwatt_foreground_context:1161 - DBG_WINWATT_FOREGROUND_CONTEXT expected_handle=29230996 expected_process_id=20088 expected_title=WinWatt gólya - C:\Users\Admin\Documents\GitHub\autowinwatt\winwatt_automation\data\runtime_maps\full_authorized_sandbox\building_three_rooms_20260831T153116\s expected_class_name=TMainForm actual_foreground_handle=29230996 actual_foreground_process_id=20088 actual_foreground_title=WinWatt gólya - C:\Users\Admin\Documents\GitHub\autowinwatt\winwatt_automation\data\runtime_maps\full_authorized_sandbox\building_three_rooms_20260831T153116\s actual_foreground_class_name=TMainForm allow_dialog=True result_reason=handle_match
2026-08-31 15:33:00.513 | INFO     | winwatt_automation.live_ui.app_connector:_cached_window_health_status:489 - DBG_WINWATT_CACHE_HEALTH reason_code=healthy payload={'wrapper_type': 'UIAWrapper', 'handle': 29230996, 'process_id': 20088, 'title': 'WinWatt gólya - C:\\Users\\Admin\\Documents\\GitHub\\autowinwatt\\winwatt_automation\\data\\runtime_maps\\full_authorized_sandbox\\building_three_rooms_20260831T153116\\s', 'class_name': 'TMainForm', 'control_type': 'Window'}
2026-08-31 15:33:00.517 | DEBUG    | winwatt_automation.live_ui.app_connector:get_cached_main_window:574 - DBG_WINWATT_CACHE_GET reason_code=cache_validated_ok payload={'wrapper_type': 'UIAWrapper', 'handle': 29230996, 'process_id': 20088, 'title': 'WinWatt gólya - C:\\Users\\Admin\\Documents\\GitHub\\autowinwatt\\winwatt_automation\\data\\runtime_maps\\full_authorized_sandbox\\building_three_rooms_20260831T153116\\s', 'class_name': 'TMainForm', 'control_type': 'Window'} last_validation_age_s=4.077999999979511 diagnostic_fast_mode=False
2026-08-31 15:33:00.518 | DEBUG    | winwatt_automation.live_ui.app_connector:get_cached_main_window:575 - DBG_PHASE_TIMING phase=get_cached_main_window elapsed_ms=15.000 reason_code=cache_validated_ok
2026-08-31 15:33:00.524 | DEBUG    | winwatt_automation.live_ui.app_connector:get_cached_main_window:565 - DBG_WINWATT_CACHE_GET reason_code=cache_reused_without_validation payload={'wrapper_type': 'UIAWrapper', 'handle': 29230996, 'process_id': 20088, 'title': 'WinWatt gólya - C:\\Users\\Admin\\Documents\\GitHub\\autowinwatt\\winwatt_automation\\data\\runtime_maps\\full_authorized_sandbox\\building_three_rooms_20260831T153116\\s', 'class_name': 'TMainForm', 'control_type': 'Window'} last_validation_age_s=0.015000000013969839 diagnostic_fast_mode=False
2026-08-31 15:33:00.525 | DEBUG    | winwatt_automation.live_ui.app_connector:get_cached_main_window:566 - DBG_PHASE_TIMING phase=get_cached_main_window elapsed_ms=0.000 reason_code=cache_reused_without_validation
2026-08-31 15:33:01.064 | INFO     | winwatt_automation.live_ui.menu_helpers:_menu_items:1101 - DBG_MENU_ITEMS_SUMMARY total_items=7 visible_items=7 topbar_band=(0, 0, 392, 53) topbar_band_visible_count=7 popup_region_visible_count=0 force_refresh=True handle=29230996
2026-08-31 15:33:01.064 | DEBUG    | winwatt_automation.live_ui.menu_helpers:_menu_items:1111 - Discovered 7 MenuItem controls
2026-08-31 15:33:01.080 | DEBUG    | winwatt_automation.live_ui.menu_helpers:_log_phase_timing:83 - DBG_PHASE_TIMING phase=_menu_items elapsed_ms=578.000 force_refresh=True total_items=7 visible_items=7
2026-08-31 15:33:01.144 | INFO     | winwatt_automation.live_ui.menu_helpers:list_top_menu_items:1141 - Top-level menu items (raw): ['Rendszer', 'Fájl', 'Jegyzékek', 'Eszközök', 'Beállítások', 'Ablak', 'Súgó']
2026-08-31 15:33:01.144 | DEBUG    | winwatt_automation.live_ui.menu_helpers:_log_phase_timing:83 - DBG_PHASE_TIMING phase=list_top_menu_items elapsed_ms=640.000 count=7
2026-08-31 15:33:01.663 | DEBUG    | winwatt_automation.live_ui.app_connector:get_cached_main_window:565 - DBG_WINWATT_CACHE_GET reason_code=cache_reused_without_validation payload={'wrapper_type': 'UIAWrapper', 'handle': 29230996, 'process_id': 20088, 'title': 'WinWatt gólya - C:\\Users\\Admin\\Documents\\GitHub\\autowinwatt\\winwatt_automation\\data\\runtime_maps\\full_authorized_sandbox\\building_three_rooms_20260831T153116\\s', 'class_name': 'TMainForm', 'control_type': 'Window'} last_validation_age_s=1.1560000000754371 diagnostic_fast_mode=False
2026-08-31 15:33:01.663 | DEBUG    | winwatt_automation.live_ui.app_connector:get_cached_main_window:566 - DBG_PHASE_TIMING phase=get_cached_main_window elapsed_ms=0.000 reason_code=cache_reused_without_validation
2026-08-31 15:33:01.847 | DEBUG    | winwatt_automation.live_ui.app_connector:get_cached_main_window:565 - DBG_WINWATT_CACHE_GET reason_code=cache_reused_without_validation payload={'wrapper_type': 'UIAWrapper', 'handle': 29230996, 'process_id': 20088, 'title': 'WinWatt gólya - C:\\Users\\Admin\\Documents\\GitHub\\autowinwatt\\winwatt_automation\\data\\runtime_maps\\full_authorized_sandbox\\building_three_rooms_20260831T153116\\s', 'class_name': 'TMainForm', 'control_type': 'Window'} last_validation_age_s=1.3429999999934807 diagnostic_fast_mode=False
2026-08-31 15:33:01.847 | DEBUG    | winwatt_automation.live_ui.app_connector:get_cached_main_window:566 - DBG_PHASE_TIMING phase=get_cached_main_window elapsed_ms=0.000 reason_code=cache_reused_without_validation
2026-08-31 15:33:01.851 | DEBUG    | winwatt_automation.live_ui.app_connector:get_cached_main_window:565 - DBG_WINWATT_CACHE_GET reason_code=cache_reused_without_validation payload={'wrapper_type': 'UIAWrapper', 'handle': 29230996, 'process_id': 20088, 'title': 'WinWatt gólya - C:\\Users\\Admin\\Documents\\GitHub\\autowinwatt\\winwatt_automation\\data\\runtime_maps\\full_authorized_sandbox\\building_three_rooms_20260831T153116\\s', 'class_name': 'TMainForm', 'control_type': 'Window'} last_validation_age_s=1.3429999999934807 diagnostic_fast_mode=False
2026-08-31 15:33:01.851 | DEBUG    | winwatt_automation.live_ui.app_connector:get_cached_main_window:566 - DBG_PHASE_TIMING phase=get_cached_main_window elapsed_ms=0.000 reason_code=cache_reused_without_validation
2026-08-31 15:33:02.339 | INFO     | winwatt_automation.live_ui.menu_helpers:_menu_items:1101 - DBG_MENU_ITEMS_SUMMARY total_items=7 visible_items=7 topbar_band=(0, 0, 392, 53) topbar_band_visible_count=7 popup_region_visible_count=0 force_refresh=True handle=29230996
2026-08-31 15:33:02.340 | DEBUG    | winwatt_automation.live_ui.menu_helpers:_menu_items:1111 - Discovered 7 MenuItem controls
2026-08-31 15:33:02.340 | DEBUG    | winwatt_automation.live_ui.menu_helpers:_log_phase_timing:83 - DBG_PHASE_TIMING phase=_menu_items elapsed_ms=485.000 force_refresh=True total_items=7 visible_items=7
2026-08-31 15:33:02.403 | INFO     | winwatt_automation.live_ui.menu_helpers:list_top_menu_items:1141 - Top-level menu items (raw): ['Rendszer', 'Fájl', 'Jegyzékek', 'Eszközök', 'Beállítások', 'Ablak', 'Súgó']
2026-08-31 15:33:02.403 | DEBUG    | winwatt_automation.live_ui.menu_helpers:_log_phase_timing:83 - DBG_PHASE_TIMING phase=list_top_menu_items elapsed_ms=563.000 count=7
2026-08-31 15:33:02.916 | DEBUG    | winwatt_automation.live_ui.app_connector:get_cached_main_window:565 - DBG_WINWATT_CACHE_GET reason_code=cache_reused_without_validation payload={'wrapper_type': 'UIAWrapper', 'handle': 29230996, 'process_id': 20088, 'title': 'WinWatt gólya - C:\\Users\\Admin\\Documents\\GitHub\\autowinwatt\\winwatt_automation\\data\\runtime_maps\\full_authorized_sandbox\\building_three_rooms_20260831T153116\\s', 'class_name': 'TMainForm', 'control_type': 'Window'} last_validation_age_s=2.406000000075437 diagnostic_fast_mode=False
2026-08-31 15:33:02.927 | DEBUG    | winwatt_automation.live_ui.app_connector:get_cached_main_window:566 - DBG_PHASE_TIMING phase=get_cached_main_window elapsed_ms=16.000 reason_code=cache_reused_without_validation
2026-08-31 15:33:03.074 | DEBUG    | winwatt_automation.live_ui.app_connector:get_cached_main_window:565 - DBG_WINWATT_CACHE_GET reason_code=cache_reused_without_validation payload={'wrapper_type': 'UIAWrapper', 'handle': 29230996, 'process_id': 20088, 'title': 'WinWatt gólya - C:\\Users\\Admin\\Documents\\GitHub\\autowinwatt\\winwatt_automation\\data\\runtime_maps\\full_authorized_sandbox\\building_three_rooms_20260831T153116\\s', 'class_name': 'TMainForm', 'control_type': 'Window'} last_validation_age_s=2.562000000034459 diagnostic_fast_mode=False
2026-08-31 15:33:03.074 | DEBUG    | winwatt_automation.live_ui.app_connector:get_cached_main_window:566 - DBG_PHASE_TIMING phase=get_cached_main_window elapsed_ms=0.000 reason_code=cache_reused_without_validation
2026-08-31 15:33:03.074 | DEBUG    | winwatt_automation.live_ui.app_connector:get_cached_main_window:565 - DBG_WINWATT_CACHE_GET reason_code=cache_reused_without_validation payload={'wrapper_type': 'UIAWrapper', 'handle': 29230996, 'process_id': 20088, 'title': 'WinWatt gólya - C:\\Users\\Admin\\Documents\\GitHub\\autowinwatt\\winwatt_automation\\data\\runtime_maps\\full_authorized_sandbox\\building_three_rooms_20260831T153116\\s', 'class_name': 'TMainForm', 'control_type': 'Window'} last_validation_age_s=2.562000000034459 diagnostic_fast_mode=False
2026-08-31 15:33:03.074 | DEBUG    | winwatt_automation.live_ui.app_connector:get_cached_main_window:566 - DBG_PHASE_TIMING phase=get_cached_main_window elapsed_ms=0.000 reason_code=cache_reused_without_validation
2026-08-31 15:33:03.652 | INFO     | winwatt_automation.live_ui.menu_helpers:_menu_items:1101 - DBG_MENU_ITEMS_SUMMARY total_items=7 visible_items=7 topbar_band=(0, 0, 392, 53) topbar_band_visible_count=7 popup_region_visible_count=0 force_refresh=True handle=29230996
2026-08-31 15:33:03.656 | DEBUG    | winwatt_automation.live_ui.menu_helpers:_menu_items:1111 - Discovered 7 MenuItem controls
2026-08-31 15:33:03.656 | DEBUG    | winwatt_automation.live_ui.menu_helpers:_log_phase_timing:83 - DBG_PHASE_TIMING phase=_menu_items elapsed_ms=594.000 force_refresh=True total_items=7 visible_items=7
2026-08-31 15:33:03.724 | INFO     | winwatt_automation.live_ui.menu_helpers:list_top_menu_items:1141 - Top-level menu items (raw): ['Rendszer', 'Fájl', 'Jegyzékek', 'Eszközök', 'Beállítások', 'Ablak', 'Súgó']
2026-08-31 15:33:03.730 | DEBUG    | winwatt_automation.live_ui.menu_helpers:_log_phase_timing:83 - DBG_PHASE_TIMING phase=list_top_menu_items elapsed_ms=656.000 count=7
2026-08-31 15:33:04.233 | DEBUG    | winwatt_automation.live_ui.app_connector:get_cached_main_window:565 - DBG_WINWATT_CACHE_GET reason_code=cache_reused_without_validation payload={'wrapper_type': 'UIAWrapper', 'handle': 29230996, 'process_id': 20088, 'title': 'WinWatt gólya - C:\\Users\\Admin\\Documents\\GitHub\\autowinwatt\\winwatt_automation\\data\\runtime_maps\\full_authorized_sandbox\\building_three_rooms_20260831T153116\\s', 'class_name': 'TMainForm', 'control_type': 'Window'} last_validation_age_s=3.734000000054948 diagnostic_fast_mode=False
2026-08-31 15:33:04.233 | DEBUG    | winwatt_automation.live_ui.app_connector:get_cached_main_window:566 - DBG_PHASE_TIMING phase=get_cached_main_window elapsed_ms=0.000 reason_code=cache_reused_without_validation
2026-08-31 15:33:05.922 | INFO     | winwatt_automation.live_ui.app_connector:is_winwatt_foreground_context:1161 - DBG_WINWATT_FOREGROUND_CONTEXT expected_handle=29230996 expected_process_id=20088 expected_title=WinWatt gólya - C:\Users\Admin\Documents\GitHub\autowinwatt\winwatt_automation\data\runtime_maps\full_authorized_sandbox\building_three_rooms_20260831T153116\s expected_class_name=TMainForm actual_foreground_handle=29230996 actual_foreground_process_id=20088 actual_foreground_title=WinWatt gólya - C:\Users\Admin\Documents\GitHub\autowinwatt\winwatt_automation\data\runtime_maps\full_authorized_sandbox\building_three_rooms_20260831T153116\s actual_foreground_class_name=TMainForm allow_dialog=True result_reason=handle_match
2026-08-31 15:33:05.934 | INFO     | winwatt_automation.live_ui.app_connector:_cached_window_health_status:489 - DBG_WINWATT_CACHE_HEALTH reason_code=healthy payload={'wrapper_type': 'UIAWrapper', 'handle': 29230996, 'process_id': 20088, 'title': 'WinWatt gólya - C:\\Users\\Admin\\Documents\\GitHub\\autowinwatt\\winwatt_automation\\data\\runtime_maps\\full_authorized_sandbox\\building_three_rooms_20260831T153116\\s', 'class_name': 'TMainForm', 'control_type': 'Window'}
2026-08-31 15:33:05.939 | DEBUG    | winwatt_automation.live_ui.app_connector:get_cached_main_window:574 - DBG_WINWATT_CACHE_GET reason_code=cache_validated_ok payload={'wrapper_type': 'UIAWrapper', 'handle': 29230996, 'process_id': 20088, 'title': 'WinWatt gólya - C:\\Users\\Admin\\Documents\\GitHub\\autowinwatt\\winwatt_automation\\data\\runtime_maps\\full_authorized_sandbox\\building_three_rooms_20260831T153116\\s', 'class_name': 'TMainForm', 'control_type': 'Window'} last_validation_age_s=5.406000000075437 diagnostic_fast_mode=False
2026-08-31 15:33:05.939 | DEBUG    | winwatt_automation.live_ui.app_connector:get_cached_main_window:575 - DBG_PHASE_TIMING phase=get_cached_main_window elapsed_ms=31.000 reason_code=cache_validated_ok
2026-08-31 15:33:27.577 | INFO     | winwatt_automation.live_ui.app_connector:is_winwatt_foreground_context:1161 - DBG_WINWATT_FOREGROUND_CONTEXT expected_handle=29230996 expected_process_id=20088 expected_title=WinWatt gólya - C:\Users\Admin\Documents\GitHub\autowinwatt\winwatt_automation\data\runtime_maps\full_authorized_sandbox\building_three_rooms_20260831T153116\s expected_class_name=TMainForm actual_foreground_handle=29230996 actual_foreground_process_id=20088 actual_foreground_title=WinWatt gólya - C:\Users\Admin\Documents\GitHub\autowinwatt\winwatt_automation\data\runtime_maps\full_authorized_sandbox\building_three_rooms_20260831T153116\s actual_foreground_class_name=TMainForm allow_dialog=True result_reason=handle_match
2026-08-31 15:33:27.592 | INFO     | winwatt_automation.live_ui.app_connector:_cached_window_health_status:489 - DBG_WINWATT_CACHE_HEALTH reason_code=healthy payload={'wrapper_type': 'UIAWrapper', 'handle': 29230996, 'process_id': 20088, 'title': 'WinWatt gólya - C:\\Users\\Admin\\Documents\\GitHub\\autowinwatt\\winwatt_automation\\data\\runtime_maps\\full_authorized_sandbox\\building_three_rooms_20260831T153116\\s', 'class_name': 'TMainForm', 'control_type': 'Window'}
2026-08-31 15:33:27.592 | DEBUG    | winwatt_automation.live_ui.app_connector:get_cached_main_window:574 - DBG_WINWATT_CACHE_GET reason_code=cache_validated_ok payload={'wrapper_type': 'UIAWrapper', 'handle': 29230996, 'process_id': 20088, 'title': 'WinWatt gólya - C:\\Users\\Admin\\Documents\\GitHub\\autowinwatt\\winwatt_automation\\data\\runtime_maps\\full_authorized_sandbox\\building_three_rooms_20260831T153116\\s', 'class_name': 'TMainForm', 'control_type': 'Window'} last_validation_age_s=20.155999999959022 diagnostic_fast_mode=False
2026-08-31 15:33:27.592 | DEBUG    | winwatt_automation.live_ui.app_connector:get_cached_main_window:575 - DBG_PHASE_TIMING phase=get_cached_main_window elapsed_ms=1531.000 reason_code=cache_validated_ok
2026-08-31 15:33:27.750 | DEBUG    | winwatt_automation.live_ui.app_connector:get_cached_main_window:565 - DBG_WINWATT_CACHE_GET reason_code=cache_reused_without_validation payload={'wrapper_type': 'UIAWrapper', 'handle': 29230996, 'process_id': 20088, 'title': 'WinWatt gólya - C:\\Users\\Admin\\Documents\\GitHub\\autowinwatt\\winwatt_automation\\data\\runtime_maps\\full_authorized_sandbox\\building_three_rooms_20260831T153116\\s', 'class_name': 'TMainForm', 'control_type': 'Window'} last_validation_age_s=1.687999999965541 diagnostic_fast_mode=False
2026-08-31 15:33:27.750 | DEBUG    | winwatt_automation.live_ui.app_connector:get_cached_main_window:566 - DBG_PHASE_TIMING phase=get_cached_main_window elapsed_ms=0.000 reason_code=cache_reused_without_validation
2026-08-31 15:33:36.655 | INFO     | winwatt_automation.live_ui.app_connector:is_winwatt_foreground_context:1161 - DBG_WINWATT_FOREGROUND_CONTEXT expected_handle=29230996 expected_process_id=20088 expected_title=WinWatt gólya - C:\Users\Admin\Documents\GitHub\autowinwatt\winwatt_automation\data\runtime_maps\full_authorized_sandbox\building_three_rooms_20260831T153116\s expected_class_name=TMainForm actual_foreground_handle=2624690 actual_foreground_process_id=20088 actual_foreground_title=Határoló szerkezetek kiválasztása: Helyiségek - Automation demo room 2 actual_foreground_class_name=TSelectBoundarisForm allow_dialog=True result_reason=pid_match_allow_dialog
2026-08-31 15:33:36.670 | INFO     | winwatt_automation.live_ui.app_connector:_cached_window_health_status:489 - DBG_WINWATT_CACHE_HEALTH reason_code=healthy payload={'wrapper_type': 'UIAWrapper', 'handle': 29230996, 'process_id': 20088, 'title': 'WinWatt gólya - C:\\Users\\Admin\\Documents\\GitHub\\autowinwatt\\winwatt_automation\\data\\runtime_maps\\full_authorized_sandbox\\building_three_rooms_20260831T153116\\s', 'class_name': 'TMainForm', 'control_type': 'Window'}
2026-08-31 15:33:36.701 | DEBUG    | winwatt_automation.live_ui.app_connector:get_cached_main_window:574 - DBG_WINWATT_CACHE_GET reason_code=cache_validated_ok payload={'wrapper_type': 'UIAWrapper', 'handle': 29230996, 'process_id': 20088, 'title': 'WinWatt gólya - C:\\Users\\Admin\\Documents\\GitHub\\autowinwatt\\winwatt_automation\\data\\runtime_maps\\full_authorized_sandbox\\building_three_rooms_20260831T153116\\s', 'class_name': 'TMainForm', 'control_type': 'Window'} last_validation_age_s=10.577999999979511 diagnostic_fast_mode=False
2026-08-31 15:33:36.701 | DEBUG    | winwatt_automation.live_ui.app_connector:get_cached_main_window:575 - DBG_PHASE_TIMING phase=get_cached_main_window elapsed_ms=63.000 reason_code=cache_validated_ok
2026-08-31 15:33:37.936 | INFO     | winwatt_automation.live_ui.app_connector:get_cached_main_window:597 - DBG_WINWATT_CACHE_GET reason_code=cache_missing_resolving_fresh diagnostic_fast_mode=False
2026-08-31 15:33:38.247 | DEBUG    | winwatt_automation.live_ui.app_connector:list_candidate_windows:180 - Discovered 0 WinWatt-like windows on backend=win32
2026-08-31 15:33:38.249 | INFO     | winwatt_automation.live_ui.app_connector:_connect_with_win32_handle:276 - DBG_WINWATT_CONNECT_WIN32_CANDIDATES locator=backend=win32 ranked_candidates=[] 
2026-08-31 15:33:38.250 | WARNING  | winwatt_automation.runtime_mapping.program_mapper:_safe_capture_snapshot:191 - snapshot_capture_failed state_id=startup_after_relaunch error=No WinWatt-like windows were found
2026-08-31 15:33:38.752 | INFO     | winwatt_automation.live_ui.app_connector:get_cached_main_window:597 - DBG_WINWATT_CACHE_GET reason_code=cache_missing_resolving_fresh diagnostic_fast_mode=False
2026-08-31 15:33:41.379 | DEBUG    | winwatt_automation.live_ui.app_connector:list_candidate_windows:180 - Discovered 0 WinWatt-like windows on backend=win32
2026-08-31 15:33:41.379 | INFO     | winwatt_automation.live_ui.app_connector:_connect_with_win32_handle:276 - DBG_WINWATT_CONNECT_WIN32_CANDIDATES locator=backend=win32 ranked_candidates=[] 
2026-08-31 15:33:41.379 | WARNING  | winwatt_automation.runtime_mapping.program_mapper:_safe_capture_snapshot:191 - snapshot_capture_failed state_id=startup_after_relaunch error=No WinWatt-like windows were found
2026-08-31 15:33:41.894 | INFO     | winwatt_automation.live_ui.app_connector:get_cached_main_window:597 - DBG_WINWATT_CACHE_GET reason_code=cache_missing_resolving_fresh diagnostic_fast_mode=False
2026-08-31 15:33:43.514 | DEBUG    | winwatt_automation.live_ui.app_connector:list_candidate_windows:180 - Discovered 0 WinWatt-like windows on backend=win32
2026-08-31 15:33:43.529 | INFO     | winwatt_automation.live_ui.app_connector:_connect_with_win32_handle:276 - DBG_WINWATT_CONNECT_WIN32_CANDIDATES locator=backend=win32 ranked_candidates=[] 
2026-08-31 15:33:43.530 | WARNING  | winwatt_automation.runtime_mapping.program_mapper:_safe_capture_snapshot:191 - snapshot_capture_failed state_id=startup_after_relaunch error=No WinWatt-like windows were found
2026-08-31 15:33:44.031 | INFO     | winwatt_automation.live_ui.app_connector:get_cached_main_window:597 - DBG_WINWATT_CACHE_GET reason_code=cache_missing_resolving_fresh diagnostic_fast_mode=False
2026-08-31 15:33:44.112 | DEBUG    | winwatt_automation.live_ui.app_connector:list_candidate_windows:180 - Discovered 0 WinWatt-like windows on backend=win32
2026-08-31 15:33:44.112 | INFO     | winwatt_automation.live_ui.app_connector:_connect_with_win32_handle:276 - DBG_WINWATT_CONNECT_WIN32_CANDIDATES locator=backend=win32 ranked_candidates=[] 
2026-08-31 15:33:44.112 | WARNING  | winwatt_automation.runtime_mapping.program_mapper:_safe_capture_snapshot:191 - snapshot_capture_failed state_id=startup_after_relaunch error=No WinWatt-like windows were found
2026-08-31 15:33:44.618 | INFO     | winwatt_automation.live_ui.app_connector:get_cached_main_window:597 - DBG_WINWATT_CACHE_GET reason_code=cache_missing_resolving_fresh diagnostic_fast_mode=False
2026-08-31 15:33:44.714 | DEBUG    | winwatt_automation.live_ui.app_connector:list_candidate_windows:180 - Discovered 0 WinWatt-like windows on backend=win32
2026-08-31 15:33:44.714 | INFO     | winwatt_automation.live_ui.app_connector:_connect_with_win32_handle:276 - DBG_WINWATT_CONNECT_WIN32_CANDIDATES locator=backend=win32 ranked_candidates=[] 
2026-08-31 15:33:44.714 | WARNING  | winwatt_automation.runtime_mapping.program_mapper:_safe_capture_snapshot:191 - snapshot_capture_failed state_id=startup_after_relaunch error=No WinWatt-like windows were found
2026-08-31 15:33:45.227 | INFO     | winwatt_automation.live_ui.app_connector:get_cached_main_window:597 - DBG_WINWATT_CACHE_GET reason_code=cache_missing_resolving_fresh diagnostic_fast_mode=False
2026-08-31 15:33:45.295 | DEBUG    | winwatt_automation.live_ui.app_connector:list_candidate_windows:180 - Discovered 0 WinWatt-like windows on backend=win32
2026-08-31 15:33:45.295 | INFO     | winwatt_automation.live_ui.app_connector:_connect_with_win32_handle:276 - DBG_WINWATT_CONNECT_WIN32_CANDIDATES locator=backend=win32 ranked_candidates=[] 
2026-08-31 15:33:45.295 | WARNING  | winwatt_automation.runtime_mapping.program_mapper:_safe_capture_snapshot:191 - snapshot_capture_failed state_id=startup_after_relaunch error=No WinWatt-like windows were found
2026-08-31 15:33:45.809 | INFO     | winwatt_automation.live_ui.app_connector:get_cached_main_window:597 - DBG_WINWATT_CACHE_GET reason_code=cache_missing_resolving_fresh diagnostic_fast_mode=False
2026-08-31 15:33:45.914 | DEBUG    | winwatt_automation.live_ui.app_connector:list_candidate_windows:180 - Discovered 0 WinWatt-like windows on backend=win32
2026-08-31 15:33:45.914 | INFO     | winwatt_automation.live_ui.app_connector:_connect_with_win32_handle:276 - DBG_WINWATT_CONNECT_WIN32_CANDIDATES locator=backend=win32 ranked_candidates=[] 
2026-08-31 15:33:45.914 | WARNING  | winwatt_automation.runtime_mapping.program_mapper:_safe_capture_snapshot:191 - snapshot_capture_failed state_id=startup_after_relaunch error=No WinWatt-like windows were found
2026-08-31 15:33:46.429 | INFO     | winwatt_automation.live_ui.app_connector:get_cached_main_window:597 - DBG_WINWATT_CACHE_GET reason_code=cache_missing_resolving_fresh diagnostic_fast_mode=False
2026-08-31 15:33:46.579 | DEBUG    | winwatt_automation.live_ui.app_connector:list_candidate_windows:180 - Discovered 0 WinWatt-like windows on backend=win32
2026-08-31 15:33:46.579 | INFO     | winwatt_automation.live_ui.app_connector:_connect_with_win32_handle:276 - DBG_WINWATT_CONNECT_WIN32_CANDIDATES locator=backend=win32 ranked_candidates=[] 
2026-08-31 15:33:46.579 | WARNING  | winwatt_automation.runtime_mapping.program_mapper:_safe_capture_snapshot:191 - snapshot_capture_failed state_id=startup_after_relaunch error=No WinWatt-like windows were found
2026-08-31 15:33:47.084 | INFO     | winwatt_automation.live_ui.app_connector:get_cached_main_window:597 - DBG_WINWATT_CACHE_GET reason_code=cache_missing_resolving_fresh diagnostic_fast_mode=False
2026-08-31 15:33:47.181 | DEBUG    | winwatt_automation.live_ui.app_connector:list_candidate_windows:180 - Discovered 0 WinWatt-like windows on backend=win32
2026-08-31 15:33:47.181 | INFO     | winwatt_automation.live_ui.app_connector:_connect_with_win32_handle:276 - DBG_WINWATT_CONNECT_WIN32_CANDIDATES locator=backend=win32 ranked_candidates=[] 
2026-08-31 15:33:47.181 | WARNING  | winwatt_automation.runtime_mapping.program_mapper:_safe_capture_snapshot:191 - snapshot_capture_failed state_id=startup_after_relaunch error=No WinWatt-like windows were found
2026-08-31 15:33:47.688 | INFO     | winwatt_automation.live_ui.app_connector:get_cached_main_window:597 - DBG_WINWATT_CACHE_GET reason_code=cache_missing_resolving_fresh diagnostic_fast_mode=False
2026-08-31 15:33:47.765 | DEBUG    | winwatt_automation.live_ui.app_connector:list_candidate_windows:180 - Discovered 0 WinWatt-like windows on backend=win32
2026-08-31 15:33:47.765 | INFO     | winwatt_automation.live_ui.app_connector:_connect_with_win32_handle:276 - DBG_WINWATT_CONNECT_WIN32_CANDIDATES locator=backend=win32 ranked_candidates=[] 
2026-08-31 15:33:47.765 | WARNING  | winwatt_automation.runtime_mapping.program_mapper:_safe_capture_snapshot:191 - snapshot_capture_failed state_id=startup_after_relaunch error=No WinWatt-like windows were found
2026-08-31 15:33:48.273 | INFO     | winwatt_automation.live_ui.app_connector:get_cached_main_window:597 - DBG_WINWATT_CACHE_GET reason_code=cache_missing_resolving_fresh diagnostic_fast_mode=False
2026-08-31 15:33:48.371 | DEBUG    | winwatt_automation.live_ui.app_connector:list_candidate_windows:180 - Discovered 0 WinWatt-like windows on backend=win32
2026-08-31 15:33:48.374 | INFO     | winwatt_automation.live_ui.app_connector:_connect_with_win32_handle:276 - DBG_WINWATT_CONNECT_WIN32_CANDIDATES locator=backend=win32 ranked_candidates=[] 
2026-08-31 15:33:48.374 | WARNING  | winwatt_automation.runtime_mapping.program_mapper:_safe_capture_snapshot:191 - snapshot_capture_failed state_id=startup_after_relaunch error=No WinWatt-like windows were found
2026-08-31 15:33:48.876 | INFO     | winwatt_automation.live_ui.app_connector:get_cached_main_window:597 - DBG_WINWATT_CACHE_GET reason_code=cache_missing_resolving_fresh diagnostic_fast_mode=False
2026-08-31 15:33:48.962 | DEBUG    | winwatt_automation.live_ui.app_connector:list_candidate_windows:180 - Discovered 0 WinWatt-like windows on backend=win32
2026-08-31 15:33:48.962 | INFO     | winwatt_automation.live_ui.app_connector:_connect_with_win32_handle:276 - DBG_WINWATT_CONNECT_WIN32_CANDIDATES locator=backend=win32 ranked_candidates=[] 
2026-08-31 15:33:48.962 | WARNING  | winwatt_automation.runtime_mapping.program_mapper:_safe_capture_snapshot:191 - snapshot_capture_failed state_id=startup_after_relaunch error=No WinWatt-like windows were found
2026-08-31 15:33:49.472 | INFO     | winwatt_automation.live_ui.app_connector:get_cached_main_window:597 - DBG_WINWATT_CACHE_GET reason_code=cache_missing_resolving_fresh diagnostic_fast_mode=False
2026-08-31 15:33:49.546 | DEBUG    | winwatt_automation.live_ui.app_connector:list_candidate_windows:180 - Discovered 0 WinWatt-like windows on backend=win32
2026-08-31 15:33:49.554 | INFO     | winwatt_automation.live_ui.app_connector:_connect_with_win32_handle:276 - DBG_WINWATT_CONNECT_WIN32_CANDIDATES locator=backend=win32 ranked_candidates=[] 
2026-08-31 15:33:49.554 | WARNING  | winwatt_automation.runtime_mapping.program_mapper:_safe_capture_snapshot:191 - snapshot_capture_failed state_id=startup_after_relaunch error=No WinWatt-like windows were found
2026-08-31 15:33:50.056 | INFO     | winwatt_automation.live_ui.app_connector:get_cached_main_window:597 - DBG_WINWATT_CACHE_GET reason_code=cache_missing_resolving_fresh diagnostic_fast_mode=False
2026-08-31 15:33:50.155 | DEBUG    | winwatt_automation.live_ui.app_connector:list_candidate_windows:180 - Discovered 1 WinWatt-like windows on backend=win32
2026-08-31 15:33:50.155 | DEBUG    | winwatt_automation.live_ui.app_connector:list_candidate_windows:182 - Candidate[win32]: {'title': 'WinWatt gólya - C:\\Users\\Admin\\Documents\\GitHub\\autowinwatt\\winwatt_automation\\data\\runtime_maps\\full_authorized_sandbox\\building_three_rooms_20260831T153116\\s', 'window_text': 'WinWatt gólya - C:\\Users\\Admin\\Documents\\GitHub\\autowinwatt\\winwatt_automation\\data\\runtime_maps\\full_authorized_sandbox\\building_three_rooms_20260831T153116\\s', 'class_name': 'TMainForm', 'control_type': None, 'process_id': 24356, 'handle': None, 'is_visible': True, 'is_enabled': True, 'rectangle': {'left': -10, 'top': -10, 'right': 1930, 'bottom': 1030, 'width': 1940, 'height': 1040}, 'size': {'width': 1940, 'height': 1040}}
2026-08-31 15:33:50.155 | INFO     | winwatt_automation.live_ui.app_connector:_connect_with_win32_handle:276 - DBG_WINWATT_CONNECT_WIN32_CANDIDATES locator=backend=win32 ranked_candidates=[{'rank': 1, 'score': (1, 1, 1, 1, 2017600), 'process_id': 24356, 'handle': None, 'class_name': 'TMainForm', 'title': 'WinWatt gólya - C:\\Users\\Admin\\Documents\\GitHub\\autowinwatt\\winwatt_automation\\data\\runtime_maps\\full_authorized_sandbox\\building_three_rooms_20260831T153116\\s', 'visible': True, 'enabled': True}] 
2026-08-31 15:33:50.155 | INFO     | winwatt_automation.live_ui.app_connector:select_main_window:224 - Candidate ranking score=(1, 1, 1, 1, 2017600) data={'title': 'WinWatt gólya - C:\\Users\\Admin\\Documents\\GitHub\\autowinwatt\\winwatt_automation\\data\\runtime_maps\\full_authorized_sandbox\\building_three_rooms_20260831T153116\\s', 'window_text': 'WinWatt gólya - C:\\Users\\Admin\\Documents\\GitHub\\autowinwatt\\winwatt_automation\\data\\runtime_maps\\full_authorized_sandbox\\building_three_rooms_20260831T153116\\s', 'class_name': 'TMainForm', 'control_type': None, 'process_id': 24356, 'handle': None, 'is_visible': True, 'is_enabled': True, 'rectangle': {'left': -10, 'top': -10, 'right': 1930, 'bottom': 1030, 'width': 1940, 'height': 1040}, 'size': {'width': 1940, 'height': 1040}}
2026-08-31 15:33:50.155 | INFO     | winwatt_automation.live_ui.app_connector:select_main_window:234 - Selected main window process_id=24356 handle=None score=(1, 1, 1, 1, 2017600) reasons=['has_process_id=True', 'has_handle=False', 'visible=True', 'enabled=True', 'title_has_winwatt=True', 'area=2017600']
2026-08-31 15:33:50.155 | INFO     | winwatt_automation.live_ui.app_connector:_connect_with_win32_handle:293 - DBG_WINWATT_CONNECT_WIN32_SELECTED selected_payload={'title': 'WinWatt gólya - C:\\Users\\Admin\\Documents\\GitHub\\autowinwatt\\winwatt_automation\\data\\runtime_maps\\full_authorized_sandbox\\building_three_rooms_20260831T153116\\s', 'window_text': 'WinWatt gólya - C:\\Users\\Admin\\Documents\\GitHub\\autowinwatt\\winwatt_automation\\data\\runtime_maps\\full_authorized_sandbox\\building_three_rooms_20260831T153116\\s', 'class_name': 'TMainForm', 'control_type': None, 'process_id': 24356, 'handle': None, 'is_visible': True, 'is_enabled': True, 'rectangle': {'left': -10, 'top': -10, 'right': 1930, 'bottom': 1030, 'width': 1940, 'height': 1040}, 'size': {'width': 1940, 'height': 1040}} selected_handle_is_none=True
2026-08-31 15:33:50.155 | INFO     | winwatt_automation.live_ui.app_connector:_connect_with_win32_handle:336 - Connected to WinWatt backend=win32 attach_mode=process candidate={'process_id': 24356, 'handle': None, 'class_name': 'TMainForm', 'title': 'WinWatt gólya - C:\\Users\\Admin\\Documents\\GitHub\\autowinwatt\\winwatt_automation\\data\\runtime_maps\\full_authorized_sandbox\\building_three_rooms_20260831T153116\\s'}
2026-08-31 15:33:50.169 | INFO     | winwatt_automation.live_ui.app_connector:_connect_with_win32_handle:350 - DBG_WINWATT_CONNECT_WIN32_RESOLVED process_id=24356 resolved_handle=None selected_payload={'title': 'WinWatt gólya - C:\\Users\\Admin\\Documents\\GitHub\\autowinwatt\\winwatt_automation\\data\\runtime_maps\\full_authorized_sandbox\\building_three_rooms_20260831T153116\\s', 'window_text': 'WinWatt gólya - C:\\Users\\Admin\\Documents\\GitHub\\autowinwatt\\winwatt_automation\\data\\runtime_maps\\full_authorized_sandbox\\building_three_rooms_20260831T153116\\s', 'class_name': 'TMainForm', 'control_type': None, 'process_id': 24356, 'handle': None, 'is_visible': True, 'is_enabled': True, 'rectangle': {'left': -10, 'top': -10, 'right': 1930, 'bottom': 1030, 'width': 1940, 'height': 1040}, 'size': {'width': 1940, 'height': 1040}}
2026-08-31 15:33:50.169 | INFO     | winwatt_automation.live_ui.app_connector:_resolve_uia_main_window:382 - DBG_WINWATT_RESOLVE_UIA_WIN32_SELECTED selected_payload={'title': 'WinWatt gólya - C:\\Users\\Admin\\Documents\\GitHub\\autowinwatt\\winwatt_automation\\data\\runtime_maps\\full_authorized_sandbox\\building_three_rooms_20260831T153116\\s', 'window_text': 'WinWatt gólya - C:\\Users\\Admin\\Documents\\GitHub\\autowinwatt\\winwatt_automation\\data\\runtime_maps\\full_authorized_sandbox\\building_three_rooms_20260831T153116\\s', 'class_name': 'TMainForm', 'control_type': None, 'process_id': 24356, 'handle': None, 'is_visible': True, 'is_enabled': True, 'rectangle': {'left': -10, 'top': -10, 'right': 1930, 'bottom': 1030, 'width': 1940, 'height': 1040}, 'size': {'width': 1940, 'height': 1040}}
2026-08-31 15:33:50.171 | INFO     | winwatt_automation.live_ui.app_connector:_resolve_uia_main_window:388 - Connected to WinWatt backend=uia process_id=24356
2026-08-31 15:33:50.171 | INFO     | winwatt_automation.live_ui.app_connector:_resolve_uia_main_window:390 - Resolving main WinWatt window backend=uia class_name=TMainForm title_re=.*WinWatt.*
2026-08-31 15:33:50.563 | INFO     | winwatt_automation.live_ui.app_connector:_resolve_uia_main_window:400 - DBG_WINWATT_RESOLVE_UIA_PRIMARY selected_payload={'title': 'WinWatt gólya - C:\\Users\\Admin\\Documents\\GitHub\\autowinwatt\\winwatt_automation\\data\\runtime_maps\\full_authorized_sandbox\\building_three_rooms_20260831T153116\\s', 'window_text': 'WinWatt gólya - C:\\Users\\Admin\\Documents\\GitHub\\autowinwatt\\winwatt_automation\\data\\runtime_maps\\full_authorized_sandbox\\building_three_rooms_20260831T153116\\s', 'class_name': 'TMainForm', 'control_type': None, 'process_id': 24356, 'handle': None, 'is_visible': True, 'is_enabled': True, 'rectangle': {'left': -10, 'top': -10, 'right': 1930, 'bottom': 1030, 'width': 1940, 'height': 1040}, 'size': {'width': 1940, 'height': 1040}} primary_result={'wrapper_type': 'UIAWrapper', 'handle': 79431458, 'process_id': 24356, 'title': 'WinWatt gólya - C:\\Users\\Admin\\Documents\\GitHub\\autowinwatt\\winwatt_automation\\data\\runtime_maps\\full_authorized_sandbox\\building_three_rooms_20260831T153116\\s', 'class_name': 'TMainForm', 'control_type': 'Window'} identity_match_with_win32=None
2026-08-31 15:33:50.563 | DEBUG    | winwatt_automation.live_ui.app_connector:get_cached_main_window:606 - DBG_PHASE_TIMING phase=get_cached_main_window elapsed_ms=515.000 reason_code=fresh_resolve
2026-08-31 15:33:50.763 | DEBUG    | winwatt_automation.live_ui.app_connector:get_cached_main_window:565 - DBG_WINWATT_CACHE_GET reason_code=cache_reused_without_validation payload={'wrapper_type': 'UIAWrapper', 'handle': 79431458, 'process_id': 24356, 'title': 'WinWatt gólya - C:\\Users\\Admin\\Documents\\GitHub\\autowinwatt\\winwatt_automation\\data\\runtime_maps\\full_authorized_sandbox\\building_three_rooms_20260831T153116\\s', 'class_name': 'TMainForm', 'control_type': 'Window'} last_validation_age_s=0.2029999999795109 diagnostic_fast_mode=False
2026-08-31 15:33:50.763 | DEBUG    | winwatt_automation.live_ui.app_connector:get_cached_main_window:566 - DBG_PHASE_TIMING phase=get_cached_main_window elapsed_ms=0.000 reason_code=cache_reused_without_validation
2026-08-31 15:33:50.772 | DEBUG    | winwatt_automation.live_ui.app_connector:get_cached_main_window:565 - DBG_WINWATT_CACHE_GET reason_code=cache_reused_without_validation payload={'wrapper_type': 'UIAWrapper', 'handle': 79431458, 'process_id': 24356, 'title': 'WinWatt gólya - C:\\Users\\Admin\\Documents\\GitHub\\autowinwatt\\winwatt_automation\\data\\runtime_maps\\full_authorized_sandbox\\building_three_rooms_20260831T153116\\s', 'class_name': 'TMainForm', 'control_type': 'Window'} last_validation_age_s=0.2029999999795109 diagnostic_fast_mode=False
2026-08-31 15:33:50.779 | DEBUG    | winwatt_automation.live_ui.app_connector:get_cached_main_window:566 - DBG_PHASE_TIMING phase=get_cached_main_window elapsed_ms=16.000 reason_code=cache_reused_without_validation
2026-08-31 15:33:51.341 | INFO     | winwatt_automation.live_ui.menu_helpers:_menu_items:1101 - DBG_MENU_ITEMS_SUMMARY total_items=7 visible_items=7 topbar_band=(0, 0, 392, 53) topbar_band_visible_count=7 popup_region_visible_count=0 force_refresh=True handle=79431458
2026-08-31 15:33:51.350 | DEBUG    | winwatt_automation.live_ui.menu_helpers:_menu_items:1111 - Discovered 7 MenuItem controls
2026-08-31 15:33:51.350 | DEBUG    | winwatt_automation.live_ui.menu_helpers:_log_phase_timing:83 - DBG_PHASE_TIMING phase=_menu_items elapsed_ms=578.000 force_refresh=True total_items=7 visible_items=7
2026-08-31 15:33:51.429 | INFO     | winwatt_automation.live_ui.menu_helpers:list_top_menu_items:1141 - Top-level menu items (raw): ['Rendszer', 'Fájl', 'Jegyzékek', 'Eszközök', 'Beállítások', 'Ablak', 'Súgó']
2026-08-31 15:33:51.429 | DEBUG    | winwatt_automation.live_ui.menu_helpers:_log_phase_timing:83 - DBG_PHASE_TIMING phase=list_top_menu_items elapsed_ms=657.000 count=7
2026-08-31 15:33:51.944 | DEBUG    | winwatt_automation.live_ui.app_connector:get_cached_main_window:565 - DBG_WINWATT_CACHE_GET reason_code=cache_reused_without_validation payload={'wrapper_type': 'UIAWrapper', 'handle': 79431458, 'process_id': 24356, 'title': 'WinWatt gólya - C:\\Users\\Admin\\Documents\\GitHub\\autowinwatt\\winwatt_automation\\data\\runtime_maps\\full_authorized_sandbox\\building_three_rooms_20260831T153116\\s', 'class_name': 'TMainForm', 'control_type': 'Window'} last_validation_age_s=1.375 diagnostic_fast_mode=False
2026-08-31 15:33:51.960 | DEBUG    | winwatt_automation.live_ui.app_connector:get_cached_main_window:566 - DBG_PHASE_TIMING phase=get_cached_main_window elapsed_ms=16.000 reason_code=cache_reused_without_validation
2026-08-31 15:33:52.120 | DEBUG    | winwatt_automation.live_ui.app_connector:get_cached_main_window:565 - DBG_WINWATT_CACHE_GET reason_code=cache_reused_without_validation payload={'wrapper_type': 'UIAWrapper', 'handle': 79431458, 'process_id': 24356, 'title': 'WinWatt gólya - C:\\Users\\Admin\\Documents\\GitHub\\autowinwatt\\winwatt_automation\\data\\runtime_maps\\full_authorized_sandbox\\building_three_rooms_20260831T153116\\s', 'class_name': 'TMainForm', 'control_type': 'Window'} last_validation_age_s=1.547000000020489 diagnostic_fast_mode=False
2026-08-31 15:33:52.120 | DEBUG    | winwatt_automation.live_ui.app_connector:get_cached_main_window:566 - DBG_PHASE_TIMING phase=get_cached_main_window elapsed_ms=0.000 reason_code=cache_reused_without_validation
2026-08-31 15:33:52.120 | DEBUG    | winwatt_automation.live_ui.app_connector:get_cached_main_window:565 - DBG_WINWATT_CACHE_GET reason_code=cache_reused_without_validation payload={'wrapper_type': 'UIAWrapper', 'handle': 79431458, 'process_id': 24356, 'title': 'WinWatt gólya - C:\\Users\\Admin\\Documents\\GitHub\\autowinwatt\\winwatt_automation\\data\\runtime_maps\\full_authorized_sandbox\\building_three_rooms_20260831T153116\\s', 'class_name': 'TMainForm', 'control_type': 'Window'} last_validation_age_s=1.547000000020489 diagnostic_fast_mode=False
2026-08-31 15:33:52.120 | DEBUG    | winwatt_automation.live_ui.app_connector:get_cached_main_window:566 - DBG_PHASE_TIMING phase=get_cached_main_window elapsed_ms=0.000 reason_code=cache_reused_without_validation
2026-08-31 15:33:52.693 | INFO     | winwatt_automation.live_ui.menu_helpers:_menu_items:1101 - DBG_MENU_ITEMS_SUMMARY total_items=7 visible_items=7 topbar_band=(0, 0, 392, 53) topbar_band_visible_count=7 popup_region_visible_count=0 force_refresh=True handle=79431458
2026-08-31 15:33:52.693 | DEBUG    | winwatt_automation.live_ui.menu_helpers:_menu_items:1111 - Discovered 7 MenuItem controls
2026-08-31 15:33:52.693 | DEBUG    | winwatt_automation.live_ui.menu_helpers:_log_phase_timing:83 - DBG_PHASE_TIMING phase=_menu_items elapsed_ms=578.000 force_refresh=True total_items=7 visible_items=7
2026-08-31 15:33:52.768 | INFO     | winwatt_automation.live_ui.menu_helpers:list_top_menu_items:1141 - Top-level menu items (raw): ['Rendszer', 'Fájl', 'Jegyzékek', 'Eszközök', 'Beállítások', 'Ablak', 'Súgó']
2026-08-31 15:33:52.787 | DEBUG    | winwatt_automation.live_ui.menu_helpers:_log_phase_timing:83 - DBG_PHASE_TIMING phase=list_top_menu_items elapsed_ms=672.000 count=7
2026-08-31 15:33:53.301 | DEBUG    | winwatt_automation.live_ui.app_connector:get_cached_main_window:565 - DBG_WINWATT_CACHE_GET reason_code=cache_reused_without_validation payload={'wrapper_type': 'UIAWrapper', 'handle': 79431458, 'process_id': 24356, 'title': 'WinWatt gólya - C:\\Users\\Admin\\Documents\\GitHub\\autowinwatt\\winwatt_automation\\data\\runtime_maps\\full_authorized_sandbox\\building_three_rooms_20260831T153116\\s', 'class_name': 'TMainForm', 'control_type': 'Window'} last_validation_age_s=2.719000000040978 diagnostic_fast_mode=False
2026-08-31 15:33:53.301 | DEBUG    | winwatt_automation.live_ui.app_connector:get_cached_main_window:566 - DBG_PHASE_TIMING phase=get_cached_main_window elapsed_ms=16.000 reason_code=cache_reused_without_validation
2026-08-31 15:33:53.457 | DEBUG    | winwatt_automation.live_ui.app_connector:get_cached_main_window:565 - DBG_WINWATT_CACHE_GET reason_code=cache_reused_without_validation payload={'wrapper_type': 'UIAWrapper', 'handle': 79431458, 'process_id': 24356, 'title': 'WinWatt gólya - C:\\Users\\Admin\\Documents\\GitHub\\autowinwatt\\winwatt_automation\\data\\runtime_maps\\full_authorized_sandbox\\building_three_rooms_20260831T153116\\s', 'class_name': 'TMainForm', 'control_type': 'Window'} last_validation_age_s=2.890999999945052 diagnostic_fast_mode=False
2026-08-31 15:33:53.457 | DEBUG    | winwatt_automation.live_ui.app_connector:get_cached_main_window:566 - DBG_PHASE_TIMING phase=get_cached_main_window elapsed_ms=0.000 reason_code=cache_reused_without_validation
2026-08-31 15:33:53.457 | DEBUG    | winwatt_automation.live_ui.app_connector:get_cached_main_window:565 - DBG_WINWATT_CACHE_GET reason_code=cache_reused_without_validation payload={'wrapper_type': 'UIAWrapper', 'handle': 79431458, 'process_id': 24356, 'title': 'WinWatt gólya - C:\\Users\\Admin\\Documents\\GitHub\\autowinwatt\\winwatt_automation\\data\\runtime_maps\\full_authorized_sandbox\\building_three_rooms_20260831T153116\\s', 'class_name': 'TMainForm', 'control_type': 'Window'} last_validation_age_s=2.890999999945052 diagnostic_fast_mode=False
2026-08-31 15:33:53.457 | DEBUG    | winwatt_automation.live_ui.app_connector:get_cached_main_window:566 - DBG_PHASE_TIMING phase=get_cached_main_window elapsed_ms=0.000 reason_code=cache_reused_without_validation
2026-08-31 15:33:53.994 | INFO     | winwatt_automation.live_ui.menu_helpers:_menu_items:1101 - DBG_MENU_ITEMS_SUMMARY total_items=7 visible_items=7 topbar_band=(0, 0, 392, 53) topbar_band_visible_count=7 popup_region_visible_count=0 force_refresh=True handle=79431458
2026-08-31 15:33:53.994 | DEBUG    | winwatt_automation.live_ui.menu_helpers:_menu_items:1111 - Discovered 7 MenuItem controls
2026-08-31 15:33:53.994 | DEBUG    | winwatt_automation.live_ui.menu_helpers:_log_phase_timing:83 - DBG_PHASE_TIMING phase=_menu_items elapsed_ms=531.000 force_refresh=True total_items=7 visible_items=7
2026-08-31 15:33:54.081 | INFO     | winwatt_automation.live_ui.menu_helpers:list_top_menu_items:1141 - Top-level menu items (raw): ['Rendszer', 'Fájl', 'Jegyzékek', 'Eszközök', 'Beállítások', 'Ablak', 'Súgó']
2026-08-31 15:33:54.081 | DEBUG    | winwatt_automation.live_ui.menu_helpers:_log_phase_timing:83 - DBG_PHASE_TIMING phase=list_top_menu_items elapsed_ms=625.000 count=7
2026-08-31 15:33:54.608 | INFO     | winwatt_automation.live_ui.app_connector:is_winwatt_foreground_context:1161 - DBG_WINWATT_FOREGROUND_CONTEXT expected_handle=79431458 expected_process_id=24356 expected_title=WinWatt gólya - C:\Users\Admin\Documents\GitHub\autowinwatt\winwatt_automation\data\runtime_maps\full_authorized_sandbox\building_three_rooms_20260831T153116\s expected_class_name=TMainForm actual_foreground_handle=79431458 actual_foreground_process_id=24356 actual_foreground_title=WinWatt gólya - C:\Users\Admin\Documents\GitHub\autowinwatt\winwatt_automation\data\runtime_maps\full_authorized_sandbox\building_three_rooms_20260831T153116\s actual_foreground_class_name=TMainForm allow_dialog=True result_reason=handle_match
2026-08-31 15:33:54.613 | INFO     | winwatt_automation.live_ui.app_connector:_cached_window_health_status:489 - DBG_WINWATT_CACHE_HEALTH reason_code=healthy payload={'wrapper_type': 'UIAWrapper', 'handle': 79431458, 'process_id': 24356, 'title': 'WinWatt gólya - C:\\Users\\Admin\\Documents\\GitHub\\autowinwatt\\winwatt_automation\\data\\runtime_maps\\full_authorized_sandbox\\building_three_rooms_20260831T153116\\s', 'class_name': 'TMainForm', 'control_type': 'Window'}
2026-08-31 15:33:54.620 | DEBUG    | winwatt_automation.live_ui.app_connector:get_cached_main_window:574 - DBG_WINWATT_CACHE_GET reason_code=cache_validated_ok payload={'wrapper_type': 'UIAWrapper', 'handle': 79431458, 'process_id': 24356, 'title': 'WinWatt gólya - C:\\Users\\Admin\\Documents\\GitHub\\autowinwatt\\winwatt_automation\\data\\runtime_maps\\full_authorized_sandbox\\building_three_rooms_20260831T153116\\s', 'class_name': 'TMainForm', 'control_type': 'Window'} last_validation_age_s=4.015999999945052 diagnostic_fast_mode=False
2026-08-31 15:33:54.621 | DEBUG    | winwatt_automation.live_ui.app_connector:get_cached_main_window:575 - DBG_PHASE_TIMING phase=get_cached_main_window elapsed_ms=31.000 reason_code=cache_validated_ok
2026-08-31 15:33:54.788 | DEBUG    | winwatt_automation.live_ui.app_connector:get_cached_main_window:565 - DBG_WINWATT_CACHE_GET reason_code=cache_reused_without_validation payload={'wrapper_type': 'UIAWrapper', 'handle': 79431458, 'process_id': 24356, 'title': 'WinWatt gólya - C:\\Users\\Admin\\Documents\\GitHub\\autowinwatt\\winwatt_automation\\data\\runtime_maps\\full_authorized_sandbox\\building_three_rooms_20260831T153116\\s', 'class_name': 'TMainForm', 'control_type': 'Window'} last_validation_age_s=0.20300000009592623 diagnostic_fast_mode=False
2026-08-31 15:33:54.804 | DEBUG    | winwatt_automation.live_ui.app_connector:get_cached_main_window:566 - DBG_PHASE_TIMING phase=get_cached_main_window elapsed_ms=16.000 reason_code=cache_reused_without_validation
2026-08-31 15:33:54.804 | DEBUG    | winwatt_automation.live_ui.app_connector:get_cached_main_window:565 - DBG_WINWATT_CACHE_GET reason_code=cache_reused_without_validation payload={'wrapper_type': 'UIAWrapper', 'handle': 79431458, 'process_id': 24356, 'title': 'WinWatt gólya - C:\\Users\\Admin\\Documents\\GitHub\\autowinwatt\\winwatt_automation\\data\\runtime_maps\\full_authorized_sandbox\\building_three_rooms_20260831T153116\\s', 'class_name': 'TMainForm', 'control_type': 'Window'} last_validation_age_s=0.2190000000409782 diagnostic_fast_mode=False
2026-08-31 15:33:54.804 | DEBUG    | winwatt_automation.live_ui.app_connector:get_cached_main_window:566 - DBG_PHASE_TIMING phase=get_cached_main_window elapsed_ms=0.000 reason_code=cache_reused_without_validation
2026-08-31 15:33:55.316 | INFO     | winwatt_automation.live_ui.menu_helpers:_menu_items:1101 - DBG_MENU_ITEMS_SUMMARY total_items=7 visible_items=7 topbar_band=(0, 0, 392, 53) topbar_band_visible_count=7 popup_region_visible_count=0 force_refresh=True handle=79431458
2026-08-31 15:33:55.328 | DEBUG    | winwatt_automation.live_ui.menu_helpers:_menu_items:1111 - Discovered 7 MenuItem controls
2026-08-31 15:33:55.328 | DEBUG    | winwatt_automation.live_ui.menu_helpers:_log_phase_timing:83 - DBG_PHASE_TIMING phase=_menu_items elapsed_ms=547.000 force_refresh=True total_items=7 visible_items=7
2026-08-31 15:33:55.405 | INFO     | winwatt_automation.live_ui.menu_helpers:list_top_menu_items:1141 - Top-level menu items (raw): ['Rendszer', 'Fájl', 'Jegyzékek', 'Eszközök', 'Beállítások', 'Ablak', 'Súgó']
2026-08-31 15:33:55.405 | DEBUG    | winwatt_automation.live_ui.menu_helpers:_log_phase_timing:83 - DBG_PHASE_TIMING phase=list_top_menu_items elapsed_ms=625.000 count=7
2026-08-31 15:33:55.910 | DEBUG    | winwatt_automation.live_ui.app_connector:get_cached_main_window:565 - DBG_WINWATT_CACHE_GET reason_code=cache_reused_without_validation payload={'wrapper_type': 'UIAWrapper', 'handle': 79431458, 'process_id': 24356, 'title': 'WinWatt gólya - C:\\Users\\Admin\\Documents\\GitHub\\autowinwatt\\winwatt_automation\\data\\runtime_maps\\full_authorized_sandbox\\building_three_rooms_20260831T153116\\s', 'class_name': 'TMainForm', 'control_type': 'Window'} last_validation_age_s=1.3280000000959262 diagnostic_fast_mode=False
2026-08-31 15:33:55.923 | DEBUG    | winwatt_automation.live_ui.app_connector:get_cached_main_window:566 - DBG_PHASE_TIMING phase=get_cached_main_window elapsed_ms=16.000 reason_code=cache_reused_without_validation
2026-08-31 15:33:56.085 | DEBUG    | winwatt_automation.live_ui.app_connector:get_cached_main_window:565 - DBG_WINWATT_CACHE_GET reason_code=cache_reused_without_validation payload={'wrapper_type': 'UIAWrapper', 'handle': 79431458, 'process_id': 24356, 'title': 'WinWatt gólya - C:\\Users\\Admin\\Documents\\GitHub\\autowinwatt\\winwatt_automation\\data\\runtime_maps\\full_authorized_sandbox\\building_three_rooms_20260831T153116\\s', 'class_name': 'TMainForm', 'control_type': 'Window'} last_validation_age_s=1.5 diagnostic_fast_mode=False
2026-08-31 15:33:56.088 | DEBUG    | winwatt_automation.live_ui.app_connector:get_cached_main_window:566 - DBG_PHASE_TIMING phase=get_cached_main_window elapsed_ms=0.000 reason_code=cache_reused_without_validation
2026-08-31 15:33:56.092 | DEBUG    | winwatt_automation.live_ui.app_connector:get_cached_main_window:565 - DBG_WINWATT_CACHE_GET reason_code=cache_reused_without_validation payload={'wrapper_type': 'UIAWrapper', 'handle': 79431458, 'process_id': 24356, 'title': 'WinWatt gólya - C:\\Users\\Admin\\Documents\\GitHub\\autowinwatt\\winwatt_automation\\data\\runtime_maps\\full_authorized_sandbox\\building_three_rooms_20260831T153116\\s', 'class_name': 'TMainForm', 'control_type': 'Window'} last_validation_age_s=1.5 diagnostic_fast_mode=False
2026-08-31 15:33:56.092 | DEBUG    | winwatt_automation.live_ui.app_connector:get_cached_main_window:566 - DBG_PHASE_TIMING phase=get_cached_main_window elapsed_ms=15.000 reason_code=cache_reused_without_validation
2026-08-31 15:33:56.585 | INFO     | winwatt_automation.live_ui.menu_helpers:_menu_items:1101 - DBG_MENU_ITEMS_SUMMARY total_items=7 visible_items=7 topbar_band=(0, 0, 392, 53) topbar_band_visible_count=7 popup_region_visible_count=0 force_refresh=True handle=79431458
2026-08-31 15:33:56.601 | DEBUG    | winwatt_automation.live_ui.menu_helpers:_menu_items:1111 - Discovered 7 MenuItem controls
2026-08-31 15:33:56.601 | DEBUG    | winwatt_automation.live_ui.menu_helpers:_log_phase_timing:83 - DBG_PHASE_TIMING phase=_menu_items elapsed_ms=515.000 force_refresh=True total_items=7 visible_items=7
2026-08-31 15:33:56.724 | INFO     | winwatt_automation.live_ui.menu_helpers:list_top_menu_items:1141 - Top-level menu items (raw): ['Rendszer', 'Fájl', 'Jegyzékek', 'Eszközök', 'Beállítások', 'Ablak', 'Súgó']
2026-08-31 15:33:56.725 | DEBUG    | winwatt_automation.live_ui.menu_helpers:_log_phase_timing:83 - DBG_PHASE_TIMING phase=list_top_menu_items elapsed_ms=640.000 count=7
2026-08-31 15:33:57.238 | DEBUG    | winwatt_automation.live_ui.app_connector:get_cached_main_window:565 - DBG_WINWATT_CACHE_GET reason_code=cache_reused_without_validation payload={'wrapper_type': 'UIAWrapper', 'handle': 79431458, 'process_id': 24356, 'title': 'WinWatt gólya - C:\\Users\\Admin\\Documents\\GitHub\\autowinwatt\\winwatt_automation\\data\\runtime_maps\\full_authorized_sandbox\\building_three_rooms_20260831T153116\\s', 'class_name': 'TMainForm', 'control_type': 'Window'} last_validation_age_s=2.64000000001397 diagnostic_fast_mode=False
2026-08-31 15:33:57.238 | DEBUG    | winwatt_automation.live_ui.app_connector:get_cached_main_window:566 - DBG_PHASE_TIMING phase=get_cached_main_window elapsed_ms=16.000 reason_code=cache_reused_without_validation
2026-08-31 15:33:57.397 | DEBUG    | winwatt_automation.live_ui.app_connector:get_cached_main_window:565 - DBG_WINWATT_CACHE_GET reason_code=cache_reused_without_validation payload={'wrapper_type': 'UIAWrapper', 'handle': 79431458, 'process_id': 24356, 'title': 'WinWatt gólya - C:\\Users\\Admin\\Documents\\GitHub\\autowinwatt\\winwatt_automation\\data\\runtime_maps\\full_authorized_sandbox\\building_three_rooms_20260831T153116\\s', 'class_name': 'TMainForm', 'control_type': 'Window'} last_validation_age_s=2.797000000020489 diagnostic_fast_mode=False
2026-08-31 15:33:57.397 | DEBUG    | winwatt_automation.live_ui.app_connector:get_cached_main_window:566 - DBG_PHASE_TIMING phase=get_cached_main_window elapsed_ms=15.000 reason_code=cache_reused_without_validation
2026-08-31 15:33:57.397 | DEBUG    | winwatt_automation.live_ui.app_connector:get_cached_main_window:565 - DBG_WINWATT_CACHE_GET reason_code=cache_reused_without_validation payload={'wrapper_type': 'UIAWrapper', 'handle': 79431458, 'process_id': 24356, 'title': 'WinWatt gólya - C:\\Users\\Admin\\Documents\\GitHub\\autowinwatt\\winwatt_automation\\data\\runtime_maps\\full_authorized_sandbox\\building_three_rooms_20260831T153116\\s', 'class_name': 'TMainForm', 'control_type': 'Window'} last_validation_age_s=2.812000000034459 diagnostic_fast_mode=False
2026-08-31 15:33:57.397 | DEBUG    | winwatt_automation.live_ui.app_connector:get_cached_main_window:566 - DBG_PHASE_TIMING phase=get_cached_main_window elapsed_ms=0.000 reason_code=cache_reused_without_validation
2026-08-31 15:33:57.922 | INFO     | winwatt_automation.live_ui.menu_helpers:_menu_items:1101 - DBG_MENU_ITEMS_SUMMARY total_items=7 visible_items=7 topbar_band=(0, 0, 392, 53) topbar_band_visible_count=7 popup_region_visible_count=0 force_refresh=True handle=79431458
2026-08-31 15:33:57.927 | DEBUG    | winwatt_automation.live_ui.menu_helpers:_menu_items:1111 - Discovered 7 MenuItem controls
2026-08-31 15:33:57.927 | DEBUG    | winwatt_automation.live_ui.menu_helpers:_log_phase_timing:83 - DBG_PHASE_TIMING phase=_menu_items elapsed_ms=547.000 force_refresh=True total_items=7 visible_items=7
2026-08-31 15:33:58.001 | INFO     | winwatt_automation.live_ui.menu_helpers:list_top_menu_items:1141 - Top-level menu items (raw): ['Rendszer', 'Fájl', 'Jegyzékek', 'Eszközök', 'Beállítások', 'Ablak', 'Súgó']
2026-08-31 15:33:58.001 | DEBUG    | winwatt_automation.live_ui.menu_helpers:_log_phase_timing:83 - DBG_PHASE_TIMING phase=list_top_menu_items elapsed_ms=625.000 count=7
2026-08-31 15:33:58.514 | DEBUG    | winwatt_automation.live_ui.app_connector:get_cached_main_window:565 - DBG_WINWATT_CACHE_GET reason_code=cache_reused_without_validation payload={'wrapper_type': 'UIAWrapper', 'handle': 79431458, 'process_id': 24356, 'title': 'WinWatt gólya - C:\\Users\\Admin\\Documents\\GitHub\\autowinwatt\\winwatt_automation\\data\\runtime_maps\\full_authorized_sandbox\\building_three_rooms_20260831T153116\\s', 'class_name': 'TMainForm', 'control_type': 'Window'} last_validation_age_s=3.937000000034459 diagnostic_fast_mode=False
2026-08-31 15:33:58.528 | DEBUG    | winwatt_automation.live_ui.app_connector:get_cached_main_window:566 - DBG_PHASE_TIMING phase=get_cached_main_window elapsed_ms=16.000 reason_code=cache_reused_without_validation
2026-08-31 15:34:00.199 | INFO     | winwatt_automation.live_ui.app_connector:is_winwatt_foreground_context:1161 - DBG_WINWATT_FOREGROUND_CONTEXT expected_handle=79431458 expected_process_id=24356 expected_title=WinWatt gólya - C:\Users\Admin\Documents\GitHub\autowinwatt\winwatt_automation\data\runtime_maps\full_authorized_sandbox\building_three_rooms_20260831T153116\s expected_class_name=TMainForm actual_foreground_handle=79431458 actual_foreground_process_id=24356 actual_foreground_title=WinWatt gólya - C:\Users\Admin\Documents\GitHub\autowinwatt\winwatt_automation\data\runtime_maps\full_authorized_sandbox\building_three_rooms_20260831T153116\s actual_foreground_class_name=TMainForm allow_dialog=True result_reason=handle_match
2026-08-31 15:34:00.214 | INFO     | winwatt_automation.live_ui.app_connector:_cached_window_health_status:489 - DBG_WINWATT_CACHE_HEALTH reason_code=healthy payload={'wrapper_type': 'UIAWrapper', 'handle': 79431458, 'process_id': 24356, 'title': 'WinWatt gólya - C:\\Users\\Admin\\Documents\\GitHub\\autowinwatt\\winwatt_automation\\data\\runtime_maps\\full_authorized_sandbox\\building_three_rooms_20260831T153116\\s', 'class_name': 'TMainForm', 'control_type': 'Window'}
2026-08-31 15:34:00.214 | DEBUG    | winwatt_automation.live_ui.app_connector:get_cached_main_window:574 - DBG_WINWATT_CACHE_GET reason_code=cache_validated_ok payload={'wrapper_type': 'UIAWrapper', 'handle': 79431458, 'process_id': 24356, 'title': 'WinWatt gólya - C:\\Users\\Admin\\Documents\\GitHub\\autowinwatt\\winwatt_automation\\data\\runtime_maps\\full_authorized_sandbox\\building_three_rooms_20260831T153116\\s', 'class_name': 'TMainForm', 'control_type': 'Window'} last_validation_age_s=5.609000000054948 diagnostic_fast_mode=False
2026-08-31 15:34:00.214 | DEBUG    | winwatt_automation.live_ui.app_connector:get_cached_main_window:575 - DBG_PHASE_TIMING phase=get_cached_main_window elapsed_ms=16.000 reason_code=cache_validated_ok
2026-08-31 15:34:22.435 | INFO     | winwatt_automation.live_ui.app_connector:is_winwatt_foreground_context:1161 - DBG_WINWATT_FOREGROUND_CONTEXT expected_handle=79431458 expected_process_id=24356 expected_title=WinWatt gólya - C:\Users\Admin\Documents\GitHub\autowinwatt\winwatt_automation\data\runtime_maps\full_authorized_sandbox\building_three_rooms_20260831T153116\s expected_class_name=TMainForm actual_foreground_handle=79431458 actual_foreground_process_id=24356 actual_foreground_title=WinWatt gólya - C:\Users\Admin\Documents\GitHub\autowinwatt\winwatt_automation\data\runtime_maps\full_authorized_sandbox\building_three_rooms_20260831T153116\s actual_foreground_class_name=TMainForm allow_dialog=True result_reason=handle_match
2026-08-31 15:34:22.449 | INFO     | winwatt_automation.live_ui.app_connector:_cached_window_health_status:489 - DBG_WINWATT_CACHE_HEALTH reason_code=healthy payload={'wrapper_type': 'UIAWrapper', 'handle': 79431458, 'process_id': 24356, 'title': 'WinWatt gólya - C:\\Users\\Admin\\Documents\\GitHub\\autowinwatt\\winwatt_automation\\data\\runtime_maps\\full_authorized_sandbox\\building_three_rooms_20260831T153116\\s', 'class_name': 'TMainForm', 'control_type': 'Window'}
2026-08-31 15:34:22.465 | DEBUG    | winwatt_automation.live_ui.app_connector:get_cached_main_window:574 - DBG_WINWATT_CACHE_GET reason_code=cache_validated_ok payload={'wrapper_type': 'UIAWrapper', 'handle': 79431458, 'process_id': 24356, 'title': 'WinWatt gólya - C:\\Users\\Admin\\Documents\\GitHub\\autowinwatt\\winwatt_automation\\data\\runtime_maps\\full_authorized_sandbox\\building_three_rooms_20260831T153116\\s', 'class_name': 'TMainForm', 'control_type': 'Window'} last_validation_age_s=20.56299999996554 diagnostic_fast_mode=False
2026-08-31 15:34:22.465 | DEBUG    | winwatt_automation.live_ui.app_connector:get_cached_main_window:575 - DBG_PHASE_TIMING phase=get_cached_main_window elapsed_ms=1703.000 reason_code=cache_validated_ok
2026-08-31 15:34:22.798 | DEBUG    | winwatt_automation.live_ui.app_connector:get_cached_main_window:565 - DBG_WINWATT_CACHE_GET reason_code=cache_reused_without_validation payload={'wrapper_type': 'UIAWrapper', 'handle': 79431458, 'process_id': 24356, 'title': 'WinWatt gólya - C:\\Users\\Admin\\Documents\\GitHub\\autowinwatt\\winwatt_automation\\data\\runtime_maps\\full_authorized_sandbox\\building_three_rooms_20260831T153116\\s', 'class_name': 'TMainForm', 'control_type': 'Window'} last_validation_age_s=2.01500000001397 diagnostic_fast_mode=False
2026-08-31 15:34:22.798 | DEBUG    | winwatt_automation.live_ui.app_connector:get_cached_main_window:566 - DBG_PHASE_TIMING phase=get_cached_main_window elapsed_ms=32.000 reason_code=cache_reused_without_validation
