2026-08-31 15:09:01.179 | INFO     | winwatt_automation.live_ui.app_connector:get_cached_main_window:597 - DBG_WINWATT_CACHE_GET reason_code=cache_missing_resolving_fresh diagnostic_fast_mode=False
2026-08-31 15:09:01.873 | DEBUG    | winwatt_automation.live_ui.app_connector:list_candidate_windows:180 - Discovered 0 WinWatt-like windows on backend=win32
2026-08-31 15:09:01.873 | INFO     | winwatt_automation.live_ui.app_connector:_connect_with_win32_handle:276 - DBG_WINWATT_CONNECT_WIN32_CANDIDATES locator=backend=win32 ranked_candidates=[] 
2026-08-31 15:09:01.873 | WARNING  | winwatt_automation.runtime_mapping.program_mapper:_safe_capture_snapshot:191 - snapshot_capture_failed state_id=startup_after_relaunch error=No WinWatt-like windows were found
2026-08-31 15:09:02.386 | INFO     | winwatt_automation.live_ui.app_connector:get_cached_main_window:597 - DBG_WINWATT_CACHE_GET reason_code=cache_missing_resolving_fresh diagnostic_fast_mode=False
2026-08-31 15:09:04.997 | DEBUG    | winwatt_automation.live_ui.app_connector:list_candidate_windows:180 - Discovered 0 WinWatt-like windows on backend=win32
2026-08-31 15:09:05.001 | INFO     | winwatt_automation.live_ui.app_connector:_connect_with_win32_handle:276 - DBG_WINWATT_CONNECT_WIN32_CANDIDATES locator=backend=win32 ranked_candidates=[] 
2026-08-31 15:09:05.002 | WARNING  | winwatt_automation.runtime_mapping.program_mapper:_safe_capture_snapshot:191 - snapshot_capture_failed state_id=startup_after_relaunch error=No WinWatt-like windows were found
2026-08-31 15:09:05.502 | INFO     | winwatt_automation.live_ui.app_connector:get_cached_main_window:597 - DBG_WINWATT_CACHE_GET reason_code=cache_missing_resolving_fresh diagnostic_fast_mode=False
2026-08-31 15:09:06.637 | DEBUG    | winwatt_automation.live_ui.app_connector:list_candidate_windows:180 - Discovered 0 WinWatt-like windows on backend=win32
2026-08-31 15:09:06.637 | INFO     | winwatt_automation.live_ui.app_connector:_connect_with_win32_handle:276 - DBG_WINWATT_CONNECT_WIN32_CANDIDATES locator=backend=win32 ranked_candidates=[] 
2026-08-31 15:09:06.637 | WARNING  | winwatt_automation.runtime_mapping.program_mapper:_safe_capture_snapshot:191 - snapshot_capture_failed state_id=startup_after_relaunch error=No WinWatt-like windows were found
2026-08-31 15:09:07.145 | INFO     | winwatt_automation.live_ui.app_connector:get_cached_main_window:597 - DBG_WINWATT_CACHE_GET reason_code=cache_missing_resolving_fresh diagnostic_fast_mode=False
2026-08-31 15:09:07.205 | DEBUG    | winwatt_automation.live_ui.app_connector:list_candidate_windows:180 - Discovered 0 WinWatt-like windows on backend=win32
2026-08-31 15:09:07.222 | INFO     | winwatt_automation.live_ui.app_connector:_connect_with_win32_handle:276 - DBG_WINWATT_CONNECT_WIN32_CANDIDATES locator=backend=win32 ranked_candidates=[] 
2026-08-31 15:09:07.222 | WARNING  | winwatt_automation.runtime_mapping.program_mapper:_safe_capture_snapshot:191 - snapshot_capture_failed state_id=startup_after_relaunch error=No WinWatt-like windows were found
2026-08-31 15:09:07.725 | INFO     | winwatt_automation.live_ui.app_connector:get_cached_main_window:597 - DBG_WINWATT_CACHE_GET reason_code=cache_missing_resolving_fresh diagnostic_fast_mode=False
2026-08-31 15:09:07.790 | DEBUG    | winwatt_automation.live_ui.app_connector:list_candidate_windows:180 - Discovered 0 WinWatt-like windows on backend=win32
2026-08-31 15:09:07.790 | INFO     | winwatt_automation.live_ui.app_connector:_connect_with_win32_handle:276 - DBG_WINWATT_CONNECT_WIN32_CANDIDATES locator=backend=win32 ranked_candidates=[] 
2026-08-31 15:09:07.790 | WARNING  | winwatt_automation.runtime_mapping.program_mapper:_safe_capture_snapshot:191 - snapshot_capture_failed state_id=startup_after_relaunch error=No WinWatt-like windows were found
2026-08-31 15:09:08.303 | INFO     | winwatt_automation.live_ui.app_connector:get_cached_main_window:597 - DBG_WINWATT_CACHE_GET reason_code=cache_missing_resolving_fresh diagnostic_fast_mode=False
2026-08-31 15:09:08.373 | DEBUG    | winwatt_automation.live_ui.app_connector:list_candidate_windows:180 - Discovered 0 WinWatt-like windows on backend=win32
2026-08-31 15:09:08.373 | INFO     | winwatt_automation.live_ui.app_connector:_connect_with_win32_handle:276 - DBG_WINWATT_CONNECT_WIN32_CANDIDATES locator=backend=win32 ranked_candidates=[] 
2026-08-31 15:09:08.389 | WARNING  | winwatt_automation.runtime_mapping.program_mapper:_safe_capture_snapshot:191 - snapshot_capture_failed state_id=startup_after_relaunch error=No WinWatt-like windows were found
2026-08-31 15:09:08.892 | INFO     | winwatt_automation.live_ui.app_connector:get_cached_main_window:597 - DBG_WINWATT_CACHE_GET reason_code=cache_missing_resolving_fresh diagnostic_fast_mode=False
2026-08-31 15:09:08.979 | DEBUG    | winwatt_automation.live_ui.app_connector:list_candidate_windows:180 - Discovered 0 WinWatt-like windows on backend=win32
2026-08-31 15:09:08.981 | INFO     | winwatt_automation.live_ui.app_connector:_connect_with_win32_handle:276 - DBG_WINWATT_CONNECT_WIN32_CANDIDATES locator=backend=win32 ranked_candidates=[] 
2026-08-31 15:09:08.981 | WARNING  | winwatt_automation.runtime_mapping.program_mapper:_safe_capture_snapshot:191 - snapshot_capture_failed state_id=startup_after_relaunch error=No WinWatt-like windows were found
2026-08-31 15:09:09.483 | INFO     | winwatt_automation.live_ui.app_connector:get_cached_main_window:597 - DBG_WINWATT_CACHE_GET reason_code=cache_missing_resolving_fresh diagnostic_fast_mode=False
2026-08-31 15:09:09.602 | DEBUG    | winwatt_automation.live_ui.app_connector:list_candidate_windows:180 - Discovered 0 WinWatt-like windows on backend=win32
2026-08-31 15:09:09.606 | INFO     | winwatt_automation.live_ui.app_connector:_connect_with_win32_handle:276 - DBG_WINWATT_CONNECT_WIN32_CANDIDATES locator=backend=win32 ranked_candidates=[] 
2026-08-31 15:09:09.608 | WARNING  | winwatt_automation.runtime_mapping.program_mapper:_safe_capture_snapshot:191 - snapshot_capture_failed state_id=startup_after_relaunch error=No WinWatt-like windows were found
2026-08-31 15:09:10.110 | INFO     | winwatt_automation.live_ui.app_connector:get_cached_main_window:597 - DBG_WINWATT_CACHE_GET reason_code=cache_missing_resolving_fresh diagnostic_fast_mode=False
2026-08-31 15:09:10.188 | DEBUG    | winwatt_automation.live_ui.app_connector:list_candidate_windows:180 - Discovered 0 WinWatt-like windows on backend=win32
2026-08-31 15:09:10.188 | INFO     | winwatt_automation.live_ui.app_connector:_connect_with_win32_handle:276 - DBG_WINWATT_CONNECT_WIN32_CANDIDATES locator=backend=win32 ranked_candidates=[] 
2026-08-31 15:09:10.188 | WARNING  | winwatt_automation.runtime_mapping.program_mapper:_safe_capture_snapshot:191 - snapshot_capture_failed state_id=startup_after_relaunch error=No WinWatt-like windows were found
2026-08-31 15:09:10.703 | INFO     | winwatt_automation.live_ui.app_connector:get_cached_main_window:597 - DBG_WINWATT_CACHE_GET reason_code=cache_missing_resolving_fresh diagnostic_fast_mode=False
2026-08-31 15:09:10.806 | DEBUG    | winwatt_automation.live_ui.app_connector:list_candidate_windows:180 - Discovered 0 WinWatt-like windows on backend=win32
2026-08-31 15:09:10.806 | INFO     | winwatt_automation.live_ui.app_connector:_connect_with_win32_handle:276 - DBG_WINWATT_CONNECT_WIN32_CANDIDATES locator=backend=win32 ranked_candidates=[] 
2026-08-31 15:09:10.806 | WARNING  | winwatt_automation.runtime_mapping.program_mapper:_safe_capture_snapshot:191 - snapshot_capture_failed state_id=startup_after_relaunch error=No WinWatt-like windows were found
2026-08-31 15:09:11.311 | INFO     | winwatt_automation.live_ui.app_connector:get_cached_main_window:597 - DBG_WINWATT_CACHE_GET reason_code=cache_missing_resolving_fresh diagnostic_fast_mode=False
2026-08-31 15:09:11.405 | DEBUG    | winwatt_automation.live_ui.app_connector:list_candidate_windows:180 - Discovered 0 WinWatt-like windows on backend=win32
2026-08-31 15:09:11.405 | INFO     | winwatt_automation.live_ui.app_connector:_connect_with_win32_handle:276 - DBG_WINWATT_CONNECT_WIN32_CANDIDATES locator=backend=win32 ranked_candidates=[] 
2026-08-31 15:09:11.405 | WARNING  | winwatt_automation.runtime_mapping.program_mapper:_safe_capture_snapshot:191 - snapshot_capture_failed state_id=startup_after_relaunch error=No WinWatt-like windows were found
2026-08-31 15:09:11.907 | INFO     | winwatt_automation.live_ui.app_connector:get_cached_main_window:597 - DBG_WINWATT_CACHE_GET reason_code=cache_missing_resolving_fresh diagnostic_fast_mode=False
2026-08-31 15:09:11.989 | DEBUG    | winwatt_automation.live_ui.app_connector:list_candidate_windows:180 - Discovered 0 WinWatt-like windows on backend=win32
2026-08-31 15:09:11.989 | INFO     | winwatt_automation.live_ui.app_connector:_connect_with_win32_handle:276 - DBG_WINWATT_CONNECT_WIN32_CANDIDATES locator=backend=win32 ranked_candidates=[] 
2026-08-31 15:09:11.989 | WARNING  | winwatt_automation.runtime_mapping.program_mapper:_safe_capture_snapshot:191 - snapshot_capture_failed state_id=startup_after_relaunch error=No WinWatt-like windows were found
2026-08-31 15:09:12.504 | INFO     | winwatt_automation.live_ui.app_connector:get_cached_main_window:597 - DBG_WINWATT_CACHE_GET reason_code=cache_missing_resolving_fresh diagnostic_fast_mode=False
2026-08-31 15:09:12.571 | DEBUG    | winwatt_automation.live_ui.app_connector:list_candidate_windows:180 - Discovered 0 WinWatt-like windows on backend=win32
2026-08-31 15:09:12.571 | INFO     | winwatt_automation.live_ui.app_connector:_connect_with_win32_handle:276 - DBG_WINWATT_CONNECT_WIN32_CANDIDATES locator=backend=win32 ranked_candidates=[] 
2026-08-31 15:09:12.571 | WARNING  | winwatt_automation.runtime_mapping.program_mapper:_safe_capture_snapshot:191 - snapshot_capture_failed state_id=startup_after_relaunch error=No WinWatt-like windows were found
2026-08-31 15:09:13.086 | INFO     | winwatt_automation.live_ui.app_connector:get_cached_main_window:597 - DBG_WINWATT_CACHE_GET reason_code=cache_missing_resolving_fresh diagnostic_fast_mode=False
2026-08-31 15:09:13.339 | DEBUG    | winwatt_automation.live_ui.app_connector:list_candidate_windows:180 - Discovered 0 WinWatt-like windows on backend=win32
2026-08-31 15:09:13.341 | INFO     | winwatt_automation.live_ui.app_connector:_connect_with_win32_handle:276 - DBG_WINWATT_CONNECT_WIN32_CANDIDATES locator=backend=win32 ranked_candidates=[] 
2026-08-31 15:09:13.343 | WARNING  | winwatt_automation.runtime_mapping.program_mapper:_safe_capture_snapshot:191 - snapshot_capture_failed state_id=startup_after_relaunch error=No WinWatt-like windows were found
2026-08-31 15:09:13.846 | INFO     | winwatt_automation.live_ui.app_connector:get_cached_main_window:597 - DBG_WINWATT_CACHE_GET reason_code=cache_missing_resolving_fresh diagnostic_fast_mode=False
2026-08-31 15:09:13.938 | DEBUG    | winwatt_automation.live_ui.app_connector:list_candidate_windows:180 - Discovered 1 WinWatt-like windows on backend=win32
2026-08-31 15:09:13.938 | DEBUG    | winwatt_automation.live_ui.app_connector:list_candidate_windows:182 - Candidate[win32]: {'title': 'WinWatt gólya - C:\\Users\\Admin\\Documents\\GitHub\\autowinwatt\\winwatt_automation\\data\\runtime_maps\\full_authorized_sandbox\\adaptive_anyagok_efficient_v4_20260831', 'window_text': 'WinWatt gólya - C:\\Users\\Admin\\Documents\\GitHub\\autowinwatt\\winwatt_automation\\data\\runtime_maps\\full_authorized_sandbox\\adaptive_anyagok_efficient_v4_20260831', 'class_name': 'TMainForm', 'control_type': None, 'process_id': 20040, 'handle': None, 'is_visible': True, 'is_enabled': True, 'rectangle': {'left': -10, 'top': -10, 'right': 1930, 'bottom': 1030, 'width': 1940, 'height': 1040}, 'size': {'width': 1940, 'height': 1040}}
2026-08-31 15:09:13.938 | INFO     | winwatt_automation.live_ui.app_connector:_connect_with_win32_handle:276 - DBG_WINWATT_CONNECT_WIN32_CANDIDATES locator=backend=win32 ranked_candidates=[{'rank': 1, 'score': (1, 1, 1, 1, 2017600), 'process_id': 20040, 'handle': None, 'class_name': 'TMainForm', 'title': 'WinWatt gólya - C:\\Users\\Admin\\Documents\\GitHub\\autowinwatt\\winwatt_automation\\data\\runtime_maps\\full_authorized_sandbox\\adaptive_anyagok_efficient_v4_20260831', 'visible': True, 'enabled': True}] 
2026-08-31 15:09:13.938 | INFO     | winwatt_automation.live_ui.app_connector:select_main_window:224 - Candidate ranking score=(1, 1, 1, 1, 2017600) data={'title': 'WinWatt gólya - C:\\Users\\Admin\\Documents\\GitHub\\autowinwatt\\winwatt_automation\\data\\runtime_maps\\full_authorized_sandbox\\adaptive_anyagok_efficient_v4_20260831', 'window_text': 'WinWatt gólya - C:\\Users\\Admin\\Documents\\GitHub\\autowinwatt\\winwatt_automation\\data\\runtime_maps\\full_authorized_sandbox\\adaptive_anyagok_efficient_v4_20260831', 'class_name': 'TMainForm', 'control_type': None, 'process_id': 20040, 'handle': None, 'is_visible': True, 'is_enabled': True, 'rectangle': {'left': -10, 'top': -10, 'right': 1930, 'bottom': 1030, 'width': 1940, 'height': 1040}, 'size': {'width': 1940, 'height': 1040}}
2026-08-31 15:09:13.938 | INFO     | winwatt_automation.live_ui.app_connector:select_main_window:234 - Selected main window process_id=20040 handle=None score=(1, 1, 1, 1, 2017600) reasons=['has_process_id=True', 'has_handle=False', 'visible=True', 'enabled=True', 'title_has_winwatt=True', 'area=2017600']
2026-08-31 15:09:13.938 | INFO     | winwatt_automation.live_ui.app_connector:_connect_with_win32_handle:293 - DBG_WINWATT_CONNECT_WIN32_SELECTED selected_payload={'title': 'WinWatt gólya - C:\\Users\\Admin\\Documents\\GitHub\\autowinwatt\\winwatt_automation\\data\\runtime_maps\\full_authorized_sandbox\\adaptive_anyagok_efficient_v4_20260831', 'window_text': 'WinWatt gólya - C:\\Users\\Admin\\Documents\\GitHub\\autowinwatt\\winwatt_automation\\data\\runtime_maps\\full_authorized_sandbox\\adaptive_anyagok_efficient_v4_20260831', 'class_name': 'TMainForm', 'control_type': None, 'process_id': 20040, 'handle': None, 'is_visible': True, 'is_enabled': True, 'rectangle': {'left': -10, 'top': -10, 'right': 1930, 'bottom': 1030, 'width': 1940, 'height': 1040}, 'size': {'width': 1940, 'height': 1040}} selected_handle_is_none=True
2026-08-31 15:09:13.938 | INFO     | winwatt_automation.live_ui.app_connector:_connect_with_win32_handle:336 - Connected to WinWatt backend=win32 attach_mode=process candidate={'process_id': 20040, 'handle': None, 'class_name': 'TMainForm', 'title': 'WinWatt gólya - C:\\Users\\Admin\\Documents\\GitHub\\autowinwatt\\winwatt_automation\\data\\runtime_maps\\full_authorized_sandbox\\adaptive_anyagok_efficient_v4_20260831'}
2026-08-31 15:09:13.938 | INFO     | winwatt_automation.live_ui.app_connector:_connect_with_win32_handle:350 - DBG_WINWATT_CONNECT_WIN32_RESOLVED process_id=20040 resolved_handle=None selected_payload={'title': 'WinWatt gólya - C:\\Users\\Admin\\Documents\\GitHub\\autowinwatt\\winwatt_automation\\data\\runtime_maps\\full_authorized_sandbox\\adaptive_anyagok_efficient_v4_20260831', 'window_text': 'WinWatt gólya - C:\\Users\\Admin\\Documents\\GitHub\\autowinwatt\\winwatt_automation\\data\\runtime_maps\\full_authorized_sandbox\\adaptive_anyagok_efficient_v4_20260831', 'class_name': 'TMainForm', 'control_type': None, 'process_id': 20040, 'handle': None, 'is_visible': True, 'is_enabled': True, 'rectangle': {'left': -10, 'top': -10, 'right': 1930, 'bottom': 1030, 'width': 1940, 'height': 1040}, 'size': {'width': 1940, 'height': 1040}}
2026-08-31 15:09:13.953 | INFO     | winwatt_automation.live_ui.app_connector:_resolve_uia_main_window:382 - DBG_WINWATT_RESOLVE_UIA_WIN32_SELECTED selected_payload={'title': 'WinWatt gólya - C:\\Users\\Admin\\Documents\\GitHub\\autowinwatt\\winwatt_automation\\data\\runtime_maps\\full_authorized_sandbox\\adaptive_anyagok_efficient_v4_20260831', 'window_text': 'WinWatt gólya - C:\\Users\\Admin\\Documents\\GitHub\\autowinwatt\\winwatt_automation\\data\\runtime_maps\\full_authorized_sandbox\\adaptive_anyagok_efficient_v4_20260831', 'class_name': 'TMainForm', 'control_type': None, 'process_id': 20040, 'handle': None, 'is_visible': True, 'is_enabled': True, 'rectangle': {'left': -10, 'top': -10, 'right': 1930, 'bottom': 1030, 'width': 1940, 'height': 1040}, 'size': {'width': 1940, 'height': 1040}}
2026-08-31 15:09:13.953 | INFO     | winwatt_automation.live_ui.app_connector:_resolve_uia_main_window:388 - Connected to WinWatt backend=uia process_id=20040
2026-08-31 15:09:13.953 | INFO     | winwatt_automation.live_ui.app_connector:_resolve_uia_main_window:390 - Resolving main WinWatt window backend=uia class_name=TMainForm title_re=.*WinWatt.*
2026-08-31 15:09:14.382 | INFO     | winwatt_automation.live_ui.app_connector:_resolve_uia_main_window:400 - DBG_WINWATT_RESOLVE_UIA_PRIMARY selected_payload={'title': 'WinWatt gólya - C:\\Users\\Admin\\Documents\\GitHub\\autowinwatt\\winwatt_automation\\data\\runtime_maps\\full_authorized_sandbox\\adaptive_anyagok_efficient_v4_20260831', 'window_text': 'WinWatt gólya - C:\\Users\\Admin\\Documents\\GitHub\\autowinwatt\\winwatt_automation\\data\\runtime_maps\\full_authorized_sandbox\\adaptive_anyagok_efficient_v4_20260831', 'class_name': 'TMainForm', 'control_type': None, 'process_id': 20040, 'handle': None, 'is_visible': True, 'is_enabled': True, 'rectangle': {'left': -10, 'top': -10, 'right': 1930, 'bottom': 1030, 'width': 1940, 'height': 1040}, 'size': {'width': 1940, 'height': 1040}} primary_result={'wrapper_type': 'UIAWrapper', 'handle': 152831786, 'process_id': 20040, 'title': 'WinWatt gólya - C:\\Users\\Admin\\Documents\\GitHub\\autowinwatt\\winwatt_automation\\data\\runtime_maps\\full_authorized_sandbox\\adaptive_anyagok_efficient_v4_20260831', 'class_name': 'TMainForm', 'control_type': 'Window'} identity_match_with_win32=None
2026-08-31 15:09:14.398 | DEBUG    | winwatt_automation.live_ui.app_connector:get_cached_main_window:606 - DBG_PHASE_TIMING phase=get_cached_main_window elapsed_ms=547.000 reason_code=fresh_resolve
2026-08-31 15:09:14.556 | DEBUG    | winwatt_automation.live_ui.app_connector:get_cached_main_window:565 - DBG_WINWATT_CACHE_GET reason_code=cache_reused_without_validation payload={'wrapper_type': 'UIAWrapper', 'handle': 152831786, 'process_id': 20040, 'title': 'WinWatt gólya - C:\\Users\\Admin\\Documents\\GitHub\\autowinwatt\\winwatt_automation\\data\\runtime_maps\\full_authorized_sandbox\\adaptive_anyagok_efficient_v4_20260831', 'class_name': 'TMainForm', 'control_type': 'Window'} last_validation_age_s=0.1410000000614673 diagnostic_fast_mode=False
2026-08-31 15:09:14.556 | DEBUG    | winwatt_automation.live_ui.app_connector:get_cached_main_window:566 - DBG_PHASE_TIMING phase=get_cached_main_window elapsed_ms=16.000 reason_code=cache_reused_without_validation
2026-08-31 15:09:14.556 | DEBUG    | winwatt_automation.live_ui.app_connector:get_cached_main_window:565 - DBG_WINWATT_CACHE_GET reason_code=cache_reused_without_validation payload={'wrapper_type': 'UIAWrapper', 'handle': 152831786, 'process_id': 20040, 'title': 'WinWatt gólya - C:\\Users\\Admin\\Documents\\GitHub\\autowinwatt\\winwatt_automation\\data\\runtime_maps\\full_authorized_sandbox\\adaptive_anyagok_efficient_v4_20260831', 'class_name': 'TMainForm', 'control_type': 'Window'} last_validation_age_s=0.15700000000651926 diagnostic_fast_mode=False
2026-08-31 15:09:14.556 | DEBUG    | winwatt_automation.live_ui.app_connector:get_cached_main_window:566 - DBG_PHASE_TIMING phase=get_cached_main_window elapsed_ms=0.000 reason_code=cache_reused_without_validation
2026-08-31 15:09:15.084 | INFO     | winwatt_automation.live_ui.menu_helpers:_menu_items:1101 - DBG_MENU_ITEMS_SUMMARY total_items=7 visible_items=7 topbar_band=(0, 0, 392, 53) topbar_band_visible_count=7 popup_region_visible_count=0 force_refresh=True handle=152831786
2026-08-31 15:09:15.099 | DEBUG    | winwatt_automation.live_ui.menu_helpers:_menu_items:1111 - Discovered 7 MenuItem controls
2026-08-31 15:09:15.100 | DEBUG    | winwatt_automation.live_ui.menu_helpers:_log_phase_timing:83 - DBG_PHASE_TIMING phase=_menu_items elapsed_ms=562.000 force_refresh=True total_items=7 visible_items=7
2026-08-31 15:09:15.176 | INFO     | winwatt_automation.live_ui.menu_helpers:list_top_menu_items:1141 - Top-level menu items (raw): ['Rendszer', 'Fájl', 'Jegyzékek', 'Eszközök', 'Beállítások', 'Ablak', 'Súgó']
2026-08-31 15:09:15.176 | DEBUG    | winwatt_automation.live_ui.menu_helpers:_log_phase_timing:83 - DBG_PHASE_TIMING phase=list_top_menu_items elapsed_ms=641.000 count=7
2026-08-31 15:09:15.687 | DEBUG    | winwatt_automation.live_ui.app_connector:get_cached_main_window:565 - DBG_WINWATT_CACHE_GET reason_code=cache_reused_without_validation payload={'wrapper_type': 'UIAWrapper', 'handle': 152831786, 'process_id': 20040, 'title': 'WinWatt gólya - C:\\Users\\Admin\\Documents\\GitHub\\autowinwatt\\winwatt_automation\\data\\runtime_maps\\full_authorized_sandbox\\adaptive_anyagok_efficient_v4_20260831', 'class_name': 'TMainForm', 'control_type': 'Window'} last_validation_age_s=1.297000000020489 diagnostic_fast_mode=False
2026-08-31 15:09:15.687 | DEBUG    | winwatt_automation.live_ui.app_connector:get_cached_main_window:566 - DBG_PHASE_TIMING phase=get_cached_main_window elapsed_ms=0.000 reason_code=cache_reused_without_validation
2026-08-31 15:09:15.841 | DEBUG    | winwatt_automation.live_ui.app_connector:get_cached_main_window:565 - DBG_WINWATT_CACHE_GET reason_code=cache_reused_without_validation payload={'wrapper_type': 'UIAWrapper', 'handle': 152831786, 'process_id': 20040, 'title': 'WinWatt gólya - C:\\Users\\Admin\\Documents\\GitHub\\autowinwatt\\winwatt_automation\\data\\runtime_maps\\full_authorized_sandbox\\adaptive_anyagok_efficient_v4_20260831', 'class_name': 'TMainForm', 'control_type': 'Window'} last_validation_age_s=1.437999999965541 diagnostic_fast_mode=False
2026-08-31 15:09:15.841 | DEBUG    | winwatt_automation.live_ui.app_connector:get_cached_main_window:566 - DBG_PHASE_TIMING phase=get_cached_main_window elapsed_ms=15.000 reason_code=cache_reused_without_validation
2026-08-31 15:09:15.841 | DEBUG    | winwatt_automation.live_ui.app_connector:get_cached_main_window:565 - DBG_WINWATT_CACHE_GET reason_code=cache_reused_without_validation payload={'wrapper_type': 'UIAWrapper', 'handle': 152831786, 'process_id': 20040, 'title': 'WinWatt gólya - C:\\Users\\Admin\\Documents\\GitHub\\autowinwatt\\winwatt_automation\\data\\runtime_maps\\full_authorized_sandbox\\adaptive_anyagok_efficient_v4_20260831', 'class_name': 'TMainForm', 'control_type': 'Window'} last_validation_age_s=1.452999999979511 diagnostic_fast_mode=False
2026-08-31 15:09:15.841 | DEBUG    | winwatt_automation.live_ui.app_connector:get_cached_main_window:566 - DBG_PHASE_TIMING phase=get_cached_main_window elapsed_ms=0.000 reason_code=cache_reused_without_validation
2026-08-31 15:09:16.402 | INFO     | winwatt_automation.live_ui.menu_helpers:_menu_items:1101 - DBG_MENU_ITEMS_SUMMARY total_items=7 visible_items=7 topbar_band=(0, 0, 392, 53) topbar_band_visible_count=7 popup_region_visible_count=0 force_refresh=True handle=152831786
2026-08-31 15:09:16.402 | DEBUG    | winwatt_automation.live_ui.menu_helpers:_menu_items:1111 - Discovered 7 MenuItem controls
2026-08-31 15:09:16.402 | DEBUG    | winwatt_automation.live_ui.menu_helpers:_log_phase_timing:83 - DBG_PHASE_TIMING phase=_menu_items elapsed_ms=562.000 force_refresh=True total_items=7 visible_items=7
2026-08-31 15:09:16.481 | INFO     | winwatt_automation.live_ui.menu_helpers:list_top_menu_items:1141 - Top-level menu items (raw): ['Rendszer', 'Fájl', 'Jegyzékek', 'Eszközök', 'Beállítások', 'Ablak', 'Súgó']
2026-08-31 15:09:16.482 | DEBUG    | winwatt_automation.live_ui.menu_helpers:_log_phase_timing:83 - DBG_PHASE_TIMING phase=list_top_menu_items elapsed_ms=656.000 count=7
2026-08-31 15:09:16.992 | DEBUG    | winwatt_automation.live_ui.app_connector:get_cached_main_window:565 - DBG_WINWATT_CACHE_GET reason_code=cache_reused_without_validation payload={'wrapper_type': 'UIAWrapper', 'handle': 152831786, 'process_id': 20040, 'title': 'WinWatt gólya - C:\\Users\\Admin\\Documents\\GitHub\\autowinwatt\\winwatt_automation\\data\\runtime_maps\\full_authorized_sandbox\\adaptive_anyagok_efficient_v4_20260831', 'class_name': 'TMainForm', 'control_type': 'Window'} last_validation_age_s=2.594000000040978 diagnostic_fast_mode=False
2026-08-31 15:09:16.992 | DEBUG    | winwatt_automation.live_ui.app_connector:get_cached_main_window:566 - DBG_PHASE_TIMING phase=get_cached_main_window elapsed_ms=0.000 reason_code=cache_reused_without_validation
2026-08-31 15:09:17.149 | DEBUG    | winwatt_automation.live_ui.app_connector:get_cached_main_window:565 - DBG_WINWATT_CACHE_GET reason_code=cache_reused_without_validation payload={'wrapper_type': 'UIAWrapper', 'handle': 152831786, 'process_id': 20040, 'title': 'WinWatt gólya - C:\\Users\\Admin\\Documents\\GitHub\\autowinwatt\\winwatt_automation\\data\\runtime_maps\\full_authorized_sandbox\\adaptive_anyagok_efficient_v4_20260831', 'class_name': 'TMainForm', 'control_type': 'Window'} last_validation_age_s=2.75 diagnostic_fast_mode=False
2026-08-31 15:09:17.149 | DEBUG    | winwatt_automation.live_ui.app_connector:get_cached_main_window:566 - DBG_PHASE_TIMING phase=get_cached_main_window elapsed_ms=0.000 reason_code=cache_reused_without_validation
2026-08-31 15:09:17.149 | DEBUG    | winwatt_automation.live_ui.app_connector:get_cached_main_window:565 - DBG_WINWATT_CACHE_GET reason_code=cache_reused_without_validation payload={'wrapper_type': 'UIAWrapper', 'handle': 152831786, 'process_id': 20040, 'title': 'WinWatt gólya - C:\\Users\\Admin\\Documents\\GitHub\\autowinwatt\\winwatt_automation\\data\\runtime_maps\\full_authorized_sandbox\\adaptive_anyagok_efficient_v4_20260831', 'class_name': 'TMainForm', 'control_type': 'Window'} last_validation_age_s=2.75 diagnostic_fast_mode=False
2026-08-31 15:09:17.149 | DEBUG    | winwatt_automation.live_ui.app_connector:get_cached_main_window:566 - DBG_PHASE_TIMING phase=get_cached_main_window elapsed_ms=0.000 reason_code=cache_reused_without_validation
2026-08-31 15:09:17.751 | INFO     | winwatt_automation.live_ui.menu_helpers:_menu_items:1101 - DBG_MENU_ITEMS_SUMMARY total_items=7 visible_items=7 topbar_band=(0, 0, 392, 53) topbar_band_visible_count=7 popup_region_visible_count=0 force_refresh=True handle=152831786
2026-08-31 15:09:17.751 | DEBUG    | winwatt_automation.live_ui.menu_helpers:_menu_items:1111 - Discovered 7 MenuItem controls
2026-08-31 15:09:17.751 | DEBUG    | winwatt_automation.live_ui.menu_helpers:_log_phase_timing:83 - DBG_PHASE_TIMING phase=_menu_items elapsed_ms=610.000 force_refresh=True total_items=7 visible_items=7
2026-08-31 15:09:17.814 | INFO     | winwatt_automation.live_ui.menu_helpers:list_top_menu_items:1141 - Top-level menu items (raw): ['Rendszer', 'Fájl', 'Jegyzékek', 'Eszközök', 'Beállítások', 'Ablak', 'Súgó']
2026-08-31 15:09:17.833 | DEBUG    | winwatt_automation.live_ui.menu_helpers:_log_phase_timing:83 - DBG_PHASE_TIMING phase=list_top_menu_items elapsed_ms=688.000 count=7
2026-08-31 15:09:18.335 | DEBUG    | winwatt_automation.live_ui.app_connector:get_cached_main_window:565 - DBG_WINWATT_CACHE_GET reason_code=cache_reused_without_validation payload={'wrapper_type': 'UIAWrapper', 'handle': 152831786, 'process_id': 20040, 'title': 'WinWatt gólya - C:\\Users\\Admin\\Documents\\GitHub\\autowinwatt\\winwatt_automation\\data\\runtime_maps\\full_authorized_sandbox\\adaptive_anyagok_efficient_v4_20260831', 'class_name': 'TMainForm', 'control_type': 'Window'} last_validation_age_s=3.937999999965541 diagnostic_fast_mode=False
2026-08-31 15:09:18.345 | DEBUG    | winwatt_automation.live_ui.app_connector:get_cached_main_window:566 - DBG_PHASE_TIMING phase=get_cached_main_window elapsed_ms=15.000 reason_code=cache_reused_without_validation
2026-08-31 15:09:18.509 | INFO     | winwatt_automation.live_ui.app_connector:is_winwatt_foreground_context:1161 - DBG_WINWATT_FOREGROUND_CONTEXT expected_handle=152831786 expected_process_id=20040 expected_title=WinWatt gólya - C:\Users\Admin\Documents\GitHub\autowinwatt\winwatt_automation\data\runtime_maps\full_authorized_sandbox\adaptive_anyagok_efficient_v4_20260831 expected_class_name=TMainForm actual_foreground_handle=152831786 actual_foreground_process_id=20040 actual_foreground_title=WinWatt gólya - C:\Users\Admin\Documents\GitHub\autowinwatt\winwatt_automation\data\runtime_maps\full_authorized_sandbox\adaptive_anyagok_efficient_v4_20260831 actual_foreground_class_name=TMainForm allow_dialog=True result_reason=handle_match
2026-08-31 15:09:18.520 | INFO     | winwatt_automation.live_ui.app_connector:_cached_window_health_status:489 - DBG_WINWATT_CACHE_HEALTH reason_code=healthy payload={'wrapper_type': 'UIAWrapper', 'handle': 152831786, 'process_id': 20040, 'title': 'WinWatt gólya - C:\\Users\\Admin\\Documents\\GitHub\\autowinwatt\\winwatt_automation\\data\\runtime_maps\\full_authorized_sandbox\\adaptive_anyagok_efficient_v4_20260831', 'class_name': 'TMainForm', 'control_type': 'Window'}
2026-08-31 15:09:18.520 | DEBUG    | winwatt_automation.live_ui.app_connector:get_cached_main_window:574 - DBG_WINWATT_CACHE_GET reason_code=cache_validated_ok payload={'wrapper_type': 'UIAWrapper', 'handle': 152831786, 'process_id': 20040, 'title': 'WinWatt gólya - C:\\Users\\Admin\\Documents\\GitHub\\autowinwatt\\winwatt_automation\\data\\runtime_maps\\full_authorized_sandbox\\adaptive_anyagok_efficient_v4_20260831', 'class_name': 'TMainForm', 'control_type': 'Window'} last_validation_age_s=4.10999999998603 diagnostic_fast_mode=False
2026-08-31 15:09:18.520 | DEBUG    | winwatt_automation.live_ui.app_connector:get_cached_main_window:575 - DBG_PHASE_TIMING phase=get_cached_main_window elapsed_ms=15.000 reason_code=cache_validated_ok
2026-08-31 15:09:18.520 | DEBUG    | winwatt_automation.live_ui.app_connector:get_cached_main_window:565 - DBG_WINWATT_CACHE_GET reason_code=cache_reused_without_validation payload={'wrapper_type': 'UIAWrapper', 'handle': 152831786, 'process_id': 20040, 'title': 'WinWatt gólya - C:\\Users\\Admin\\Documents\\GitHub\\autowinwatt\\winwatt_automation\\data\\runtime_maps\\full_authorized_sandbox\\adaptive_anyagok_efficient_v4_20260831', 'class_name': 'TMainForm', 'control_type': 'Window'} last_validation_age_s=0.015000000013969839 diagnostic_fast_mode=False
2026-08-31 15:09:18.520 | DEBUG    | winwatt_automation.live_ui.app_connector:get_cached_main_window:566 - DBG_PHASE_TIMING phase=get_cached_main_window elapsed_ms=0.000 reason_code=cache_reused_without_validation
2026-08-31 15:09:19.202 | INFO     | winwatt_automation.live_ui.menu_helpers:_menu_items:1101 - DBG_MENU_ITEMS_SUMMARY total_items=7 visible_items=7 topbar_band=(0, 0, 392, 53) topbar_band_visible_count=7 popup_region_visible_count=0 force_refresh=True handle=152831786
2026-08-31 15:09:19.202 | DEBUG    | winwatt_automation.live_ui.menu_helpers:_menu_items:1111 - Discovered 7 MenuItem controls
2026-08-31 15:09:19.202 | DEBUG    | winwatt_automation.live_ui.menu_helpers:_log_phase_timing:83 - DBG_PHASE_TIMING phase=_menu_items elapsed_ms=703.000 force_refresh=True total_items=7 visible_items=7
2026-08-31 15:09:19.275 | INFO     | winwatt_automation.live_ui.menu_helpers:list_top_menu_items:1141 - Top-level menu items (raw): ['Rendszer', 'Fájl', 'Jegyzékek', 'Eszközök', 'Beállítások', 'Ablak', 'Súgó']
2026-08-31 15:09:19.275 | DEBUG    | winwatt_automation.live_ui.menu_helpers:_log_phase_timing:83 - DBG_PHASE_TIMING phase=list_top_menu_items elapsed_ms=765.000 count=7
2026-08-31 15:09:19.783 | DEBUG    | winwatt_automation.live_ui.app_connector:get_cached_main_window:565 - DBG_WINWATT_CACHE_GET reason_code=cache_reused_without_validation payload={'wrapper_type': 'UIAWrapper', 'handle': 152831786, 'process_id': 20040, 'title': 'WinWatt gólya - C:\\Users\\Admin\\Documents\\GitHub\\autowinwatt\\winwatt_automation\\data\\runtime_maps\\full_authorized_sandbox\\adaptive_anyagok_efficient_v4_20260831', 'class_name': 'TMainForm', 'control_type': 'Window'} last_validation_age_s=1.2810000000754371 diagnostic_fast_mode=False
2026-08-31 15:09:19.784 | DEBUG    | winwatt_automation.live_ui.app_connector:get_cached_main_window:566 - DBG_PHASE_TIMING phase=get_cached_main_window elapsed_ms=0.000 reason_code=cache_reused_without_validation
2026-08-31 15:09:19.947 | DEBUG    | winwatt_automation.live_ui.app_connector:get_cached_main_window:565 - DBG_WINWATT_CACHE_GET reason_code=cache_reused_without_validation payload={'wrapper_type': 'UIAWrapper', 'handle': 152831786, 'process_id': 20040, 'title': 'WinWatt gólya - C:\\Users\\Admin\\Documents\\GitHub\\autowinwatt\\winwatt_automation\\data\\runtime_maps\\full_authorized_sandbox\\adaptive_anyagok_efficient_v4_20260831', 'class_name': 'TMainForm', 'control_type': 'Window'} last_validation_age_s=1.437000000034459 diagnostic_fast_mode=False
2026-08-31 15:09:19.947 | DEBUG    | winwatt_automation.live_ui.app_connector:get_cached_main_window:566 - DBG_PHASE_TIMING phase=get_cached_main_window elapsed_ms=0.000 reason_code=cache_reused_without_validation
2026-08-31 15:09:19.947 | DEBUG    | winwatt_automation.live_ui.app_connector:get_cached_main_window:565 - DBG_WINWATT_CACHE_GET reason_code=cache_reused_without_validation payload={'wrapper_type': 'UIAWrapper', 'handle': 152831786, 'process_id': 20040, 'title': 'WinWatt gólya - C:\\Users\\Admin\\Documents\\GitHub\\autowinwatt\\winwatt_automation\\data\\runtime_maps\\full_authorized_sandbox\\adaptive_anyagok_efficient_v4_20260831', 'class_name': 'TMainForm', 'control_type': 'Window'} last_validation_age_s=1.437000000034459 diagnostic_fast_mode=False
2026-08-31 15:09:19.947 | DEBUG    | winwatt_automation.live_ui.app_connector:get_cached_main_window:566 - DBG_PHASE_TIMING phase=get_cached_main_window elapsed_ms=0.000 reason_code=cache_reused_without_validation
2026-08-31 15:09:20.458 | INFO     | winwatt_automation.live_ui.menu_helpers:_menu_items:1101 - DBG_MENU_ITEMS_SUMMARY total_items=7 visible_items=7 topbar_band=(0, 0, 392, 53) topbar_band_visible_count=7 popup_region_visible_count=0 force_refresh=True handle=152831786
2026-08-31 15:09:20.458 | DEBUG    | winwatt_automation.live_ui.menu_helpers:_menu_items:1111 - Discovered 7 MenuItem controls
2026-08-31 15:09:20.458 | DEBUG    | winwatt_automation.live_ui.menu_helpers:_log_phase_timing:83 - DBG_PHASE_TIMING phase=_menu_items elapsed_ms=516.000 force_refresh=True total_items=7 visible_items=7
2026-08-31 15:09:20.537 | INFO     | winwatt_automation.live_ui.menu_helpers:list_top_menu_items:1141 - Top-level menu items (raw): ['Rendszer', 'Fájl', 'Jegyzékek', 'Eszközök', 'Beállítások', 'Ablak', 'Súgó']
2026-08-31 15:09:20.537 | DEBUG    | winwatt_automation.live_ui.menu_helpers:_log_phase_timing:83 - DBG_PHASE_TIMING phase=list_top_menu_items elapsed_ms=594.000 count=7
2026-08-31 15:09:21.050 | DEBUG    | winwatt_automation.live_ui.app_connector:get_cached_main_window:565 - DBG_WINWATT_CACHE_GET reason_code=cache_reused_without_validation payload={'wrapper_type': 'UIAWrapper', 'handle': 152831786, 'process_id': 20040, 'title': 'WinWatt gólya - C:\\Users\\Admin\\Documents\\GitHub\\autowinwatt\\winwatt_automation\\data\\runtime_maps\\full_authorized_sandbox\\adaptive_anyagok_efficient_v4_20260831', 'class_name': 'TMainForm', 'control_type': 'Window'} last_validation_age_s=2.547000000020489 diagnostic_fast_mode=False
2026-08-31 15:09:21.057 | DEBUG    | winwatt_automation.live_ui.app_connector:get_cached_main_window:566 - DBG_PHASE_TIMING phase=get_cached_main_window elapsed_ms=0.000 reason_code=cache_reused_without_validation
2026-08-31 15:09:21.253 | DEBUG    | winwatt_automation.live_ui.app_connector:get_cached_main_window:565 - DBG_WINWATT_CACHE_GET reason_code=cache_reused_without_validation payload={'wrapper_type': 'UIAWrapper', 'handle': 152831786, 'process_id': 20040, 'title': 'WinWatt gólya - C:\\Users\\Admin\\Documents\\GitHub\\autowinwatt\\winwatt_automation\\data\\runtime_maps\\full_authorized_sandbox\\adaptive_anyagok_efficient_v4_20260831', 'class_name': 'TMainForm', 'control_type': 'Window'} last_validation_age_s=2.75 diagnostic_fast_mode=False
2026-08-31 15:09:21.253 | DEBUG    | winwatt_automation.live_ui.app_connector:get_cached_main_window:566 - DBG_PHASE_TIMING phase=get_cached_main_window elapsed_ms=0.000 reason_code=cache_reused_without_validation
2026-08-31 15:09:21.258 | DEBUG    | winwatt_automation.live_ui.app_connector:get_cached_main_window:565 - DBG_WINWATT_CACHE_GET reason_code=cache_reused_without_validation payload={'wrapper_type': 'UIAWrapper', 'handle': 152831786, 'process_id': 20040, 'title': 'WinWatt gólya - C:\\Users\\Admin\\Documents\\GitHub\\autowinwatt\\winwatt_automation\\data\\runtime_maps\\full_authorized_sandbox\\adaptive_anyagok_efficient_v4_20260831', 'class_name': 'TMainForm', 'control_type': 'Window'} last_validation_age_s=2.75 diagnostic_fast_mode=False
2026-08-31 15:09:21.258 | DEBUG    | winwatt_automation.live_ui.app_connector:get_cached_main_window:566 - DBG_PHASE_TIMING phase=get_cached_main_window elapsed_ms=0.000 reason_code=cache_reused_without_validation
2026-08-31 15:09:21.804 | INFO     | winwatt_automation.live_ui.menu_helpers:_menu_items:1101 - DBG_MENU_ITEMS_SUMMARY total_items=7 visible_items=7 topbar_band=(0, 0, 392, 53) topbar_band_visible_count=7 popup_region_visible_count=0 force_refresh=True handle=152831786
2026-08-31 15:09:21.804 | DEBUG    | winwatt_automation.live_ui.menu_helpers:_menu_items:1111 - Discovered 7 MenuItem controls
2026-08-31 15:09:21.804 | DEBUG    | winwatt_automation.live_ui.menu_helpers:_log_phase_timing:83 - DBG_PHASE_TIMING phase=_menu_items elapsed_ms=547.000 force_refresh=True total_items=7 visible_items=7
2026-08-31 15:09:21.902 | INFO     | winwatt_automation.live_ui.menu_helpers:list_top_menu_items:1141 - Top-level menu items (raw): ['Rendszer', 'Fájl', 'Jegyzékek', 'Eszközök', 'Beállítások', 'Ablak', 'Súgó']
2026-08-31 15:09:21.907 | DEBUG    | winwatt_automation.live_ui.menu_helpers:_log_phase_timing:83 - DBG_PHASE_TIMING phase=list_top_menu_items elapsed_ms=656.000 count=7
2026-08-31 15:09:22.410 | DEBUG    | winwatt_automation.live_ui.app_connector:get_cached_main_window:565 - DBG_WINWATT_CACHE_GET reason_code=cache_reused_without_validation payload={'wrapper_type': 'UIAWrapper', 'handle': 152831786, 'process_id': 20040, 'title': 'WinWatt gólya - C:\\Users\\Admin\\Documents\\GitHub\\autowinwatt\\winwatt_automation\\data\\runtime_maps\\full_authorized_sandbox\\adaptive_anyagok_efficient_v4_20260831', 'class_name': 'TMainForm', 'control_type': 'Window'} last_validation_age_s=3.906000000075437 diagnostic_fast_mode=False
2026-08-31 15:09:22.415 | DEBUG    | winwatt_automation.live_ui.app_connector:get_cached_main_window:566 - DBG_PHASE_TIMING phase=get_cached_main_window elapsed_ms=0.000 reason_code=cache_reused_without_validation
2026-08-31 15:09:27.946 | INFO     | winwatt_automation.live_ui.app_connector:is_winwatt_foreground_context:1161 - DBG_WINWATT_FOREGROUND_CONTEXT expected_handle=152831786 expected_process_id=20040 expected_title=WinWatt gólya - C:\Users\Admin\Documents\GitHub\autowinwatt\winwatt_automation\data\runtime_maps\full_authorized_sandbox\adaptive_anyagok_efficient_v4_20260831 expected_class_name=TMainForm actual_foreground_handle=94701404 actual_foreground_process_id=20040 actual_foreground_title=Adatmegadási mód kiválasztása actual_foreground_class_name=TMaterialTypeForm allow_dialog=True result_reason=pid_match_allow_dialog
2026-08-31 15:09:27.962 | INFO     | winwatt_automation.live_ui.app_connector:_cached_window_health_status:489 - DBG_WINWATT_CACHE_HEALTH reason_code=healthy payload={'wrapper_type': 'UIAWrapper', 'handle': 152831786, 'process_id': 20040, 'title': 'WinWatt gólya - C:\\Users\\Admin\\Documents\\GitHub\\autowinwatt\\winwatt_automation\\data\\runtime_maps\\full_authorized_sandbox\\adaptive_anyagok_efficient_v4_20260831', 'class_name': 'TMainForm', 'control_type': 'Window'}
2026-08-31 15:09:27.962 | DEBUG    | winwatt_automation.live_ui.app_connector:get_cached_main_window:574 - DBG_WINWATT_CACHE_GET reason_code=cache_validated_ok payload={'wrapper_type': 'UIAWrapper', 'handle': 152831786, 'process_id': 20040, 'title': 'WinWatt gólya - C:\\Users\\Admin\\Documents\\GitHub\\autowinwatt\\winwatt_automation\\data\\runtime_maps\\full_authorized_sandbox\\adaptive_anyagok_efficient_v4_20260831', 'class_name': 'TMainForm', 'control_type': 'Window'} last_validation_age_s=9.437000000034459 diagnostic_fast_mode=False
2026-08-31 15:09:27.962 | DEBUG    | winwatt_automation.live_ui.app_connector:get_cached_main_window:575 - DBG_PHASE_TIMING phase=get_cached_main_window elapsed_ms=16.000 reason_code=cache_validated_ok
2026-08-31 15:09:29.291 | INFO     | winwatt_automation.live_ui.app_connector:get_cached_main_window:597 - DBG_WINWATT_CACHE_GET reason_code=cache_missing_resolving_fresh diagnostic_fast_mode=False
2026-08-31 15:09:29.558 | DEBUG    | winwatt_automation.live_ui.app_connector:list_candidate_windows:180 - Discovered 0 WinWatt-like windows on backend=win32
2026-08-31 15:09:29.558 | INFO     | winwatt_automation.live_ui.app_connector:_connect_with_win32_handle:276 - DBG_WINWATT_CONNECT_WIN32_CANDIDATES locator=backend=win32 ranked_candidates=[] 
2026-08-31 15:09:29.558 | WARNING  | winwatt_automation.runtime_mapping.program_mapper:_safe_capture_snapshot:191 - snapshot_capture_failed state_id=startup_after_relaunch error=No WinWatt-like windows were found
2026-08-31 15:09:30.068 | INFO     | winwatt_automation.live_ui.app_connector:get_cached_main_window:597 - DBG_WINWATT_CACHE_GET reason_code=cache_missing_resolving_fresh diagnostic_fast_mode=False
2026-08-31 15:09:32.668 | DEBUG    | winwatt_automation.live_ui.app_connector:list_candidate_windows:180 - Discovered 0 WinWatt-like windows on backend=win32
2026-08-31 15:09:32.672 | INFO     | winwatt_automation.live_ui.app_connector:_connect_with_win32_handle:276 - DBG_WINWATT_CONNECT_WIN32_CANDIDATES locator=backend=win32 ranked_candidates=[] 
2026-08-31 15:09:32.673 | WARNING  | winwatt_automation.runtime_mapping.program_mapper:_safe_capture_snapshot:191 - snapshot_capture_failed state_id=startup_after_relaunch error=No WinWatt-like windows were found
2026-08-31 15:09:33.175 | INFO     | winwatt_automation.live_ui.app_connector:get_cached_main_window:597 - DBG_WINWATT_CACHE_GET reason_code=cache_missing_resolving_fresh diagnostic_fast_mode=False
2026-08-31 15:09:34.806 | DEBUG    | winwatt_automation.live_ui.app_connector:list_candidate_windows:180 - Discovered 0 WinWatt-like windows on backend=win32
2026-08-31 15:09:34.806 | INFO     | winwatt_automation.live_ui.app_connector:_connect_with_win32_handle:276 - DBG_WINWATT_CONNECT_WIN32_CANDIDATES locator=backend=win32 ranked_candidates=[] 
2026-08-31 15:09:34.806 | WARNING  | winwatt_automation.runtime_mapping.program_mapper:_safe_capture_snapshot:191 - snapshot_capture_failed state_id=startup_after_relaunch error=No WinWatt-like windows were found
2026-08-31 15:09:35.318 | INFO     | winwatt_automation.live_ui.app_connector:get_cached_main_window:597 - DBG_WINWATT_CACHE_GET reason_code=cache_missing_resolving_fresh diagnostic_fast_mode=False
2026-08-31 15:09:35.438 | DEBUG    | winwatt_automation.live_ui.app_connector:list_candidate_windows:180 - Discovered 0 WinWatt-like windows on backend=win32
2026-08-31 15:09:35.438 | INFO     | winwatt_automation.live_ui.app_connector:_connect_with_win32_handle:276 - DBG_WINWATT_CONNECT_WIN32_CANDIDATES locator=backend=win32 ranked_candidates=[] 
2026-08-31 15:09:35.438 | WARNING  | winwatt_automation.runtime_mapping.program_mapper:_safe_capture_snapshot:191 - snapshot_capture_failed state_id=startup_after_relaunch error=No WinWatt-like windows were found
2026-08-31 15:09:35.954 | INFO     | winwatt_automation.live_ui.app_connector:get_cached_main_window:597 - DBG_WINWATT_CACHE_GET reason_code=cache_missing_resolving_fresh diagnostic_fast_mode=False
2026-08-31 15:09:36.024 | DEBUG    | winwatt_automation.live_ui.app_connector:list_candidate_windows:180 - Discovered 0 WinWatt-like windows on backend=win32
2026-08-31 15:09:36.039 | INFO     | winwatt_automation.live_ui.app_connector:_connect_with_win32_handle:276 - DBG_WINWATT_CONNECT_WIN32_CANDIDATES locator=backend=win32 ranked_candidates=[] 
2026-08-31 15:09:36.040 | WARNING  | winwatt_automation.runtime_mapping.program_mapper:_safe_capture_snapshot:191 - snapshot_capture_failed state_id=startup_after_relaunch error=No WinWatt-like windows were found
2026-08-31 15:09:36.541 | INFO     | winwatt_automation.live_ui.app_connector:get_cached_main_window:597 - DBG_WINWATT_CACHE_GET reason_code=cache_missing_resolving_fresh diagnostic_fast_mode=False
2026-08-31 15:09:36.703 | DEBUG    | winwatt_automation.live_ui.app_connector:list_candidate_windows:180 - Discovered 0 WinWatt-like windows on backend=win32
2026-08-31 15:09:36.705 | INFO     | winwatt_automation.live_ui.app_connector:_connect_with_win32_handle:276 - DBG_WINWATT_CONNECT_WIN32_CANDIDATES locator=backend=win32 ranked_candidates=[] 
2026-08-31 15:09:36.705 | WARNING  | winwatt_automation.runtime_mapping.program_mapper:_safe_capture_snapshot:191 - snapshot_capture_failed state_id=startup_after_relaunch error=No WinWatt-like windows were found
2026-08-31 15:09:37.207 | INFO     | winwatt_automation.live_ui.app_connector:get_cached_main_window:597 - DBG_WINWATT_CACHE_GET reason_code=cache_missing_resolving_fresh diagnostic_fast_mode=False
2026-08-31 15:09:37.314 | DEBUG    | winwatt_automation.live_ui.app_connector:list_candidate_windows:180 - Discovered 0 WinWatt-like windows on backend=win32
2026-08-31 15:09:37.314 | INFO     | winwatt_automation.live_ui.app_connector:_connect_with_win32_handle:276 - DBG_WINWATT_CONNECT_WIN32_CANDIDATES locator=backend=win32 ranked_candidates=[] 
2026-08-31 15:09:37.314 | WARNING  | winwatt_automation.runtime_mapping.program_mapper:_safe_capture_snapshot:191 - snapshot_capture_failed state_id=startup_after_relaunch error=No WinWatt-like windows were found
2026-08-31 15:09:37.819 | INFO     | winwatt_automation.live_ui.app_connector:get_cached_main_window:597 - DBG_WINWATT_CACHE_GET reason_code=cache_missing_resolving_fresh diagnostic_fast_mode=False
2026-08-31 15:09:37.940 | DEBUG    | winwatt_automation.live_ui.app_connector:list_candidate_windows:180 - Discovered 0 WinWatt-like windows on backend=win32
2026-08-31 15:09:37.940 | INFO     | winwatt_automation.live_ui.app_connector:_connect_with_win32_handle:276 - DBG_WINWATT_CONNECT_WIN32_CANDIDATES locator=backend=win32 ranked_candidates=[] 
2026-08-31 15:09:37.940 | WARNING  | winwatt_automation.runtime_mapping.program_mapper:_safe_capture_snapshot:191 - snapshot_capture_failed state_id=startup_after_relaunch error=No WinWatt-like windows were found
2026-08-31 15:09:38.452 | INFO     | winwatt_automation.live_ui.app_connector:get_cached_main_window:597 - DBG_WINWATT_CACHE_GET reason_code=cache_missing_resolving_fresh diagnostic_fast_mode=False
2026-08-31 15:09:38.555 | DEBUG    | winwatt_automation.live_ui.app_connector:list_candidate_windows:180 - Discovered 0 WinWatt-like windows on backend=win32
2026-08-31 15:09:38.567 | INFO     | winwatt_automation.live_ui.app_connector:_connect_with_win32_handle:276 - DBG_WINWATT_CONNECT_WIN32_CANDIDATES locator=backend=win32 ranked_candidates=[] 
2026-08-31 15:09:38.567 | WARNING  | winwatt_automation.runtime_mapping.program_mapper:_safe_capture_snapshot:191 - snapshot_capture_failed state_id=startup_after_relaunch error=No WinWatt-like windows were found
2026-08-31 15:09:39.070 | INFO     | winwatt_automation.live_ui.app_connector:get_cached_main_window:597 - DBG_WINWATT_CACHE_GET reason_code=cache_missing_resolving_fresh diagnostic_fast_mode=False
2026-08-31 15:09:39.154 | DEBUG    | winwatt_automation.live_ui.app_connector:list_candidate_windows:180 - Discovered 0 WinWatt-like windows on backend=win32
2026-08-31 15:09:39.155 | INFO     | winwatt_automation.live_ui.app_connector:_connect_with_win32_handle:276 - DBG_WINWATT_CONNECT_WIN32_CANDIDATES locator=backend=win32 ranked_candidates=[] 
2026-08-31 15:09:39.155 | WARNING  | winwatt_automation.runtime_mapping.program_mapper:_safe_capture_snapshot:191 - snapshot_capture_failed state_id=startup_after_relaunch error=No WinWatt-like windows were found
2026-08-31 15:09:39.659 | INFO     | winwatt_automation.live_ui.app_connector:get_cached_main_window:597 - DBG_WINWATT_CACHE_GET reason_code=cache_missing_resolving_fresh diagnostic_fast_mode=False
2026-08-31 15:09:39.756 | DEBUG    | winwatt_automation.live_ui.app_connector:list_candidate_windows:180 - Discovered 0 WinWatt-like windows on backend=win32
2026-08-31 15:09:39.756 | INFO     | winwatt_automation.live_ui.app_connector:_connect_with_win32_handle:276 - DBG_WINWATT_CONNECT_WIN32_CANDIDATES locator=backend=win32 ranked_candidates=[] 
2026-08-31 15:09:39.756 | WARNING  | winwatt_automation.runtime_mapping.program_mapper:_safe_capture_snapshot:191 - snapshot_capture_failed state_id=startup_after_relaunch error=No WinWatt-like windows were found
2026-08-31 15:09:40.259 | INFO     | winwatt_automation.live_ui.app_connector:get_cached_main_window:597 - DBG_WINWATT_CACHE_GET reason_code=cache_missing_resolving_fresh diagnostic_fast_mode=False
2026-08-31 15:09:40.338 | DEBUG    | winwatt_automation.live_ui.app_connector:list_candidate_windows:180 - Discovered 0 WinWatt-like windows on backend=win32
2026-08-31 15:09:40.338 | INFO     | winwatt_automation.live_ui.app_connector:_connect_with_win32_handle:276 - DBG_WINWATT_CONNECT_WIN32_CANDIDATES locator=backend=win32 ranked_candidates=[] 
2026-08-31 15:09:40.338 | WARNING  | winwatt_automation.runtime_mapping.program_mapper:_safe_capture_snapshot:191 - snapshot_capture_failed state_id=startup_after_relaunch error=No WinWatt-like windows were found
2026-08-31 15:09:40.848 | INFO     | winwatt_automation.live_ui.app_connector:get_cached_main_window:597 - DBG_WINWATT_CACHE_GET reason_code=cache_missing_resolving_fresh diagnostic_fast_mode=False
2026-08-31 15:09:40.939 | DEBUG    | winwatt_automation.live_ui.app_connector:list_candidate_windows:180 - Discovered 0 WinWatt-like windows on backend=win32
2026-08-31 15:09:40.939 | INFO     | winwatt_automation.live_ui.app_connector:_connect_with_win32_handle:276 - DBG_WINWATT_CONNECT_WIN32_CANDIDATES locator=backend=win32 ranked_candidates=[] 
2026-08-31 15:09:40.939 | WARNING  | winwatt_automation.runtime_mapping.program_mapper:_safe_capture_snapshot:191 - snapshot_capture_failed state_id=startup_after_relaunch error=No WinWatt-like windows were found
2026-08-31 15:09:41.445 | INFO     | winwatt_automation.live_ui.app_connector:get_cached_main_window:597 - DBG_WINWATT_CACHE_GET reason_code=cache_missing_resolving_fresh diagnostic_fast_mode=False
2026-08-31 15:09:41.592 | DEBUG    | winwatt_automation.live_ui.app_connector:list_candidate_windows:180 - Discovered 1 WinWatt-like windows on backend=win32
2026-08-31 15:09:41.603 | DEBUG    | winwatt_automation.live_ui.app_connector:list_candidate_windows:182 - Candidate[win32]: {'title': 'WinWatt gólya - C:\\Users\\Admin\\Documents\\GitHub\\autowinwatt\\winwatt_automation\\data\\runtime_maps\\full_authorized_sandbox\\adaptive_anyagok_efficient_v4_20260831', 'window_text': 'WinWatt gólya - C:\\Users\\Admin\\Documents\\GitHub\\autowinwatt\\winwatt_automation\\data\\runtime_maps\\full_authorized_sandbox\\adaptive_anyagok_efficient_v4_20260831', 'class_name': 'TMainForm', 'control_type': None, 'process_id': 20940, 'handle': None, 'is_visible': True, 'is_enabled': True, 'rectangle': {'left': -10, 'top': -10, 'right': 1930, 'bottom': 1030, 'width': 1940, 'height': 1040}, 'size': {'width': 1940, 'height': 1040}}
2026-08-31 15:09:41.603 | INFO     | winwatt_automation.live_ui.app_connector:_connect_with_win32_handle:276 - DBG_WINWATT_CONNECT_WIN32_CANDIDATES locator=backend=win32 ranked_candidates=[{'rank': 1, 'score': (1, 1, 1, 1, 2017600), 'process_id': 20940, 'handle': None, 'class_name': 'TMainForm', 'title': 'WinWatt gólya - C:\\Users\\Admin\\Documents\\GitHub\\autowinwatt\\winwatt_automation\\data\\runtime_maps\\full_authorized_sandbox\\adaptive_anyagok_efficient_v4_20260831', 'visible': True, 'enabled': True}] 
2026-08-31 15:09:41.603 | INFO     | winwatt_automation.live_ui.app_connector:select_main_window:224 - Candidate ranking score=(1, 1, 1, 1, 2017600) data={'title': 'WinWatt gólya - C:\\Users\\Admin\\Documents\\GitHub\\autowinwatt\\winwatt_automation\\data\\runtime_maps\\full_authorized_sandbox\\adaptive_anyagok_efficient_v4_20260831', 'window_text': 'WinWatt gólya - C:\\Users\\Admin\\Documents\\GitHub\\autowinwatt\\winwatt_automation\\data\\runtime_maps\\full_authorized_sandbox\\adaptive_anyagok_efficient_v4_20260831', 'class_name': 'TMainForm', 'control_type': None, 'process_id': 20940, 'handle': None, 'is_visible': True, 'is_enabled': True, 'rectangle': {'left': -10, 'top': -10, 'right': 1930, 'bottom': 1030, 'width': 1940, 'height': 1040}, 'size': {'width': 1940, 'height': 1040}}
2026-08-31 15:09:41.605 | INFO     | winwatt_automation.live_ui.app_connector:select_main_window:234 - Selected main window process_id=20940 handle=None score=(1, 1, 1, 1, 2017600) reasons=['has_process_id=True', 'has_handle=False', 'visible=True', 'enabled=True', 'title_has_winwatt=True', 'area=2017600']
2026-08-31 15:09:41.605 | INFO     | winwatt_automation.live_ui.app_connector:_connect_with_win32_handle:293 - DBG_WINWATT_CONNECT_WIN32_SELECTED selected_payload={'title': 'WinWatt gólya - C:\\Users\\Admin\\Documents\\GitHub\\autowinwatt\\winwatt_automation\\data\\runtime_maps\\full_authorized_sandbox\\adaptive_anyagok_efficient_v4_20260831', 'window_text': 'WinWatt gólya - C:\\Users\\Admin\\Documents\\GitHub\\autowinwatt\\winwatt_automation\\data\\runtime_maps\\full_authorized_sandbox\\adaptive_anyagok_efficient_v4_20260831', 'class_name': 'TMainForm', 'control_type': None, 'process_id': 20940, 'handle': None, 'is_visible': True, 'is_enabled': True, 'rectangle': {'left': -10, 'top': -10, 'right': 1930, 'bottom': 1030, 'width': 1940, 'height': 1040}, 'size': {'width': 1940, 'height': 1040}} selected_handle_is_none=True
2026-08-31 15:09:41.605 | INFO     | winwatt_automation.live_ui.app_connector:_connect_with_win32_handle:336 - Connected to WinWatt backend=win32 attach_mode=process candidate={'process_id': 20940, 'handle': None, 'class_name': 'TMainForm', 'title': 'WinWatt gólya - C:\\Users\\Admin\\Documents\\GitHub\\autowinwatt\\winwatt_automation\\data\\runtime_maps\\full_authorized_sandbox\\adaptive_anyagok_efficient_v4_20260831'}
2026-08-31 15:09:41.611 | INFO     | winwatt_automation.live_ui.app_connector:_connect_with_win32_handle:350 - DBG_WINWATT_CONNECT_WIN32_RESOLVED process_id=20940 resolved_handle=None selected_payload={'title': 'WinWatt gólya - C:\\Users\\Admin\\Documents\\GitHub\\autowinwatt\\winwatt_automation\\data\\runtime_maps\\full_authorized_sandbox\\adaptive_anyagok_efficient_v4_20260831', 'window_text': 'WinWatt gólya - C:\\Users\\Admin\\Documents\\GitHub\\autowinwatt\\winwatt_automation\\data\\runtime_maps\\full_authorized_sandbox\\adaptive_anyagok_efficient_v4_20260831', 'class_name': 'TMainForm', 'control_type': None, 'process_id': 20940, 'handle': None, 'is_visible': True, 'is_enabled': True, 'rectangle': {'left': -10, 'top': -10, 'right': 1930, 'bottom': 1030, 'width': 1940, 'height': 1040}, 'size': {'width': 1940, 'height': 1040}}
2026-08-31 15:09:41.611 | INFO     | winwatt_automation.live_ui.app_connector:_resolve_uia_main_window:382 - DBG_WINWATT_RESOLVE_UIA_WIN32_SELECTED selected_payload={'title': 'WinWatt gólya - C:\\Users\\Admin\\Documents\\GitHub\\autowinwatt\\winwatt_automation\\data\\runtime_maps\\full_authorized_sandbox\\adaptive_anyagok_efficient_v4_20260831', 'window_text': 'WinWatt gólya - C:\\Users\\Admin\\Documents\\GitHub\\autowinwatt\\winwatt_automation\\data\\runtime_maps\\full_authorized_sandbox\\adaptive_anyagok_efficient_v4_20260831', 'class_name': 'TMainForm', 'control_type': None, 'process_id': 20940, 'handle': None, 'is_visible': True, 'is_enabled': True, 'rectangle': {'left': -10, 'top': -10, 'right': 1930, 'bottom': 1030, 'width': 1940, 'height': 1040}, 'size': {'width': 1940, 'height': 1040}}
2026-08-31 15:09:41.611 | INFO     | winwatt_automation.live_ui.app_connector:_resolve_uia_main_window:388 - Connected to WinWatt backend=uia process_id=20940
2026-08-31 15:09:41.611 | INFO     | winwatt_automation.live_ui.app_connector:_resolve_uia_main_window:390 - Resolving main WinWatt window backend=uia class_name=TMainForm title_re=.*WinWatt.*
2026-08-31 15:09:41.989 | INFO     | winwatt_automation.live_ui.app_connector:_resolve_uia_main_window:400 - DBG_WINWATT_RESOLVE_UIA_PRIMARY selected_payload={'title': 'WinWatt gólya - C:\\Users\\Admin\\Documents\\GitHub\\autowinwatt\\winwatt_automation\\data\\runtime_maps\\full_authorized_sandbox\\adaptive_anyagok_efficient_v4_20260831', 'window_text': 'WinWatt gólya - C:\\Users\\Admin\\Documents\\GitHub\\autowinwatt\\winwatt_automation\\data\\runtime_maps\\full_authorized_sandbox\\adaptive_anyagok_efficient_v4_20260831', 'class_name': 'TMainForm', 'control_type': None, 'process_id': 20940, 'handle': None, 'is_visible': True, 'is_enabled': True, 'rectangle': {'left': -10, 'top': -10, 'right': 1930, 'bottom': 1030, 'width': 1940, 'height': 1040}, 'size': {'width': 1940, 'height': 1040}} primary_result={'wrapper_type': 'UIAWrapper', 'handle': 141101140, 'process_id': 20940, 'title': 'WinWatt gólya - C:\\Users\\Admin\\Documents\\GitHub\\autowinwatt\\winwatt_automation\\data\\runtime_maps\\full_authorized_sandbox\\adaptive_anyagok_efficient_v4_20260831', 'class_name': 'TMainForm', 'control_type': 'Window'} identity_match_with_win32=None
2026-08-31 15:09:41.989 | DEBUG    | winwatt_automation.live_ui.app_connector:get_cached_main_window:606 - DBG_PHASE_TIMING phase=get_cached_main_window elapsed_ms=547.000 reason_code=fresh_resolve
2026-08-31 15:09:42.156 | DEBUG    | winwatt_automation.live_ui.app_connector:get_cached_main_window:565 - DBG_WINWATT_CACHE_GET reason_code=cache_reused_without_validation payload={'wrapper_type': 'UIAWrapper', 'handle': 141101140, 'process_id': 20940, 'title': 'WinWatt gólya - C:\\Users\\Admin\\Documents\\GitHub\\autowinwatt\\winwatt_automation\\data\\runtime_maps\\full_authorized_sandbox\\adaptive_anyagok_efficient_v4_20260831', 'class_name': 'TMainForm', 'control_type': 'Window'} last_validation_age_s=0.1720000000204891 diagnostic_fast_mode=False
2026-08-31 15:09:42.167 | DEBUG    | winwatt_automation.live_ui.app_connector:get_cached_main_window:566 - DBG_PHASE_TIMING phase=get_cached_main_window elapsed_ms=0.000 reason_code=cache_reused_without_validation
2026-08-31 15:09:42.167 | DEBUG    | winwatt_automation.live_ui.app_connector:get_cached_main_window:565 - DBG_WINWATT_CACHE_GET reason_code=cache_reused_without_validation payload={'wrapper_type': 'UIAWrapper', 'handle': 141101140, 'process_id': 20940, 'title': 'WinWatt gólya - C:\\Users\\Admin\\Documents\\GitHub\\autowinwatt\\winwatt_automation\\data\\runtime_maps\\full_authorized_sandbox\\adaptive_anyagok_efficient_v4_20260831', 'class_name': 'TMainForm', 'control_type': 'Window'} last_validation_age_s=0.1720000000204891 diagnostic_fast_mode=False
2026-08-31 15:09:42.167 | DEBUG    | winwatt_automation.live_ui.app_connector:get_cached_main_window:566 - DBG_PHASE_TIMING phase=get_cached_main_window elapsed_ms=0.000 reason_code=cache_reused_without_validation
2026-08-31 15:09:42.729 | INFO     | winwatt_automation.live_ui.menu_helpers:_menu_items:1101 - DBG_MENU_ITEMS_SUMMARY total_items=7 visible_items=7 topbar_band=(0, 0, 392, 53) topbar_band_visible_count=7 popup_region_visible_count=0 force_refresh=True handle=141101140
2026-08-31 15:09:42.731 | DEBUG    | winwatt_automation.live_ui.menu_helpers:_menu_items:1111 - Discovered 7 MenuItem controls
2026-08-31 15:09:42.731 | DEBUG    | winwatt_automation.live_ui.menu_helpers:_log_phase_timing:83 - DBG_PHASE_TIMING phase=_menu_items elapsed_ms=578.000 force_refresh=True total_items=7 visible_items=7
2026-08-31 15:09:42.800 | INFO     | winwatt_automation.live_ui.menu_helpers:list_top_menu_items:1141 - Top-level menu items (raw): ['Rendszer', 'Fájl', 'Jegyzékek', 'Eszközök', 'Beállítások', 'Ablak', 'Súgó']
2026-08-31 15:09:42.800 | DEBUG    | winwatt_automation.live_ui.menu_helpers:_log_phase_timing:83 - DBG_PHASE_TIMING phase=list_top_menu_items elapsed_ms=641.000 count=7
2026-08-31 15:09:43.308 | DEBUG    | winwatt_automation.live_ui.app_connector:get_cached_main_window:565 - DBG_WINWATT_CACHE_GET reason_code=cache_reused_without_validation payload={'wrapper_type': 'UIAWrapper', 'handle': 141101140, 'process_id': 20940, 'title': 'WinWatt gólya - C:\\Users\\Admin\\Documents\\GitHub\\autowinwatt\\winwatt_automation\\data\\runtime_maps\\full_authorized_sandbox\\adaptive_anyagok_efficient_v4_20260831', 'class_name': 'TMainForm', 'control_type': 'Window'} last_validation_age_s=1.312999999965541 diagnostic_fast_mode=False
2026-08-31 15:09:43.316 | DEBUG    | winwatt_automation.live_ui.app_connector:get_cached_main_window:566 - DBG_PHASE_TIMING phase=get_cached_main_window elapsed_ms=15.000 reason_code=cache_reused_without_validation
2026-08-31 15:09:43.471 | DEBUG    | winwatt_automation.live_ui.app_connector:get_cached_main_window:565 - DBG_WINWATT_CACHE_GET reason_code=cache_reused_without_validation payload={'wrapper_type': 'UIAWrapper', 'handle': 141101140, 'process_id': 20940, 'title': 'WinWatt gólya - C:\\Users\\Admin\\Documents\\GitHub\\autowinwatt\\winwatt_automation\\data\\runtime_maps\\full_authorized_sandbox\\adaptive_anyagok_efficient_v4_20260831', 'class_name': 'TMainForm', 'control_type': 'Window'} last_validation_age_s=1.4689999999245629 diagnostic_fast_mode=False
2026-08-31 15:09:43.475 | DEBUG    | winwatt_automation.live_ui.app_connector:get_cached_main_window:566 - DBG_PHASE_TIMING phase=get_cached_main_window elapsed_ms=15.000 reason_code=cache_reused_without_validation
2026-08-31 15:09:43.475 | DEBUG    | winwatt_automation.live_ui.app_connector:get_cached_main_window:565 - DBG_WINWATT_CACHE_GET reason_code=cache_reused_without_validation payload={'wrapper_type': 'UIAWrapper', 'handle': 141101140, 'process_id': 20940, 'title': 'WinWatt gólya - C:\\Users\\Admin\\Documents\\GitHub\\autowinwatt\\winwatt_automation\\data\\runtime_maps\\full_authorized_sandbox\\adaptive_anyagok_efficient_v4_20260831', 'class_name': 'TMainForm', 'control_type': 'Window'} last_validation_age_s=1.4839999999385327 diagnostic_fast_mode=False
2026-08-31 15:09:43.475 | DEBUG    | winwatt_automation.live_ui.app_connector:get_cached_main_window:566 - DBG_PHASE_TIMING phase=get_cached_main_window elapsed_ms=0.000 reason_code=cache_reused_without_validation
2026-08-31 15:09:43.994 | INFO     | winwatt_automation.live_ui.menu_helpers:_menu_items:1101 - DBG_MENU_ITEMS_SUMMARY total_items=7 visible_items=7 topbar_band=(0, 0, 392, 53) topbar_band_visible_count=7 popup_region_visible_count=0 force_refresh=True handle=141101140
2026-08-31 15:09:43.994 | DEBUG    | winwatt_automation.live_ui.menu_helpers:_menu_items:1111 - Discovered 7 MenuItem controls
2026-08-31 15:09:43.994 | DEBUG    | winwatt_automation.live_ui.menu_helpers:_log_phase_timing:83 - DBG_PHASE_TIMING phase=_menu_items elapsed_ms=531.000 force_refresh=True total_items=7 visible_items=7
2026-08-31 15:09:44.073 | INFO     | winwatt_automation.live_ui.menu_helpers:list_top_menu_items:1141 - Top-level menu items (raw): ['Rendszer', 'Fájl', 'Jegyzékek', 'Eszközök', 'Beállítások', 'Ablak', 'Súgó']
2026-08-31 15:09:44.073 | DEBUG    | winwatt_automation.live_ui.menu_helpers:_log_phase_timing:83 - DBG_PHASE_TIMING phase=list_top_menu_items elapsed_ms=609.000 count=7
2026-08-31 15:09:44.583 | DEBUG    | winwatt_automation.live_ui.app_connector:get_cached_main_window:565 - DBG_WINWATT_CACHE_GET reason_code=cache_reused_without_validation payload={'wrapper_type': 'UIAWrapper', 'handle': 141101140, 'process_id': 20940, 'title': 'WinWatt gólya - C:\\Users\\Admin\\Documents\\GitHub\\autowinwatt\\winwatt_automation\\data\\runtime_maps\\full_authorized_sandbox\\adaptive_anyagok_efficient_v4_20260831', 'class_name': 'TMainForm', 'control_type': 'Window'} last_validation_age_s=2.593999999924563 diagnostic_fast_mode=False
2026-08-31 15:09:44.591 | DEBUG    | winwatt_automation.live_ui.app_connector:get_cached_main_window:566 - DBG_PHASE_TIMING phase=get_cached_main_window elapsed_ms=15.000 reason_code=cache_reused_without_validation
2026-08-31 15:09:44.747 | DEBUG    | winwatt_automation.live_ui.app_connector:get_cached_main_window:565 - DBG_WINWATT_CACHE_GET reason_code=cache_reused_without_validation payload={'wrapper_type': 'UIAWrapper', 'handle': 141101140, 'process_id': 20940, 'title': 'WinWatt gólya - C:\\Users\\Admin\\Documents\\GitHub\\autowinwatt\\winwatt_automation\\data\\runtime_maps\\full_authorized_sandbox\\adaptive_anyagok_efficient_v4_20260831', 'class_name': 'TMainForm', 'control_type': 'Window'} last_validation_age_s=2.765999999945052 diagnostic_fast_mode=False
2026-08-31 15:09:44.762 | DEBUG    | winwatt_automation.live_ui.app_connector:get_cached_main_window:566 - DBG_PHASE_TIMING phase=get_cached_main_window elapsed_ms=0.000 reason_code=cache_reused_without_validation
2026-08-31 15:09:44.762 | DEBUG    | winwatt_automation.live_ui.app_connector:get_cached_main_window:565 - DBG_WINWATT_CACHE_GET reason_code=cache_reused_without_validation payload={'wrapper_type': 'UIAWrapper', 'handle': 141101140, 'process_id': 20940, 'title': 'WinWatt gólya - C:\\Users\\Admin\\Documents\\GitHub\\autowinwatt\\winwatt_automation\\data\\runtime_maps\\full_authorized_sandbox\\adaptive_anyagok_efficient_v4_20260831', 'class_name': 'TMainForm', 'control_type': 'Window'} last_validation_age_s=2.780999999959022 diagnostic_fast_mode=False
2026-08-31 15:09:44.762 | DEBUG    | winwatt_automation.live_ui.app_connector:get_cached_main_window:566 - DBG_PHASE_TIMING phase=get_cached_main_window elapsed_ms=0.000 reason_code=cache_reused_without_validation
2026-08-31 15:09:45.314 | INFO     | winwatt_automation.live_ui.menu_helpers:_menu_items:1101 - DBG_MENU_ITEMS_SUMMARY total_items=7 visible_items=7 topbar_band=(0, 0, 392, 53) topbar_band_visible_count=7 popup_region_visible_count=0 force_refresh=True handle=141101140
2026-08-31 15:09:45.318 | DEBUG    | winwatt_automation.live_ui.menu_helpers:_menu_items:1111 - Discovered 7 MenuItem controls
2026-08-31 15:09:45.318 | DEBUG    | winwatt_automation.live_ui.menu_helpers:_log_phase_timing:83 - DBG_PHASE_TIMING phase=_menu_items elapsed_ms=562.000 force_refresh=True total_items=7 visible_items=7
2026-08-31 15:09:45.394 | INFO     | winwatt_automation.live_ui.menu_helpers:list_top_menu_items:1141 - Top-level menu items (raw): ['Rendszer', 'Fájl', 'Jegyzékek', 'Eszközök', 'Beállítások', 'Ablak', 'Súgó']
2026-08-31 15:09:45.394 | DEBUG    | winwatt_automation.live_ui.menu_helpers:_log_phase_timing:83 - DBG_PHASE_TIMING phase=list_top_menu_items elapsed_ms=640.000 count=7
2026-08-31 15:09:45.911 | DEBUG    | winwatt_automation.live_ui.app_connector:get_cached_main_window:565 - DBG_WINWATT_CACHE_GET reason_code=cache_reused_without_validation payload={'wrapper_type': 'UIAWrapper', 'handle': 141101140, 'process_id': 20940, 'title': 'WinWatt gólya - C:\\Users\\Admin\\Documents\\GitHub\\autowinwatt\\winwatt_automation\\data\\runtime_maps\\full_authorized_sandbox\\adaptive_anyagok_efficient_v4_20260831', 'class_name': 'TMainForm', 'control_type': 'Window'} last_validation_age_s=3.922000000020489 diagnostic_fast_mode=False
2026-08-31 15:09:45.923 | DEBUG    | winwatt_automation.live_ui.app_connector:get_cached_main_window:566 - DBG_PHASE_TIMING phase=get_cached_main_window elapsed_ms=16.000 reason_code=cache_reused_without_validation
2026-08-31 15:09:46.079 | INFO     | winwatt_automation.live_ui.app_connector:is_winwatt_foreground_context:1161 - DBG_WINWATT_FOREGROUND_CONTEXT expected_handle=141101140 expected_process_id=20940 expected_title=WinWatt gólya - C:\Users\Admin\Documents\GitHub\autowinwatt\winwatt_automation\data\runtime_maps\full_authorized_sandbox\adaptive_anyagok_efficient_v4_20260831 expected_class_name=TMainForm actual_foreground_handle=141101140 actual_foreground_process_id=20940 actual_foreground_title=WinWatt gólya - C:\Users\Admin\Documents\GitHub\autowinwatt\winwatt_automation\data\runtime_maps\full_authorized_sandbox\adaptive_anyagok_efficient_v4_20260831 actual_foreground_class_name=TMainForm allow_dialog=True result_reason=handle_match
2026-08-31 15:09:46.095 | INFO     | winwatt_automation.live_ui.app_connector:_cached_window_health_status:489 - DBG_WINWATT_CACHE_HEALTH reason_code=healthy payload={'wrapper_type': 'UIAWrapper', 'handle': 141101140, 'process_id': 20940, 'title': 'WinWatt gólya - C:\\Users\\Admin\\Documents\\GitHub\\autowinwatt\\winwatt_automation\\data\\runtime_maps\\full_authorized_sandbox\\adaptive_anyagok_efficient_v4_20260831', 'class_name': 'TMainForm', 'control_type': 'Window'}
2026-08-31 15:09:46.095 | DEBUG    | winwatt_automation.live_ui.app_connector:get_cached_main_window:574 - DBG_WINWATT_CACHE_GET reason_code=cache_validated_ok payload={'wrapper_type': 'UIAWrapper', 'handle': 141101140, 'process_id': 20940, 'title': 'WinWatt gólya - C:\\Users\\Admin\\Documents\\GitHub\\autowinwatt\\winwatt_automation\\data\\runtime_maps\\full_authorized_sandbox\\adaptive_anyagok_efficient_v4_20260831', 'class_name': 'TMainForm', 'control_type': 'Window'} last_validation_age_s=4.093999999924563 diagnostic_fast_mode=False
2026-08-31 15:09:46.095 | DEBUG    | winwatt_automation.live_ui.app_connector:get_cached_main_window:575 - DBG_PHASE_TIMING phase=get_cached_main_window elapsed_ms=15.000 reason_code=cache_validated_ok
2026-08-31 15:09:46.095 | DEBUG    | winwatt_automation.live_ui.app_connector:get_cached_main_window:565 - DBG_WINWATT_CACHE_GET reason_code=cache_reused_without_validation payload={'wrapper_type': 'UIAWrapper', 'handle': 141101140, 'process_id': 20940, 'title': 'WinWatt gólya - C:\\Users\\Admin\\Documents\\GitHub\\autowinwatt\\winwatt_automation\\data\\runtime_maps\\full_authorized_sandbox\\adaptive_anyagok_efficient_v4_20260831', 'class_name': 'TMainForm', 'control_type': 'Window'} last_validation_age_s=0.015000000013969839 diagnostic_fast_mode=False
2026-08-31 15:09:46.095 | DEBUG    | winwatt_automation.live_ui.app_connector:get_cached_main_window:566 - DBG_PHASE_TIMING phase=get_cached_main_window elapsed_ms=0.000 reason_code=cache_reused_without_validation
2026-08-31 15:09:46.601 | INFO     | winwatt_automation.live_ui.menu_helpers:_menu_items:1101 - DBG_MENU_ITEMS_SUMMARY total_items=7 visible_items=7 topbar_band=(0, 0, 392, 53) topbar_band_visible_count=7 popup_region_visible_count=0 force_refresh=True handle=141101140
2026-08-31 15:09:46.601 | DEBUG    | winwatt_automation.live_ui.menu_helpers:_menu_items:1111 - Discovered 7 MenuItem controls
2026-08-31 15:09:46.601 | DEBUG    | winwatt_automation.live_ui.menu_helpers:_log_phase_timing:83 - DBG_PHASE_TIMING phase=_menu_items elapsed_ms=515.000 force_refresh=True total_items=7 visible_items=7
2026-08-31 15:09:46.695 | INFO     | winwatt_automation.live_ui.menu_helpers:list_top_menu_items:1141 - Top-level menu items (raw): ['Rendszer', 'Fájl', 'Jegyzékek', 'Eszközök', 'Beállítások', 'Ablak', 'Súgó']
2026-08-31 15:09:46.695 | DEBUG    | winwatt_automation.live_ui.menu_helpers:_log_phase_timing:83 - DBG_PHASE_TIMING phase=list_top_menu_items elapsed_ms=609.000 count=7
2026-08-31 15:09:47.205 | DEBUG    | winwatt_automation.live_ui.app_connector:get_cached_main_window:565 - DBG_WINWATT_CACHE_GET reason_code=cache_reused_without_validation payload={'wrapper_type': 'UIAWrapper', 'handle': 141101140, 'process_id': 20940, 'title': 'WinWatt gólya - C:\\Users\\Admin\\Documents\\GitHub\\autowinwatt\\winwatt_automation\\data\\runtime_maps\\full_authorized_sandbox\\adaptive_anyagok_efficient_v4_20260831', 'class_name': 'TMainForm', 'control_type': 'Window'} last_validation_age_s=1.125 diagnostic_fast_mode=False
2026-08-31 15:09:47.220 | DEBUG    | winwatt_automation.live_ui.app_connector:get_cached_main_window:566 - DBG_PHASE_TIMING phase=get_cached_main_window elapsed_ms=15.000 reason_code=cache_reused_without_validation
2026-08-31 15:09:47.444 | DEBUG    | winwatt_automation.live_ui.app_connector:get_cached_main_window:565 - DBG_WINWATT_CACHE_GET reason_code=cache_reused_without_validation payload={'wrapper_type': 'UIAWrapper', 'handle': 141101140, 'process_id': 20940, 'title': 'WinWatt gólya - C:\\Users\\Admin\\Documents\\GitHub\\autowinwatt\\winwatt_automation\\data\\runtime_maps\\full_authorized_sandbox\\adaptive_anyagok_efficient_v4_20260831', 'class_name': 'TMainForm', 'control_type': 'Window'} last_validation_age_s=1.359000000054948 diagnostic_fast_mode=False
2026-08-31 15:09:47.444 | DEBUG    | winwatt_automation.live_ui.app_connector:get_cached_main_window:566 - DBG_PHASE_TIMING phase=get_cached_main_window elapsed_ms=0.000 reason_code=cache_reused_without_validation
2026-08-31 15:09:47.454 | DEBUG    | winwatt_automation.live_ui.app_connector:get_cached_main_window:565 - DBG_WINWATT_CACHE_GET reason_code=cache_reused_without_validation payload={'wrapper_type': 'UIAWrapper', 'handle': 141101140, 'process_id': 20940, 'title': 'WinWatt gólya - C:\\Users\\Admin\\Documents\\GitHub\\autowinwatt\\winwatt_automation\\data\\runtime_maps\\full_authorized_sandbox\\adaptive_anyagok_efficient_v4_20260831', 'class_name': 'TMainForm', 'control_type': 'Window'} last_validation_age_s=1.375 diagnostic_fast_mode=False
2026-08-31 15:09:47.456 | DEBUG    | winwatt_automation.live_ui.app_connector:get_cached_main_window:566 - DBG_PHASE_TIMING phase=get_cached_main_window elapsed_ms=0.000 reason_code=cache_reused_without_validation
2026-08-31 15:09:47.971 | INFO     | winwatt_automation.live_ui.menu_helpers:_menu_items:1101 - DBG_MENU_ITEMS_SUMMARY total_items=7 visible_items=7 topbar_band=(0, 0, 392, 53) topbar_band_visible_count=7 popup_region_visible_count=0 force_refresh=True handle=141101140
2026-08-31 15:09:47.971 | DEBUG    | winwatt_automation.live_ui.menu_helpers:_menu_items:1111 - Discovered 7 MenuItem controls
2026-08-31 15:09:47.971 | DEBUG    | winwatt_automation.live_ui.menu_helpers:_log_phase_timing:83 - DBG_PHASE_TIMING phase=_menu_items elapsed_ms=531.000 force_refresh=True total_items=7 visible_items=7
2026-08-31 15:09:48.033 | INFO     | winwatt_automation.live_ui.menu_helpers:list_top_menu_items:1141 - Top-level menu items (raw): ['Rendszer', 'Fájl', 'Jegyzékek', 'Eszközök', 'Beállítások', 'Ablak', 'Súgó']
2026-08-31 15:09:48.049 | DEBUG    | winwatt_automation.live_ui.menu_helpers:_log_phase_timing:83 - DBG_PHASE_TIMING phase=list_top_menu_items elapsed_ms=610.000 count=7
2026-08-31 15:09:48.569 | DEBUG    | winwatt_automation.live_ui.app_connector:get_cached_main_window:565 - DBG_WINWATT_CACHE_GET reason_code=cache_reused_without_validation payload={'wrapper_type': 'UIAWrapper', 'handle': 141101140, 'process_id': 20940, 'title': 'WinWatt gólya - C:\\Users\\Admin\\Documents\\GitHub\\autowinwatt\\winwatt_automation\\data\\runtime_maps\\full_authorized_sandbox\\adaptive_anyagok_efficient_v4_20260831', 'class_name': 'TMainForm', 'control_type': 'Window'} last_validation_age_s=2.469000000040978 diagnostic_fast_mode=False
2026-08-31 15:09:48.573 | DEBUG    | winwatt_automation.live_ui.app_connector:get_cached_main_window:566 - DBG_PHASE_TIMING phase=get_cached_main_window elapsed_ms=15.000 reason_code=cache_reused_without_validation
2026-08-31 15:09:48.743 | DEBUG    | winwatt_automation.live_ui.app_connector:get_cached_main_window:565 - DBG_WINWATT_CACHE_GET reason_code=cache_reused_without_validation payload={'wrapper_type': 'UIAWrapper', 'handle': 141101140, 'process_id': 20940, 'title': 'WinWatt gólya - C:\\Users\\Admin\\Documents\\GitHub\\autowinwatt\\winwatt_automation\\data\\runtime_maps\\full_authorized_sandbox\\adaptive_anyagok_efficient_v4_20260831', 'class_name': 'TMainForm', 'control_type': 'Window'} last_validation_age_s=2.656000000075437 diagnostic_fast_mode=False
2026-08-31 15:09:48.754 | DEBUG    | winwatt_automation.live_ui.app_connector:get_cached_main_window:566 - DBG_PHASE_TIMING phase=get_cached_main_window elapsed_ms=16.000 reason_code=cache_reused_without_validation
2026-08-31 15:09:48.754 | DEBUG    | winwatt_automation.live_ui.app_connector:get_cached_main_window:565 - DBG_WINWATT_CACHE_GET reason_code=cache_reused_without_validation payload={'wrapper_type': 'UIAWrapper', 'handle': 141101140, 'process_id': 20940, 'title': 'WinWatt gólya - C:\\Users\\Admin\\Documents\\GitHub\\autowinwatt\\winwatt_automation\\data\\runtime_maps\\full_authorized_sandbox\\adaptive_anyagok_efficient_v4_20260831', 'class_name': 'TMainForm', 'control_type': 'Window'} last_validation_age_s=2.672000000020489 diagnostic_fast_mode=False
2026-08-31 15:09:48.754 | DEBUG    | winwatt_automation.live_ui.app_connector:get_cached_main_window:566 - DBG_PHASE_TIMING phase=get_cached_main_window elapsed_ms=0.000 reason_code=cache_reused_without_validation
2026-08-31 15:09:49.245 | INFO     | winwatt_automation.live_ui.menu_helpers:_menu_items:1101 - DBG_MENU_ITEMS_SUMMARY total_items=7 visible_items=7 topbar_band=(0, 0, 392, 53) topbar_band_visible_count=7 popup_region_visible_count=0 force_refresh=True handle=141101140
2026-08-31 15:09:49.261 | DEBUG    | winwatt_automation.live_ui.menu_helpers:_menu_items:1111 - Discovered 7 MenuItem controls
2026-08-31 15:09:49.261 | DEBUG    | winwatt_automation.live_ui.menu_helpers:_log_phase_timing:83 - DBG_PHASE_TIMING phase=_menu_items elapsed_ms=516.000 force_refresh=True total_items=7 visible_items=7
2026-08-31 15:09:49.326 | INFO     | winwatt_automation.live_ui.menu_helpers:list_top_menu_items:1141 - Top-level menu items (raw): ['Rendszer', 'Fájl', 'Jegyzékek', 'Eszközök', 'Beállítások', 'Ablak', 'Súgó']
2026-08-31 15:09:49.326 | DEBUG    | winwatt_automation.live_ui.menu_helpers:_log_phase_timing:83 - DBG_PHASE_TIMING phase=list_top_menu_items elapsed_ms=594.000 count=7
2026-08-31 15:09:49.850 | DEBUG    | winwatt_automation.live_ui.app_connector:get_cached_main_window:565 - DBG_WINWATT_CACHE_GET reason_code=cache_reused_without_validation payload={'wrapper_type': 'UIAWrapper', 'handle': 141101140, 'process_id': 20940, 'title': 'WinWatt gólya - C:\\Users\\Admin\\Documents\\GitHub\\autowinwatt\\winwatt_automation\\data\\runtime_maps\\full_authorized_sandbox\\adaptive_anyagok_efficient_v4_20260831', 'class_name': 'TMainForm', 'control_type': 'Window'} last_validation_age_s=3.76500000001397 diagnostic_fast_mode=False
2026-08-31 15:09:49.850 | DEBUG    | winwatt_automation.live_ui.app_connector:get_cached_main_window:566 - DBG_PHASE_TIMING phase=get_cached_main_window elapsed_ms=0.000 reason_code=cache_reused_without_validation
2026-08-31 15:09:57.527 | INFO     | winwatt_automation.live_ui.app_connector:get_cached_main_window:597 - DBG_WINWATT_CACHE_GET reason_code=cache_missing_resolving_fresh diagnostic_fast_mode=False
2026-08-31 15:09:57.797 | DEBUG    | winwatt_automation.live_ui.app_connector:list_candidate_windows:180 - Discovered 0 WinWatt-like windows on backend=win32
2026-08-31 15:09:57.806 | INFO     | winwatt_automation.live_ui.app_connector:_connect_with_win32_handle:276 - DBG_WINWATT_CONNECT_WIN32_CANDIDATES locator=backend=win32 ranked_candidates=[] 
2026-08-31 15:09:57.806 | WARNING  | winwatt_automation.runtime_mapping.program_mapper:_safe_capture_snapshot:191 - snapshot_capture_failed state_id=startup_after_relaunch error=No WinWatt-like windows were found
2026-08-31 15:09:58.308 | INFO     | winwatt_automation.live_ui.app_connector:get_cached_main_window:597 - DBG_WINWATT_CACHE_GET reason_code=cache_missing_resolving_fresh diagnostic_fast_mode=False
2026-08-31 15:10:00.950 | DEBUG    | winwatt_automation.live_ui.app_connector:list_candidate_windows:180 - Discovered 0 WinWatt-like windows on backend=win32
2026-08-31 15:10:00.955 | INFO     | winwatt_automation.live_ui.app_connector:_connect_with_win32_handle:276 - DBG_WINWATT_CONNECT_WIN32_CANDIDATES locator=backend=win32 ranked_candidates=[] 
2026-08-31 15:10:00.955 | WARNING  | winwatt_automation.runtime_mapping.program_mapper:_safe_capture_snapshot:191 - snapshot_capture_failed state_id=startup_after_relaunch error=No WinWatt-like windows were found
2026-08-31 15:10:01.457 | INFO     | winwatt_automation.live_ui.app_connector:get_cached_main_window:597 - DBG_WINWATT_CACHE_GET reason_code=cache_missing_resolving_fresh diagnostic_fast_mode=False
2026-08-31 15:10:03.120 | DEBUG    | winwatt_automation.live_ui.app_connector:list_candidate_windows:180 - Discovered 0 WinWatt-like windows on backend=win32
2026-08-31 15:10:03.122 | INFO     | winwatt_automation.live_ui.app_connector:_connect_with_win32_handle:276 - DBG_WINWATT_CONNECT_WIN32_CANDIDATES locator=backend=win32 ranked_candidates=[] 
2026-08-31 15:10:03.122 | WARNING  | winwatt_automation.runtime_mapping.program_mapper:_safe_capture_snapshot:191 - snapshot_capture_failed state_id=startup_after_relaunch error=No WinWatt-like windows were found
2026-08-31 15:10:03.626 | INFO     | winwatt_automation.live_ui.app_connector:get_cached_main_window:597 - DBG_WINWATT_CACHE_GET reason_code=cache_missing_resolving_fresh diagnostic_fast_mode=False
2026-08-31 15:10:03.722 | DEBUG    | winwatt_automation.live_ui.app_connector:list_candidate_windows:180 - Discovered 0 WinWatt-like windows on backend=win32
2026-08-31 15:10:03.738 | INFO     | winwatt_automation.live_ui.app_connector:_connect_with_win32_handle:276 - DBG_WINWATT_CONNECT_WIN32_CANDIDATES locator=backend=win32 ranked_candidates=[] 
2026-08-31 15:10:03.738 | WARNING  | winwatt_automation.runtime_mapping.program_mapper:_safe_capture_snapshot:191 - snapshot_capture_failed state_id=startup_after_relaunch error=No WinWatt-like windows were found
2026-08-31 15:10:04.242 | INFO     | winwatt_automation.live_ui.app_connector:get_cached_main_window:597 - DBG_WINWATT_CACHE_GET reason_code=cache_missing_resolving_fresh diagnostic_fast_mode=False
2026-08-31 15:10:04.322 | DEBUG    | winwatt_automation.live_ui.app_connector:list_candidate_windows:180 - Discovered 0 WinWatt-like windows on backend=win32
2026-08-31 15:10:04.322 | INFO     | winwatt_automation.live_ui.app_connector:_connect_with_win32_handle:276 - DBG_WINWATT_CONNECT_WIN32_CANDIDATES locator=backend=win32 ranked_candidates=[] 
2026-08-31 15:10:04.322 | WARNING  | winwatt_automation.runtime_mapping.program_mapper:_safe_capture_snapshot:191 - snapshot_capture_failed state_id=startup_after_relaunch error=No WinWatt-like windows were found
2026-08-31 15:10:04.833 | INFO     | winwatt_automation.live_ui.app_connector:get_cached_main_window:597 - DBG_WINWATT_CACHE_GET reason_code=cache_missing_resolving_fresh diagnostic_fast_mode=False
2026-08-31 15:10:04.955 | DEBUG    | winwatt_automation.live_ui.app_connector:list_candidate_windows:180 - Discovered 0 WinWatt-like windows on backend=win32
2026-08-31 15:10:04.971 | INFO     | winwatt_automation.live_ui.app_connector:_connect_with_win32_handle:276 - DBG_WINWATT_CONNECT_WIN32_CANDIDATES locator=backend=win32 ranked_candidates=[] 
2026-08-31 15:10:04.971 | WARNING  | winwatt_automation.runtime_mapping.program_mapper:_safe_capture_snapshot:191 - snapshot_capture_failed state_id=startup_after_relaunch error=No WinWatt-like windows were found
2026-08-31 15:10:05.473 | INFO     | winwatt_automation.live_ui.app_connector:get_cached_main_window:597 - DBG_WINWATT_CACHE_GET reason_code=cache_missing_resolving_fresh diagnostic_fast_mode=False
2026-08-31 15:10:05.557 | DEBUG    | winwatt_automation.live_ui.app_connector:list_candidate_windows:180 - Discovered 0 WinWatt-like windows on backend=win32
2026-08-31 15:10:05.573 | INFO     | winwatt_automation.live_ui.app_connector:_connect_with_win32_handle:276 - DBG_WINWATT_CONNECT_WIN32_CANDIDATES locator=backend=win32 ranked_candidates=[] 
2026-08-31 15:10:05.574 | WARNING  | winwatt_automation.runtime_mapping.program_mapper:_safe_capture_snapshot:191 - snapshot_capture_failed state_id=startup_after_relaunch error=No WinWatt-like windows were found
2026-08-31 15:10:06.075 | INFO     | winwatt_automation.live_ui.app_connector:get_cached_main_window:597 - DBG_WINWATT_CACHE_GET reason_code=cache_missing_resolving_fresh diagnostic_fast_mode=False
2026-08-31 15:10:06.156 | DEBUG    | winwatt_automation.live_ui.app_connector:list_candidate_windows:180 - Discovered 0 WinWatt-like windows on backend=win32
2026-08-31 15:10:06.156 | INFO     | winwatt_automation.live_ui.app_connector:_connect_with_win32_handle:276 - DBG_WINWATT_CONNECT_WIN32_CANDIDATES locator=backend=win32 ranked_candidates=[] 
2026-08-31 15:10:06.156 | WARNING  | winwatt_automation.runtime_mapping.program_mapper:_safe_capture_snapshot:191 - snapshot_capture_failed state_id=startup_after_relaunch error=No WinWatt-like windows were found
2026-08-31 15:10:06.662 | INFO     | winwatt_automation.live_ui.app_connector:get_cached_main_window:597 - DBG_WINWATT_CACHE_GET reason_code=cache_missing_resolving_fresh diagnostic_fast_mode=False
2026-08-31 15:10:06.755 | DEBUG    | winwatt_automation.live_ui.app_connector:list_candidate_windows:180 - Discovered 0 WinWatt-like windows on backend=win32
2026-08-31 15:10:06.755 | INFO     | winwatt_automation.live_ui.app_connector:_connect_with_win32_handle:276 - DBG_WINWATT_CONNECT_WIN32_CANDIDATES locator=backend=win32 ranked_candidates=[] 
2026-08-31 15:10:06.755 | WARNING  | winwatt_automation.runtime_mapping.program_mapper:_safe_capture_snapshot:191 - snapshot_capture_failed state_id=startup_after_relaunch error=No WinWatt-like windows were found
2026-08-31 15:10:07.270 | INFO     | winwatt_automation.live_ui.app_connector:get_cached_main_window:597 - DBG_WINWATT_CACHE_GET reason_code=cache_missing_resolving_fresh diagnostic_fast_mode=False
2026-08-31 15:10:07.355 | DEBUG    | winwatt_automation.live_ui.app_connector:list_candidate_windows:180 - Discovered 0 WinWatt-like windows on backend=win32
2026-08-31 15:10:07.355 | INFO     | winwatt_automation.live_ui.app_connector:_connect_with_win32_handle:276 - DBG_WINWATT_CONNECT_WIN32_CANDIDATES locator=backend=win32 ranked_candidates=[] 
2026-08-31 15:10:07.355 | WARNING  | winwatt_automation.runtime_mapping.program_mapper:_safe_capture_snapshot:191 - snapshot_capture_failed state_id=startup_after_relaunch error=No WinWatt-like windows were found
2026-08-31 15:10:07.864 | INFO     | winwatt_automation.live_ui.app_connector:get_cached_main_window:597 - DBG_WINWATT_CACHE_GET reason_code=cache_missing_resolving_fresh diagnostic_fast_mode=False
2026-08-31 15:10:07.938 | DEBUG    | winwatt_automation.live_ui.app_connector:list_candidate_windows:180 - Discovered 0 WinWatt-like windows on backend=win32
2026-08-31 15:10:07.938 | INFO     | winwatt_automation.live_ui.app_connector:_connect_with_win32_handle:276 - DBG_WINWATT_CONNECT_WIN32_CANDIDATES locator=backend=win32 ranked_candidates=[] 
2026-08-31 15:10:07.938 | WARNING  | winwatt_automation.runtime_mapping.program_mapper:_safe_capture_snapshot:191 - snapshot_capture_failed state_id=startup_after_relaunch error=No WinWatt-like windows were found
2026-08-31 15:10:08.452 | INFO     | winwatt_automation.live_ui.app_connector:get_cached_main_window:597 - DBG_WINWATT_CACHE_GET reason_code=cache_missing_resolving_fresh diagnostic_fast_mode=False
2026-08-31 15:10:08.558 | DEBUG    | winwatt_automation.live_ui.app_connector:list_candidate_windows:180 - Discovered 0 WinWatt-like windows on backend=win32
2026-08-31 15:10:08.558 | INFO     | winwatt_automation.live_ui.app_connector:_connect_with_win32_handle:276 - DBG_WINWATT_CONNECT_WIN32_CANDIDATES locator=backend=win32 ranked_candidates=[] 
2026-08-31 15:10:08.558 | WARNING  | winwatt_automation.runtime_mapping.program_mapper:_safe_capture_snapshot:191 - snapshot_capture_failed state_id=startup_after_relaunch error=No WinWatt-like windows were found
2026-08-31 15:10:09.061 | INFO     | winwatt_automation.live_ui.app_connector:get_cached_main_window:597 - DBG_WINWATT_CACHE_GET reason_code=cache_missing_resolving_fresh diagnostic_fast_mode=False
2026-08-31 15:10:09.141 | DEBUG    | winwatt_automation.live_ui.app_connector:list_candidate_windows:180 - Discovered 0 WinWatt-like windows on backend=win32
2026-08-31 15:10:09.141 | INFO     | winwatt_automation.live_ui.app_connector:_connect_with_win32_handle:276 - DBG_WINWATT_CONNECT_WIN32_CANDIDATES locator=backend=win32 ranked_candidates=[] 
2026-08-31 15:10:09.141 | WARNING  | winwatt_automation.runtime_mapping.program_mapper:_safe_capture_snapshot:191 - snapshot_capture_failed state_id=startup_after_relaunch error=No WinWatt-like windows were found
2026-08-31 15:10:09.646 | INFO     | winwatt_automation.live_ui.app_connector:get_cached_main_window:597 - DBG_WINWATT_CACHE_GET reason_code=cache_missing_resolving_fresh diagnostic_fast_mode=False
2026-08-31 15:10:09.801 | DEBUG    | winwatt_automation.live_ui.app_connector:list_candidate_windows:180 - Discovered 1 WinWatt-like windows on backend=win32
2026-08-31 15:10:09.801 | DEBUG    | winwatt_automation.live_ui.app_connector:list_candidate_windows:182 - Candidate[win32]: {'title': 'WinWatt gólya - C:\\Users\\Admin\\Documents\\GitHub\\autowinwatt\\winwatt_automation\\data\\runtime_maps\\full_authorized_sandbox\\adaptive_anyagok_efficient_v4_20260831', 'window_text': 'WinWatt gólya - C:\\Users\\Admin\\Documents\\GitHub\\autowinwatt\\winwatt_automation\\data\\runtime_maps\\full_authorized_sandbox\\adaptive_anyagok_efficient_v4_20260831', 'class_name': 'TMainForm', 'control_type': None, 'process_id': 8344, 'handle': None, 'is_visible': True, 'is_enabled': True, 'rectangle': {'left': -10, 'top': -10, 'right': 1930, 'bottom': 1030, 'width': 1940, 'height': 1040}, 'size': {'width': 1940, 'height': 1040}}
2026-08-31 15:10:09.801 | INFO     | winwatt_automation.live_ui.app_connector:_connect_with_win32_handle:276 - DBG_WINWATT_CONNECT_WIN32_CANDIDATES locator=backend=win32 ranked_candidates=[{'rank': 1, 'score': (1, 1, 1, 1, 2017600), 'process_id': 8344, 'handle': None, 'class_name': 'TMainForm', 'title': 'WinWatt gólya - C:\\Users\\Admin\\Documents\\GitHub\\autowinwatt\\winwatt_automation\\data\\runtime_maps\\full_authorized_sandbox\\adaptive_anyagok_efficient_v4_20260831', 'visible': True, 'enabled': True}] 
2026-08-31 15:10:09.803 | INFO     | winwatt_automation.live_ui.app_connector:select_main_window:224 - Candidate ranking score=(1, 1, 1, 1, 2017600) data={'title': 'WinWatt gólya - C:\\Users\\Admin\\Documents\\GitHub\\autowinwatt\\winwatt_automation\\data\\runtime_maps\\full_authorized_sandbox\\adaptive_anyagok_efficient_v4_20260831', 'window_text': 'WinWatt gólya - C:\\Users\\Admin\\Documents\\GitHub\\autowinwatt\\winwatt_automation\\data\\runtime_maps\\full_authorized_sandbox\\adaptive_anyagok_efficient_v4_20260831', 'class_name': 'TMainForm', 'control_type': None, 'process_id': 8344, 'handle': None, 'is_visible': True, 'is_enabled': True, 'rectangle': {'left': -10, 'top': -10, 'right': 1930, 'bottom': 1030, 'width': 1940, 'height': 1040}, 'size': {'width': 1940, 'height': 1040}}
2026-08-31 15:10:09.803 | INFO     | winwatt_automation.live_ui.app_connector:select_main_window:234 - Selected main window process_id=8344 handle=None score=(1, 1, 1, 1, 2017600) reasons=['has_process_id=True', 'has_handle=False', 'visible=True', 'enabled=True', 'title_has_winwatt=True', 'area=2017600']
2026-08-31 15:10:09.803 | INFO     | winwatt_automation.live_ui.app_connector:_connect_with_win32_handle:293 - DBG_WINWATT_CONNECT_WIN32_SELECTED selected_payload={'title': 'WinWatt gólya - C:\\Users\\Admin\\Documents\\GitHub\\autowinwatt\\winwatt_automation\\data\\runtime_maps\\full_authorized_sandbox\\adaptive_anyagok_efficient_v4_20260831', 'window_text': 'WinWatt gólya - C:\\Users\\Admin\\Documents\\GitHub\\autowinwatt\\winwatt_automation\\data\\runtime_maps\\full_authorized_sandbox\\adaptive_anyagok_efficient_v4_20260831', 'class_name': 'TMainForm', 'control_type': None, 'process_id': 8344, 'handle': None, 'is_visible': True, 'is_enabled': True, 'rectangle': {'left': -10, 'top': -10, 'right': 1930, 'bottom': 1030, 'width': 1940, 'height': 1040}, 'size': {'width': 1940, 'height': 1040}} selected_handle_is_none=True
2026-08-31 15:10:09.805 | INFO     | winwatt_automation.live_ui.app_connector:_connect_with_win32_handle:336 - Connected to WinWatt backend=win32 attach_mode=process candidate={'process_id': 8344, 'handle': None, 'class_name': 'TMainForm', 'title': 'WinWatt gólya - C:\\Users\\Admin\\Documents\\GitHub\\autowinwatt\\winwatt_automation\\data\\runtime_maps\\full_authorized_sandbox\\adaptive_anyagok_efficient_v4_20260831'}
2026-08-31 15:10:09.805 | INFO     | winwatt_automation.live_ui.app_connector:_connect_with_win32_handle:350 - DBG_WINWATT_CONNECT_WIN32_RESOLVED process_id=8344 resolved_handle=None selected_payload={'title': 'WinWatt gólya - C:\\Users\\Admin\\Documents\\GitHub\\autowinwatt\\winwatt_automation\\data\\runtime_maps\\full_authorized_sandbox\\adaptive_anyagok_efficient_v4_20260831', 'window_text': 'WinWatt gólya - C:\\Users\\Admin\\Documents\\GitHub\\autowinwatt\\winwatt_automation\\data\\runtime_maps\\full_authorized_sandbox\\adaptive_anyagok_efficient_v4_20260831', 'class_name': 'TMainForm', 'control_type': None, 'process_id': 8344, 'handle': None, 'is_visible': True, 'is_enabled': True, 'rectangle': {'left': -10, 'top': -10, 'right': 1930, 'bottom': 1030, 'width': 1940, 'height': 1040}, 'size': {'width': 1940, 'height': 1040}}
2026-08-31 15:10:09.805 | INFO     | winwatt_automation.live_ui.app_connector:_resolve_uia_main_window:382 - DBG_WINWATT_RESOLVE_UIA_WIN32_SELECTED selected_payload={'title': 'WinWatt gólya - C:\\Users\\Admin\\Documents\\GitHub\\autowinwatt\\winwatt_automation\\data\\runtime_maps\\full_authorized_sandbox\\adaptive_anyagok_efficient_v4_20260831', 'window_text': 'WinWatt gólya - C:\\Users\\Admin\\Documents\\GitHub\\autowinwatt\\winwatt_automation\\data\\runtime_maps\\full_authorized_sandbox\\adaptive_anyagok_efficient_v4_20260831', 'class_name': 'TMainForm', 'control_type': None, 'process_id': 8344, 'handle': None, 'is_visible': True, 'is_enabled': True, 'rectangle': {'left': -10, 'top': -10, 'right': 1930, 'bottom': 1030, 'width': 1940, 'height': 1040}, 'size': {'width': 1940, 'height': 1040}}
2026-08-31 15:10:09.805 | INFO     | winwatt_automation.live_ui.app_connector:_resolve_uia_main_window:388 - Connected to WinWatt backend=uia process_id=8344
2026-08-31 15:10:09.805 | INFO     | winwatt_automation.live_ui.app_connector:_resolve_uia_main_window:390 - Resolving main WinWatt window backend=uia class_name=TMainForm title_re=.*WinWatt.*
2026-08-31 15:10:10.146 | INFO     | winwatt_automation.live_ui.app_connector:_resolve_uia_main_window:400 - DBG_WINWATT_RESOLVE_UIA_PRIMARY selected_payload={'title': 'WinWatt gólya - C:\\Users\\Admin\\Documents\\GitHub\\autowinwatt\\winwatt_automation\\data\\runtime_maps\\full_authorized_sandbox\\adaptive_anyagok_efficient_v4_20260831', 'window_text': 'WinWatt gólya - C:\\Users\\Admin\\Documents\\GitHub\\autowinwatt\\winwatt_automation\\data\\runtime_maps\\full_authorized_sandbox\\adaptive_anyagok_efficient_v4_20260831', 'class_name': 'TMainForm', 'control_type': None, 'process_id': 8344, 'handle': None, 'is_visible': True, 'is_enabled': True, 'rectangle': {'left': -10, 'top': -10, 'right': 1930, 'bottom': 1030, 'width': 1940, 'height': 1040}, 'size': {'width': 1940, 'height': 1040}} primary_result={'wrapper_type': 'UIAWrapper', 'handle': 77334578, 'process_id': 8344, 'title': 'WinWatt gólya - C:\\Users\\Admin\\Documents\\GitHub\\autowinwatt\\winwatt_automation\\data\\runtime_maps\\full_authorized_sandbox\\adaptive_anyagok_efficient_v4_20260831', 'class_name': 'TMainForm', 'control_type': 'Window'} identity_match_with_win32=None
2026-08-31 15:10:10.153 | DEBUG    | winwatt_automation.live_ui.app_connector:get_cached_main_window:606 - DBG_PHASE_TIMING phase=get_cached_main_window elapsed_ms=516.000 reason_code=fresh_resolve
2026-08-31 15:10:10.303 | DEBUG    | winwatt_automation.live_ui.app_connector:get_cached_main_window:565 - DBG_WINWATT_CACHE_GET reason_code=cache_reused_without_validation payload={'wrapper_type': 'UIAWrapper', 'handle': 77334578, 'process_id': 8344, 'title': 'WinWatt gólya - C:\\Users\\Admin\\Documents\\GitHub\\autowinwatt\\winwatt_automation\\data\\runtime_maps\\full_authorized_sandbox\\adaptive_anyagok_efficient_v4_20260831', 'class_name': 'TMainForm', 'control_type': 'Window'} last_validation_age_s=0.14099999994505197 diagnostic_fast_mode=False
2026-08-31 15:10:10.303 | DEBUG    | winwatt_automation.live_ui.app_connector:get_cached_main_window:566 - DBG_PHASE_TIMING phase=get_cached_main_window elapsed_ms=0.000 reason_code=cache_reused_without_validation
2026-08-31 15:10:10.319 | DEBUG    | winwatt_automation.live_ui.app_connector:get_cached_main_window:565 - DBG_WINWATT_CACHE_GET reason_code=cache_reused_without_validation payload={'wrapper_type': 'UIAWrapper', 'handle': 77334578, 'process_id': 8344, 'title': 'WinWatt gólya - C:\\Users\\Admin\\Documents\\GitHub\\autowinwatt\\winwatt_automation\\data\\runtime_maps\\full_authorized_sandbox\\adaptive_anyagok_efficient_v4_20260831', 'class_name': 'TMainForm', 'control_type': 'Window'} last_validation_age_s=0.1559999999590218 diagnostic_fast_mode=False
2026-08-31 15:10:10.319 | DEBUG    | winwatt_automation.live_ui.app_connector:get_cached_main_window:566 - DBG_PHASE_TIMING phase=get_cached_main_window elapsed_ms=0.000 reason_code=cache_reused_without_validation
2026-08-31 15:10:10.856 | INFO     | winwatt_automation.live_ui.menu_helpers:_menu_items:1101 - DBG_MENU_ITEMS_SUMMARY total_items=7 visible_items=7 topbar_band=(0, 0, 392, 53) topbar_band_visible_count=7 popup_region_visible_count=0 force_refresh=True handle=77334578
2026-08-31 15:10:10.856 | DEBUG    | winwatt_automation.live_ui.menu_helpers:_menu_items:1111 - Discovered 7 MenuItem controls
2026-08-31 15:10:10.856 | DEBUG    | winwatt_automation.live_ui.menu_helpers:_log_phase_timing:83 - DBG_PHASE_TIMING phase=_menu_items elapsed_ms=546.000 force_refresh=True total_items=7 visible_items=7
2026-08-31 15:10:10.935 | INFO     | winwatt_automation.live_ui.menu_helpers:list_top_menu_items:1141 - Top-level menu items (raw): ['Rendszer', 'Fájl', 'Jegyzékek', 'Eszközök', 'Beállítások', 'Ablak', 'Súgó']
2026-08-31 15:10:10.935 | DEBUG    | winwatt_automation.live_ui.menu_helpers:_log_phase_timing:83 - DBG_PHASE_TIMING phase=list_top_menu_items elapsed_ms=640.000 count=7
2026-08-31 15:10:11.455 | DEBUG    | winwatt_automation.live_ui.app_connector:get_cached_main_window:565 - DBG_WINWATT_CACHE_GET reason_code=cache_reused_without_validation payload={'wrapper_type': 'UIAWrapper', 'handle': 77334578, 'process_id': 8344, 'title': 'WinWatt gólya - C:\\Users\\Admin\\Documents\\GitHub\\autowinwatt\\winwatt_automation\\data\\runtime_maps\\full_authorized_sandbox\\adaptive_anyagok_efficient_v4_20260831', 'class_name': 'TMainForm', 'control_type': 'Window'} last_validation_age_s=1.2969999999040738 diagnostic_fast_mode=False
2026-08-31 15:10:11.455 | DEBUG    | winwatt_automation.live_ui.app_connector:get_cached_main_window:566 - DBG_PHASE_TIMING phase=get_cached_main_window elapsed_ms=0.000 reason_code=cache_reused_without_validation
2026-08-31 15:10:11.610 | DEBUG    | winwatt_automation.live_ui.app_connector:get_cached_main_window:565 - DBG_WINWATT_CACHE_GET reason_code=cache_reused_without_validation payload={'wrapper_type': 'UIAWrapper', 'handle': 77334578, 'process_id': 8344, 'title': 'WinWatt gólya - C:\\Users\\Admin\\Documents\\GitHub\\autowinwatt\\winwatt_automation\\data\\runtime_maps\\full_authorized_sandbox\\adaptive_anyagok_efficient_v4_20260831', 'class_name': 'TMainForm', 'control_type': 'Window'} last_validation_age_s=1.452999999979511 diagnostic_fast_mode=False
2026-08-31 15:10:11.610 | DEBUG    | winwatt_automation.live_ui.app_connector:get_cached_main_window:566 - DBG_PHASE_TIMING phase=get_cached_main_window elapsed_ms=0.000 reason_code=cache_reused_without_validation
2026-08-31 15:10:11.610 | DEBUG    | winwatt_automation.live_ui.app_connector:get_cached_main_window:565 - DBG_WINWATT_CACHE_GET reason_code=cache_reused_without_validation payload={'wrapper_type': 'UIAWrapper', 'handle': 77334578, 'process_id': 8344, 'title': 'WinWatt gólya - C:\\Users\\Admin\\Documents\\GitHub\\autowinwatt\\winwatt_automation\\data\\runtime_maps\\full_authorized_sandbox\\adaptive_anyagok_efficient_v4_20260831', 'class_name': 'TMainForm', 'control_type': 'Window'} last_validation_age_s=1.452999999979511 diagnostic_fast_mode=False
2026-08-31 15:10:11.610 | DEBUG    | winwatt_automation.live_ui.app_connector:get_cached_main_window:566 - DBG_PHASE_TIMING phase=get_cached_main_window elapsed_ms=0.000 reason_code=cache_reused_without_validation
2026-08-31 15:10:12.095 | INFO     | winwatt_automation.live_ui.menu_helpers:_menu_items:1101 - DBG_MENU_ITEMS_SUMMARY total_items=7 visible_items=7 topbar_band=(0, 0, 392, 53) topbar_band_visible_count=7 popup_region_visible_count=0 force_refresh=True handle=77334578
2026-08-31 15:10:12.095 | DEBUG    | winwatt_automation.live_ui.menu_helpers:_menu_items:1111 - Discovered 7 MenuItem controls
2026-08-31 15:10:12.095 | DEBUG    | winwatt_automation.live_ui.menu_helpers:_log_phase_timing:83 - DBG_PHASE_TIMING phase=_menu_items elapsed_ms=484.000 force_refresh=True total_items=7 visible_items=7
2026-08-31 15:10:12.158 | INFO     | winwatt_automation.live_ui.menu_helpers:list_top_menu_items:1141 - Top-level menu items (raw): ['Rendszer', 'Fájl', 'Jegyzékek', 'Eszközök', 'Beállítások', 'Ablak', 'Súgó']
2026-08-31 15:10:12.158 | DEBUG    | winwatt_automation.live_ui.menu_helpers:_log_phase_timing:83 - DBG_PHASE_TIMING phase=list_top_menu_items elapsed_ms=547.000 count=7
2026-08-31 15:10:12.684 | DEBUG    | winwatt_automation.live_ui.app_connector:get_cached_main_window:565 - DBG_WINWATT_CACHE_GET reason_code=cache_reused_without_validation payload={'wrapper_type': 'UIAWrapper', 'handle': 77334578, 'process_id': 8344, 'title': 'WinWatt gólya - C:\\Users\\Admin\\Documents\\GitHub\\autowinwatt\\winwatt_automation\\data\\runtime_maps\\full_authorized_sandbox\\adaptive_anyagok_efficient_v4_20260831', 'class_name': 'TMainForm', 'control_type': 'Window'} last_validation_age_s=2.515999999945052 diagnostic_fast_mode=False
2026-08-31 15:10:12.686 | DEBUG    | winwatt_automation.live_ui.app_connector:get_cached_main_window:566 - DBG_PHASE_TIMING phase=get_cached_main_window elapsed_ms=15.000 reason_code=cache_reused_without_validation
2026-08-31 15:10:12.924 | DEBUG    | winwatt_automation.live_ui.app_connector:get_cached_main_window:565 - DBG_WINWATT_CACHE_GET reason_code=cache_reused_without_validation payload={'wrapper_type': 'UIAWrapper', 'handle': 77334578, 'process_id': 8344, 'title': 'WinWatt gólya - C:\\Users\\Admin\\Documents\\GitHub\\autowinwatt\\winwatt_automation\\data\\runtime_maps\\full_authorized_sandbox\\adaptive_anyagok_efficient_v4_20260831', 'class_name': 'TMainForm', 'control_type': 'Window'} last_validation_age_s=2.765999999945052 diagnostic_fast_mode=False
2026-08-31 15:10:12.924 | DEBUG    | winwatt_automation.live_ui.app_connector:get_cached_main_window:566 - DBG_PHASE_TIMING phase=get_cached_main_window elapsed_ms=0.000 reason_code=cache_reused_without_validation
2026-08-31 15:10:12.937 | DEBUG    | winwatt_automation.live_ui.app_connector:get_cached_main_window:565 - DBG_WINWATT_CACHE_GET reason_code=cache_reused_without_validation payload={'wrapper_type': 'UIAWrapper', 'handle': 77334578, 'process_id': 8344, 'title': 'WinWatt gólya - C:\\Users\\Admin\\Documents\\GitHub\\autowinwatt\\winwatt_automation\\data\\runtime_maps\\full_authorized_sandbox\\adaptive_anyagok_efficient_v4_20260831', 'class_name': 'TMainForm', 'control_type': 'Window'} last_validation_age_s=2.765999999945052 diagnostic_fast_mode=False
2026-08-31 15:10:12.937 | DEBUG    | winwatt_automation.live_ui.app_connector:get_cached_main_window:566 - DBG_PHASE_TIMING phase=get_cached_main_window elapsed_ms=15.000 reason_code=cache_reused_without_validation
2026-08-31 15:10:13.502 | INFO     | winwatt_automation.live_ui.menu_helpers:_menu_items:1101 - DBG_MENU_ITEMS_SUMMARY total_items=7 visible_items=7 topbar_band=(0, 0, 392, 53) topbar_band_visible_count=7 popup_region_visible_count=0 force_refresh=True handle=77334578
2026-08-31 15:10:13.502 | DEBUG    | winwatt_automation.live_ui.menu_helpers:_menu_items:1111 - Discovered 7 MenuItem controls
2026-08-31 15:10:13.502 | DEBUG    | winwatt_automation.live_ui.menu_helpers:_log_phase_timing:83 - DBG_PHASE_TIMING phase=_menu_items elapsed_ms=578.000 force_refresh=True total_items=7 visible_items=7
2026-08-31 15:10:13.581 | INFO     | winwatt_automation.live_ui.menu_helpers:list_top_menu_items:1141 - Top-level menu items (raw): ['Rendszer', 'Fájl', 'Jegyzékek', 'Eszközök', 'Beállítások', 'Ablak', 'Súgó']
2026-08-31 15:10:13.581 | DEBUG    | winwatt_automation.live_ui.menu_helpers:_log_phase_timing:83 - DBG_PHASE_TIMING phase=list_top_menu_items elapsed_ms=656.000 count=7
2026-08-31 15:10:14.088 | DEBUG    | winwatt_automation.live_ui.app_connector:get_cached_main_window:565 - DBG_WINWATT_CACHE_GET reason_code=cache_reused_without_validation payload={'wrapper_type': 'UIAWrapper', 'handle': 77334578, 'process_id': 8344, 'title': 'WinWatt gólya - C:\\Users\\Admin\\Documents\\GitHub\\autowinwatt\\winwatt_automation\\data\\runtime_maps\\full_authorized_sandbox\\adaptive_anyagok_efficient_v4_20260831', 'class_name': 'TMainForm', 'control_type': 'Window'} last_validation_age_s=3.9219999999040738 diagnostic_fast_mode=False
2026-08-31 15:10:14.088 | DEBUG    | winwatt_automation.live_ui.app_connector:get_cached_main_window:566 - DBG_PHASE_TIMING phase=get_cached_main_window elapsed_ms=0.000 reason_code=cache_reused_without_validation
2026-08-31 15:10:14.229 | INFO     | winwatt_automation.live_ui.app_connector:is_winwatt_foreground_context:1161 - DBG_WINWATT_FOREGROUND_CONTEXT expected_handle=77334578 expected_process_id=8344 expected_title=WinWatt gólya - C:\Users\Admin\Documents\GitHub\autowinwatt\winwatt_automation\data\runtime_maps\full_authorized_sandbox\adaptive_anyagok_efficient_v4_20260831 expected_class_name=TMainForm actual_foreground_handle=77334578 actual_foreground_process_id=8344 actual_foreground_title=WinWatt gólya - C:\Users\Admin\Documents\GitHub\autowinwatt\winwatt_automation\data\runtime_maps\full_authorized_sandbox\adaptive_anyagok_efficient_v4_20260831 actual_foreground_class_name=TMainForm allow_dialog=True result_reason=handle_match
2026-08-31 15:10:14.245 | INFO     | winwatt_automation.live_ui.app_connector:_cached_window_health_status:489 - DBG_WINWATT_CACHE_HEALTH reason_code=healthy payload={'wrapper_type': 'UIAWrapper', 'handle': 77334578, 'process_id': 8344, 'title': 'WinWatt gólya - C:\\Users\\Admin\\Documents\\GitHub\\autowinwatt\\winwatt_automation\\data\\runtime_maps\\full_authorized_sandbox\\adaptive_anyagok_efficient_v4_20260831', 'class_name': 'TMainForm', 'control_type': 'Window'}
2026-08-31 15:10:14.245 | DEBUG    | winwatt_automation.live_ui.app_connector:get_cached_main_window:574 - DBG_WINWATT_CACHE_GET reason_code=cache_validated_ok payload={'wrapper_type': 'UIAWrapper', 'handle': 77334578, 'process_id': 8344, 'title': 'WinWatt gólya - C:\\Users\\Admin\\Documents\\GitHub\\autowinwatt\\winwatt_automation\\data\\runtime_maps\\full_authorized_sandbox\\adaptive_anyagok_efficient_v4_20260831', 'class_name': 'TMainForm', 'control_type': 'Window'} last_validation_age_s=4.061999999918044 diagnostic_fast_mode=False
2026-08-31 15:10:14.245 | DEBUG    | winwatt_automation.live_ui.app_connector:get_cached_main_window:575 - DBG_PHASE_TIMING phase=get_cached_main_window elapsed_ms=16.000 reason_code=cache_validated_ok
2026-08-31 15:10:14.245 | DEBUG    | winwatt_automation.live_ui.app_connector:get_cached_main_window:565 - DBG_WINWATT_CACHE_GET reason_code=cache_reused_without_validation payload={'wrapper_type': 'UIAWrapper', 'handle': 77334578, 'process_id': 8344, 'title': 'WinWatt gólya - C:\\Users\\Admin\\Documents\\GitHub\\autowinwatt\\winwatt_automation\\data\\runtime_maps\\full_authorized_sandbox\\adaptive_anyagok_efficient_v4_20260831', 'class_name': 'TMainForm', 'control_type': 'Window'} last_validation_age_s=0.01600000006146729 diagnostic_fast_mode=False
2026-08-31 15:10:14.245 | DEBUG    | winwatt_automation.live_ui.app_connector:get_cached_main_window:566 - DBG_PHASE_TIMING phase=get_cached_main_window elapsed_ms=0.000 reason_code=cache_reused_without_validation
2026-08-31 15:10:14.738 | INFO     | winwatt_automation.live_ui.menu_helpers:_menu_items:1101 - DBG_MENU_ITEMS_SUMMARY total_items=7 visible_items=7 topbar_band=(0, 0, 392, 53) topbar_band_visible_count=7 popup_region_visible_count=0 force_refresh=True handle=77334578
2026-08-31 15:10:14.738 | DEBUG    | winwatt_automation.live_ui.menu_helpers:_menu_items:1111 - Discovered 7 MenuItem controls
2026-08-31 15:10:14.738 | DEBUG    | winwatt_automation.live_ui.menu_helpers:_log_phase_timing:83 - DBG_PHASE_TIMING phase=_menu_items elapsed_ms=516.000 force_refresh=True total_items=7 visible_items=7
2026-08-31 15:10:14.800 | INFO     | winwatt_automation.live_ui.menu_helpers:list_top_menu_items:1141 - Top-level menu items (raw): ['Rendszer', 'Fájl', 'Jegyzékek', 'Eszközök', 'Beállítások', 'Ablak', 'Súgó']
2026-08-31 15:10:14.816 | DEBUG    | winwatt_automation.live_ui.menu_helpers:_log_phase_timing:83 - DBG_PHASE_TIMING phase=list_top_menu_items elapsed_ms=594.000 count=7
2026-08-31 15:10:15.326 | DEBUG    | winwatt_automation.live_ui.app_connector:get_cached_main_window:565 - DBG_WINWATT_CACHE_GET reason_code=cache_reused_without_validation payload={'wrapper_type': 'UIAWrapper', 'handle': 77334578, 'process_id': 8344, 'title': 'WinWatt gólya - C:\\Users\\Admin\\Documents\\GitHub\\autowinwatt\\winwatt_automation\\data\\runtime_maps\\full_authorized_sandbox\\adaptive_anyagok_efficient_v4_20260831', 'class_name': 'TMainForm', 'control_type': 'Window'} last_validation_age_s=1.0940000000409782 diagnostic_fast_mode=False
2026-08-31 15:10:15.326 | DEBUG    | winwatt_automation.live_ui.app_connector:get_cached_main_window:566 - DBG_PHASE_TIMING phase=get_cached_main_window elapsed_ms=16.000 reason_code=cache_reused_without_validation
2026-08-31 15:10:15.471 | DEBUG    | winwatt_automation.live_ui.app_connector:get_cached_main_window:565 - DBG_WINWATT_CACHE_GET reason_code=cache_reused_without_validation payload={'wrapper_type': 'UIAWrapper', 'handle': 77334578, 'process_id': 8344, 'title': 'WinWatt gólya - C:\\Users\\Admin\\Documents\\GitHub\\autowinwatt\\winwatt_automation\\data\\runtime_maps\\full_authorized_sandbox\\adaptive_anyagok_efficient_v4_20260831', 'class_name': 'TMainForm', 'control_type': 'Window'} last_validation_age_s=1.25 diagnostic_fast_mode=False
2026-08-31 15:10:15.471 | DEBUG    | winwatt_automation.live_ui.app_connector:get_cached_main_window:566 - DBG_PHASE_TIMING phase=get_cached_main_window elapsed_ms=0.000 reason_code=cache_reused_without_validation
2026-08-31 15:10:15.471 | DEBUG    | winwatt_automation.live_ui.app_connector:get_cached_main_window:565 - DBG_WINWATT_CACHE_GET reason_code=cache_reused_without_validation payload={'wrapper_type': 'UIAWrapper', 'handle': 77334578, 'process_id': 8344, 'title': 'WinWatt gólya - C:\\Users\\Admin\\Documents\\GitHub\\autowinwatt\\winwatt_automation\\data\\runtime_maps\\full_authorized_sandbox\\adaptive_anyagok_efficient_v4_20260831', 'class_name': 'TMainForm', 'control_type': 'Window'} last_validation_age_s=1.25 diagnostic_fast_mode=False
2026-08-31 15:10:15.471 | DEBUG    | winwatt_automation.live_ui.app_connector:get_cached_main_window:566 - DBG_PHASE_TIMING phase=get_cached_main_window elapsed_ms=0.000 reason_code=cache_reused_without_validation
2026-08-31 15:10:15.962 | INFO     | winwatt_automation.live_ui.menu_helpers:_menu_items:1101 - DBG_MENU_ITEMS_SUMMARY total_items=7 visible_items=7 topbar_band=(0, 0, 392, 53) topbar_band_visible_count=7 popup_region_visible_count=0 force_refresh=True handle=77334578
2026-08-31 15:10:15.978 | DEBUG    | winwatt_automation.live_ui.menu_helpers:_menu_items:1111 - Discovered 7 MenuItem controls
2026-08-31 15:10:15.978 | DEBUG    | winwatt_automation.live_ui.menu_helpers:_log_phase_timing:83 - DBG_PHASE_TIMING phase=_menu_items elapsed_ms=500.000 force_refresh=True total_items=7 visible_items=7
2026-08-31 15:10:16.037 | INFO     | winwatt_automation.live_ui.menu_helpers:list_top_menu_items:1141 - Top-level menu items (raw): ['Rendszer', 'Fájl', 'Jegyzékek', 'Eszközök', 'Beállítások', 'Ablak', 'Súgó']
2026-08-31 15:10:16.044 | DEBUG    | winwatt_automation.live_ui.menu_helpers:_log_phase_timing:83 - DBG_PHASE_TIMING phase=list_top_menu_items elapsed_ms=579.000 count=7
2026-08-31 15:10:16.550 | DEBUG    | winwatt_automation.live_ui.app_connector:get_cached_main_window:565 - DBG_WINWATT_CACHE_GET reason_code=cache_reused_without_validation payload={'wrapper_type': 'UIAWrapper', 'handle': 77334578, 'process_id': 8344, 'title': 'WinWatt gólya - C:\\Users\\Admin\\Documents\\GitHub\\autowinwatt\\winwatt_automation\\data\\runtime_maps\\full_authorized_sandbox\\adaptive_anyagok_efficient_v4_20260831', 'class_name': 'TMainForm', 'control_type': 'Window'} last_validation_age_s=2.3290000000270084 diagnostic_fast_mode=False
2026-08-31 15:10:16.550 | DEBUG    | winwatt_automation.live_ui.app_connector:get_cached_main_window:566 - DBG_PHASE_TIMING phase=get_cached_main_window elapsed_ms=0.000 reason_code=cache_reused_without_validation
2026-08-31 15:10:16.760 | DEBUG    | winwatt_automation.live_ui.app_connector:get_cached_main_window:565 - DBG_WINWATT_CACHE_GET reason_code=cache_reused_without_validation payload={'wrapper_type': 'UIAWrapper', 'handle': 77334578, 'process_id': 8344, 'title': 'WinWatt gólya - C:\\Users\\Admin\\Documents\\GitHub\\autowinwatt\\winwatt_automation\\data\\runtime_maps\\full_authorized_sandbox\\adaptive_anyagok_efficient_v4_20260831', 'class_name': 'TMainForm', 'control_type': 'Window'} last_validation_age_s=2.5320000000065193 diagnostic_fast_mode=False
2026-08-31 15:10:16.760 | DEBUG    | winwatt_automation.live_ui.app_connector:get_cached_main_window:566 - DBG_PHASE_TIMING phase=get_cached_main_window elapsed_ms=0.000 reason_code=cache_reused_without_validation
2026-08-31 15:10:16.760 | DEBUG    | winwatt_automation.live_ui.app_connector:get_cached_main_window:565 - DBG_WINWATT_CACHE_GET reason_code=cache_reused_without_validation payload={'wrapper_type': 'UIAWrapper', 'handle': 77334578, 'process_id': 8344, 'title': 'WinWatt gólya - C:\\Users\\Admin\\Documents\\GitHub\\autowinwatt\\winwatt_automation\\data\\runtime_maps\\full_authorized_sandbox\\adaptive_anyagok_efficient_v4_20260831', 'class_name': 'TMainForm', 'control_type': 'Window'} last_validation_age_s=2.5320000000065193 diagnostic_fast_mode=False
2026-08-31 15:10:16.760 | DEBUG    | winwatt_automation.live_ui.app_connector:get_cached_main_window:566 - DBG_PHASE_TIMING phase=get_cached_main_window elapsed_ms=0.000 reason_code=cache_reused_without_validation
2026-08-31 15:10:17.297 | INFO     | winwatt_automation.live_ui.menu_helpers:_menu_items:1101 - DBG_MENU_ITEMS_SUMMARY total_items=7 visible_items=7 topbar_band=(0, 0, 392, 53) topbar_band_visible_count=7 popup_region_visible_count=0 force_refresh=True handle=77334578
2026-08-31 15:10:17.297 | DEBUG    | winwatt_automation.live_ui.menu_helpers:_menu_items:1111 - Discovered 7 MenuItem controls
2026-08-31 15:10:17.297 | DEBUG    | winwatt_automation.live_ui.menu_helpers:_log_phase_timing:83 - DBG_PHASE_TIMING phase=_menu_items elapsed_ms=547.000 force_refresh=True total_items=7 visible_items=7
2026-08-31 15:10:17.376 | INFO     | winwatt_automation.live_ui.menu_helpers:list_top_menu_items:1141 - Top-level menu items (raw): ['Rendszer', 'Fájl', 'Jegyzékek', 'Eszközök', 'Beállítások', 'Ablak', 'Súgó']
2026-08-31 15:10:17.376 | DEBUG    | winwatt_automation.live_ui.menu_helpers:_log_phase_timing:83 - DBG_PHASE_TIMING phase=list_top_menu_items elapsed_ms=625.000 count=7
2026-08-31 15:10:17.895 | DEBUG    | winwatt_automation.live_ui.app_connector:get_cached_main_window:565 - DBG_WINWATT_CACHE_GET reason_code=cache_reused_without_validation payload={'wrapper_type': 'UIAWrapper', 'handle': 77334578, 'process_id': 8344, 'title': 'WinWatt gólya - C:\\Users\\Admin\\Documents\\GitHub\\autowinwatt\\winwatt_automation\\data\\runtime_maps\\full_authorized_sandbox\\adaptive_anyagok_efficient_v4_20260831', 'class_name': 'TMainForm', 'control_type': 'Window'} last_validation_age_s=3.672000000020489 diagnostic_fast_mode=False
2026-08-31 15:10:17.895 | DEBUG    | winwatt_automation.live_ui.app_connector:get_cached_main_window:566 - DBG_PHASE_TIMING phase=get_cached_main_window elapsed_ms=0.000 reason_code=cache_reused_without_validation
2026-08-31 15:10:24.996 | INFO     | winwatt_automation.live_ui.app_connector:is_winwatt_foreground_context:1161 - DBG_WINWATT_FOREGROUND_CONTEXT expected_handle=77334578 expected_process_id=8344 expected_title=WinWatt gólya - C:\Users\Admin\Documents\GitHub\autowinwatt\winwatt_automation\data\runtime_maps\full_authorized_sandbox\adaptive_anyagok_efficient_v4_20260831 expected_class_name=TMainForm actual_foreground_handle=65014798 actual_foreground_process_id=8344 actual_foreground_title=Anyagok - Auto material probe actual_foreground_class_name=TMaterialModifyForm allow_dialog=True result_reason=pid_match_allow_dialog
2026-08-31 15:10:24.996 | INFO     | winwatt_automation.live_ui.app_connector:_cached_window_health_status:489 - DBG_WINWATT_CACHE_HEALTH reason_code=healthy payload={'wrapper_type': 'UIAWrapper', 'handle': 77334578, 'process_id': 8344, 'title': 'WinWatt gólya - C:\\Users\\Admin\\Documents\\GitHub\\autowinwatt\\winwatt_automation\\data\\runtime_maps\\full_authorized_sandbox\\adaptive_anyagok_efficient_v4_20260831', 'class_name': 'TMainForm', 'control_type': 'Window'}
2026-08-31 15:10:24.996 | DEBUG    | winwatt_automation.live_ui.app_connector:get_cached_main_window:574 - DBG_WINWATT_CACHE_GET reason_code=cache_validated_ok payload={'wrapper_type': 'UIAWrapper', 'handle': 77334578, 'process_id': 8344, 'title': 'WinWatt gólya - C:\\Users\\Admin\\Documents\\GitHub\\autowinwatt\\winwatt_automation\\data\\runtime_maps\\full_authorized_sandbox\\adaptive_anyagok_efficient_v4_20260831', 'class_name': 'TMainForm', 'control_type': 'Window'} last_validation_age_s=10.766000000061467 diagnostic_fast_mode=False
2026-08-31 15:10:24.996 | DEBUG    | winwatt_automation.live_ui.app_connector:get_cached_main_window:575 - DBG_PHASE_TIMING phase=get_cached_main_window elapsed_ms=0.000 reason_code=cache_validated_ok
2026-08-31 15:10:26.675 | INFO     | winwatt_automation.live_ui.app_connector:get_cached_main_window:597 - DBG_WINWATT_CACHE_GET reason_code=cache_missing_resolving_fresh diagnostic_fast_mode=False
2026-08-31 15:10:26.972 | DEBUG    | winwatt_automation.live_ui.app_connector:list_candidate_windows:180 - Discovered 0 WinWatt-like windows on backend=win32
2026-08-31 15:10:26.972 | INFO     | winwatt_automation.live_ui.app_connector:_connect_with_win32_handle:276 - DBG_WINWATT_CONNECT_WIN32_CANDIDATES locator=backend=win32 ranked_candidates=[] 
2026-08-31 15:10:26.972 | WARNING  | winwatt_automation.runtime_mapping.program_mapper:_safe_capture_snapshot:191 - snapshot_capture_failed state_id=startup_after_relaunch error=No WinWatt-like windows were found
2026-08-31 15:10:27.482 | INFO     | winwatt_automation.live_ui.app_connector:get_cached_main_window:597 - DBG_WINWATT_CACHE_GET reason_code=cache_missing_resolving_fresh diagnostic_fast_mode=False
2026-08-31 15:10:30.157 | DEBUG    | winwatt_automation.live_ui.app_connector:list_candidate_windows:180 - Discovered 0 WinWatt-like windows on backend=win32
2026-08-31 15:10:30.157 | INFO     | winwatt_automation.live_ui.app_connector:_connect_with_win32_handle:276 - DBG_WINWATT_CONNECT_WIN32_CANDIDATES locator=backend=win32 ranked_candidates=[] 
2026-08-31 15:10:30.157 | WARNING  | winwatt_automation.runtime_mapping.program_mapper:_safe_capture_snapshot:191 - snapshot_capture_failed state_id=startup_after_relaunch error=No WinWatt-like windows were found
2026-08-31 15:10:30.669 | INFO     | winwatt_automation.live_ui.app_connector:get_cached_main_window:597 - DBG_WINWATT_CACHE_GET reason_code=cache_missing_resolving_fresh diagnostic_fast_mode=False
2026-08-31 15:10:31.856 | DEBUG    | winwatt_automation.live_ui.app_connector:list_candidate_windows:180 - Discovered 0 WinWatt-like windows on backend=win32
2026-08-31 15:10:31.858 | INFO     | winwatt_automation.live_ui.app_connector:_connect_with_win32_handle:276 - DBG_WINWATT_CONNECT_WIN32_CANDIDATES locator=backend=win32 ranked_candidates=[] 
2026-08-31 15:10:31.858 | WARNING  | winwatt_automation.runtime_mapping.program_mapper:_safe_capture_snapshot:191 - snapshot_capture_failed state_id=startup_after_relaunch error=No WinWatt-like windows were found
2026-08-31 15:10:32.360 | INFO     | winwatt_automation.live_ui.app_connector:get_cached_main_window:597 - DBG_WINWATT_CACHE_GET reason_code=cache_missing_resolving_fresh diagnostic_fast_mode=False
2026-08-31 15:10:32.462 | DEBUG    | winwatt_automation.live_ui.app_connector:list_candidate_windows:180 - Discovered 0 WinWatt-like windows on backend=win32
2026-08-31 15:10:32.471 | INFO     | winwatt_automation.live_ui.app_connector:_connect_with_win32_handle:276 - DBG_WINWATT_CONNECT_WIN32_CANDIDATES locator=backend=win32 ranked_candidates=[] 
2026-08-31 15:10:32.472 | WARNING  | winwatt_automation.runtime_mapping.program_mapper:_safe_capture_snapshot:191 - snapshot_capture_failed state_id=startup_after_relaunch error=No WinWatt-like windows were found
2026-08-31 15:10:32.974 | INFO     | winwatt_automation.live_ui.app_connector:get_cached_main_window:597 - DBG_WINWATT_CACHE_GET reason_code=cache_missing_resolving_fresh diagnostic_fast_mode=False
2026-08-31 15:10:33.059 | DEBUG    | winwatt_automation.live_ui.app_connector:list_candidate_windows:180 - Discovered 0 WinWatt-like windows on backend=win32
2026-08-31 15:10:33.063 | INFO     | winwatt_automation.live_ui.app_connector:_connect_with_win32_handle:276 - DBG_WINWATT_CONNECT_WIN32_CANDIDATES locator=backend=win32 ranked_candidates=[] 
2026-08-31 15:10:33.063 | WARNING  | winwatt_automation.runtime_mapping.program_mapper:_safe_capture_snapshot:191 - snapshot_capture_failed state_id=startup_after_relaunch error=No WinWatt-like windows were found
2026-08-31 15:10:33.565 | INFO     | winwatt_automation.live_ui.app_connector:get_cached_main_window:597 - DBG_WINWATT_CACHE_GET reason_code=cache_missing_resolving_fresh diagnostic_fast_mode=False
2026-08-31 15:10:33.657 | DEBUG    | winwatt_automation.live_ui.app_connector:list_candidate_windows:180 - Discovered 0 WinWatt-like windows on backend=win32
2026-08-31 15:10:33.664 | INFO     | winwatt_automation.live_ui.app_connector:_connect_with_win32_handle:276 - DBG_WINWATT_CONNECT_WIN32_CANDIDATES locator=backend=win32 ranked_candidates=[] 
2026-08-31 15:10:33.664 | WARNING  | winwatt_automation.runtime_mapping.program_mapper:_safe_capture_snapshot:191 - snapshot_capture_failed state_id=startup_after_relaunch error=No WinWatt-like windows were found
2026-08-31 15:10:34.166 | INFO     | winwatt_automation.live_ui.app_connector:get_cached_main_window:597 - DBG_WINWATT_CACHE_GET reason_code=cache_missing_resolving_fresh diagnostic_fast_mode=False
2026-08-31 15:10:34.288 | DEBUG    | winwatt_automation.live_ui.app_connector:list_candidate_windows:180 - Discovered 0 WinWatt-like windows on backend=win32
2026-08-31 15:10:34.288 | INFO     | winwatt_automation.live_ui.app_connector:_connect_with_win32_handle:276 - DBG_WINWATT_CONNECT_WIN32_CANDIDATES locator=backend=win32 ranked_candidates=[] 
2026-08-31 15:10:34.288 | WARNING  | winwatt_automation.runtime_mapping.program_mapper:_safe_capture_snapshot:191 - snapshot_capture_failed state_id=startup_after_relaunch error=No WinWatt-like windows were found
2026-08-31 15:10:34.798 | INFO     | winwatt_automation.live_ui.app_connector:get_cached_main_window:597 - DBG_WINWATT_CACHE_GET reason_code=cache_missing_resolving_fresh diagnostic_fast_mode=False
2026-08-31 15:10:34.879 | DEBUG    | winwatt_automation.live_ui.app_connector:list_candidate_windows:180 - Discovered 0 WinWatt-like windows on backend=win32
2026-08-31 15:10:34.879 | INFO     | winwatt_automation.live_ui.app_connector:_connect_with_win32_handle:276 - DBG_WINWATT_CONNECT_WIN32_CANDIDATES locator=backend=win32 ranked_candidates=[] 
2026-08-31 15:10:34.879 | WARNING  | winwatt_automation.runtime_mapping.program_mapper:_safe_capture_snapshot:191 - snapshot_capture_failed state_id=startup_after_relaunch error=No WinWatt-like windows were found
2026-08-31 15:10:35.384 | INFO     | winwatt_automation.live_ui.app_connector:get_cached_main_window:597 - DBG_WINWATT_CACHE_GET reason_code=cache_missing_resolving_fresh diagnostic_fast_mode=False
2026-08-31 15:10:35.524 | DEBUG    | winwatt_automation.live_ui.app_connector:list_candidate_windows:180 - Discovered 0 WinWatt-like windows on backend=win32
2026-08-31 15:10:35.524 | INFO     | winwatt_automation.live_ui.app_connector:_connect_with_win32_handle:276 - DBG_WINWATT_CONNECT_WIN32_CANDIDATES locator=backend=win32 ranked_candidates=[] 
2026-08-31 15:10:35.524 | WARNING  | winwatt_automation.runtime_mapping.program_mapper:_safe_capture_snapshot:191 - snapshot_capture_failed state_id=startup_after_relaunch error=No WinWatt-like windows were found
2026-08-31 15:10:36.032 | INFO     | winwatt_automation.live_ui.app_connector:get_cached_main_window:597 - DBG_WINWATT_CACHE_GET reason_code=cache_missing_resolving_fresh diagnostic_fast_mode=False
2026-08-31 15:10:36.161 | DEBUG    | winwatt_automation.live_ui.app_connector:list_candidate_windows:180 - Discovered 0 WinWatt-like windows on backend=win32
2026-08-31 15:10:36.161 | INFO     | winwatt_automation.live_ui.app_connector:_connect_with_win32_handle:276 - DBG_WINWATT_CONNECT_WIN32_CANDIDATES locator=backend=win32 ranked_candidates=[] 
2026-08-31 15:10:36.161 | WARNING  | winwatt_automation.runtime_mapping.program_mapper:_safe_capture_snapshot:191 - snapshot_capture_failed state_id=startup_after_relaunch error=No WinWatt-like windows were found
2026-08-31 15:10:36.665 | INFO     | winwatt_automation.live_ui.app_connector:get_cached_main_window:597 - DBG_WINWATT_CACHE_GET reason_code=cache_missing_resolving_fresh diagnostic_fast_mode=False
2026-08-31 15:10:36.808 | DEBUG    | winwatt_automation.live_ui.app_connector:list_candidate_windows:180 - Discovered 0 WinWatt-like windows on backend=win32
2026-08-31 15:10:36.808 | INFO     | winwatt_automation.live_ui.app_connector:_connect_with_win32_handle:276 - DBG_WINWATT_CONNECT_WIN32_CANDIDATES locator=backend=win32 ranked_candidates=[] 
2026-08-31 15:10:36.808 | WARNING  | winwatt_automation.runtime_mapping.program_mapper:_safe_capture_snapshot:191 - snapshot_capture_failed state_id=startup_after_relaunch error=No WinWatt-like windows were found
2026-08-31 15:10:37.314 | INFO     | winwatt_automation.live_ui.app_connector:get_cached_main_window:597 - DBG_WINWATT_CACHE_GET reason_code=cache_missing_resolving_fresh diagnostic_fast_mode=False
2026-08-31 15:10:37.405 | DEBUG    | winwatt_automation.live_ui.app_connector:list_candidate_windows:180 - Discovered 0 WinWatt-like windows on backend=win32
2026-08-31 15:10:37.405 | INFO     | winwatt_automation.live_ui.app_connector:_connect_with_win32_handle:276 - DBG_WINWATT_CONNECT_WIN32_CANDIDATES locator=backend=win32 ranked_candidates=[] 
2026-08-31 15:10:37.405 | WARNING  | winwatt_automation.runtime_mapping.program_mapper:_safe_capture_snapshot:191 - snapshot_capture_failed state_id=startup_after_relaunch error=No WinWatt-like windows were found
2026-08-31 15:10:37.919 | INFO     | winwatt_automation.live_ui.app_connector:get_cached_main_window:597 - DBG_WINWATT_CACHE_GET reason_code=cache_missing_resolving_fresh diagnostic_fast_mode=False
2026-08-31 15:10:37.990 | DEBUG    | winwatt_automation.live_ui.app_connector:list_candidate_windows:180 - Discovered 0 WinWatt-like windows on backend=win32
2026-08-31 15:10:38.005 | INFO     | winwatt_automation.live_ui.app_connector:_connect_with_win32_handle:276 - DBG_WINWATT_CONNECT_WIN32_CANDIDATES locator=backend=win32 ranked_candidates=[] 
2026-08-31 15:10:38.007 | WARNING  | winwatt_automation.runtime_mapping.program_mapper:_safe_capture_snapshot:191 - snapshot_capture_failed state_id=startup_after_relaunch error=No WinWatt-like windows were found
2026-08-31 15:10:38.508 | INFO     | winwatt_automation.live_ui.app_connector:get_cached_main_window:597 - DBG_WINWATT_CACHE_GET reason_code=cache_missing_resolving_fresh diagnostic_fast_mode=False
2026-08-31 15:10:38.588 | DEBUG    | winwatt_automation.live_ui.app_connector:list_candidate_windows:180 - Discovered 0 WinWatt-like windows on backend=win32
2026-08-31 15:10:38.588 | INFO     | winwatt_automation.live_ui.app_connector:_connect_with_win32_handle:276 - DBG_WINWATT_CONNECT_WIN32_CANDIDATES locator=backend=win32 ranked_candidates=[] 
2026-08-31 15:10:38.588 | WARNING  | winwatt_automation.runtime_mapping.program_mapper:_safe_capture_snapshot:191 - snapshot_capture_failed state_id=startup_after_relaunch error=No WinWatt-like windows were found
2026-08-31 15:10:39.096 | INFO     | winwatt_automation.live_ui.app_connector:get_cached_main_window:597 - DBG_WINWATT_CACHE_GET reason_code=cache_missing_resolving_fresh diagnostic_fast_mode=False
2026-08-31 15:10:39.214 | DEBUG    | winwatt_automation.live_ui.app_connector:list_candidate_windows:180 - Discovered 1 WinWatt-like windows on backend=win32
2026-08-31 15:10:39.220 | DEBUG    | winwatt_automation.live_ui.app_connector:list_candidate_windows:182 - Candidate[win32]: {'title': 'WinWatt gólya - C:\\Users\\Admin\\Documents\\GitHub\\autowinwatt\\winwatt_automation\\data\\runtime_maps\\full_authorized_sandbox\\adaptive_anyagok_efficient_v4_20260831', 'window_text': 'WinWatt gólya - C:\\Users\\Admin\\Documents\\GitHub\\autowinwatt\\winwatt_automation\\data\\runtime_maps\\full_authorized_sandbox\\adaptive_anyagok_efficient_v4_20260831', 'class_name': 'TMainForm', 'control_type': None, 'process_id': 13316, 'handle': None, 'is_visible': True, 'is_enabled': True, 'rectangle': {'left': -10, 'top': -10, 'right': 1930, 'bottom': 1030, 'width': 1940, 'height': 1040}, 'size': {'width': 1940, 'height': 1040}}
2026-08-31 15:10:39.220 | INFO     | winwatt_automation.live_ui.app_connector:_connect_with_win32_handle:276 - DBG_WINWATT_CONNECT_WIN32_CANDIDATES locator=backend=win32 ranked_candidates=[{'rank': 1, 'score': (1, 1, 1, 1, 2017600), 'process_id': 13316, 'handle': None, 'class_name': 'TMainForm', 'title': 'WinWatt gólya - C:\\Users\\Admin\\Documents\\GitHub\\autowinwatt\\winwatt_automation\\data\\runtime_maps\\full_authorized_sandbox\\adaptive_anyagok_efficient_v4_20260831', 'visible': True, 'enabled': True}] 
2026-08-31 15:10:39.222 | INFO     | winwatt_automation.live_ui.app_connector:select_main_window:224 - Candidate ranking score=(1, 1, 1, 1, 2017600) data={'title': 'WinWatt gólya - C:\\Users\\Admin\\Documents\\GitHub\\autowinwatt\\winwatt_automation\\data\\runtime_maps\\full_authorized_sandbox\\adaptive_anyagok_efficient_v4_20260831', 'window_text': 'WinWatt gólya - C:\\Users\\Admin\\Documents\\GitHub\\autowinwatt\\winwatt_automation\\data\\runtime_maps\\full_authorized_sandbox\\adaptive_anyagok_efficient_v4_20260831', 'class_name': 'TMainForm', 'control_type': None, 'process_id': 13316, 'handle': None, 'is_visible': True, 'is_enabled': True, 'rectangle': {'left': -10, 'top': -10, 'right': 1930, 'bottom': 1030, 'width': 1940, 'height': 1040}, 'size': {'width': 1940, 'height': 1040}}
2026-08-31 15:10:39.224 | INFO     | winwatt_automation.live_ui.app_connector:select_main_window:234 - Selected main window process_id=13316 handle=None score=(1, 1, 1, 1, 2017600) reasons=['has_process_id=True', 'has_handle=False', 'visible=True', 'enabled=True', 'title_has_winwatt=True', 'area=2017600']
2026-08-31 15:10:39.226 | INFO     | winwatt_automation.live_ui.app_connector:_connect_with_win32_handle:293 - DBG_WINWATT_CONNECT_WIN32_SELECTED selected_payload={'title': 'WinWatt gólya - C:\\Users\\Admin\\Documents\\GitHub\\autowinwatt\\winwatt_automation\\data\\runtime_maps\\full_authorized_sandbox\\adaptive_anyagok_efficient_v4_20260831', 'window_text': 'WinWatt gólya - C:\\Users\\Admin\\Documents\\GitHub\\autowinwatt\\winwatt_automation\\data\\runtime_maps\\full_authorized_sandbox\\adaptive_anyagok_efficient_v4_20260831', 'class_name': 'TMainForm', 'control_type': None, 'process_id': 13316, 'handle': None, 'is_visible': True, 'is_enabled': True, 'rectangle': {'left': -10, 'top': -10, 'right': 1930, 'bottom': 1030, 'width': 1940, 'height': 1040}, 'size': {'width': 1940, 'height': 1040}} selected_handle_is_none=True
2026-08-31 15:10:39.230 | INFO     | winwatt_automation.live_ui.app_connector:_connect_with_win32_handle:336 - Connected to WinWatt backend=win32 attach_mode=process candidate={'process_id': 13316, 'handle': None, 'class_name': 'TMainForm', 'title': 'WinWatt gólya - C:\\Users\\Admin\\Documents\\GitHub\\autowinwatt\\winwatt_automation\\data\\runtime_maps\\full_authorized_sandbox\\adaptive_anyagok_efficient_v4_20260831'}
2026-08-31 15:10:39.244 | INFO     | winwatt_automation.live_ui.app_connector:_connect_with_win32_handle:350 - DBG_WINWATT_CONNECT_WIN32_RESOLVED process_id=13316 resolved_handle=None selected_payload={'title': 'WinWatt gólya - C:\\Users\\Admin\\Documents\\GitHub\\autowinwatt\\winwatt_automation\\data\\runtime_maps\\full_authorized_sandbox\\adaptive_anyagok_efficient_v4_20260831', 'window_text': 'WinWatt gólya - C:\\Users\\Admin\\Documents\\GitHub\\autowinwatt\\winwatt_automation\\data\\runtime_maps\\full_authorized_sandbox\\adaptive_anyagok_efficient_v4_20260831', 'class_name': 'TMainForm', 'control_type': None, 'process_id': 13316, 'handle': None, 'is_visible': True, 'is_enabled': True, 'rectangle': {'left': -10, 'top': -10, 'right': 1930, 'bottom': 1030, 'width': 1940, 'height': 1040}, 'size': {'width': 1940, 'height': 1040}}
2026-08-31 15:10:39.244 | INFO     | winwatt_automation.live_ui.app_connector:_resolve_uia_main_window:382 - DBG_WINWATT_RESOLVE_UIA_WIN32_SELECTED selected_payload={'title': 'WinWatt gólya - C:\\Users\\Admin\\Documents\\GitHub\\autowinwatt\\winwatt_automation\\data\\runtime_maps\\full_authorized_sandbox\\adaptive_anyagok_efficient_v4_20260831', 'window_text': 'WinWatt gólya - C:\\Users\\Admin\\Documents\\GitHub\\autowinwatt\\winwatt_automation\\data\\runtime_maps\\full_authorized_sandbox\\adaptive_anyagok_efficient_v4_20260831', 'class_name': 'TMainForm', 'control_type': None, 'process_id': 13316, 'handle': None, 'is_visible': True, 'is_enabled': True, 'rectangle': {'left': -10, 'top': -10, 'right': 1930, 'bottom': 1030, 'width': 1940, 'height': 1040}, 'size': {'width': 1940, 'height': 1040}}
2026-08-31 15:10:39.246 | INFO     | winwatt_automation.live_ui.app_connector:_resolve_uia_main_window:388 - Connected to WinWatt backend=uia process_id=13316
2026-08-31 15:10:39.246 | INFO     | winwatt_automation.live_ui.app_connector:_resolve_uia_main_window:390 - Resolving main WinWatt window backend=uia class_name=TMainForm title_re=.*WinWatt.*
2026-08-31 15:10:39.876 | INFO     | winwatt_automation.live_ui.app_connector:_resolve_uia_main_window:400 - DBG_WINWATT_RESOLVE_UIA_PRIMARY selected_payload={'title': 'WinWatt gólya - C:\\Users\\Admin\\Documents\\GitHub\\autowinwatt\\winwatt_automation\\data\\runtime_maps\\full_authorized_sandbox\\adaptive_anyagok_efficient_v4_20260831', 'window_text': 'WinWatt gólya - C:\\Users\\Admin\\Documents\\GitHub\\autowinwatt\\winwatt_automation\\data\\runtime_maps\\full_authorized_sandbox\\adaptive_anyagok_efficient_v4_20260831', 'class_name': 'TMainForm', 'control_type': None, 'process_id': 13316, 'handle': None, 'is_visible': True, 'is_enabled': True, 'rectangle': {'left': -10, 'top': -10, 'right': 1930, 'bottom': 1030, 'width': 1940, 'height': 1040}, 'size': {'width': 1940, 'height': 1040}} primary_result={'wrapper_type': 'UIAWrapper', 'handle': 121440266, 'process_id': 13316, 'title': 'WinWatt gólya - C:\\Users\\Admin\\Documents\\GitHub\\autowinwatt\\winwatt_automation\\data\\runtime_maps\\full_authorized_sandbox\\adaptive_anyagok_efficient_v4_20260831', 'class_name': 'TMainForm', 'control_type': 'Window'} identity_match_with_win32=None
2026-08-31 15:10:39.876 | DEBUG    | winwatt_automation.live_ui.app_connector:get_cached_main_window:606 - DBG_PHASE_TIMING phase=get_cached_main_window elapsed_ms=782.000 reason_code=fresh_resolve
2026-08-31 15:10:40.120 | DEBUG    | winwatt_automation.live_ui.app_connector:get_cached_main_window:565 - DBG_WINWATT_CACHE_GET reason_code=cache_reused_without_validation payload={'wrapper_type': 'UIAWrapper', 'handle': 121440266, 'process_id': 13316, 'title': 'WinWatt gólya - C:\\Users\\Admin\\Documents\\GitHub\\autowinwatt\\winwatt_automation\\data\\runtime_maps\\full_authorized_sandbox\\adaptive_anyagok_efficient_v4_20260831', 'class_name': 'TMainForm', 'control_type': 'Window'} last_validation_age_s=0.21799999999348074 diagnostic_fast_mode=False
2026-08-31 15:10:40.122 | DEBUG    | winwatt_automation.live_ui.app_connector:get_cached_main_window:566 - DBG_PHASE_TIMING phase=get_cached_main_window elapsed_ms=32.000 reason_code=cache_reused_without_validation
2026-08-31 15:10:40.122 | DEBUG    | winwatt_automation.live_ui.app_connector:get_cached_main_window:565 - DBG_WINWATT_CACHE_GET reason_code=cache_reused_without_validation payload={'wrapper_type': 'UIAWrapper', 'handle': 121440266, 'process_id': 13316, 'title': 'WinWatt gólya - C:\\Users\\Admin\\Documents\\GitHub\\autowinwatt\\winwatt_automation\\data\\runtime_maps\\full_authorized_sandbox\\adaptive_anyagok_efficient_v4_20260831', 'class_name': 'TMainForm', 'control_type': 'Window'} last_validation_age_s=0.25 diagnostic_fast_mode=False
2026-08-31 15:10:40.122 | DEBUG    | winwatt_automation.live_ui.app_connector:get_cached_main_window:566 - DBG_PHASE_TIMING phase=get_cached_main_window elapsed_ms=0.000 reason_code=cache_reused_without_validation
2026-08-31 15:10:40.930 | INFO     | winwatt_automation.live_ui.menu_helpers:_menu_items:1101 - DBG_MENU_ITEMS_SUMMARY total_items=7 visible_items=7 topbar_band=(0, 0, 392, 53) topbar_band_visible_count=7 popup_region_visible_count=0 force_refresh=True handle=121440266
2026-08-31 15:10:40.934 | DEBUG    | winwatt_automation.live_ui.menu_helpers:_menu_items:1111 - Discovered 7 MenuItem controls
2026-08-31 15:10:40.934 | DEBUG    | winwatt_automation.live_ui.menu_helpers:_log_phase_timing:83 - DBG_PHASE_TIMING phase=_menu_items elapsed_ms=829.000 force_refresh=True total_items=7 visible_items=7
2026-08-31 15:10:41.005 | INFO     | winwatt_automation.live_ui.menu_helpers:list_top_menu_items:1141 - Top-level menu items (raw): ['Rendszer', 'Fájl', 'Jegyzékek', 'Eszközök', 'Beállítások', 'Ablak', 'Súgó']
2026-08-31 15:10:41.005 | DEBUG    | winwatt_automation.live_ui.menu_helpers:_log_phase_timing:83 - DBG_PHASE_TIMING phase=list_top_menu_items elapsed_ms=907.000 count=7
2026-08-31 15:10:41.514 | DEBUG    | winwatt_automation.live_ui.app_connector:get_cached_main_window:565 - DBG_WINWATT_CACHE_GET reason_code=cache_reused_without_validation payload={'wrapper_type': 'UIAWrapper', 'handle': 121440266, 'process_id': 13316, 'title': 'WinWatt gólya - C:\\Users\\Admin\\Documents\\GitHub\\autowinwatt\\winwatt_automation\\data\\runtime_maps\\full_authorized_sandbox\\adaptive_anyagok_efficient_v4_20260831', 'class_name': 'TMainForm', 'control_type': 'Window'} last_validation_age_s=1.6400000000139698 diagnostic_fast_mode=False
2026-08-31 15:10:41.514 | DEBUG    | winwatt_automation.live_ui.app_connector:get_cached_main_window:566 - DBG_PHASE_TIMING phase=get_cached_main_window elapsed_ms=0.000 reason_code=cache_reused_without_validation
2026-08-31 15:10:41.670 | DEBUG    | winwatt_automation.live_ui.app_connector:get_cached_main_window:565 - DBG_WINWATT_CACHE_GET reason_code=cache_reused_without_validation payload={'wrapper_type': 'UIAWrapper', 'handle': 121440266, 'process_id': 13316, 'title': 'WinWatt gólya - C:\\Users\\Admin\\Documents\\GitHub\\autowinwatt\\winwatt_automation\\data\\runtime_maps\\full_authorized_sandbox\\adaptive_anyagok_efficient_v4_20260831', 'class_name': 'TMainForm', 'control_type': 'Window'} last_validation_age_s=1.797000000020489 diagnostic_fast_mode=False
2026-08-31 15:10:41.686 | DEBUG    | winwatt_automation.live_ui.app_connector:get_cached_main_window:566 - DBG_PHASE_TIMING phase=get_cached_main_window elapsed_ms=15.000 reason_code=cache_reused_without_validation
2026-08-31 15:10:41.692 | DEBUG    | winwatt_automation.live_ui.app_connector:get_cached_main_window:565 - DBG_WINWATT_CACHE_GET reason_code=cache_reused_without_validation payload={'wrapper_type': 'UIAWrapper', 'handle': 121440266, 'process_id': 13316, 'title': 'WinWatt gólya - C:\\Users\\Admin\\Documents\\GitHub\\autowinwatt\\winwatt_automation\\data\\runtime_maps\\full_authorized_sandbox\\adaptive_anyagok_efficient_v4_20260831', 'class_name': 'TMainForm', 'control_type': 'Window'} last_validation_age_s=1.812000000034459 diagnostic_fast_mode=False
2026-08-31 15:10:41.693 | DEBUG    | winwatt_automation.live_ui.app_connector:get_cached_main_window:566 - DBG_PHASE_TIMING phase=get_cached_main_window elapsed_ms=0.000 reason_code=cache_reused_without_validation
2026-08-31 15:10:42.332 | INFO     | winwatt_automation.live_ui.menu_helpers:_menu_items:1101 - DBG_MENU_ITEMS_SUMMARY total_items=7 visible_items=7 topbar_band=(0, 0, 392, 53) topbar_band_visible_count=7 popup_region_visible_count=0 force_refresh=True handle=121440266
2026-08-31 15:10:42.332 | DEBUG    | winwatt_automation.live_ui.menu_helpers:_menu_items:1111 - Discovered 7 MenuItem controls
2026-08-31 15:10:42.332 | DEBUG    | winwatt_automation.live_ui.menu_helpers:_log_phase_timing:83 - DBG_PHASE_TIMING phase=_menu_items elapsed_ms=656.000 force_refresh=True total_items=7 visible_items=7
2026-08-31 15:10:42.411 | INFO     | winwatt_automation.live_ui.menu_helpers:list_top_menu_items:1141 - Top-level menu items (raw): ['Rendszer', 'Fájl', 'Jegyzékek', 'Eszközök', 'Beállítások', 'Ablak', 'Súgó']
2026-08-31 15:10:42.411 | DEBUG    | winwatt_automation.live_ui.menu_helpers:_log_phase_timing:83 - DBG_PHASE_TIMING phase=list_top_menu_items elapsed_ms=734.000 count=7
2026-08-31 15:10:42.927 | DEBUG    | winwatt_automation.live_ui.app_connector:get_cached_main_window:565 - DBG_WINWATT_CACHE_GET reason_code=cache_reused_without_validation payload={'wrapper_type': 'UIAWrapper', 'handle': 121440266, 'process_id': 13316, 'title': 'WinWatt gólya - C:\\Users\\Admin\\Documents\\GitHub\\autowinwatt\\winwatt_automation\\data\\runtime_maps\\full_authorized_sandbox\\adaptive_anyagok_efficient_v4_20260831', 'class_name': 'TMainForm', 'control_type': 'Window'} last_validation_age_s=3.047000000020489 diagnostic_fast_mode=False
2026-08-31 15:10:42.928 | DEBUG    | winwatt_automation.live_ui.app_connector:get_cached_main_window:566 - DBG_PHASE_TIMING phase=get_cached_main_window elapsed_ms=0.000 reason_code=cache_reused_without_validation
2026-08-31 15:10:43.099 | DEBUG    | winwatt_automation.live_ui.app_connector:get_cached_main_window:565 - DBG_WINWATT_CACHE_GET reason_code=cache_reused_without_validation payload={'wrapper_type': 'UIAWrapper', 'handle': 121440266, 'process_id': 13316, 'title': 'WinWatt gólya - C:\\Users\\Admin\\Documents\\GitHub\\autowinwatt\\winwatt_automation\\data\\runtime_maps\\full_authorized_sandbox\\adaptive_anyagok_efficient_v4_20260831', 'class_name': 'TMainForm', 'control_type': 'Window'} last_validation_age_s=3.2179999999934807 diagnostic_fast_mode=False
2026-08-31 15:10:43.099 | DEBUG    | winwatt_automation.live_ui.app_connector:get_cached_main_window:566 - DBG_PHASE_TIMING phase=get_cached_main_window elapsed_ms=0.000 reason_code=cache_reused_without_validation
2026-08-31 15:10:43.099 | DEBUG    | winwatt_automation.live_ui.app_connector:get_cached_main_window:565 - DBG_WINWATT_CACHE_GET reason_code=cache_reused_without_validation payload={'wrapper_type': 'UIAWrapper', 'handle': 121440266, 'process_id': 13316, 'title': 'WinWatt gólya - C:\\Users\\Admin\\Documents\\GitHub\\autowinwatt\\winwatt_automation\\data\\runtime_maps\\full_authorized_sandbox\\adaptive_anyagok_efficient_v4_20260831', 'class_name': 'TMainForm', 'control_type': 'Window'} last_validation_age_s=3.2179999999934807 diagnostic_fast_mode=False
2026-08-31 15:10:43.099 | DEBUG    | winwatt_automation.live_ui.app_connector:get_cached_main_window:566 - DBG_PHASE_TIMING phase=get_cached_main_window elapsed_ms=0.000 reason_code=cache_reused_without_validation
2026-08-31 15:10:43.604 | INFO     | winwatt_automation.live_ui.menu_helpers:_menu_items:1101 - DBG_MENU_ITEMS_SUMMARY total_items=7 visible_items=7 topbar_band=(0, 0, 392, 53) topbar_band_visible_count=7 popup_region_visible_count=0 force_refresh=True handle=121440266
2026-08-31 15:10:43.608 | DEBUG    | winwatt_automation.live_ui.menu_helpers:_menu_items:1111 - Discovered 7 MenuItem controls
2026-08-31 15:10:43.608 | DEBUG    | winwatt_automation.live_ui.menu_helpers:_log_phase_timing:83 - DBG_PHASE_TIMING phase=_menu_items elapsed_ms=516.000 force_refresh=True total_items=7 visible_items=7
2026-08-31 15:10:43.670 | INFO     | winwatt_automation.live_ui.menu_helpers:list_top_menu_items:1141 - Top-level menu items (raw): ['Rendszer', 'Fájl', 'Jegyzékek', 'Eszközök', 'Beállítások', 'Ablak', 'Súgó']
2026-08-31 15:10:43.670 | DEBUG    | winwatt_automation.live_ui.menu_helpers:_log_phase_timing:83 - DBG_PHASE_TIMING phase=list_top_menu_items elapsed_ms=579.000 count=7
2026-08-31 15:10:44.184 | INFO     | winwatt_automation.live_ui.app_connector:is_winwatt_foreground_context:1161 - DBG_WINWATT_FOREGROUND_CONTEXT expected_handle=121440266 expected_process_id=13316 expected_title=WinWatt gólya - C:\Users\Admin\Documents\GitHub\autowinwatt\winwatt_automation\data\runtime_maps\full_authorized_sandbox\adaptive_anyagok_efficient_v4_20260831 expected_class_name=TMainForm actual_foreground_handle=121440266 actual_foreground_process_id=13316 actual_foreground_title=WinWatt gólya - C:\Users\Admin\Documents\GitHub\autowinwatt\winwatt_automation\data\runtime_maps\full_authorized_sandbox\adaptive_anyagok_efficient_v4_20260831 actual_foreground_class_name=TMainForm allow_dialog=True result_reason=handle_match
2026-08-31 15:10:44.192 | INFO     | winwatt_automation.live_ui.app_connector:_cached_window_health_status:489 - DBG_WINWATT_CACHE_HEALTH reason_code=healthy payload={'wrapper_type': 'UIAWrapper', 'handle': 121440266, 'process_id': 13316, 'title': 'WinWatt gólya - C:\\Users\\Admin\\Documents\\GitHub\\autowinwatt\\winwatt_automation\\data\\runtime_maps\\full_authorized_sandbox\\adaptive_anyagok_efficient_v4_20260831', 'class_name': 'TMainForm', 'control_type': 'Window'}
2026-08-31 15:10:44.192 | DEBUG    | winwatt_automation.live_ui.app_connector:get_cached_main_window:574 - DBG_WINWATT_CACHE_GET reason_code=cache_validated_ok payload={'wrapper_type': 'UIAWrapper', 'handle': 121440266, 'process_id': 13316, 'title': 'WinWatt gólya - C:\\Users\\Admin\\Documents\\GitHub\\autowinwatt\\winwatt_automation\\data\\runtime_maps\\full_authorized_sandbox\\adaptive_anyagok_efficient_v4_20260831', 'class_name': 'TMainForm', 'control_type': 'Window'} last_validation_age_s=4.297000000020489 diagnostic_fast_mode=False
2026-08-31 15:10:44.192 | DEBUG    | winwatt_automation.live_ui.app_connector:get_cached_main_window:575 - DBG_PHASE_TIMING phase=get_cached_main_window elapsed_ms=15.000 reason_code=cache_validated_ok
2026-08-31 15:10:44.327 | DEBUG    | winwatt_automation.live_ui.app_connector:get_cached_main_window:565 - DBG_WINWATT_CACHE_GET reason_code=cache_reused_without_validation payload={'wrapper_type': 'UIAWrapper', 'handle': 121440266, 'process_id': 13316, 'title': 'WinWatt gólya - C:\\Users\\Admin\\Documents\\GitHub\\autowinwatt\\winwatt_automation\\data\\runtime_maps\\full_authorized_sandbox\\adaptive_anyagok_efficient_v4_20260831', 'class_name': 'TMainForm', 'control_type': 'Window'} last_validation_age_s=0.1559999999590218 diagnostic_fast_mode=False
2026-08-31 15:10:44.327 | DEBUG    | winwatt_automation.live_ui.app_connector:get_cached_main_window:566 - DBG_PHASE_TIMING phase=get_cached_main_window elapsed_ms=0.000 reason_code=cache_reused_without_validation
2026-08-31 15:10:44.342 | DEBUG    | winwatt_automation.live_ui.app_connector:get_cached_main_window:565 - DBG_WINWATT_CACHE_GET reason_code=cache_reused_without_validation payload={'wrapper_type': 'UIAWrapper', 'handle': 121440266, 'process_id': 13316, 'title': 'WinWatt gólya - C:\\Users\\Admin\\Documents\\GitHub\\autowinwatt\\winwatt_automation\\data\\runtime_maps\\full_authorized_sandbox\\adaptive_anyagok_efficient_v4_20260831', 'class_name': 'TMainForm', 'control_type': 'Window'} last_validation_age_s=0.17099999997299165 diagnostic_fast_mode=False
2026-08-31 15:10:44.342 | DEBUG    | winwatt_automation.live_ui.app_connector:get_cached_main_window:566 - DBG_PHASE_TIMING phase=get_cached_main_window elapsed_ms=0.000 reason_code=cache_reused_without_validation
2026-08-31 15:10:44.848 | INFO     | winwatt_automation.live_ui.menu_helpers:_menu_items:1101 - DBG_MENU_ITEMS_SUMMARY total_items=7 visible_items=7 topbar_band=(0, 0, 392, 53) topbar_band_visible_count=7 popup_region_visible_count=0 force_refresh=True handle=121440266
2026-08-31 15:10:44.861 | DEBUG    | winwatt_automation.live_ui.menu_helpers:_menu_items:1111 - Discovered 7 MenuItem controls
2026-08-31 15:10:44.861 | DEBUG    | winwatt_automation.live_ui.menu_helpers:_log_phase_timing:83 - DBG_PHASE_TIMING phase=_menu_items elapsed_ms=531.000 force_refresh=True total_items=7 visible_items=7
2026-08-31 15:10:44.925 | INFO     | winwatt_automation.live_ui.menu_helpers:list_top_menu_items:1141 - Top-level menu items (raw): ['Rendszer', 'Fájl', 'Jegyzékek', 'Eszközök', 'Beállítások', 'Ablak', 'Súgó']
2026-08-31 15:10:44.925 | DEBUG    | winwatt_automation.live_ui.menu_helpers:_log_phase_timing:83 - DBG_PHASE_TIMING phase=list_top_menu_items elapsed_ms=594.000 count=7
2026-08-31 15:10:45.438 | DEBUG    | winwatt_automation.live_ui.app_connector:get_cached_main_window:565 - DBG_WINWATT_CACHE_GET reason_code=cache_reused_without_validation payload={'wrapper_type': 'UIAWrapper', 'handle': 121440266, 'process_id': 13316, 'title': 'WinWatt gólya - C:\\Users\\Admin\\Documents\\GitHub\\autowinwatt\\winwatt_automation\\data\\runtime_maps\\full_authorized_sandbox\\adaptive_anyagok_efficient_v4_20260831', 'class_name': 'TMainForm', 'control_type': 'Window'} last_validation_age_s=1.2650000000139698 diagnostic_fast_mode=False
2026-08-31 15:10:45.438 | DEBUG    | winwatt_automation.live_ui.app_connector:get_cached_main_window:566 - DBG_PHASE_TIMING phase=get_cached_main_window elapsed_ms=0.000 reason_code=cache_reused_without_validation
2026-08-31 15:10:45.601 | DEBUG    | winwatt_automation.live_ui.app_connector:get_cached_main_window:565 - DBG_WINWATT_CACHE_GET reason_code=cache_reused_without_validation payload={'wrapper_type': 'UIAWrapper', 'handle': 121440266, 'process_id': 13316, 'title': 'WinWatt gólya - C:\\Users\\Admin\\Documents\\GitHub\\autowinwatt\\winwatt_automation\\data\\runtime_maps\\full_authorized_sandbox\\adaptive_anyagok_efficient_v4_20260831', 'class_name': 'TMainForm', 'control_type': 'Window'} last_validation_age_s=1.4209999999729916 diagnostic_fast_mode=False
2026-08-31 15:10:45.614 | DEBUG    | winwatt_automation.live_ui.app_connector:get_cached_main_window:566 - DBG_PHASE_TIMING phase=get_cached_main_window elapsed_ms=16.000 reason_code=cache_reused_without_validation
2026-08-31 15:10:45.614 | DEBUG    | winwatt_automation.live_ui.app_connector:get_cached_main_window:565 - DBG_WINWATT_CACHE_GET reason_code=cache_reused_without_validation payload={'wrapper_type': 'UIAWrapper', 'handle': 121440266, 'process_id': 13316, 'title': 'WinWatt gólya - C:\\Users\\Admin\\Documents\\GitHub\\autowinwatt\\winwatt_automation\\data\\runtime_maps\\full_authorized_sandbox\\adaptive_anyagok_efficient_v4_20260831', 'class_name': 'TMainForm', 'control_type': 'Window'} last_validation_age_s=1.437000000034459 diagnostic_fast_mode=False
2026-08-31 15:10:45.614 | DEBUG    | winwatt_automation.live_ui.app_connector:get_cached_main_window:566 - DBG_PHASE_TIMING phase=get_cached_main_window elapsed_ms=0.000 reason_code=cache_reused_without_validation
2026-08-31 15:10:46.070 | INFO     | winwatt_automation.live_ui.menu_helpers:_menu_items:1101 - DBG_MENU_ITEMS_SUMMARY total_items=7 visible_items=7 topbar_band=(0, 0, 392, 53) topbar_band_visible_count=7 popup_region_visible_count=0 force_refresh=True handle=121440266
2026-08-31 15:10:46.088 | DEBUG    | winwatt_automation.live_ui.menu_helpers:_menu_items:1111 - Discovered 7 MenuItem controls
2026-08-31 15:10:46.088 | DEBUG    | winwatt_automation.live_ui.menu_helpers:_log_phase_timing:83 - DBG_PHASE_TIMING phase=_menu_items elapsed_ms=485.000 force_refresh=True total_items=7 visible_items=7
2026-08-31 15:10:46.150 | INFO     | winwatt_automation.live_ui.menu_helpers:list_top_menu_items:1141 - Top-level menu items (raw): ['Rendszer', 'Fájl', 'Jegyzékek', 'Eszközök', 'Beállítások', 'Ablak', 'Súgó']
2026-08-31 15:10:46.151 | DEBUG    | winwatt_automation.live_ui.menu_helpers:_log_phase_timing:83 - DBG_PHASE_TIMING phase=list_top_menu_items elapsed_ms=547.000 count=7
2026-08-31 15:10:46.660 | DEBUG    | winwatt_automation.live_ui.app_connector:get_cached_main_window:565 - DBG_WINWATT_CACHE_GET reason_code=cache_reused_without_validation payload={'wrapper_type': 'UIAWrapper', 'handle': 121440266, 'process_id': 13316, 'title': 'WinWatt gólya - C:\\Users\\Admin\\Documents\\GitHub\\autowinwatt\\winwatt_automation\\data\\runtime_maps\\full_authorized_sandbox\\adaptive_anyagok_efficient_v4_20260831', 'class_name': 'TMainForm', 'control_type': 'Window'} last_validation_age_s=2.484000000054948 diagnostic_fast_mode=False
2026-08-31 15:10:46.664 | DEBUG    | winwatt_automation.live_ui.app_connector:get_cached_main_window:566 - DBG_PHASE_TIMING phase=get_cached_main_window elapsed_ms=0.000 reason_code=cache_reused_without_validation
2026-08-31 15:10:46.852 | DEBUG    | winwatt_automation.live_ui.app_connector:get_cached_main_window:565 - DBG_WINWATT_CACHE_GET reason_code=cache_reused_without_validation payload={'wrapper_type': 'UIAWrapper', 'handle': 121440266, 'process_id': 13316, 'title': 'WinWatt gólya - C:\\Users\\Admin\\Documents\\GitHub\\autowinwatt\\winwatt_automation\\data\\runtime_maps\\full_authorized_sandbox\\adaptive_anyagok_efficient_v4_20260831', 'class_name': 'TMainForm', 'control_type': 'Window'} last_validation_age_s=2.6709999999729916 diagnostic_fast_mode=False
2026-08-31 15:10:46.852 | DEBUG    | winwatt_automation.live_ui.app_connector:get_cached_main_window:566 - DBG_PHASE_TIMING phase=get_cached_main_window elapsed_ms=0.000 reason_code=cache_reused_without_validation
2026-08-31 15:10:46.852 | DEBUG    | winwatt_automation.live_ui.app_connector:get_cached_main_window:565 - DBG_WINWATT_CACHE_GET reason_code=cache_reused_without_validation payload={'wrapper_type': 'UIAWrapper', 'handle': 121440266, 'process_id': 13316, 'title': 'WinWatt gólya - C:\\Users\\Admin\\Documents\\GitHub\\autowinwatt\\winwatt_automation\\data\\runtime_maps\\full_authorized_sandbox\\adaptive_anyagok_efficient_v4_20260831', 'class_name': 'TMainForm', 'control_type': 'Window'} last_validation_age_s=2.6709999999729916 diagnostic_fast_mode=False
2026-08-31 15:10:46.852 | DEBUG    | winwatt_automation.live_ui.app_connector:get_cached_main_window:566 - DBG_PHASE_TIMING phase=get_cached_main_window elapsed_ms=0.000 reason_code=cache_reused_without_validation
2026-08-31 15:10:47.307 | INFO     | winwatt_automation.live_ui.menu_helpers:_menu_items:1101 - DBG_MENU_ITEMS_SUMMARY total_items=7 visible_items=7 topbar_band=(0, 0, 392, 53) topbar_band_visible_count=7 popup_region_visible_count=0 force_refresh=True handle=121440266
2026-08-31 15:10:47.307 | DEBUG    | winwatt_automation.live_ui.menu_helpers:_menu_items:1111 - Discovered 7 MenuItem controls
2026-08-31 15:10:47.307 | DEBUG    | winwatt_automation.live_ui.menu_helpers:_log_phase_timing:83 - DBG_PHASE_TIMING phase=_menu_items elapsed_ms=454.000 force_refresh=True total_items=7 visible_items=7
2026-08-31 15:10:47.371 | INFO     | winwatt_automation.live_ui.menu_helpers:list_top_menu_items:1141 - Top-level menu items (raw): ['Rendszer', 'Fájl', 'Jegyzékek', 'Eszközök', 'Beállítások', 'Ablak', 'Súgó']
2026-08-31 15:10:47.371 | DEBUG    | winwatt_automation.live_ui.menu_helpers:_log_phase_timing:83 - DBG_PHASE_TIMING phase=list_top_menu_items elapsed_ms=516.000 count=7
2026-08-31 15:10:47.879 | DEBUG    | winwatt_automation.live_ui.app_connector:get_cached_main_window:565 - DBG_WINWATT_CACHE_GET reason_code=cache_reused_without_validation payload={'wrapper_type': 'UIAWrapper', 'handle': 121440266, 'process_id': 13316, 'title': 'WinWatt gólya - C:\\Users\\Admin\\Documents\\GitHub\\autowinwatt\\winwatt_automation\\data\\runtime_maps\\full_authorized_sandbox\\adaptive_anyagok_efficient_v4_20260831', 'class_name': 'TMainForm', 'control_type': 'Window'} last_validation_age_s=3.702999999979511 diagnostic_fast_mode=False
2026-08-31 15:10:47.884 | DEBUG    | winwatt_automation.live_ui.app_connector:get_cached_main_window:566 - DBG_PHASE_TIMING phase=get_cached_main_window elapsed_ms=0.000 reason_code=cache_reused_without_validation
2026-08-31 15:10:56.664 | INFO     | winwatt_automation.live_ui.app_connector:get_cached_main_window:597 - DBG_WINWATT_CACHE_GET reason_code=cache_missing_resolving_fresh diagnostic_fast_mode=False
2026-08-31 15:10:56.890 | DEBUG    | winwatt_automation.live_ui.app_connector:list_candidate_windows:180 - Discovered 0 WinWatt-like windows on backend=win32
2026-08-31 15:10:56.906 | INFO     | winwatt_automation.live_ui.app_connector:_connect_with_win32_handle:276 - DBG_WINWATT_CONNECT_WIN32_CANDIDATES locator=backend=win32 ranked_candidates=[] 
2026-08-31 15:10:56.907 | WARNING  | winwatt_automation.runtime_mapping.program_mapper:_safe_capture_snapshot:191 - snapshot_capture_failed state_id=startup_after_relaunch error=No WinWatt-like windows were found
2026-08-31 15:10:57.408 | INFO     | winwatt_automation.live_ui.app_connector:get_cached_main_window:597 - DBG_WINWATT_CACHE_GET reason_code=cache_missing_resolving_fresh diagnostic_fast_mode=False
2026-08-31 15:11:00.019 | DEBUG    | winwatt_automation.live_ui.app_connector:list_candidate_windows:180 - Discovered 0 WinWatt-like windows on backend=win32
2026-08-31 15:11:00.019 | INFO     | winwatt_automation.live_ui.app_connector:_connect_with_win32_handle:276 - DBG_WINWATT_CONNECT_WIN32_CANDIDATES locator=backend=win32 ranked_candidates=[] 
2026-08-31 15:11:00.019 | WARNING  | winwatt_automation.runtime_mapping.program_mapper:_safe_capture_snapshot:191 - snapshot_capture_failed state_id=startup_after_relaunch error=No WinWatt-like windows were found
2026-08-31 15:11:00.532 | INFO     | winwatt_automation.live_ui.app_connector:get_cached_main_window:597 - DBG_WINWATT_CACHE_GET reason_code=cache_missing_resolving_fresh diagnostic_fast_mode=False
2026-08-31 15:11:02.142 | DEBUG    | winwatt_automation.live_ui.app_connector:list_candidate_windows:180 - Discovered 0 WinWatt-like windows on backend=win32
2026-08-31 15:11:02.147 | INFO     | winwatt_automation.live_ui.app_connector:_connect_with_win32_handle:276 - DBG_WINWATT_CONNECT_WIN32_CANDIDATES locator=backend=win32 ranked_candidates=[] 
2026-08-31 15:11:02.147 | WARNING  | winwatt_automation.runtime_mapping.program_mapper:_safe_capture_snapshot:191 - snapshot_capture_failed state_id=startup_after_relaunch error=No WinWatt-like windows were found
2026-08-31 15:11:02.651 | INFO     | winwatt_automation.live_ui.app_connector:get_cached_main_window:597 - DBG_WINWATT_CACHE_GET reason_code=cache_missing_resolving_fresh diagnostic_fast_mode=False
2026-08-31 15:11:02.721 | DEBUG    | winwatt_automation.live_ui.app_connector:list_candidate_windows:180 - Discovered 0 WinWatt-like windows on backend=win32
2026-08-31 15:11:02.731 | INFO     | winwatt_automation.live_ui.app_connector:_connect_with_win32_handle:276 - DBG_WINWATT_CONNECT_WIN32_CANDIDATES locator=backend=win32 ranked_candidates=[] 
2026-08-31 15:11:02.731 | WARNING  | winwatt_automation.runtime_mapping.program_mapper:_safe_capture_snapshot:191 - snapshot_capture_failed state_id=startup_after_relaunch error=No WinWatt-like windows were found
2026-08-31 15:11:03.233 | INFO     | winwatt_automation.live_ui.app_connector:get_cached_main_window:597 - DBG_WINWATT_CACHE_GET reason_code=cache_missing_resolving_fresh diagnostic_fast_mode=False
2026-08-31 15:11:03.312 | DEBUG    | winwatt_automation.live_ui.app_connector:list_candidate_windows:180 - Discovered 0 WinWatt-like windows on backend=win32
2026-08-31 15:11:03.316 | INFO     | winwatt_automation.live_ui.app_connector:_connect_with_win32_handle:276 - DBG_WINWATT_CONNECT_WIN32_CANDIDATES locator=backend=win32 ranked_candidates=[] 
2026-08-31 15:11:03.316 | WARNING  | winwatt_automation.runtime_mapping.program_mapper:_safe_capture_snapshot:191 - snapshot_capture_failed state_id=startup_after_relaunch error=No WinWatt-like windows were found
2026-08-31 15:11:03.817 | INFO     | winwatt_automation.live_ui.app_connector:get_cached_main_window:597 - DBG_WINWATT_CACHE_GET reason_code=cache_missing_resolving_fresh diagnostic_fast_mode=False
2026-08-31 15:11:03.892 | DEBUG    | winwatt_automation.live_ui.app_connector:list_candidate_windows:180 - Discovered 0 WinWatt-like windows on backend=win32
2026-08-31 15:11:03.892 | INFO     | winwatt_automation.live_ui.app_connector:_connect_with_win32_handle:276 - DBG_WINWATT_CONNECT_WIN32_CANDIDATES locator=backend=win32 ranked_candidates=[] 
2026-08-31 15:11:03.892 | WARNING  | winwatt_automation.runtime_mapping.program_mapper:_safe_capture_snapshot:191 - snapshot_capture_failed state_id=startup_after_relaunch error=No WinWatt-like windows were found
2026-08-31 15:11:04.406 | INFO     | winwatt_automation.live_ui.app_connector:get_cached_main_window:597 - DBG_WINWATT_CACHE_GET reason_code=cache_missing_resolving_fresh diagnostic_fast_mode=False
2026-08-31 15:11:04.470 | DEBUG    | winwatt_automation.live_ui.app_connector:list_candidate_windows:180 - Discovered 0 WinWatt-like windows on backend=win32
2026-08-31 15:11:04.470 | INFO     | winwatt_automation.live_ui.app_connector:_connect_with_win32_handle:276 - DBG_WINWATT_CONNECT_WIN32_CANDIDATES locator=backend=win32 ranked_candidates=[] 
2026-08-31 15:11:04.470 | WARNING  | winwatt_automation.runtime_mapping.program_mapper:_safe_capture_snapshot:191 - snapshot_capture_failed state_id=startup_after_relaunch error=No WinWatt-like windows were found
2026-08-31 15:11:04.986 | INFO     | winwatt_automation.live_ui.app_connector:get_cached_main_window:597 - DBG_WINWATT_CACHE_GET reason_code=cache_missing_resolving_fresh diagnostic_fast_mode=False
2026-08-31 15:11:05.068 | DEBUG    | winwatt_automation.live_ui.app_connector:list_candidate_windows:180 - Discovered 0 WinWatt-like windows on backend=win32
2026-08-31 15:11:05.068 | INFO     | winwatt_automation.live_ui.app_connector:_connect_with_win32_handle:276 - DBG_WINWATT_CONNECT_WIN32_CANDIDATES locator=backend=win32 ranked_candidates=[] 
2026-08-31 15:11:05.068 | WARNING  | winwatt_automation.runtime_mapping.program_mapper:_safe_capture_snapshot:191 - snapshot_capture_failed state_id=startup_after_relaunch error=No WinWatt-like windows were found
2026-08-31 15:11:05.584 | INFO     | winwatt_automation.live_ui.app_connector:get_cached_main_window:597 - DBG_WINWATT_CACHE_GET reason_code=cache_missing_resolving_fresh diagnostic_fast_mode=False
2026-08-31 15:11:05.672 | DEBUG    | winwatt_automation.live_ui.app_connector:list_candidate_windows:180 - Discovered 0 WinWatt-like windows on backend=win32
2026-08-31 15:11:05.678 | INFO     | winwatt_automation.live_ui.app_connector:_connect_with_win32_handle:276 - DBG_WINWATT_CONNECT_WIN32_CANDIDATES locator=backend=win32 ranked_candidates=[] 
2026-08-31 15:11:05.678 | WARNING  | winwatt_automation.runtime_mapping.program_mapper:_safe_capture_snapshot:191 - snapshot_capture_failed state_id=startup_after_relaunch error=No WinWatt-like windows were found
2026-08-31 15:11:06.180 | INFO     | winwatt_automation.live_ui.app_connector:get_cached_main_window:597 - DBG_WINWATT_CACHE_GET reason_code=cache_missing_resolving_fresh diagnostic_fast_mode=False
2026-08-31 15:11:06.257 | DEBUG    | winwatt_automation.live_ui.app_connector:list_candidate_windows:180 - Discovered 0 WinWatt-like windows on backend=win32
2026-08-31 15:11:06.257 | INFO     | winwatt_automation.live_ui.app_connector:_connect_with_win32_handle:276 - DBG_WINWATT_CONNECT_WIN32_CANDIDATES locator=backend=win32 ranked_candidates=[] 
2026-08-31 15:11:06.257 | WARNING  | winwatt_automation.runtime_mapping.program_mapper:_safe_capture_snapshot:191 - snapshot_capture_failed state_id=startup_after_relaunch error=No WinWatt-like windows were found
2026-08-31 15:11:06.770 | INFO     | winwatt_automation.live_ui.app_connector:get_cached_main_window:597 - DBG_WINWATT_CACHE_GET reason_code=cache_missing_resolving_fresh diagnostic_fast_mode=False
2026-08-31 15:11:06.883 | DEBUG    | winwatt_automation.live_ui.app_connector:list_candidate_windows:180 - Discovered 0 WinWatt-like windows on backend=win32
2026-08-31 15:11:06.890 | INFO     | winwatt_automation.live_ui.app_connector:_connect_with_win32_handle:276 - DBG_WINWATT_CONNECT_WIN32_CANDIDATES locator=backend=win32 ranked_candidates=[] 
2026-08-31 15:11:06.890 | WARNING  | winwatt_automation.runtime_mapping.program_mapper:_safe_capture_snapshot:191 - snapshot_capture_failed state_id=startup_after_relaunch error=No WinWatt-like windows were found
2026-08-31 15:11:07.391 | INFO     | winwatt_automation.live_ui.app_connector:get_cached_main_window:597 - DBG_WINWATT_CACHE_GET reason_code=cache_missing_resolving_fresh diagnostic_fast_mode=False
2026-08-31 15:11:07.467 | DEBUG    | winwatt_automation.live_ui.app_connector:list_candidate_windows:180 - Discovered 0 WinWatt-like windows on backend=win32
2026-08-31 15:11:07.473 | INFO     | winwatt_automation.live_ui.app_connector:_connect_with_win32_handle:276 - DBG_WINWATT_CONNECT_WIN32_CANDIDATES locator=backend=win32 ranked_candidates=[] 
2026-08-31 15:11:07.473 | WARNING  | winwatt_automation.runtime_mapping.program_mapper:_safe_capture_snapshot:191 - snapshot_capture_failed state_id=startup_after_relaunch error=No WinWatt-like windows were found
2026-08-31 15:11:07.974 | INFO     | winwatt_automation.live_ui.app_connector:get_cached_main_window:597 - DBG_WINWATT_CACHE_GET reason_code=cache_missing_resolving_fresh diagnostic_fast_mode=False
2026-08-31 15:11:08.054 | DEBUG    | winwatt_automation.live_ui.app_connector:list_candidate_windows:180 - Discovered 0 WinWatt-like windows on backend=win32
2026-08-31 15:11:08.054 | INFO     | winwatt_automation.live_ui.app_connector:_connect_with_win32_handle:276 - DBG_WINWATT_CONNECT_WIN32_CANDIDATES locator=backend=win32 ranked_candidates=[] 
2026-08-31 15:11:08.054 | WARNING  | winwatt_automation.runtime_mapping.program_mapper:_safe_capture_snapshot:191 - snapshot_capture_failed state_id=startup_after_relaunch error=No WinWatt-like windows were found
2026-08-31 15:11:08.565 | INFO     | winwatt_automation.live_ui.app_connector:get_cached_main_window:597 - DBG_WINWATT_CACHE_GET reason_code=cache_missing_resolving_fresh diagnostic_fast_mode=False
2026-08-31 15:11:08.656 | DEBUG    | winwatt_automation.live_ui.app_connector:list_candidate_windows:180 - Discovered 1 WinWatt-like windows on backend=win32
2026-08-31 15:11:08.658 | DEBUG    | winwatt_automation.live_ui.app_connector:list_candidate_windows:182 - Candidate[win32]: {'title': 'WinWatt gólya - C:\\Users\\Admin\\Documents\\GitHub\\autowinwatt\\winwatt_automation\\data\\runtime_maps\\full_authorized_sandbox\\adaptive_anyagok_efficient_v4_20260831', 'window_text': 'WinWatt gólya - C:\\Users\\Admin\\Documents\\GitHub\\autowinwatt\\winwatt_automation\\data\\runtime_maps\\full_authorized_sandbox\\adaptive_anyagok_efficient_v4_20260831', 'class_name': 'TMainForm', 'control_type': None, 'process_id': 16312, 'handle': None, 'is_visible': True, 'is_enabled': True, 'rectangle': {'left': -10, 'top': -10, 'right': 1930, 'bottom': 1030, 'width': 1940, 'height': 1040}, 'size': {'width': 1940, 'height': 1040}}
2026-08-31 15:11:08.658 | INFO     | winwatt_automation.live_ui.app_connector:_connect_with_win32_handle:276 - DBG_WINWATT_CONNECT_WIN32_CANDIDATES locator=backend=win32 ranked_candidates=[{'rank': 1, 'score': (1, 1, 1, 1, 2017600), 'process_id': 16312, 'handle': None, 'class_name': 'TMainForm', 'title': 'WinWatt gólya - C:\\Users\\Admin\\Documents\\GitHub\\autowinwatt\\winwatt_automation\\data\\runtime_maps\\full_authorized_sandbox\\adaptive_anyagok_efficient_v4_20260831', 'visible': True, 'enabled': True}] 
2026-08-31 15:11:08.658 | INFO     | winwatt_automation.live_ui.app_connector:select_main_window:224 - Candidate ranking score=(1, 1, 1, 1, 2017600) data={'title': 'WinWatt gólya - C:\\Users\\Admin\\Documents\\GitHub\\autowinwatt\\winwatt_automation\\data\\runtime_maps\\full_authorized_sandbox\\adaptive_anyagok_efficient_v4_20260831', 'window_text': 'WinWatt gólya - C:\\Users\\Admin\\Documents\\GitHub\\autowinwatt\\winwatt_automation\\data\\runtime_maps\\full_authorized_sandbox\\adaptive_anyagok_efficient_v4_20260831', 'class_name': 'TMainForm', 'control_type': None, 'process_id': 16312, 'handle': None, 'is_visible': True, 'is_enabled': True, 'rectangle': {'left': -10, 'top': -10, 'right': 1930, 'bottom': 1030, 'width': 1940, 'height': 1040}, 'size': {'width': 1940, 'height': 1040}}
2026-08-31 15:11:08.658 | INFO     | winwatt_automation.live_ui.app_connector:select_main_window:234 - Selected main window process_id=16312 handle=None score=(1, 1, 1, 1, 2017600) reasons=['has_process_id=True', 'has_handle=False', 'visible=True', 'enabled=True', 'title_has_winwatt=True', 'area=2017600']
2026-08-31 15:11:08.658 | INFO     | winwatt_automation.live_ui.app_connector:_connect_with_win32_handle:293 - DBG_WINWATT_CONNECT_WIN32_SELECTED selected_payload={'title': 'WinWatt gólya - C:\\Users\\Admin\\Documents\\GitHub\\autowinwatt\\winwatt_automation\\data\\runtime_maps\\full_authorized_sandbox\\adaptive_anyagok_efficient_v4_20260831', 'window_text': 'WinWatt gólya - C:\\Users\\Admin\\Documents\\GitHub\\autowinwatt\\winwatt_automation\\data\\runtime_maps\\full_authorized_sandbox\\adaptive_anyagok_efficient_v4_20260831', 'class_name': 'TMainForm', 'control_type': None, 'process_id': 16312, 'handle': None, 'is_visible': True, 'is_enabled': True, 'rectangle': {'left': -10, 'top': -10, 'right': 1930, 'bottom': 1030, 'width': 1940, 'height': 1040}, 'size': {'width': 1940, 'height': 1040}} selected_handle_is_none=True
2026-08-31 15:11:08.658 | INFO     | winwatt_automation.live_ui.app_connector:_connect_with_win32_handle:336 - Connected to WinWatt backend=win32 attach_mode=process candidate={'process_id': 16312, 'handle': None, 'class_name': 'TMainForm', 'title': 'WinWatt gólya - C:\\Users\\Admin\\Documents\\GitHub\\autowinwatt\\winwatt_automation\\data\\runtime_maps\\full_authorized_sandbox\\adaptive_anyagok_efficient_v4_20260831'}
2026-08-31 15:11:08.658 | INFO     | winwatt_automation.live_ui.app_connector:_connect_with_win32_handle:350 - DBG_WINWATT_CONNECT_WIN32_RESOLVED process_id=16312 resolved_handle=None selected_payload={'title': 'WinWatt gólya - C:\\Users\\Admin\\Documents\\GitHub\\autowinwatt\\winwatt_automation\\data\\runtime_maps\\full_authorized_sandbox\\adaptive_anyagok_efficient_v4_20260831', 'window_text': 'WinWatt gólya - C:\\Users\\Admin\\Documents\\GitHub\\autowinwatt\\winwatt_automation\\data\\runtime_maps\\full_authorized_sandbox\\adaptive_anyagok_efficient_v4_20260831', 'class_name': 'TMainForm', 'control_type': None, 'process_id': 16312, 'handle': None, 'is_visible': True, 'is_enabled': True, 'rectangle': {'left': -10, 'top': -10, 'right': 1930, 'bottom': 1030, 'width': 1940, 'height': 1040}, 'size': {'width': 1940, 'height': 1040}}
2026-08-31 15:11:08.658 | INFO     | winwatt_automation.live_ui.app_connector:_resolve_uia_main_window:382 - DBG_WINWATT_RESOLVE_UIA_WIN32_SELECTED selected_payload={'title': 'WinWatt gólya - C:\\Users\\Admin\\Documents\\GitHub\\autowinwatt\\winwatt_automation\\data\\runtime_maps\\full_authorized_sandbox\\adaptive_anyagok_efficient_v4_20260831', 'window_text': 'WinWatt gólya - C:\\Users\\Admin\\Documents\\GitHub\\autowinwatt\\winwatt_automation\\data\\runtime_maps\\full_authorized_sandbox\\adaptive_anyagok_efficient_v4_20260831', 'class_name': 'TMainForm', 'control_type': None, 'process_id': 16312, 'handle': None, 'is_visible': True, 'is_enabled': True, 'rectangle': {'left': -10, 'top': -10, 'right': 1930, 'bottom': 1030, 'width': 1940, 'height': 1040}, 'size': {'width': 1940, 'height': 1040}}
2026-08-31 15:11:08.658 | INFO     | winwatt_automation.live_ui.app_connector:_resolve_uia_main_window:388 - Connected to WinWatt backend=uia process_id=16312
2026-08-31 15:11:08.658 | INFO     | winwatt_automation.live_ui.app_connector:_resolve_uia_main_window:390 - Resolving main WinWatt window backend=uia class_name=TMainForm title_re=.*WinWatt.*
2026-08-31 15:11:09.018 | INFO     | winwatt_automation.live_ui.app_connector:_resolve_uia_main_window:400 - DBG_WINWATT_RESOLVE_UIA_PRIMARY selected_payload={'title': 'WinWatt gólya - C:\\Users\\Admin\\Documents\\GitHub\\autowinwatt\\winwatt_automation\\data\\runtime_maps\\full_authorized_sandbox\\adaptive_anyagok_efficient_v4_20260831', 'window_text': 'WinWatt gólya - C:\\Users\\Admin\\Documents\\GitHub\\autowinwatt\\winwatt_automation\\data\\runtime_maps\\full_authorized_sandbox\\adaptive_anyagok_efficient_v4_20260831', 'class_name': 'TMainForm', 'control_type': None, 'process_id': 16312, 'handle': None, 'is_visible': True, 'is_enabled': True, 'rectangle': {'left': -10, 'top': -10, 'right': 1930, 'bottom': 1030, 'width': 1940, 'height': 1040}, 'size': {'width': 1940, 'height': 1040}} primary_result={'wrapper_type': 'UIAWrapper', 'handle': 141297748, 'process_id': 16312, 'title': 'WinWatt gólya - C:\\Users\\Admin\\Documents\\GitHub\\autowinwatt\\winwatt_automation\\data\\runtime_maps\\full_authorized_sandbox\\adaptive_anyagok_efficient_v4_20260831', 'class_name': 'TMainForm', 'control_type': 'Window'} identity_match_with_win32=None
2026-08-31 15:11:09.018 | DEBUG    | winwatt_automation.live_ui.app_connector:get_cached_main_window:606 - DBG_PHASE_TIMING phase=get_cached_main_window elapsed_ms=453.000 reason_code=fresh_resolve
2026-08-31 15:11:09.162 | DEBUG    | winwatt_automation.live_ui.app_connector:get_cached_main_window:565 - DBG_WINWATT_CACHE_GET reason_code=cache_reused_without_validation payload={'wrapper_type': 'UIAWrapper', 'handle': 141297748, 'process_id': 16312, 'title': 'WinWatt gólya - C:\\Users\\Admin\\Documents\\GitHub\\autowinwatt\\winwatt_automation\\data\\runtime_maps\\full_authorized_sandbox\\adaptive_anyagok_efficient_v4_20260831', 'class_name': 'TMainForm', 'control_type': 'Window'} last_validation_age_s=0.1410000000614673 diagnostic_fast_mode=False
2026-08-31 15:11:09.177 | DEBUG    | winwatt_automation.live_ui.app_connector:get_cached_main_window:566 - DBG_PHASE_TIMING phase=get_cached_main_window elapsed_ms=16.000 reason_code=cache_reused_without_validation
2026-08-31 15:11:09.178 | DEBUG    | winwatt_automation.live_ui.app_connector:get_cached_main_window:565 - DBG_WINWATT_CACHE_GET reason_code=cache_reused_without_validation payload={'wrapper_type': 'UIAWrapper', 'handle': 141297748, 'process_id': 16312, 'title': 'WinWatt gólya - C:\\Users\\Admin\\Documents\\GitHub\\autowinwatt\\winwatt_automation\\data\\runtime_maps\\full_authorized_sandbox\\adaptive_anyagok_efficient_v4_20260831', 'class_name': 'TMainForm', 'control_type': 'Window'} last_validation_age_s=0.15700000000651926 diagnostic_fast_mode=False
2026-08-31 15:11:09.178 | DEBUG    | winwatt_automation.live_ui.app_connector:get_cached_main_window:566 - DBG_PHASE_TIMING phase=get_cached_main_window elapsed_ms=0.000 reason_code=cache_reused_without_validation
2026-08-31 15:11:09.687 | INFO     | winwatt_automation.live_ui.menu_helpers:_menu_items:1101 - DBG_MENU_ITEMS_SUMMARY total_items=7 visible_items=7 topbar_band=(0, 0, 392, 53) topbar_band_visible_count=7 popup_region_visible_count=0 force_refresh=True handle=141297748
2026-08-31 15:11:09.688 | DEBUG    | winwatt_automation.live_ui.menu_helpers:_menu_items:1111 - Discovered 7 MenuItem controls
2026-08-31 15:11:09.688 | DEBUG    | winwatt_automation.live_ui.menu_helpers:_log_phase_timing:83 - DBG_PHASE_TIMING phase=_menu_items elapsed_ms=531.000 force_refresh=True total_items=7 visible_items=7
2026-08-31 15:11:09.763 | INFO     | winwatt_automation.live_ui.menu_helpers:list_top_menu_items:1141 - Top-level menu items (raw): ['Rendszer', 'Fájl', 'Jegyzékek', 'Eszközök', 'Beállítások', 'Ablak', 'Súgó']
2026-08-31 15:11:09.764 | DEBUG    | winwatt_automation.live_ui.menu_helpers:_log_phase_timing:83 - DBG_PHASE_TIMING phase=list_top_menu_items elapsed_ms=609.000 count=7
2026-08-31 15:11:10.272 | DEBUG    | winwatt_automation.live_ui.app_connector:get_cached_main_window:565 - DBG_WINWATT_CACHE_GET reason_code=cache_reused_without_validation payload={'wrapper_type': 'UIAWrapper', 'handle': 141297748, 'process_id': 16312, 'title': 'WinWatt gólya - C:\\Users\\Admin\\Documents\\GitHub\\autowinwatt\\winwatt_automation\\data\\runtime_maps\\full_authorized_sandbox\\adaptive_anyagok_efficient_v4_20260831', 'class_name': 'TMainForm', 'control_type': 'Window'} last_validation_age_s=1.25 diagnostic_fast_mode=False
2026-08-31 15:11:10.272 | DEBUG    | winwatt_automation.live_ui.app_connector:get_cached_main_window:566 - DBG_PHASE_TIMING phase=get_cached_main_window elapsed_ms=0.000 reason_code=cache_reused_without_validation
2026-08-31 15:11:10.447 | DEBUG    | winwatt_automation.live_ui.app_connector:get_cached_main_window:565 - DBG_WINWATT_CACHE_GET reason_code=cache_reused_without_validation payload={'wrapper_type': 'UIAWrapper', 'handle': 141297748, 'process_id': 16312, 'title': 'WinWatt gólya - C:\\Users\\Admin\\Documents\\GitHub\\autowinwatt\\winwatt_automation\\data\\runtime_maps\\full_authorized_sandbox\\adaptive_anyagok_efficient_v4_20260831', 'class_name': 'TMainForm', 'control_type': 'Window'} last_validation_age_s=1.422000000020489 diagnostic_fast_mode=False
2026-08-31 15:11:10.447 | DEBUG    | winwatt_automation.live_ui.app_connector:get_cached_main_window:566 - DBG_PHASE_TIMING phase=get_cached_main_window elapsed_ms=0.000 reason_code=cache_reused_without_validation
2026-08-31 15:11:10.447 | DEBUG    | winwatt_automation.live_ui.app_connector:get_cached_main_window:565 - DBG_WINWATT_CACHE_GET reason_code=cache_reused_without_validation payload={'wrapper_type': 'UIAWrapper', 'handle': 141297748, 'process_id': 16312, 'title': 'WinWatt gólya - C:\\Users\\Admin\\Documents\\GitHub\\autowinwatt\\winwatt_automation\\data\\runtime_maps\\full_authorized_sandbox\\adaptive_anyagok_efficient_v4_20260831', 'class_name': 'TMainForm', 'control_type': 'Window'} last_validation_age_s=1.422000000020489 diagnostic_fast_mode=False
2026-08-31 15:11:10.447 | DEBUG    | winwatt_automation.live_ui.app_connector:get_cached_main_window:566 - DBG_PHASE_TIMING phase=get_cached_main_window elapsed_ms=0.000 reason_code=cache_reused_without_validation
2026-08-31 15:11:10.986 | INFO     | winwatt_automation.live_ui.menu_helpers:_menu_items:1101 - DBG_MENU_ITEMS_SUMMARY total_items=7 visible_items=7 topbar_band=(0, 0, 392, 53) topbar_band_visible_count=7 popup_region_visible_count=0 force_refresh=True handle=141297748
2026-08-31 15:11:10.986 | DEBUG    | winwatt_automation.live_ui.menu_helpers:_menu_items:1111 - Discovered 7 MenuItem controls
2026-08-31 15:11:10.986 | DEBUG    | winwatt_automation.live_ui.menu_helpers:_log_phase_timing:83 - DBG_PHASE_TIMING phase=_menu_items elapsed_ms=547.000 force_refresh=True total_items=7 visible_items=7
2026-08-31 15:11:11.080 | INFO     | winwatt_automation.live_ui.menu_helpers:list_top_menu_items:1141 - Top-level menu items (raw): ['Rendszer', 'Fájl', 'Jegyzékek', 'Eszközök', 'Beállítások', 'Ablak', 'Súgó']
2026-08-31 15:11:11.080 | DEBUG    | winwatt_automation.live_ui.menu_helpers:_log_phase_timing:83 - DBG_PHASE_TIMING phase=list_top_menu_items elapsed_ms=641.000 count=7
2026-08-31 15:11:11.584 | DEBUG    | winwatt_automation.live_ui.app_connector:get_cached_main_window:565 - DBG_WINWATT_CACHE_GET reason_code=cache_reused_without_validation payload={'wrapper_type': 'UIAWrapper', 'handle': 141297748, 'process_id': 16312, 'title': 'WinWatt gólya - C:\\Users\\Admin\\Documents\\GitHub\\autowinwatt\\winwatt_automation\\data\\runtime_maps\\full_authorized_sandbox\\adaptive_anyagok_efficient_v4_20260831', 'class_name': 'TMainForm', 'control_type': 'Window'} last_validation_age_s=2.562999999965541 diagnostic_fast_mode=False
2026-08-31 15:11:11.584 | DEBUG    | winwatt_automation.live_ui.app_connector:get_cached_main_window:566 - DBG_PHASE_TIMING phase=get_cached_main_window elapsed_ms=0.000 reason_code=cache_reused_without_validation
2026-08-31 15:11:11.721 | DEBUG    | winwatt_automation.live_ui.app_connector:get_cached_main_window:565 - DBG_WINWATT_CACHE_GET reason_code=cache_reused_without_validation payload={'wrapper_type': 'UIAWrapper', 'handle': 141297748, 'process_id': 16312, 'title': 'WinWatt gólya - C:\\Users\\Admin\\Documents\\GitHub\\autowinwatt\\winwatt_automation\\data\\runtime_maps\\full_authorized_sandbox\\adaptive_anyagok_efficient_v4_20260831', 'class_name': 'TMainForm', 'control_type': 'Window'} last_validation_age_s=2.702999999979511 diagnostic_fast_mode=False
2026-08-31 15:11:11.721 | DEBUG    | winwatt_automation.live_ui.app_connector:get_cached_main_window:566 - DBG_PHASE_TIMING phase=get_cached_main_window elapsed_ms=0.000 reason_code=cache_reused_without_validation
2026-08-31 15:11:11.738 | DEBUG    | winwatt_automation.live_ui.app_connector:get_cached_main_window:565 - DBG_WINWATT_CACHE_GET reason_code=cache_reused_without_validation payload={'wrapper_type': 'UIAWrapper', 'handle': 141297748, 'process_id': 16312, 'title': 'WinWatt gólya - C:\\Users\\Admin\\Documents\\GitHub\\autowinwatt\\winwatt_automation\\data\\runtime_maps\\full_authorized_sandbox\\adaptive_anyagok_efficient_v4_20260831', 'class_name': 'TMainForm', 'control_type': 'Window'} last_validation_age_s=2.702999999979511 diagnostic_fast_mode=False
2026-08-31 15:11:11.738 | DEBUG    | winwatt_automation.live_ui.app_connector:get_cached_main_window:566 - DBG_PHASE_TIMING phase=get_cached_main_window elapsed_ms=16.000 reason_code=cache_reused_without_validation
2026-08-31 15:11:12.257 | INFO     | winwatt_automation.live_ui.menu_helpers:_menu_items:1101 - DBG_MENU_ITEMS_SUMMARY total_items=7 visible_items=7 topbar_band=(0, 0, 392, 53) topbar_band_visible_count=7 popup_region_visible_count=0 force_refresh=True handle=141297748
2026-08-31 15:11:12.257 | DEBUG    | winwatt_automation.live_ui.menu_helpers:_menu_items:1111 - Discovered 7 MenuItem controls
2026-08-31 15:11:12.257 | DEBUG    | winwatt_automation.live_ui.menu_helpers:_log_phase_timing:83 - DBG_PHASE_TIMING phase=_menu_items elapsed_ms=532.000 force_refresh=True total_items=7 visible_items=7
2026-08-31 15:11:12.320 | INFO     | winwatt_automation.live_ui.menu_helpers:list_top_menu_items:1141 - Top-level menu items (raw): ['Rendszer', 'Fájl', 'Jegyzékek', 'Eszközök', 'Beállítások', 'Ablak', 'Súgó']
2026-08-31 15:11:12.336 | DEBUG    | winwatt_automation.live_ui.menu_helpers:_log_phase_timing:83 - DBG_PHASE_TIMING phase=list_top_menu_items elapsed_ms=610.000 count=7
2026-08-31 15:11:12.840 | DEBUG    | winwatt_automation.live_ui.app_connector:get_cached_main_window:565 - DBG_WINWATT_CACHE_GET reason_code=cache_reused_without_validation payload={'wrapper_type': 'UIAWrapper', 'handle': 141297748, 'process_id': 16312, 'title': 'WinWatt gólya - C:\\Users\\Admin\\Documents\\GitHub\\autowinwatt\\winwatt_automation\\data\\runtime_maps\\full_authorized_sandbox\\adaptive_anyagok_efficient_v4_20260831', 'class_name': 'TMainForm', 'control_type': 'Window'} last_validation_age_s=3.812999999965541 diagnostic_fast_mode=False
2026-08-31 15:11:12.840 | DEBUG    | winwatt_automation.live_ui.app_connector:get_cached_main_window:566 - DBG_PHASE_TIMING phase=get_cached_main_window elapsed_ms=0.000 reason_code=cache_reused_without_validation
2026-08-31 15:11:12.977 | DEBUG    | winwatt_automation.live_ui.app_connector:get_cached_main_window:565 - DBG_WINWATT_CACHE_GET reason_code=cache_reused_without_validation payload={'wrapper_type': 'UIAWrapper', 'handle': 141297748, 'process_id': 16312, 'title': 'WinWatt gólya - C:\\Users\\Admin\\Documents\\GitHub\\autowinwatt\\winwatt_automation\\data\\runtime_maps\\full_authorized_sandbox\\adaptive_anyagok_efficient_v4_20260831', 'class_name': 'TMainForm', 'control_type': 'Window'} last_validation_age_s=3.952999999979511 diagnostic_fast_mode=False
2026-08-31 15:11:12.982 | DEBUG    | winwatt_automation.live_ui.app_connector:get_cached_main_window:566 - DBG_PHASE_TIMING phase=get_cached_main_window elapsed_ms=16.000 reason_code=cache_reused_without_validation
2026-08-31 15:11:12.982 | DEBUG    | winwatt_automation.live_ui.app_connector:get_cached_main_window:565 - DBG_WINWATT_CACHE_GET reason_code=cache_reused_without_validation payload={'wrapper_type': 'UIAWrapper', 'handle': 141297748, 'process_id': 16312, 'title': 'WinWatt gólya - C:\\Users\\Admin\\Documents\\GitHub\\autowinwatt\\winwatt_automation\\data\\runtime_maps\\full_authorized_sandbox\\adaptive_anyagok_efficient_v4_20260831', 'class_name': 'TMainForm', 'control_type': 'Window'} last_validation_age_s=3.969000000040978 diagnostic_fast_mode=False
2026-08-31 15:11:12.982 | DEBUG    | winwatt_automation.live_ui.app_connector:get_cached_main_window:566 - DBG_PHASE_TIMING phase=get_cached_main_window elapsed_ms=0.000 reason_code=cache_reused_without_validation
2026-08-31 15:11:13.467 | INFO     | winwatt_automation.live_ui.menu_helpers:_menu_items:1101 - DBG_MENU_ITEMS_SUMMARY total_items=7 visible_items=7 topbar_band=(0, 0, 392, 53) topbar_band_visible_count=7 popup_region_visible_count=0 force_refresh=True handle=141297748
2026-08-31 15:11:13.471 | DEBUG    | winwatt_automation.live_ui.menu_helpers:_menu_items:1111 - Discovered 7 MenuItem controls
2026-08-31 15:11:13.471 | DEBUG    | winwatt_automation.live_ui.menu_helpers:_log_phase_timing:83 - DBG_PHASE_TIMING phase=_menu_items elapsed_ms=500.000 force_refresh=True total_items=7 visible_items=7
2026-08-31 15:11:13.530 | INFO     | winwatt_automation.live_ui.menu_helpers:list_top_menu_items:1141 - Top-level menu items (raw): ['Rendszer', 'Fájl', 'Jegyzékek', 'Eszközök', 'Beállítások', 'Ablak', 'Súgó']
2026-08-31 15:11:13.530 | DEBUG    | winwatt_automation.live_ui.menu_helpers:_log_phase_timing:83 - DBG_PHASE_TIMING phase=list_top_menu_items elapsed_ms=563.000 count=7
2026-08-31 15:11:14.049 | INFO     | winwatt_automation.live_ui.app_connector:is_winwatt_foreground_context:1161 - DBG_WINWATT_FOREGROUND_CONTEXT expected_handle=141297748 expected_process_id=16312 expected_title=WinWatt gólya - C:\Users\Admin\Documents\GitHub\autowinwatt\winwatt_automation\data\runtime_maps\full_authorized_sandbox\adaptive_anyagok_efficient_v4_20260831 expected_class_name=TMainForm actual_foreground_handle=141297748 actual_foreground_process_id=16312 actual_foreground_title=WinWatt gólya - C:\Users\Admin\Documents\GitHub\autowinwatt\winwatt_automation\data\runtime_maps\full_authorized_sandbox\adaptive_anyagok_efficient_v4_20260831 actual_foreground_class_name=TMainForm allow_dialog=True result_reason=handle_match
2026-08-31 15:11:14.057 | INFO     | winwatt_automation.live_ui.app_connector:_cached_window_health_status:489 - DBG_WINWATT_CACHE_HEALTH reason_code=healthy payload={'wrapper_type': 'UIAWrapper', 'handle': 141297748, 'process_id': 16312, 'title': 'WinWatt gólya - C:\\Users\\Admin\\Documents\\GitHub\\autowinwatt\\winwatt_automation\\data\\runtime_maps\\full_authorized_sandbox\\adaptive_anyagok_efficient_v4_20260831', 'class_name': 'TMainForm', 'control_type': 'Window'}
2026-08-31 15:11:14.057 | DEBUG    | winwatt_automation.live_ui.app_connector:get_cached_main_window:574 - DBG_WINWATT_CACHE_GET reason_code=cache_validated_ok payload={'wrapper_type': 'UIAWrapper', 'handle': 141297748, 'process_id': 16312, 'title': 'WinWatt gólya - C:\\Users\\Admin\\Documents\\GitHub\\autowinwatt\\winwatt_automation\\data\\runtime_maps\\full_authorized_sandbox\\adaptive_anyagok_efficient_v4_20260831', 'class_name': 'TMainForm', 'control_type': 'Window'} last_validation_age_s=5.032000000006519 diagnostic_fast_mode=False
2026-08-31 15:11:14.057 | DEBUG    | winwatt_automation.live_ui.app_connector:get_cached_main_window:575 - DBG_PHASE_TIMING phase=get_cached_main_window elapsed_ms=0.000 reason_code=cache_validated_ok
2026-08-31 15:11:14.199 | DEBUG    | winwatt_automation.live_ui.app_connector:get_cached_main_window:565 - DBG_WINWATT_CACHE_GET reason_code=cache_reused_without_validation payload={'wrapper_type': 'UIAWrapper', 'handle': 141297748, 'process_id': 16312, 'title': 'WinWatt gólya - C:\\Users\\Admin\\Documents\\GitHub\\autowinwatt\\winwatt_automation\\data\\runtime_maps\\full_authorized_sandbox\\adaptive_anyagok_efficient_v4_20260831', 'class_name': 'TMainForm', 'control_type': 'Window'} last_validation_age_s=0.125 diagnostic_fast_mode=False
2026-08-31 15:11:14.199 | DEBUG    | winwatt_automation.live_ui.app_connector:get_cached_main_window:566 - DBG_PHASE_TIMING phase=get_cached_main_window elapsed_ms=15.000 reason_code=cache_reused_without_validation
2026-08-31 15:11:14.199 | DEBUG    | winwatt_automation.live_ui.app_connector:get_cached_main_window:565 - DBG_WINWATT_CACHE_GET reason_code=cache_reused_without_validation payload={'wrapper_type': 'UIAWrapper', 'handle': 141297748, 'process_id': 16312, 'title': 'WinWatt gólya - C:\\Users\\Admin\\Documents\\GitHub\\autowinwatt\\winwatt_automation\\data\\runtime_maps\\full_authorized_sandbox\\adaptive_anyagok_efficient_v4_20260831', 'class_name': 'TMainForm', 'control_type': 'Window'} last_validation_age_s=0.14000000001396984 diagnostic_fast_mode=False
2026-08-31 15:11:14.199 | DEBUG    | winwatt_automation.live_ui.app_connector:get_cached_main_window:566 - DBG_PHASE_TIMING phase=get_cached_main_window elapsed_ms=0.000 reason_code=cache_reused_without_validation
2026-08-31 15:11:14.675 | INFO     | winwatt_automation.live_ui.menu_helpers:_menu_items:1101 - DBG_MENU_ITEMS_SUMMARY total_items=7 visible_items=7 topbar_band=(0, 0, 392, 53) topbar_band_visible_count=7 popup_region_visible_count=0 force_refresh=True handle=141297748
2026-08-31 15:11:14.675 | DEBUG    | winwatt_automation.live_ui.menu_helpers:_menu_items:1111 - Discovered 7 MenuItem controls
2026-08-31 15:11:14.675 | DEBUG    | winwatt_automation.live_ui.menu_helpers:_log_phase_timing:83 - DBG_PHASE_TIMING phase=_menu_items elapsed_ms=500.000 force_refresh=True total_items=7 visible_items=7
2026-08-31 15:11:14.765 | INFO     | winwatt_automation.live_ui.menu_helpers:list_top_menu_items:1141 - Top-level menu items (raw): ['Rendszer', 'Fájl', 'Jegyzékek', 'Eszközök', 'Beállítások', 'Ablak', 'Súgó']
2026-08-31 15:11:14.769 | DEBUG    | winwatt_automation.live_ui.menu_helpers:_log_phase_timing:83 - DBG_PHASE_TIMING phase=list_top_menu_items elapsed_ms=593.000 count=7
2026-08-31 15:11:15.272 | DEBUG    | winwatt_automation.live_ui.app_connector:get_cached_main_window:565 - DBG_WINWATT_CACHE_GET reason_code=cache_reused_without_validation payload={'wrapper_type': 'UIAWrapper', 'handle': 141297748, 'process_id': 16312, 'title': 'WinWatt gólya - C:\\Users\\Admin\\Documents\\GitHub\\autowinwatt\\winwatt_automation\\data\\runtime_maps\\full_authorized_sandbox\\adaptive_anyagok_efficient_v4_20260831', 'class_name': 'TMainForm', 'control_type': 'Window'} last_validation_age_s=1.2179999999934807 diagnostic_fast_mode=False
2026-08-31 15:11:15.276 | DEBUG    | winwatt_automation.live_ui.app_connector:get_cached_main_window:566 - DBG_PHASE_TIMING phase=get_cached_main_window elapsed_ms=0.000 reason_code=cache_reused_without_validation
2026-08-31 15:11:15.414 | DEBUG    | winwatt_automation.live_ui.app_connector:get_cached_main_window:565 - DBG_WINWATT_CACHE_GET reason_code=cache_reused_without_validation payload={'wrapper_type': 'UIAWrapper', 'handle': 141297748, 'process_id': 16312, 'title': 'WinWatt gólya - C:\\Users\\Admin\\Documents\\GitHub\\autowinwatt\\winwatt_automation\\data\\runtime_maps\\full_authorized_sandbox\\adaptive_anyagok_efficient_v4_20260831', 'class_name': 'TMainForm', 'control_type': 'Window'} last_validation_age_s=1.359000000054948 diagnostic_fast_mode=False
2026-08-31 15:11:15.414 | DEBUG    | winwatt_automation.live_ui.app_connector:get_cached_main_window:566 - DBG_PHASE_TIMING phase=get_cached_main_window elapsed_ms=0.000 reason_code=cache_reused_without_validation
2026-08-31 15:11:15.414 | DEBUG    | winwatt_automation.live_ui.app_connector:get_cached_main_window:565 - DBG_WINWATT_CACHE_GET reason_code=cache_reused_without_validation payload={'wrapper_type': 'UIAWrapper', 'handle': 141297748, 'process_id': 16312, 'title': 'WinWatt gólya - C:\\Users\\Admin\\Documents\\GitHub\\autowinwatt\\winwatt_automation\\data\\runtime_maps\\full_authorized_sandbox\\adaptive_anyagok_efficient_v4_20260831', 'class_name': 'TMainForm', 'control_type': 'Window'} last_validation_age_s=1.359000000054948 diagnostic_fast_mode=False
2026-08-31 15:11:15.414 | DEBUG    | winwatt_automation.live_ui.app_connector:get_cached_main_window:566 - DBG_PHASE_TIMING phase=get_cached_main_window elapsed_ms=0.000 reason_code=cache_reused_without_validation
2026-08-31 15:11:15.933 | INFO     | winwatt_automation.live_ui.menu_helpers:_menu_items:1101 - DBG_MENU_ITEMS_SUMMARY total_items=7 visible_items=7 topbar_band=(0, 0, 392, 53) topbar_band_visible_count=7 popup_region_visible_count=0 force_refresh=True handle=141297748
2026-08-31 15:11:15.933 | DEBUG    | winwatt_automation.live_ui.menu_helpers:_menu_items:1111 - Discovered 7 MenuItem controls
2026-08-31 15:11:15.941 | DEBUG    | winwatt_automation.live_ui.menu_helpers:_log_phase_timing:83 - DBG_PHASE_TIMING phase=_menu_items elapsed_ms=531.000 force_refresh=True total_items=7 visible_items=7
2026-08-31 15:11:16.026 | INFO     | winwatt_automation.live_ui.menu_helpers:list_top_menu_items:1141 - Top-level menu items (raw): ['Rendszer', 'Fájl', 'Jegyzékek', 'Eszközök', 'Beállítások', 'Ablak', 'Súgó']
2026-08-31 15:11:16.031 | DEBUG    | winwatt_automation.live_ui.menu_helpers:_log_phase_timing:83 - DBG_PHASE_TIMING phase=list_top_menu_items elapsed_ms=625.000 count=7
2026-08-31 15:11:16.537 | DEBUG    | winwatt_automation.live_ui.app_connector:get_cached_main_window:565 - DBG_WINWATT_CACHE_GET reason_code=cache_reused_without_validation payload={'wrapper_type': 'UIAWrapper', 'handle': 141297748, 'process_id': 16312, 'title': 'WinWatt gólya - C:\\Users\\Admin\\Documents\\GitHub\\autowinwatt\\winwatt_automation\\data\\runtime_maps\\full_authorized_sandbox\\adaptive_anyagok_efficient_v4_20260831', 'class_name': 'TMainForm', 'control_type': 'Window'} last_validation_age_s=2.484000000054948 diagnostic_fast_mode=False
2026-08-31 15:11:16.537 | DEBUG    | winwatt_automation.live_ui.app_connector:get_cached_main_window:566 - DBG_PHASE_TIMING phase=get_cached_main_window elapsed_ms=0.000 reason_code=cache_reused_without_validation
2026-08-31 15:11:16.726 | DEBUG    | winwatt_automation.live_ui.app_connector:get_cached_main_window:565 - DBG_WINWATT_CACHE_GET reason_code=cache_reused_without_validation payload={'wrapper_type': 'UIAWrapper', 'handle': 141297748, 'process_id': 16312, 'title': 'WinWatt gólya - C:\\Users\\Admin\\Documents\\GitHub\\autowinwatt\\winwatt_automation\\data\\runtime_maps\\full_authorized_sandbox\\adaptive_anyagok_efficient_v4_20260831', 'class_name': 'TMainForm', 'control_type': 'Window'} last_validation_age_s=2.6709999999729916 diagnostic_fast_mode=False
2026-08-31 15:11:16.726 | DEBUG    | winwatt_automation.live_ui.app_connector:get_cached_main_window:566 - DBG_PHASE_TIMING phase=get_cached_main_window elapsed_ms=0.000 reason_code=cache_reused_without_validation
2026-08-31 15:11:16.726 | DEBUG    | winwatt_automation.live_ui.app_connector:get_cached_main_window:565 - DBG_WINWATT_CACHE_GET reason_code=cache_reused_without_validation payload={'wrapper_type': 'UIAWrapper', 'handle': 141297748, 'process_id': 16312, 'title': 'WinWatt gólya - C:\\Users\\Admin\\Documents\\GitHub\\autowinwatt\\winwatt_automation\\data\\runtime_maps\\full_authorized_sandbox\\adaptive_anyagok_efficient_v4_20260831', 'class_name': 'TMainForm', 'control_type': 'Window'} last_validation_age_s=2.6709999999729916 diagnostic_fast_mode=False
2026-08-31 15:11:16.726 | DEBUG    | winwatt_automation.live_ui.app_connector:get_cached_main_window:566 - DBG_PHASE_TIMING phase=get_cached_main_window elapsed_ms=0.000 reason_code=cache_reused_without_validation
2026-08-31 15:11:17.252 | INFO     | winwatt_automation.live_ui.menu_helpers:_menu_items:1101 - DBG_MENU_ITEMS_SUMMARY total_items=7 visible_items=7 topbar_band=(0, 0, 392, 53) topbar_band_visible_count=7 popup_region_visible_count=0 force_refresh=True handle=141297748
2026-08-31 15:11:17.252 | DEBUG    | winwatt_automation.live_ui.menu_helpers:_menu_items:1111 - Discovered 7 MenuItem controls
2026-08-31 15:11:17.252 | DEBUG    | winwatt_automation.live_ui.menu_helpers:_log_phase_timing:83 - DBG_PHASE_TIMING phase=_menu_items elapsed_ms=532.000 force_refresh=True total_items=7 visible_items=7
2026-08-31 15:11:17.317 | INFO     | winwatt_automation.live_ui.menu_helpers:list_top_menu_items:1141 - Top-level menu items (raw): ['Rendszer', 'Fájl', 'Jegyzékek', 'Eszközök', 'Beállítások', 'Ablak', 'Súgó']
2026-08-31 15:11:17.317 | DEBUG    | winwatt_automation.live_ui.menu_helpers:_log_phase_timing:83 - DBG_PHASE_TIMING phase=list_top_menu_items elapsed_ms=594.000 count=7
2026-08-31 15:11:17.831 | DEBUG    | winwatt_automation.live_ui.app_connector:get_cached_main_window:565 - DBG_WINWATT_CACHE_GET reason_code=cache_reused_without_validation payload={'wrapper_type': 'UIAWrapper', 'handle': 141297748, 'process_id': 16312, 'title': 'WinWatt gólya - C:\\Users\\Admin\\Documents\\GitHub\\autowinwatt\\winwatt_automation\\data\\runtime_maps\\full_authorized_sandbox\\adaptive_anyagok_efficient_v4_20260831', 'class_name': 'TMainForm', 'control_type': 'Window'} last_validation_age_s=3.780999999959022 diagnostic_fast_mode=False
2026-08-31 15:11:17.831 | DEBUG    | winwatt_automation.live_ui.app_connector:get_cached_main_window:566 - DBG_PHASE_TIMING phase=get_cached_main_window elapsed_ms=0.000 reason_code=cache_reused_without_validation
2026-08-31 15:11:29.029 | INFO     | winwatt_automation.live_ui.app_connector:is_winwatt_foreground_context:1161 - DBG_WINWATT_FOREGROUND_CONTEXT expected_handle=141297748 expected_process_id=16312 expected_title=WinWatt gólya - C:\Users\Admin\Documents\GitHub\autowinwatt\winwatt_automation\data\runtime_maps\full_authorized_sandbox\adaptive_anyagok_efficient_v4_20260831 expected_class_name=TMainForm actual_foreground_handle=141297748 actual_foreground_process_id=16312 actual_foreground_title=WinWatt gólya - C:\Users\Admin\Documents\GitHub\autowinwatt\winwatt_automation\data\runtime_maps\full_authorized_sandbox\adaptive_anyagok_efficient_v4_20260831 actual_foreground_class_name=TMainForm allow_dialog=True result_reason=handle_match
2026-08-31 15:11:29.045 | INFO     | winwatt_automation.live_ui.app_connector:_cached_window_health_status:489 - DBG_WINWATT_CACHE_HEALTH reason_code=healthy payload={'wrapper_type': 'UIAWrapper', 'handle': 141297748, 'process_id': 16312, 'title': 'WinWatt gólya - C:\\Users\\Admin\\Documents\\GitHub\\autowinwatt\\winwatt_automation\\data\\runtime_maps\\full_authorized_sandbox\\adaptive_anyagok_efficient_v4_20260831', 'class_name': 'TMainForm', 'control_type': 'Window'}
2026-08-31 15:11:29.045 | DEBUG    | winwatt_automation.live_ui.app_connector:get_cached_main_window:574 - DBG_WINWATT_CACHE_GET reason_code=cache_validated_ok payload={'wrapper_type': 'UIAWrapper', 'handle': 141297748, 'process_id': 16312, 'title': 'WinWatt gólya - C:\\Users\\Admin\\Documents\\GitHub\\autowinwatt\\winwatt_automation\\data\\runtime_maps\\full_authorized_sandbox\\adaptive_anyagok_efficient_v4_20260831', 'class_name': 'TMainForm', 'control_type': 'Window'} last_validation_age_s=14.984000000054948 diagnostic_fast_mode=False
2026-08-31 15:11:29.045 | DEBUG    | winwatt_automation.live_ui.app_connector:get_cached_main_window:575 - DBG_PHASE_TIMING phase=get_cached_main_window elapsed_ms=16.000 reason_code=cache_validated_ok
2026-08-31 15:11:32.437 | INFO     | winwatt_automation.live_ui.app_connector:get_cached_main_window:597 - DBG_WINWATT_CACHE_GET reason_code=cache_missing_resolving_fresh diagnostic_fast_mode=False
2026-08-31 15:11:32.699 | DEBUG    | winwatt_automation.live_ui.app_connector:list_candidate_windows:180 - Discovered 0 WinWatt-like windows on backend=win32
2026-08-31 15:11:32.699 | INFO     | winwatt_automation.live_ui.app_connector:_connect_with_win32_handle:276 - DBG_WINWATT_CONNECT_WIN32_CANDIDATES locator=backend=win32 ranked_candidates=[] 
2026-08-31 15:11:32.700 | WARNING  | winwatt_automation.runtime_mapping.program_mapper:_safe_capture_snapshot:191 - snapshot_capture_failed state_id=startup_after_relaunch error=No WinWatt-like windows were found
2026-08-31 15:11:33.201 | INFO     | winwatt_automation.live_ui.app_connector:get_cached_main_window:597 - DBG_WINWATT_CACHE_GET reason_code=cache_missing_resolving_fresh diagnostic_fast_mode=False
2026-08-31 15:11:35.829 | DEBUG    | winwatt_automation.live_ui.app_connector:list_candidate_windows:180 - Discovered 0 WinWatt-like windows on backend=win32
2026-08-31 15:11:35.829 | INFO     | winwatt_automation.live_ui.app_connector:_connect_with_win32_handle:276 - DBG_WINWATT_CONNECT_WIN32_CANDIDATES locator=backend=win32 ranked_candidates=[] 
2026-08-31 15:11:35.829 | WARNING  | winwatt_automation.runtime_mapping.program_mapper:_safe_capture_snapshot:191 - snapshot_capture_failed state_id=startup_after_relaunch error=No WinWatt-like windows were found
2026-08-31 15:11:36.337 | INFO     | winwatt_automation.live_ui.app_connector:get_cached_main_window:597 - DBG_WINWATT_CACHE_GET reason_code=cache_missing_resolving_fresh diagnostic_fast_mode=False
2026-08-31 15:11:37.954 | DEBUG    | winwatt_automation.live_ui.app_connector:list_candidate_windows:180 - Discovered 0 WinWatt-like windows on backend=win32
2026-08-31 15:11:37.954 | INFO     | winwatt_automation.live_ui.app_connector:_connect_with_win32_handle:276 - DBG_WINWATT_CONNECT_WIN32_CANDIDATES locator=backend=win32 ranked_candidates=[] 
2026-08-31 15:11:37.954 | WARNING  | winwatt_automation.runtime_mapping.program_mapper:_safe_capture_snapshot:191 - snapshot_capture_failed state_id=startup_after_relaunch error=No WinWatt-like windows were found
2026-08-31 15:11:38.470 | INFO     | winwatt_automation.live_ui.app_connector:get_cached_main_window:597 - DBG_WINWATT_CACHE_GET reason_code=cache_missing_resolving_fresh diagnostic_fast_mode=False
2026-08-31 15:11:38.545 | DEBUG    | winwatt_automation.live_ui.app_connector:list_candidate_windows:180 - Discovered 0 WinWatt-like windows on backend=win32
2026-08-31 15:11:38.548 | INFO     | winwatt_automation.live_ui.app_connector:_connect_with_win32_handle:276 - DBG_WINWATT_CONNECT_WIN32_CANDIDATES locator=backend=win32 ranked_candidates=[] 
2026-08-31 15:11:38.548 | WARNING  | winwatt_automation.runtime_mapping.program_mapper:_safe_capture_snapshot:191 - snapshot_capture_failed state_id=startup_after_relaunch error=No WinWatt-like windows were found
2026-08-31 15:11:39.052 | INFO     | winwatt_automation.live_ui.app_connector:get_cached_main_window:597 - DBG_WINWATT_CACHE_GET reason_code=cache_missing_resolving_fresh diagnostic_fast_mode=False
2026-08-31 15:11:39.153 | DEBUG    | winwatt_automation.live_ui.app_connector:list_candidate_windows:180 - Discovered 0 WinWatt-like windows on backend=win32
2026-08-31 15:11:39.157 | INFO     | winwatt_automation.live_ui.app_connector:_connect_with_win32_handle:276 - DBG_WINWATT_CONNECT_WIN32_CANDIDATES locator=backend=win32 ranked_candidates=[] 
2026-08-31 15:11:39.158 | WARNING  | winwatt_automation.runtime_mapping.program_mapper:_safe_capture_snapshot:191 - snapshot_capture_failed state_id=startup_after_relaunch error=No WinWatt-like windows were found
2026-08-31 15:11:39.660 | INFO     | winwatt_automation.live_ui.app_connector:get_cached_main_window:597 - DBG_WINWATT_CACHE_GET reason_code=cache_missing_resolving_fresh diagnostic_fast_mode=False
2026-08-31 15:11:39.738 | DEBUG    | winwatt_automation.live_ui.app_connector:list_candidate_windows:180 - Discovered 0 WinWatt-like windows on backend=win32
2026-08-31 15:11:39.738 | INFO     | winwatt_automation.live_ui.app_connector:_connect_with_win32_handle:276 - DBG_WINWATT_CONNECT_WIN32_CANDIDATES locator=backend=win32 ranked_candidates=[] 
2026-08-31 15:11:39.738 | WARNING  | winwatt_automation.runtime_mapping.program_mapper:_safe_capture_snapshot:191 - snapshot_capture_failed state_id=startup_after_relaunch error=No WinWatt-like windows were found
2026-08-31 15:11:40.245 | INFO     | winwatt_automation.live_ui.app_connector:get_cached_main_window:597 - DBG_WINWATT_CACHE_GET reason_code=cache_missing_resolving_fresh diagnostic_fast_mode=False
2026-08-31 15:11:40.321 | DEBUG    | winwatt_automation.live_ui.app_connector:list_candidate_windows:180 - Discovered 0 WinWatt-like windows on backend=win32
2026-08-31 15:11:40.326 | INFO     | winwatt_automation.live_ui.app_connector:_connect_with_win32_handle:276 - DBG_WINWATT_CONNECT_WIN32_CANDIDATES locator=backend=win32 ranked_candidates=[] 
2026-08-31 15:11:40.326 | WARNING  | winwatt_automation.runtime_mapping.program_mapper:_safe_capture_snapshot:191 - snapshot_capture_failed state_id=startup_after_relaunch error=No WinWatt-like windows were found
2026-08-31 15:11:40.827 | INFO     | winwatt_automation.live_ui.app_connector:get_cached_main_window:597 - DBG_WINWATT_CACHE_GET reason_code=cache_missing_resolving_fresh diagnostic_fast_mode=False
2026-08-31 15:11:40.913 | DEBUG    | winwatt_automation.live_ui.app_connector:list_candidate_windows:180 - Discovered 0 WinWatt-like windows on backend=win32
2026-08-31 15:11:40.913 | INFO     | winwatt_automation.live_ui.app_connector:_connect_with_win32_handle:276 - DBG_WINWATT_CONNECT_WIN32_CANDIDATES locator=backend=win32 ranked_candidates=[] 
2026-08-31 15:11:40.913 | WARNING  | winwatt_automation.runtime_mapping.program_mapper:_safe_capture_snapshot:191 - snapshot_capture_failed state_id=startup_after_relaunch error=No WinWatt-like windows were found
2026-08-31 15:11:41.421 | INFO     | winwatt_automation.live_ui.app_connector:get_cached_main_window:597 - DBG_WINWATT_CACHE_GET reason_code=cache_missing_resolving_fresh diagnostic_fast_mode=False
2026-08-31 15:11:41.492 | DEBUG    | winwatt_automation.live_ui.app_connector:list_candidate_windows:180 - Discovered 0 WinWatt-like windows on backend=win32
2026-08-31 15:11:41.497 | INFO     | winwatt_automation.live_ui.app_connector:_connect_with_win32_handle:276 - DBG_WINWATT_CONNECT_WIN32_CANDIDATES locator=backend=win32 ranked_candidates=[] 
2026-08-31 15:11:41.497 | WARNING  | winwatt_automation.runtime_mapping.program_mapper:_safe_capture_snapshot:191 - snapshot_capture_failed state_id=startup_after_relaunch error=No WinWatt-like windows were found
2026-08-31 15:11:41.999 | INFO     | winwatt_automation.live_ui.app_connector:get_cached_main_window:597 - DBG_WINWATT_CACHE_GET reason_code=cache_missing_resolving_fresh diagnostic_fast_mode=False
2026-08-31 15:11:42.080 | DEBUG    | winwatt_automation.live_ui.app_connector:list_candidate_windows:180 - Discovered 0 WinWatt-like windows on backend=win32
2026-08-31 15:11:42.080 | INFO     | winwatt_automation.live_ui.app_connector:_connect_with_win32_handle:276 - DBG_WINWATT_CONNECT_WIN32_CANDIDATES locator=backend=win32 ranked_candidates=[] 
2026-08-31 15:11:42.080 | WARNING  | winwatt_automation.runtime_mapping.program_mapper:_safe_capture_snapshot:191 - snapshot_capture_failed state_id=startup_after_relaunch error=No WinWatt-like windows were found
2026-08-31 15:11:42.592 | INFO     | winwatt_automation.live_ui.app_connector:get_cached_main_window:597 - DBG_WINWATT_CACHE_GET reason_code=cache_missing_resolving_fresh diagnostic_fast_mode=False
2026-08-31 15:11:42.710 | DEBUG    | winwatt_automation.live_ui.app_connector:list_candidate_windows:180 - Discovered 0 WinWatt-like windows on backend=win32
2026-08-31 15:11:42.712 | INFO     | winwatt_automation.live_ui.app_connector:_connect_with_win32_handle:276 - DBG_WINWATT_CONNECT_WIN32_CANDIDATES locator=backend=win32 ranked_candidates=[] 
2026-08-31 15:11:42.712 | WARNING  | winwatt_automation.runtime_mapping.program_mapper:_safe_capture_snapshot:191 - snapshot_capture_failed state_id=startup_after_relaunch error=No WinWatt-like windows were found
2026-08-31 15:11:43.216 | INFO     | winwatt_automation.live_ui.app_connector:get_cached_main_window:597 - DBG_WINWATT_CACHE_GET reason_code=cache_missing_resolving_fresh diagnostic_fast_mode=False
2026-08-31 15:11:43.320 | DEBUG    | winwatt_automation.live_ui.app_connector:list_candidate_windows:180 - Discovered 0 WinWatt-like windows on backend=win32
2026-08-31 15:11:43.325 | INFO     | winwatt_automation.live_ui.app_connector:_connect_with_win32_handle:276 - DBG_WINWATT_CONNECT_WIN32_CANDIDATES locator=backend=win32 ranked_candidates=[] 
2026-08-31 15:11:43.325 | WARNING  | winwatt_automation.runtime_mapping.program_mapper:_safe_capture_snapshot:191 - snapshot_capture_failed state_id=startup_after_relaunch error=No WinWatt-like windows were found
2026-08-31 15:11:43.827 | INFO     | winwatt_automation.live_ui.app_connector:get_cached_main_window:597 - DBG_WINWATT_CACHE_GET reason_code=cache_missing_resolving_fresh diagnostic_fast_mode=False
2026-08-31 15:11:43.928 | DEBUG    | winwatt_automation.live_ui.app_connector:list_candidate_windows:180 - Discovered 0 WinWatt-like windows on backend=win32
2026-08-31 15:11:43.928 | INFO     | winwatt_automation.live_ui.app_connector:_connect_with_win32_handle:276 - DBG_WINWATT_CONNECT_WIN32_CANDIDATES locator=backend=win32 ranked_candidates=[] 
2026-08-31 15:11:43.928 | WARNING  | winwatt_automation.runtime_mapping.program_mapper:_safe_capture_snapshot:191 - snapshot_capture_failed state_id=startup_after_relaunch error=No WinWatt-like windows were found
2026-08-31 15:11:44.434 | INFO     | winwatt_automation.live_ui.app_connector:get_cached_main_window:597 - DBG_WINWATT_CACHE_GET reason_code=cache_missing_resolving_fresh diagnostic_fast_mode=False
2026-08-31 15:11:44.507 | DEBUG    | winwatt_automation.live_ui.app_connector:list_candidate_windows:180 - Discovered 1 WinWatt-like windows on backend=win32
2026-08-31 15:11:44.507 | DEBUG    | winwatt_automation.live_ui.app_connector:list_candidate_windows:182 - Candidate[win32]: {'title': 'WinWatt gólya - C:\\Users\\Admin\\Documents\\GitHub\\autowinwatt\\winwatt_automation\\data\\runtime_maps\\full_authorized_sandbox\\adaptive_anyagok_efficient_v4_20260831', 'window_text': 'WinWatt gólya - C:\\Users\\Admin\\Documents\\GitHub\\autowinwatt\\winwatt_automation\\data\\runtime_maps\\full_authorized_sandbox\\adaptive_anyagok_efficient_v4_20260831', 'class_name': 'TMainForm', 'control_type': None, 'process_id': 17092, 'handle': None, 'is_visible': True, 'is_enabled': True, 'rectangle': {'left': -10, 'top': -10, 'right': 1930, 'bottom': 1030, 'width': 1940, 'height': 1040}, 'size': {'width': 1940, 'height': 1040}}
2026-08-31 15:11:44.507 | INFO     | winwatt_automation.live_ui.app_connector:_connect_with_win32_handle:276 - DBG_WINWATT_CONNECT_WIN32_CANDIDATES locator=backend=win32 ranked_candidates=[{'rank': 1, 'score': (1, 1, 1, 1, 2017600), 'process_id': 17092, 'handle': None, 'class_name': 'TMainForm', 'title': 'WinWatt gólya - C:\\Users\\Admin\\Documents\\GitHub\\autowinwatt\\winwatt_automation\\data\\runtime_maps\\full_authorized_sandbox\\adaptive_anyagok_efficient_v4_20260831', 'visible': True, 'enabled': True}] 
2026-08-31 15:11:44.507 | INFO     | winwatt_automation.live_ui.app_connector:select_main_window:224 - Candidate ranking score=(1, 1, 1, 1, 2017600) data={'title': 'WinWatt gólya - C:\\Users\\Admin\\Documents\\GitHub\\autowinwatt\\winwatt_automation\\data\\runtime_maps\\full_authorized_sandbox\\adaptive_anyagok_efficient_v4_20260831', 'window_text': 'WinWatt gólya - C:\\Users\\Admin\\Documents\\GitHub\\autowinwatt\\winwatt_automation\\data\\runtime_maps\\full_authorized_sandbox\\adaptive_anyagok_efficient_v4_20260831', 'class_name': 'TMainForm', 'control_type': None, 'process_id': 17092, 'handle': None, 'is_visible': True, 'is_enabled': True, 'rectangle': {'left': -10, 'top': -10, 'right': 1930, 'bottom': 1030, 'width': 1940, 'height': 1040}, 'size': {'width': 1940, 'height': 1040}}
2026-08-31 15:11:44.507 | INFO     | winwatt_automation.live_ui.app_connector:select_main_window:234 - Selected main window process_id=17092 handle=None score=(1, 1, 1, 1, 2017600) reasons=['has_process_id=True', 'has_handle=False', 'visible=True', 'enabled=True', 'title_has_winwatt=True', 'area=2017600']
2026-08-31 15:11:44.507 | INFO     | winwatt_automation.live_ui.app_connector:_connect_with_win32_handle:293 - DBG_WINWATT_CONNECT_WIN32_SELECTED selected_payload={'title': 'WinWatt gólya - C:\\Users\\Admin\\Documents\\GitHub\\autowinwatt\\winwatt_automation\\data\\runtime_maps\\full_authorized_sandbox\\adaptive_anyagok_efficient_v4_20260831', 'window_text': 'WinWatt gólya - C:\\Users\\Admin\\Documents\\GitHub\\autowinwatt\\winwatt_automation\\data\\runtime_maps\\full_authorized_sandbox\\adaptive_anyagok_efficient_v4_20260831', 'class_name': 'TMainForm', 'control_type': None, 'process_id': 17092, 'handle': None, 'is_visible': True, 'is_enabled': True, 'rectangle': {'left': -10, 'top': -10, 'right': 1930, 'bottom': 1030, 'width': 1940, 'height': 1040}, 'size': {'width': 1940, 'height': 1040}} selected_handle_is_none=True
2026-08-31 15:11:44.507 | INFO     | winwatt_automation.live_ui.app_connector:_connect_with_win32_handle:336 - Connected to WinWatt backend=win32 attach_mode=process candidate={'process_id': 17092, 'handle': None, 'class_name': 'TMainForm', 'title': 'WinWatt gólya - C:\\Users\\Admin\\Documents\\GitHub\\autowinwatt\\winwatt_automation\\data\\runtime_maps\\full_authorized_sandbox\\adaptive_anyagok_efficient_v4_20260831'}
2026-08-31 15:11:44.520 | INFO     | winwatt_automation.live_ui.app_connector:_connect_with_win32_handle:350 - DBG_WINWATT_CONNECT_WIN32_RESOLVED process_id=17092 resolved_handle=None selected_payload={'title': 'WinWatt gólya - C:\\Users\\Admin\\Documents\\GitHub\\autowinwatt\\winwatt_automation\\data\\runtime_maps\\full_authorized_sandbox\\adaptive_anyagok_efficient_v4_20260831', 'window_text': 'WinWatt gólya - C:\\Users\\Admin\\Documents\\GitHub\\autowinwatt\\winwatt_automation\\data\\runtime_maps\\full_authorized_sandbox\\adaptive_anyagok_efficient_v4_20260831', 'class_name': 'TMainForm', 'control_type': None, 'process_id': 17092, 'handle': None, 'is_visible': True, 'is_enabled': True, 'rectangle': {'left': -10, 'top': -10, 'right': 1930, 'bottom': 1030, 'width': 1940, 'height': 1040}, 'size': {'width': 1940, 'height': 1040}}
2026-08-31 15:11:44.520 | INFO     | winwatt_automation.live_ui.app_connector:_resolve_uia_main_window:382 - DBG_WINWATT_RESOLVE_UIA_WIN32_SELECTED selected_payload={'title': 'WinWatt gólya - C:\\Users\\Admin\\Documents\\GitHub\\autowinwatt\\winwatt_automation\\data\\runtime_maps\\full_authorized_sandbox\\adaptive_anyagok_efficient_v4_20260831', 'window_text': 'WinWatt gólya - C:\\Users\\Admin\\Documents\\GitHub\\autowinwatt\\winwatt_automation\\data\\runtime_maps\\full_authorized_sandbox\\adaptive_anyagok_efficient_v4_20260831', 'class_name': 'TMainForm', 'control_type': None, 'process_id': 17092, 'handle': None, 'is_visible': True, 'is_enabled': True, 'rectangle': {'left': -10, 'top': -10, 'right': 1930, 'bottom': 1030, 'width': 1940, 'height': 1040}, 'size': {'width': 1940, 'height': 1040}}
2026-08-31 15:11:44.521 | INFO     | winwatt_automation.live_ui.app_connector:_resolve_uia_main_window:388 - Connected to WinWatt backend=uia process_id=17092
2026-08-31 15:11:44.521 | INFO     | winwatt_automation.live_ui.app_connector:_resolve_uia_main_window:390 - Resolving main WinWatt window backend=uia class_name=TMainForm title_re=.*WinWatt.*
2026-08-31 15:11:44.857 | INFO     | winwatt_automation.live_ui.app_connector:_resolve_uia_main_window:400 - DBG_WINWATT_RESOLVE_UIA_PRIMARY selected_payload={'title': 'WinWatt gólya - C:\\Users\\Admin\\Documents\\GitHub\\autowinwatt\\winwatt_automation\\data\\runtime_maps\\full_authorized_sandbox\\adaptive_anyagok_efficient_v4_20260831', 'window_text': 'WinWatt gólya - C:\\Users\\Admin\\Documents\\GitHub\\autowinwatt\\winwatt_automation\\data\\runtime_maps\\full_authorized_sandbox\\adaptive_anyagok_efficient_v4_20260831', 'class_name': 'TMainForm', 'control_type': None, 'process_id': 17092, 'handle': None, 'is_visible': True, 'is_enabled': True, 'rectangle': {'left': -10, 'top': -10, 'right': 1930, 'bottom': 1030, 'width': 1940, 'height': 1040}, 'size': {'width': 1940, 'height': 1040}} primary_result={'wrapper_type': 'UIAWrapper', 'handle': 198576082, 'process_id': 17092, 'title': 'WinWatt gólya - C:\\Users\\Admin\\Documents\\GitHub\\autowinwatt\\winwatt_automation\\data\\runtime_maps\\full_authorized_sandbox\\adaptive_anyagok_efficient_v4_20260831', 'class_name': 'TMainForm', 'control_type': 'Window'} identity_match_with_win32=None
2026-08-31 15:11:44.857 | DEBUG    | winwatt_automation.live_ui.app_connector:get_cached_main_window:606 - DBG_PHASE_TIMING phase=get_cached_main_window elapsed_ms=422.000 reason_code=fresh_resolve
2026-08-31 15:11:45.015 | DEBUG    | winwatt_automation.live_ui.app_connector:get_cached_main_window:565 - DBG_WINWATT_CACHE_GET reason_code=cache_reused_without_validation payload={'wrapper_type': 'UIAWrapper', 'handle': 198576082, 'process_id': 17092, 'title': 'WinWatt gólya - C:\\Users\\Admin\\Documents\\GitHub\\autowinwatt\\winwatt_automation\\data\\runtime_maps\\full_authorized_sandbox\\adaptive_anyagok_efficient_v4_20260831', 'class_name': 'TMainForm', 'control_type': 'Window'} last_validation_age_s=0.1559999999590218 diagnostic_fast_mode=False
2026-08-31 15:11:45.015 | DEBUG    | winwatt_automation.live_ui.app_connector:get_cached_main_window:566 - DBG_PHASE_TIMING phase=get_cached_main_window elapsed_ms=0.000 reason_code=cache_reused_without_validation
2026-08-31 15:11:45.015 | DEBUG    | winwatt_automation.live_ui.app_connector:get_cached_main_window:565 - DBG_WINWATT_CACHE_GET reason_code=cache_reused_without_validation payload={'wrapper_type': 'UIAWrapper', 'handle': 198576082, 'process_id': 17092, 'title': 'WinWatt gólya - C:\\Users\\Admin\\Documents\\GitHub\\autowinwatt\\winwatt_automation\\data\\runtime_maps\\full_authorized_sandbox\\adaptive_anyagok_efficient_v4_20260831', 'class_name': 'TMainForm', 'control_type': 'Window'} last_validation_age_s=0.1559999999590218 diagnostic_fast_mode=False
2026-08-31 15:11:45.015 | DEBUG    | winwatt_automation.live_ui.app_connector:get_cached_main_window:566 - DBG_PHASE_TIMING phase=get_cached_main_window elapsed_ms=0.000 reason_code=cache_reused_without_validation
2026-08-31 15:11:45.537 | INFO     | winwatt_automation.live_ui.menu_helpers:_menu_items:1101 - DBG_MENU_ITEMS_SUMMARY total_items=7 visible_items=7 topbar_band=(0, 0, 392, 53) topbar_band_visible_count=7 popup_region_visible_count=0 force_refresh=True handle=198576082
2026-08-31 15:11:45.537 | DEBUG    | winwatt_automation.live_ui.menu_helpers:_menu_items:1111 - Discovered 7 MenuItem controls
2026-08-31 15:11:45.537 | DEBUG    | winwatt_automation.live_ui.menu_helpers:_log_phase_timing:83 - DBG_PHASE_TIMING phase=_menu_items elapsed_ms=516.000 force_refresh=True total_items=7 visible_items=7
2026-08-31 15:11:45.616 | INFO     | winwatt_automation.live_ui.menu_helpers:list_top_menu_items:1141 - Top-level menu items (raw): ['Rendszer', 'Fájl', 'Jegyzékek', 'Eszközök', 'Beállítások', 'Ablak', 'Súgó']
2026-08-31 15:11:45.632 | DEBUG    | winwatt_automation.live_ui.menu_helpers:_log_phase_timing:83 - DBG_PHASE_TIMING phase=list_top_menu_items elapsed_ms=610.000 count=7
2026-08-31 15:11:46.143 | DEBUG    | winwatt_automation.live_ui.app_connector:get_cached_main_window:565 - DBG_WINWATT_CACHE_GET reason_code=cache_reused_without_validation payload={'wrapper_type': 'UIAWrapper', 'handle': 198576082, 'process_id': 17092, 'title': 'WinWatt gólya - C:\\Users\\Admin\\Documents\\GitHub\\autowinwatt\\winwatt_automation\\data\\runtime_maps\\full_authorized_sandbox\\adaptive_anyagok_efficient_v4_20260831', 'class_name': 'TMainForm', 'control_type': 'Window'} last_validation_age_s=1.265999999945052 diagnostic_fast_mode=False
2026-08-31 15:11:46.148 | DEBUG    | winwatt_automation.live_ui.app_connector:get_cached_main_window:566 - DBG_PHASE_TIMING phase=get_cached_main_window elapsed_ms=15.000 reason_code=cache_reused_without_validation
2026-08-31 15:11:46.306 | DEBUG    | winwatt_automation.live_ui.app_connector:get_cached_main_window:565 - DBG_WINWATT_CACHE_GET reason_code=cache_reused_without_validation payload={'wrapper_type': 'UIAWrapper', 'handle': 198576082, 'process_id': 17092, 'title': 'WinWatt gólya - C:\\Users\\Admin\\Documents\\GitHub\\autowinwatt\\winwatt_automation\\data\\runtime_maps\\full_authorized_sandbox\\adaptive_anyagok_efficient_v4_20260831', 'class_name': 'TMainForm', 'control_type': 'Window'} last_validation_age_s=1.437999999965541 diagnostic_fast_mode=False
2026-08-31 15:11:46.306 | DEBUG    | winwatt_automation.live_ui.app_connector:get_cached_main_window:566 - DBG_PHASE_TIMING phase=get_cached_main_window elapsed_ms=0.000 reason_code=cache_reused_without_validation
2026-08-31 15:11:46.306 | DEBUG    | winwatt_automation.live_ui.app_connector:get_cached_main_window:565 - DBG_WINWATT_CACHE_GET reason_code=cache_reused_without_validation payload={'wrapper_type': 'UIAWrapper', 'handle': 198576082, 'process_id': 17092, 'title': 'WinWatt gólya - C:\\Users\\Admin\\Documents\\GitHub\\autowinwatt\\winwatt_automation\\data\\runtime_maps\\full_authorized_sandbox\\adaptive_anyagok_efficient_v4_20260831', 'class_name': 'TMainForm', 'control_type': 'Window'} last_validation_age_s=1.437999999965541 diagnostic_fast_mode=False
2026-08-31 15:11:46.306 | DEBUG    | winwatt_automation.live_ui.app_connector:get_cached_main_window:566 - DBG_PHASE_TIMING phase=get_cached_main_window elapsed_ms=0.000 reason_code=cache_reused_without_validation
2026-08-31 15:11:46.782 | INFO     | winwatt_automation.live_ui.menu_helpers:_menu_items:1101 - DBG_MENU_ITEMS_SUMMARY total_items=7 visible_items=7 topbar_band=(0, 0, 392, 53) topbar_band_visible_count=7 popup_region_visible_count=0 force_refresh=True handle=198576082
2026-08-31 15:11:46.782 | DEBUG    | winwatt_automation.live_ui.menu_helpers:_menu_items:1111 - Discovered 7 MenuItem controls
2026-08-31 15:11:46.782 | DEBUG    | winwatt_automation.live_ui.menu_helpers:_log_phase_timing:83 - DBG_PHASE_TIMING phase=_menu_items elapsed_ms=484.000 force_refresh=True total_items=7 visible_items=7
2026-08-31 15:11:46.879 | INFO     | winwatt_automation.live_ui.menu_helpers:list_top_menu_items:1141 - Top-level menu items (raw): ['Rendszer', 'Fájl', 'Jegyzékek', 'Eszközök', 'Beállítások', 'Ablak', 'Súgó']
2026-08-31 15:11:46.879 | DEBUG    | winwatt_automation.live_ui.menu_helpers:_log_phase_timing:83 - DBG_PHASE_TIMING phase=list_top_menu_items elapsed_ms=578.000 count=7
2026-08-31 15:11:47.390 | DEBUG    | winwatt_automation.live_ui.app_connector:get_cached_main_window:565 - DBG_WINWATT_CACHE_GET reason_code=cache_reused_without_validation payload={'wrapper_type': 'UIAWrapper', 'handle': 198576082, 'process_id': 17092, 'title': 'WinWatt gólya - C:\\Users\\Admin\\Documents\\GitHub\\autowinwatt\\winwatt_automation\\data\\runtime_maps\\full_authorized_sandbox\\adaptive_anyagok_efficient_v4_20260831', 'class_name': 'TMainForm', 'control_type': 'Window'} last_validation_age_s=2.530999999959022 diagnostic_fast_mode=False
2026-08-31 15:11:47.390 | DEBUG    | winwatt_automation.live_ui.app_connector:get_cached_main_window:566 - DBG_PHASE_TIMING phase=get_cached_main_window elapsed_ms=0.000 reason_code=cache_reused_without_validation
2026-08-31 15:11:47.540 | DEBUG    | winwatt_automation.live_ui.app_connector:get_cached_main_window:565 - DBG_WINWATT_CACHE_GET reason_code=cache_reused_without_validation payload={'wrapper_type': 'UIAWrapper', 'handle': 198576082, 'process_id': 17092, 'title': 'WinWatt gólya - C:\\Users\\Admin\\Documents\\GitHub\\autowinwatt\\winwatt_automation\\data\\runtime_maps\\full_authorized_sandbox\\adaptive_anyagok_efficient_v4_20260831', 'class_name': 'TMainForm', 'control_type': 'Window'} last_validation_age_s=2.672000000020489 diagnostic_fast_mode=False
2026-08-31 15:11:47.556 | DEBUG    | winwatt_automation.live_ui.app_connector:get_cached_main_window:566 - DBG_PHASE_TIMING phase=get_cached_main_window elapsed_ms=16.000 reason_code=cache_reused_without_validation
2026-08-31 15:11:47.556 | DEBUG    | winwatt_automation.live_ui.app_connector:get_cached_main_window:565 - DBG_WINWATT_CACHE_GET reason_code=cache_reused_without_validation payload={'wrapper_type': 'UIAWrapper', 'handle': 198576082, 'process_id': 17092, 'title': 'WinWatt gólya - C:\\Users\\Admin\\Documents\\GitHub\\autowinwatt\\winwatt_automation\\data\\runtime_maps\\full_authorized_sandbox\\adaptive_anyagok_efficient_v4_20260831', 'class_name': 'TMainForm', 'control_type': 'Window'} last_validation_age_s=2.687999999965541 diagnostic_fast_mode=False
2026-08-31 15:11:47.556 | DEBUG    | winwatt_automation.live_ui.app_connector:get_cached_main_window:566 - DBG_PHASE_TIMING phase=get_cached_main_window elapsed_ms=0.000 reason_code=cache_reused_without_validation
2026-08-31 15:11:48.070 | INFO     | winwatt_automation.live_ui.menu_helpers:_menu_items:1101 - DBG_MENU_ITEMS_SUMMARY total_items=7 visible_items=7 topbar_band=(0, 0, 392, 53) topbar_band_visible_count=7 popup_region_visible_count=0 force_refresh=True handle=198576082
2026-08-31 15:11:48.077 | DEBUG    | winwatt_automation.live_ui.menu_helpers:_menu_items:1111 - Discovered 7 MenuItem controls
2026-08-31 15:11:48.077 | DEBUG    | winwatt_automation.live_ui.menu_helpers:_log_phase_timing:83 - DBG_PHASE_TIMING phase=_menu_items elapsed_ms=547.000 force_refresh=True total_items=7 visible_items=7
2026-08-31 15:11:48.141 | INFO     | winwatt_automation.live_ui.menu_helpers:list_top_menu_items:1141 - Top-level menu items (raw): ['Rendszer', 'Fájl', 'Jegyzékek', 'Eszközök', 'Beállítások', 'Ablak', 'Súgó']
2026-08-31 15:11:48.149 | DEBUG    | winwatt_automation.live_ui.menu_helpers:_log_phase_timing:83 - DBG_PHASE_TIMING phase=list_top_menu_items elapsed_ms=609.000 count=7
2026-08-31 15:11:48.664 | DEBUG    | winwatt_automation.live_ui.app_connector:get_cached_main_window:565 - DBG_WINWATT_CACHE_GET reason_code=cache_reused_without_validation payload={'wrapper_type': 'UIAWrapper', 'handle': 198576082, 'process_id': 17092, 'title': 'WinWatt gólya - C:\\Users\\Admin\\Documents\\GitHub\\autowinwatt\\winwatt_automation\\data\\runtime_maps\\full_authorized_sandbox\\adaptive_anyagok_efficient_v4_20260831', 'class_name': 'TMainForm', 'control_type': 'Window'} last_validation_age_s=3.797000000020489 diagnostic_fast_mode=False
2026-08-31 15:11:48.664 | DEBUG    | winwatt_automation.live_ui.app_connector:get_cached_main_window:566 - DBG_PHASE_TIMING phase=get_cached_main_window elapsed_ms=0.000 reason_code=cache_reused_without_validation
2026-08-31 15:11:48.806 | DEBUG    | winwatt_automation.live_ui.app_connector:get_cached_main_window:565 - DBG_WINWATT_CACHE_GET reason_code=cache_reused_without_validation payload={'wrapper_type': 'UIAWrapper', 'handle': 198576082, 'process_id': 17092, 'title': 'WinWatt gólya - C:\\Users\\Admin\\Documents\\GitHub\\autowinwatt\\winwatt_automation\\data\\runtime_maps\\full_authorized_sandbox\\adaptive_anyagok_efficient_v4_20260831', 'class_name': 'TMainForm', 'control_type': 'Window'} last_validation_age_s=3.937999999965541 diagnostic_fast_mode=False
2026-08-31 15:11:48.806 | DEBUG    | winwatt_automation.live_ui.app_connector:get_cached_main_window:566 - DBG_PHASE_TIMING phase=get_cached_main_window elapsed_ms=0.000 reason_code=cache_reused_without_validation
2026-08-31 15:11:48.806 | DEBUG    | winwatt_automation.live_ui.app_connector:get_cached_main_window:565 - DBG_WINWATT_CACHE_GET reason_code=cache_reused_without_validation payload={'wrapper_type': 'UIAWrapper', 'handle': 198576082, 'process_id': 17092, 'title': 'WinWatt gólya - C:\\Users\\Admin\\Documents\\GitHub\\autowinwatt\\winwatt_automation\\data\\runtime_maps\\full_authorized_sandbox\\adaptive_anyagok_efficient_v4_20260831', 'class_name': 'TMainForm', 'control_type': 'Window'} last_validation_age_s=3.937999999965541 diagnostic_fast_mode=False
2026-08-31 15:11:48.806 | DEBUG    | winwatt_automation.live_ui.app_connector:get_cached_main_window:566 - DBG_PHASE_TIMING phase=get_cached_main_window elapsed_ms=0.000 reason_code=cache_reused_without_validation
2026-08-31 15:11:49.310 | INFO     | winwatt_automation.live_ui.menu_helpers:_menu_items:1101 - DBG_MENU_ITEMS_SUMMARY total_items=7 visible_items=7 topbar_band=(0, 0, 392, 53) topbar_band_visible_count=7 popup_region_visible_count=0 force_refresh=True handle=198576082
2026-08-31 15:11:49.310 | DEBUG    | winwatt_automation.live_ui.menu_helpers:_menu_items:1111 - Discovered 7 MenuItem controls
2026-08-31 15:11:49.310 | DEBUG    | winwatt_automation.live_ui.menu_helpers:_log_phase_timing:83 - DBG_PHASE_TIMING phase=_menu_items elapsed_ms=515.000 force_refresh=True total_items=7 visible_items=7
2026-08-31 15:11:49.404 | INFO     | winwatt_automation.live_ui.menu_helpers:list_top_menu_items:1141 - Top-level menu items (raw): ['Rendszer', 'Fájl', 'Jegyzékek', 'Eszközök', 'Beállítások', 'Ablak', 'Súgó']
2026-08-31 15:11:49.406 | DEBUG    | winwatt_automation.live_ui.menu_helpers:_log_phase_timing:83 - DBG_PHASE_TIMING phase=list_top_menu_items elapsed_ms=609.000 count=7
2026-08-31 15:11:49.912 | INFO     | winwatt_automation.live_ui.app_connector:is_winwatt_foreground_context:1161 - DBG_WINWATT_FOREGROUND_CONTEXT expected_handle=198576082 expected_process_id=17092 expected_title=WinWatt gólya - C:\Users\Admin\Documents\GitHub\autowinwatt\winwatt_automation\data\runtime_maps\full_authorized_sandbox\adaptive_anyagok_efficient_v4_20260831 expected_class_name=TMainForm actual_foreground_handle=198576082 actual_foreground_process_id=17092 actual_foreground_title=WinWatt gólya - C:\Users\Admin\Documents\GitHub\autowinwatt\winwatt_automation\data\runtime_maps\full_authorized_sandbox\adaptive_anyagok_efficient_v4_20260831 actual_foreground_class_name=TMainForm allow_dialog=True result_reason=handle_match
2026-08-31 15:11:49.921 | INFO     | winwatt_automation.live_ui.app_connector:_cached_window_health_status:489 - DBG_WINWATT_CACHE_HEALTH reason_code=healthy payload={'wrapper_type': 'UIAWrapper', 'handle': 198576082, 'process_id': 17092, 'title': 'WinWatt gólya - C:\\Users\\Admin\\Documents\\GitHub\\autowinwatt\\winwatt_automation\\data\\runtime_maps\\full_authorized_sandbox\\adaptive_anyagok_efficient_v4_20260831', 'class_name': 'TMainForm', 'control_type': 'Window'}
2026-08-31 15:11:49.921 | DEBUG    | winwatt_automation.live_ui.app_connector:get_cached_main_window:574 - DBG_WINWATT_CACHE_GET reason_code=cache_validated_ok payload={'wrapper_type': 'UIAWrapper', 'handle': 198576082, 'process_id': 17092, 'title': 'WinWatt gólya - C:\\Users\\Admin\\Documents\\GitHub\\autowinwatt\\winwatt_automation\\data\\runtime_maps\\full_authorized_sandbox\\adaptive_anyagok_efficient_v4_20260831', 'class_name': 'TMainForm', 'control_type': 'Window'} last_validation_age_s=5.047000000020489 diagnostic_fast_mode=False
2026-08-31 15:11:49.921 | DEBUG    | winwatt_automation.live_ui.app_connector:get_cached_main_window:575 - DBG_PHASE_TIMING phase=get_cached_main_window elapsed_ms=16.000 reason_code=cache_validated_ok
2026-08-31 15:11:50.056 | DEBUG    | winwatt_automation.live_ui.app_connector:get_cached_main_window:565 - DBG_WINWATT_CACHE_GET reason_code=cache_reused_without_validation payload={'wrapper_type': 'UIAWrapper', 'handle': 198576082, 'process_id': 17092, 'title': 'WinWatt gólya - C:\\Users\\Admin\\Documents\\GitHub\\autowinwatt\\winwatt_automation\\data\\runtime_maps\\full_authorized_sandbox\\adaptive_anyagok_efficient_v4_20260831', 'class_name': 'TMainForm', 'control_type': 'Window'} last_validation_age_s=0.14099999994505197 diagnostic_fast_mode=False
2026-08-31 15:11:50.066 | DEBUG    | winwatt_automation.live_ui.app_connector:get_cached_main_window:566 - DBG_PHASE_TIMING phase=get_cached_main_window elapsed_ms=15.000 reason_code=cache_reused_without_validation
2026-08-31 15:11:50.072 | DEBUG    | winwatt_automation.live_ui.app_connector:get_cached_main_window:565 - DBG_WINWATT_CACHE_GET reason_code=cache_reused_without_validation payload={'wrapper_type': 'UIAWrapper', 'handle': 198576082, 'process_id': 17092, 'title': 'WinWatt gólya - C:\\Users\\Admin\\Documents\\GitHub\\autowinwatt\\winwatt_automation\\data\\runtime_maps\\full_authorized_sandbox\\adaptive_anyagok_efficient_v4_20260831', 'class_name': 'TMainForm', 'control_type': 'Window'} last_validation_age_s=0.1559999999590218 diagnostic_fast_mode=False
2026-08-31 15:11:50.073 | DEBUG    | winwatt_automation.live_ui.app_connector:get_cached_main_window:566 - DBG_PHASE_TIMING phase=get_cached_main_window elapsed_ms=0.000 reason_code=cache_reused_without_validation
2026-08-31 15:11:50.551 | INFO     | winwatt_automation.live_ui.menu_helpers:_menu_items:1101 - DBG_MENU_ITEMS_SUMMARY total_items=7 visible_items=7 topbar_band=(0, 0, 392, 53) topbar_band_visible_count=7 popup_region_visible_count=0 force_refresh=True handle=198576082
2026-08-31 15:11:50.552 | DEBUG    | winwatt_automation.live_ui.menu_helpers:_menu_items:1111 - Discovered 7 MenuItem controls
2026-08-31 15:11:50.552 | DEBUG    | winwatt_automation.live_ui.menu_helpers:_log_phase_timing:83 - DBG_PHASE_TIMING phase=_menu_items elapsed_ms=500.000 force_refresh=True total_items=7 visible_items=7
2026-08-31 15:11:50.609 | INFO     | winwatt_automation.live_ui.menu_helpers:list_top_menu_items:1141 - Top-level menu items (raw): ['Rendszer', 'Fájl', 'Jegyzékek', 'Eszközök', 'Beállítások', 'Ablak', 'Súgó']
2026-08-31 15:11:50.609 | DEBUG    | winwatt_automation.live_ui.menu_helpers:_log_phase_timing:83 - DBG_PHASE_TIMING phase=list_top_menu_items elapsed_ms=562.000 count=7
2026-08-31 15:11:51.126 | DEBUG    | winwatt_automation.live_ui.app_connector:get_cached_main_window:565 - DBG_WINWATT_CACHE_GET reason_code=cache_reused_without_validation payload={'wrapper_type': 'UIAWrapper', 'handle': 198576082, 'process_id': 17092, 'title': 'WinWatt gólya - C:\\Users\\Admin\\Documents\\GitHub\\autowinwatt\\winwatt_automation\\data\\runtime_maps\\full_authorized_sandbox\\adaptive_anyagok_efficient_v4_20260831', 'class_name': 'TMainForm', 'control_type': 'Window'} last_validation_age_s=1.2189999999245629 diagnostic_fast_mode=False
2026-08-31 15:11:51.126 | DEBUG    | winwatt_automation.live_ui.app_connector:get_cached_main_window:566 - DBG_PHASE_TIMING phase=get_cached_main_window elapsed_ms=0.000 reason_code=cache_reused_without_validation
2026-08-31 15:11:51.280 | DEBUG    | winwatt_automation.live_ui.app_connector:get_cached_main_window:565 - DBG_WINWATT_CACHE_GET reason_code=cache_reused_without_validation payload={'wrapper_type': 'UIAWrapper', 'handle': 198576082, 'process_id': 17092, 'title': 'WinWatt gólya - C:\\Users\\Admin\\Documents\\GitHub\\autowinwatt\\winwatt_automation\\data\\runtime_maps\\full_authorized_sandbox\\adaptive_anyagok_efficient_v4_20260831', 'class_name': 'TMainForm', 'control_type': 'Window'} last_validation_age_s=1.375 diagnostic_fast_mode=False
2026-08-31 15:11:51.289 | DEBUG    | winwatt_automation.live_ui.app_connector:get_cached_main_window:566 - DBG_PHASE_TIMING phase=get_cached_main_window elapsed_ms=0.000 reason_code=cache_reused_without_validation
2026-08-31 15:11:51.289 | DEBUG    | winwatt_automation.live_ui.app_connector:get_cached_main_window:565 - DBG_WINWATT_CACHE_GET reason_code=cache_reused_without_validation payload={'wrapper_type': 'UIAWrapper', 'handle': 198576082, 'process_id': 17092, 'title': 'WinWatt gólya - C:\\Users\\Admin\\Documents\\GitHub\\autowinwatt\\winwatt_automation\\data\\runtime_maps\\full_authorized_sandbox\\adaptive_anyagok_efficient_v4_20260831', 'class_name': 'TMainForm', 'control_type': 'Window'} last_validation_age_s=1.375 diagnostic_fast_mode=False
2026-08-31 15:11:51.289 | DEBUG    | winwatt_automation.live_ui.app_connector:get_cached_main_window:566 - DBG_PHASE_TIMING phase=get_cached_main_window elapsed_ms=0.000 reason_code=cache_reused_without_validation
2026-08-31 15:11:51.901 | INFO     | winwatt_automation.live_ui.menu_helpers:_menu_items:1101 - DBG_MENU_ITEMS_SUMMARY total_items=7 visible_items=7 topbar_band=(0, 0, 392, 53) topbar_band_visible_count=7 popup_region_visible_count=0 force_refresh=True handle=198576082
2026-08-31 15:11:51.914 | DEBUG    | winwatt_automation.live_ui.menu_helpers:_menu_items:1111 - Discovered 7 MenuItem controls
2026-08-31 15:11:51.914 | DEBUG    | winwatt_automation.live_ui.menu_helpers:_log_phase_timing:83 - DBG_PHASE_TIMING phase=_menu_items elapsed_ms=625.000 force_refresh=True total_items=7 visible_items=7
2026-08-31 15:11:51.979 | INFO     | winwatt_automation.live_ui.menu_helpers:list_top_menu_items:1141 - Top-level menu items (raw): ['Rendszer', 'Fájl', 'Jegyzékek', 'Eszközök', 'Beállítások', 'Ablak', 'Súgó']
2026-08-31 15:11:51.979 | DEBUG    | winwatt_automation.live_ui.menu_helpers:_log_phase_timing:83 - DBG_PHASE_TIMING phase=list_top_menu_items elapsed_ms=687.000 count=7
2026-08-31 15:11:52.485 | DEBUG    | winwatt_automation.live_ui.app_connector:get_cached_main_window:565 - DBG_WINWATT_CACHE_GET reason_code=cache_reused_without_validation payload={'wrapper_type': 'UIAWrapper', 'handle': 198576082, 'process_id': 17092, 'title': 'WinWatt gólya - C:\\Users\\Admin\\Documents\\GitHub\\autowinwatt\\winwatt_automation\\data\\runtime_maps\\full_authorized_sandbox\\adaptive_anyagok_efficient_v4_20260831', 'class_name': 'TMainForm', 'control_type': 'Window'} last_validation_age_s=2.577999999979511 diagnostic_fast_mode=False
2026-08-31 15:11:52.485 | DEBUG    | winwatt_automation.live_ui.app_connector:get_cached_main_window:566 - DBG_PHASE_TIMING phase=get_cached_main_window elapsed_ms=0.000 reason_code=cache_reused_without_validation
2026-08-31 15:12:05.819 | INFO     | winwatt_automation.live_ui.app_connector:is_winwatt_foreground_context:1161 - DBG_WINWATT_FOREGROUND_CONTEXT expected_handle=198576082 expected_process_id=17092 expected_title=WinWatt gólya - C:\Users\Admin\Documents\GitHub\autowinwatt\winwatt_automation\data\runtime_maps\full_authorized_sandbox\adaptive_anyagok_efficient_v4_20260831 expected_class_name=TMainForm actual_foreground_handle=198576082 actual_foreground_process_id=17092 actual_foreground_title=WinWatt gólya - C:\Users\Admin\Documents\GitHub\autowinwatt\winwatt_automation\data\runtime_maps\full_authorized_sandbox\adaptive_anyagok_efficient_v4_20260831 actual_foreground_class_name=TMainForm allow_dialog=True result_reason=handle_match
2026-08-31 15:12:05.821 | INFO     | winwatt_automation.live_ui.app_connector:_cached_window_health_status:489 - DBG_WINWATT_CACHE_HEALTH reason_code=healthy payload={'wrapper_type': 'UIAWrapper', 'handle': 198576082, 'process_id': 17092, 'title': 'WinWatt gólya - C:\\Users\\Admin\\Documents\\GitHub\\autowinwatt\\winwatt_automation\\data\\runtime_maps\\full_authorized_sandbox\\adaptive_anyagok_efficient_v4_20260831', 'class_name': 'TMainForm', 'control_type': 'Window'}
2026-08-31 15:12:05.821 | DEBUG    | winwatt_automation.live_ui.app_connector:get_cached_main_window:574 - DBG_WINWATT_CACHE_GET reason_code=cache_validated_ok payload={'wrapper_type': 'UIAWrapper', 'handle': 198576082, 'process_id': 17092, 'title': 'WinWatt gólya - C:\\Users\\Admin\\Documents\\GitHub\\autowinwatt\\winwatt_automation\\data\\runtime_maps\\full_authorized_sandbox\\adaptive_anyagok_efficient_v4_20260831', 'class_name': 'TMainForm', 'control_type': 'Window'} last_validation_age_s=15.905999999959022 diagnostic_fast_mode=False
2026-08-31 15:12:05.821 | DEBUG    | winwatt_automation.live_ui.app_connector:get_cached_main_window:575 - DBG_PHASE_TIMING phase=get_cached_main_window elapsed_ms=0.000 reason_code=cache_validated_ok
2026-08-31 15:12:07.138 | INFO     | winwatt_automation.live_ui.app_connector:get_cached_main_window:597 - DBG_WINWATT_CACHE_GET reason_code=cache_missing_resolving_fresh diagnostic_fast_mode=False
2026-08-31 15:12:07.314 | DEBUG    | winwatt_automation.live_ui.app_connector:list_candidate_windows:180 - Discovered 0 WinWatt-like windows on backend=win32
2026-08-31 15:12:07.322 | INFO     | winwatt_automation.live_ui.app_connector:_connect_with_win32_handle:276 - DBG_WINWATT_CONNECT_WIN32_CANDIDATES locator=backend=win32 ranked_candidates=[] 
2026-08-31 15:12:07.322 | WARNING  | winwatt_automation.runtime_mapping.program_mapper:_safe_capture_snapshot:191 - snapshot_capture_failed state_id=startup_after_relaunch error=No WinWatt-like windows were found
2026-08-31 15:12:07.833 | INFO     | winwatt_automation.live_ui.app_connector:get_cached_main_window:597 - DBG_WINWATT_CACHE_GET reason_code=cache_missing_resolving_fresh diagnostic_fast_mode=False
2026-08-31 15:12:10.431 | DEBUG    | winwatt_automation.live_ui.app_connector:list_candidate_windows:180 - Discovered 0 WinWatt-like windows on backend=win32
2026-08-31 15:12:10.448 | INFO     | winwatt_automation.live_ui.app_connector:_connect_with_win32_handle:276 - DBG_WINWATT_CONNECT_WIN32_CANDIDATES locator=backend=win32 ranked_candidates=[] 
2026-08-31 15:12:10.448 | WARNING  | winwatt_automation.runtime_mapping.program_mapper:_safe_capture_snapshot:191 - snapshot_capture_failed state_id=startup_after_relaunch error=No WinWatt-like windows were found
2026-08-31 15:12:10.949 | INFO     | winwatt_automation.live_ui.app_connector:get_cached_main_window:597 - DBG_WINWATT_CACHE_GET reason_code=cache_missing_resolving_fresh diagnostic_fast_mode=False
2026-08-31 15:12:12.579 | DEBUG    | winwatt_automation.live_ui.app_connector:list_candidate_windows:180 - Discovered 0 WinWatt-like windows on backend=win32
2026-08-31 15:12:12.579 | INFO     | winwatt_automation.live_ui.app_connector:_connect_with_win32_handle:276 - DBG_WINWATT_CONNECT_WIN32_CANDIDATES locator=backend=win32 ranked_candidates=[] 
2026-08-31 15:12:12.579 | WARNING  | winwatt_automation.runtime_mapping.program_mapper:_safe_capture_snapshot:191 - snapshot_capture_failed state_id=startup_after_relaunch error=No WinWatt-like windows were found
2026-08-31 15:12:13.095 | INFO     | winwatt_automation.live_ui.app_connector:get_cached_main_window:597 - DBG_WINWATT_CACHE_GET reason_code=cache_missing_resolving_fresh diagnostic_fast_mode=False
2026-08-31 15:12:13.183 | DEBUG    | winwatt_automation.live_ui.app_connector:list_candidate_windows:180 - Discovered 0 WinWatt-like windows on backend=win32
2026-08-31 15:12:13.191 | INFO     | winwatt_automation.live_ui.app_connector:_connect_with_win32_handle:276 - DBG_WINWATT_CONNECT_WIN32_CANDIDATES locator=backend=win32 ranked_candidates=[] 
2026-08-31 15:12:13.191 | WARNING  | winwatt_automation.runtime_mapping.program_mapper:_safe_capture_snapshot:191 - snapshot_capture_failed state_id=startup_after_relaunch error=No WinWatt-like windows were found
2026-08-31 15:12:13.693 | INFO     | winwatt_automation.live_ui.app_connector:get_cached_main_window:597 - DBG_WINWATT_CACHE_GET reason_code=cache_missing_resolving_fresh diagnostic_fast_mode=False
2026-08-31 15:12:13.775 | DEBUG    | winwatt_automation.live_ui.app_connector:list_candidate_windows:180 - Discovered 0 WinWatt-like windows on backend=win32
2026-08-31 15:12:13.775 | INFO     | winwatt_automation.live_ui.app_connector:_connect_with_win32_handle:276 - DBG_WINWATT_CONNECT_WIN32_CANDIDATES locator=backend=win32 ranked_candidates=[] 
2026-08-31 15:12:13.775 | WARNING  | winwatt_automation.runtime_mapping.program_mapper:_safe_capture_snapshot:191 - snapshot_capture_failed state_id=startup_after_relaunch error=No WinWatt-like windows were found
2026-08-31 15:12:14.283 | INFO     | winwatt_automation.live_ui.app_connector:get_cached_main_window:597 - DBG_WINWATT_CACHE_GET reason_code=cache_missing_resolving_fresh diagnostic_fast_mode=False
2026-08-31 15:12:14.359 | DEBUG    | winwatt_automation.live_ui.app_connector:list_candidate_windows:180 - Discovered 0 WinWatt-like windows on backend=win32
2026-08-31 15:12:14.364 | INFO     | winwatt_automation.live_ui.app_connector:_connect_with_win32_handle:276 - DBG_WINWATT_CONNECT_WIN32_CANDIDATES locator=backend=win32 ranked_candidates=[] 
2026-08-31 15:12:14.364 | WARNING  | winwatt_automation.runtime_mapping.program_mapper:_safe_capture_snapshot:191 - snapshot_capture_failed state_id=startup_after_relaunch error=No WinWatt-like windows were found
2026-08-31 15:12:14.877 | INFO     | winwatt_automation.live_ui.app_connector:get_cached_main_window:597 - DBG_WINWATT_CACHE_GET reason_code=cache_missing_resolving_fresh diagnostic_fast_mode=False
2026-08-31 15:12:15.069 | DEBUG    | winwatt_automation.live_ui.app_connector:list_candidate_windows:180 - Discovered 0 WinWatt-like windows on backend=win32
2026-08-31 15:12:15.069 | INFO     | winwatt_automation.live_ui.app_connector:_connect_with_win32_handle:276 - DBG_WINWATT_CONNECT_WIN32_CANDIDATES locator=backend=win32 ranked_candidates=[] 
2026-08-31 15:12:15.069 | WARNING  | winwatt_automation.runtime_mapping.program_mapper:_safe_capture_snapshot:191 - snapshot_capture_failed state_id=startup_after_relaunch error=No WinWatt-like windows were found
2026-08-31 15:12:15.581 | INFO     | winwatt_automation.live_ui.app_connector:get_cached_main_window:597 - DBG_WINWATT_CACHE_GET reason_code=cache_missing_resolving_fresh diagnostic_fast_mode=False
2026-08-31 15:12:15.657 | DEBUG    | winwatt_automation.live_ui.app_connector:list_candidate_windows:180 - Discovered 0 WinWatt-like windows on backend=win32
2026-08-31 15:12:15.657 | INFO     | winwatt_automation.live_ui.app_connector:_connect_with_win32_handle:276 - DBG_WINWATT_CONNECT_WIN32_CANDIDATES locator=backend=win32 ranked_candidates=[] 
2026-08-31 15:12:15.657 | WARNING  | winwatt_automation.runtime_mapping.program_mapper:_safe_capture_snapshot:191 - snapshot_capture_failed state_id=startup_after_relaunch error=No WinWatt-like windows were found
2026-08-31 15:12:16.169 | INFO     | winwatt_automation.live_ui.app_connector:get_cached_main_window:597 - DBG_WINWATT_CACHE_GET reason_code=cache_missing_resolving_fresh diagnostic_fast_mode=False
2026-08-31 15:12:16.233 | DEBUG    | winwatt_automation.live_ui.app_connector:list_candidate_windows:180 - Discovered 0 WinWatt-like windows on backend=win32
2026-08-31 15:12:16.233 | INFO     | winwatt_automation.live_ui.app_connector:_connect_with_win32_handle:276 - DBG_WINWATT_CONNECT_WIN32_CANDIDATES locator=backend=win32 ranked_candidates=[] 
2026-08-31 15:12:16.233 | WARNING  | winwatt_automation.runtime_mapping.program_mapper:_safe_capture_snapshot:191 - snapshot_capture_failed state_id=startup_after_relaunch error=No WinWatt-like windows were found
2026-08-31 15:12:16.746 | INFO     | winwatt_automation.live_ui.app_connector:get_cached_main_window:597 - DBG_WINWATT_CACHE_GET reason_code=cache_missing_resolving_fresh diagnostic_fast_mode=False
2026-08-31 15:12:16.829 | DEBUG    | winwatt_automation.live_ui.app_connector:list_candidate_windows:180 - Discovered 0 WinWatt-like windows on backend=win32
2026-08-31 15:12:16.837 | INFO     | winwatt_automation.live_ui.app_connector:_connect_with_win32_handle:276 - DBG_WINWATT_CONNECT_WIN32_CANDIDATES locator=backend=win32 ranked_candidates=[] 
2026-08-31 15:12:16.837 | WARNING  | winwatt_automation.runtime_mapping.program_mapper:_safe_capture_snapshot:191 - snapshot_capture_failed state_id=startup_after_relaunch error=No WinWatt-like windows were found
2026-08-31 15:12:17.342 | INFO     | winwatt_automation.live_ui.app_connector:get_cached_main_window:597 - DBG_WINWATT_CACHE_GET reason_code=cache_missing_resolving_fresh diagnostic_fast_mode=False
2026-08-31 15:12:17.422 | DEBUG    | winwatt_automation.live_ui.app_connector:list_candidate_windows:180 - Discovered 0 WinWatt-like windows on backend=win32
2026-08-31 15:12:17.422 | INFO     | winwatt_automation.live_ui.app_connector:_connect_with_win32_handle:276 - DBG_WINWATT_CONNECT_WIN32_CANDIDATES locator=backend=win32 ranked_candidates=[] 
2026-08-31 15:12:17.422 | WARNING  | winwatt_automation.runtime_mapping.program_mapper:_safe_capture_snapshot:191 - snapshot_capture_failed state_id=startup_after_relaunch error=No WinWatt-like windows were found
2026-08-31 15:12:17.937 | INFO     | winwatt_automation.live_ui.app_connector:get_cached_main_window:597 - DBG_WINWATT_CACHE_GET reason_code=cache_missing_resolving_fresh diagnostic_fast_mode=False
2026-08-31 15:12:18.012 | DEBUG    | winwatt_automation.live_ui.app_connector:list_candidate_windows:180 - Discovered 0 WinWatt-like windows on backend=win32
2026-08-31 15:12:18.019 | INFO     | winwatt_automation.live_ui.app_connector:_connect_with_win32_handle:276 - DBG_WINWATT_CONNECT_WIN32_CANDIDATES locator=backend=win32 ranked_candidates=[] 
2026-08-31 15:12:18.019 | WARNING  | winwatt_automation.runtime_mapping.program_mapper:_safe_capture_snapshot:191 - snapshot_capture_failed state_id=startup_after_relaunch error=No WinWatt-like windows were found
2026-08-31 15:12:18.522 | INFO     | winwatt_automation.live_ui.app_connector:get_cached_main_window:597 - DBG_WINWATT_CACHE_GET reason_code=cache_missing_resolving_fresh diagnostic_fast_mode=False
2026-08-31 15:12:18.601 | DEBUG    | winwatt_automation.live_ui.app_connector:list_candidate_windows:180 - Discovered 0 WinWatt-like windows on backend=win32
2026-08-31 15:12:18.601 | INFO     | winwatt_automation.live_ui.app_connector:_connect_with_win32_handle:276 - DBG_WINWATT_CONNECT_WIN32_CANDIDATES locator=backend=win32 ranked_candidates=[] 
2026-08-31 15:12:18.601 | WARNING  | winwatt_automation.runtime_mapping.program_mapper:_safe_capture_snapshot:191 - snapshot_capture_failed state_id=startup_after_relaunch error=No WinWatt-like windows were found
2026-08-31 15:12:19.107 | INFO     | winwatt_automation.live_ui.app_connector:get_cached_main_window:597 - DBG_WINWATT_CACHE_GET reason_code=cache_missing_resolving_fresh diagnostic_fast_mode=False
2026-08-31 15:12:19.222 | DEBUG    | winwatt_automation.live_ui.app_connector:list_candidate_windows:180 - Discovered 1 WinWatt-like windows on backend=win32
2026-08-31 15:12:19.238 | DEBUG    | winwatt_automation.live_ui.app_connector:list_candidate_windows:182 - Candidate[win32]: {'title': 'WinWatt gólya - C:\\Users\\Admin\\Documents\\GitHub\\autowinwatt\\winwatt_automation\\data\\runtime_maps\\full_authorized_sandbox\\adaptive_anyagok_efficient_v4_20260831', 'window_text': 'WinWatt gólya - C:\\Users\\Admin\\Documents\\GitHub\\autowinwatt\\winwatt_automation\\data\\runtime_maps\\full_authorized_sandbox\\adaptive_anyagok_efficient_v4_20260831', 'class_name': 'TMainForm', 'control_type': None, 'process_id': 8448, 'handle': None, 'is_visible': True, 'is_enabled': True, 'rectangle': {'left': -10, 'top': -10, 'right': 1930, 'bottom': 1030, 'width': 1940, 'height': 1040}, 'size': {'width': 1940, 'height': 1040}}
2026-08-31 15:12:19.238 | INFO     | winwatt_automation.live_ui.app_connector:_connect_with_win32_handle:276 - DBG_WINWATT_CONNECT_WIN32_CANDIDATES locator=backend=win32 ranked_candidates=[{'rank': 1, 'score': (1, 1, 1, 1, 2017600), 'process_id': 8448, 'handle': None, 'class_name': 'TMainForm', 'title': 'WinWatt gólya - C:\\Users\\Admin\\Documents\\GitHub\\autowinwatt\\winwatt_automation\\data\\runtime_maps\\full_authorized_sandbox\\adaptive_anyagok_efficient_v4_20260831', 'visible': True, 'enabled': True}] 
2026-08-31 15:12:19.238 | INFO     | winwatt_automation.live_ui.app_connector:select_main_window:224 - Candidate ranking score=(1, 1, 1, 1, 2017600) data={'title': 'WinWatt gólya - C:\\Users\\Admin\\Documents\\GitHub\\autowinwatt\\winwatt_automation\\data\\runtime_maps\\full_authorized_sandbox\\adaptive_anyagok_efficient_v4_20260831', 'window_text': 'WinWatt gólya - C:\\Users\\Admin\\Documents\\GitHub\\autowinwatt\\winwatt_automation\\data\\runtime_maps\\full_authorized_sandbox\\adaptive_anyagok_efficient_v4_20260831', 'class_name': 'TMainForm', 'control_type': None, 'process_id': 8448, 'handle': None, 'is_visible': True, 'is_enabled': True, 'rectangle': {'left': -10, 'top': -10, 'right': 1930, 'bottom': 1030, 'width': 1940, 'height': 1040}, 'size': {'width': 1940, 'height': 1040}}
2026-08-31 15:12:19.238 | INFO     | winwatt_automation.live_ui.app_connector:select_main_window:234 - Selected main window process_id=8448 handle=None score=(1, 1, 1, 1, 2017600) reasons=['has_process_id=True', 'has_handle=False', 'visible=True', 'enabled=True', 'title_has_winwatt=True', 'area=2017600']
2026-08-31 15:12:19.238 | INFO     | winwatt_automation.live_ui.app_connector:_connect_with_win32_handle:293 - DBG_WINWATT_CONNECT_WIN32_SELECTED selected_payload={'title': 'WinWatt gólya - C:\\Users\\Admin\\Documents\\GitHub\\autowinwatt\\winwatt_automation\\data\\runtime_maps\\full_authorized_sandbox\\adaptive_anyagok_efficient_v4_20260831', 'window_text': 'WinWatt gólya - C:\\Users\\Admin\\Documents\\GitHub\\autowinwatt\\winwatt_automation\\data\\runtime_maps\\full_authorized_sandbox\\adaptive_anyagok_efficient_v4_20260831', 'class_name': 'TMainForm', 'control_type': None, 'process_id': 8448, 'handle': None, 'is_visible': True, 'is_enabled': True, 'rectangle': {'left': -10, 'top': -10, 'right': 1930, 'bottom': 1030, 'width': 1940, 'height': 1040}, 'size': {'width': 1940, 'height': 1040}} selected_handle_is_none=True
2026-08-31 15:12:19.238 | INFO     | winwatt_automation.live_ui.app_connector:_connect_with_win32_handle:336 - Connected to WinWatt backend=win32 attach_mode=process candidate={'process_id': 8448, 'handle': None, 'class_name': 'TMainForm', 'title': 'WinWatt gólya - C:\\Users\\Admin\\Documents\\GitHub\\autowinwatt\\winwatt_automation\\data\\runtime_maps\\full_authorized_sandbox\\adaptive_anyagok_efficient_v4_20260831'}
2026-08-31 15:12:19.238 | INFO     | winwatt_automation.live_ui.app_connector:_connect_with_win32_handle:350 - DBG_WINWATT_CONNECT_WIN32_RESOLVED process_id=8448 resolved_handle=None selected_payload={'title': 'WinWatt gólya - C:\\Users\\Admin\\Documents\\GitHub\\autowinwatt\\winwatt_automation\\data\\runtime_maps\\full_authorized_sandbox\\adaptive_anyagok_efficient_v4_20260831', 'window_text': 'WinWatt gólya - C:\\Users\\Admin\\Documents\\GitHub\\autowinwatt\\winwatt_automation\\data\\runtime_maps\\full_authorized_sandbox\\adaptive_anyagok_efficient_v4_20260831', 'class_name': 'TMainForm', 'control_type': None, 'process_id': 8448, 'handle': None, 'is_visible': True, 'is_enabled': True, 'rectangle': {'left': -10, 'top': -10, 'right': 1930, 'bottom': 1030, 'width': 1940, 'height': 1040}, 'size': {'width': 1940, 'height': 1040}}
2026-08-31 15:12:19.238 | INFO     | winwatt_automation.live_ui.app_connector:_resolve_uia_main_window:382 - DBG_WINWATT_RESOLVE_UIA_WIN32_SELECTED selected_payload={'title': 'WinWatt gólya - C:\\Users\\Admin\\Documents\\GitHub\\autowinwatt\\winwatt_automation\\data\\runtime_maps\\full_authorized_sandbox\\adaptive_anyagok_efficient_v4_20260831', 'window_text': 'WinWatt gólya - C:\\Users\\Admin\\Documents\\GitHub\\autowinwatt\\winwatt_automation\\data\\runtime_maps\\full_authorized_sandbox\\adaptive_anyagok_efficient_v4_20260831', 'class_name': 'TMainForm', 'control_type': None, 'process_id': 8448, 'handle': None, 'is_visible': True, 'is_enabled': True, 'rectangle': {'left': -10, 'top': -10, 'right': 1930, 'bottom': 1030, 'width': 1940, 'height': 1040}, 'size': {'width': 1940, 'height': 1040}}
2026-08-31 15:12:19.238 | INFO     | winwatt_automation.live_ui.app_connector:_resolve_uia_main_window:388 - Connected to WinWatt backend=uia process_id=8448
2026-08-31 15:12:19.238 | INFO     | winwatt_automation.live_ui.app_connector:_resolve_uia_main_window:390 - Resolving main WinWatt window backend=uia class_name=TMainForm title_re=.*WinWatt.*
2026-08-31 15:12:19.555 | INFO     | winwatt_automation.live_ui.app_connector:_resolve_uia_main_window:400 - DBG_WINWATT_RESOLVE_UIA_PRIMARY selected_payload={'title': 'WinWatt gólya - C:\\Users\\Admin\\Documents\\GitHub\\autowinwatt\\winwatt_automation\\data\\runtime_maps\\full_authorized_sandbox\\adaptive_anyagok_efficient_v4_20260831', 'window_text': 'WinWatt gólya - C:\\Users\\Admin\\Documents\\GitHub\\autowinwatt\\winwatt_automation\\data\\runtime_maps\\full_authorized_sandbox\\adaptive_anyagok_efficient_v4_20260831', 'class_name': 'TMainForm', 'control_type': None, 'process_id': 8448, 'handle': None, 'is_visible': True, 'is_enabled': True, 'rectangle': {'left': -10, 'top': -10, 'right': 1930, 'bottom': 1030, 'width': 1940, 'height': 1040}, 'size': {'width': 1940, 'height': 1040}} primary_result={'wrapper_type': 'UIAWrapper', 'handle': 129697764, 'process_id': 8448, 'title': 'WinWatt gólya - C:\\Users\\Admin\\Documents\\GitHub\\autowinwatt\\winwatt_automation\\data\\runtime_maps\\full_authorized_sandbox\\adaptive_anyagok_efficient_v4_20260831', 'class_name': 'TMainForm', 'control_type': 'Window'} identity_match_with_win32=None
2026-08-31 15:12:19.555 | DEBUG    | winwatt_automation.live_ui.app_connector:get_cached_main_window:606 - DBG_PHASE_TIMING phase=get_cached_main_window elapsed_ms=438.000 reason_code=fresh_resolve
2026-08-31 15:12:19.714 | DEBUG    | winwatt_automation.live_ui.app_connector:get_cached_main_window:565 - DBG_WINWATT_CACHE_GET reason_code=cache_reused_without_validation payload={'wrapper_type': 'UIAWrapper', 'handle': 129697764, 'process_id': 8448, 'title': 'WinWatt gólya - C:\\Users\\Admin\\Documents\\GitHub\\autowinwatt\\winwatt_automation\\data\\runtime_maps\\full_authorized_sandbox\\adaptive_anyagok_efficient_v4_20260831', 'class_name': 'TMainForm', 'control_type': 'Window'} last_validation_age_s=0.14000000001396984 diagnostic_fast_mode=False
2026-08-31 15:12:19.718 | DEBUG    | winwatt_automation.live_ui.app_connector:get_cached_main_window:566 - DBG_PHASE_TIMING phase=get_cached_main_window elapsed_ms=31.000 reason_code=cache_reused_without_validation
2026-08-31 15:12:19.718 | DEBUG    | winwatt_automation.live_ui.app_connector:get_cached_main_window:565 - DBG_WINWATT_CACHE_GET reason_code=cache_reused_without_validation payload={'wrapper_type': 'UIAWrapper', 'handle': 129697764, 'process_id': 8448, 'title': 'WinWatt gólya - C:\\Users\\Admin\\Documents\\GitHub\\autowinwatt\\winwatt_automation\\data\\runtime_maps\\full_authorized_sandbox\\adaptive_anyagok_efficient_v4_20260831', 'class_name': 'TMainForm', 'control_type': 'Window'} last_validation_age_s=0.17099999997299165 diagnostic_fast_mode=False
2026-08-31 15:12:19.718 | DEBUG    | winwatt_automation.live_ui.app_connector:get_cached_main_window:566 - DBG_PHASE_TIMING phase=get_cached_main_window elapsed_ms=0.000 reason_code=cache_reused_without_validation
2026-08-31 15:12:20.254 | INFO     | winwatt_automation.live_ui.menu_helpers:_menu_items:1101 - DBG_MENU_ITEMS_SUMMARY total_items=7 visible_items=7 topbar_band=(0, 0, 392, 53) topbar_band_visible_count=7 popup_region_visible_count=0 force_refresh=True handle=129697764
2026-08-31 15:12:20.254 | DEBUG    | winwatt_automation.live_ui.menu_helpers:_menu_items:1111 - Discovered 7 MenuItem controls
2026-08-31 15:12:20.254 | DEBUG    | winwatt_automation.live_ui.menu_helpers:_log_phase_timing:83 - DBG_PHASE_TIMING phase=_menu_items elapsed_ms=563.000 force_refresh=True total_items=7 visible_items=7
2026-08-31 15:12:20.341 | INFO     | winwatt_automation.live_ui.menu_helpers:list_top_menu_items:1141 - Top-level menu items (raw): ['Rendszer', 'Fájl', 'Jegyzékek', 'Eszközök', 'Beállítások', 'Ablak', 'Súgó']
2026-08-31 15:12:20.341 | DEBUG    | winwatt_automation.live_ui.menu_helpers:_log_phase_timing:83 - DBG_PHASE_TIMING phase=list_top_menu_items elapsed_ms=656.000 count=7
2026-08-31 15:12:20.849 | DEBUG    | winwatt_automation.live_ui.app_connector:get_cached_main_window:565 - DBG_WINWATT_CACHE_GET reason_code=cache_reused_without_validation payload={'wrapper_type': 'UIAWrapper', 'handle': 129697764, 'process_id': 8448, 'title': 'WinWatt gólya - C:\\Users\\Admin\\Documents\\GitHub\\autowinwatt\\winwatt_automation\\data\\runtime_maps\\full_authorized_sandbox\\adaptive_anyagok_efficient_v4_20260831', 'class_name': 'TMainForm', 'control_type': 'Window'} last_validation_age_s=1.2959999999729916 diagnostic_fast_mode=False
2026-08-31 15:12:20.858 | DEBUG    | winwatt_automation.live_ui.app_connector:get_cached_main_window:566 - DBG_PHASE_TIMING phase=get_cached_main_window elapsed_ms=16.000 reason_code=cache_reused_without_validation
2026-08-31 15:12:21.023 | DEBUG    | winwatt_automation.live_ui.app_connector:get_cached_main_window:565 - DBG_WINWATT_CACHE_GET reason_code=cache_reused_without_validation payload={'wrapper_type': 'UIAWrapper', 'handle': 129697764, 'process_id': 8448, 'title': 'WinWatt gólya - C:\\Users\\Admin\\Documents\\GitHub\\autowinwatt\\winwatt_automation\\data\\runtime_maps\\full_authorized_sandbox\\adaptive_anyagok_efficient_v4_20260831', 'class_name': 'TMainForm', 'control_type': 'Window'} last_validation_age_s=1.4679999999934807 diagnostic_fast_mode=False
2026-08-31 15:12:21.023 | DEBUG    | winwatt_automation.live_ui.app_connector:get_cached_main_window:566 - DBG_PHASE_TIMING phase=get_cached_main_window elapsed_ms=0.000 reason_code=cache_reused_without_validation
2026-08-31 15:12:21.023 | DEBUG    | winwatt_automation.live_ui.app_connector:get_cached_main_window:565 - DBG_WINWATT_CACHE_GET reason_code=cache_reused_without_validation payload={'wrapper_type': 'UIAWrapper', 'handle': 129697764, 'process_id': 8448, 'title': 'WinWatt gólya - C:\\Users\\Admin\\Documents\\GitHub\\autowinwatt\\winwatt_automation\\data\\runtime_maps\\full_authorized_sandbox\\adaptive_anyagok_efficient_v4_20260831', 'class_name': 'TMainForm', 'control_type': 'Window'} last_validation_age_s=1.4679999999934807 diagnostic_fast_mode=False
2026-08-31 15:12:21.023 | DEBUG    | winwatt_automation.live_ui.app_connector:get_cached_main_window:566 - DBG_PHASE_TIMING phase=get_cached_main_window elapsed_ms=0.000 reason_code=cache_reused_without_validation
2026-08-31 15:12:21.544 | INFO     | winwatt_automation.live_ui.menu_helpers:_menu_items:1101 - DBG_MENU_ITEMS_SUMMARY total_items=7 visible_items=7 topbar_band=(0, 0, 392, 53) topbar_band_visible_count=7 popup_region_visible_count=0 force_refresh=True handle=129697764
2026-08-31 15:12:21.556 | DEBUG    | winwatt_automation.live_ui.menu_helpers:_menu_items:1111 - Discovered 7 MenuItem controls
2026-08-31 15:12:21.556 | DEBUG    | winwatt_automation.live_ui.menu_helpers:_log_phase_timing:83 - DBG_PHASE_TIMING phase=_menu_items elapsed_ms=532.000 force_refresh=True total_items=7 visible_items=7
2026-08-31 15:12:21.620 | INFO     | winwatt_automation.live_ui.menu_helpers:list_top_menu_items:1141 - Top-level menu items (raw): ['Rendszer', 'Fájl', 'Jegyzékek', 'Eszközök', 'Beállítások', 'Ablak', 'Súgó']
2026-08-31 15:12:21.620 | DEBUG    | winwatt_automation.live_ui.menu_helpers:_log_phase_timing:83 - DBG_PHASE_TIMING phase=list_top_menu_items elapsed_ms=594.000 count=7
2026-08-31 15:12:22.134 | DEBUG    | winwatt_automation.live_ui.app_connector:get_cached_main_window:565 - DBG_WINWATT_CACHE_GET reason_code=cache_reused_without_validation payload={'wrapper_type': 'UIAWrapper', 'handle': 129697764, 'process_id': 8448, 'title': 'WinWatt gólya - C:\\Users\\Admin\\Documents\\GitHub\\autowinwatt\\winwatt_automation\\data\\runtime_maps\\full_authorized_sandbox\\adaptive_anyagok_efficient_v4_20260831', 'class_name': 'TMainForm', 'control_type': 'Window'} last_validation_age_s=2.577999999979511 diagnostic_fast_mode=False
2026-08-31 15:12:22.145 | DEBUG    | winwatt_automation.live_ui.app_connector:get_cached_main_window:566 - DBG_PHASE_TIMING phase=get_cached_main_window elapsed_ms=15.000 reason_code=cache_reused_without_validation
2026-08-31 15:12:22.305 | DEBUG    | winwatt_automation.live_ui.app_connector:get_cached_main_window:565 - DBG_WINWATT_CACHE_GET reason_code=cache_reused_without_validation payload={'wrapper_type': 'UIAWrapper', 'handle': 129697764, 'process_id': 8448, 'title': 'WinWatt gólya - C:\\Users\\Admin\\Documents\\GitHub\\autowinwatt\\winwatt_automation\\data\\runtime_maps\\full_authorized_sandbox\\adaptive_anyagok_efficient_v4_20260831', 'class_name': 'TMainForm', 'control_type': 'Window'} last_validation_age_s=2.75 diagnostic_fast_mode=False
2026-08-31 15:12:22.323 | DEBUG    | winwatt_automation.live_ui.app_connector:get_cached_main_window:566 - DBG_PHASE_TIMING phase=get_cached_main_window elapsed_ms=15.000 reason_code=cache_reused_without_validation
2026-08-31 15:12:22.325 | DEBUG    | winwatt_automation.live_ui.app_connector:get_cached_main_window:565 - DBG_WINWATT_CACHE_GET reason_code=cache_reused_without_validation payload={'wrapper_type': 'UIAWrapper', 'handle': 129697764, 'process_id': 8448, 'title': 'WinWatt gólya - C:\\Users\\Admin\\Documents\\GitHub\\autowinwatt\\winwatt_automation\\data\\runtime_maps\\full_authorized_sandbox\\adaptive_anyagok_efficient_v4_20260831', 'class_name': 'TMainForm', 'control_type': 'Window'} last_validation_age_s=2.76500000001397 diagnostic_fast_mode=False
2026-08-31 15:12:22.325 | DEBUG    | winwatt_automation.live_ui.app_connector:get_cached_main_window:566 - DBG_PHASE_TIMING phase=get_cached_main_window elapsed_ms=16.000 reason_code=cache_reused_without_validation
2026-08-31 15:12:22.812 | INFO     | winwatt_automation.live_ui.menu_helpers:_menu_items:1101 - DBG_MENU_ITEMS_SUMMARY total_items=7 visible_items=7 topbar_band=(0, 0, 392, 53) topbar_band_visible_count=7 popup_region_visible_count=0 force_refresh=True handle=129697764
2026-08-31 15:12:22.822 | DEBUG    | winwatt_automation.live_ui.menu_helpers:_menu_items:1111 - Discovered 7 MenuItem controls
2026-08-31 15:12:22.822 | DEBUG    | winwatt_automation.live_ui.menu_helpers:_log_phase_timing:83 - DBG_PHASE_TIMING phase=_menu_items elapsed_ms=515.000 force_refresh=True total_items=7 visible_items=7
2026-08-31 15:12:22.891 | INFO     | winwatt_automation.live_ui.menu_helpers:list_top_menu_items:1141 - Top-level menu items (raw): ['Rendszer', 'Fájl', 'Jegyzékek', 'Eszközök', 'Beállítások', 'Ablak', 'Súgó']
2026-08-31 15:12:22.907 | DEBUG    | winwatt_automation.live_ui.menu_helpers:_log_phase_timing:83 - DBG_PHASE_TIMING phase=list_top_menu_items elapsed_ms=609.000 count=7
2026-08-31 15:12:23.415 | DEBUG    | winwatt_automation.live_ui.app_connector:get_cached_main_window:565 - DBG_WINWATT_CACHE_GET reason_code=cache_reused_without_validation payload={'wrapper_type': 'UIAWrapper', 'handle': 129697764, 'process_id': 8448, 'title': 'WinWatt gólya - C:\\Users\\Admin\\Documents\\GitHub\\autowinwatt\\winwatt_automation\\data\\runtime_maps\\full_authorized_sandbox\\adaptive_anyagok_efficient_v4_20260831', 'class_name': 'TMainForm', 'control_type': 'Window'} last_validation_age_s=3.859000000054948 diagnostic_fast_mode=False
2026-08-31 15:12:23.418 | DEBUG    | winwatt_automation.live_ui.app_connector:get_cached_main_window:566 - DBG_PHASE_TIMING phase=get_cached_main_window elapsed_ms=16.000 reason_code=cache_reused_without_validation
2026-08-31 15:12:23.577 | INFO     | winwatt_automation.live_ui.app_connector:is_winwatt_foreground_context:1161 - DBG_WINWATT_FOREGROUND_CONTEXT expected_handle=129697764 expected_process_id=8448 expected_title=WinWatt gólya - C:\Users\Admin\Documents\GitHub\autowinwatt\winwatt_automation\data\runtime_maps\full_authorized_sandbox\adaptive_anyagok_efficient_v4_20260831 expected_class_name=TMainForm actual_foreground_handle=129697764 actual_foreground_process_id=8448 actual_foreground_title=WinWatt gólya - C:\Users\Admin\Documents\GitHub\autowinwatt\winwatt_automation\data\runtime_maps\full_authorized_sandbox\adaptive_anyagok_efficient_v4_20260831 actual_foreground_class_name=TMainForm allow_dialog=True result_reason=handle_match
2026-08-31 15:12:23.577 | INFO     | winwatt_automation.live_ui.app_connector:_cached_window_health_status:489 - DBG_WINWATT_CACHE_HEALTH reason_code=healthy payload={'wrapper_type': 'UIAWrapper', 'handle': 129697764, 'process_id': 8448, 'title': 'WinWatt gólya - C:\\Users\\Admin\\Documents\\GitHub\\autowinwatt\\winwatt_automation\\data\\runtime_maps\\full_authorized_sandbox\\adaptive_anyagok_efficient_v4_20260831', 'class_name': 'TMainForm', 'control_type': 'Window'}
2026-08-31 15:12:23.586 | DEBUG    | winwatt_automation.live_ui.app_connector:get_cached_main_window:574 - DBG_WINWATT_CACHE_GET reason_code=cache_validated_ok payload={'wrapper_type': 'UIAWrapper', 'handle': 129697764, 'process_id': 8448, 'title': 'WinWatt gólya - C:\\Users\\Admin\\Documents\\GitHub\\autowinwatt\\winwatt_automation\\data\\runtime_maps\\full_authorized_sandbox\\adaptive_anyagok_efficient_v4_20260831', 'class_name': 'TMainForm', 'control_type': 'Window'} last_validation_age_s=4.01500000001397 diagnostic_fast_mode=False
2026-08-31 15:12:23.586 | DEBUG    | winwatt_automation.live_ui.app_connector:get_cached_main_window:575 - DBG_PHASE_TIMING phase=get_cached_main_window elapsed_ms=16.000 reason_code=cache_validated_ok
2026-08-31 15:12:23.590 | DEBUG    | winwatt_automation.live_ui.app_connector:get_cached_main_window:565 - DBG_WINWATT_CACHE_GET reason_code=cache_reused_without_validation payload={'wrapper_type': 'UIAWrapper', 'handle': 129697764, 'process_id': 8448, 'title': 'WinWatt gólya - C:\\Users\\Admin\\Documents\\GitHub\\autowinwatt\\winwatt_automation\\data\\runtime_maps\\full_authorized_sandbox\\adaptive_anyagok_efficient_v4_20260831', 'class_name': 'TMainForm', 'control_type': 'Window'} last_validation_age_s=0.015999999945051968 diagnostic_fast_mode=False
2026-08-31 15:12:23.590 | DEBUG    | winwatt_automation.live_ui.app_connector:get_cached_main_window:566 - DBG_PHASE_TIMING phase=get_cached_main_window elapsed_ms=0.000 reason_code=cache_reused_without_validation
2026-08-31 15:12:24.081 | INFO     | winwatt_automation.live_ui.menu_helpers:_menu_items:1101 - DBG_MENU_ITEMS_SUMMARY total_items=7 visible_items=7 topbar_band=(0, 0, 392, 53) topbar_band_visible_count=7 popup_region_visible_count=0 force_refresh=True handle=129697764
2026-08-31 15:12:24.081 | DEBUG    | winwatt_automation.live_ui.menu_helpers:_menu_items:1111 - Discovered 7 MenuItem controls
2026-08-31 15:12:24.097 | DEBUG    | winwatt_automation.live_ui.menu_helpers:_log_phase_timing:83 - DBG_PHASE_TIMING phase=_menu_items elapsed_ms=531.000 force_refresh=True total_items=7 visible_items=7
2026-08-31 15:12:24.161 | INFO     | winwatt_automation.live_ui.menu_helpers:list_top_menu_items:1141 - Top-level menu items (raw): ['Rendszer', 'Fájl', 'Jegyzékek', 'Eszközök', 'Beállítások', 'Ablak', 'Súgó']
2026-08-31 15:12:24.176 | DEBUG    | winwatt_automation.live_ui.menu_helpers:_log_phase_timing:83 - DBG_PHASE_TIMING phase=list_top_menu_items elapsed_ms=610.000 count=7
2026-08-31 15:12:24.684 | DEBUG    | winwatt_automation.live_ui.app_connector:get_cached_main_window:565 - DBG_WINWATT_CACHE_GET reason_code=cache_reused_without_validation payload={'wrapper_type': 'UIAWrapper', 'handle': 129697764, 'process_id': 8448, 'title': 'WinWatt gólya - C:\\Users\\Admin\\Documents\\GitHub\\autowinwatt\\winwatt_automation\\data\\runtime_maps\\full_authorized_sandbox\\adaptive_anyagok_efficient_v4_20260831', 'class_name': 'TMainForm', 'control_type': 'Window'} last_validation_age_s=1.1099999999860302 diagnostic_fast_mode=False
2026-08-31 15:12:24.684 | DEBUG    | winwatt_automation.live_ui.app_connector:get_cached_main_window:566 - DBG_PHASE_TIMING phase=get_cached_main_window elapsed_ms=0.000 reason_code=cache_reused_without_validation
2026-08-31 15:12:24.840 | DEBUG    | winwatt_automation.live_ui.app_connector:get_cached_main_window:565 - DBG_WINWATT_CACHE_GET reason_code=cache_reused_without_validation payload={'wrapper_type': 'UIAWrapper', 'handle': 129697764, 'process_id': 8448, 'title': 'WinWatt gólya - C:\\Users\\Admin\\Documents\\GitHub\\autowinwatt\\winwatt_automation\\data\\runtime_maps\\full_authorized_sandbox\\adaptive_anyagok_efficient_v4_20260831', 'class_name': 'TMainForm', 'control_type': 'Window'} last_validation_age_s=1.265999999945052 diagnostic_fast_mode=False
2026-08-31 15:12:24.840 | DEBUG    | winwatt_automation.live_ui.app_connector:get_cached_main_window:566 - DBG_PHASE_TIMING phase=get_cached_main_window elapsed_ms=0.000 reason_code=cache_reused_without_validation
2026-08-31 15:12:24.840 | DEBUG    | winwatt_automation.live_ui.app_connector:get_cached_main_window:565 - DBG_WINWATT_CACHE_GET reason_code=cache_reused_without_validation payload={'wrapper_type': 'UIAWrapper', 'handle': 129697764, 'process_id': 8448, 'title': 'WinWatt gólya - C:\\Users\\Admin\\Documents\\GitHub\\autowinwatt\\winwatt_automation\\data\\runtime_maps\\full_authorized_sandbox\\adaptive_anyagok_efficient_v4_20260831', 'class_name': 'TMainForm', 'control_type': 'Window'} last_validation_age_s=1.265999999945052 diagnostic_fast_mode=False
2026-08-31 15:12:24.840 | DEBUG    | winwatt_automation.live_ui.app_connector:get_cached_main_window:566 - DBG_PHASE_TIMING phase=get_cached_main_window elapsed_ms=0.000 reason_code=cache_reused_without_validation
2026-08-31 15:12:25.377 | INFO     | winwatt_automation.live_ui.menu_helpers:_menu_items:1101 - DBG_MENU_ITEMS_SUMMARY total_items=7 visible_items=7 topbar_band=(0, 0, 392, 53) topbar_band_visible_count=7 popup_region_visible_count=0 force_refresh=True handle=129697764
2026-08-31 15:12:25.381 | DEBUG    | winwatt_automation.live_ui.menu_helpers:_menu_items:1111 - Discovered 7 MenuItem controls
2026-08-31 15:12:25.381 | DEBUG    | winwatt_automation.live_ui.menu_helpers:_log_phase_timing:83 - DBG_PHASE_TIMING phase=_menu_items elapsed_ms=547.000 force_refresh=True total_items=7 visible_items=7
2026-08-31 15:12:25.458 | INFO     | winwatt_automation.live_ui.menu_helpers:list_top_menu_items:1141 - Top-level menu items (raw): ['Rendszer', 'Fájl', 'Jegyzékek', 'Eszközök', 'Beállítások', 'Ablak', 'Súgó']
2026-08-31 15:12:25.463 | DEBUG    | winwatt_automation.live_ui.menu_helpers:_log_phase_timing:83 - DBG_PHASE_TIMING phase=list_top_menu_items elapsed_ms=625.000 count=7
2026-08-31 15:12:25.965 | DEBUG    | winwatt_automation.live_ui.app_connector:get_cached_main_window:565 - DBG_WINWATT_CACHE_GET reason_code=cache_reused_without_validation payload={'wrapper_type': 'UIAWrapper', 'handle': 129697764, 'process_id': 8448, 'title': 'WinWatt gólya - C:\\Users\\Admin\\Documents\\GitHub\\autowinwatt\\winwatt_automation\\data\\runtime_maps\\full_authorized_sandbox\\adaptive_anyagok_efficient_v4_20260831', 'class_name': 'TMainForm', 'control_type': 'Window'} last_validation_age_s=2.390999999945052 diagnostic_fast_mode=False
2026-08-31 15:12:25.965 | DEBUG    | winwatt_automation.live_ui.app_connector:get_cached_main_window:566 - DBG_PHASE_TIMING phase=get_cached_main_window elapsed_ms=0.000 reason_code=cache_reused_without_validation
2026-08-31 15:12:26.107 | DEBUG    | winwatt_automation.live_ui.app_connector:get_cached_main_window:565 - DBG_WINWATT_CACHE_GET reason_code=cache_reused_without_validation payload={'wrapper_type': 'UIAWrapper', 'handle': 129697764, 'process_id': 8448, 'title': 'WinWatt gólya - C:\\Users\\Admin\\Documents\\GitHub\\autowinwatt\\winwatt_automation\\data\\runtime_maps\\full_authorized_sandbox\\adaptive_anyagok_efficient_v4_20260831', 'class_name': 'TMainForm', 'control_type': 'Window'} last_validation_age_s=2.547000000020489 diagnostic_fast_mode=False
2026-08-31 15:12:26.107 | DEBUG    | winwatt_automation.live_ui.app_connector:get_cached_main_window:566 - DBG_PHASE_TIMING phase=get_cached_main_window elapsed_ms=0.000 reason_code=cache_reused_without_validation
2026-08-31 15:12:26.107 | DEBUG    | winwatt_automation.live_ui.app_connector:get_cached_main_window:565 - DBG_WINWATT_CACHE_GET reason_code=cache_reused_without_validation payload={'wrapper_type': 'UIAWrapper', 'handle': 129697764, 'process_id': 8448, 'title': 'WinWatt gólya - C:\\Users\\Admin\\Documents\\GitHub\\autowinwatt\\winwatt_automation\\data\\runtime_maps\\full_authorized_sandbox\\adaptive_anyagok_efficient_v4_20260831', 'class_name': 'TMainForm', 'control_type': 'Window'} last_validation_age_s=2.547000000020489 diagnostic_fast_mode=False
2026-08-31 15:12:26.107 | DEBUG    | winwatt_automation.live_ui.app_connector:get_cached_main_window:566 - DBG_PHASE_TIMING phase=get_cached_main_window elapsed_ms=0.000 reason_code=cache_reused_without_validation
2026-08-31 15:12:26.599 | INFO     | winwatt_automation.live_ui.menu_helpers:_menu_items:1101 - DBG_MENU_ITEMS_SUMMARY total_items=7 visible_items=7 topbar_band=(0, 0, 392, 53) topbar_band_visible_count=7 popup_region_visible_count=0 force_refresh=True handle=129697764
2026-08-31 15:12:26.599 | DEBUG    | winwatt_automation.live_ui.menu_helpers:_menu_items:1111 - Discovered 7 MenuItem controls
2026-08-31 15:12:26.599 | DEBUG    | winwatt_automation.live_ui.menu_helpers:_log_phase_timing:83 - DBG_PHASE_TIMING phase=_menu_items elapsed_ms=484.000 force_refresh=True total_items=7 visible_items=7
2026-08-31 15:12:26.694 | INFO     | winwatt_automation.live_ui.menu_helpers:list_top_menu_items:1141 - Top-level menu items (raw): ['Rendszer', 'Fájl', 'Jegyzékek', 'Eszközök', 'Beállítások', 'Ablak', 'Súgó']
2026-08-31 15:12:26.694 | DEBUG    | winwatt_automation.live_ui.menu_helpers:_log_phase_timing:83 - DBG_PHASE_TIMING phase=list_top_menu_items elapsed_ms=578.000 count=7
2026-08-31 15:12:27.209 | DEBUG    | winwatt_automation.live_ui.app_connector:get_cached_main_window:565 - DBG_WINWATT_CACHE_GET reason_code=cache_reused_without_validation payload={'wrapper_type': 'UIAWrapper', 'handle': 129697764, 'process_id': 8448, 'title': 'WinWatt gólya - C:\\Users\\Admin\\Documents\\GitHub\\autowinwatt\\winwatt_automation\\data\\runtime_maps\\full_authorized_sandbox\\adaptive_anyagok_efficient_v4_20260831', 'class_name': 'TMainForm', 'control_type': 'Window'} last_validation_age_s=3.640999999945052 diagnostic_fast_mode=False
2026-08-31 15:12:27.213 | DEBUG    | winwatt_automation.live_ui.app_connector:get_cached_main_window:566 - DBG_PHASE_TIMING phase=get_cached_main_window elapsed_ms=0.000 reason_code=cache_reused_without_validation
2026-08-31 15:12:42.655 | INFO     | winwatt_automation.live_ui.app_connector:is_winwatt_foreground_context:1161 - DBG_WINWATT_FOREGROUND_CONTEXT expected_handle=129697764 expected_process_id=8448 expected_title=WinWatt gólya - C:\Users\Admin\Documents\GitHub\autowinwatt\winwatt_automation\data\runtime_maps\full_authorized_sandbox\adaptive_anyagok_efficient_v4_20260831 expected_class_name=TMainForm actual_foreground_handle=129697764 actual_foreground_process_id=8448 actual_foreground_title=WinWatt gólya - C:\Users\Admin\Documents\GitHub\autowinwatt\winwatt_automation\data\runtime_maps\full_authorized_sandbox\adaptive_anyagok_efficient_v4_20260831 actual_foreground_class_name=TMainForm allow_dialog=True result_reason=handle_match
2026-08-31 15:12:42.655 | INFO     | winwatt_automation.live_ui.app_connector:_cached_window_health_status:489 - DBG_WINWATT_CACHE_HEALTH reason_code=healthy payload={'wrapper_type': 'UIAWrapper', 'handle': 129697764, 'process_id': 8448, 'title': 'WinWatt gólya - C:\\Users\\Admin\\Documents\\GitHub\\autowinwatt\\winwatt_automation\\data\\runtime_maps\\full_authorized_sandbox\\adaptive_anyagok_efficient_v4_20260831', 'class_name': 'TMainForm', 'control_type': 'Window'}
2026-08-31 15:12:42.655 | DEBUG    | winwatt_automation.live_ui.app_connector:get_cached_main_window:574 - DBG_WINWATT_CACHE_GET reason_code=cache_validated_ok payload={'wrapper_type': 'UIAWrapper', 'handle': 129697764, 'process_id': 8448, 'title': 'WinWatt gólya - C:\\Users\\Admin\\Documents\\GitHub\\autowinwatt\\winwatt_automation\\data\\runtime_maps\\full_authorized_sandbox\\adaptive_anyagok_efficient_v4_20260831', 'class_name': 'TMainForm', 'control_type': 'Window'} last_validation_age_s=19.07799999997951 diagnostic_fast_mode=False
2026-08-31 15:12:42.655 | DEBUG    | winwatt_automation.live_ui.app_connector:get_cached_main_window:575 - DBG_PHASE_TIMING phase=get_cached_main_window elapsed_ms=16.000 reason_code=cache_validated_ok
2026-08-31 15:12:43.967 | INFO     | winwatt_automation.live_ui.app_connector:get_cached_main_window:597 - DBG_WINWATT_CACHE_GET reason_code=cache_missing_resolving_fresh diagnostic_fast_mode=False
2026-08-31 15:12:44.154 | DEBUG    | winwatt_automation.live_ui.app_connector:list_candidate_windows:180 - Discovered 0 WinWatt-like windows on backend=win32
2026-08-31 15:12:44.156 | INFO     | winwatt_automation.live_ui.app_connector:_connect_with_win32_handle:276 - DBG_WINWATT_CONNECT_WIN32_CANDIDATES locator=backend=win32 ranked_candidates=[] 
2026-08-31 15:12:44.156 | WARNING  | winwatt_automation.runtime_mapping.program_mapper:_safe_capture_snapshot:191 - snapshot_capture_failed state_id=startup_after_relaunch error=No WinWatt-like windows were found
2026-08-31 15:12:44.660 | INFO     | winwatt_automation.live_ui.app_connector:get_cached_main_window:597 - DBG_WINWATT_CACHE_GET reason_code=cache_missing_resolving_fresh diagnostic_fast_mode=False
2026-08-31 15:12:47.276 | DEBUG    | winwatt_automation.live_ui.app_connector:list_candidate_windows:180 - Discovered 0 WinWatt-like windows on backend=win32
2026-08-31 15:12:47.276 | INFO     | winwatt_automation.live_ui.app_connector:_connect_with_win32_handle:276 - DBG_WINWATT_CONNECT_WIN32_CANDIDATES locator=backend=win32 ranked_candidates=[] 
2026-08-31 15:12:47.276 | WARNING  | winwatt_automation.runtime_mapping.program_mapper:_safe_capture_snapshot:191 - snapshot_capture_failed state_id=startup_after_relaunch error=No WinWatt-like windows were found
2026-08-31 15:12:47.786 | INFO     | winwatt_automation.live_ui.app_connector:get_cached_main_window:597 - DBG_WINWATT_CACHE_GET reason_code=cache_missing_resolving_fresh diagnostic_fast_mode=False
2026-08-31 15:12:49.372 | DEBUG    | winwatt_automation.live_ui.app_connector:list_candidate_windows:180 - Discovered 0 WinWatt-like windows on backend=win32
2026-08-31 15:12:49.372 | INFO     | winwatt_automation.live_ui.app_connector:_connect_with_win32_handle:276 - DBG_WINWATT_CONNECT_WIN32_CANDIDATES locator=backend=win32 ranked_candidates=[] 
2026-08-31 15:12:49.372 | WARNING  | winwatt_automation.runtime_mapping.program_mapper:_safe_capture_snapshot:191 - snapshot_capture_failed state_id=startup_after_relaunch error=No WinWatt-like windows were found
2026-08-31 15:12:49.888 | INFO     | winwatt_automation.live_ui.app_connector:get_cached_main_window:597 - DBG_WINWATT_CACHE_GET reason_code=cache_missing_resolving_fresh diagnostic_fast_mode=False
2026-08-31 15:12:49.986 | DEBUG    | winwatt_automation.live_ui.app_connector:list_candidate_windows:180 - Discovered 0 WinWatt-like windows on backend=win32
2026-08-31 15:12:49.986 | INFO     | winwatt_automation.live_ui.app_connector:_connect_with_win32_handle:276 - DBG_WINWATT_CONNECT_WIN32_CANDIDATES locator=backend=win32 ranked_candidates=[] 
2026-08-31 15:12:49.986 | WARNING  | winwatt_automation.runtime_mapping.program_mapper:_safe_capture_snapshot:191 - snapshot_capture_failed state_id=startup_after_relaunch error=No WinWatt-like windows were found
2026-08-31 15:12:50.502 | INFO     | winwatt_automation.live_ui.app_connector:get_cached_main_window:597 - DBG_WINWATT_CACHE_GET reason_code=cache_missing_resolving_fresh diagnostic_fast_mode=False
2026-08-31 15:12:50.566 | DEBUG    | winwatt_automation.live_ui.app_connector:list_candidate_windows:180 - Discovered 0 WinWatt-like windows on backend=win32
2026-08-31 15:12:50.566 | INFO     | winwatt_automation.live_ui.app_connector:_connect_with_win32_handle:276 - DBG_WINWATT_CONNECT_WIN32_CANDIDATES locator=backend=win32 ranked_candidates=[] 
2026-08-31 15:12:50.566 | WARNING  | winwatt_automation.runtime_mapping.program_mapper:_safe_capture_snapshot:191 - snapshot_capture_failed state_id=startup_after_relaunch error=No WinWatt-like windows were found
2026-08-31 15:12:51.080 | INFO     | winwatt_automation.live_ui.app_connector:get_cached_main_window:597 - DBG_WINWATT_CACHE_GET reason_code=cache_missing_resolving_fresh diagnostic_fast_mode=False
2026-08-31 15:12:51.147 | DEBUG    | winwatt_automation.live_ui.app_connector:list_candidate_windows:180 - Discovered 0 WinWatt-like windows on backend=win32
2026-08-31 15:12:51.147 | INFO     | winwatt_automation.live_ui.app_connector:_connect_with_win32_handle:276 - DBG_WINWATT_CONNECT_WIN32_CANDIDATES locator=backend=win32 ranked_candidates=[] 
2026-08-31 15:12:51.147 | WARNING  | winwatt_automation.runtime_mapping.program_mapper:_safe_capture_snapshot:191 - snapshot_capture_failed state_id=startup_after_relaunch error=No WinWatt-like windows were found
2026-08-31 15:12:51.662 | INFO     | winwatt_automation.live_ui.app_connector:get_cached_main_window:597 - DBG_WINWATT_CACHE_GET reason_code=cache_missing_resolving_fresh diagnostic_fast_mode=False
2026-08-31 15:12:51.738 | DEBUG    | winwatt_automation.live_ui.app_connector:list_candidate_windows:180 - Discovered 0 WinWatt-like windows on backend=win32
2026-08-31 15:12:51.738 | INFO     | winwatt_automation.live_ui.app_connector:_connect_with_win32_handle:276 - DBG_WINWATT_CONNECT_WIN32_CANDIDATES locator=backend=win32 ranked_candidates=[] 
2026-08-31 15:12:51.738 | WARNING  | winwatt_automation.runtime_mapping.program_mapper:_safe_capture_snapshot:191 - snapshot_capture_failed state_id=startup_after_relaunch error=No WinWatt-like windows were found
2026-08-31 15:12:52.248 | INFO     | winwatt_automation.live_ui.app_connector:get_cached_main_window:597 - DBG_WINWATT_CACHE_GET reason_code=cache_missing_resolving_fresh diagnostic_fast_mode=False
2026-08-31 15:12:52.324 | DEBUG    | winwatt_automation.live_ui.app_connector:list_candidate_windows:180 - Discovered 0 WinWatt-like windows on backend=win32
2026-08-31 15:12:52.324 | INFO     | winwatt_automation.live_ui.app_connector:_connect_with_win32_handle:276 - DBG_WINWATT_CONNECT_WIN32_CANDIDATES locator=backend=win32 ranked_candidates=[] 
2026-08-31 15:12:52.324 | WARNING  | winwatt_automation.runtime_mapping.program_mapper:_safe_capture_snapshot:191 - snapshot_capture_failed state_id=startup_after_relaunch error=No WinWatt-like windows were found
2026-08-31 15:12:52.836 | INFO     | winwatt_automation.live_ui.app_connector:get_cached_main_window:597 - DBG_WINWATT_CACHE_GET reason_code=cache_missing_resolving_fresh diagnostic_fast_mode=False
2026-08-31 15:12:52.939 | DEBUG    | winwatt_automation.live_ui.app_connector:list_candidate_windows:180 - Discovered 0 WinWatt-like windows on backend=win32
2026-08-31 15:12:52.954 | INFO     | winwatt_automation.live_ui.app_connector:_connect_with_win32_handle:276 - DBG_WINWATT_CONNECT_WIN32_CANDIDATES locator=backend=win32 ranked_candidates=[] 
2026-08-31 15:12:52.954 | WARNING  | winwatt_automation.runtime_mapping.program_mapper:_safe_capture_snapshot:191 - snapshot_capture_failed state_id=startup_after_relaunch error=No WinWatt-like windows were found
2026-08-31 15:12:53.457 | INFO     | winwatt_automation.live_ui.app_connector:get_cached_main_window:597 - DBG_WINWATT_CACHE_GET reason_code=cache_missing_resolving_fresh diagnostic_fast_mode=False
2026-08-31 15:12:53.523 | DEBUG    | winwatt_automation.live_ui.app_connector:list_candidate_windows:180 - Discovered 0 WinWatt-like windows on backend=win32
2026-08-31 15:12:53.539 | INFO     | winwatt_automation.live_ui.app_connector:_connect_with_win32_handle:276 - DBG_WINWATT_CONNECT_WIN32_CANDIDATES locator=backend=win32 ranked_candidates=[] 
2026-08-31 15:12:53.539 | WARNING  | winwatt_automation.runtime_mapping.program_mapper:_safe_capture_snapshot:191 - snapshot_capture_failed state_id=startup_after_relaunch error=No WinWatt-like windows were found
2026-08-31 15:12:54.042 | INFO     | winwatt_automation.live_ui.app_connector:get_cached_main_window:597 - DBG_WINWATT_CACHE_GET reason_code=cache_missing_resolving_fresh diagnostic_fast_mode=False
2026-08-31 15:12:54.113 | DEBUG    | winwatt_automation.live_ui.app_connector:list_candidate_windows:180 - Discovered 0 WinWatt-like windows on backend=win32
2026-08-31 15:12:54.113 | INFO     | winwatt_automation.live_ui.app_connector:_connect_with_win32_handle:276 - DBG_WINWATT_CONNECT_WIN32_CANDIDATES locator=backend=win32 ranked_candidates=[] 
2026-08-31 15:12:54.128 | WARNING  | winwatt_automation.runtime_mapping.program_mapper:_safe_capture_snapshot:191 - snapshot_capture_failed state_id=startup_after_relaunch error=No WinWatt-like windows were found
2026-08-31 15:12:54.630 | INFO     | winwatt_automation.live_ui.app_connector:get_cached_main_window:597 - DBG_WINWATT_CACHE_GET reason_code=cache_missing_resolving_fresh diagnostic_fast_mode=False
2026-08-31 15:12:54.722 | DEBUG    | winwatt_automation.live_ui.app_connector:list_candidate_windows:180 - Discovered 0 WinWatt-like windows on backend=win32
2026-08-31 15:12:54.722 | INFO     | winwatt_automation.live_ui.app_connector:_connect_with_win32_handle:276 - DBG_WINWATT_CONNECT_WIN32_CANDIDATES locator=backend=win32 ranked_candidates=[] 
2026-08-31 15:12:54.722 | WARNING  | winwatt_automation.runtime_mapping.program_mapper:_safe_capture_snapshot:191 - snapshot_capture_failed state_id=startup_after_relaunch error=No WinWatt-like windows were found
2026-08-31 15:12:55.233 | INFO     | winwatt_automation.live_ui.app_connector:get_cached_main_window:597 - DBG_WINWATT_CACHE_GET reason_code=cache_missing_resolving_fresh diagnostic_fast_mode=False
2026-08-31 15:12:55.302 | DEBUG    | winwatt_automation.live_ui.app_connector:list_candidate_windows:180 - Discovered 0 WinWatt-like windows on backend=win32
2026-08-31 15:12:55.302 | INFO     | winwatt_automation.live_ui.app_connector:_connect_with_win32_handle:276 - DBG_WINWATT_CONNECT_WIN32_CANDIDATES locator=backend=win32 ranked_candidates=[] 
2026-08-31 15:12:55.302 | WARNING  | winwatt_automation.runtime_mapping.program_mapper:_safe_capture_snapshot:191 - snapshot_capture_failed state_id=startup_after_relaunch error=No WinWatt-like windows were found
2026-08-31 15:12:55.813 | INFO     | winwatt_automation.live_ui.app_connector:get_cached_main_window:597 - DBG_WINWATT_CACHE_GET reason_code=cache_missing_resolving_fresh diagnostic_fast_mode=False
2026-08-31 15:12:55.890 | DEBUG    | winwatt_automation.live_ui.app_connector:list_candidate_windows:180 - Discovered 1 WinWatt-like windows on backend=win32
2026-08-31 15:12:55.890 | DEBUG    | winwatt_automation.live_ui.app_connector:list_candidate_windows:182 - Candidate[win32]: {'title': 'WinWatt gólya - C:\\Users\\Admin\\Documents\\GitHub\\autowinwatt\\winwatt_automation\\data\\runtime_maps\\full_authorized_sandbox\\adaptive_anyagok_efficient_v4_20260831', 'window_text': 'WinWatt gólya - C:\\Users\\Admin\\Documents\\GitHub\\autowinwatt\\winwatt_automation\\data\\runtime_maps\\full_authorized_sandbox\\adaptive_anyagok_efficient_v4_20260831', 'class_name': 'TMainForm', 'control_type': None, 'process_id': 22144, 'handle': None, 'is_visible': True, 'is_enabled': True, 'rectangle': {'left': -10, 'top': -10, 'right': 1930, 'bottom': 1030, 'width': 1940, 'height': 1040}, 'size': {'width': 1940, 'height': 1040}}
2026-08-31 15:12:55.890 | INFO     | winwatt_automation.live_ui.app_connector:_connect_with_win32_handle:276 - DBG_WINWATT_CONNECT_WIN32_CANDIDATES locator=backend=win32 ranked_candidates=[{'rank': 1, 'score': (1, 1, 1, 1, 2017600), 'process_id': 22144, 'handle': None, 'class_name': 'TMainForm', 'title': 'WinWatt gólya - C:\\Users\\Admin\\Documents\\GitHub\\autowinwatt\\winwatt_automation\\data\\runtime_maps\\full_authorized_sandbox\\adaptive_anyagok_efficient_v4_20260831', 'visible': True, 'enabled': True}] 
2026-08-31 15:12:55.890 | INFO     | winwatt_automation.live_ui.app_connector:select_main_window:224 - Candidate ranking score=(1, 1, 1, 1, 2017600) data={'title': 'WinWatt gólya - C:\\Users\\Admin\\Documents\\GitHub\\autowinwatt\\winwatt_automation\\data\\runtime_maps\\full_authorized_sandbox\\adaptive_anyagok_efficient_v4_20260831', 'window_text': 'WinWatt gólya - C:\\Users\\Admin\\Documents\\GitHub\\autowinwatt\\winwatt_automation\\data\\runtime_maps\\full_authorized_sandbox\\adaptive_anyagok_efficient_v4_20260831', 'class_name': 'TMainForm', 'control_type': None, 'process_id': 22144, 'handle': None, 'is_visible': True, 'is_enabled': True, 'rectangle': {'left': -10, 'top': -10, 'right': 1930, 'bottom': 1030, 'width': 1940, 'height': 1040}, 'size': {'width': 1940, 'height': 1040}}
2026-08-31 15:12:55.890 | INFO     | winwatt_automation.live_ui.app_connector:select_main_window:234 - Selected main window process_id=22144 handle=None score=(1, 1, 1, 1, 2017600) reasons=['has_process_id=True', 'has_handle=False', 'visible=True', 'enabled=True', 'title_has_winwatt=True', 'area=2017600']
2026-08-31 15:12:55.897 | INFO     | winwatt_automation.live_ui.app_connector:_connect_with_win32_handle:293 - DBG_WINWATT_CONNECT_WIN32_SELECTED selected_payload={'title': 'WinWatt gólya - C:\\Users\\Admin\\Documents\\GitHub\\autowinwatt\\winwatt_automation\\data\\runtime_maps\\full_authorized_sandbox\\adaptive_anyagok_efficient_v4_20260831', 'window_text': 'WinWatt gólya - C:\\Users\\Admin\\Documents\\GitHub\\autowinwatt\\winwatt_automation\\data\\runtime_maps\\full_authorized_sandbox\\adaptive_anyagok_efficient_v4_20260831', 'class_name': 'TMainForm', 'control_type': None, 'process_id': 22144, 'handle': None, 'is_visible': True, 'is_enabled': True, 'rectangle': {'left': -10, 'top': -10, 'right': 1930, 'bottom': 1030, 'width': 1940, 'height': 1040}, 'size': {'width': 1940, 'height': 1040}} selected_handle_is_none=True
2026-08-31 15:12:55.897 | INFO     | winwatt_automation.live_ui.app_connector:_connect_with_win32_handle:336 - Connected to WinWatt backend=win32 attach_mode=process candidate={'process_id': 22144, 'handle': None, 'class_name': 'TMainForm', 'title': 'WinWatt gólya - C:\\Users\\Admin\\Documents\\GitHub\\autowinwatt\\winwatt_automation\\data\\runtime_maps\\full_authorized_sandbox\\adaptive_anyagok_efficient_v4_20260831'}
2026-08-31 15:12:55.904 | INFO     | winwatt_automation.live_ui.app_connector:_connect_with_win32_handle:350 - DBG_WINWATT_CONNECT_WIN32_RESOLVED process_id=22144 resolved_handle=None selected_payload={'title': 'WinWatt gólya - C:\\Users\\Admin\\Documents\\GitHub\\autowinwatt\\winwatt_automation\\data\\runtime_maps\\full_authorized_sandbox\\adaptive_anyagok_efficient_v4_20260831', 'window_text': 'WinWatt gólya - C:\\Users\\Admin\\Documents\\GitHub\\autowinwatt\\winwatt_automation\\data\\runtime_maps\\full_authorized_sandbox\\adaptive_anyagok_efficient_v4_20260831', 'class_name': 'TMainForm', 'control_type': None, 'process_id': 22144, 'handle': None, 'is_visible': True, 'is_enabled': True, 'rectangle': {'left': -10, 'top': -10, 'right': 1930, 'bottom': 1030, 'width': 1940, 'height': 1040}, 'size': {'width': 1940, 'height': 1040}}
2026-08-31 15:12:55.904 | INFO     | winwatt_automation.live_ui.app_connector:_resolve_uia_main_window:382 - DBG_WINWATT_RESOLVE_UIA_WIN32_SELECTED selected_payload={'title': 'WinWatt gólya - C:\\Users\\Admin\\Documents\\GitHub\\autowinwatt\\winwatt_automation\\data\\runtime_maps\\full_authorized_sandbox\\adaptive_anyagok_efficient_v4_20260831', 'window_text': 'WinWatt gólya - C:\\Users\\Admin\\Documents\\GitHub\\autowinwatt\\winwatt_automation\\data\\runtime_maps\\full_authorized_sandbox\\adaptive_anyagok_efficient_v4_20260831', 'class_name': 'TMainForm', 'control_type': None, 'process_id': 22144, 'handle': None, 'is_visible': True, 'is_enabled': True, 'rectangle': {'left': -10, 'top': -10, 'right': 1930, 'bottom': 1030, 'width': 1940, 'height': 1040}, 'size': {'width': 1940, 'height': 1040}}
2026-08-31 15:12:55.904 | INFO     | winwatt_automation.live_ui.app_connector:_resolve_uia_main_window:388 - Connected to WinWatt backend=uia process_id=22144
2026-08-31 15:12:55.906 | INFO     | winwatt_automation.live_ui.app_connector:_resolve_uia_main_window:390 - Resolving main WinWatt window backend=uia class_name=TMainForm title_re=.*WinWatt.*
2026-08-31 15:12:56.224 | INFO     | winwatt_automation.live_ui.app_connector:_resolve_uia_main_window:400 - DBG_WINWATT_RESOLVE_UIA_PRIMARY selected_payload={'title': 'WinWatt gólya - C:\\Users\\Admin\\Documents\\GitHub\\autowinwatt\\winwatt_automation\\data\\runtime_maps\\full_authorized_sandbox\\adaptive_anyagok_efficient_v4_20260831', 'window_text': 'WinWatt gólya - C:\\Users\\Admin\\Documents\\GitHub\\autowinwatt\\winwatt_automation\\data\\runtime_maps\\full_authorized_sandbox\\adaptive_anyagok_efficient_v4_20260831', 'class_name': 'TMainForm', 'control_type': None, 'process_id': 22144, 'handle': None, 'is_visible': True, 'is_enabled': True, 'rectangle': {'left': -10, 'top': -10, 'right': 1930, 'bottom': 1030, 'width': 1940, 'height': 1040}, 'size': {'width': 1940, 'height': 1040}} primary_result={'wrapper_type': 'UIAWrapper', 'handle': 118884296, 'process_id': 22144, 'title': 'WinWatt gólya - C:\\Users\\Admin\\Documents\\GitHub\\autowinwatt\\winwatt_automation\\data\\runtime_maps\\full_authorized_sandbox\\adaptive_anyagok_efficient_v4_20260831', 'class_name': 'TMainForm', 'control_type': 'Window'} identity_match_with_win32=None
2026-08-31 15:12:56.224 | DEBUG    | winwatt_automation.live_ui.app_connector:get_cached_main_window:606 - DBG_PHASE_TIMING phase=get_cached_main_window elapsed_ms=406.000 reason_code=fresh_resolve
2026-08-31 15:12:56.381 | DEBUG    | winwatt_automation.live_ui.app_connector:get_cached_main_window:565 - DBG_WINWATT_CACHE_GET reason_code=cache_reused_without_validation payload={'wrapper_type': 'UIAWrapper', 'handle': 118884296, 'process_id': 22144, 'title': 'WinWatt gólya - C:\\Users\\Admin\\Documents\\GitHub\\autowinwatt\\winwatt_automation\\data\\runtime_maps\\full_authorized_sandbox\\adaptive_anyagok_efficient_v4_20260831', 'class_name': 'TMainForm', 'control_type': 'Window'} last_validation_age_s=0.1410000000614673 diagnostic_fast_mode=False
2026-08-31 15:12:56.381 | DEBUG    | winwatt_automation.live_ui.app_connector:get_cached_main_window:566 - DBG_PHASE_TIMING phase=get_cached_main_window elapsed_ms=16.000 reason_code=cache_reused_without_validation
2026-08-31 15:12:56.381 | DEBUG    | winwatt_automation.live_ui.app_connector:get_cached_main_window:565 - DBG_WINWATT_CACHE_GET reason_code=cache_reused_without_validation payload={'wrapper_type': 'UIAWrapper', 'handle': 118884296, 'process_id': 22144, 'title': 'WinWatt gólya - C:\\Users\\Admin\\Documents\\GitHub\\autowinwatt\\winwatt_automation\\data\\runtime_maps\\full_authorized_sandbox\\adaptive_anyagok_efficient_v4_20260831', 'class_name': 'TMainForm', 'control_type': 'Window'} last_validation_age_s=0.15700000000651926 diagnostic_fast_mode=False
2026-08-31 15:12:56.381 | DEBUG    | winwatt_automation.live_ui.app_connector:get_cached_main_window:566 - DBG_PHASE_TIMING phase=get_cached_main_window elapsed_ms=0.000 reason_code=cache_reused_without_validation
2026-08-31 15:12:56.888 | INFO     | winwatt_automation.live_ui.menu_helpers:_menu_items:1101 - DBG_MENU_ITEMS_SUMMARY total_items=7 visible_items=7 topbar_band=(0, 0, 392, 53) topbar_band_visible_count=7 popup_region_visible_count=0 force_refresh=True handle=118884296
2026-08-31 15:12:56.888 | DEBUG    | winwatt_automation.live_ui.menu_helpers:_menu_items:1111 - Discovered 7 MenuItem controls
2026-08-31 15:12:56.888 | DEBUG    | winwatt_automation.live_ui.menu_helpers:_log_phase_timing:83 - DBG_PHASE_TIMING phase=_menu_items elapsed_ms=531.000 force_refresh=True total_items=7 visible_items=7
2026-08-31 15:12:56.978 | INFO     | winwatt_automation.live_ui.menu_helpers:list_top_menu_items:1141 - Top-level menu items (raw): ['Rendszer', 'Fájl', 'Jegyzékek', 'Eszközök', 'Beállítások', 'Ablak', 'Súgó']
2026-08-31 15:12:56.982 | DEBUG    | winwatt_automation.live_ui.menu_helpers:_log_phase_timing:83 - DBG_PHASE_TIMING phase=list_top_menu_items elapsed_ms=625.000 count=7
2026-08-31 15:12:57.485 | DEBUG    | winwatt_automation.live_ui.app_connector:get_cached_main_window:565 - DBG_WINWATT_CACHE_GET reason_code=cache_reused_without_validation payload={'wrapper_type': 'UIAWrapper', 'handle': 118884296, 'process_id': 22144, 'title': 'WinWatt gólya - C:\\Users\\Admin\\Documents\\GitHub\\autowinwatt\\winwatt_automation\\data\\runtime_maps\\full_authorized_sandbox\\adaptive_anyagok_efficient_v4_20260831', 'class_name': 'TMainForm', 'control_type': 'Window'} last_validation_age_s=1.2660000000614673 diagnostic_fast_mode=False
2026-08-31 15:12:57.485 | DEBUG    | winwatt_automation.live_ui.app_connector:get_cached_main_window:566 - DBG_PHASE_TIMING phase=get_cached_main_window elapsed_ms=0.000 reason_code=cache_reused_without_validation
2026-08-31 15:12:57.639 | DEBUG    | winwatt_automation.live_ui.app_connector:get_cached_main_window:565 - DBG_WINWATT_CACHE_GET reason_code=cache_reused_without_validation payload={'wrapper_type': 'UIAWrapper', 'handle': 118884296, 'process_id': 22144, 'title': 'WinWatt gólya - C:\\Users\\Admin\\Documents\\GitHub\\autowinwatt\\winwatt_automation\\data\\runtime_maps\\full_authorized_sandbox\\adaptive_anyagok_efficient_v4_20260831', 'class_name': 'TMainForm', 'control_type': 'Window'} last_validation_age_s=1.422000000020489 diagnostic_fast_mode=False
2026-08-31 15:12:57.639 | DEBUG    | winwatt_automation.live_ui.app_connector:get_cached_main_window:566 - DBG_PHASE_TIMING phase=get_cached_main_window elapsed_ms=0.000 reason_code=cache_reused_without_validation
2026-08-31 15:12:57.639 | DEBUG    | winwatt_automation.live_ui.app_connector:get_cached_main_window:565 - DBG_WINWATT_CACHE_GET reason_code=cache_reused_without_validation payload={'wrapper_type': 'UIAWrapper', 'handle': 118884296, 'process_id': 22144, 'title': 'WinWatt gólya - C:\\Users\\Admin\\Documents\\GitHub\\autowinwatt\\winwatt_automation\\data\\runtime_maps\\full_authorized_sandbox\\adaptive_anyagok_efficient_v4_20260831', 'class_name': 'TMainForm', 'control_type': 'Window'} last_validation_age_s=1.422000000020489 diagnostic_fast_mode=False
2026-08-31 15:12:57.639 | DEBUG    | winwatt_automation.live_ui.app_connector:get_cached_main_window:566 - DBG_PHASE_TIMING phase=get_cached_main_window elapsed_ms=0.000 reason_code=cache_reused_without_validation
2026-08-31 15:12:58.144 | INFO     | winwatt_automation.live_ui.menu_helpers:_menu_items:1101 - DBG_MENU_ITEMS_SUMMARY total_items=7 visible_items=7 topbar_band=(0, 0, 392, 53) topbar_band_visible_count=7 popup_region_visible_count=0 force_refresh=True handle=118884296
2026-08-31 15:12:58.144 | DEBUG    | winwatt_automation.live_ui.menu_helpers:_menu_items:1111 - Discovered 7 MenuItem controls
2026-08-31 15:12:58.144 | DEBUG    | winwatt_automation.live_ui.menu_helpers:_log_phase_timing:83 - DBG_PHASE_TIMING phase=_menu_items elapsed_ms=500.000 force_refresh=True total_items=7 visible_items=7
2026-08-31 15:12:58.208 | INFO     | winwatt_automation.live_ui.menu_helpers:list_top_menu_items:1141 - Top-level menu items (raw): ['Rendszer', 'Fájl', 'Jegyzékek', 'Eszközök', 'Beállítások', 'Ablak', 'Súgó']
2026-08-31 15:12:58.208 | DEBUG    | winwatt_automation.live_ui.menu_helpers:_log_phase_timing:83 - DBG_PHASE_TIMING phase=list_top_menu_items elapsed_ms=563.000 count=7
2026-08-31 15:12:58.726 | DEBUG    | winwatt_automation.live_ui.app_connector:get_cached_main_window:565 - DBG_WINWATT_CACHE_GET reason_code=cache_reused_without_validation payload={'wrapper_type': 'UIAWrapper', 'handle': 118884296, 'process_id': 22144, 'title': 'WinWatt gólya - C:\\Users\\Admin\\Documents\\GitHub\\autowinwatt\\winwatt_automation\\data\\runtime_maps\\full_authorized_sandbox\\adaptive_anyagok_efficient_v4_20260831', 'class_name': 'TMainForm', 'control_type': 'Window'} last_validation_age_s=2.5 diagnostic_fast_mode=False
2026-08-31 15:12:58.726 | DEBUG    | winwatt_automation.live_ui.app_connector:get_cached_main_window:566 - DBG_PHASE_TIMING phase=get_cached_main_window elapsed_ms=0.000 reason_code=cache_reused_without_validation
2026-08-31 15:12:58.869 | DEBUG    | winwatt_automation.live_ui.app_connector:get_cached_main_window:565 - DBG_WINWATT_CACHE_GET reason_code=cache_reused_without_validation payload={'wrapper_type': 'UIAWrapper', 'handle': 118884296, 'process_id': 22144, 'title': 'WinWatt gólya - C:\\Users\\Admin\\Documents\\GitHub\\autowinwatt\\winwatt_automation\\data\\runtime_maps\\full_authorized_sandbox\\adaptive_anyagok_efficient_v4_20260831', 'class_name': 'TMainForm', 'control_type': 'Window'} last_validation_age_s=2.6410000000614673 diagnostic_fast_mode=False
2026-08-31 15:12:58.880 | DEBUG    | winwatt_automation.live_ui.app_connector:get_cached_main_window:566 - DBG_PHASE_TIMING phase=get_cached_main_window elapsed_ms=16.000 reason_code=cache_reused_without_validation
2026-08-31 15:12:58.882 | DEBUG    | winwatt_automation.live_ui.app_connector:get_cached_main_window:565 - DBG_WINWATT_CACHE_GET reason_code=cache_reused_without_validation payload={'wrapper_type': 'UIAWrapper', 'handle': 118884296, 'process_id': 22144, 'title': 'WinWatt gólya - C:\\Users\\Admin\\Documents\\GitHub\\autowinwatt\\winwatt_automation\\data\\runtime_maps\\full_authorized_sandbox\\adaptive_anyagok_efficient_v4_20260831', 'class_name': 'TMainForm', 'control_type': 'Window'} last_validation_age_s=2.6570000000065193 diagnostic_fast_mode=False
2026-08-31 15:12:58.882 | DEBUG    | winwatt_automation.live_ui.app_connector:get_cached_main_window:566 - DBG_PHASE_TIMING phase=get_cached_main_window elapsed_ms=0.000 reason_code=cache_reused_without_validation
2026-08-31 15:12:59.416 | INFO     | winwatt_automation.live_ui.menu_helpers:_menu_items:1101 - DBG_MENU_ITEMS_SUMMARY total_items=7 visible_items=7 topbar_band=(0, 0, 392, 53) topbar_band_visible_count=7 popup_region_visible_count=0 force_refresh=True handle=118884296
2026-08-31 15:12:59.425 | DEBUG    | winwatt_automation.live_ui.menu_helpers:_menu_items:1111 - Discovered 7 MenuItem controls
2026-08-31 15:12:59.425 | DEBUG    | winwatt_automation.live_ui.menu_helpers:_log_phase_timing:83 - DBG_PHASE_TIMING phase=_menu_items elapsed_ms=563.000 force_refresh=True total_items=7 visible_items=7
2026-08-31 15:12:59.481 | INFO     | winwatt_automation.live_ui.menu_helpers:list_top_menu_items:1141 - Top-level menu items (raw): ['Rendszer', 'Fájl', 'Jegyzékek', 'Eszközök', 'Beállítások', 'Ablak', 'Súgó']
2026-08-31 15:12:59.498 | DEBUG    | winwatt_automation.live_ui.menu_helpers:_log_phase_timing:83 - DBG_PHASE_TIMING phase=list_top_menu_items elapsed_ms=641.000 count=7
2026-08-31 15:13:00.002 | DEBUG    | winwatt_automation.live_ui.app_connector:get_cached_main_window:565 - DBG_WINWATT_CACHE_GET reason_code=cache_reused_without_validation payload={'wrapper_type': 'UIAWrapper', 'handle': 118884296, 'process_id': 22144, 'title': 'WinWatt gólya - C:\\Users\\Admin\\Documents\\GitHub\\autowinwatt\\winwatt_automation\\data\\runtime_maps\\full_authorized_sandbox\\adaptive_anyagok_efficient_v4_20260831', 'class_name': 'TMainForm', 'control_type': 'Window'} last_validation_age_s=3.7820000000065193 diagnostic_fast_mode=False
2026-08-31 15:13:00.002 | DEBUG    | winwatt_automation.live_ui.app_connector:get_cached_main_window:566 - DBG_PHASE_TIMING phase=get_cached_main_window elapsed_ms=0.000 reason_code=cache_reused_without_validation
2026-08-31 15:13:00.153 | DEBUG    | winwatt_automation.live_ui.app_connector:get_cached_main_window:565 - DBG_WINWATT_CACHE_GET reason_code=cache_reused_without_validation payload={'wrapper_type': 'UIAWrapper', 'handle': 118884296, 'process_id': 22144, 'title': 'WinWatt gólya - C:\\Users\\Admin\\Documents\\GitHub\\autowinwatt\\winwatt_automation\\data\\runtime_maps\\full_authorized_sandbox\\adaptive_anyagok_efficient_v4_20260831', 'class_name': 'TMainForm', 'control_type': 'Window'} last_validation_age_s=3.922000000020489 diagnostic_fast_mode=False
2026-08-31 15:13:00.153 | DEBUG    | winwatt_automation.live_ui.app_connector:get_cached_main_window:566 - DBG_PHASE_TIMING phase=get_cached_main_window elapsed_ms=0.000 reason_code=cache_reused_without_validation
2026-08-31 15:13:00.153 | DEBUG    | winwatt_automation.live_ui.app_connector:get_cached_main_window:565 - DBG_WINWATT_CACHE_GET reason_code=cache_reused_without_validation payload={'wrapper_type': 'UIAWrapper', 'handle': 118884296, 'process_id': 22144, 'title': 'WinWatt gólya - C:\\Users\\Admin\\Documents\\GitHub\\autowinwatt\\winwatt_automation\\data\\runtime_maps\\full_authorized_sandbox\\adaptive_anyagok_efficient_v4_20260831', 'class_name': 'TMainForm', 'control_type': 'Window'} last_validation_age_s=3.922000000020489 diagnostic_fast_mode=False
2026-08-31 15:13:00.169 | DEBUG    | winwatt_automation.live_ui.app_connector:get_cached_main_window:566 - DBG_PHASE_TIMING phase=get_cached_main_window elapsed_ms=32.000 reason_code=cache_reused_without_validation
2026-08-31 15:13:00.648 | INFO     | winwatt_automation.live_ui.menu_helpers:_menu_items:1101 - DBG_MENU_ITEMS_SUMMARY total_items=7 visible_items=7 topbar_band=(0, 0, 392, 53) topbar_band_visible_count=7 popup_region_visible_count=0 force_refresh=True handle=118884296
2026-08-31 15:13:00.648 | DEBUG    | winwatt_automation.live_ui.menu_helpers:_menu_items:1111 - Discovered 7 MenuItem controls
2026-08-31 15:13:00.648 | DEBUG    | winwatt_automation.live_ui.menu_helpers:_log_phase_timing:83 - DBG_PHASE_TIMING phase=_menu_items elapsed_ms=500.000 force_refresh=True total_items=7 visible_items=7
2026-08-31 15:13:00.726 | INFO     | winwatt_automation.live_ui.menu_helpers:list_top_menu_items:1141 - Top-level menu items (raw): ['Rendszer', 'Fájl', 'Jegyzékek', 'Eszközök', 'Beállítások', 'Ablak', 'Súgó']
2026-08-31 15:13:00.726 | DEBUG    | winwatt_automation.live_ui.menu_helpers:_log_phase_timing:83 - DBG_PHASE_TIMING phase=list_top_menu_items elapsed_ms=578.000 count=7
2026-08-31 15:13:01.250 | INFO     | winwatt_automation.live_ui.app_connector:is_winwatt_foreground_context:1161 - DBG_WINWATT_FOREGROUND_CONTEXT expected_handle=118884296 expected_process_id=22144 expected_title=WinWatt gólya - C:\Users\Admin\Documents\GitHub\autowinwatt\winwatt_automation\data\runtime_maps\full_authorized_sandbox\adaptive_anyagok_efficient_v4_20260831 expected_class_name=TMainForm actual_foreground_handle=118884296 actual_foreground_process_id=22144 actual_foreground_title=WinWatt gólya - C:\Users\Admin\Documents\GitHub\autowinwatt\winwatt_automation\data\runtime_maps\full_authorized_sandbox\adaptive_anyagok_efficient_v4_20260831 actual_foreground_class_name=TMainForm allow_dialog=True result_reason=handle_match
2026-08-31 15:13:01.257 | INFO     | winwatt_automation.live_ui.app_connector:_cached_window_health_status:489 - DBG_WINWATT_CACHE_HEALTH reason_code=healthy payload={'wrapper_type': 'UIAWrapper', 'handle': 118884296, 'process_id': 22144, 'title': 'WinWatt gólya - C:\\Users\\Admin\\Documents\\GitHub\\autowinwatt\\winwatt_automation\\data\\runtime_maps\\full_authorized_sandbox\\adaptive_anyagok_efficient_v4_20260831', 'class_name': 'TMainForm', 'control_type': 'Window'}
2026-08-31 15:13:01.261 | DEBUG    | winwatt_automation.live_ui.app_connector:get_cached_main_window:574 - DBG_WINWATT_CACHE_GET reason_code=cache_validated_ok payload={'wrapper_type': 'UIAWrapper', 'handle': 118884296, 'process_id': 22144, 'title': 'WinWatt gólya - C:\\Users\\Admin\\Documents\\GitHub\\autowinwatt\\winwatt_automation\\data\\runtime_maps\\full_authorized_sandbox\\adaptive_anyagok_efficient_v4_20260831', 'class_name': 'TMainForm', 'control_type': 'Window'} last_validation_age_s=5.016000000061467 diagnostic_fast_mode=False
2026-08-31 15:13:01.262 | DEBUG    | winwatt_automation.live_ui.app_connector:get_cached_main_window:575 - DBG_PHASE_TIMING phase=get_cached_main_window elapsed_ms=16.000 reason_code=cache_validated_ok
2026-08-31 15:13:01.408 | DEBUG    | winwatt_automation.live_ui.app_connector:get_cached_main_window:565 - DBG_WINWATT_CACHE_GET reason_code=cache_reused_without_validation payload={'wrapper_type': 'UIAWrapper', 'handle': 118884296, 'process_id': 22144, 'title': 'WinWatt gólya - C:\\Users\\Admin\\Documents\\GitHub\\autowinwatt\\winwatt_automation\\data\\runtime_maps\\full_authorized_sandbox\\adaptive_anyagok_efficient_v4_20260831', 'class_name': 'TMainForm', 'control_type': 'Window'} last_validation_age_s=0.1720000000204891 diagnostic_fast_mode=False
2026-08-31 15:13:01.408 | DEBUG    | winwatt_automation.live_ui.app_connector:get_cached_main_window:566 - DBG_PHASE_TIMING phase=get_cached_main_window elapsed_ms=0.000 reason_code=cache_reused_without_validation
2026-08-31 15:13:01.408 | DEBUG    | winwatt_automation.live_ui.app_connector:get_cached_main_window:565 - DBG_WINWATT_CACHE_GET reason_code=cache_reused_without_validation payload={'wrapper_type': 'UIAWrapper', 'handle': 118884296, 'process_id': 22144, 'title': 'WinWatt gólya - C:\\Users\\Admin\\Documents\\GitHub\\autowinwatt\\winwatt_automation\\data\\runtime_maps\\full_authorized_sandbox\\adaptive_anyagok_efficient_v4_20260831', 'class_name': 'TMainForm', 'control_type': 'Window'} last_validation_age_s=0.1720000000204891 diagnostic_fast_mode=False
2026-08-31 15:13:01.408 | DEBUG    | winwatt_automation.live_ui.app_connector:get_cached_main_window:566 - DBG_PHASE_TIMING phase=get_cached_main_window elapsed_ms=0.000 reason_code=cache_reused_without_validation
2026-08-31 15:13:01.916 | INFO     | winwatt_automation.live_ui.menu_helpers:_menu_items:1101 - DBG_MENU_ITEMS_SUMMARY total_items=7 visible_items=7 topbar_band=(0, 0, 392, 53) topbar_band_visible_count=7 popup_region_visible_count=0 force_refresh=True handle=118884296
2026-08-31 15:13:01.916 | DEBUG    | winwatt_automation.live_ui.menu_helpers:_menu_items:1111 - Discovered 7 MenuItem controls
2026-08-31 15:13:01.916 | DEBUG    | winwatt_automation.live_ui.menu_helpers:_log_phase_timing:83 - DBG_PHASE_TIMING phase=_menu_items elapsed_ms=500.000 force_refresh=True total_items=7 visible_items=7
2026-08-31 15:13:01.995 | INFO     | winwatt_automation.live_ui.menu_helpers:list_top_menu_items:1141 - Top-level menu items (raw): ['Rendszer', 'Fájl', 'Jegyzékek', 'Eszközök', 'Beállítások', 'Ablak', 'Súgó']
2026-08-31 15:13:01.995 | DEBUG    | winwatt_automation.live_ui.menu_helpers:_log_phase_timing:83 - DBG_PHASE_TIMING phase=list_top_menu_items elapsed_ms=578.000 count=7
2026-08-31 15:13:02.513 | DEBUG    | winwatt_automation.live_ui.app_connector:get_cached_main_window:565 - DBG_WINWATT_CACHE_GET reason_code=cache_reused_without_validation payload={'wrapper_type': 'UIAWrapper', 'handle': 118884296, 'process_id': 22144, 'title': 'WinWatt gólya - C:\\Users\\Admin\\Documents\\GitHub\\autowinwatt\\winwatt_automation\\data\\runtime_maps\\full_authorized_sandbox\\adaptive_anyagok_efficient_v4_20260831', 'class_name': 'TMainForm', 'control_type': 'Window'} last_validation_age_s=1.265999999945052 diagnostic_fast_mode=False
2026-08-31 15:13:02.524 | DEBUG    | winwatt_automation.live_ui.app_connector:get_cached_main_window:566 - DBG_PHASE_TIMING phase=get_cached_main_window elapsed_ms=15.000 reason_code=cache_reused_without_validation
2026-08-31 15:13:02.684 | DEBUG    | winwatt_automation.live_ui.app_connector:get_cached_main_window:565 - DBG_WINWATT_CACHE_GET reason_code=cache_reused_without_validation payload={'wrapper_type': 'UIAWrapper', 'handle': 118884296, 'process_id': 22144, 'title': 'WinWatt gólya - C:\\Users\\Admin\\Documents\\GitHub\\autowinwatt\\winwatt_automation\\data\\runtime_maps\\full_authorized_sandbox\\adaptive_anyagok_efficient_v4_20260831', 'class_name': 'TMainForm', 'control_type': 'Window'} last_validation_age_s=1.452999999979511 diagnostic_fast_mode=False
2026-08-31 15:13:02.699 | DEBUG    | winwatt_automation.live_ui.app_connector:get_cached_main_window:566 - DBG_PHASE_TIMING phase=get_cached_main_window elapsed_ms=0.000 reason_code=cache_reused_without_validation
2026-08-31 15:13:02.699 | DEBUG    | winwatt_automation.live_ui.app_connector:get_cached_main_window:565 - DBG_WINWATT_CACHE_GET reason_code=cache_reused_without_validation payload={'wrapper_type': 'UIAWrapper', 'handle': 118884296, 'process_id': 22144, 'title': 'WinWatt gólya - C:\\Users\\Admin\\Documents\\GitHub\\autowinwatt\\winwatt_automation\\data\\runtime_maps\\full_authorized_sandbox\\adaptive_anyagok_efficient_v4_20260831', 'class_name': 'TMainForm', 'control_type': 'Window'} last_validation_age_s=1.452999999979511 diagnostic_fast_mode=False
2026-08-31 15:13:02.699 | DEBUG    | winwatt_automation.live_ui.app_connector:get_cached_main_window:566 - DBG_PHASE_TIMING phase=get_cached_main_window elapsed_ms=0.000 reason_code=cache_reused_without_validation
2026-08-31 15:13:03.202 | INFO     | winwatt_automation.live_ui.menu_helpers:_menu_items:1101 - DBG_MENU_ITEMS_SUMMARY total_items=7 visible_items=7 topbar_band=(0, 0, 392, 53) topbar_band_visible_count=7 popup_region_visible_count=0 force_refresh=True handle=118884296
2026-08-31 15:13:03.202 | DEBUG    | winwatt_automation.live_ui.menu_helpers:_menu_items:1111 - Discovered 7 MenuItem controls
2026-08-31 15:13:03.202 | DEBUG    | winwatt_automation.live_ui.menu_helpers:_log_phase_timing:83 - DBG_PHASE_TIMING phase=_menu_items elapsed_ms=516.000 force_refresh=True total_items=7 visible_items=7
2026-08-31 15:13:03.294 | INFO     | winwatt_automation.live_ui.menu_helpers:list_top_menu_items:1141 - Top-level menu items (raw): ['Rendszer', 'Fájl', 'Jegyzékek', 'Eszközök', 'Beállítások', 'Ablak', 'Súgó']
2026-08-31 15:13:03.294 | DEBUG    | winwatt_automation.live_ui.menu_helpers:_log_phase_timing:83 - DBG_PHASE_TIMING phase=list_top_menu_items elapsed_ms=610.000 count=7
2026-08-31 15:13:03.801 | DEBUG    | winwatt_automation.live_ui.app_connector:get_cached_main_window:565 - DBG_WINWATT_CACHE_GET reason_code=cache_reused_without_validation payload={'wrapper_type': 'UIAWrapper', 'handle': 118884296, 'process_id': 22144, 'title': 'WinWatt gólya - C:\\Users\\Admin\\Documents\\GitHub\\autowinwatt\\winwatt_automation\\data\\runtime_maps\\full_authorized_sandbox\\adaptive_anyagok_efficient_v4_20260831', 'class_name': 'TMainForm', 'control_type': 'Window'} last_validation_age_s=2.562999999965541 diagnostic_fast_mode=False
2026-08-31 15:13:03.806 | DEBUG    | winwatt_automation.live_ui.app_connector:get_cached_main_window:566 - DBG_PHASE_TIMING phase=get_cached_main_window elapsed_ms=0.000 reason_code=cache_reused_without_validation
2026-08-31 15:13:03.950 | DEBUG    | winwatt_automation.live_ui.app_connector:get_cached_main_window:565 - DBG_WINWATT_CACHE_GET reason_code=cache_reused_without_validation payload={'wrapper_type': 'UIAWrapper', 'handle': 118884296, 'process_id': 22144, 'title': 'WinWatt gólya - C:\\Users\\Admin\\Documents\\GitHub\\autowinwatt\\winwatt_automation\\data\\runtime_maps\\full_authorized_sandbox\\adaptive_anyagok_efficient_v4_20260831', 'class_name': 'TMainForm', 'control_type': 'Window'} last_validation_age_s=2.718999999924563 diagnostic_fast_mode=False
2026-08-31 15:13:03.950 | DEBUG    | winwatt_automation.live_ui.app_connector:get_cached_main_window:566 - DBG_PHASE_TIMING phase=get_cached_main_window elapsed_ms=0.000 reason_code=cache_reused_without_validation
2026-08-31 15:13:03.966 | DEBUG    | winwatt_automation.live_ui.app_connector:get_cached_main_window:565 - DBG_WINWATT_CACHE_GET reason_code=cache_reused_without_validation payload={'wrapper_type': 'UIAWrapper', 'handle': 118884296, 'process_id': 22144, 'title': 'WinWatt gólya - C:\\Users\\Admin\\Documents\\GitHub\\autowinwatt\\winwatt_automation\\data\\runtime_maps\\full_authorized_sandbox\\adaptive_anyagok_efficient_v4_20260831', 'class_name': 'TMainForm', 'control_type': 'Window'} last_validation_age_s=2.718999999924563 diagnostic_fast_mode=False
2026-08-31 15:13:03.966 | DEBUG    | winwatt_automation.live_ui.app_connector:get_cached_main_window:566 - DBG_PHASE_TIMING phase=get_cached_main_window elapsed_ms=15.000 reason_code=cache_reused_without_validation
2026-08-31 15:13:04.441 | INFO     | winwatt_automation.live_ui.menu_helpers:_menu_items:1101 - DBG_MENU_ITEMS_SUMMARY total_items=7 visible_items=7 topbar_band=(0, 0, 392, 53) topbar_band_visible_count=7 popup_region_visible_count=0 force_refresh=True handle=118884296
2026-08-31 15:13:04.441 | DEBUG    | winwatt_automation.live_ui.menu_helpers:_menu_items:1111 - Discovered 7 MenuItem controls
2026-08-31 15:13:04.441 | DEBUG    | winwatt_automation.live_ui.menu_helpers:_log_phase_timing:83 - DBG_PHASE_TIMING phase=_menu_items elapsed_ms=484.000 force_refresh=True total_items=7 visible_items=7
2026-08-31 15:13:04.521 | INFO     | winwatt_automation.live_ui.menu_helpers:list_top_menu_items:1141 - Top-level menu items (raw): ['Rendszer', 'Fájl', 'Jegyzékek', 'Eszközök', 'Beállítások', 'Ablak', 'Súgó']
2026-08-31 15:13:04.521 | DEBUG    | winwatt_automation.live_ui.menu_helpers:_log_phase_timing:83 - DBG_PHASE_TIMING phase=list_top_menu_items elapsed_ms=562.000 count=7
2026-08-31 15:13:05.037 | DEBUG    | winwatt_automation.live_ui.app_connector:get_cached_main_window:565 - DBG_WINWATT_CACHE_GET reason_code=cache_reused_without_validation payload={'wrapper_type': 'UIAWrapper', 'handle': 118884296, 'process_id': 22144, 'title': 'WinWatt gólya - C:\\Users\\Admin\\Documents\\GitHub\\autowinwatt\\winwatt_automation\\data\\runtime_maps\\full_authorized_sandbox\\adaptive_anyagok_efficient_v4_20260831', 'class_name': 'TMainForm', 'control_type': 'Window'} last_validation_age_s=3.797000000020489 diagnostic_fast_mode=False
2026-08-31 15:13:05.037 | DEBUG    | winwatt_automation.live_ui.app_connector:get_cached_main_window:566 - DBG_PHASE_TIMING phase=get_cached_main_window elapsed_ms=0.000 reason_code=cache_reused_without_validation
2026-08-31 15:13:22.389 | INFO     | winwatt_automation.live_ui.app_connector:is_winwatt_foreground_context:1161 - DBG_WINWATT_FOREGROUND_CONTEXT expected_handle=118884296 expected_process_id=22144 expected_title=WinWatt gólya - C:\Users\Admin\Documents\GitHub\autowinwatt\winwatt_automation\data\runtime_maps\full_authorized_sandbox\adaptive_anyagok_efficient_v4_20260831 expected_class_name=TMainForm actual_foreground_handle=118884296 actual_foreground_process_id=22144 actual_foreground_title=WinWatt gólya - C:\Users\Admin\Documents\GitHub\autowinwatt\winwatt_automation\data\runtime_maps\full_authorized_sandbox\adaptive_anyagok_efficient_v4_20260831 actual_foreground_class_name=TMainForm allow_dialog=True result_reason=handle_match
2026-08-31 15:13:22.408 | INFO     | winwatt_automation.live_ui.app_connector:_cached_window_health_status:489 - DBG_WINWATT_CACHE_HEALTH reason_code=healthy payload={'wrapper_type': 'UIAWrapper', 'handle': 118884296, 'process_id': 22144, 'title': 'WinWatt gólya - C:\\Users\\Admin\\Documents\\GitHub\\autowinwatt\\winwatt_automation\\data\\runtime_maps\\full_authorized_sandbox\\adaptive_anyagok_efficient_v4_20260831', 'class_name': 'TMainForm', 'control_type': 'Window'}
2026-08-31 15:13:22.411 | DEBUG    | winwatt_automation.live_ui.app_connector:get_cached_main_window:574 - DBG_WINWATT_CACHE_GET reason_code=cache_validated_ok payload={'wrapper_type': 'UIAWrapper', 'handle': 118884296, 'process_id': 22144, 'title': 'WinWatt gólya - C:\\Users\\Admin\\Documents\\GitHub\\autowinwatt\\winwatt_automation\\data\\runtime_maps\\full_authorized_sandbox\\adaptive_anyagok_efficient_v4_20260831', 'class_name': 'TMainForm', 'control_type': 'Window'} last_validation_age_s=21.155999999959022 diagnostic_fast_mode=False
2026-08-31 15:13:22.412 | DEBUG    | winwatt_automation.live_ui.app_connector:get_cached_main_window:575 - DBG_PHASE_TIMING phase=get_cached_main_window elapsed_ms=16.000 reason_code=cache_validated_ok
2026-08-31 15:13:23.707 | INFO     | winwatt_automation.live_ui.app_connector:get_cached_main_window:597 - DBG_WINWATT_CACHE_GET reason_code=cache_missing_resolving_fresh diagnostic_fast_mode=False
2026-08-31 15:13:23.879 | DEBUG    | winwatt_automation.live_ui.app_connector:list_candidate_windows:180 - Discovered 0 WinWatt-like windows on backend=win32
2026-08-31 15:13:23.891 | INFO     | winwatt_automation.live_ui.app_connector:_connect_with_win32_handle:276 - DBG_WINWATT_CONNECT_WIN32_CANDIDATES locator=backend=win32 ranked_candidates=[] 
2026-08-31 15:13:23.891 | WARNING  | winwatt_automation.runtime_mapping.program_mapper:_safe_capture_snapshot:191 - snapshot_capture_failed state_id=startup_after_relaunch error=No WinWatt-like windows were found
2026-08-31 15:13:24.393 | INFO     | winwatt_automation.live_ui.app_connector:get_cached_main_window:597 - DBG_WINWATT_CACHE_GET reason_code=cache_missing_resolving_fresh diagnostic_fast_mode=False
2026-08-31 15:13:27.013 | DEBUG    | winwatt_automation.live_ui.app_connector:list_candidate_windows:180 - Discovered 0 WinWatt-like windows on backend=win32
2026-08-31 15:13:27.013 | INFO     | winwatt_automation.live_ui.app_connector:_connect_with_win32_handle:276 - DBG_WINWATT_CONNECT_WIN32_CANDIDATES locator=backend=win32 ranked_candidates=[] 
2026-08-31 15:13:27.013 | WARNING  | winwatt_automation.runtime_mapping.program_mapper:_safe_capture_snapshot:191 - snapshot_capture_failed state_id=startup_after_relaunch error=No WinWatt-like windows were found
2026-08-31 15:13:27.519 | INFO     | winwatt_automation.live_ui.app_connector:get_cached_main_window:597 - DBG_WINWATT_CACHE_GET reason_code=cache_missing_resolving_fresh diagnostic_fast_mode=False
2026-08-31 15:13:29.100 | DEBUG    | winwatt_automation.live_ui.app_connector:list_candidate_windows:180 - Discovered 0 WinWatt-like windows on backend=win32
2026-08-31 15:13:29.100 | INFO     | winwatt_automation.live_ui.app_connector:_connect_with_win32_handle:276 - DBG_WINWATT_CONNECT_WIN32_CANDIDATES locator=backend=win32 ranked_candidates=[] 
2026-08-31 15:13:29.100 | WARNING  | winwatt_automation.runtime_mapping.program_mapper:_safe_capture_snapshot:191 - snapshot_capture_failed state_id=startup_after_relaunch error=No WinWatt-like windows were found
2026-08-31 15:13:29.615 | INFO     | winwatt_automation.live_ui.app_connector:get_cached_main_window:597 - DBG_WINWATT_CACHE_GET reason_code=cache_missing_resolving_fresh diagnostic_fast_mode=False
2026-08-31 15:13:29.697 | DEBUG    | winwatt_automation.live_ui.app_connector:list_candidate_windows:180 - Discovered 0 WinWatt-like windows on backend=win32
2026-08-31 15:13:29.701 | INFO     | winwatt_automation.live_ui.app_connector:_connect_with_win32_handle:276 - DBG_WINWATT_CONNECT_WIN32_CANDIDATES locator=backend=win32 ranked_candidates=[] 
2026-08-31 15:13:29.701 | WARNING  | winwatt_automation.runtime_mapping.program_mapper:_safe_capture_snapshot:191 - snapshot_capture_failed state_id=startup_after_relaunch error=No WinWatt-like windows were found
2026-08-31 15:13:30.202 | INFO     | winwatt_automation.live_ui.app_connector:get_cached_main_window:597 - DBG_WINWATT_CACHE_GET reason_code=cache_missing_resolving_fresh diagnostic_fast_mode=False
2026-08-31 15:13:30.264 | DEBUG    | winwatt_automation.live_ui.app_connector:list_candidate_windows:180 - Discovered 0 WinWatt-like windows on backend=win32
2026-08-31 15:13:30.280 | INFO     | winwatt_automation.live_ui.app_connector:_connect_with_win32_handle:276 - DBG_WINWATT_CONNECT_WIN32_CANDIDATES locator=backend=win32 ranked_candidates=[] 
2026-08-31 15:13:30.281 | WARNING  | winwatt_automation.runtime_mapping.program_mapper:_safe_capture_snapshot:191 - snapshot_capture_failed state_id=startup_after_relaunch error=No WinWatt-like windows were found
2026-08-31 15:13:30.783 | INFO     | winwatt_automation.live_ui.app_connector:get_cached_main_window:597 - DBG_WINWATT_CACHE_GET reason_code=cache_missing_resolving_fresh diagnostic_fast_mode=False
2026-08-31 15:13:30.874 | DEBUG    | winwatt_automation.live_ui.app_connector:list_candidate_windows:180 - Discovered 0 WinWatt-like windows on backend=win32
2026-08-31 15:13:30.874 | INFO     | winwatt_automation.live_ui.app_connector:_connect_with_win32_handle:276 - DBG_WINWATT_CONNECT_WIN32_CANDIDATES locator=backend=win32 ranked_candidates=[] 
2026-08-31 15:13:30.874 | WARNING  | winwatt_automation.runtime_mapping.program_mapper:_safe_capture_snapshot:191 - snapshot_capture_failed state_id=startup_after_relaunch error=No WinWatt-like windows were found
2026-08-31 15:13:31.389 | INFO     | winwatt_automation.live_ui.app_connector:get_cached_main_window:597 - DBG_WINWATT_CACHE_GET reason_code=cache_missing_resolving_fresh diagnostic_fast_mode=False
2026-08-31 15:13:31.464 | DEBUG    | winwatt_automation.live_ui.app_connector:list_candidate_windows:180 - Discovered 0 WinWatt-like windows on backend=win32
2026-08-31 15:13:31.464 | INFO     | winwatt_automation.live_ui.app_connector:_connect_with_win32_handle:276 - DBG_WINWATT_CONNECT_WIN32_CANDIDATES locator=backend=win32 ranked_candidates=[] 
2026-08-31 15:13:31.464 | WARNING  | winwatt_automation.runtime_mapping.program_mapper:_safe_capture_snapshot:191 - snapshot_capture_failed state_id=startup_after_relaunch error=No WinWatt-like windows were found
2026-08-31 15:13:31.967 | INFO     | winwatt_automation.live_ui.app_connector:get_cached_main_window:597 - DBG_WINWATT_CACHE_GET reason_code=cache_missing_resolving_fresh diagnostic_fast_mode=False
2026-08-31 15:13:32.103 | DEBUG    | winwatt_automation.live_ui.app_connector:list_candidate_windows:180 - Discovered 0 WinWatt-like windows on backend=win32
2026-08-31 15:13:32.105 | INFO     | winwatt_automation.live_ui.app_connector:_connect_with_win32_handle:276 - DBG_WINWATT_CONNECT_WIN32_CANDIDATES locator=backend=win32 ranked_candidates=[] 
2026-08-31 15:13:32.105 | WARNING  | winwatt_automation.runtime_mapping.program_mapper:_safe_capture_snapshot:191 - snapshot_capture_failed state_id=startup_after_relaunch error=No WinWatt-like windows were found
2026-08-31 15:13:32.611 | INFO     | winwatt_automation.live_ui.app_connector:get_cached_main_window:597 - DBG_WINWATT_CACHE_GET reason_code=cache_missing_resolving_fresh diagnostic_fast_mode=False
2026-08-31 15:13:32.674 | DEBUG    | winwatt_automation.live_ui.app_connector:list_candidate_windows:180 - Discovered 0 WinWatt-like windows on backend=win32
2026-08-31 15:13:32.690 | INFO     | winwatt_automation.live_ui.app_connector:_connect_with_win32_handle:276 - DBG_WINWATT_CONNECT_WIN32_CANDIDATES locator=backend=win32 ranked_candidates=[] 
2026-08-31 15:13:32.691 | WARNING  | winwatt_automation.runtime_mapping.program_mapper:_safe_capture_snapshot:191 - snapshot_capture_failed state_id=startup_after_relaunch error=No WinWatt-like windows were found
2026-08-31 15:13:33.192 | INFO     | winwatt_automation.live_ui.app_connector:get_cached_main_window:597 - DBG_WINWATT_CACHE_GET reason_code=cache_missing_resolving_fresh diagnostic_fast_mode=False
2026-08-31 15:13:33.272 | DEBUG    | winwatt_automation.live_ui.app_connector:list_candidate_windows:180 - Discovered 0 WinWatt-like windows on backend=win32
2026-08-31 15:13:33.272 | INFO     | winwatt_automation.live_ui.app_connector:_connect_with_win32_handle:276 - DBG_WINWATT_CONNECT_WIN32_CANDIDATES locator=backend=win32 ranked_candidates=[] 
2026-08-31 15:13:33.272 | WARNING  | winwatt_automation.runtime_mapping.program_mapper:_safe_capture_snapshot:191 - snapshot_capture_failed state_id=startup_after_relaunch error=No WinWatt-like windows were found
2026-08-31 15:13:33.779 | INFO     | winwatt_automation.live_ui.app_connector:get_cached_main_window:597 - DBG_WINWATT_CACHE_GET reason_code=cache_missing_resolving_fresh diagnostic_fast_mode=False
2026-08-31 15:13:33.860 | DEBUG    | winwatt_automation.live_ui.app_connector:list_candidate_windows:180 - Discovered 0 WinWatt-like windows on backend=win32
2026-08-31 15:13:33.864 | INFO     | winwatt_automation.live_ui.app_connector:_connect_with_win32_handle:276 - DBG_WINWATT_CONNECT_WIN32_CANDIDATES locator=backend=win32 ranked_candidates=[] 
2026-08-31 15:13:33.864 | WARNING  | winwatt_automation.runtime_mapping.program_mapper:_safe_capture_snapshot:191 - snapshot_capture_failed state_id=startup_after_relaunch error=No WinWatt-like windows were found
2026-08-31 15:13:34.366 | INFO     | winwatt_automation.live_ui.app_connector:get_cached_main_window:597 - DBG_WINWATT_CACHE_GET reason_code=cache_missing_resolving_fresh diagnostic_fast_mode=False
2026-08-31 15:13:34.454 | DEBUG    | winwatt_automation.live_ui.app_connector:list_candidate_windows:180 - Discovered 0 WinWatt-like windows on backend=win32
2026-08-31 15:13:34.454 | INFO     | winwatt_automation.live_ui.app_connector:_connect_with_win32_handle:276 - DBG_WINWATT_CONNECT_WIN32_CANDIDATES locator=backend=win32 ranked_candidates=[] 
2026-08-31 15:13:34.454 | WARNING  | winwatt_automation.runtime_mapping.program_mapper:_safe_capture_snapshot:191 - snapshot_capture_failed state_id=startup_after_relaunch error=No WinWatt-like windows were found
2026-08-31 15:13:34.959 | INFO     | winwatt_automation.live_ui.app_connector:get_cached_main_window:597 - DBG_WINWATT_CACHE_GET reason_code=cache_missing_resolving_fresh diagnostic_fast_mode=False
2026-08-31 15:13:35.092 | DEBUG    | winwatt_automation.live_ui.app_connector:list_candidate_windows:180 - Discovered 0 WinWatt-like windows on backend=win32
2026-08-31 15:13:35.096 | INFO     | winwatt_automation.live_ui.app_connector:_connect_with_win32_handle:276 - DBG_WINWATT_CONNECT_WIN32_CANDIDATES locator=backend=win32 ranked_candidates=[] 
2026-08-31 15:13:35.096 | WARNING  | winwatt_automation.runtime_mapping.program_mapper:_safe_capture_snapshot:191 - snapshot_capture_failed state_id=startup_after_relaunch error=No WinWatt-like windows were found
2026-08-31 15:13:35.597 | INFO     | winwatt_automation.live_ui.app_connector:get_cached_main_window:597 - DBG_WINWATT_CACHE_GET reason_code=cache_missing_resolving_fresh diagnostic_fast_mode=False
2026-08-31 15:13:35.693 | DEBUG    | winwatt_automation.live_ui.app_connector:list_candidate_windows:180 - Discovered 1 WinWatt-like windows on backend=win32
2026-08-31 15:13:35.701 | DEBUG    | winwatt_automation.live_ui.app_connector:list_candidate_windows:182 - Candidate[win32]: {'title': 'WinWatt gólya - C:\\Users\\Admin\\Documents\\GitHub\\autowinwatt\\winwatt_automation\\data\\runtime_maps\\full_authorized_sandbox\\adaptive_anyagok_efficient_v4_20260831', 'window_text': 'WinWatt gólya - C:\\Users\\Admin\\Documents\\GitHub\\autowinwatt\\winwatt_automation\\data\\runtime_maps\\full_authorized_sandbox\\adaptive_anyagok_efficient_v4_20260831', 'class_name': 'TMainForm', 'control_type': None, 'process_id': 15168, 'handle': None, 'is_visible': True, 'is_enabled': True, 'rectangle': {'left': -10, 'top': -10, 'right': 1930, 'bottom': 1030, 'width': 1940, 'height': 1040}, 'size': {'width': 1940, 'height': 1040}}
2026-08-31 15:13:35.701 | INFO     | winwatt_automation.live_ui.app_connector:_connect_with_win32_handle:276 - DBG_WINWATT_CONNECT_WIN32_CANDIDATES locator=backend=win32 ranked_candidates=[{'rank': 1, 'score': (1, 1, 1, 1, 2017600), 'process_id': 15168, 'handle': None, 'class_name': 'TMainForm', 'title': 'WinWatt gólya - C:\\Users\\Admin\\Documents\\GitHub\\autowinwatt\\winwatt_automation\\data\\runtime_maps\\full_authorized_sandbox\\adaptive_anyagok_efficient_v4_20260831', 'visible': True, 'enabled': True}] 
2026-08-31 15:13:35.701 | INFO     | winwatt_automation.live_ui.app_connector:select_main_window:224 - Candidate ranking score=(1, 1, 1, 1, 2017600) data={'title': 'WinWatt gólya - C:\\Users\\Admin\\Documents\\GitHub\\autowinwatt\\winwatt_automation\\data\\runtime_maps\\full_authorized_sandbox\\adaptive_anyagok_efficient_v4_20260831', 'window_text': 'WinWatt gólya - C:\\Users\\Admin\\Documents\\GitHub\\autowinwatt\\winwatt_automation\\data\\runtime_maps\\full_authorized_sandbox\\adaptive_anyagok_efficient_v4_20260831', 'class_name': 'TMainForm', 'control_type': None, 'process_id': 15168, 'handle': None, 'is_visible': True, 'is_enabled': True, 'rectangle': {'left': -10, 'top': -10, 'right': 1930, 'bottom': 1030, 'width': 1940, 'height': 1040}, 'size': {'width': 1940, 'height': 1040}}
2026-08-31 15:13:35.701 | INFO     | winwatt_automation.live_ui.app_connector:select_main_window:234 - Selected main window process_id=15168 handle=None score=(1, 1, 1, 1, 2017600) reasons=['has_process_id=True', 'has_handle=False', 'visible=True', 'enabled=True', 'title_has_winwatt=True', 'area=2017600']
2026-08-31 15:13:35.701 | INFO     | winwatt_automation.live_ui.app_connector:_connect_with_win32_handle:293 - DBG_WINWATT_CONNECT_WIN32_SELECTED selected_payload={'title': 'WinWatt gólya - C:\\Users\\Admin\\Documents\\GitHub\\autowinwatt\\winwatt_automation\\data\\runtime_maps\\full_authorized_sandbox\\adaptive_anyagok_efficient_v4_20260831', 'window_text': 'WinWatt gólya - C:\\Users\\Admin\\Documents\\GitHub\\autowinwatt\\winwatt_automation\\data\\runtime_maps\\full_authorized_sandbox\\adaptive_anyagok_efficient_v4_20260831', 'class_name': 'TMainForm', 'control_type': None, 'process_id': 15168, 'handle': None, 'is_visible': True, 'is_enabled': True, 'rectangle': {'left': -10, 'top': -10, 'right': 1930, 'bottom': 1030, 'width': 1940, 'height': 1040}, 'size': {'width': 1940, 'height': 1040}} selected_handle_is_none=True
2026-08-31 15:13:35.701 | INFO     | winwatt_automation.live_ui.app_connector:_connect_with_win32_handle:336 - Connected to WinWatt backend=win32 attach_mode=process candidate={'process_id': 15168, 'handle': None, 'class_name': 'TMainForm', 'title': 'WinWatt gólya - C:\\Users\\Admin\\Documents\\GitHub\\autowinwatt\\winwatt_automation\\data\\runtime_maps\\full_authorized_sandbox\\adaptive_anyagok_efficient_v4_20260831'}
2026-08-31 15:13:35.712 | INFO     | winwatt_automation.live_ui.app_connector:_connect_with_win32_handle:350 - DBG_WINWATT_CONNECT_WIN32_RESOLVED process_id=15168 resolved_handle=None selected_payload={'title': 'WinWatt gólya - C:\\Users\\Admin\\Documents\\GitHub\\autowinwatt\\winwatt_automation\\data\\runtime_maps\\full_authorized_sandbox\\adaptive_anyagok_efficient_v4_20260831', 'window_text': 'WinWatt gólya - C:\\Users\\Admin\\Documents\\GitHub\\autowinwatt\\winwatt_automation\\data\\runtime_maps\\full_authorized_sandbox\\adaptive_anyagok_efficient_v4_20260831', 'class_name': 'TMainForm', 'control_type': None, 'process_id': 15168, 'handle': None, 'is_visible': True, 'is_enabled': True, 'rectangle': {'left': -10, 'top': -10, 'right': 1930, 'bottom': 1030, 'width': 1940, 'height': 1040}, 'size': {'width': 1940, 'height': 1040}}
2026-08-31 15:13:35.712 | INFO     | winwatt_automation.live_ui.app_connector:_resolve_uia_main_window:382 - DBG_WINWATT_RESOLVE_UIA_WIN32_SELECTED selected_payload={'title': 'WinWatt gólya - C:\\Users\\Admin\\Documents\\GitHub\\autowinwatt\\winwatt_automation\\data\\runtime_maps\\full_authorized_sandbox\\adaptive_anyagok_efficient_v4_20260831', 'window_text': 'WinWatt gólya - C:\\Users\\Admin\\Documents\\GitHub\\autowinwatt\\winwatt_automation\\data\\runtime_maps\\full_authorized_sandbox\\adaptive_anyagok_efficient_v4_20260831', 'class_name': 'TMainForm', 'control_type': None, 'process_id': 15168, 'handle': None, 'is_visible': True, 'is_enabled': True, 'rectangle': {'left': -10, 'top': -10, 'right': 1930, 'bottom': 1030, 'width': 1940, 'height': 1040}, 'size': {'width': 1940, 'height': 1040}}
2026-08-31 15:13:35.713 | INFO     | winwatt_automation.live_ui.app_connector:_resolve_uia_main_window:388 - Connected to WinWatt backend=uia process_id=15168
2026-08-31 15:13:35.714 | INFO     | winwatt_automation.live_ui.app_connector:_resolve_uia_main_window:390 - Resolving main WinWatt window backend=uia class_name=TMainForm title_re=.*WinWatt.*
2026-08-31 15:13:36.084 | INFO     | winwatt_automation.live_ui.app_connector:_resolve_uia_main_window:400 - DBG_WINWATT_RESOLVE_UIA_PRIMARY selected_payload={'title': 'WinWatt gólya - C:\\Users\\Admin\\Documents\\GitHub\\autowinwatt\\winwatt_automation\\data\\runtime_maps\\full_authorized_sandbox\\adaptive_anyagok_efficient_v4_20260831', 'window_text': 'WinWatt gólya - C:\\Users\\Admin\\Documents\\GitHub\\autowinwatt\\winwatt_automation\\data\\runtime_maps\\full_authorized_sandbox\\adaptive_anyagok_efficient_v4_20260831', 'class_name': 'TMainForm', 'control_type': None, 'process_id': 15168, 'handle': None, 'is_visible': True, 'is_enabled': True, 'rectangle': {'left': -10, 'top': -10, 'right': 1930, 'bottom': 1030, 'width': 1940, 'height': 1040}, 'size': {'width': 1940, 'height': 1040}} primary_result={'wrapper_type': 'UIAWrapper', 'handle': 194054120, 'process_id': 15168, 'title': 'WinWatt gólya - C:\\Users\\Admin\\Documents\\GitHub\\autowinwatt\\winwatt_automation\\data\\runtime_maps\\full_authorized_sandbox\\adaptive_anyagok_efficient_v4_20260831', 'class_name': 'TMainForm', 'control_type': 'Window'} identity_match_with_win32=None
2026-08-31 15:13:36.084 | DEBUG    | winwatt_automation.live_ui.app_connector:get_cached_main_window:606 - DBG_PHASE_TIMING phase=get_cached_main_window elapsed_ms=485.000 reason_code=fresh_resolve
2026-08-31 15:13:36.262 | DEBUG    | winwatt_automation.live_ui.app_connector:get_cached_main_window:565 - DBG_WINWATT_CACHE_GET reason_code=cache_reused_without_validation payload={'wrapper_type': 'UIAWrapper', 'handle': 194054120, 'process_id': 15168, 'title': 'WinWatt gólya - C:\\Users\\Admin\\Documents\\GitHub\\autowinwatt\\winwatt_automation\\data\\runtime_maps\\full_authorized_sandbox\\adaptive_anyagok_efficient_v4_20260831', 'class_name': 'TMainForm', 'control_type': 'Window'} last_validation_age_s=0.1720000000204891 diagnostic_fast_mode=False
2026-08-31 15:13:36.262 | DEBUG    | winwatt_automation.live_ui.app_connector:get_cached_main_window:566 - DBG_PHASE_TIMING phase=get_cached_main_window elapsed_ms=0.000 reason_code=cache_reused_without_validation
2026-08-31 15:13:36.276 | DEBUG    | winwatt_automation.live_ui.app_connector:get_cached_main_window:565 - DBG_WINWATT_CACHE_GET reason_code=cache_reused_without_validation payload={'wrapper_type': 'UIAWrapper', 'handle': 194054120, 'process_id': 15168, 'title': 'WinWatt gólya - C:\\Users\\Admin\\Documents\\GitHub\\autowinwatt\\winwatt_automation\\data\\runtime_maps\\full_authorized_sandbox\\adaptive_anyagok_efficient_v4_20260831', 'class_name': 'TMainForm', 'control_type': 'Window'} last_validation_age_s=0.18700000003445894 diagnostic_fast_mode=False
2026-08-31 15:13:36.276 | DEBUG    | winwatt_automation.live_ui.app_connector:get_cached_main_window:566 - DBG_PHASE_TIMING phase=get_cached_main_window elapsed_ms=0.000 reason_code=cache_reused_without_validation
2026-08-31 15:13:36.845 | INFO     | winwatt_automation.live_ui.menu_helpers:_menu_items:1101 - DBG_MENU_ITEMS_SUMMARY total_items=7 visible_items=7 topbar_band=(0, 0, 392, 53) topbar_band_visible_count=7 popup_region_visible_count=0 force_refresh=True handle=194054120
2026-08-31 15:13:36.858 | DEBUG    | winwatt_automation.live_ui.menu_helpers:_menu_items:1111 - Discovered 7 MenuItem controls
2026-08-31 15:13:36.859 | DEBUG    | winwatt_automation.live_ui.menu_helpers:_log_phase_timing:83 - DBG_PHASE_TIMING phase=_menu_items elapsed_ms=609.000 force_refresh=True total_items=7 visible_items=7
2026-08-31 15:13:36.958 | INFO     | winwatt_automation.live_ui.menu_helpers:list_top_menu_items:1141 - Top-level menu items (raw): ['Rendszer', 'Fájl', 'Jegyzékek', 'Eszközök', 'Beállítások', 'Ablak', 'Súgó']
2026-08-31 15:13:36.958 | DEBUG    | winwatt_automation.live_ui.menu_helpers:_log_phase_timing:83 - DBG_PHASE_TIMING phase=list_top_menu_items elapsed_ms=703.000 count=7
2026-08-31 15:13:37.464 | DEBUG    | winwatt_automation.live_ui.app_connector:get_cached_main_window:565 - DBG_WINWATT_CACHE_GET reason_code=cache_reused_without_validation payload={'wrapper_type': 'UIAWrapper', 'handle': 194054120, 'process_id': 15168, 'title': 'WinWatt gólya - C:\\Users\\Admin\\Documents\\GitHub\\autowinwatt\\winwatt_automation\\data\\runtime_maps\\full_authorized_sandbox\\adaptive_anyagok_efficient_v4_20260831', 'class_name': 'TMainForm', 'control_type': 'Window'} last_validation_age_s=1.375 diagnostic_fast_mode=False
2026-08-31 15:13:37.470 | DEBUG    | winwatt_automation.live_ui.app_connector:get_cached_main_window:566 - DBG_PHASE_TIMING phase=get_cached_main_window elapsed_ms=15.000 reason_code=cache_reused_without_validation
2026-08-31 15:13:37.660 | DEBUG    | winwatt_automation.live_ui.app_connector:get_cached_main_window:565 - DBG_WINWATT_CACHE_GET reason_code=cache_reused_without_validation payload={'wrapper_type': 'UIAWrapper', 'handle': 194054120, 'process_id': 15168, 'title': 'WinWatt gólya - C:\\Users\\Admin\\Documents\\GitHub\\autowinwatt\\winwatt_automation\\data\\runtime_maps\\full_authorized_sandbox\\adaptive_anyagok_efficient_v4_20260831', 'class_name': 'TMainForm', 'control_type': 'Window'} last_validation_age_s=1.562000000034459 diagnostic_fast_mode=False
2026-08-31 15:13:37.660 | DEBUG    | winwatt_automation.live_ui.app_connector:get_cached_main_window:566 - DBG_PHASE_TIMING phase=get_cached_main_window elapsed_ms=16.000 reason_code=cache_reused_without_validation
2026-08-31 15:13:37.660 | DEBUG    | winwatt_automation.live_ui.app_connector:get_cached_main_window:565 - DBG_WINWATT_CACHE_GET reason_code=cache_reused_without_validation payload={'wrapper_type': 'UIAWrapper', 'handle': 194054120, 'process_id': 15168, 'title': 'WinWatt gólya - C:\\Users\\Admin\\Documents\\GitHub\\autowinwatt\\winwatt_automation\\data\\runtime_maps\\full_authorized_sandbox\\adaptive_anyagok_efficient_v4_20260831', 'class_name': 'TMainForm', 'control_type': 'Window'} last_validation_age_s=1.5780000000959262 diagnostic_fast_mode=False
2026-08-31 15:13:37.660 | DEBUG    | winwatt_automation.live_ui.app_connector:get_cached_main_window:566 - DBG_PHASE_TIMING phase=get_cached_main_window elapsed_ms=0.000 reason_code=cache_reused_without_validation
2026-08-31 15:13:38.278 | INFO     | winwatt_automation.live_ui.menu_helpers:_menu_items:1101 - DBG_MENU_ITEMS_SUMMARY total_items=7 visible_items=7 topbar_band=(0, 0, 392, 53) topbar_band_visible_count=7 popup_region_visible_count=0 force_refresh=True handle=194054120
2026-08-31 15:13:38.278 | DEBUG    | winwatt_automation.live_ui.menu_helpers:_menu_items:1111 - Discovered 7 MenuItem controls
2026-08-31 15:13:38.278 | DEBUG    | winwatt_automation.live_ui.menu_helpers:_log_phase_timing:83 - DBG_PHASE_TIMING phase=_menu_items elapsed_ms=625.000 force_refresh=True total_items=7 visible_items=7
2026-08-31 15:13:38.357 | INFO     | winwatt_automation.live_ui.menu_helpers:list_top_menu_items:1141 - Top-level menu items (raw): ['Rendszer', 'Fájl', 'Jegyzékek', 'Eszközök', 'Beállítások', 'Ablak', 'Súgó']
2026-08-31 15:13:38.357 | DEBUG    | winwatt_automation.live_ui.menu_helpers:_log_phase_timing:83 - DBG_PHASE_TIMING phase=list_top_menu_items elapsed_ms=719.000 count=7
2026-08-31 15:13:38.872 | DEBUG    | winwatt_automation.live_ui.app_connector:get_cached_main_window:565 - DBG_WINWATT_CACHE_GET reason_code=cache_reused_without_validation payload={'wrapper_type': 'UIAWrapper', 'handle': 194054120, 'process_id': 15168, 'title': 'WinWatt gólya - C:\\Users\\Admin\\Documents\\GitHub\\autowinwatt\\winwatt_automation\\data\\runtime_maps\\full_authorized_sandbox\\adaptive_anyagok_efficient_v4_20260831', 'class_name': 'TMainForm', 'control_type': 'Window'} last_validation_age_s=2.797000000020489 diagnostic_fast_mode=False
2026-08-31 15:13:38.882 | DEBUG    | winwatt_automation.live_ui.app_connector:get_cached_main_window:566 - DBG_PHASE_TIMING phase=get_cached_main_window elapsed_ms=0.000 reason_code=cache_reused_without_validation
2026-08-31 15:13:39.029 | DEBUG    | winwatt_automation.live_ui.app_connector:get_cached_main_window:565 - DBG_WINWATT_CACHE_GET reason_code=cache_reused_without_validation payload={'wrapper_type': 'UIAWrapper', 'handle': 194054120, 'process_id': 15168, 'title': 'WinWatt gólya - C:\\Users\\Admin\\Documents\\GitHub\\autowinwatt\\winwatt_automation\\data\\runtime_maps\\full_authorized_sandbox\\adaptive_anyagok_efficient_v4_20260831', 'class_name': 'TMainForm', 'control_type': 'Window'} last_validation_age_s=2.9530000000959262 diagnostic_fast_mode=False
2026-08-31 15:13:39.029 | DEBUG    | winwatt_automation.live_ui.app_connector:get_cached_main_window:566 - DBG_PHASE_TIMING phase=get_cached_main_window elapsed_ms=0.000 reason_code=cache_reused_without_validation
2026-08-31 15:13:39.041 | DEBUG    | winwatt_automation.live_ui.app_connector:get_cached_main_window:565 - DBG_WINWATT_CACHE_GET reason_code=cache_reused_without_validation payload={'wrapper_type': 'UIAWrapper', 'handle': 194054120, 'process_id': 15168, 'title': 'WinWatt gólya - C:\\Users\\Admin\\Documents\\GitHub\\autowinwatt\\winwatt_automation\\data\\runtime_maps\\full_authorized_sandbox\\adaptive_anyagok_efficient_v4_20260831', 'class_name': 'TMainForm', 'control_type': 'Window'} last_validation_age_s=2.9530000000959262 diagnostic_fast_mode=False
2026-08-31 15:13:39.042 | DEBUG    | winwatt_automation.live_ui.app_connector:get_cached_main_window:566 - DBG_PHASE_TIMING phase=get_cached_main_window elapsed_ms=0.000 reason_code=cache_reused_without_validation
2026-08-31 15:13:39.561 | INFO     | winwatt_automation.live_ui.menu_helpers:_menu_items:1101 - DBG_MENU_ITEMS_SUMMARY total_items=7 visible_items=7 topbar_band=(0, 0, 392, 53) topbar_band_visible_count=7 popup_region_visible_count=0 force_refresh=True handle=194054120
2026-08-31 15:13:39.567 | DEBUG    | winwatt_automation.live_ui.menu_helpers:_menu_items:1111 - Discovered 7 MenuItem controls
2026-08-31 15:13:39.567 | DEBUG    | winwatt_automation.live_ui.menu_helpers:_log_phase_timing:83 - DBG_PHASE_TIMING phase=_menu_items elapsed_ms=531.000 force_refresh=True total_items=7 visible_items=7
2026-08-31 15:13:39.625 | INFO     | winwatt_automation.live_ui.menu_helpers:list_top_menu_items:1141 - Top-level menu items (raw): ['Rendszer', 'Fájl', 'Jegyzékek', 'Eszközök', 'Beállítások', 'Ablak', 'Súgó']
2026-08-31 15:13:39.625 | DEBUG    | winwatt_automation.live_ui.menu_helpers:_log_phase_timing:83 - DBG_PHASE_TIMING phase=list_top_menu_items elapsed_ms=594.000 count=7
2026-08-31 15:13:40.138 | INFO     | winwatt_automation.live_ui.app_connector:is_winwatt_foreground_context:1161 - DBG_WINWATT_FOREGROUND_CONTEXT expected_handle=194054120 expected_process_id=15168 expected_title=WinWatt gólya - C:\Users\Admin\Documents\GitHub\autowinwatt\winwatt_automation\data\runtime_maps\full_authorized_sandbox\adaptive_anyagok_efficient_v4_20260831 expected_class_name=TMainForm actual_foreground_handle=70584138 actual_foreground_process_id=15704 actual_foreground_title=AutoWinWatt – feltérképezés actual_foreground_class_name=TkTopLevel allow_dialog=True result_reason=no_match
2026-08-31 15:13:40.144 | INFO     | winwatt_automation.live_ui.app_connector:_cached_window_health_status:486 - DBG_WINWATT_CACHE_HEALTH reason_code=foreground_context_failed payload={'wrapper_type': 'UIAWrapper', 'handle': 194054120, 'process_id': 15168, 'title': 'WinWatt gólya - C:\\Users\\Admin\\Documents\\GitHub\\autowinwatt\\winwatt_automation\\data\\runtime_maps\\full_authorized_sandbox\\adaptive_anyagok_efficient_v4_20260831', 'class_name': 'TMainForm', 'control_type': 'Window'} foreground={'handle': 70584138, 'title': 'AutoWinWatt – feltérképezés', 'class_name': 'TkTopLevel', 'process_id': 15704}
2026-08-31 15:13:40.154 | INFO     | winwatt_automation.live_ui.app_connector:get_cached_main_window:594 - DBG_WINWATT_CACHE_GET reason_code=cache_invalid_resolving_fresh payload={'wrapper_type': 'UIAWrapper', 'handle': 194054120, 'process_id': 15168, 'title': 'WinWatt gólya - C:\\Users\\Admin\\Documents\\GitHub\\autowinwatt\\winwatt_automation\\data\\runtime_maps\\full_authorized_sandbox\\adaptive_anyagok_efficient_v4_20260831', 'class_name': 'TMainForm', 'control_type': 'Window'} health_reason=foreground_context_failed diagnostic_fast_mode=False
2026-08-31 15:13:40.234 | DEBUG    | winwatt_automation.live_ui.app_connector:list_candidate_windows:180 - Discovered 1 WinWatt-like windows on backend=win32
2026-08-31 15:13:40.237 | DEBUG    | winwatt_automation.live_ui.app_connector:list_candidate_windows:182 - Candidate[win32]: {'title': 'WinWatt gólya - C:\\Users\\Admin\\Documents\\GitHub\\autowinwatt\\winwatt_automation\\data\\runtime_maps\\full_authorized_sandbox\\adaptive_anyagok_efficient_v4_20260831', 'window_text': 'WinWatt gólya - C:\\Users\\Admin\\Documents\\GitHub\\autowinwatt\\winwatt_automation\\data\\runtime_maps\\full_authorized_sandbox\\adaptive_anyagok_efficient_v4_20260831', 'class_name': 'TMainForm', 'control_type': None, 'process_id': 15168, 'handle': None, 'is_visible': True, 'is_enabled': True, 'rectangle': {'left': -10, 'top': -10, 'right': 1930, 'bottom': 1030, 'width': 1940, 'height': 1040}, 'size': {'width': 1940, 'height': 1040}}
2026-08-31 15:13:40.237 | INFO     | winwatt_automation.live_ui.app_connector:_connect_with_win32_handle:276 - DBG_WINWATT_CONNECT_WIN32_CANDIDATES locator=backend=win32 ranked_candidates=[{'rank': 1, 'score': (1, 1, 1, 1, 2017600), 'process_id': 15168, 'handle': None, 'class_name': 'TMainForm', 'title': 'WinWatt gólya - C:\\Users\\Admin\\Documents\\GitHub\\autowinwatt\\winwatt_automation\\data\\runtime_maps\\full_authorized_sandbox\\adaptive_anyagok_efficient_v4_20260831', 'visible': True, 'enabled': True}] 
2026-08-31 15:13:40.237 | INFO     | winwatt_automation.live_ui.app_connector:select_main_window:224 - Candidate ranking score=(1, 1, 1, 1, 2017600) data={'title': 'WinWatt gólya - C:\\Users\\Admin\\Documents\\GitHub\\autowinwatt\\winwatt_automation\\data\\runtime_maps\\full_authorized_sandbox\\adaptive_anyagok_efficient_v4_20260831', 'window_text': 'WinWatt gólya - C:\\Users\\Admin\\Documents\\GitHub\\autowinwatt\\winwatt_automation\\data\\runtime_maps\\full_authorized_sandbox\\adaptive_anyagok_efficient_v4_20260831', 'class_name': 'TMainForm', 'control_type': None, 'process_id': 15168, 'handle': None, 'is_visible': True, 'is_enabled': True, 'rectangle': {'left': -10, 'top': -10, 'right': 1930, 'bottom': 1030, 'width': 1940, 'height': 1040}, 'size': {'width': 1940, 'height': 1040}}
2026-08-31 15:13:40.237 | INFO     | winwatt_automation.live_ui.app_connector:select_main_window:234 - Selected main window process_id=15168 handle=None score=(1, 1, 1, 1, 2017600) reasons=['has_process_id=True', 'has_handle=False', 'visible=True', 'enabled=True', 'title_has_winwatt=True', 'area=2017600']
2026-08-31 15:13:40.237 | INFO     | winwatt_automation.live_ui.app_connector:_connect_with_win32_handle:293 - DBG_WINWATT_CONNECT_WIN32_SELECTED selected_payload={'title': 'WinWatt gólya - C:\\Users\\Admin\\Documents\\GitHub\\autowinwatt\\winwatt_automation\\data\\runtime_maps\\full_authorized_sandbox\\adaptive_anyagok_efficient_v4_20260831', 'window_text': 'WinWatt gólya - C:\\Users\\Admin\\Documents\\GitHub\\autowinwatt\\winwatt_automation\\data\\runtime_maps\\full_authorized_sandbox\\adaptive_anyagok_efficient_v4_20260831', 'class_name': 'TMainForm', 'control_type': None, 'process_id': 15168, 'handle': None, 'is_visible': True, 'is_enabled': True, 'rectangle': {'left': -10, 'top': -10, 'right': 1930, 'bottom': 1030, 'width': 1940, 'height': 1040}, 'size': {'width': 1940, 'height': 1040}} selected_handle_is_none=True
2026-08-31 15:13:40.237 | INFO     | winwatt_automation.live_ui.app_connector:_connect_with_win32_handle:336 - Connected to WinWatt backend=win32 attach_mode=process candidate={'process_id': 15168, 'handle': None, 'class_name': 'TMainForm', 'title': 'WinWatt gólya - C:\\Users\\Admin\\Documents\\GitHub\\autowinwatt\\winwatt_automation\\data\\runtime_maps\\full_authorized_sandbox\\adaptive_anyagok_efficient_v4_20260831'}
2026-08-31 15:13:40.237 | INFO     | winwatt_automation.live_ui.app_connector:_connect_with_win32_handle:350 - DBG_WINWATT_CONNECT_WIN32_RESOLVED process_id=15168 resolved_handle=None selected_payload={'title': 'WinWatt gólya - C:\\Users\\Admin\\Documents\\GitHub\\autowinwatt\\winwatt_automation\\data\\runtime_maps\\full_authorized_sandbox\\adaptive_anyagok_efficient_v4_20260831', 'window_text': 'WinWatt gólya - C:\\Users\\Admin\\Documents\\GitHub\\autowinwatt\\winwatt_automation\\data\\runtime_maps\\full_authorized_sandbox\\adaptive_anyagok_efficient_v4_20260831', 'class_name': 'TMainForm', 'control_type': None, 'process_id': 15168, 'handle': None, 'is_visible': True, 'is_enabled': True, 'rectangle': {'left': -10, 'top': -10, 'right': 1930, 'bottom': 1030, 'width': 1940, 'height': 1040}, 'size': {'width': 1940, 'height': 1040}}
2026-08-31 15:13:40.237 | INFO     | winwatt_automation.live_ui.app_connector:_resolve_uia_main_window:382 - DBG_WINWATT_RESOLVE_UIA_WIN32_SELECTED selected_payload={'title': 'WinWatt gólya - C:\\Users\\Admin\\Documents\\GitHub\\autowinwatt\\winwatt_automation\\data\\runtime_maps\\full_authorized_sandbox\\adaptive_anyagok_efficient_v4_20260831', 'window_text': 'WinWatt gólya - C:\\Users\\Admin\\Documents\\GitHub\\autowinwatt\\winwatt_automation\\data\\runtime_maps\\full_authorized_sandbox\\adaptive_anyagok_efficient_v4_20260831', 'class_name': 'TMainForm', 'control_type': None, 'process_id': 15168, 'handle': None, 'is_visible': True, 'is_enabled': True, 'rectangle': {'left': -10, 'top': -10, 'right': 1930, 'bottom': 1030, 'width': 1940, 'height': 1040}, 'size': {'width': 1940, 'height': 1040}}
2026-08-31 15:13:40.237 | INFO     | winwatt_automation.live_ui.app_connector:_resolve_uia_main_window:388 - Connected to WinWatt backend=uia process_id=15168
2026-08-31 15:13:40.237 | INFO     | winwatt_automation.live_ui.app_connector:_resolve_uia_main_window:390 - Resolving main WinWatt window backend=uia class_name=TMainForm title_re=.*WinWatt.*
2026-08-31 15:13:40.503 | INFO     | winwatt_automation.live_ui.app_connector:_resolve_uia_main_window:400 - DBG_WINWATT_RESOLVE_UIA_PRIMARY selected_payload={'title': 'WinWatt gólya - C:\\Users\\Admin\\Documents\\GitHub\\autowinwatt\\winwatt_automation\\data\\runtime_maps\\full_authorized_sandbox\\adaptive_anyagok_efficient_v4_20260831', 'window_text': 'WinWatt gólya - C:\\Users\\Admin\\Documents\\GitHub\\autowinwatt\\winwatt_automation\\data\\runtime_maps\\full_authorized_sandbox\\adaptive_anyagok_efficient_v4_20260831', 'class_name': 'TMainForm', 'control_type': None, 'process_id': 15168, 'handle': None, 'is_visible': True, 'is_enabled': True, 'rectangle': {'left': -10, 'top': -10, 'right': 1930, 'bottom': 1030, 'width': 1940, 'height': 1040}, 'size': {'width': 1940, 'height': 1040}} primary_result={'wrapper_type': 'UIAWrapper', 'handle': 194054120, 'process_id': 15168, 'title': 'WinWatt gólya - C:\\Users\\Admin\\Documents\\GitHub\\autowinwatt\\winwatt_automation\\data\\runtime_maps\\full_authorized_sandbox\\adaptive_anyagok_efficient_v4_20260831', 'class_name': 'TMainForm', 'control_type': 'Window'} identity_match_with_win32=None
2026-08-31 15:13:40.520 | DEBUG    | winwatt_automation.live_ui.app_connector:get_cached_main_window:606 - DBG_PHASE_TIMING phase=get_cached_main_window elapsed_ms=390.000 reason_code=fresh_resolve
2026-08-31 15:13:40.661 | DEBUG    | winwatt_automation.live_ui.app_connector:get_cached_main_window:565 - DBG_WINWATT_CACHE_GET reason_code=cache_reused_without_validation payload={'wrapper_type': 'UIAWrapper', 'handle': 194054120, 'process_id': 15168, 'title': 'WinWatt gólya - C:\\Users\\Admin\\Documents\\GitHub\\autowinwatt\\winwatt_automation\\data\\runtime_maps\\full_authorized_sandbox\\adaptive_anyagok_efficient_v4_20260831', 'class_name': 'TMainForm', 'control_type': 'Window'} last_validation_age_s=0.125 diagnostic_fast_mode=False
2026-08-31 15:13:40.666 | DEBUG    | winwatt_automation.live_ui.app_connector:get_cached_main_window:566 - DBG_PHASE_TIMING phase=get_cached_main_window elapsed_ms=16.000 reason_code=cache_reused_without_validation
2026-08-31 15:13:40.668 | DEBUG    | winwatt_automation.live_ui.app_connector:get_cached_main_window:565 - DBG_WINWATT_CACHE_GET reason_code=cache_reused_without_validation payload={'wrapper_type': 'UIAWrapper', 'handle': 194054120, 'process_id': 15168, 'title': 'WinWatt gólya - C:\\Users\\Admin\\Documents\\GitHub\\autowinwatt\\winwatt_automation\\data\\runtime_maps\\full_authorized_sandbox\\adaptive_anyagok_efficient_v4_20260831', 'class_name': 'TMainForm', 'control_type': 'Window'} last_validation_age_s=0.1410000000614673 diagnostic_fast_mode=False
2026-08-31 15:13:40.668 | DEBUG    | winwatt_automation.live_ui.app_connector:get_cached_main_window:566 - DBG_PHASE_TIMING phase=get_cached_main_window elapsed_ms=0.000 reason_code=cache_reused_without_validation
2026-08-31 15:13:41.328 | INFO     | winwatt_automation.live_ui.menu_helpers:_menu_items:1101 - DBG_MENU_ITEMS_SUMMARY total_items=7 visible_items=7 topbar_band=(0, 0, 392, 53) topbar_band_visible_count=7 popup_region_visible_count=0 force_refresh=True handle=194054120
2026-08-31 15:13:41.328 | DEBUG    | winwatt_automation.live_ui.menu_helpers:_menu_items:1111 - Discovered 7 MenuItem controls
2026-08-31 15:13:41.328 | DEBUG    | winwatt_automation.live_ui.menu_helpers:_log_phase_timing:83 - DBG_PHASE_TIMING phase=_menu_items elapsed_ms=688.000 force_refresh=True total_items=7 visible_items=7
2026-08-31 15:13:41.414 | INFO     | winwatt_automation.live_ui.menu_helpers:list_top_menu_items:1141 - Top-level menu items (raw): ['Rendszer', 'Fájl', 'Jegyzékek', 'Eszközök', 'Beállítások', 'Ablak', 'Súgó']
2026-08-31 15:13:41.415 | DEBUG    | winwatt_automation.live_ui.menu_helpers:_log_phase_timing:83 - DBG_PHASE_TIMING phase=list_top_menu_items elapsed_ms=766.000 count=7
2026-08-31 15:13:41.917 | DEBUG    | winwatt_automation.live_ui.app_connector:get_cached_main_window:565 - DBG_WINWATT_CACHE_GET reason_code=cache_reused_without_validation payload={'wrapper_type': 'UIAWrapper', 'handle': 194054120, 'process_id': 15168, 'title': 'WinWatt gólya - C:\\Users\\Admin\\Documents\\GitHub\\autowinwatt\\winwatt_automation\\data\\runtime_maps\\full_authorized_sandbox\\adaptive_anyagok_efficient_v4_20260831', 'class_name': 'TMainForm', 'control_type': 'Window'} last_validation_age_s=1.3910000000614673 diagnostic_fast_mode=False
2026-08-31 15:13:41.923 | DEBUG    | winwatt_automation.live_ui.app_connector:get_cached_main_window:566 - DBG_PHASE_TIMING phase=get_cached_main_window elapsed_ms=16.000 reason_code=cache_reused_without_validation
2026-08-31 15:13:42.089 | DEBUG    | winwatt_automation.live_ui.app_connector:get_cached_main_window:565 - DBG_WINWATT_CACHE_GET reason_code=cache_reused_without_validation payload={'wrapper_type': 'UIAWrapper', 'handle': 194054120, 'process_id': 15168, 'title': 'WinWatt gólya - C:\\Users\\Admin\\Documents\\GitHub\\autowinwatt\\winwatt_automation\\data\\runtime_maps\\full_authorized_sandbox\\adaptive_anyagok_efficient_v4_20260831', 'class_name': 'TMainForm', 'control_type': 'Window'} last_validation_age_s=1.562999999965541 diagnostic_fast_mode=False
2026-08-31 15:13:42.108 | DEBUG    | winwatt_automation.live_ui.app_connector:get_cached_main_window:566 - DBG_PHASE_TIMING phase=get_cached_main_window elapsed_ms=31.000 reason_code=cache_reused_without_validation
2026-08-31 15:13:42.111 | DEBUG    | winwatt_automation.live_ui.app_connector:get_cached_main_window:565 - DBG_WINWATT_CACHE_GET reason_code=cache_reused_without_validation payload={'wrapper_type': 'UIAWrapper', 'handle': 194054120, 'process_id': 15168, 'title': 'WinWatt gólya - C:\\Users\\Admin\\Documents\\GitHub\\autowinwatt\\winwatt_automation\\data\\runtime_maps\\full_authorized_sandbox\\adaptive_anyagok_efficient_v4_20260831', 'class_name': 'TMainForm', 'control_type': 'Window'} last_validation_age_s=1.5940000000409782 diagnostic_fast_mode=False
2026-08-31 15:13:42.112 | DEBUG    | winwatt_automation.live_ui.app_connector:get_cached_main_window:566 - DBG_PHASE_TIMING phase=get_cached_main_window elapsed_ms=0.000 reason_code=cache_reused_without_validation
2026-08-31 15:13:42.572 | INFO     | winwatt_automation.live_ui.menu_helpers:_menu_items:1101 - DBG_MENU_ITEMS_SUMMARY total_items=7 visible_items=7 topbar_band=(0, 0, 392, 53) topbar_band_visible_count=7 popup_region_visible_count=0 force_refresh=True handle=194054120
2026-08-31 15:13:42.587 | DEBUG    | winwatt_automation.live_ui.menu_helpers:_menu_items:1111 - Discovered 7 MenuItem controls
2026-08-31 15:13:42.587 | DEBUG    | winwatt_automation.live_ui.menu_helpers:_log_phase_timing:83 - DBG_PHASE_TIMING phase=_menu_items elapsed_ms=500.000 force_refresh=True total_items=7 visible_items=7
2026-08-31 15:13:42.635 | INFO     | winwatt_automation.live_ui.menu_helpers:list_top_menu_items:1141 - Top-level menu items (raw): ['Rendszer', 'Fájl', 'Jegyzékek', 'Eszközök', 'Beállítások', 'Ablak', 'Súgó']
2026-08-31 15:13:42.635 | DEBUG    | winwatt_automation.live_ui.menu_helpers:_log_phase_timing:83 - DBG_PHASE_TIMING phase=list_top_menu_items elapsed_ms=547.000 count=7
2026-08-31 15:13:43.156 | DEBUG    | winwatt_automation.live_ui.app_connector:get_cached_main_window:565 - DBG_WINWATT_CACHE_GET reason_code=cache_reused_without_validation payload={'wrapper_type': 'UIAWrapper', 'handle': 194054120, 'process_id': 15168, 'title': 'WinWatt gólya - C:\\Users\\Admin\\Documents\\GitHub\\autowinwatt\\winwatt_automation\\data\\runtime_maps\\full_authorized_sandbox\\adaptive_anyagok_efficient_v4_20260831', 'class_name': 'TMainForm', 'control_type': 'Window'} last_validation_age_s=2.625 diagnostic_fast_mode=False
2026-08-31 15:13:43.161 | DEBUG    | winwatt_automation.live_ui.app_connector:get_cached_main_window:566 - DBG_PHASE_TIMING phase=get_cached_main_window elapsed_ms=16.000 reason_code=cache_reused_without_validation
2026-08-31 15:13:43.310 | DEBUG    | winwatt_automation.live_ui.app_connector:get_cached_main_window:565 - DBG_WINWATT_CACHE_GET reason_code=cache_reused_without_validation payload={'wrapper_type': 'UIAWrapper', 'handle': 194054120, 'process_id': 15168, 'title': 'WinWatt gólya - C:\\Users\\Admin\\Documents\\GitHub\\autowinwatt\\winwatt_automation\\data\\runtime_maps\\full_authorized_sandbox\\adaptive_anyagok_efficient_v4_20260831', 'class_name': 'TMainForm', 'control_type': 'Window'} last_validation_age_s=2.7820000000065193 diagnostic_fast_mode=False
2026-08-31 15:13:43.315 | DEBUG    | winwatt_automation.live_ui.app_connector:get_cached_main_window:566 - DBG_PHASE_TIMING phase=get_cached_main_window elapsed_ms=15.000 reason_code=cache_reused_without_validation
2026-08-31 15:13:43.319 | DEBUG    | winwatt_automation.live_ui.app_connector:get_cached_main_window:565 - DBG_WINWATT_CACHE_GET reason_code=cache_reused_without_validation payload={'wrapper_type': 'UIAWrapper', 'handle': 194054120, 'process_id': 15168, 'title': 'WinWatt gólya - C:\\Users\\Admin\\Documents\\GitHub\\autowinwatt\\winwatt_automation\\data\\runtime_maps\\full_authorized_sandbox\\adaptive_anyagok_efficient_v4_20260831', 'class_name': 'TMainForm', 'control_type': 'Window'} last_validation_age_s=2.797000000020489 diagnostic_fast_mode=False
2026-08-31 15:13:43.320 | DEBUG    | winwatt_automation.live_ui.app_connector:get_cached_main_window:566 - DBG_PHASE_TIMING phase=get_cached_main_window elapsed_ms=0.000 reason_code=cache_reused_without_validation
2026-08-31 15:13:43.793 | INFO     | winwatt_automation.live_ui.menu_helpers:_menu_items:1101 - DBG_MENU_ITEMS_SUMMARY total_items=7 visible_items=7 topbar_band=(0, 0, 392, 53) topbar_band_visible_count=7 popup_region_visible_count=0 force_refresh=True handle=194054120
2026-08-31 15:13:43.807 | DEBUG    | winwatt_automation.live_ui.menu_helpers:_menu_items:1111 - Discovered 7 MenuItem controls
2026-08-31 15:13:43.807 | DEBUG    | winwatt_automation.live_ui.menu_helpers:_log_phase_timing:83 - DBG_PHASE_TIMING phase=_menu_items elapsed_ms=500.000 force_refresh=True total_items=7 visible_items=7
2026-08-31 15:13:43.855 | INFO     | winwatt_automation.live_ui.menu_helpers:list_top_menu_items:1141 - Top-level menu items (raw): ['Rendszer', 'Fájl', 'Jegyzékek', 'Eszközök', 'Beállítások', 'Ablak', 'Súgó']
2026-08-31 15:13:43.871 | DEBUG    | winwatt_automation.live_ui.menu_helpers:_log_phase_timing:83 - DBG_PHASE_TIMING phase=list_top_menu_items elapsed_ms=562.000 count=7
2026-08-31 15:13:44.374 | DEBUG    | winwatt_automation.live_ui.app_connector:get_cached_main_window:565 - DBG_WINWATT_CACHE_GET reason_code=cache_reused_without_validation payload={'wrapper_type': 'UIAWrapper', 'handle': 194054120, 'process_id': 15168, 'title': 'WinWatt gólya - C:\\Users\\Admin\\Documents\\GitHub\\autowinwatt\\winwatt_automation\\data\\runtime_maps\\full_authorized_sandbox\\adaptive_anyagok_efficient_v4_20260831', 'class_name': 'TMainForm', 'control_type': 'Window'} last_validation_age_s=3.85999999998603 diagnostic_fast_mode=False
2026-08-31 15:13:44.380 | DEBUG    | winwatt_automation.live_ui.app_connector:get_cached_main_window:566 - DBG_PHASE_TIMING phase=get_cached_main_window elapsed_ms=0.000 reason_code=cache_reused_without_validation
2026-08-31 15:13:59.448 | INFO     | winwatt_automation.live_ui.app_connector:is_winwatt_foreground_context:1161 - DBG_WINWATT_FOREGROUND_CONTEXT expected_handle=194054120 expected_process_id=15168 expected_title=WinWatt gólya - C:\Users\Admin\Documents\GitHub\autowinwatt\winwatt_automation\data\runtime_maps\full_authorized_sandbox\adaptive_anyagok_efficient_v4_20260831 expected_class_name=TMainForm actual_foreground_handle=194054120 actual_foreground_process_id=15168 actual_foreground_title=WinWatt gólya - C:\Users\Admin\Documents\GitHub\autowinwatt\winwatt_automation\data\runtime_maps\full_authorized_sandbox\adaptive_anyagok_efficient_v4_20260831 actual_foreground_class_name=TMainForm allow_dialog=True result_reason=handle_match
2026-08-31 15:13:59.448 | INFO     | winwatt_automation.live_ui.app_connector:_cached_window_health_status:489 - DBG_WINWATT_CACHE_HEALTH reason_code=healthy payload={'wrapper_type': 'UIAWrapper', 'handle': 194054120, 'process_id': 15168, 'title': 'WinWatt gólya - C:\\Users\\Admin\\Documents\\GitHub\\autowinwatt\\winwatt_automation\\data\\runtime_maps\\full_authorized_sandbox\\adaptive_anyagok_efficient_v4_20260831', 'class_name': 'TMainForm', 'control_type': 'Window'}
2026-08-31 15:13:59.453 | DEBUG    | winwatt_automation.live_ui.app_connector:get_cached_main_window:574 - DBG_WINWATT_CACHE_GET reason_code=cache_validated_ok payload={'wrapper_type': 'UIAWrapper', 'handle': 194054120, 'process_id': 15168, 'title': 'WinWatt gólya - C:\\Users\\Admin\\Documents\\GitHub\\autowinwatt\\winwatt_automation\\data\\runtime_maps\\full_authorized_sandbox\\adaptive_anyagok_efficient_v4_20260831', 'class_name': 'TMainForm', 'control_type': 'Window'} last_validation_age_s=18.90700000000652 diagnostic_fast_mode=False
2026-08-31 15:13:59.453 | DEBUG    | winwatt_automation.live_ui.app_connector:get_cached_main_window:575 - DBG_PHASE_TIMING phase=get_cached_main_window elapsed_ms=31.000 reason_code=cache_validated_ok
2026-08-31 15:14:00.734 | INFO     | winwatt_automation.live_ui.app_connector:get_cached_main_window:597 - DBG_WINWATT_CACHE_GET reason_code=cache_missing_resolving_fresh diagnostic_fast_mode=False
2026-08-31 15:14:00.965 | DEBUG    | winwatt_automation.live_ui.app_connector:list_candidate_windows:180 - Discovered 0 WinWatt-like windows on backend=win32
2026-08-31 15:14:00.965 | INFO     | winwatt_automation.live_ui.app_connector:_connect_with_win32_handle:276 - DBG_WINWATT_CONNECT_WIN32_CANDIDATES locator=backend=win32 ranked_candidates=[] 
2026-08-31 15:14:00.967 | WARNING  | winwatt_automation.runtime_mapping.program_mapper:_safe_capture_snapshot:191 - snapshot_capture_failed state_id=startup_after_relaunch error=No WinWatt-like windows were found
2026-08-31 15:14:01.468 | INFO     | winwatt_automation.live_ui.app_connector:get_cached_main_window:597 - DBG_WINWATT_CACHE_GET reason_code=cache_missing_resolving_fresh diagnostic_fast_mode=False
2026-08-31 15:14:04.088 | DEBUG    | winwatt_automation.live_ui.app_connector:list_candidate_windows:180 - Discovered 0 WinWatt-like windows on backend=win32
2026-08-31 15:14:04.104 | INFO     | winwatt_automation.live_ui.app_connector:_connect_with_win32_handle:276 - DBG_WINWATT_CONNECT_WIN32_CANDIDATES locator=backend=win32 ranked_candidates=[] 
2026-08-31 15:14:04.104 | WARNING  | winwatt_automation.runtime_mapping.program_mapper:_safe_capture_snapshot:191 - snapshot_capture_failed state_id=startup_after_relaunch error=No WinWatt-like windows were found
2026-08-31 15:14:04.606 | INFO     | winwatt_automation.live_ui.app_connector:get_cached_main_window:597 - DBG_WINWATT_CACHE_GET reason_code=cache_missing_resolving_fresh diagnostic_fast_mode=False
2026-08-31 15:14:06.236 | DEBUG    | winwatt_automation.live_ui.app_connector:list_candidate_windows:180 - Discovered 0 WinWatt-like windows on backend=win32
2026-08-31 15:14:06.238 | INFO     | winwatt_automation.live_ui.app_connector:_connect_with_win32_handle:276 - DBG_WINWATT_CONNECT_WIN32_CANDIDATES locator=backend=win32 ranked_candidates=[] 
2026-08-31 15:14:06.238 | WARNING  | winwatt_automation.runtime_mapping.program_mapper:_safe_capture_snapshot:191 - snapshot_capture_failed state_id=startup_after_relaunch error=No WinWatt-like windows were found
2026-08-31 15:14:06.740 | INFO     | winwatt_automation.live_ui.app_connector:get_cached_main_window:597 - DBG_WINWATT_CACHE_GET reason_code=cache_missing_resolving_fresh diagnostic_fast_mode=False
2026-08-31 15:14:06.844 | DEBUG    | winwatt_automation.live_ui.app_connector:list_candidate_windows:180 - Discovered 0 WinWatt-like windows on backend=win32
2026-08-31 15:14:06.844 | INFO     | winwatt_automation.live_ui.app_connector:_connect_with_win32_handle:276 - DBG_WINWATT_CONNECT_WIN32_CANDIDATES locator=backend=win32 ranked_candidates=[] 
2026-08-31 15:14:06.844 | WARNING  | winwatt_automation.runtime_mapping.program_mapper:_safe_capture_snapshot:191 - snapshot_capture_failed state_id=startup_after_relaunch error=No WinWatt-like windows were found
2026-08-31 15:14:07.350 | INFO     | winwatt_automation.live_ui.app_connector:get_cached_main_window:597 - DBG_WINWATT_CACHE_GET reason_code=cache_missing_resolving_fresh diagnostic_fast_mode=False
2026-08-31 15:14:07.429 | DEBUG    | winwatt_automation.live_ui.app_connector:list_candidate_windows:180 - Discovered 0 WinWatt-like windows on backend=win32
2026-08-31 15:14:07.429 | INFO     | winwatt_automation.live_ui.app_connector:_connect_with_win32_handle:276 - DBG_WINWATT_CONNECT_WIN32_CANDIDATES locator=backend=win32 ranked_candidates=[] 
2026-08-31 15:14:07.429 | WARNING  | winwatt_automation.runtime_mapping.program_mapper:_safe_capture_snapshot:191 - snapshot_capture_failed state_id=startup_after_relaunch error=No WinWatt-like windows were found
2026-08-31 15:14:07.936 | INFO     | winwatt_automation.live_ui.app_connector:get_cached_main_window:597 - DBG_WINWATT_CACHE_GET reason_code=cache_missing_resolving_fresh diagnostic_fast_mode=False
2026-08-31 15:14:08.013 | DEBUG    | winwatt_automation.live_ui.app_connector:list_candidate_windows:180 - Discovered 0 WinWatt-like windows on backend=win32
2026-08-31 15:14:08.019 | INFO     | winwatt_automation.live_ui.app_connector:_connect_with_win32_handle:276 - DBG_WINWATT_CONNECT_WIN32_CANDIDATES locator=backend=win32 ranked_candidates=[] 
2026-08-31 15:14:08.019 | WARNING  | winwatt_automation.runtime_mapping.program_mapper:_safe_capture_snapshot:191 - snapshot_capture_failed state_id=startup_after_relaunch error=No WinWatt-like windows were found
2026-08-31 15:14:08.520 | INFO     | winwatt_automation.live_ui.app_connector:get_cached_main_window:597 - DBG_WINWATT_CACHE_GET reason_code=cache_missing_resolving_fresh diagnostic_fast_mode=False
2026-08-31 15:14:08.624 | DEBUG    | winwatt_automation.live_ui.app_connector:list_candidate_windows:180 - Discovered 0 WinWatt-like windows on backend=win32
2026-08-31 15:14:08.626 | INFO     | winwatt_automation.live_ui.app_connector:_connect_with_win32_handle:276 - DBG_WINWATT_CONNECT_WIN32_CANDIDATES locator=backend=win32 ranked_candidates=[] 
2026-08-31 15:14:08.626 | WARNING  | winwatt_automation.runtime_mapping.program_mapper:_safe_capture_snapshot:191 - snapshot_capture_failed state_id=startup_after_relaunch error=No WinWatt-like windows were found
2026-08-31 15:14:09.130 | INFO     | winwatt_automation.live_ui.app_connector:get_cached_main_window:597 - DBG_WINWATT_CACHE_GET reason_code=cache_missing_resolving_fresh diagnostic_fast_mode=False
2026-08-31 15:14:09.217 | DEBUG    | winwatt_automation.live_ui.app_connector:list_candidate_windows:180 - Discovered 0 WinWatt-like windows on backend=win32
2026-08-31 15:14:09.221 | INFO     | winwatt_automation.live_ui.app_connector:_connect_with_win32_handle:276 - DBG_WINWATT_CONNECT_WIN32_CANDIDATES locator=backend=win32 ranked_candidates=[] 
2026-08-31 15:14:09.222 | WARNING  | winwatt_automation.runtime_mapping.program_mapper:_safe_capture_snapshot:191 - snapshot_capture_failed state_id=startup_after_relaunch error=No WinWatt-like windows were found
2026-08-31 15:14:09.723 | INFO     | winwatt_automation.live_ui.app_connector:get_cached_main_window:597 - DBG_WINWATT_CACHE_GET reason_code=cache_missing_resolving_fresh diagnostic_fast_mode=False
2026-08-31 15:14:09.955 | DEBUG    | winwatt_automation.live_ui.app_connector:list_candidate_windows:180 - Discovered 0 WinWatt-like windows on backend=win32
2026-08-31 15:14:09.955 | INFO     | winwatt_automation.live_ui.app_connector:_connect_with_win32_handle:276 - DBG_WINWATT_CONNECT_WIN32_CANDIDATES locator=backend=win32 ranked_candidates=[] 
2026-08-31 15:14:09.955 | WARNING  | winwatt_automation.runtime_mapping.program_mapper:_safe_capture_snapshot:191 - snapshot_capture_failed state_id=startup_after_relaunch error=No WinWatt-like windows were found
2026-08-31 15:14:10.464 | INFO     | winwatt_automation.live_ui.app_connector:get_cached_main_window:597 - DBG_WINWATT_CACHE_GET reason_code=cache_missing_resolving_fresh diagnostic_fast_mode=False
2026-08-31 15:14:10.543 | DEBUG    | winwatt_automation.live_ui.app_connector:list_candidate_windows:180 - Discovered 0 WinWatt-like windows on backend=win32
2026-08-31 15:14:10.543 | INFO     | winwatt_automation.live_ui.app_connector:_connect_with_win32_handle:276 - DBG_WINWATT_CONNECT_WIN32_CANDIDATES locator=backend=win32 ranked_candidates=[] 
2026-08-31 15:14:10.543 | WARNING  | winwatt_automation.runtime_mapping.program_mapper:_safe_capture_snapshot:191 - snapshot_capture_failed state_id=startup_after_relaunch error=No WinWatt-like windows were found
2026-08-31 15:14:11.051 | INFO     | winwatt_automation.live_ui.app_connector:get_cached_main_window:597 - DBG_WINWATT_CACHE_GET reason_code=cache_missing_resolving_fresh diagnostic_fast_mode=False
2026-08-31 15:14:11.145 | DEBUG    | winwatt_automation.live_ui.app_connector:list_candidate_windows:180 - Discovered 0 WinWatt-like windows on backend=win32
2026-08-31 15:14:11.145 | INFO     | winwatt_automation.live_ui.app_connector:_connect_with_win32_handle:276 - DBG_WINWATT_CONNECT_WIN32_CANDIDATES locator=backend=win32 ranked_candidates=[] 
2026-08-31 15:14:11.145 | WARNING  | winwatt_automation.runtime_mapping.program_mapper:_safe_capture_snapshot:191 - snapshot_capture_failed state_id=startup_after_relaunch error=No WinWatt-like windows were found
2026-08-31 15:14:11.658 | INFO     | winwatt_automation.live_ui.app_connector:get_cached_main_window:597 - DBG_WINWATT_CACHE_GET reason_code=cache_missing_resolving_fresh diagnostic_fast_mode=False
2026-08-31 15:14:11.738 | DEBUG    | winwatt_automation.live_ui.app_connector:list_candidate_windows:180 - Discovered 0 WinWatt-like windows on backend=win32
2026-08-31 15:14:11.754 | INFO     | winwatt_automation.live_ui.app_connector:_connect_with_win32_handle:276 - DBG_WINWATT_CONNECT_WIN32_CANDIDATES locator=backend=win32 ranked_candidates=[] 
2026-08-31 15:14:11.754 | WARNING  | winwatt_automation.runtime_mapping.program_mapper:_safe_capture_snapshot:191 - snapshot_capture_failed state_id=startup_after_relaunch error=No WinWatt-like windows were found
2026-08-31 15:14:12.256 | INFO     | winwatt_automation.live_ui.app_connector:get_cached_main_window:597 - DBG_WINWATT_CACHE_GET reason_code=cache_missing_resolving_fresh diagnostic_fast_mode=False
2026-08-31 15:14:12.535 | DEBUG    | winwatt_automation.live_ui.app_connector:list_candidate_windows:180 - Discovered 0 WinWatt-like windows on backend=win32
2026-08-31 15:14:12.535 | INFO     | winwatt_automation.live_ui.app_connector:_connect_with_win32_handle:276 - DBG_WINWATT_CONNECT_WIN32_CANDIDATES locator=backend=win32 ranked_candidates=[] 
2026-08-31 15:14:12.535 | WARNING  | winwatt_automation.runtime_mapping.program_mapper:_safe_capture_snapshot:191 - snapshot_capture_failed state_id=startup_after_relaunch error=No WinWatt-like windows were found
2026-08-31 15:14:13.038 | INFO     | winwatt_automation.live_ui.app_connector:get_cached_main_window:597 - DBG_WINWATT_CACHE_GET reason_code=cache_missing_resolving_fresh diagnostic_fast_mode=False
2026-08-31 15:14:13.155 | DEBUG    | winwatt_automation.live_ui.app_connector:list_candidate_windows:180 - Discovered 1 WinWatt-like windows on backend=win32
2026-08-31 15:14:13.171 | DEBUG    | winwatt_automation.live_ui.app_connector:list_candidate_windows:182 - Candidate[win32]: {'title': 'WinWatt gólya - C:\\Users\\Admin\\Documents\\GitHub\\autowinwatt\\winwatt_automation\\data\\runtime_maps\\full_authorized_sandbox\\adaptive_anyagok_efficient_v4_20260831', 'window_text': 'WinWatt gólya - C:\\Users\\Admin\\Documents\\GitHub\\autowinwatt\\winwatt_automation\\data\\runtime_maps\\full_authorized_sandbox\\adaptive_anyagok_efficient_v4_20260831', 'class_name': 'TMainForm', 'control_type': None, 'process_id': 13924, 'handle': None, 'is_visible': True, 'is_enabled': True, 'rectangle': {'left': -10, 'top': -10, 'right': 1930, 'bottom': 1030, 'width': 1940, 'height': 1040}, 'size': {'width': 1940, 'height': 1040}}
2026-08-31 15:14:13.172 | INFO     | winwatt_automation.live_ui.app_connector:_connect_with_win32_handle:276 - DBG_WINWATT_CONNECT_WIN32_CANDIDATES locator=backend=win32 ranked_candidates=[{'rank': 1, 'score': (1, 1, 1, 1, 2017600), 'process_id': 13924, 'handle': None, 'class_name': 'TMainForm', 'title': 'WinWatt gólya - C:\\Users\\Admin\\Documents\\GitHub\\autowinwatt\\winwatt_automation\\data\\runtime_maps\\full_authorized_sandbox\\adaptive_anyagok_efficient_v4_20260831', 'visible': True, 'enabled': True}] 
2026-08-31 15:14:13.172 | INFO     | winwatt_automation.live_ui.app_connector:select_main_window:224 - Candidate ranking score=(1, 1, 1, 1, 2017600) data={'title': 'WinWatt gólya - C:\\Users\\Admin\\Documents\\GitHub\\autowinwatt\\winwatt_automation\\data\\runtime_maps\\full_authorized_sandbox\\adaptive_anyagok_efficient_v4_20260831', 'window_text': 'WinWatt gólya - C:\\Users\\Admin\\Documents\\GitHub\\autowinwatt\\winwatt_automation\\data\\runtime_maps\\full_authorized_sandbox\\adaptive_anyagok_efficient_v4_20260831', 'class_name': 'TMainForm', 'control_type': None, 'process_id': 13924, 'handle': None, 'is_visible': True, 'is_enabled': True, 'rectangle': {'left': -10, 'top': -10, 'right': 1930, 'bottom': 1030, 'width': 1940, 'height': 1040}, 'size': {'width': 1940, 'height': 1040}}
2026-08-31 15:14:13.172 | INFO     | winwatt_automation.live_ui.app_connector:select_main_window:234 - Selected main window process_id=13924 handle=None score=(1, 1, 1, 1, 2017600) reasons=['has_process_id=True', 'has_handle=False', 'visible=True', 'enabled=True', 'title_has_winwatt=True', 'area=2017600']
2026-08-31 15:14:13.172 | INFO     | winwatt_automation.live_ui.app_connector:_connect_with_win32_handle:293 - DBG_WINWATT_CONNECT_WIN32_SELECTED selected_payload={'title': 'WinWatt gólya - C:\\Users\\Admin\\Documents\\GitHub\\autowinwatt\\winwatt_automation\\data\\runtime_maps\\full_authorized_sandbox\\adaptive_anyagok_efficient_v4_20260831', 'window_text': 'WinWatt gólya - C:\\Users\\Admin\\Documents\\GitHub\\autowinwatt\\winwatt_automation\\data\\runtime_maps\\full_authorized_sandbox\\adaptive_anyagok_efficient_v4_20260831', 'class_name': 'TMainForm', 'control_type': None, 'process_id': 13924, 'handle': None, 'is_visible': True, 'is_enabled': True, 'rectangle': {'left': -10, 'top': -10, 'right': 1930, 'bottom': 1030, 'width': 1940, 'height': 1040}, 'size': {'width': 1940, 'height': 1040}} selected_handle_is_none=True
2026-08-31 15:14:13.172 | INFO     | winwatt_automation.live_ui.app_connector:_connect_with_win32_handle:336 - Connected to WinWatt backend=win32 attach_mode=process candidate={'process_id': 13924, 'handle': None, 'class_name': 'TMainForm', 'title': 'WinWatt gólya - C:\\Users\\Admin\\Documents\\GitHub\\autowinwatt\\winwatt_automation\\data\\runtime_maps\\full_authorized_sandbox\\adaptive_anyagok_efficient_v4_20260831'}
2026-08-31 15:14:13.172 | INFO     | winwatt_automation.live_ui.app_connector:_connect_with_win32_handle:350 - DBG_WINWATT_CONNECT_WIN32_RESOLVED process_id=13924 resolved_handle=None selected_payload={'title': 'WinWatt gólya - C:\\Users\\Admin\\Documents\\GitHub\\autowinwatt\\winwatt_automation\\data\\runtime_maps\\full_authorized_sandbox\\adaptive_anyagok_efficient_v4_20260831', 'window_text': 'WinWatt gólya - C:\\Users\\Admin\\Documents\\GitHub\\autowinwatt\\winwatt_automation\\data\\runtime_maps\\full_authorized_sandbox\\adaptive_anyagok_efficient_v4_20260831', 'class_name': 'TMainForm', 'control_type': None, 'process_id': 13924, 'handle': None, 'is_visible': True, 'is_enabled': True, 'rectangle': {'left': -10, 'top': -10, 'right': 1930, 'bottom': 1030, 'width': 1940, 'height': 1040}, 'size': {'width': 1940, 'height': 1040}}
2026-08-31 15:14:13.172 | INFO     | winwatt_automation.live_ui.app_connector:_resolve_uia_main_window:382 - DBG_WINWATT_RESOLVE_UIA_WIN32_SELECTED selected_payload={'title': 'WinWatt gólya - C:\\Users\\Admin\\Documents\\GitHub\\autowinwatt\\winwatt_automation\\data\\runtime_maps\\full_authorized_sandbox\\adaptive_anyagok_efficient_v4_20260831', 'window_text': 'WinWatt gólya - C:\\Users\\Admin\\Documents\\GitHub\\autowinwatt\\winwatt_automation\\data\\runtime_maps\\full_authorized_sandbox\\adaptive_anyagok_efficient_v4_20260831', 'class_name': 'TMainForm', 'control_type': None, 'process_id': 13924, 'handle': None, 'is_visible': True, 'is_enabled': True, 'rectangle': {'left': -10, 'top': -10, 'right': 1930, 'bottom': 1030, 'width': 1940, 'height': 1040}, 'size': {'width': 1940, 'height': 1040}}
2026-08-31 15:14:13.172 | INFO     | winwatt_automation.live_ui.app_connector:_resolve_uia_main_window:388 - Connected to WinWatt backend=uia process_id=13924
2026-08-31 15:14:13.172 | INFO     | winwatt_automation.live_ui.app_connector:_resolve_uia_main_window:390 - Resolving main WinWatt window backend=uia class_name=TMainForm title_re=.*WinWatt.*
2026-08-31 15:14:13.516 | INFO     | winwatt_automation.live_ui.app_connector:_resolve_uia_main_window:400 - DBG_WINWATT_RESOLVE_UIA_PRIMARY selected_payload={'title': 'WinWatt gólya - C:\\Users\\Admin\\Documents\\GitHub\\autowinwatt\\winwatt_automation\\data\\runtime_maps\\full_authorized_sandbox\\adaptive_anyagok_efficient_v4_20260831', 'window_text': 'WinWatt gólya - C:\\Users\\Admin\\Documents\\GitHub\\autowinwatt\\winwatt_automation\\data\\runtime_maps\\full_authorized_sandbox\\adaptive_anyagok_efficient_v4_20260831', 'class_name': 'TMainForm', 'control_type': None, 'process_id': 13924, 'handle': None, 'is_visible': True, 'is_enabled': True, 'rectangle': {'left': -10, 'top': -10, 'right': 1930, 'bottom': 1030, 'width': 1940, 'height': 1040}, 'size': {'width': 1940, 'height': 1040}} primary_result={'wrapper_type': 'UIAWrapper', 'handle': 122226698, 'process_id': 13924, 'title': 'WinWatt gólya - C:\\Users\\Admin\\Documents\\GitHub\\autowinwatt\\winwatt_automation\\data\\runtime_maps\\full_authorized_sandbox\\adaptive_anyagok_efficient_v4_20260831', 'class_name': 'TMainForm', 'control_type': 'Window'} identity_match_with_win32=None
2026-08-31 15:14:13.516 | DEBUG    | winwatt_automation.live_ui.app_connector:get_cached_main_window:606 - DBG_PHASE_TIMING phase=get_cached_main_window elapsed_ms=484.000 reason_code=fresh_resolve
2026-08-31 15:14:13.660 | DEBUG    | winwatt_automation.live_ui.app_connector:get_cached_main_window:565 - DBG_WINWATT_CACHE_GET reason_code=cache_reused_without_validation payload={'wrapper_type': 'UIAWrapper', 'handle': 122226698, 'process_id': 13924, 'title': 'WinWatt gólya - C:\\Users\\Admin\\Documents\\GitHub\\autowinwatt\\winwatt_automation\\data\\runtime_maps\\full_authorized_sandbox\\adaptive_anyagok_efficient_v4_20260831', 'class_name': 'TMainForm', 'control_type': 'Window'} last_validation_age_s=0.1410000000614673 diagnostic_fast_mode=False
2026-08-31 15:14:13.676 | DEBUG    | winwatt_automation.live_ui.app_connector:get_cached_main_window:566 - DBG_PHASE_TIMING phase=get_cached_main_window elapsed_ms=16.000 reason_code=cache_reused_without_validation
2026-08-31 15:14:13.676 | DEBUG    | winwatt_automation.live_ui.app_connector:get_cached_main_window:565 - DBG_WINWATT_CACHE_GET reason_code=cache_reused_without_validation payload={'wrapper_type': 'UIAWrapper', 'handle': 122226698, 'process_id': 13924, 'title': 'WinWatt gólya - C:\\Users\\Admin\\Documents\\GitHub\\autowinwatt\\winwatt_automation\\data\\runtime_maps\\full_authorized_sandbox\\adaptive_anyagok_efficient_v4_20260831', 'class_name': 'TMainForm', 'control_type': 'Window'} last_validation_age_s=0.15700000000651926 diagnostic_fast_mode=False
2026-08-31 15:14:13.676 | DEBUG    | winwatt_automation.live_ui.app_connector:get_cached_main_window:566 - DBG_PHASE_TIMING phase=get_cached_main_window elapsed_ms=0.000 reason_code=cache_reused_without_validation
2026-08-31 15:14:14.169 | INFO     | winwatt_automation.live_ui.menu_helpers:_menu_items:1101 - DBG_MENU_ITEMS_SUMMARY total_items=7 visible_items=7 topbar_band=(0, 0, 392, 53) topbar_band_visible_count=7 popup_region_visible_count=0 force_refresh=True handle=122226698
2026-08-31 15:14:14.169 | DEBUG    | winwatt_automation.live_ui.menu_helpers:_menu_items:1111 - Discovered 7 MenuItem controls
2026-08-31 15:14:14.186 | DEBUG    | winwatt_automation.live_ui.menu_helpers:_log_phase_timing:83 - DBG_PHASE_TIMING phase=_menu_items elapsed_ms=531.000 force_refresh=True total_items=7 visible_items=7
2026-08-31 15:14:14.260 | INFO     | winwatt_automation.live_ui.menu_helpers:list_top_menu_items:1141 - Top-level menu items (raw): ['Rendszer', 'Fájl', 'Jegyzékek', 'Eszközök', 'Beállítások', 'Ablak', 'Súgó']
2026-08-31 15:14:14.266 | DEBUG    | winwatt_automation.live_ui.menu_helpers:_log_phase_timing:83 - DBG_PHASE_TIMING phase=list_top_menu_items elapsed_ms=609.000 count=7
2026-08-31 15:14:14.778 | DEBUG    | winwatt_automation.live_ui.app_connector:get_cached_main_window:565 - DBG_WINWATT_CACHE_GET reason_code=cache_reused_without_validation payload={'wrapper_type': 'UIAWrapper', 'handle': 122226698, 'process_id': 13924, 'title': 'WinWatt gólya - C:\\Users\\Admin\\Documents\\GitHub\\autowinwatt\\winwatt_automation\\data\\runtime_maps\\full_authorized_sandbox\\adaptive_anyagok_efficient_v4_20260831', 'class_name': 'TMainForm', 'control_type': 'Window'} last_validation_age_s=1.25 diagnostic_fast_mode=False
2026-08-31 15:14:14.778 | DEBUG    | winwatt_automation.live_ui.app_connector:get_cached_main_window:566 - DBG_PHASE_TIMING phase=get_cached_main_window elapsed_ms=16.000 reason_code=cache_reused_without_validation
2026-08-31 15:14:14.966 | DEBUG    | winwatt_automation.live_ui.app_connector:get_cached_main_window:565 - DBG_WINWATT_CACHE_GET reason_code=cache_reused_without_validation payload={'wrapper_type': 'UIAWrapper', 'handle': 122226698, 'process_id': 13924, 'title': 'WinWatt gólya - C:\\Users\\Admin\\Documents\\GitHub\\autowinwatt\\winwatt_automation\\data\\runtime_maps\\full_authorized_sandbox\\adaptive_anyagok_efficient_v4_20260831', 'class_name': 'TMainForm', 'control_type': 'Window'} last_validation_age_s=1.452999999979511 diagnostic_fast_mode=False
2026-08-31 15:14:14.966 | DEBUG    | winwatt_automation.live_ui.app_connector:get_cached_main_window:566 - DBG_PHASE_TIMING phase=get_cached_main_window elapsed_ms=0.000 reason_code=cache_reused_without_validation
2026-08-31 15:14:14.978 | DEBUG    | winwatt_automation.live_ui.app_connector:get_cached_main_window:565 - DBG_WINWATT_CACHE_GET reason_code=cache_reused_without_validation payload={'wrapper_type': 'UIAWrapper', 'handle': 122226698, 'process_id': 13924, 'title': 'WinWatt gólya - C:\\Users\\Admin\\Documents\\GitHub\\autowinwatt\\winwatt_automation\\data\\runtime_maps\\full_authorized_sandbox\\adaptive_anyagok_efficient_v4_20260831', 'class_name': 'TMainForm', 'control_type': 'Window'} last_validation_age_s=1.452999999979511 diagnostic_fast_mode=False
2026-08-31 15:14:14.978 | DEBUG    | winwatt_automation.live_ui.app_connector:get_cached_main_window:566 - DBG_PHASE_TIMING phase=get_cached_main_window elapsed_ms=0.000 reason_code=cache_reused_without_validation
2026-08-31 15:14:15.473 | INFO     | winwatt_automation.live_ui.menu_helpers:_menu_items:1101 - DBG_MENU_ITEMS_SUMMARY total_items=7 visible_items=7 topbar_band=(0, 0, 392, 53) topbar_band_visible_count=7 popup_region_visible_count=0 force_refresh=True handle=122226698
2026-08-31 15:14:15.473 | DEBUG    | winwatt_automation.live_ui.menu_helpers:_menu_items:1111 - Discovered 7 MenuItem controls
2026-08-31 15:14:15.473 | DEBUG    | winwatt_automation.live_ui.menu_helpers:_log_phase_timing:83 - DBG_PHASE_TIMING phase=_menu_items elapsed_ms=500.000 force_refresh=True total_items=7 visible_items=7
2026-08-31 15:14:15.553 | INFO     | winwatt_automation.live_ui.menu_helpers:list_top_menu_items:1141 - Top-level menu items (raw): ['Rendszer', 'Fájl', 'Jegyzékek', 'Eszközök', 'Beállítások', 'Ablak', 'Súgó']
2026-08-31 15:14:15.569 | DEBUG    | winwatt_automation.live_ui.menu_helpers:_log_phase_timing:83 - DBG_PHASE_TIMING phase=list_top_menu_items elapsed_ms=609.000 count=7
2026-08-31 15:14:16.071 | DEBUG    | winwatt_automation.live_ui.app_connector:get_cached_main_window:565 - DBG_WINWATT_CACHE_GET reason_code=cache_reused_without_validation payload={'wrapper_type': 'UIAWrapper', 'handle': 122226698, 'process_id': 13924, 'title': 'WinWatt gólya - C:\\Users\\Admin\\Documents\\GitHub\\autowinwatt\\winwatt_automation\\data\\runtime_maps\\full_authorized_sandbox\\adaptive_anyagok_efficient_v4_20260831', 'class_name': 'TMainForm', 'control_type': 'Window'} last_validation_age_s=2.547000000020489 diagnostic_fast_mode=False
2026-08-31 15:14:16.071 | DEBUG    | winwatt_automation.live_ui.app_connector:get_cached_main_window:566 - DBG_PHASE_TIMING phase=get_cached_main_window elapsed_ms=0.000 reason_code=cache_reused_without_validation
2026-08-31 15:14:16.210 | DEBUG    | winwatt_automation.live_ui.app_connector:get_cached_main_window:565 - DBG_WINWATT_CACHE_GET reason_code=cache_reused_without_validation payload={'wrapper_type': 'UIAWrapper', 'handle': 122226698, 'process_id': 13924, 'title': 'WinWatt gólya - C:\\Users\\Admin\\Documents\\GitHub\\autowinwatt\\winwatt_automation\\data\\runtime_maps\\full_authorized_sandbox\\adaptive_anyagok_efficient_v4_20260831', 'class_name': 'TMainForm', 'control_type': 'Window'} last_validation_age_s=2.687999999965541 diagnostic_fast_mode=False
2026-08-31 15:14:16.210 | DEBUG    | winwatt_automation.live_ui.app_connector:get_cached_main_window:566 - DBG_PHASE_TIMING phase=get_cached_main_window elapsed_ms=0.000 reason_code=cache_reused_without_validation
2026-08-31 15:14:16.226 | DEBUG    | winwatt_automation.live_ui.app_connector:get_cached_main_window:565 - DBG_WINWATT_CACHE_GET reason_code=cache_reused_without_validation payload={'wrapper_type': 'UIAWrapper', 'handle': 122226698, 'process_id': 13924, 'title': 'WinWatt gólya - C:\\Users\\Admin\\Documents\\GitHub\\autowinwatt\\winwatt_automation\\data\\runtime_maps\\full_authorized_sandbox\\adaptive_anyagok_efficient_v4_20260831', 'class_name': 'TMainForm', 'control_type': 'Window'} last_validation_age_s=2.687999999965541 diagnostic_fast_mode=False
2026-08-31 15:14:16.228 | DEBUG    | winwatt_automation.live_ui.app_connector:get_cached_main_window:566 - DBG_PHASE_TIMING phase=get_cached_main_window elapsed_ms=15.000 reason_code=cache_reused_without_validation
2026-08-31 15:14:16.713 | INFO     | winwatt_automation.live_ui.menu_helpers:_menu_items:1101 - DBG_MENU_ITEMS_SUMMARY total_items=7 visible_items=7 topbar_band=(0, 0, 392, 53) topbar_band_visible_count=7 popup_region_visible_count=0 force_refresh=True handle=122226698
2026-08-31 15:14:16.713 | DEBUG    | winwatt_automation.live_ui.menu_helpers:_menu_items:1111 - Discovered 7 MenuItem controls
2026-08-31 15:14:16.713 | DEBUG    | winwatt_automation.live_ui.menu_helpers:_log_phase_timing:83 - DBG_PHASE_TIMING phase=_menu_items elapsed_ms=500.000 force_refresh=True total_items=7 visible_items=7
2026-08-31 15:14:16.777 | INFO     | winwatt_automation.live_ui.menu_helpers:list_top_menu_items:1141 - Top-level menu items (raw): ['Rendszer', 'Fájl', 'Jegyzékek', 'Eszközök', 'Beállítások', 'Ablak', 'Súgó']
2026-08-31 15:14:16.777 | DEBUG    | winwatt_automation.live_ui.menu_helpers:_log_phase_timing:83 - DBG_PHASE_TIMING phase=list_top_menu_items elapsed_ms=562.000 count=7
2026-08-31 15:14:17.293 | DEBUG    | winwatt_automation.live_ui.app_connector:get_cached_main_window:565 - DBG_WINWATT_CACHE_GET reason_code=cache_reused_without_validation payload={'wrapper_type': 'UIAWrapper', 'handle': 122226698, 'process_id': 13924, 'title': 'WinWatt gólya - C:\\Users\\Admin\\Documents\\GitHub\\autowinwatt\\winwatt_automation\\data\\runtime_maps\\full_authorized_sandbox\\adaptive_anyagok_efficient_v4_20260831', 'class_name': 'TMainForm', 'control_type': 'Window'} last_validation_age_s=3.7660000000614673 diagnostic_fast_mode=False
2026-08-31 15:14:17.293 | DEBUG    | winwatt_automation.live_ui.app_connector:get_cached_main_window:566 - DBG_PHASE_TIMING phase=get_cached_main_window elapsed_ms=0.000 reason_code=cache_reused_without_validation
2026-08-31 15:14:17.468 | DEBUG    | winwatt_automation.live_ui.app_connector:get_cached_main_window:565 - DBG_WINWATT_CACHE_GET reason_code=cache_reused_without_validation payload={'wrapper_type': 'UIAWrapper', 'handle': 122226698, 'process_id': 13924, 'title': 'WinWatt gólya - C:\\Users\\Admin\\Documents\\GitHub\\autowinwatt\\winwatt_automation\\data\\runtime_maps\\full_authorized_sandbox\\adaptive_anyagok_efficient_v4_20260831', 'class_name': 'TMainForm', 'control_type': 'Window'} last_validation_age_s=3.937999999965541 diagnostic_fast_mode=False
2026-08-31 15:14:17.469 | DEBUG    | winwatt_automation.live_ui.app_connector:get_cached_main_window:566 - DBG_PHASE_TIMING phase=get_cached_main_window elapsed_ms=15.000 reason_code=cache_reused_without_validation
2026-08-31 15:14:17.475 | DEBUG    | winwatt_automation.live_ui.app_connector:get_cached_main_window:565 - DBG_WINWATT_CACHE_GET reason_code=cache_reused_without_validation payload={'wrapper_type': 'UIAWrapper', 'handle': 122226698, 'process_id': 13924, 'title': 'WinWatt gólya - C:\\Users\\Admin\\Documents\\GitHub\\autowinwatt\\winwatt_automation\\data\\runtime_maps\\full_authorized_sandbox\\adaptive_anyagok_efficient_v4_20260831', 'class_name': 'TMainForm', 'control_type': 'Window'} last_validation_age_s=3.952999999979511 diagnostic_fast_mode=False
2026-08-31 15:14:17.476 | DEBUG    | winwatt_automation.live_ui.app_connector:get_cached_main_window:566 - DBG_PHASE_TIMING phase=get_cached_main_window elapsed_ms=0.000 reason_code=cache_reused_without_validation
2026-08-31 15:14:17.982 | INFO     | winwatt_automation.live_ui.menu_helpers:_menu_items:1101 - DBG_MENU_ITEMS_SUMMARY total_items=7 visible_items=7 topbar_band=(0, 0, 392, 53) topbar_band_visible_count=7 popup_region_visible_count=0 force_refresh=True handle=122226698
2026-08-31 15:14:18.000 | DEBUG    | winwatt_automation.live_ui.menu_helpers:_menu_items:1111 - Discovered 7 MenuItem controls
2026-08-31 15:14:18.001 | DEBUG    | winwatt_automation.live_ui.menu_helpers:_log_phase_timing:83 - DBG_PHASE_TIMING phase=_menu_items elapsed_ms=547.000 force_refresh=True total_items=7 visible_items=7
2026-08-31 15:14:18.077 | INFO     | winwatt_automation.live_ui.menu_helpers:list_top_menu_items:1141 - Top-level menu items (raw): ['Rendszer', 'Fájl', 'Jegyzékek', 'Eszközök', 'Beállítások', 'Ablak', 'Súgó']
2026-08-31 15:14:18.077 | DEBUG    | winwatt_automation.live_ui.menu_helpers:_log_phase_timing:83 - DBG_PHASE_TIMING phase=list_top_menu_items elapsed_ms=625.000 count=7
2026-08-31 15:14:18.604 | INFO     | winwatt_automation.live_ui.app_connector:is_winwatt_foreground_context:1161 - DBG_WINWATT_FOREGROUND_CONTEXT expected_handle=122226698 expected_process_id=13924 expected_title=WinWatt gólya - C:\Users\Admin\Documents\GitHub\autowinwatt\winwatt_automation\data\runtime_maps\full_authorized_sandbox\adaptive_anyagok_efficient_v4_20260831 expected_class_name=TMainForm actual_foreground_handle=122226698 actual_foreground_process_id=13924 actual_foreground_title=WinWatt gólya - C:\Users\Admin\Documents\GitHub\autowinwatt\winwatt_automation\data\runtime_maps\full_authorized_sandbox\adaptive_anyagok_efficient_v4_20260831 actual_foreground_class_name=TMainForm allow_dialog=True result_reason=handle_match
2026-08-31 15:14:18.609 | INFO     | winwatt_automation.live_ui.app_connector:_cached_window_health_status:489 - DBG_WINWATT_CACHE_HEALTH reason_code=healthy payload={'wrapper_type': 'UIAWrapper', 'handle': 122226698, 'process_id': 13924, 'title': 'WinWatt gólya - C:\\Users\\Admin\\Documents\\GitHub\\autowinwatt\\winwatt_automation\\data\\runtime_maps\\full_authorized_sandbox\\adaptive_anyagok_efficient_v4_20260831', 'class_name': 'TMainForm', 'control_type': 'Window'}
2026-08-31 15:14:18.622 | DEBUG    | winwatt_automation.live_ui.app_connector:get_cached_main_window:574 - DBG_WINWATT_CACHE_GET reason_code=cache_validated_ok payload={'wrapper_type': 'UIAWrapper', 'handle': 122226698, 'process_id': 13924, 'title': 'WinWatt gólya - C:\\Users\\Admin\\Documents\\GitHub\\autowinwatt\\winwatt_automation\\data\\runtime_maps\\full_authorized_sandbox\\adaptive_anyagok_efficient_v4_20260831', 'class_name': 'TMainForm', 'control_type': 'Window'} last_validation_age_s=5.077999999979511 diagnostic_fast_mode=False
2026-08-31 15:14:18.622 | DEBUG    | winwatt_automation.live_ui.app_connector:get_cached_main_window:575 - DBG_PHASE_TIMING phase=get_cached_main_window elapsed_ms=32.000 reason_code=cache_validated_ok
2026-08-31 15:14:18.771 | DEBUG    | winwatt_automation.live_ui.app_connector:get_cached_main_window:565 - DBG_WINWATT_CACHE_GET reason_code=cache_reused_without_validation payload={'wrapper_type': 'UIAWrapper', 'handle': 122226698, 'process_id': 13924, 'title': 'WinWatt gólya - C:\\Users\\Admin\\Documents\\GitHub\\autowinwatt\\winwatt_automation\\data\\runtime_maps\\full_authorized_sandbox\\adaptive_anyagok_efficient_v4_20260831', 'class_name': 'TMainForm', 'control_type': 'Window'} last_validation_age_s=0.1720000000204891 diagnostic_fast_mode=False
2026-08-31 15:14:18.771 | DEBUG    | winwatt_automation.live_ui.app_connector:get_cached_main_window:566 - DBG_PHASE_TIMING phase=get_cached_main_window elapsed_ms=0.000 reason_code=cache_reused_without_validation
2026-08-31 15:14:18.780 | DEBUG    | winwatt_automation.live_ui.app_connector:get_cached_main_window:565 - DBG_WINWATT_CACHE_GET reason_code=cache_reused_without_validation payload={'wrapper_type': 'UIAWrapper', 'handle': 122226698, 'process_id': 13924, 'title': 'WinWatt gólya - C:\\Users\\Admin\\Documents\\GitHub\\autowinwatt\\winwatt_automation\\data\\runtime_maps\\full_authorized_sandbox\\adaptive_anyagok_efficient_v4_20260831', 'class_name': 'TMainForm', 'control_type': 'Window'} last_validation_age_s=0.1720000000204891 diagnostic_fast_mode=False
2026-08-31 15:14:18.782 | DEBUG    | winwatt_automation.live_ui.app_connector:get_cached_main_window:566 - DBG_PHASE_TIMING phase=get_cached_main_window elapsed_ms=16.000 reason_code=cache_reused_without_validation
2026-08-31 15:14:19.302 | INFO     | winwatt_automation.live_ui.menu_helpers:_menu_items:1101 - DBG_MENU_ITEMS_SUMMARY total_items=7 visible_items=7 topbar_band=(0, 0, 392, 53) topbar_band_visible_count=7 popup_region_visible_count=0 force_refresh=True handle=122226698
2026-08-31 15:14:19.318 | DEBUG    | winwatt_automation.live_ui.menu_helpers:_menu_items:1111 - Discovered 7 MenuItem controls
2026-08-31 15:14:19.318 | DEBUG    | winwatt_automation.live_ui.menu_helpers:_log_phase_timing:83 - DBG_PHASE_TIMING phase=_menu_items elapsed_ms=547.000 force_refresh=True total_items=7 visible_items=7
2026-08-31 15:14:19.380 | INFO     | winwatt_automation.live_ui.menu_helpers:list_top_menu_items:1141 - Top-level menu items (raw): ['Rendszer', 'Fájl', 'Jegyzékek', 'Eszközök', 'Beállítások', 'Ablak', 'Súgó']
2026-08-31 15:14:19.380 | DEBUG    | winwatt_automation.live_ui.menu_helpers:_log_phase_timing:83 - DBG_PHASE_TIMING phase=list_top_menu_items elapsed_ms=610.000 count=7
2026-08-31 15:14:19.896 | DEBUG    | winwatt_automation.live_ui.app_connector:get_cached_main_window:565 - DBG_WINWATT_CACHE_GET reason_code=cache_reused_without_validation payload={'wrapper_type': 'UIAWrapper', 'handle': 122226698, 'process_id': 13924, 'title': 'WinWatt gólya - C:\\Users\\Admin\\Documents\\GitHub\\autowinwatt\\winwatt_automation\\data\\runtime_maps\\full_authorized_sandbox\\adaptive_anyagok_efficient_v4_20260831', 'class_name': 'TMainForm', 'control_type': 'Window'} last_validation_age_s=1.297000000020489 diagnostic_fast_mode=False
2026-08-31 15:14:19.896 | DEBUG    | winwatt_automation.live_ui.app_connector:get_cached_main_window:566 - DBG_PHASE_TIMING phase=get_cached_main_window elapsed_ms=0.000 reason_code=cache_reused_without_validation
2026-08-31 15:14:20.039 | DEBUG    | winwatt_automation.live_ui.app_connector:get_cached_main_window:565 - DBG_WINWATT_CACHE_GET reason_code=cache_reused_without_validation payload={'wrapper_type': 'UIAWrapper', 'handle': 122226698, 'process_id': 13924, 'title': 'WinWatt gólya - C:\\Users\\Admin\\Documents\\GitHub\\autowinwatt\\winwatt_automation\\data\\runtime_maps\\full_authorized_sandbox\\adaptive_anyagok_efficient_v4_20260831', 'class_name': 'TMainForm', 'control_type': 'Window'} last_validation_age_s=1.4380000000819564 diagnostic_fast_mode=False
2026-08-31 15:14:20.055 | DEBUG    | winwatt_automation.live_ui.app_connector:get_cached_main_window:566 - DBG_PHASE_TIMING phase=get_cached_main_window elapsed_ms=16.000 reason_code=cache_reused_without_validation
2026-08-31 15:14:20.055 | DEBUG    | winwatt_automation.live_ui.app_connector:get_cached_main_window:565 - DBG_WINWATT_CACHE_GET reason_code=cache_reused_without_validation payload={'wrapper_type': 'UIAWrapper', 'handle': 122226698, 'process_id': 13924, 'title': 'WinWatt gólya - C:\\Users\\Admin\\Documents\\GitHub\\autowinwatt\\winwatt_automation\\data\\runtime_maps\\full_authorized_sandbox\\adaptive_anyagok_efficient_v4_20260831', 'class_name': 'TMainForm', 'control_type': 'Window'} last_validation_age_s=1.4540000000270084 diagnostic_fast_mode=False
2026-08-31 15:14:20.055 | DEBUG    | winwatt_automation.live_ui.app_connector:get_cached_main_window:566 - DBG_PHASE_TIMING phase=get_cached_main_window elapsed_ms=0.000 reason_code=cache_reused_without_validation
2026-08-31 15:14:20.544 | INFO     | winwatt_automation.live_ui.menu_helpers:_menu_items:1101 - DBG_MENU_ITEMS_SUMMARY total_items=7 visible_items=7 topbar_band=(0, 0, 392, 53) topbar_band_visible_count=7 popup_region_visible_count=0 force_refresh=True handle=122226698
2026-08-31 15:14:20.544 | DEBUG    | winwatt_automation.live_ui.menu_helpers:_menu_items:1111 - Discovered 7 MenuItem controls
2026-08-31 15:14:20.544 | DEBUG    | winwatt_automation.live_ui.menu_helpers:_log_phase_timing:83 - DBG_PHASE_TIMING phase=_menu_items elapsed_ms=516.000 force_refresh=True total_items=7 visible_items=7
2026-08-31 15:14:20.624 | INFO     | winwatt_automation.live_ui.menu_helpers:list_top_menu_items:1141 - Top-level menu items (raw): ['Rendszer', 'Fájl', 'Jegyzékek', 'Eszközök', 'Beállítások', 'Ablak', 'Súgó']
2026-08-31 15:14:20.624 | DEBUG    | winwatt_automation.live_ui.menu_helpers:_log_phase_timing:83 - DBG_PHASE_TIMING phase=list_top_menu_items elapsed_ms=594.000 count=7
2026-08-31 15:14:21.136 | DEBUG    | winwatt_automation.live_ui.app_connector:get_cached_main_window:565 - DBG_WINWATT_CACHE_GET reason_code=cache_reused_without_validation payload={'wrapper_type': 'UIAWrapper', 'handle': 122226698, 'process_id': 13924, 'title': 'WinWatt gólya - C:\\Users\\Admin\\Documents\\GitHub\\autowinwatt\\winwatt_automation\\data\\runtime_maps\\full_authorized_sandbox\\adaptive_anyagok_efficient_v4_20260831', 'class_name': 'TMainForm', 'control_type': 'Window'} last_validation_age_s=2.5320000000065193 diagnostic_fast_mode=False
2026-08-31 15:14:21.136 | DEBUG    | winwatt_automation.live_ui.app_connector:get_cached_main_window:566 - DBG_PHASE_TIMING phase=get_cached_main_window elapsed_ms=0.000 reason_code=cache_reused_without_validation
2026-08-31 15:14:40.528 | INFO     | winwatt_automation.live_ui.app_connector:is_winwatt_foreground_context:1161 - DBG_WINWATT_FOREGROUND_CONTEXT expected_handle=122226698 expected_process_id=13924 expected_title=WinWatt gólya - C:\Users\Admin\Documents\GitHub\autowinwatt\winwatt_automation\data\runtime_maps\full_authorized_sandbox\adaptive_anyagok_efficient_v4_20260831 expected_class_name=TMainForm actual_foreground_handle=122226698 actual_foreground_process_id=13924 actual_foreground_title=WinWatt gólya - C:\Users\Admin\Documents\GitHub\autowinwatt\winwatt_automation\data\runtime_maps\full_authorized_sandbox\adaptive_anyagok_efficient_v4_20260831 actual_foreground_class_name=TMainForm allow_dialog=True result_reason=handle_match
2026-08-31 15:14:40.529 | INFO     | winwatt_automation.live_ui.app_connector:_cached_window_health_status:489 - DBG_WINWATT_CACHE_HEALTH reason_code=healthy payload={'wrapper_type': 'UIAWrapper', 'handle': 122226698, 'process_id': 13924, 'title': 'WinWatt gólya - C:\\Users\\Admin\\Documents\\GitHub\\autowinwatt\\winwatt_automation\\data\\runtime_maps\\full_authorized_sandbox\\adaptive_anyagok_efficient_v4_20260831', 'class_name': 'TMainForm', 'control_type': 'Window'}
2026-08-31 15:14:40.529 | DEBUG    | winwatt_automation.live_ui.app_connector:get_cached_main_window:574 - DBG_WINWATT_CACHE_GET reason_code=cache_validated_ok payload={'wrapper_type': 'UIAWrapper', 'handle': 122226698, 'process_id': 13924, 'title': 'WinWatt gólya - C:\\Users\\Admin\\Documents\\GitHub\\autowinwatt\\winwatt_automation\\data\\runtime_maps\\full_authorized_sandbox\\adaptive_anyagok_efficient_v4_20260831', 'class_name': 'TMainForm', 'control_type': 'Window'} last_validation_age_s=21.92200000002049 diagnostic_fast_mode=False
2026-08-31 15:14:40.529 | DEBUG    | winwatt_automation.live_ui.app_connector:get_cached_main_window:575 - DBG_PHASE_TIMING phase=get_cached_main_window elapsed_ms=16.000 reason_code=cache_validated_ok
2026-08-31 15:14:41.830 | INFO     | winwatt_automation.live_ui.app_connector:get_cached_main_window:597 - DBG_WINWATT_CACHE_GET reason_code=cache_missing_resolving_fresh diagnostic_fast_mode=False
2026-08-31 15:14:42.018 | DEBUG    | winwatt_automation.live_ui.app_connector:list_candidate_windows:180 - Discovered 0 WinWatt-like windows on backend=win32
2026-08-31 15:14:42.022 | INFO     | winwatt_automation.live_ui.app_connector:_connect_with_win32_handle:276 - DBG_WINWATT_CONNECT_WIN32_CANDIDATES locator=backend=win32 ranked_candidates=[] 
2026-08-31 15:14:42.022 | WARNING  | winwatt_automation.runtime_mapping.program_mapper:_safe_capture_snapshot:191 - snapshot_capture_failed state_id=startup_after_relaunch error=No WinWatt-like windows were found
2026-08-31 15:14:42.523 | INFO     | winwatt_automation.live_ui.app_connector:get_cached_main_window:597 - DBG_WINWATT_CACHE_GET reason_code=cache_missing_resolving_fresh diagnostic_fast_mode=False
2026-08-31 15:14:45.101 | DEBUG    | winwatt_automation.live_ui.app_connector:list_candidate_windows:180 - Discovered 0 WinWatt-like windows on backend=win32
2026-08-31 15:14:45.101 | INFO     | winwatt_automation.live_ui.app_connector:_connect_with_win32_handle:276 - DBG_WINWATT_CONNECT_WIN32_CANDIDATES locator=backend=win32 ranked_candidates=[] 
2026-08-31 15:14:45.101 | WARNING  | winwatt_automation.runtime_mapping.program_mapper:_safe_capture_snapshot:191 - snapshot_capture_failed state_id=startup_after_relaunch error=No WinWatt-like windows were found
2026-08-31 15:14:45.615 | INFO     | winwatt_automation.live_ui.app_connector:get_cached_main_window:597 - DBG_WINWATT_CACHE_GET reason_code=cache_missing_resolving_fresh diagnostic_fast_mode=False
2026-08-31 15:14:47.226 | DEBUG    | winwatt_automation.live_ui.app_connector:list_candidate_windows:180 - Discovered 0 WinWatt-like windows on backend=win32
2026-08-31 15:14:47.226 | INFO     | winwatt_automation.live_ui.app_connector:_connect_with_win32_handle:276 - DBG_WINWATT_CONNECT_WIN32_CANDIDATES locator=backend=win32 ranked_candidates=[] 
2026-08-31 15:14:47.226 | WARNING  | winwatt_automation.runtime_mapping.program_mapper:_safe_capture_snapshot:191 - snapshot_capture_failed state_id=startup_after_relaunch error=No WinWatt-like windows were found
2026-08-31 15:14:47.738 | INFO     | winwatt_automation.live_ui.app_connector:get_cached_main_window:597 - DBG_WINWATT_CACHE_GET reason_code=cache_missing_resolving_fresh diagnostic_fast_mode=False
2026-08-31 15:14:47.841 | DEBUG    | winwatt_automation.live_ui.app_connector:list_candidate_windows:180 - Discovered 0 WinWatt-like windows on backend=win32
2026-08-31 15:14:47.841 | INFO     | winwatt_automation.live_ui.app_connector:_connect_with_win32_handle:276 - DBG_WINWATT_CONNECT_WIN32_CANDIDATES locator=backend=win32 ranked_candidates=[] 
2026-08-31 15:14:47.841 | WARNING  | winwatt_automation.runtime_mapping.program_mapper:_safe_capture_snapshot:191 - snapshot_capture_failed state_id=startup_after_relaunch error=No WinWatt-like windows were found
2026-08-31 15:14:48.344 | INFO     | winwatt_automation.live_ui.app_connector:get_cached_main_window:597 - DBG_WINWATT_CACHE_GET reason_code=cache_missing_resolving_fresh diagnostic_fast_mode=False
2026-08-31 15:14:48.406 | DEBUG    | winwatt_automation.live_ui.app_connector:list_candidate_windows:180 - Discovered 0 WinWatt-like windows on backend=win32
2026-08-31 15:14:48.425 | INFO     | winwatt_automation.live_ui.app_connector:_connect_with_win32_handle:276 - DBG_WINWATT_CONNECT_WIN32_CANDIDATES locator=backend=win32 ranked_candidates=[] 
2026-08-31 15:14:48.426 | WARNING  | winwatt_automation.runtime_mapping.program_mapper:_safe_capture_snapshot:191 - snapshot_capture_failed state_id=startup_after_relaunch error=No WinWatt-like windows were found
2026-08-31 15:14:48.927 | INFO     | winwatt_automation.live_ui.app_connector:get_cached_main_window:597 - DBG_WINWATT_CACHE_GET reason_code=cache_missing_resolving_fresh diagnostic_fast_mode=False
2026-08-31 15:14:49.004 | DEBUG    | winwatt_automation.live_ui.app_connector:list_candidate_windows:180 - Discovered 0 WinWatt-like windows on backend=win32
2026-08-31 15:14:49.011 | INFO     | winwatt_automation.live_ui.app_connector:_connect_with_win32_handle:276 - DBG_WINWATT_CONNECT_WIN32_CANDIDATES locator=backend=win32 ranked_candidates=[] 
2026-08-31 15:14:49.012 | WARNING  | winwatt_automation.runtime_mapping.program_mapper:_safe_capture_snapshot:191 - snapshot_capture_failed state_id=startup_after_relaunch error=No WinWatt-like windows were found
2026-08-31 15:14:49.513 | INFO     | winwatt_automation.live_ui.app_connector:get_cached_main_window:597 - DBG_WINWATT_CACHE_GET reason_code=cache_missing_resolving_fresh diagnostic_fast_mode=False
2026-08-31 15:14:49.588 | DEBUG    | winwatt_automation.live_ui.app_connector:list_candidate_windows:180 - Discovered 0 WinWatt-like windows on backend=win32
2026-08-31 15:14:49.592 | INFO     | winwatt_automation.live_ui.app_connector:_connect_with_win32_handle:276 - DBG_WINWATT_CONNECT_WIN32_CANDIDATES locator=backend=win32 ranked_candidates=[] 
2026-08-31 15:14:49.592 | WARNING  | winwatt_automation.runtime_mapping.program_mapper:_safe_capture_snapshot:191 - snapshot_capture_failed state_id=startup_after_relaunch error=No WinWatt-like windows were found
2026-08-31 15:14:50.094 | INFO     | winwatt_automation.live_ui.app_connector:get_cached_main_window:597 - DBG_WINWATT_CACHE_GET reason_code=cache_missing_resolving_fresh diagnostic_fast_mode=False
2026-08-31 15:14:50.164 | DEBUG    | winwatt_automation.live_ui.app_connector:list_candidate_windows:180 - Discovered 0 WinWatt-like windows on backend=win32
2026-08-31 15:14:50.164 | INFO     | winwatt_automation.live_ui.app_connector:_connect_with_win32_handle:276 - DBG_WINWATT_CONNECT_WIN32_CANDIDATES locator=backend=win32 ranked_candidates=[] 
2026-08-31 15:14:50.164 | WARNING  | winwatt_automation.runtime_mapping.program_mapper:_safe_capture_snapshot:191 - snapshot_capture_failed state_id=startup_after_relaunch error=No WinWatt-like windows were found
2026-08-31 15:14:50.678 | INFO     | winwatt_automation.live_ui.app_connector:get_cached_main_window:597 - DBG_WINWATT_CACHE_GET reason_code=cache_missing_resolving_fresh diagnostic_fast_mode=False
2026-08-31 15:14:50.749 | DEBUG    | winwatt_automation.live_ui.app_connector:list_candidate_windows:180 - Discovered 0 WinWatt-like windows on backend=win32
2026-08-31 15:14:50.755 | INFO     | winwatt_automation.live_ui.app_connector:_connect_with_win32_handle:276 - DBG_WINWATT_CONNECT_WIN32_CANDIDATES locator=backend=win32 ranked_candidates=[] 
2026-08-31 15:14:50.757 | WARNING  | winwatt_automation.runtime_mapping.program_mapper:_safe_capture_snapshot:191 - snapshot_capture_failed state_id=startup_after_relaunch error=No WinWatt-like windows were found
2026-08-31 15:14:51.258 | INFO     | winwatt_automation.live_ui.app_connector:get_cached_main_window:597 - DBG_WINWATT_CACHE_GET reason_code=cache_missing_resolving_fresh diagnostic_fast_mode=False
2026-08-31 15:14:51.339 | DEBUG    | winwatt_automation.live_ui.app_connector:list_candidate_windows:180 - Discovered 0 WinWatt-like windows on backend=win32
2026-08-31 15:14:51.339 | INFO     | winwatt_automation.live_ui.app_connector:_connect_with_win32_handle:276 - DBG_WINWATT_CONNECT_WIN32_CANDIDATES locator=backend=win32 ranked_candidates=[] 
2026-08-31 15:14:51.339 | WARNING  | winwatt_automation.runtime_mapping.program_mapper:_safe_capture_snapshot:191 - snapshot_capture_failed state_id=startup_after_relaunch error=No WinWatt-like windows were found
2026-08-31 15:14:51.846 | INFO     | winwatt_automation.live_ui.app_connector:get_cached_main_window:597 - DBG_WINWATT_CACHE_GET reason_code=cache_missing_resolving_fresh diagnostic_fast_mode=False
2026-08-31 15:14:51.924 | DEBUG    | winwatt_automation.live_ui.app_connector:list_candidate_windows:180 - Discovered 0 WinWatt-like windows on backend=win32
2026-08-31 15:14:51.924 | INFO     | winwatt_automation.live_ui.app_connector:_connect_with_win32_handle:276 - DBG_WINWATT_CONNECT_WIN32_CANDIDATES locator=backend=win32 ranked_candidates=[] 
2026-08-31 15:14:51.924 | WARNING  | winwatt_automation.runtime_mapping.program_mapper:_safe_capture_snapshot:191 - snapshot_capture_failed state_id=startup_after_relaunch error=No WinWatt-like windows were found
2026-08-31 15:14:52.434 | INFO     | winwatt_automation.live_ui.app_connector:get_cached_main_window:597 - DBG_WINWATT_CACHE_GET reason_code=cache_missing_resolving_fresh diagnostic_fast_mode=False
2026-08-31 15:14:52.513 | DEBUG    | winwatt_automation.live_ui.app_connector:list_candidate_windows:180 - Discovered 0 WinWatt-like windows on backend=win32
2026-08-31 15:14:52.527 | INFO     | winwatt_automation.live_ui.app_connector:_connect_with_win32_handle:276 - DBG_WINWATT_CONNECT_WIN32_CANDIDATES locator=backend=win32 ranked_candidates=[] 
2026-08-31 15:14:52.527 | WARNING  | winwatt_automation.runtime_mapping.program_mapper:_safe_capture_snapshot:191 - snapshot_capture_failed state_id=startup_after_relaunch error=No WinWatt-like windows were found
2026-08-31 15:14:53.030 | INFO     | winwatt_automation.live_ui.app_connector:get_cached_main_window:597 - DBG_WINWATT_CACHE_GET reason_code=cache_missing_resolving_fresh diagnostic_fast_mode=False
2026-08-31 15:14:53.113 | DEBUG    | winwatt_automation.live_ui.app_connector:list_candidate_windows:180 - Discovered 0 WinWatt-like windows on backend=win32
2026-08-31 15:14:53.129 | INFO     | winwatt_automation.live_ui.app_connector:_connect_with_win32_handle:276 - DBG_WINWATT_CONNECT_WIN32_CANDIDATES locator=backend=win32 ranked_candidates=[] 
2026-08-31 15:14:53.129 | WARNING  | winwatt_automation.runtime_mapping.program_mapper:_safe_capture_snapshot:191 - snapshot_capture_failed state_id=startup_after_relaunch error=No WinWatt-like windows were found
2026-08-31 15:14:53.635 | INFO     | winwatt_automation.live_ui.app_connector:get_cached_main_window:597 - DBG_WINWATT_CACHE_GET reason_code=cache_missing_resolving_fresh diagnostic_fast_mode=False
2026-08-31 15:14:53.735 | DEBUG    | winwatt_automation.live_ui.app_connector:list_candidate_windows:180 - Discovered 1 WinWatt-like windows on backend=win32
2026-08-31 15:14:53.740 | DEBUG    | winwatt_automation.live_ui.app_connector:list_candidate_windows:182 - Candidate[win32]: {'title': 'WinWatt gólya - C:\\Users\\Admin\\Documents\\GitHub\\autowinwatt\\winwatt_automation\\data\\runtime_maps\\full_authorized_sandbox\\adaptive_anyagok_efficient_v4_20260831', 'window_text': 'WinWatt gólya - C:\\Users\\Admin\\Documents\\GitHub\\autowinwatt\\winwatt_automation\\data\\runtime_maps\\full_authorized_sandbox\\adaptive_anyagok_efficient_v4_20260831', 'class_name': 'TMainForm', 'control_type': None, 'process_id': 9936, 'handle': None, 'is_visible': True, 'is_enabled': True, 'rectangle': {'left': -10, 'top': -10, 'right': 1930, 'bottom': 1030, 'width': 1940, 'height': 1040}, 'size': {'width': 1940, 'height': 1040}}
2026-08-31 15:14:53.741 | INFO     | winwatt_automation.live_ui.app_connector:_connect_with_win32_handle:276 - DBG_WINWATT_CONNECT_WIN32_CANDIDATES locator=backend=win32 ranked_candidates=[{'rank': 1, 'score': (1, 1, 1, 1, 2017600), 'process_id': 9936, 'handle': None, 'class_name': 'TMainForm', 'title': 'WinWatt gólya - C:\\Users\\Admin\\Documents\\GitHub\\autowinwatt\\winwatt_automation\\data\\runtime_maps\\full_authorized_sandbox\\adaptive_anyagok_efficient_v4_20260831', 'visible': True, 'enabled': True}] 
2026-08-31 15:14:53.742 | INFO     | winwatt_automation.live_ui.app_connector:select_main_window:224 - Candidate ranking score=(1, 1, 1, 1, 2017600) data={'title': 'WinWatt gólya - C:\\Users\\Admin\\Documents\\GitHub\\autowinwatt\\winwatt_automation\\data\\runtime_maps\\full_authorized_sandbox\\adaptive_anyagok_efficient_v4_20260831', 'window_text': 'WinWatt gólya - C:\\Users\\Admin\\Documents\\GitHub\\autowinwatt\\winwatt_automation\\data\\runtime_maps\\full_authorized_sandbox\\adaptive_anyagok_efficient_v4_20260831', 'class_name': 'TMainForm', 'control_type': None, 'process_id': 9936, 'handle': None, 'is_visible': True, 'is_enabled': True, 'rectangle': {'left': -10, 'top': -10, 'right': 1930, 'bottom': 1030, 'width': 1940, 'height': 1040}, 'size': {'width': 1940, 'height': 1040}}
2026-08-31 15:14:53.742 | INFO     | winwatt_automation.live_ui.app_connector:select_main_window:234 - Selected main window process_id=9936 handle=None score=(1, 1, 1, 1, 2017600) reasons=['has_process_id=True', 'has_handle=False', 'visible=True', 'enabled=True', 'title_has_winwatt=True', 'area=2017600']
2026-08-31 15:14:53.743 | INFO     | winwatt_automation.live_ui.app_connector:_connect_with_win32_handle:293 - DBG_WINWATT_CONNECT_WIN32_SELECTED selected_payload={'title': 'WinWatt gólya - C:\\Users\\Admin\\Documents\\GitHub\\autowinwatt\\winwatt_automation\\data\\runtime_maps\\full_authorized_sandbox\\adaptive_anyagok_efficient_v4_20260831', 'window_text': 'WinWatt gólya - C:\\Users\\Admin\\Documents\\GitHub\\autowinwatt\\winwatt_automation\\data\\runtime_maps\\full_authorized_sandbox\\adaptive_anyagok_efficient_v4_20260831', 'class_name': 'TMainForm', 'control_type': None, 'process_id': 9936, 'handle': None, 'is_visible': True, 'is_enabled': True, 'rectangle': {'left': -10, 'top': -10, 'right': 1930, 'bottom': 1030, 'width': 1940, 'height': 1040}, 'size': {'width': 1940, 'height': 1040}} selected_handle_is_none=True
2026-08-31 15:14:53.744 | INFO     | winwatt_automation.live_ui.app_connector:_connect_with_win32_handle:336 - Connected to WinWatt backend=win32 attach_mode=process candidate={'process_id': 9936, 'handle': None, 'class_name': 'TMainForm', 'title': 'WinWatt gólya - C:\\Users\\Admin\\Documents\\GitHub\\autowinwatt\\winwatt_automation\\data\\runtime_maps\\full_authorized_sandbox\\adaptive_anyagok_efficient_v4_20260831'}
2026-08-31 15:14:53.748 | INFO     | winwatt_automation.live_ui.app_connector:_connect_with_win32_handle:350 - DBG_WINWATT_CONNECT_WIN32_RESOLVED process_id=9936 resolved_handle=None selected_payload={'title': 'WinWatt gólya - C:\\Users\\Admin\\Documents\\GitHub\\autowinwatt\\winwatt_automation\\data\\runtime_maps\\full_authorized_sandbox\\adaptive_anyagok_efficient_v4_20260831', 'window_text': 'WinWatt gólya - C:\\Users\\Admin\\Documents\\GitHub\\autowinwatt\\winwatt_automation\\data\\runtime_maps\\full_authorized_sandbox\\adaptive_anyagok_efficient_v4_20260831', 'class_name': 'TMainForm', 'control_type': None, 'process_id': 9936, 'handle': None, 'is_visible': True, 'is_enabled': True, 'rectangle': {'left': -10, 'top': -10, 'right': 1930, 'bottom': 1030, 'width': 1940, 'height': 1040}, 'size': {'width': 1940, 'height': 1040}}
2026-08-31 15:14:53.749 | INFO     | winwatt_automation.live_ui.app_connector:_resolve_uia_main_window:382 - DBG_WINWATT_RESOLVE_UIA_WIN32_SELECTED selected_payload={'title': 'WinWatt gólya - C:\\Users\\Admin\\Documents\\GitHub\\autowinwatt\\winwatt_automation\\data\\runtime_maps\\full_authorized_sandbox\\adaptive_anyagok_efficient_v4_20260831', 'window_text': 'WinWatt gólya - C:\\Users\\Admin\\Documents\\GitHub\\autowinwatt\\winwatt_automation\\data\\runtime_maps\\full_authorized_sandbox\\adaptive_anyagok_efficient_v4_20260831', 'class_name': 'TMainForm', 'control_type': None, 'process_id': 9936, 'handle': None, 'is_visible': True, 'is_enabled': True, 'rectangle': {'left': -10, 'top': -10, 'right': 1930, 'bottom': 1030, 'width': 1940, 'height': 1040}, 'size': {'width': 1940, 'height': 1040}}
2026-08-31 15:14:53.749 | INFO     | winwatt_automation.live_ui.app_connector:_resolve_uia_main_window:388 - Connected to WinWatt backend=uia process_id=9936
2026-08-31 15:14:53.750 | INFO     | winwatt_automation.live_ui.app_connector:_resolve_uia_main_window:390 - Resolving main WinWatt window backend=uia class_name=TMainForm title_re=.*WinWatt.*
2026-08-31 15:14:54.080 | INFO     | winwatt_automation.live_ui.app_connector:_resolve_uia_main_window:400 - DBG_WINWATT_RESOLVE_UIA_PRIMARY selected_payload={'title': 'WinWatt gólya - C:\\Users\\Admin\\Documents\\GitHub\\autowinwatt\\winwatt_automation\\data\\runtime_maps\\full_authorized_sandbox\\adaptive_anyagok_efficient_v4_20260831', 'window_text': 'WinWatt gólya - C:\\Users\\Admin\\Documents\\GitHub\\autowinwatt\\winwatt_automation\\data\\runtime_maps\\full_authorized_sandbox\\adaptive_anyagok_efficient_v4_20260831', 'class_name': 'TMainForm', 'control_type': None, 'process_id': 9936, 'handle': None, 'is_visible': True, 'is_enabled': True, 'rectangle': {'left': -10, 'top': -10, 'right': 1930, 'bottom': 1030, 'width': 1940, 'height': 1040}, 'size': {'width': 1940, 'height': 1040}} primary_result={'wrapper_type': 'UIAWrapper', 'handle': 77989938, 'process_id': 9936, 'title': 'WinWatt gólya - C:\\Users\\Admin\\Documents\\GitHub\\autowinwatt\\winwatt_automation\\data\\runtime_maps\\full_authorized_sandbox\\adaptive_anyagok_efficient_v4_20260831', 'class_name': 'TMainForm', 'control_type': 'Window'} identity_match_with_win32=None
2026-08-31 15:14:54.091 | DEBUG    | winwatt_automation.live_ui.app_connector:get_cached_main_window:606 - DBG_PHASE_TIMING phase=get_cached_main_window elapsed_ms=468.000 reason_code=fresh_resolve
2026-08-31 15:14:54.264 | DEBUG    | winwatt_automation.live_ui.app_connector:get_cached_main_window:565 - DBG_WINWATT_CACHE_GET reason_code=cache_reused_without_validation payload={'wrapper_type': 'UIAWrapper', 'handle': 77989938, 'process_id': 9936, 'title': 'WinWatt gólya - C:\\Users\\Admin\\Documents\\GitHub\\autowinwatt\\winwatt_automation\\data\\runtime_maps\\full_authorized_sandbox\\adaptive_anyagok_efficient_v4_20260831', 'class_name': 'TMainForm', 'control_type': 'Window'} last_validation_age_s=0.1720000000204891 diagnostic_fast_mode=False
2026-08-31 15:14:54.264 | DEBUG    | winwatt_automation.live_ui.app_connector:get_cached_main_window:566 - DBG_PHASE_TIMING phase=get_cached_main_window elapsed_ms=0.000 reason_code=cache_reused_without_validation
2026-08-31 15:14:54.280 | DEBUG    | winwatt_automation.live_ui.app_connector:get_cached_main_window:565 - DBG_WINWATT_CACHE_GET reason_code=cache_reused_without_validation payload={'wrapper_type': 'UIAWrapper', 'handle': 77989938, 'process_id': 9936, 'title': 'WinWatt gólya - C:\\Users\\Admin\\Documents\\GitHub\\autowinwatt\\winwatt_automation\\data\\runtime_maps\\full_authorized_sandbox\\adaptive_anyagok_efficient_v4_20260831', 'class_name': 'TMainForm', 'control_type': 'Window'} last_validation_age_s=0.1880000000819564 diagnostic_fast_mode=False
2026-08-31 15:14:54.280 | DEBUG    | winwatt_automation.live_ui.app_connector:get_cached_main_window:566 - DBG_PHASE_TIMING phase=get_cached_main_window elapsed_ms=0.000 reason_code=cache_reused_without_validation
2026-08-31 15:14:54.791 | INFO     | winwatt_automation.live_ui.menu_helpers:_menu_items:1101 - DBG_MENU_ITEMS_SUMMARY total_items=7 visible_items=7 topbar_band=(0, 0, 392, 53) topbar_band_visible_count=7 popup_region_visible_count=0 force_refresh=True handle=77989938
2026-08-31 15:14:54.797 | DEBUG    | winwatt_automation.live_ui.menu_helpers:_menu_items:1111 - Discovered 7 MenuItem controls
2026-08-31 15:14:54.797 | DEBUG    | winwatt_automation.live_ui.menu_helpers:_log_phase_timing:83 - DBG_PHASE_TIMING phase=_menu_items elapsed_ms=532.000 force_refresh=True total_items=7 visible_items=7
2026-08-31 15:14:54.884 | INFO     | winwatt_automation.live_ui.menu_helpers:list_top_menu_items:1141 - Top-level menu items (raw): ['Rendszer', 'Fájl', 'Jegyzékek', 'Eszközök', 'Beállítások', 'Ablak', 'Súgó']
2026-08-31 15:14:54.884 | DEBUG    | winwatt_automation.live_ui.menu_helpers:_log_phase_timing:83 - DBG_PHASE_TIMING phase=list_top_menu_items elapsed_ms=610.000 count=7
2026-08-31 15:14:55.397 | DEBUG    | winwatt_automation.live_ui.app_connector:get_cached_main_window:565 - DBG_WINWATT_CACHE_GET reason_code=cache_reused_without_validation payload={'wrapper_type': 'UIAWrapper', 'handle': 77989938, 'process_id': 9936, 'title': 'WinWatt gólya - C:\\Users\\Admin\\Documents\\GitHub\\autowinwatt\\winwatt_automation\\data\\runtime_maps\\full_authorized_sandbox\\adaptive_anyagok_efficient_v4_20260831', 'class_name': 'TMainForm', 'control_type': 'Window'} last_validation_age_s=1.297000000020489 diagnostic_fast_mode=False
2026-08-31 15:14:55.397 | DEBUG    | winwatt_automation.live_ui.app_connector:get_cached_main_window:566 - DBG_PHASE_TIMING phase=get_cached_main_window elapsed_ms=0.000 reason_code=cache_reused_without_validation
2026-08-31 15:14:55.555 | DEBUG    | winwatt_automation.live_ui.app_connector:get_cached_main_window:565 - DBG_WINWATT_CACHE_GET reason_code=cache_reused_without_validation payload={'wrapper_type': 'UIAWrapper', 'handle': 77989938, 'process_id': 9936, 'title': 'WinWatt gólya - C:\\Users\\Admin\\Documents\\GitHub\\autowinwatt\\winwatt_automation\\data\\runtime_maps\\full_authorized_sandbox\\adaptive_anyagok_efficient_v4_20260831', 'class_name': 'TMainForm', 'control_type': 'Window'} last_validation_age_s=1.4540000000270084 diagnostic_fast_mode=False
2026-08-31 15:14:55.572 | DEBUG    | winwatt_automation.live_ui.app_connector:get_cached_main_window:566 - DBG_PHASE_TIMING phase=get_cached_main_window elapsed_ms=15.000 reason_code=cache_reused_without_validation
2026-08-31 15:14:55.577 | DEBUG    | winwatt_automation.live_ui.app_connector:get_cached_main_window:565 - DBG_WINWATT_CACHE_GET reason_code=cache_reused_without_validation payload={'wrapper_type': 'UIAWrapper', 'handle': 77989938, 'process_id': 9936, 'title': 'WinWatt gólya - C:\\Users\\Admin\\Documents\\GitHub\\autowinwatt\\winwatt_automation\\data\\runtime_maps\\full_authorized_sandbox\\adaptive_anyagok_efficient_v4_20260831', 'class_name': 'TMainForm', 'control_type': 'Window'} last_validation_age_s=1.4690000000409782 diagnostic_fast_mode=False
2026-08-31 15:14:55.578 | DEBUG    | winwatt_automation.live_ui.app_connector:get_cached_main_window:566 - DBG_PHASE_TIMING phase=get_cached_main_window elapsed_ms=16.000 reason_code=cache_reused_without_validation
2026-08-31 15:14:56.071 | INFO     | winwatt_automation.live_ui.menu_helpers:_menu_items:1101 - DBG_MENU_ITEMS_SUMMARY total_items=7 visible_items=7 topbar_band=(0, 0, 392, 53) topbar_band_visible_count=7 popup_region_visible_count=0 force_refresh=True handle=77989938
2026-08-31 15:14:56.077 | DEBUG    | winwatt_automation.live_ui.menu_helpers:_menu_items:1111 - Discovered 7 MenuItem controls
2026-08-31 15:14:56.077 | DEBUG    | winwatt_automation.live_ui.menu_helpers:_log_phase_timing:83 - DBG_PHASE_TIMING phase=_menu_items elapsed_ms=531.000 force_refresh=True total_items=7 visible_items=7
2026-08-31 15:14:56.143 | INFO     | winwatt_automation.live_ui.menu_helpers:list_top_menu_items:1141 - Top-level menu items (raw): ['Rendszer', 'Fájl', 'Jegyzékek', 'Eszközök', 'Beállítások', 'Ablak', 'Súgó']
2026-08-31 15:14:56.143 | DEBUG    | winwatt_automation.live_ui.menu_helpers:_log_phase_timing:83 - DBG_PHASE_TIMING phase=list_top_menu_items elapsed_ms=593.000 count=7
2026-08-31 15:14:56.660 | DEBUG    | winwatt_automation.live_ui.app_connector:get_cached_main_window:565 - DBG_WINWATT_CACHE_GET reason_code=cache_reused_without_validation payload={'wrapper_type': 'UIAWrapper', 'handle': 77989938, 'process_id': 9936, 'title': 'WinWatt gólya - C:\\Users\\Admin\\Documents\\GitHub\\autowinwatt\\winwatt_automation\\data\\runtime_maps\\full_authorized_sandbox\\adaptive_anyagok_efficient_v4_20260831', 'class_name': 'TMainForm', 'control_type': 'Window'} last_validation_age_s=2.5630000000819564 diagnostic_fast_mode=False
2026-08-31 15:14:56.672 | DEBUG    | winwatt_automation.live_ui.app_connector:get_cached_main_window:566 - DBG_PHASE_TIMING phase=get_cached_main_window elapsed_ms=16.000 reason_code=cache_reused_without_validation
2026-08-31 15:14:56.815 | DEBUG    | winwatt_automation.live_ui.app_connector:get_cached_main_window:565 - DBG_WINWATT_CACHE_GET reason_code=cache_reused_without_validation payload={'wrapper_type': 'UIAWrapper', 'handle': 77989938, 'process_id': 9936, 'title': 'WinWatt gólya - C:\\Users\\Admin\\Documents\\GitHub\\autowinwatt\\winwatt_automation\\data\\runtime_maps\\full_authorized_sandbox\\adaptive_anyagok_efficient_v4_20260831', 'class_name': 'TMainForm', 'control_type': 'Window'} last_validation_age_s=2.719000000040978 diagnostic_fast_mode=False
2026-08-31 15:14:56.819 | DEBUG    | winwatt_automation.live_ui.app_connector:get_cached_main_window:566 - DBG_PHASE_TIMING phase=get_cached_main_window elapsed_ms=0.000 reason_code=cache_reused_without_validation
2026-08-31 15:14:56.822 | DEBUG    | winwatt_automation.live_ui.app_connector:get_cached_main_window:565 - DBG_WINWATT_CACHE_GET reason_code=cache_reused_without_validation payload={'wrapper_type': 'UIAWrapper', 'handle': 77989938, 'process_id': 9936, 'title': 'WinWatt gólya - C:\\Users\\Admin\\Documents\\GitHub\\autowinwatt\\winwatt_automation\\data\\runtime_maps\\full_authorized_sandbox\\adaptive_anyagok_efficient_v4_20260831', 'class_name': 'TMainForm', 'control_type': 'Window'} last_validation_age_s=2.719000000040978 diagnostic_fast_mode=False
2026-08-31 15:14:56.823 | DEBUG    | winwatt_automation.live_ui.app_connector:get_cached_main_window:566 - DBG_PHASE_TIMING phase=get_cached_main_window elapsed_ms=0.000 reason_code=cache_reused_without_validation
2026-08-31 15:14:57.354 | INFO     | winwatt_automation.live_ui.menu_helpers:_menu_items:1101 - DBG_MENU_ITEMS_SUMMARY total_items=7 visible_items=7 topbar_band=(0, 0, 392, 53) topbar_band_visible_count=7 popup_region_visible_count=0 force_refresh=True handle=77989938
2026-08-31 15:14:57.361 | DEBUG    | winwatt_automation.live_ui.menu_helpers:_menu_items:1111 - Discovered 7 MenuItem controls
2026-08-31 15:14:57.361 | DEBUG    | winwatt_automation.live_ui.menu_helpers:_log_phase_timing:83 - DBG_PHASE_TIMING phase=_menu_items elapsed_ms=547.000 force_refresh=True total_items=7 visible_items=7
2026-08-31 15:14:57.425 | INFO     | winwatt_automation.live_ui.menu_helpers:list_top_menu_items:1141 - Top-level menu items (raw): ['Rendszer', 'Fájl', 'Jegyzékek', 'Eszközök', 'Beállítások', 'Ablak', 'Súgó']
2026-08-31 15:14:57.425 | DEBUG    | winwatt_automation.live_ui.menu_helpers:_log_phase_timing:83 - DBG_PHASE_TIMING phase=list_top_menu_items elapsed_ms=610.000 count=7
2026-08-31 15:14:57.940 | DEBUG    | winwatt_automation.live_ui.app_connector:get_cached_main_window:565 - DBG_WINWATT_CACHE_GET reason_code=cache_reused_without_validation payload={'wrapper_type': 'UIAWrapper', 'handle': 77989938, 'process_id': 9936, 'title': 'WinWatt gólya - C:\\Users\\Admin\\Documents\\GitHub\\autowinwatt\\winwatt_automation\\data\\runtime_maps\\full_authorized_sandbox\\adaptive_anyagok_efficient_v4_20260831', 'class_name': 'TMainForm', 'control_type': 'Window'} last_validation_age_s=3.844000000040978 diagnostic_fast_mode=False
2026-08-31 15:14:57.954 | DEBUG    | winwatt_automation.live_ui.app_connector:get_cached_main_window:566 - DBG_PHASE_TIMING phase=get_cached_main_window elapsed_ms=16.000 reason_code=cache_reused_without_validation
2026-08-31 15:14:58.145 | INFO     | winwatt_automation.live_ui.app_connector:is_winwatt_foreground_context:1161 - DBG_WINWATT_FOREGROUND_CONTEXT expected_handle=77989938 expected_process_id=9936 expected_title=WinWatt gólya - C:\Users\Admin\Documents\GitHub\autowinwatt\winwatt_automation\data\runtime_maps\full_authorized_sandbox\adaptive_anyagok_efficient_v4_20260831 expected_class_name=TMainForm actual_foreground_handle=77989938 actual_foreground_process_id=9936 actual_foreground_title=WinWatt gólya - C:\Users\Admin\Documents\GitHub\autowinwatt\winwatt_automation\data\runtime_maps\full_authorized_sandbox\adaptive_anyagok_efficient_v4_20260831 actual_foreground_class_name=TMainForm allow_dialog=True result_reason=handle_match
2026-08-31 15:14:58.145 | INFO     | winwatt_automation.live_ui.app_connector:_cached_window_health_status:489 - DBG_WINWATT_CACHE_HEALTH reason_code=healthy payload={'wrapper_type': 'UIAWrapper', 'handle': 77989938, 'process_id': 9936, 'title': 'WinWatt gólya - C:\\Users\\Admin\\Documents\\GitHub\\autowinwatt\\winwatt_automation\\data\\runtime_maps\\full_authorized_sandbox\\adaptive_anyagok_efficient_v4_20260831', 'class_name': 'TMainForm', 'control_type': 'Window'}
2026-08-31 15:14:58.145 | DEBUG    | winwatt_automation.live_ui.app_connector:get_cached_main_window:574 - DBG_WINWATT_CACHE_GET reason_code=cache_validated_ok payload={'wrapper_type': 'UIAWrapper', 'handle': 77989938, 'process_id': 9936, 'title': 'WinWatt gólya - C:\\Users\\Admin\\Documents\\GitHub\\autowinwatt\\winwatt_automation\\data\\runtime_maps\\full_authorized_sandbox\\adaptive_anyagok_efficient_v4_20260831', 'class_name': 'TMainForm', 'control_type': 'Window'} last_validation_age_s=4.032000000006519 diagnostic_fast_mode=False
2026-08-31 15:14:58.145 | DEBUG    | winwatt_automation.live_ui.app_connector:get_cached_main_window:575 - DBG_PHASE_TIMING phase=get_cached_main_window elapsed_ms=15.000 reason_code=cache_validated_ok
2026-08-31 15:14:58.145 | DEBUG    | winwatt_automation.live_ui.app_connector:get_cached_main_window:565 - DBG_WINWATT_CACHE_GET reason_code=cache_reused_without_validation payload={'wrapper_type': 'UIAWrapper', 'handle': 77989938, 'process_id': 9936, 'title': 'WinWatt gólya - C:\\Users\\Admin\\Documents\\GitHub\\autowinwatt\\winwatt_automation\\data\\runtime_maps\\full_authorized_sandbox\\adaptive_anyagok_efficient_v4_20260831', 'class_name': 'TMainForm', 'control_type': 'Window'} last_validation_age_s=0.015000000013969839 diagnostic_fast_mode=False
2026-08-31 15:14:58.145 | DEBUG    | winwatt_automation.live_ui.app_connector:get_cached_main_window:566 - DBG_PHASE_TIMING phase=get_cached_main_window elapsed_ms=0.000 reason_code=cache_reused_without_validation
2026-08-31 15:14:58.636 | INFO     | winwatt_automation.live_ui.menu_helpers:_menu_items:1101 - DBG_MENU_ITEMS_SUMMARY total_items=7 visible_items=7 topbar_band=(0, 0, 392, 53) topbar_band_visible_count=7 popup_region_visible_count=0 force_refresh=True handle=77989938
2026-08-31 15:14:58.636 | DEBUG    | winwatt_automation.live_ui.menu_helpers:_menu_items:1111 - Discovered 7 MenuItem controls
2026-08-31 15:14:58.636 | DEBUG    | winwatt_automation.live_ui.menu_helpers:_log_phase_timing:83 - DBG_PHASE_TIMING phase=_menu_items elapsed_ms=500.000 force_refresh=True total_items=7 visible_items=7
2026-08-31 15:14:58.728 | INFO     | winwatt_automation.live_ui.menu_helpers:list_top_menu_items:1141 - Top-level menu items (raw): ['Rendszer', 'Fájl', 'Jegyzékek', 'Eszközök', 'Beállítások', 'Ablak', 'Súgó']
2026-08-31 15:14:58.728 | DEBUG    | winwatt_automation.live_ui.menu_helpers:_log_phase_timing:83 - DBG_PHASE_TIMING phase=list_top_menu_items elapsed_ms=593.000 count=7
2026-08-31 15:14:59.232 | DEBUG    | winwatt_automation.live_ui.app_connector:get_cached_main_window:565 - DBG_WINWATT_CACHE_GET reason_code=cache_reused_without_validation payload={'wrapper_type': 'UIAWrapper', 'handle': 77989938, 'process_id': 9936, 'title': 'WinWatt gólya - C:\\Users\\Admin\\Documents\\GitHub\\autowinwatt\\winwatt_automation\\data\\runtime_maps\\full_authorized_sandbox\\adaptive_anyagok_efficient_v4_20260831', 'class_name': 'TMainForm', 'control_type': 'Window'} last_validation_age_s=1.109000000054948 diagnostic_fast_mode=False
2026-08-31 15:14:59.236 | DEBUG    | winwatt_automation.live_ui.app_connector:get_cached_main_window:566 - DBG_PHASE_TIMING phase=get_cached_main_window elapsed_ms=0.000 reason_code=cache_reused_without_validation
2026-08-31 15:14:59.389 | DEBUG    | winwatt_automation.live_ui.app_connector:get_cached_main_window:565 - DBG_WINWATT_CACHE_GET reason_code=cache_reused_without_validation payload={'wrapper_type': 'UIAWrapper', 'handle': 77989938, 'process_id': 9936, 'title': 'WinWatt gólya - C:\\Users\\Admin\\Documents\\GitHub\\autowinwatt\\winwatt_automation\\data\\runtime_maps\\full_authorized_sandbox\\adaptive_anyagok_efficient_v4_20260831', 'class_name': 'TMainForm', 'control_type': 'Window'} last_validation_age_s=1.2650000000139698 diagnostic_fast_mode=False
2026-08-31 15:14:59.400 | DEBUG    | winwatt_automation.live_ui.app_connector:get_cached_main_window:566 - DBG_PHASE_TIMING phase=get_cached_main_window elapsed_ms=0.000 reason_code=cache_reused_without_validation
2026-08-31 15:14:59.403 | DEBUG    | winwatt_automation.live_ui.app_connector:get_cached_main_window:565 - DBG_WINWATT_CACHE_GET reason_code=cache_reused_without_validation payload={'wrapper_type': 'UIAWrapper', 'handle': 77989938, 'process_id': 9936, 'title': 'WinWatt gólya - C:\\Users\\Admin\\Documents\\GitHub\\autowinwatt\\winwatt_automation\\data\\runtime_maps\\full_authorized_sandbox\\adaptive_anyagok_efficient_v4_20260831', 'class_name': 'TMainForm', 'control_type': 'Window'} last_validation_age_s=1.2650000000139698 diagnostic_fast_mode=False
2026-08-31 15:14:59.403 | DEBUG    | winwatt_automation.live_ui.app_connector:get_cached_main_window:566 - DBG_PHASE_TIMING phase=get_cached_main_window elapsed_ms=0.000 reason_code=cache_reused_without_validation
2026-08-31 15:14:59.877 | INFO     | winwatt_automation.live_ui.menu_helpers:_menu_items:1101 - DBG_MENU_ITEMS_SUMMARY total_items=7 visible_items=7 topbar_band=(0, 0, 392, 53) topbar_band_visible_count=7 popup_region_visible_count=0 force_refresh=True handle=77989938
2026-08-31 15:14:59.877 | DEBUG    | winwatt_automation.live_ui.menu_helpers:_menu_items:1111 - Discovered 7 MenuItem controls
2026-08-31 15:14:59.877 | DEBUG    | winwatt_automation.live_ui.menu_helpers:_log_phase_timing:83 - DBG_PHASE_TIMING phase=_menu_items elapsed_ms=485.000 force_refresh=True total_items=7 visible_items=7
2026-08-31 15:14:59.958 | INFO     | winwatt_automation.live_ui.menu_helpers:list_top_menu_items:1141 - Top-level menu items (raw): ['Rendszer', 'Fájl', 'Jegyzékek', 'Eszközök', 'Beállítások', 'Ablak', 'Súgó']
2026-08-31 15:14:59.969 | DEBUG    | winwatt_automation.live_ui.menu_helpers:_log_phase_timing:83 - DBG_PHASE_TIMING phase=list_top_menu_items elapsed_ms=578.000 count=7
2026-08-31 15:15:00.475 | DEBUG    | winwatt_automation.live_ui.app_connector:get_cached_main_window:565 - DBG_WINWATT_CACHE_GET reason_code=cache_reused_without_validation payload={'wrapper_type': 'UIAWrapper', 'handle': 77989938, 'process_id': 9936, 'title': 'WinWatt gólya - C:\\Users\\Admin\\Documents\\GitHub\\autowinwatt\\winwatt_automation\\data\\runtime_maps\\full_authorized_sandbox\\adaptive_anyagok_efficient_v4_20260831', 'class_name': 'TMainForm', 'control_type': 'Window'} last_validation_age_s=2.3429999999934807 diagnostic_fast_mode=False
2026-08-31 15:15:00.475 | DEBUG    | winwatt_automation.live_ui.app_connector:get_cached_main_window:566 - DBG_PHASE_TIMING phase=get_cached_main_window elapsed_ms=0.000 reason_code=cache_reused_without_validation
2026-08-31 15:15:00.631 | DEBUG    | winwatt_automation.live_ui.app_connector:get_cached_main_window:565 - DBG_WINWATT_CACHE_GET reason_code=cache_reused_without_validation payload={'wrapper_type': 'UIAWrapper', 'handle': 77989938, 'process_id': 9936, 'title': 'WinWatt gólya - C:\\Users\\Admin\\Documents\\GitHub\\autowinwatt\\winwatt_automation\\data\\runtime_maps\\full_authorized_sandbox\\adaptive_anyagok_efficient_v4_20260831', 'class_name': 'TMainForm', 'control_type': 'Window'} last_validation_age_s=2.5 diagnostic_fast_mode=False
2026-08-31 15:15:00.631 | DEBUG    | winwatt_automation.live_ui.app_connector:get_cached_main_window:566 - DBG_PHASE_TIMING phase=get_cached_main_window elapsed_ms=0.000 reason_code=cache_reused_without_validation
2026-08-31 15:15:00.631 | DEBUG    | winwatt_automation.live_ui.app_connector:get_cached_main_window:565 - DBG_WINWATT_CACHE_GET reason_code=cache_reused_without_validation payload={'wrapper_type': 'UIAWrapper', 'handle': 77989938, 'process_id': 9936, 'title': 'WinWatt gólya - C:\\Users\\Admin\\Documents\\GitHub\\autowinwatt\\winwatt_automation\\data\\runtime_maps\\full_authorized_sandbox\\adaptive_anyagok_efficient_v4_20260831', 'class_name': 'TMainForm', 'control_type': 'Window'} last_validation_age_s=2.5 diagnostic_fast_mode=False
2026-08-31 15:15:00.631 | DEBUG    | winwatt_automation.live_ui.app_connector:get_cached_main_window:566 - DBG_PHASE_TIMING phase=get_cached_main_window elapsed_ms=0.000 reason_code=cache_reused_without_validation
2026-08-31 15:15:01.188 | INFO     | winwatt_automation.live_ui.menu_helpers:_menu_items:1101 - DBG_MENU_ITEMS_SUMMARY total_items=7 visible_items=7 topbar_band=(0, 0, 392, 53) topbar_band_visible_count=7 popup_region_visible_count=0 force_refresh=True handle=77989938
2026-08-31 15:15:01.199 | DEBUG    | winwatt_automation.live_ui.menu_helpers:_menu_items:1111 - Discovered 7 MenuItem controls
2026-08-31 15:15:01.199 | DEBUG    | winwatt_automation.live_ui.menu_helpers:_log_phase_timing:83 - DBG_PHASE_TIMING phase=_menu_items elapsed_ms=562.000 force_refresh=True total_items=7 visible_items=7
2026-08-31 15:15:01.260 | INFO     | winwatt_automation.live_ui.menu_helpers:list_top_menu_items:1141 - Top-level menu items (raw): ['Rendszer', 'Fájl', 'Jegyzékek', 'Eszközök', 'Beállítások', 'Ablak', 'Súgó']
2026-08-31 15:15:01.260 | DEBUG    | winwatt_automation.live_ui.menu_helpers:_log_phase_timing:83 - DBG_PHASE_TIMING phase=list_top_menu_items elapsed_ms=625.000 count=7
2026-08-31 15:15:01.777 | DEBUG    | winwatt_automation.live_ui.app_connector:get_cached_main_window:565 - DBG_WINWATT_CACHE_GET reason_code=cache_reused_without_validation payload={'wrapper_type': 'UIAWrapper', 'handle': 77989938, 'process_id': 9936, 'title': 'WinWatt gólya - C:\\Users\\Admin\\Documents\\GitHub\\autowinwatt\\winwatt_automation\\data\\runtime_maps\\full_authorized_sandbox\\adaptive_anyagok_efficient_v4_20260831', 'class_name': 'TMainForm', 'control_type': 'Window'} last_validation_age_s=3.64000000001397 diagnostic_fast_mode=False
2026-08-31 15:15:01.784 | DEBUG    | winwatt_automation.live_ui.app_connector:get_cached_main_window:566 - DBG_PHASE_TIMING phase=get_cached_main_window elapsed_ms=16.000 reason_code=cache_reused_without_validation
2026-08-31 15:15:01.920 | DEBUG    | winwatt_automation.live_ui.app_connector:get_cached_main_window:565 - DBG_WINWATT_CACHE_GET reason_code=cache_reused_without_validation payload={'wrapper_type': 'UIAWrapper', 'handle': 77989938, 'process_id': 9936, 'title': 'WinWatt gólya - C:\\Users\\Admin\\Documents\\GitHub\\autowinwatt\\winwatt_automation\\data\\runtime_maps\\full_authorized_sandbox\\adaptive_anyagok_efficient_v4_20260831', 'class_name': 'TMainForm', 'control_type': 'Window'} last_validation_age_s=3.797000000020489 diagnostic_fast_mode=False
2026-08-31 15:15:01.936 | DEBUG    | winwatt_automation.live_ui.app_connector:get_cached_main_window:566 - DBG_PHASE_TIMING phase=get_cached_main_window elapsed_ms=15.000 reason_code=cache_reused_without_validation
2026-08-31 15:15:01.937 | DEBUG    | winwatt_automation.live_ui.app_connector:get_cached_main_window:565 - DBG_WINWATT_CACHE_GET reason_code=cache_reused_without_validation payload={'wrapper_type': 'UIAWrapper', 'handle': 77989938, 'process_id': 9936, 'title': 'WinWatt gólya - C:\\Users\\Admin\\Documents\\GitHub\\autowinwatt\\winwatt_automation\\data\\runtime_maps\\full_authorized_sandbox\\adaptive_anyagok_efficient_v4_20260831', 'class_name': 'TMainForm', 'control_type': 'Window'} last_validation_age_s=3.812000000034459 diagnostic_fast_mode=False
2026-08-31 15:15:01.937 | DEBUG    | winwatt_automation.live_ui.app_connector:get_cached_main_window:566 - DBG_PHASE_TIMING phase=get_cached_main_window elapsed_ms=0.000 reason_code=cache_reused_without_validation
2026-08-31 15:15:02.454 | INFO     | winwatt_automation.live_ui.menu_helpers:_menu_items:1101 - DBG_MENU_ITEMS_SUMMARY total_items=7 visible_items=7 topbar_band=(0, 0, 392, 53) topbar_band_visible_count=7 popup_region_visible_count=0 force_refresh=True handle=77989938
2026-08-31 15:15:02.454 | DEBUG    | winwatt_automation.live_ui.menu_helpers:_menu_items:1111 - Discovered 7 MenuItem controls
2026-08-31 15:15:02.454 | DEBUG    | winwatt_automation.live_ui.menu_helpers:_log_phase_timing:83 - DBG_PHASE_TIMING phase=_menu_items elapsed_ms=531.000 force_refresh=True total_items=7 visible_items=7
2026-08-31 15:15:02.537 | INFO     | winwatt_automation.live_ui.menu_helpers:list_top_menu_items:1141 - Top-level menu items (raw): ['Rendszer', 'Fájl', 'Jegyzékek', 'Eszközök', 'Beállítások', 'Ablak', 'Súgó']
2026-08-31 15:15:02.537 | DEBUG    | winwatt_automation.live_ui.menu_helpers:_log_phase_timing:83 - DBG_PHASE_TIMING phase=list_top_menu_items elapsed_ms=609.000 count=7
2026-08-31 15:15:03.050 | INFO     | winwatt_automation.live_ui.app_connector:is_winwatt_foreground_context:1161 - DBG_WINWATT_FOREGROUND_CONTEXT expected_handle=77989938 expected_process_id=9936 expected_title=WinWatt gólya - C:\Users\Admin\Documents\GitHub\autowinwatt\winwatt_automation\data\runtime_maps\full_authorized_sandbox\adaptive_anyagok_efficient_v4_20260831 expected_class_name=TMainForm actual_foreground_handle=77989938 actual_foreground_process_id=9936 actual_foreground_title=WinWatt gólya - C:\Users\Admin\Documents\GitHub\autowinwatt\winwatt_automation\data\runtime_maps\full_authorized_sandbox\adaptive_anyagok_efficient_v4_20260831 actual_foreground_class_name=TMainForm allow_dialog=True result_reason=handle_match
2026-08-31 15:15:03.065 | INFO     | winwatt_automation.live_ui.app_connector:_cached_window_health_status:489 - DBG_WINWATT_CACHE_HEALTH reason_code=healthy payload={'wrapper_type': 'UIAWrapper', 'handle': 77989938, 'process_id': 9936, 'title': 'WinWatt gólya - C:\\Users\\Admin\\Documents\\GitHub\\autowinwatt\\winwatt_automation\\data\\runtime_maps\\full_authorized_sandbox\\adaptive_anyagok_efficient_v4_20260831', 'class_name': 'TMainForm', 'control_type': 'Window'}
2026-08-31 15:15:03.068 | DEBUG    | winwatt_automation.live_ui.app_connector:get_cached_main_window:574 - DBG_WINWATT_CACHE_GET reason_code=cache_validated_ok payload={'wrapper_type': 'UIAWrapper', 'handle': 77989938, 'process_id': 9936, 'title': 'WinWatt gólya - C:\\Users\\Admin\\Documents\\GitHub\\autowinwatt\\winwatt_automation\\data\\runtime_maps\\full_authorized_sandbox\\adaptive_anyagok_efficient_v4_20260831', 'class_name': 'TMainForm', 'control_type': 'Window'} last_validation_age_s=4.922000000020489 diagnostic_fast_mode=False
2026-08-31 15:15:03.069 | DEBUG    | winwatt_automation.live_ui.app_connector:get_cached_main_window:575 - DBG_PHASE_TIMING phase=get_cached_main_window elapsed_ms=15.000 reason_code=cache_validated_ok
2026-08-31 15:15:22.724 | INFO     | winwatt_automation.live_ui.app_connector:get_cached_main_window:597 - DBG_WINWATT_CACHE_GET reason_code=cache_missing_resolving_fresh diagnostic_fast_mode=False
2026-08-31 15:15:23.016 | DEBUG    | winwatt_automation.live_ui.app_connector:list_candidate_windows:180 - Discovered 0 WinWatt-like windows on backend=win32
2026-08-31 15:15:23.018 | INFO     | winwatt_automation.live_ui.app_connector:_connect_with_win32_handle:276 - DBG_WINWATT_CONNECT_WIN32_CANDIDATES locator=backend=win32 ranked_candidates=[] 
2026-08-31 15:15:23.018 | WARNING  | winwatt_automation.runtime_mapping.program_mapper:_safe_capture_snapshot:191 - snapshot_capture_failed state_id=startup_after_relaunch error=No WinWatt-like windows were found
2026-08-31 15:15:23.521 | INFO     | winwatt_automation.live_ui.app_connector:get_cached_main_window:597 - DBG_WINWATT_CACHE_GET reason_code=cache_missing_resolving_fresh diagnostic_fast_mode=False
2026-08-31 15:15:26.219 | DEBUG    | winwatt_automation.live_ui.app_connector:list_candidate_windows:180 - Discovered 0 WinWatt-like windows on backend=win32
2026-08-31 15:15:26.232 | INFO     | winwatt_automation.live_ui.app_connector:_connect_with_win32_handle:276 - DBG_WINWATT_CONNECT_WIN32_CANDIDATES locator=backend=win32 ranked_candidates=[] 
2026-08-31 15:15:26.232 | WARNING  | winwatt_automation.runtime_mapping.program_mapper:_safe_capture_snapshot:191 - snapshot_capture_failed state_id=startup_after_relaunch error=No WinWatt-like windows were found
2026-08-31 15:15:26.733 | INFO     | winwatt_automation.live_ui.app_connector:get_cached_main_window:597 - DBG_WINWATT_CACHE_GET reason_code=cache_missing_resolving_fresh diagnostic_fast_mode=False
2026-08-31 15:15:27.808 | DEBUG    | winwatt_automation.live_ui.app_connector:list_candidate_windows:180 - Discovered 0 WinWatt-like windows on backend=win32
2026-08-31 15:15:27.808 | INFO     | winwatt_automation.live_ui.app_connector:_connect_with_win32_handle:276 - DBG_WINWATT_CONNECT_WIN32_CANDIDATES locator=backend=win32 ranked_candidates=[] 
2026-08-31 15:15:27.808 | WARNING  | winwatt_automation.runtime_mapping.program_mapper:_safe_capture_snapshot:191 - snapshot_capture_failed state_id=startup_after_relaunch error=No WinWatt-like windows were found
2026-08-31 15:15:28.323 | INFO     | winwatt_automation.live_ui.app_connector:get_cached_main_window:597 - DBG_WINWATT_CACHE_GET reason_code=cache_missing_resolving_fresh diagnostic_fast_mode=False
2026-08-31 15:15:28.389 | DEBUG    | winwatt_automation.live_ui.app_connector:list_candidate_windows:180 - Discovered 0 WinWatt-like windows on backend=win32
2026-08-31 15:15:28.405 | INFO     | winwatt_automation.live_ui.app_connector:_connect_with_win32_handle:276 - DBG_WINWATT_CONNECT_WIN32_CANDIDATES locator=backend=win32 ranked_candidates=[] 
2026-08-31 15:15:28.405 | WARNING  | winwatt_automation.runtime_mapping.program_mapper:_safe_capture_snapshot:191 - snapshot_capture_failed state_id=startup_after_relaunch error=No WinWatt-like windows were found
2026-08-31 15:15:28.907 | INFO     | winwatt_automation.live_ui.app_connector:get_cached_main_window:597 - DBG_WINWATT_CACHE_GET reason_code=cache_missing_resolving_fresh diagnostic_fast_mode=False
2026-08-31 15:15:28.974 | DEBUG    | winwatt_automation.live_ui.app_connector:list_candidate_windows:180 - Discovered 0 WinWatt-like windows on backend=win32
2026-08-31 15:15:28.990 | INFO     | winwatt_automation.live_ui.app_connector:_connect_with_win32_handle:276 - DBG_WINWATT_CONNECT_WIN32_CANDIDATES locator=backend=win32 ranked_candidates=[] 
2026-08-31 15:15:28.990 | WARNING  | winwatt_automation.runtime_mapping.program_mapper:_safe_capture_snapshot:191 - snapshot_capture_failed state_id=startup_after_relaunch error=No WinWatt-like windows were found
2026-08-31 15:15:29.494 | INFO     | winwatt_automation.live_ui.app_connector:get_cached_main_window:597 - DBG_WINWATT_CACHE_GET reason_code=cache_missing_resolving_fresh diagnostic_fast_mode=False
2026-08-31 15:15:29.593 | DEBUG    | winwatt_automation.live_ui.app_connector:list_candidate_windows:180 - Discovered 0 WinWatt-like windows on backend=win32
2026-08-31 15:15:29.593 | INFO     | winwatt_automation.live_ui.app_connector:_connect_with_win32_handle:276 - DBG_WINWATT_CONNECT_WIN32_CANDIDATES locator=backend=win32 ranked_candidates=[] 
2026-08-31 15:15:29.600 | WARNING  | winwatt_automation.runtime_mapping.program_mapper:_safe_capture_snapshot:191 - snapshot_capture_failed state_id=startup_after_relaunch error=No WinWatt-like windows were found
2026-08-31 15:15:30.101 | INFO     | winwatt_automation.live_ui.app_connector:get_cached_main_window:597 - DBG_WINWATT_CACHE_GET reason_code=cache_missing_resolving_fresh diagnostic_fast_mode=False
2026-08-31 15:15:30.168 | DEBUG    | winwatt_automation.live_ui.app_connector:list_candidate_windows:180 - Discovered 0 WinWatt-like windows on backend=win32
2026-08-31 15:15:30.168 | INFO     | winwatt_automation.live_ui.app_connector:_connect_with_win32_handle:276 - DBG_WINWATT_CONNECT_WIN32_CANDIDATES locator=backend=win32 ranked_candidates=[] 
2026-08-31 15:15:30.168 | WARNING  | winwatt_automation.runtime_mapping.program_mapper:_safe_capture_snapshot:191 - snapshot_capture_failed state_id=startup_after_relaunch error=No WinWatt-like windows were found
2026-08-31 15:15:30.677 | INFO     | winwatt_automation.live_ui.app_connector:get_cached_main_window:597 - DBG_WINWATT_CACHE_GET reason_code=cache_missing_resolving_fresh diagnostic_fast_mode=False
2026-08-31 15:15:30.739 | DEBUG    | winwatt_automation.live_ui.app_connector:list_candidate_windows:180 - Discovered 0 WinWatt-like windows on backend=win32
2026-08-31 15:15:30.739 | INFO     | winwatt_automation.live_ui.app_connector:_connect_with_win32_handle:276 - DBG_WINWATT_CONNECT_WIN32_CANDIDATES locator=backend=win32 ranked_candidates=[] 
2026-08-31 15:15:30.755 | WARNING  | winwatt_automation.runtime_mapping.program_mapper:_safe_capture_snapshot:191 - snapshot_capture_failed state_id=startup_after_relaunch error=No WinWatt-like windows were found
2026-08-31 15:15:31.256 | INFO     | winwatt_automation.live_ui.app_connector:get_cached_main_window:597 - DBG_WINWATT_CACHE_GET reason_code=cache_missing_resolving_fresh diagnostic_fast_mode=False
2026-08-31 15:15:31.320 | DEBUG    | winwatt_automation.live_ui.app_connector:list_candidate_windows:180 - Discovered 0 WinWatt-like windows on backend=win32
2026-08-31 15:15:31.334 | INFO     | winwatt_automation.live_ui.app_connector:_connect_with_win32_handle:276 - DBG_WINWATT_CONNECT_WIN32_CANDIDATES locator=backend=win32 ranked_candidates=[] 
2026-08-31 15:15:31.334 | WARNING  | winwatt_automation.runtime_mapping.program_mapper:_safe_capture_snapshot:191 - snapshot_capture_failed state_id=startup_after_relaunch error=No WinWatt-like windows were found
2026-08-31 15:15:31.837 | INFO     | winwatt_automation.live_ui.app_connector:get_cached_main_window:597 - DBG_WINWATT_CACHE_GET reason_code=cache_missing_resolving_fresh diagnostic_fast_mode=False
2026-08-31 15:15:31.915 | DEBUG    | winwatt_automation.live_ui.app_connector:list_candidate_windows:180 - Discovered 0 WinWatt-like windows on backend=win32
2026-08-31 15:15:31.924 | INFO     | winwatt_automation.live_ui.app_connector:_connect_with_win32_handle:276 - DBG_WINWATT_CONNECT_WIN32_CANDIDATES locator=backend=win32 ranked_candidates=[] 
2026-08-31 15:15:31.925 | WARNING  | winwatt_automation.runtime_mapping.program_mapper:_safe_capture_snapshot:191 - snapshot_capture_failed state_id=startup_after_relaunch error=No WinWatt-like windows were found
2026-08-31 15:15:32.426 | INFO     | winwatt_automation.live_ui.app_connector:get_cached_main_window:597 - DBG_WINWATT_CACHE_GET reason_code=cache_missing_resolving_fresh diagnostic_fast_mode=False
2026-08-31 15:15:32.503 | DEBUG    | winwatt_automation.live_ui.app_connector:list_candidate_windows:180 - Discovered 0 WinWatt-like windows on backend=win32
2026-08-31 15:15:32.503 | INFO     | winwatt_automation.live_ui.app_connector:_connect_with_win32_handle:276 - DBG_WINWATT_CONNECT_WIN32_CANDIDATES locator=backend=win32 ranked_candidates=[] 
2026-08-31 15:15:32.503 | WARNING  | winwatt_automation.runtime_mapping.program_mapper:_safe_capture_snapshot:191 - snapshot_capture_failed state_id=startup_after_relaunch error=No WinWatt-like windows were found
2026-08-31 15:15:33.013 | INFO     | winwatt_automation.live_ui.app_connector:get_cached_main_window:597 - DBG_WINWATT_CACHE_GET reason_code=cache_missing_resolving_fresh diagnostic_fast_mode=False
2026-08-31 15:15:33.141 | DEBUG    | winwatt_automation.live_ui.app_connector:list_candidate_windows:180 - Discovered 0 WinWatt-like windows on backend=win32
2026-08-31 15:15:33.141 | INFO     | winwatt_automation.live_ui.app_connector:_connect_with_win32_handle:276 - DBG_WINWATT_CONNECT_WIN32_CANDIDATES locator=backend=win32 ranked_candidates=[] 
2026-08-31 15:15:33.141 | WARNING  | winwatt_automation.runtime_mapping.program_mapper:_safe_capture_snapshot:191 - snapshot_capture_failed state_id=startup_after_relaunch error=No WinWatt-like windows were found
2026-08-31 15:15:33.647 | INFO     | winwatt_automation.live_ui.app_connector:get_cached_main_window:597 - DBG_WINWATT_CACHE_GET reason_code=cache_missing_resolving_fresh diagnostic_fast_mode=False
2026-08-31 15:15:33.740 | DEBUG    | winwatt_automation.live_ui.app_connector:list_candidate_windows:180 - Discovered 0 WinWatt-like windows on backend=win32
2026-08-31 15:15:33.740 | INFO     | winwatt_automation.live_ui.app_connector:_connect_with_win32_handle:276 - DBG_WINWATT_CONNECT_WIN32_CANDIDATES locator=backend=win32 ranked_candidates=[] 
2026-08-31 15:15:33.740 | WARNING  | winwatt_automation.runtime_mapping.program_mapper:_safe_capture_snapshot:191 - snapshot_capture_failed state_id=startup_after_relaunch error=No WinWatt-like windows were found
2026-08-31 15:15:34.242 | INFO     | winwatt_automation.live_ui.app_connector:get_cached_main_window:597 - DBG_WINWATT_CACHE_GET reason_code=cache_missing_resolving_fresh diagnostic_fast_mode=False
2026-08-31 15:15:34.411 | DEBUG    | winwatt_automation.live_ui.app_connector:list_candidate_windows:180 - Discovered 0 WinWatt-like windows on backend=win32
2026-08-31 15:15:34.411 | INFO     | winwatt_automation.live_ui.app_connector:_connect_with_win32_handle:276 - DBG_WINWATT_CONNECT_WIN32_CANDIDATES locator=backend=win32 ranked_candidates=[] 
2026-08-31 15:15:34.425 | WARNING  | winwatt_automation.runtime_mapping.program_mapper:_safe_capture_snapshot:191 - snapshot_capture_failed state_id=startup_after_relaunch error=No WinWatt-like windows were found
2026-08-31 15:15:34.928 | INFO     | winwatt_automation.live_ui.app_connector:get_cached_main_window:597 - DBG_WINWATT_CACHE_GET reason_code=cache_missing_resolving_fresh diagnostic_fast_mode=False
2026-08-31 15:15:35.044 | DEBUG    | winwatt_automation.live_ui.app_connector:list_candidate_windows:180 - Discovered 1 WinWatt-like windows on backend=win32
2026-08-31 15:15:35.044 | DEBUG    | winwatt_automation.live_ui.app_connector:list_candidate_windows:182 - Candidate[win32]: {'title': 'WinWatt gólya - C:\\Users\\Admin\\Documents\\GitHub\\autowinwatt\\winwatt_automation\\data\\runtime_maps\\full_authorized_sandbox\\adaptive_anyagok_efficient_v4_20260831', 'window_text': 'WinWatt gólya - C:\\Users\\Admin\\Documents\\GitHub\\autowinwatt\\winwatt_automation\\data\\runtime_maps\\full_authorized_sandbox\\adaptive_anyagok_efficient_v4_20260831', 'class_name': 'TMainForm', 'control_type': None, 'process_id': 9764, 'handle': None, 'is_visible': True, 'is_enabled': True, 'rectangle': {'left': -10, 'top': -10, 'right': 1930, 'bottom': 1030, 'width': 1940, 'height': 1040}, 'size': {'width': 1940, 'height': 1040}}
2026-08-31 15:15:35.044 | INFO     | winwatt_automation.live_ui.app_connector:_connect_with_win32_handle:276 - DBG_WINWATT_CONNECT_WIN32_CANDIDATES locator=backend=win32 ranked_candidates=[{'rank': 1, 'score': (1, 1, 1, 1, 2017600), 'process_id': 9764, 'handle': None, 'class_name': 'TMainForm', 'title': 'WinWatt gólya - C:\\Users\\Admin\\Documents\\GitHub\\autowinwatt\\winwatt_automation\\data\\runtime_maps\\full_authorized_sandbox\\adaptive_anyagok_efficient_v4_20260831', 'visible': True, 'enabled': True}] 
2026-08-31 15:15:35.044 | INFO     | winwatt_automation.live_ui.app_connector:select_main_window:224 - Candidate ranking score=(1, 1, 1, 1, 2017600) data={'title': 'WinWatt gólya - C:\\Users\\Admin\\Documents\\GitHub\\autowinwatt\\winwatt_automation\\data\\runtime_maps\\full_authorized_sandbox\\adaptive_anyagok_efficient_v4_20260831', 'window_text': 'WinWatt gólya - C:\\Users\\Admin\\Documents\\GitHub\\autowinwatt\\winwatt_automation\\data\\runtime_maps\\full_authorized_sandbox\\adaptive_anyagok_efficient_v4_20260831', 'class_name': 'TMainForm', 'control_type': None, 'process_id': 9764, 'handle': None, 'is_visible': True, 'is_enabled': True, 'rectangle': {'left': -10, 'top': -10, 'right': 1930, 'bottom': 1030, 'width': 1940, 'height': 1040}, 'size': {'width': 1940, 'height': 1040}}
2026-08-31 15:15:35.044 | INFO     | winwatt_automation.live_ui.app_connector:select_main_window:234 - Selected main window process_id=9764 handle=None score=(1, 1, 1, 1, 2017600) reasons=['has_process_id=True', 'has_handle=False', 'visible=True', 'enabled=True', 'title_has_winwatt=True', 'area=2017600']
2026-08-31 15:15:35.044 | INFO     | winwatt_automation.live_ui.app_connector:_connect_with_win32_handle:293 - DBG_WINWATT_CONNECT_WIN32_SELECTED selected_payload={'title': 'WinWatt gólya - C:\\Users\\Admin\\Documents\\GitHub\\autowinwatt\\winwatt_automation\\data\\runtime_maps\\full_authorized_sandbox\\adaptive_anyagok_efficient_v4_20260831', 'window_text': 'WinWatt gólya - C:\\Users\\Admin\\Documents\\GitHub\\autowinwatt\\winwatt_automation\\data\\runtime_maps\\full_authorized_sandbox\\adaptive_anyagok_efficient_v4_20260831', 'class_name': 'TMainForm', 'control_type': None, 'process_id': 9764, 'handle': None, 'is_visible': True, 'is_enabled': True, 'rectangle': {'left': -10, 'top': -10, 'right': 1930, 'bottom': 1030, 'width': 1940, 'height': 1040}, 'size': {'width': 1940, 'height': 1040}} selected_handle_is_none=True
2026-08-31 15:15:35.044 | INFO     | winwatt_automation.live_ui.app_connector:_connect_with_win32_handle:336 - Connected to WinWatt backend=win32 attach_mode=process candidate={'process_id': 9764, 'handle': None, 'class_name': 'TMainForm', 'title': 'WinWatt gólya - C:\\Users\\Admin\\Documents\\GitHub\\autowinwatt\\winwatt_automation\\data\\runtime_maps\\full_authorized_sandbox\\adaptive_anyagok_efficient_v4_20260831'}
2026-08-31 15:15:35.059 | INFO     | winwatt_automation.live_ui.app_connector:_connect_with_win32_handle:350 - DBG_WINWATT_CONNECT_WIN32_RESOLVED process_id=9764 resolved_handle=None selected_payload={'title': 'WinWatt gólya - C:\\Users\\Admin\\Documents\\GitHub\\autowinwatt\\winwatt_automation\\data\\runtime_maps\\full_authorized_sandbox\\adaptive_anyagok_efficient_v4_20260831', 'window_text': 'WinWatt gólya - C:\\Users\\Admin\\Documents\\GitHub\\autowinwatt\\winwatt_automation\\data\\runtime_maps\\full_authorized_sandbox\\adaptive_anyagok_efficient_v4_20260831', 'class_name': 'TMainForm', 'control_type': None, 'process_id': 9764, 'handle': None, 'is_visible': True, 'is_enabled': True, 'rectangle': {'left': -10, 'top': -10, 'right': 1930, 'bottom': 1030, 'width': 1940, 'height': 1040}, 'size': {'width': 1940, 'height': 1040}}
2026-08-31 15:15:35.059 | INFO     | winwatt_automation.live_ui.app_connector:_resolve_uia_main_window:382 - DBG_WINWATT_RESOLVE_UIA_WIN32_SELECTED selected_payload={'title': 'WinWatt gólya - C:\\Users\\Admin\\Documents\\GitHub\\autowinwatt\\winwatt_automation\\data\\runtime_maps\\full_authorized_sandbox\\adaptive_anyagok_efficient_v4_20260831', 'window_text': 'WinWatt gólya - C:\\Users\\Admin\\Documents\\GitHub\\autowinwatt\\winwatt_automation\\data\\runtime_maps\\full_authorized_sandbox\\adaptive_anyagok_efficient_v4_20260831', 'class_name': 'TMainForm', 'control_type': None, 'process_id': 9764, 'handle': None, 'is_visible': True, 'is_enabled': True, 'rectangle': {'left': -10, 'top': -10, 'right': 1930, 'bottom': 1030, 'width': 1940, 'height': 1040}, 'size': {'width': 1940, 'height': 1040}}
2026-08-31 15:15:35.059 | INFO     | winwatt_automation.live_ui.app_connector:_resolve_uia_main_window:388 - Connected to WinWatt backend=uia process_id=9764
2026-08-31 15:15:35.061 | INFO     | winwatt_automation.live_ui.app_connector:_resolve_uia_main_window:390 - Resolving main WinWatt window backend=uia class_name=TMainForm title_re=.*WinWatt.*
2026-08-31 15:15:35.428 | INFO     | winwatt_automation.live_ui.app_connector:_resolve_uia_main_window:400 - DBG_WINWATT_RESOLVE_UIA_PRIMARY selected_payload={'title': 'WinWatt gólya - C:\\Users\\Admin\\Documents\\GitHub\\autowinwatt\\winwatt_automation\\data\\runtime_maps\\full_authorized_sandbox\\adaptive_anyagok_efficient_v4_20260831', 'window_text': 'WinWatt gólya - C:\\Users\\Admin\\Documents\\GitHub\\autowinwatt\\winwatt_automation\\data\\runtime_maps\\full_authorized_sandbox\\adaptive_anyagok_efficient_v4_20260831', 'class_name': 'TMainForm', 'control_type': None, 'process_id': 9764, 'handle': None, 'is_visible': True, 'is_enabled': True, 'rectangle': {'left': -10, 'top': -10, 'right': 1930, 'bottom': 1030, 'width': 1940, 'height': 1040}, 'size': {'width': 1940, 'height': 1040}} primary_result={'wrapper_type': 'UIAWrapper', 'handle': 84478006, 'process_id': 9764, 'title': 'WinWatt gólya - C:\\Users\\Admin\\Documents\\GitHub\\autowinwatt\\winwatt_automation\\data\\runtime_maps\\full_authorized_sandbox\\adaptive_anyagok_efficient_v4_20260831', 'class_name': 'TMainForm', 'control_type': 'Window'} identity_match_with_win32=None
2026-08-31 15:15:35.428 | DEBUG    | winwatt_automation.live_ui.app_connector:get_cached_main_window:606 - DBG_PHASE_TIMING phase=get_cached_main_window elapsed_ms=500.000 reason_code=fresh_resolve
2026-08-31 15:15:35.626 | DEBUG    | winwatt_automation.live_ui.app_connector:get_cached_main_window:565 - DBG_WINWATT_CACHE_GET reason_code=cache_reused_without_validation payload={'wrapper_type': 'UIAWrapper', 'handle': 84478006, 'process_id': 9764, 'title': 'WinWatt gólya - C:\\Users\\Admin\\Documents\\GitHub\\autowinwatt\\winwatt_automation\\data\\runtime_maps\\full_authorized_sandbox\\adaptive_anyagok_efficient_v4_20260831', 'class_name': 'TMainForm', 'control_type': 'Window'} last_validation_age_s=0.2029999999795109 diagnostic_fast_mode=False
2026-08-31 15:15:35.634 | DEBUG    | winwatt_automation.live_ui.app_connector:get_cached_main_window:566 - DBG_PHASE_TIMING phase=get_cached_main_window elapsed_ms=0.000 reason_code=cache_reused_without_validation
2026-08-31 15:15:35.638 | DEBUG    | winwatt_automation.live_ui.app_connector:get_cached_main_window:565 - DBG_WINWATT_CACHE_GET reason_code=cache_reused_without_validation payload={'wrapper_type': 'UIAWrapper', 'handle': 84478006, 'process_id': 9764, 'title': 'WinWatt gólya - C:\\Users\\Admin\\Documents\\GitHub\\autowinwatt\\winwatt_automation\\data\\runtime_maps\\full_authorized_sandbox\\adaptive_anyagok_efficient_v4_20260831', 'class_name': 'TMainForm', 'control_type': 'Window'} last_validation_age_s=0.2029999999795109 diagnostic_fast_mode=False
2026-08-31 15:15:35.638 | DEBUG    | winwatt_automation.live_ui.app_connector:get_cached_main_window:566 - DBG_PHASE_TIMING phase=get_cached_main_window elapsed_ms=15.000 reason_code=cache_reused_without_validation
2026-08-31 15:15:36.183 | INFO     | winwatt_automation.live_ui.menu_helpers:_menu_items:1101 - DBG_MENU_ITEMS_SUMMARY total_items=7 visible_items=7 topbar_band=(0, 0, 392, 53) topbar_band_visible_count=7 popup_region_visible_count=0 force_refresh=True handle=84478006
2026-08-31 15:15:36.188 | DEBUG    | winwatt_automation.live_ui.menu_helpers:_menu_items:1111 - Discovered 7 MenuItem controls
2026-08-31 15:15:36.188 | DEBUG    | winwatt_automation.live_ui.menu_helpers:_log_phase_timing:83 - DBG_PHASE_TIMING phase=_menu_items elapsed_ms=562.000 force_refresh=True total_items=7 visible_items=7
2026-08-31 15:15:36.268 | INFO     | winwatt_automation.live_ui.menu_helpers:list_top_menu_items:1141 - Top-level menu items (raw): ['Rendszer', 'Fájl', 'Jegyzékek', 'Eszközök', 'Beállítások', 'Ablak', 'Súgó']
2026-08-31 15:15:36.268 | DEBUG    | winwatt_automation.live_ui.menu_helpers:_log_phase_timing:83 - DBG_PHASE_TIMING phase=list_top_menu_items elapsed_ms=640.000 count=7
2026-08-31 15:15:36.771 | DEBUG    | winwatt_automation.live_ui.app_connector:get_cached_main_window:565 - DBG_WINWATT_CACHE_GET reason_code=cache_reused_without_validation payload={'wrapper_type': 'UIAWrapper', 'handle': 84478006, 'process_id': 9764, 'title': 'WinWatt gólya - C:\\Users\\Admin\\Documents\\GitHub\\autowinwatt\\winwatt_automation\\data\\runtime_maps\\full_authorized_sandbox\\adaptive_anyagok_efficient_v4_20260831', 'class_name': 'TMainForm', 'control_type': 'Window'} last_validation_age_s=1.3429999999934807 diagnostic_fast_mode=False
2026-08-31 15:15:36.771 | DEBUG    | winwatt_automation.live_ui.app_connector:get_cached_main_window:566 - DBG_PHASE_TIMING phase=get_cached_main_window elapsed_ms=0.000 reason_code=cache_reused_without_validation
2026-08-31 15:15:36.947 | DEBUG    | winwatt_automation.live_ui.app_connector:get_cached_main_window:565 - DBG_WINWATT_CACHE_GET reason_code=cache_reused_without_validation payload={'wrapper_type': 'UIAWrapper', 'handle': 84478006, 'process_id': 9764, 'title': 'WinWatt gólya - C:\\Users\\Admin\\Documents\\GitHub\\autowinwatt\\winwatt_automation\\data\\runtime_maps\\full_authorized_sandbox\\adaptive_anyagok_efficient_v4_20260831', 'class_name': 'TMainForm', 'control_type': 'Window'} last_validation_age_s=1.5150000000139698 diagnostic_fast_mode=False
2026-08-31 15:15:36.951 | DEBUG    | winwatt_automation.live_ui.app_connector:get_cached_main_window:566 - DBG_PHASE_TIMING phase=get_cached_main_window elapsed_ms=16.000 reason_code=cache_reused_without_validation
2026-08-31 15:15:36.955 | DEBUG    | winwatt_automation.live_ui.app_connector:get_cached_main_window:565 - DBG_WINWATT_CACHE_GET reason_code=cache_reused_without_validation payload={'wrapper_type': 'UIAWrapper', 'handle': 84478006, 'process_id': 9764, 'title': 'WinWatt gólya - C:\\Users\\Admin\\Documents\\GitHub\\autowinwatt\\winwatt_automation\\data\\runtime_maps\\full_authorized_sandbox\\adaptive_anyagok_efficient_v4_20260831', 'class_name': 'TMainForm', 'control_type': 'Window'} last_validation_age_s=1.5309999999590218 diagnostic_fast_mode=False
2026-08-31 15:15:36.956 | DEBUG    | winwatt_automation.live_ui.app_connector:get_cached_main_window:566 - DBG_PHASE_TIMING phase=get_cached_main_window elapsed_ms=0.000 reason_code=cache_reused_without_validation
2026-08-31 15:15:37.464 | INFO     | winwatt_automation.live_ui.menu_helpers:_menu_items:1101 - DBG_MENU_ITEMS_SUMMARY total_items=7 visible_items=7 topbar_band=(0, 0, 392, 53) topbar_band_visible_count=7 popup_region_visible_count=0 force_refresh=True handle=84478006
2026-08-31 15:15:37.475 | DEBUG    | winwatt_automation.live_ui.menu_helpers:_menu_items:1111 - Discovered 7 MenuItem controls
2026-08-31 15:15:37.476 | DEBUG    | winwatt_automation.live_ui.menu_helpers:_log_phase_timing:83 - DBG_PHASE_TIMING phase=_menu_items elapsed_ms=531.000 force_refresh=True total_items=7 visible_items=7
2026-08-31 15:15:37.545 | INFO     | winwatt_automation.live_ui.menu_helpers:list_top_menu_items:1141 - Top-level menu items (raw): ['Rendszer', 'Fájl', 'Jegyzékek', 'Eszközök', 'Beállítások', 'Ablak', 'Súgó']
2026-08-31 15:15:37.545 | DEBUG    | winwatt_automation.live_ui.menu_helpers:_log_phase_timing:83 - DBG_PHASE_TIMING phase=list_top_menu_items elapsed_ms=610.000 count=7
2026-08-31 15:15:38.059 | DEBUG    | winwatt_automation.live_ui.app_connector:get_cached_main_window:565 - DBG_WINWATT_CACHE_GET reason_code=cache_reused_without_validation payload={'wrapper_type': 'UIAWrapper', 'handle': 84478006, 'process_id': 9764, 'title': 'WinWatt gólya - C:\\Users\\Admin\\Documents\\GitHub\\autowinwatt\\winwatt_automation\\data\\runtime_maps\\full_authorized_sandbox\\adaptive_anyagok_efficient_v4_20260831', 'class_name': 'TMainForm', 'control_type': 'Window'} last_validation_age_s=2.625 diagnostic_fast_mode=False
2026-08-31 15:15:38.059 | DEBUG    | winwatt_automation.live_ui.app_connector:get_cached_main_window:566 - DBG_PHASE_TIMING phase=get_cached_main_window elapsed_ms=0.000 reason_code=cache_reused_without_validation
2026-08-31 15:15:38.200 | DEBUG    | winwatt_automation.live_ui.app_connector:get_cached_main_window:565 - DBG_WINWATT_CACHE_GET reason_code=cache_reused_without_validation payload={'wrapper_type': 'UIAWrapper', 'handle': 84478006, 'process_id': 9764, 'title': 'WinWatt gólya - C:\\Users\\Admin\\Documents\\GitHub\\autowinwatt\\winwatt_automation\\data\\runtime_maps\\full_authorized_sandbox\\adaptive_anyagok_efficient_v4_20260831', 'class_name': 'TMainForm', 'control_type': 'Window'} last_validation_age_s=2.780999999959022 diagnostic_fast_mode=False
2026-08-31 15:15:38.217 | DEBUG    | winwatt_automation.live_ui.app_connector:get_cached_main_window:566 - DBG_PHASE_TIMING phase=get_cached_main_window elapsed_ms=15.000 reason_code=cache_reused_without_validation
2026-08-31 15:15:38.217 | DEBUG    | winwatt_automation.live_ui.app_connector:get_cached_main_window:565 - DBG_WINWATT_CACHE_GET reason_code=cache_reused_without_validation payload={'wrapper_type': 'UIAWrapper', 'handle': 84478006, 'process_id': 9764, 'title': 'WinWatt gólya - C:\\Users\\Admin\\Documents\\GitHub\\autowinwatt\\winwatt_automation\\data\\runtime_maps\\full_authorized_sandbox\\adaptive_anyagok_efficient_v4_20260831', 'class_name': 'TMainForm', 'control_type': 'Window'} last_validation_age_s=2.7959999999729916 diagnostic_fast_mode=False
2026-08-31 15:15:38.217 | DEBUG    | winwatt_automation.live_ui.app_connector:get_cached_main_window:566 - DBG_PHASE_TIMING phase=get_cached_main_window elapsed_ms=0.000 reason_code=cache_reused_without_validation
2026-08-31 15:15:38.703 | INFO     | winwatt_automation.live_ui.menu_helpers:_menu_items:1101 - DBG_MENU_ITEMS_SUMMARY total_items=7 visible_items=7 topbar_band=(0, 0, 392, 53) topbar_band_visible_count=7 popup_region_visible_count=0 force_refresh=True handle=84478006
2026-08-31 15:15:38.719 | DEBUG    | winwatt_automation.live_ui.menu_helpers:_menu_items:1111 - Discovered 7 MenuItem controls
2026-08-31 15:15:38.719 | DEBUG    | winwatt_automation.live_ui.menu_helpers:_log_phase_timing:83 - DBG_PHASE_TIMING phase=_menu_items elapsed_ms=515.000 force_refresh=True total_items=7 visible_items=7
2026-08-31 15:15:38.803 | INFO     | winwatt_automation.live_ui.menu_helpers:list_top_menu_items:1141 - Top-level menu items (raw): ['Rendszer', 'Fájl', 'Jegyzékek', 'Eszközök', 'Beállítások', 'Ablak', 'Súgó']
2026-08-31 15:15:38.812 | DEBUG    | winwatt_automation.live_ui.menu_helpers:_log_phase_timing:83 - DBG_PHASE_TIMING phase=list_top_menu_items elapsed_ms=609.000 count=7
2026-08-31 15:15:39.319 | DEBUG    | winwatt_automation.live_ui.app_connector:get_cached_main_window:565 - DBG_WINWATT_CACHE_GET reason_code=cache_reused_without_validation payload={'wrapper_type': 'UIAWrapper', 'handle': 84478006, 'process_id': 9764, 'title': 'WinWatt gólya - C:\\Users\\Admin\\Documents\\GitHub\\autowinwatt\\winwatt_automation\\data\\runtime_maps\\full_authorized_sandbox\\adaptive_anyagok_efficient_v4_20260831', 'class_name': 'TMainForm', 'control_type': 'Window'} last_validation_age_s=3.89000000001397 diagnostic_fast_mode=False
2026-08-31 15:15:39.323 | DEBUG    | winwatt_automation.live_ui.app_connector:get_cached_main_window:566 - DBG_PHASE_TIMING phase=get_cached_main_window elapsed_ms=0.000 reason_code=cache_reused_without_validation
2026-08-31 15:15:39.483 | INFO     | winwatt_automation.live_ui.app_connector:is_winwatt_foreground_context:1161 - DBG_WINWATT_FOREGROUND_CONTEXT expected_handle=84478006 expected_process_id=9764 expected_title=WinWatt gólya - C:\Users\Admin\Documents\GitHub\autowinwatt\winwatt_automation\data\runtime_maps\full_authorized_sandbox\adaptive_anyagok_efficient_v4_20260831 expected_class_name=TMainForm actual_foreground_handle=84478006 actual_foreground_process_id=9764 actual_foreground_title=WinWatt gólya - C:\Users\Admin\Documents\GitHub\autowinwatt\winwatt_automation\data\runtime_maps\full_authorized_sandbox\adaptive_anyagok_efficient_v4_20260831 actual_foreground_class_name=TMainForm allow_dialog=True result_reason=handle_match
2026-08-31 15:15:39.486 | INFO     | winwatt_automation.live_ui.app_connector:_cached_window_health_status:489 - DBG_WINWATT_CACHE_HEALTH reason_code=healthy payload={'wrapper_type': 'UIAWrapper', 'handle': 84478006, 'process_id': 9764, 'title': 'WinWatt gólya - C:\\Users\\Admin\\Documents\\GitHub\\autowinwatt\\winwatt_automation\\data\\runtime_maps\\full_authorized_sandbox\\adaptive_anyagok_efficient_v4_20260831', 'class_name': 'TMainForm', 'control_type': 'Window'}
2026-08-31 15:15:39.486 | DEBUG    | winwatt_automation.live_ui.app_connector:get_cached_main_window:574 - DBG_WINWATT_CACHE_GET reason_code=cache_validated_ok payload={'wrapper_type': 'UIAWrapper', 'handle': 84478006, 'process_id': 9764, 'title': 'WinWatt gólya - C:\\Users\\Admin\\Documents\\GitHub\\autowinwatt\\winwatt_automation\\data\\runtime_maps\\full_authorized_sandbox\\adaptive_anyagok_efficient_v4_20260831', 'class_name': 'TMainForm', 'control_type': 'Window'} last_validation_age_s=4.045999999972992 diagnostic_fast_mode=False
2026-08-31 15:15:39.486 | DEBUG    | winwatt_automation.live_ui.app_connector:get_cached_main_window:575 - DBG_PHASE_TIMING phase=get_cached_main_window elapsed_ms=16.000 reason_code=cache_validated_ok
2026-08-31 15:15:39.486 | DEBUG    | winwatt_automation.live_ui.app_connector:get_cached_main_window:565 - DBG_WINWATT_CACHE_GET reason_code=cache_reused_without_validation payload={'wrapper_type': 'UIAWrapper', 'handle': 84478006, 'process_id': 9764, 'title': 'WinWatt gólya - C:\\Users\\Admin\\Documents\\GitHub\\autowinwatt\\winwatt_automation\\data\\runtime_maps\\full_authorized_sandbox\\adaptive_anyagok_efficient_v4_20260831', 'class_name': 'TMainForm', 'control_type': 'Window'} last_validation_age_s=0.01600000006146729 diagnostic_fast_mode=False
2026-08-31 15:15:39.486 | DEBUG    | winwatt_automation.live_ui.app_connector:get_cached_main_window:566 - DBG_PHASE_TIMING phase=get_cached_main_window elapsed_ms=0.000 reason_code=cache_reused_without_validation
2026-08-31 15:15:40.149 | INFO     | winwatt_automation.live_ui.menu_helpers:_menu_items:1101 - DBG_MENU_ITEMS_SUMMARY total_items=7 visible_items=7 topbar_band=(0, 0, 392, 53) topbar_band_visible_count=7 popup_region_visible_count=0 force_refresh=True handle=84478006
2026-08-31 15:15:40.149 | DEBUG    | winwatt_automation.live_ui.menu_helpers:_menu_items:1111 - Discovered 7 MenuItem controls
2026-08-31 15:15:40.155 | DEBUG    | winwatt_automation.live_ui.menu_helpers:_log_phase_timing:83 - DBG_PHASE_TIMING phase=_menu_items elapsed_ms=688.000 force_refresh=True total_items=7 visible_items=7
2026-08-31 15:15:40.236 | INFO     | winwatt_automation.live_ui.menu_helpers:list_top_menu_items:1141 - Top-level menu items (raw): ['Rendszer', 'Fájl', 'Jegyzékek', 'Eszközök', 'Beállítások', 'Ablak', 'Súgó']
2026-08-31 15:15:40.243 | DEBUG    | winwatt_automation.live_ui.menu_helpers:_log_phase_timing:83 - DBG_PHASE_TIMING phase=list_top_menu_items elapsed_ms=766.000 count=7
2026-08-31 15:15:40.751 | DEBUG    | winwatt_automation.live_ui.app_connector:get_cached_main_window:565 - DBG_WINWATT_CACHE_GET reason_code=cache_reused_without_validation payload={'wrapper_type': 'UIAWrapper', 'handle': 84478006, 'process_id': 9764, 'title': 'WinWatt gólya - C:\\Users\\Admin\\Documents\\GitHub\\autowinwatt\\winwatt_automation\\data\\runtime_maps\\full_authorized_sandbox\\adaptive_anyagok_efficient_v4_20260831', 'class_name': 'TMainForm', 'control_type': 'Window'} last_validation_age_s=1.2820000000065193 diagnostic_fast_mode=False
2026-08-31 15:15:40.751 | DEBUG    | winwatt_automation.live_ui.app_connector:get_cached_main_window:566 - DBG_PHASE_TIMING phase=get_cached_main_window elapsed_ms=0.000 reason_code=cache_reused_without_validation
2026-08-31 15:15:40.900 | DEBUG    | winwatt_automation.live_ui.app_connector:get_cached_main_window:565 - DBG_WINWATT_CACHE_GET reason_code=cache_reused_without_validation payload={'wrapper_type': 'UIAWrapper', 'handle': 84478006, 'process_id': 9764, 'title': 'WinWatt gólya - C:\\Users\\Admin\\Documents\\GitHub\\autowinwatt\\winwatt_automation\\data\\runtime_maps\\full_authorized_sandbox\\adaptive_anyagok_efficient_v4_20260831', 'class_name': 'TMainForm', 'control_type': 'Window'} last_validation_age_s=1.422000000020489 diagnostic_fast_mode=False
2026-08-31 15:15:40.900 | DEBUG    | winwatt_automation.live_ui.app_connector:get_cached_main_window:566 - DBG_PHASE_TIMING phase=get_cached_main_window elapsed_ms=0.000 reason_code=cache_reused_without_validation
2026-08-31 15:15:40.900 | DEBUG    | winwatt_automation.live_ui.app_connector:get_cached_main_window:565 - DBG_WINWATT_CACHE_GET reason_code=cache_reused_without_validation payload={'wrapper_type': 'UIAWrapper', 'handle': 84478006, 'process_id': 9764, 'title': 'WinWatt gólya - C:\\Users\\Admin\\Documents\\GitHub\\autowinwatt\\winwatt_automation\\data\\runtime_maps\\full_authorized_sandbox\\adaptive_anyagok_efficient_v4_20260831', 'class_name': 'TMainForm', 'control_type': 'Window'} last_validation_age_s=1.422000000020489 diagnostic_fast_mode=False
2026-08-31 15:15:40.900 | DEBUG    | winwatt_automation.live_ui.app_connector:get_cached_main_window:566 - DBG_PHASE_TIMING phase=get_cached_main_window elapsed_ms=0.000 reason_code=cache_reused_without_validation
2026-08-31 15:15:41.457 | INFO     | winwatt_automation.live_ui.menu_helpers:_menu_items:1101 - DBG_MENU_ITEMS_SUMMARY total_items=7 visible_items=7 topbar_band=(0, 0, 392, 53) topbar_band_visible_count=7 popup_region_visible_count=0 force_refresh=True handle=84478006
2026-08-31 15:15:41.457 | DEBUG    | winwatt_automation.live_ui.menu_helpers:_menu_items:1111 - Discovered 7 MenuItem controls
2026-08-31 15:15:41.457 | DEBUG    | winwatt_automation.live_ui.menu_helpers:_log_phase_timing:83 - DBG_PHASE_TIMING phase=_menu_items elapsed_ms=563.000 force_refresh=True total_items=7 visible_items=7
2026-08-31 15:15:41.540 | INFO     | winwatt_automation.live_ui.menu_helpers:list_top_menu_items:1141 - Top-level menu items (raw): ['Rendszer', 'Fájl', 'Jegyzékek', 'Eszközök', 'Beállítások', 'Ablak', 'Súgó']
2026-08-31 15:15:41.540 | DEBUG    | winwatt_automation.live_ui.menu_helpers:_log_phase_timing:83 - DBG_PHASE_TIMING phase=list_top_menu_items elapsed_ms=641.000 count=7
2026-08-31 15:15:42.049 | DEBUG    | winwatt_automation.live_ui.app_connector:get_cached_main_window:565 - DBG_WINWATT_CACHE_GET reason_code=cache_reused_without_validation payload={'wrapper_type': 'UIAWrapper', 'handle': 84478006, 'process_id': 9764, 'title': 'WinWatt gólya - C:\\Users\\Admin\\Documents\\GitHub\\autowinwatt\\winwatt_automation\\data\\runtime_maps\\full_authorized_sandbox\\adaptive_anyagok_efficient_v4_20260831', 'class_name': 'TMainForm', 'control_type': 'Window'} last_validation_age_s=2.5790000000270084 diagnostic_fast_mode=False
2026-08-31 15:15:42.049 | DEBUG    | winwatt_automation.live_ui.app_connector:get_cached_main_window:566 - DBG_PHASE_TIMING phase=get_cached_main_window elapsed_ms=0.000 reason_code=cache_reused_without_validation
2026-08-31 15:15:42.208 | DEBUG    | winwatt_automation.live_ui.app_connector:get_cached_main_window:565 - DBG_WINWATT_CACHE_GET reason_code=cache_reused_without_validation payload={'wrapper_type': 'UIAWrapper', 'handle': 84478006, 'process_id': 9764, 'title': 'WinWatt gólya - C:\\Users\\Admin\\Documents\\GitHub\\autowinwatt\\winwatt_automation\\data\\runtime_maps\\full_authorized_sandbox\\adaptive_anyagok_efficient_v4_20260831', 'class_name': 'TMainForm', 'control_type': 'Window'} last_validation_age_s=2.73499999998603 diagnostic_fast_mode=False
2026-08-31 15:15:42.208 | DEBUG    | winwatt_automation.live_ui.app_connector:get_cached_main_window:566 - DBG_PHASE_TIMING phase=get_cached_main_window elapsed_ms=0.000 reason_code=cache_reused_without_validation
2026-08-31 15:15:42.208 | DEBUG    | winwatt_automation.live_ui.app_connector:get_cached_main_window:565 - DBG_WINWATT_CACHE_GET reason_code=cache_reused_without_validation payload={'wrapper_type': 'UIAWrapper', 'handle': 84478006, 'process_id': 9764, 'title': 'WinWatt gólya - C:\\Users\\Admin\\Documents\\GitHub\\autowinwatt\\winwatt_automation\\data\\runtime_maps\\full_authorized_sandbox\\adaptive_anyagok_efficient_v4_20260831', 'class_name': 'TMainForm', 'control_type': 'Window'} last_validation_age_s=2.73499999998603 diagnostic_fast_mode=False
2026-08-31 15:15:42.208 | DEBUG    | winwatt_automation.live_ui.app_connector:get_cached_main_window:566 - DBG_PHASE_TIMING phase=get_cached_main_window elapsed_ms=0.000 reason_code=cache_reused_without_validation
2026-08-31 15:15:42.700 | INFO     | winwatt_automation.live_ui.menu_helpers:_menu_items:1101 - DBG_MENU_ITEMS_SUMMARY total_items=7 visible_items=7 topbar_band=(0, 0, 392, 53) topbar_band_visible_count=7 popup_region_visible_count=0 force_refresh=True handle=84478006
2026-08-31 15:15:42.711 | DEBUG    | winwatt_automation.live_ui.menu_helpers:_menu_items:1111 - Discovered 7 MenuItem controls
2026-08-31 15:15:42.711 | DEBUG    | winwatt_automation.live_ui.menu_helpers:_log_phase_timing:83 - DBG_PHASE_TIMING phase=_menu_items elapsed_ms=500.000 force_refresh=True total_items=7 visible_items=7
2026-08-31 15:15:42.790 | INFO     | winwatt_automation.live_ui.menu_helpers:list_top_menu_items:1141 - Top-level menu items (raw): ['Rendszer', 'Fájl', 'Jegyzékek', 'Eszközök', 'Beállítások', 'Ablak', 'Súgó']
2026-08-31 15:15:42.790 | DEBUG    | winwatt_automation.live_ui.menu_helpers:_log_phase_timing:83 - DBG_PHASE_TIMING phase=list_top_menu_items elapsed_ms=578.000 count=7
2026-08-31 15:15:43.299 | DEBUG    | winwatt_automation.live_ui.app_connector:get_cached_main_window:565 - DBG_WINWATT_CACHE_GET reason_code=cache_reused_without_validation payload={'wrapper_type': 'UIAWrapper', 'handle': 84478006, 'process_id': 9764, 'title': 'WinWatt gólya - C:\\Users\\Admin\\Documents\\GitHub\\autowinwatt\\winwatt_automation\\data\\runtime_maps\\full_authorized_sandbox\\adaptive_anyagok_efficient_v4_20260831', 'class_name': 'TMainForm', 'control_type': 'Window'} last_validation_age_s=3.8290000000270084 diagnostic_fast_mode=False
2026-08-31 15:15:43.299 | DEBUG    | winwatt_automation.live_ui.app_connector:get_cached_main_window:566 - DBG_PHASE_TIMING phase=get_cached_main_window elapsed_ms=0.000 reason_code=cache_reused_without_validation
2026-08-31 15:16:02.966 | INFO     | winwatt_automation.live_ui.app_connector:get_cached_main_window:597 - DBG_WINWATT_CACHE_GET reason_code=cache_missing_resolving_fresh diagnostic_fast_mode=False
2026-08-31 15:16:03.188 | DEBUG    | winwatt_automation.live_ui.app_connector:list_candidate_windows:180 - Discovered 0 WinWatt-like windows on backend=win32
2026-08-31 15:16:03.188 | INFO     | winwatt_automation.live_ui.app_connector:_connect_with_win32_handle:276 - DBG_WINWATT_CONNECT_WIN32_CANDIDATES locator=backend=win32 ranked_candidates=[] 
2026-08-31 15:16:03.188 | WARNING  | winwatt_automation.runtime_mapping.program_mapper:_safe_capture_snapshot:191 - snapshot_capture_failed state_id=startup_after_relaunch error=No WinWatt-like windows were found
2026-08-31 15:16:03.694 | INFO     | winwatt_automation.live_ui.app_connector:get_cached_main_window:597 - DBG_WINWATT_CACHE_GET reason_code=cache_missing_resolving_fresh diagnostic_fast_mode=False
2026-08-31 15:16:06.328 | DEBUG    | winwatt_automation.live_ui.app_connector:list_candidate_windows:180 - Discovered 0 WinWatt-like windows on backend=win32
2026-08-31 15:16:06.344 | INFO     | winwatt_automation.live_ui.app_connector:_connect_with_win32_handle:276 - DBG_WINWATT_CONNECT_WIN32_CANDIDATES locator=backend=win32 ranked_candidates=[] 
2026-08-31 15:16:06.345 | WARNING  | winwatt_automation.runtime_mapping.program_mapper:_safe_capture_snapshot:191 - snapshot_capture_failed state_id=startup_after_relaunch error=No WinWatt-like windows were found
2026-08-31 15:16:06.845 | INFO     | winwatt_automation.live_ui.app_connector:get_cached_main_window:597 - DBG_WINWATT_CACHE_GET reason_code=cache_missing_resolving_fresh diagnostic_fast_mode=False
2026-08-31 15:16:08.692 | DEBUG    | winwatt_automation.live_ui.app_connector:list_candidate_windows:180 - Discovered 0 WinWatt-like windows on backend=win32
2026-08-31 15:16:08.692 | INFO     | winwatt_automation.live_ui.app_connector:_connect_with_win32_handle:276 - DBG_WINWATT_CONNECT_WIN32_CANDIDATES locator=backend=win32 ranked_candidates=[] 
2026-08-31 15:16:08.692 | WARNING  | winwatt_automation.runtime_mapping.program_mapper:_safe_capture_snapshot:191 - snapshot_capture_failed state_id=startup_after_relaunch error=No WinWatt-like windows were found
2026-08-31 15:16:09.199 | INFO     | winwatt_automation.live_ui.app_connector:get_cached_main_window:597 - DBG_WINWATT_CACHE_GET reason_code=cache_missing_resolving_fresh diagnostic_fast_mode=False
2026-08-31 15:16:09.294 | DEBUG    | winwatt_automation.live_ui.app_connector:list_candidate_windows:180 - Discovered 0 WinWatt-like windows on backend=win32
2026-08-31 15:16:09.294 | INFO     | winwatt_automation.live_ui.app_connector:_connect_with_win32_handle:276 - DBG_WINWATT_CONNECT_WIN32_CANDIDATES locator=backend=win32 ranked_candidates=[] 
2026-08-31 15:16:09.294 | WARNING  | winwatt_automation.runtime_mapping.program_mapper:_safe_capture_snapshot:191 - snapshot_capture_failed state_id=startup_after_relaunch error=No WinWatt-like windows were found
2026-08-31 15:16:09.809 | INFO     | winwatt_automation.live_ui.app_connector:get_cached_main_window:597 - DBG_WINWATT_CACHE_GET reason_code=cache_missing_resolving_fresh diagnostic_fast_mode=False
2026-08-31 15:16:09.875 | DEBUG    | winwatt_automation.live_ui.app_connector:list_candidate_windows:180 - Discovered 0 WinWatt-like windows on backend=win32
2026-08-31 15:16:09.875 | INFO     | winwatt_automation.live_ui.app_connector:_connect_with_win32_handle:276 - DBG_WINWATT_CONNECT_WIN32_CANDIDATES locator=backend=win32 ranked_candidates=[] 
2026-08-31 15:16:09.875 | WARNING  | winwatt_automation.runtime_mapping.program_mapper:_safe_capture_snapshot:191 - snapshot_capture_failed state_id=startup_after_relaunch error=No WinWatt-like windows were found
2026-08-31 15:16:10.387 | INFO     | winwatt_automation.live_ui.app_connector:get_cached_main_window:597 - DBG_WINWATT_CACHE_GET reason_code=cache_missing_resolving_fresh diagnostic_fast_mode=False
2026-08-31 15:16:10.454 | DEBUG    | winwatt_automation.live_ui.app_connector:list_candidate_windows:180 - Discovered 0 WinWatt-like windows on backend=win32
2026-08-31 15:16:10.454 | INFO     | winwatt_automation.live_ui.app_connector:_connect_with_win32_handle:276 - DBG_WINWATT_CONNECT_WIN32_CANDIDATES locator=backend=win32 ranked_candidates=[] 
2026-08-31 15:16:10.470 | WARNING  | winwatt_automation.runtime_mapping.program_mapper:_safe_capture_snapshot:191 - snapshot_capture_failed state_id=startup_after_relaunch error=No WinWatt-like windows were found
2026-08-31 15:16:10.971 | INFO     | winwatt_automation.live_ui.app_connector:get_cached_main_window:597 - DBG_WINWATT_CACHE_GET reason_code=cache_missing_resolving_fresh diagnostic_fast_mode=False
2026-08-31 15:16:11.057 | DEBUG    | winwatt_automation.live_ui.app_connector:list_candidate_windows:180 - Discovered 0 WinWatt-like windows on backend=win32
2026-08-31 15:16:11.069 | INFO     | winwatt_automation.live_ui.app_connector:_connect_with_win32_handle:276 - DBG_WINWATT_CONNECT_WIN32_CANDIDATES locator=backend=win32 ranked_candidates=[] 
2026-08-31 15:16:11.069 | WARNING  | winwatt_automation.runtime_mapping.program_mapper:_safe_capture_snapshot:191 - snapshot_capture_failed state_id=startup_after_relaunch error=No WinWatt-like windows were found
2026-08-31 15:16:11.574 | INFO     | winwatt_automation.live_ui.app_connector:get_cached_main_window:597 - DBG_WINWATT_CACHE_GET reason_code=cache_missing_resolving_fresh diagnostic_fast_mode=False
2026-08-31 15:16:11.644 | DEBUG    | winwatt_automation.live_ui.app_connector:list_candidate_windows:180 - Discovered 0 WinWatt-like windows on backend=win32
2026-08-31 15:16:11.644 | INFO     | winwatt_automation.live_ui.app_connector:_connect_with_win32_handle:276 - DBG_WINWATT_CONNECT_WIN32_CANDIDATES locator=backend=win32 ranked_candidates=[] 
2026-08-31 15:16:11.644 | WARNING  | winwatt_automation.runtime_mapping.program_mapper:_safe_capture_snapshot:191 - snapshot_capture_failed state_id=startup_after_relaunch error=No WinWatt-like windows were found
2026-08-31 15:16:12.151 | INFO     | winwatt_automation.live_ui.app_connector:get_cached_main_window:597 - DBG_WINWATT_CACHE_GET reason_code=cache_missing_resolving_fresh diagnostic_fast_mode=False
2026-08-31 15:16:12.219 | DEBUG    | winwatt_automation.live_ui.app_connector:list_candidate_windows:180 - Discovered 0 WinWatt-like windows on backend=win32
2026-08-31 15:16:12.228 | INFO     | winwatt_automation.live_ui.app_connector:_connect_with_win32_handle:276 - DBG_WINWATT_CONNECT_WIN32_CANDIDATES locator=backend=win32 ranked_candidates=[] 
2026-08-31 15:16:12.228 | WARNING  | winwatt_automation.runtime_mapping.program_mapper:_safe_capture_snapshot:191 - snapshot_capture_failed state_id=startup_after_relaunch error=No WinWatt-like windows were found
2026-08-31 15:16:12.731 | INFO     | winwatt_automation.live_ui.app_connector:get_cached_main_window:597 - DBG_WINWATT_CACHE_GET reason_code=cache_missing_resolving_fresh diagnostic_fast_mode=False
2026-08-31 15:16:12.842 | DEBUG    | winwatt_automation.live_ui.app_connector:list_candidate_windows:180 - Discovered 0 WinWatt-like windows on backend=win32
2026-08-31 15:16:12.845 | INFO     | winwatt_automation.live_ui.app_connector:_connect_with_win32_handle:276 - DBG_WINWATT_CONNECT_WIN32_CANDIDATES locator=backend=win32 ranked_candidates=[] 
2026-08-31 15:16:12.846 | WARNING  | winwatt_automation.runtime_mapping.program_mapper:_safe_capture_snapshot:191 - snapshot_capture_failed state_id=startup_after_relaunch error=No WinWatt-like windows were found
2026-08-31 15:16:13.347 | INFO     | winwatt_automation.live_ui.app_connector:get_cached_main_window:597 - DBG_WINWATT_CACHE_GET reason_code=cache_missing_resolving_fresh diagnostic_fast_mode=False
2026-08-31 15:16:13.421 | DEBUG    | winwatt_automation.live_ui.app_connector:list_candidate_windows:180 - Discovered 0 WinWatt-like windows on backend=win32
2026-08-31 15:16:13.421 | INFO     | winwatt_automation.live_ui.app_connector:_connect_with_win32_handle:276 - DBG_WINWATT_CONNECT_WIN32_CANDIDATES locator=backend=win32 ranked_candidates=[] 
2026-08-31 15:16:13.421 | WARNING  | winwatt_automation.runtime_mapping.program_mapper:_safe_capture_snapshot:191 - snapshot_capture_failed state_id=startup_after_relaunch error=No WinWatt-like windows were found
2026-08-31 15:16:13.927 | INFO     | winwatt_automation.live_ui.app_connector:get_cached_main_window:597 - DBG_WINWATT_CACHE_GET reason_code=cache_missing_resolving_fresh diagnostic_fast_mode=False
2026-08-31 15:16:14.010 | DEBUG    | winwatt_automation.live_ui.app_connector:list_candidate_windows:180 - Discovered 0 WinWatt-like windows on backend=win32
2026-08-31 15:16:14.010 | INFO     | winwatt_automation.live_ui.app_connector:_connect_with_win32_handle:276 - DBG_WINWATT_CONNECT_WIN32_CANDIDATES locator=backend=win32 ranked_candidates=[] 
2026-08-31 15:16:14.019 | WARNING  | winwatt_automation.runtime_mapping.program_mapper:_safe_capture_snapshot:191 - snapshot_capture_failed state_id=startup_after_relaunch error=No WinWatt-like windows were found
2026-08-31 15:16:14.520 | INFO     | winwatt_automation.live_ui.app_connector:get_cached_main_window:597 - DBG_WINWATT_CACHE_GET reason_code=cache_missing_resolving_fresh diagnostic_fast_mode=False
2026-08-31 15:16:14.640 | DEBUG    | winwatt_automation.live_ui.app_connector:list_candidate_windows:180 - Discovered 1 WinWatt-like windows on backend=win32
2026-08-31 15:16:14.645 | DEBUG    | winwatt_automation.live_ui.app_connector:list_candidate_windows:182 - Candidate[win32]: {'title': 'WinWatt gólya - C:\\Users\\Admin\\Documents\\GitHub\\autowinwatt\\winwatt_automation\\data\\runtime_maps\\full_authorized_sandbox\\adaptive_anyagok_efficient_v4_20260831', 'window_text': 'WinWatt gólya - C:\\Users\\Admin\\Documents\\GitHub\\autowinwatt\\winwatt_automation\\data\\runtime_maps\\full_authorized_sandbox\\adaptive_anyagok_efficient_v4_20260831', 'class_name': 'TMainForm', 'control_type': None, 'process_id': 5504, 'handle': None, 'is_visible': True, 'is_enabled': True, 'rectangle': {'left': -10, 'top': -10, 'right': 1930, 'bottom': 1030, 'width': 1940, 'height': 1040}, 'size': {'width': 1940, 'height': 1040}}
2026-08-31 15:16:14.647 | INFO     | winwatt_automation.live_ui.app_connector:_connect_with_win32_handle:276 - DBG_WINWATT_CONNECT_WIN32_CANDIDATES locator=backend=win32 ranked_candidates=[{'rank': 1, 'score': (1, 1, 1, 1, 2017600), 'process_id': 5504, 'handle': None, 'class_name': 'TMainForm', 'title': 'WinWatt gólya - C:\\Users\\Admin\\Documents\\GitHub\\autowinwatt\\winwatt_automation\\data\\runtime_maps\\full_authorized_sandbox\\adaptive_anyagok_efficient_v4_20260831', 'visible': True, 'enabled': True}] 
2026-08-31 15:16:14.648 | INFO     | winwatt_automation.live_ui.app_connector:select_main_window:224 - Candidate ranking score=(1, 1, 1, 1, 2017600) data={'title': 'WinWatt gólya - C:\\Users\\Admin\\Documents\\GitHub\\autowinwatt\\winwatt_automation\\data\\runtime_maps\\full_authorized_sandbox\\adaptive_anyagok_efficient_v4_20260831', 'window_text': 'WinWatt gólya - C:\\Users\\Admin\\Documents\\GitHub\\autowinwatt\\winwatt_automation\\data\\runtime_maps\\full_authorized_sandbox\\adaptive_anyagok_efficient_v4_20260831', 'class_name': 'TMainForm', 'control_type': None, 'process_id': 5504, 'handle': None, 'is_visible': True, 'is_enabled': True, 'rectangle': {'left': -10, 'top': -10, 'right': 1930, 'bottom': 1030, 'width': 1940, 'height': 1040}, 'size': {'width': 1940, 'height': 1040}}
2026-08-31 15:16:14.649 | INFO     | winwatt_automation.live_ui.app_connector:select_main_window:234 - Selected main window process_id=5504 handle=None score=(1, 1, 1, 1, 2017600) reasons=['has_process_id=True', 'has_handle=False', 'visible=True', 'enabled=True', 'title_has_winwatt=True', 'area=2017600']
2026-08-31 15:16:14.649 | INFO     | winwatt_automation.live_ui.app_connector:_connect_with_win32_handle:293 - DBG_WINWATT_CONNECT_WIN32_SELECTED selected_payload={'title': 'WinWatt gólya - C:\\Users\\Admin\\Documents\\GitHub\\autowinwatt\\winwatt_automation\\data\\runtime_maps\\full_authorized_sandbox\\adaptive_anyagok_efficient_v4_20260831', 'window_text': 'WinWatt gólya - C:\\Users\\Admin\\Documents\\GitHub\\autowinwatt\\winwatt_automation\\data\\runtime_maps\\full_authorized_sandbox\\adaptive_anyagok_efficient_v4_20260831', 'class_name': 'TMainForm', 'control_type': None, 'process_id': 5504, 'handle': None, 'is_visible': True, 'is_enabled': True, 'rectangle': {'left': -10, 'top': -10, 'right': 1930, 'bottom': 1030, 'width': 1940, 'height': 1040}, 'size': {'width': 1940, 'height': 1040}} selected_handle_is_none=True
2026-08-31 15:16:14.651 | INFO     | winwatt_automation.live_ui.app_connector:_connect_with_win32_handle:336 - Connected to WinWatt backend=win32 attach_mode=process candidate={'process_id': 5504, 'handle': None, 'class_name': 'TMainForm', 'title': 'WinWatt gólya - C:\\Users\\Admin\\Documents\\GitHub\\autowinwatt\\winwatt_automation\\data\\runtime_maps\\full_authorized_sandbox\\adaptive_anyagok_efficient_v4_20260831'}
2026-08-31 15:16:14.657 | INFO     | winwatt_automation.live_ui.app_connector:_connect_with_win32_handle:350 - DBG_WINWATT_CONNECT_WIN32_RESOLVED process_id=5504 resolved_handle=None selected_payload={'title': 'WinWatt gólya - C:\\Users\\Admin\\Documents\\GitHub\\autowinwatt\\winwatt_automation\\data\\runtime_maps\\full_authorized_sandbox\\adaptive_anyagok_efficient_v4_20260831', 'window_text': 'WinWatt gólya - C:\\Users\\Admin\\Documents\\GitHub\\autowinwatt\\winwatt_automation\\data\\runtime_maps\\full_authorized_sandbox\\adaptive_anyagok_efficient_v4_20260831', 'class_name': 'TMainForm', 'control_type': None, 'process_id': 5504, 'handle': None, 'is_visible': True, 'is_enabled': True, 'rectangle': {'left': -10, 'top': -10, 'right': 1930, 'bottom': 1030, 'width': 1940, 'height': 1040}, 'size': {'width': 1940, 'height': 1040}}
2026-08-31 15:16:14.659 | INFO     | winwatt_automation.live_ui.app_connector:_resolve_uia_main_window:382 - DBG_WINWATT_RESOLVE_UIA_WIN32_SELECTED selected_payload={'title': 'WinWatt gólya - C:\\Users\\Admin\\Documents\\GitHub\\autowinwatt\\winwatt_automation\\data\\runtime_maps\\full_authorized_sandbox\\adaptive_anyagok_efficient_v4_20260831', 'window_text': 'WinWatt gólya - C:\\Users\\Admin\\Documents\\GitHub\\autowinwatt\\winwatt_automation\\data\\runtime_maps\\full_authorized_sandbox\\adaptive_anyagok_efficient_v4_20260831', 'class_name': 'TMainForm', 'control_type': None, 'process_id': 5504, 'handle': None, 'is_visible': True, 'is_enabled': True, 'rectangle': {'left': -10, 'top': -10, 'right': 1930, 'bottom': 1030, 'width': 1940, 'height': 1040}, 'size': {'width': 1940, 'height': 1040}}
2026-08-31 15:16:14.659 | INFO     | winwatt_automation.live_ui.app_connector:_resolve_uia_main_window:388 - Connected to WinWatt backend=uia process_id=5504
2026-08-31 15:16:14.659 | INFO     | winwatt_automation.live_ui.app_connector:_resolve_uia_main_window:390 - Resolving main WinWatt window backend=uia class_name=TMainForm title_re=.*WinWatt.*
2026-08-31 15:16:15.012 | INFO     | winwatt_automation.live_ui.app_connector:_resolve_uia_main_window:400 - DBG_WINWATT_RESOLVE_UIA_PRIMARY selected_payload={'title': 'WinWatt gólya - C:\\Users\\Admin\\Documents\\GitHub\\autowinwatt\\winwatt_automation\\data\\runtime_maps\\full_authorized_sandbox\\adaptive_anyagok_efficient_v4_20260831', 'window_text': 'WinWatt gólya - C:\\Users\\Admin\\Documents\\GitHub\\autowinwatt\\winwatt_automation\\data\\runtime_maps\\full_authorized_sandbox\\adaptive_anyagok_efficient_v4_20260831', 'class_name': 'TMainForm', 'control_type': None, 'process_id': 5504, 'handle': None, 'is_visible': True, 'is_enabled': True, 'rectangle': {'left': -10, 'top': -10, 'right': 1930, 'bottom': 1030, 'width': 1940, 'height': 1040}, 'size': {'width': 1940, 'height': 1040}} primary_result={'wrapper_type': 'UIAWrapper', 'handle': 130287588, 'process_id': 5504, 'title': 'WinWatt gólya - C:\\Users\\Admin\\Documents\\GitHub\\autowinwatt\\winwatt_automation\\data\\runtime_maps\\full_authorized_sandbox\\adaptive_anyagok_efficient_v4_20260831', 'class_name': 'TMainForm', 'control_type': 'Window'} identity_match_with_win32=None
2026-08-31 15:16:15.012 | DEBUG    | winwatt_automation.live_ui.app_connector:get_cached_main_window:606 - DBG_PHASE_TIMING phase=get_cached_main_window elapsed_ms=485.000 reason_code=fresh_resolve
2026-08-31 15:16:15.195 | DEBUG    | winwatt_automation.live_ui.app_connector:get_cached_main_window:565 - DBG_WINWATT_CACHE_GET reason_code=cache_reused_without_validation payload={'wrapper_type': 'UIAWrapper', 'handle': 130287588, 'process_id': 5504, 'title': 'WinWatt gólya - C:\\Users\\Admin\\Documents\\GitHub\\autowinwatt\\winwatt_automation\\data\\runtime_maps\\full_authorized_sandbox\\adaptive_anyagok_efficient_v4_20260831', 'class_name': 'TMainForm', 'control_type': 'Window'} last_validation_age_s=0.18700000003445894 diagnostic_fast_mode=False
2026-08-31 15:16:15.204 | DEBUG    | winwatt_automation.live_ui.app_connector:get_cached_main_window:566 - DBG_PHASE_TIMING phase=get_cached_main_window elapsed_ms=16.000 reason_code=cache_reused_without_validation
2026-08-31 15:16:15.204 | DEBUG    | winwatt_automation.live_ui.app_connector:get_cached_main_window:565 - DBG_WINWATT_CACHE_GET reason_code=cache_reused_without_validation payload={'wrapper_type': 'UIAWrapper', 'handle': 130287588, 'process_id': 5504, 'title': 'WinWatt gólya - C:\\Users\\Admin\\Documents\\GitHub\\autowinwatt\\winwatt_automation\\data\\runtime_maps\\full_authorized_sandbox\\adaptive_anyagok_efficient_v4_20260831', 'class_name': 'TMainForm', 'control_type': 'Window'} last_validation_age_s=0.2029999999795109 diagnostic_fast_mode=False
2026-08-31 15:16:15.204 | DEBUG    | winwatt_automation.live_ui.app_connector:get_cached_main_window:566 - DBG_PHASE_TIMING phase=get_cached_main_window elapsed_ms=0.000 reason_code=cache_reused_without_validation
2026-08-31 15:16:15.713 | INFO     | winwatt_automation.live_ui.menu_helpers:_menu_items:1101 - DBG_MENU_ITEMS_SUMMARY total_items=7 visible_items=7 topbar_band=(0, 0, 392, 53) topbar_band_visible_count=7 popup_region_visible_count=0 force_refresh=True handle=130287588
2026-08-31 15:16:15.718 | DEBUG    | winwatt_automation.live_ui.menu_helpers:_menu_items:1111 - Discovered 7 MenuItem controls
2026-08-31 15:16:15.719 | DEBUG    | winwatt_automation.live_ui.menu_helpers:_log_phase_timing:83 - DBG_PHASE_TIMING phase=_menu_items elapsed_ms=531.000 force_refresh=True total_items=7 visible_items=7
2026-08-31 15:16:15.789 | INFO     | winwatt_automation.live_ui.menu_helpers:list_top_menu_items:1141 - Top-level menu items (raw): ['Rendszer', 'Fájl', 'Jegyzékek', 'Eszközök', 'Beállítások', 'Ablak', 'Súgó']
2026-08-31 15:16:15.789 | DEBUG    | winwatt_automation.live_ui.menu_helpers:_log_phase_timing:83 - DBG_PHASE_TIMING phase=list_top_menu_items elapsed_ms=594.000 count=7
2026-08-31 15:16:16.308 | DEBUG    | winwatt_automation.live_ui.app_connector:get_cached_main_window:565 - DBG_WINWATT_CACHE_GET reason_code=cache_reused_without_validation payload={'wrapper_type': 'UIAWrapper', 'handle': 130287588, 'process_id': 5504, 'title': 'WinWatt gólya - C:\\Users\\Admin\\Documents\\GitHub\\autowinwatt\\winwatt_automation\\data\\runtime_maps\\full_authorized_sandbox\\adaptive_anyagok_efficient_v4_20260831', 'class_name': 'TMainForm', 'control_type': 'Window'} last_validation_age_s=1.297000000020489 diagnostic_fast_mode=False
2026-08-31 15:16:16.321 | DEBUG    | winwatt_automation.live_ui.app_connector:get_cached_main_window:566 - DBG_PHASE_TIMING phase=get_cached_main_window elapsed_ms=15.000 reason_code=cache_reused_without_validation
2026-08-31 15:16:16.477 | DEBUG    | winwatt_automation.live_ui.app_connector:get_cached_main_window:565 - DBG_WINWATT_CACHE_GET reason_code=cache_reused_without_validation payload={'wrapper_type': 'UIAWrapper', 'handle': 130287588, 'process_id': 5504, 'title': 'WinWatt gólya - C:\\Users\\Admin\\Documents\\GitHub\\autowinwatt\\winwatt_automation\\data\\runtime_maps\\full_authorized_sandbox\\adaptive_anyagok_efficient_v4_20260831', 'class_name': 'TMainForm', 'control_type': 'Window'} last_validation_age_s=1.4679999999934807 diagnostic_fast_mode=False
2026-08-31 15:16:16.493 | DEBUG    | winwatt_automation.live_ui.app_connector:get_cached_main_window:566 - DBG_PHASE_TIMING phase=get_cached_main_window elapsed_ms=16.000 reason_code=cache_reused_without_validation
2026-08-31 15:16:16.493 | DEBUG    | winwatt_automation.live_ui.app_connector:get_cached_main_window:565 - DBG_WINWATT_CACHE_GET reason_code=cache_reused_without_validation payload={'wrapper_type': 'UIAWrapper', 'handle': 130287588, 'process_id': 5504, 'title': 'WinWatt gólya - C:\\Users\\Admin\\Documents\\GitHub\\autowinwatt\\winwatt_automation\\data\\runtime_maps\\full_authorized_sandbox\\adaptive_anyagok_efficient_v4_20260831', 'class_name': 'TMainForm', 'control_type': 'Window'} last_validation_age_s=1.484000000054948 diagnostic_fast_mode=False
2026-08-31 15:16:16.493 | DEBUG    | winwatt_automation.live_ui.app_connector:get_cached_main_window:566 - DBG_PHASE_TIMING phase=get_cached_main_window elapsed_ms=0.000 reason_code=cache_reused_without_validation
2026-08-31 15:16:17.001 | INFO     | winwatt_automation.live_ui.menu_helpers:_menu_items:1101 - DBG_MENU_ITEMS_SUMMARY total_items=7 visible_items=7 topbar_band=(0, 0, 392, 53) topbar_band_visible_count=7 popup_region_visible_count=0 force_refresh=True handle=130287588
2026-08-31 15:16:17.001 | DEBUG    | winwatt_automation.live_ui.menu_helpers:_menu_items:1111 - Discovered 7 MenuItem controls
2026-08-31 15:16:17.001 | DEBUG    | winwatt_automation.live_ui.menu_helpers:_log_phase_timing:83 - DBG_PHASE_TIMING phase=_menu_items elapsed_ms=532.000 force_refresh=True total_items=7 visible_items=7
2026-08-31 15:16:17.122 | INFO     | winwatt_automation.live_ui.menu_helpers:list_top_menu_items:1141 - Top-level menu items (raw): ['Rendszer', 'Fájl', 'Jegyzékek', 'Eszközök', 'Beállítások', 'Ablak', 'Súgó']
2026-08-31 15:16:17.122 | DEBUG    | winwatt_automation.live_ui.menu_helpers:_log_phase_timing:83 - DBG_PHASE_TIMING phase=list_top_menu_items elapsed_ms=657.000 count=7
2026-08-31 15:16:17.631 | DEBUG    | winwatt_automation.live_ui.app_connector:get_cached_main_window:565 - DBG_WINWATT_CACHE_GET reason_code=cache_reused_without_validation payload={'wrapper_type': 'UIAWrapper', 'handle': 130287588, 'process_id': 5504, 'title': 'WinWatt gólya - C:\\Users\\Admin\\Documents\\GitHub\\autowinwatt\\winwatt_automation\\data\\runtime_maps\\full_authorized_sandbox\\adaptive_anyagok_efficient_v4_20260831', 'class_name': 'TMainForm', 'control_type': 'Window'} last_validation_age_s=2.625 diagnostic_fast_mode=False
2026-08-31 15:16:17.635 | DEBUG    | winwatt_automation.live_ui.app_connector:get_cached_main_window:566 - DBG_PHASE_TIMING phase=get_cached_main_window elapsed_ms=0.000 reason_code=cache_reused_without_validation
2026-08-31 15:16:17.786 | DEBUG    | winwatt_automation.live_ui.app_connector:get_cached_main_window:565 - DBG_WINWATT_CACHE_GET reason_code=cache_reused_without_validation payload={'wrapper_type': 'UIAWrapper', 'handle': 130287588, 'process_id': 5504, 'title': 'WinWatt gólya - C:\\Users\\Admin\\Documents\\GitHub\\autowinwatt\\winwatt_automation\\data\\runtime_maps\\full_authorized_sandbox\\adaptive_anyagok_efficient_v4_20260831', 'class_name': 'TMainForm', 'control_type': 'Window'} last_validation_age_s=2.781000000075437 diagnostic_fast_mode=False
2026-08-31 15:16:17.787 | DEBUG    | winwatt_automation.live_ui.app_connector:get_cached_main_window:566 - DBG_PHASE_TIMING phase=get_cached_main_window elapsed_ms=0.000 reason_code=cache_reused_without_validation
2026-08-31 15:16:17.790 | DEBUG    | winwatt_automation.live_ui.app_connector:get_cached_main_window:565 - DBG_WINWATT_CACHE_GET reason_code=cache_reused_without_validation payload={'wrapper_type': 'UIAWrapper', 'handle': 130287588, 'process_id': 5504, 'title': 'WinWatt gólya - C:\\Users\\Admin\\Documents\\GitHub\\autowinwatt\\winwatt_automation\\data\\runtime_maps\\full_authorized_sandbox\\adaptive_anyagok_efficient_v4_20260831', 'class_name': 'TMainForm', 'control_type': 'Window'} last_validation_age_s=2.781000000075437 diagnostic_fast_mode=False
2026-08-31 15:16:17.790 | DEBUG    | winwatt_automation.live_ui.app_connector:get_cached_main_window:566 - DBG_PHASE_TIMING phase=get_cached_main_window elapsed_ms=0.000 reason_code=cache_reused_without_validation
2026-08-31 15:16:18.281 | INFO     | winwatt_automation.live_ui.menu_helpers:_menu_items:1101 - DBG_MENU_ITEMS_SUMMARY total_items=7 visible_items=7 topbar_band=(0, 0, 392, 53) topbar_band_visible_count=7 popup_region_visible_count=0 force_refresh=True handle=130287588
2026-08-31 15:16:18.300 | DEBUG    | winwatt_automation.live_ui.menu_helpers:_menu_items:1111 - Discovered 7 MenuItem controls
2026-08-31 15:16:18.300 | DEBUG    | winwatt_automation.live_ui.menu_helpers:_log_phase_timing:83 - DBG_PHASE_TIMING phase=_menu_items elapsed_ms=516.000 force_refresh=True total_items=7 visible_items=7
2026-08-31 15:16:18.377 | INFO     | winwatt_automation.live_ui.menu_helpers:list_top_menu_items:1141 - Top-level menu items (raw): ['Rendszer', 'Fájl', 'Jegyzékek', 'Eszközök', 'Beállítások', 'Ablak', 'Súgó']
2026-08-31 15:16:18.377 | DEBUG    | winwatt_automation.live_ui.menu_helpers:_log_phase_timing:83 - DBG_PHASE_TIMING phase=list_top_menu_items elapsed_ms=594.000 count=7
2026-08-31 15:16:18.890 | DEBUG    | winwatt_automation.live_ui.app_connector:get_cached_main_window:565 - DBG_WINWATT_CACHE_GET reason_code=cache_reused_without_validation payload={'wrapper_type': 'UIAWrapper', 'handle': 130287588, 'process_id': 5504, 'title': 'WinWatt gólya - C:\\Users\\Admin\\Documents\\GitHub\\autowinwatt\\winwatt_automation\\data\\runtime_maps\\full_authorized_sandbox\\adaptive_anyagok_efficient_v4_20260831', 'class_name': 'TMainForm', 'control_type': 'Window'} last_validation_age_s=3.875 diagnostic_fast_mode=False
2026-08-31 15:16:18.890 | DEBUG    | winwatt_automation.live_ui.app_connector:get_cached_main_window:566 - DBG_PHASE_TIMING phase=get_cached_main_window elapsed_ms=15.000 reason_code=cache_reused_without_validation
2026-08-31 15:16:19.064 | INFO     | winwatt_automation.live_ui.app_connector:is_winwatt_foreground_context:1161 - DBG_WINWATT_FOREGROUND_CONTEXT expected_handle=130287588 expected_process_id=5504 expected_title=WinWatt gólya - C:\Users\Admin\Documents\GitHub\autowinwatt\winwatt_automation\data\runtime_maps\full_authorized_sandbox\adaptive_anyagok_efficient_v4_20260831 expected_class_name=TMainForm actual_foreground_handle=130287588 actual_foreground_process_id=5504 actual_foreground_title=WinWatt gólya - C:\Users\Admin\Documents\GitHub\autowinwatt\winwatt_automation\data\runtime_maps\full_authorized_sandbox\adaptive_anyagok_efficient_v4_20260831 actual_foreground_class_name=TMainForm allow_dialog=True result_reason=handle_match
2026-08-31 15:16:19.080 | INFO     | winwatt_automation.live_ui.app_connector:_cached_window_health_status:489 - DBG_WINWATT_CACHE_HEALTH reason_code=healthy payload={'wrapper_type': 'UIAWrapper', 'handle': 130287588, 'process_id': 5504, 'title': 'WinWatt gólya - C:\\Users\\Admin\\Documents\\GitHub\\autowinwatt\\winwatt_automation\\data\\runtime_maps\\full_authorized_sandbox\\adaptive_anyagok_efficient_v4_20260831', 'class_name': 'TMainForm', 'control_type': 'Window'}
2026-08-31 15:16:19.080 | DEBUG    | winwatt_automation.live_ui.app_connector:get_cached_main_window:574 - DBG_WINWATT_CACHE_GET reason_code=cache_validated_ok payload={'wrapper_type': 'UIAWrapper', 'handle': 130287588, 'process_id': 5504, 'title': 'WinWatt gólya - C:\\Users\\Admin\\Documents\\GitHub\\autowinwatt\\winwatt_automation\\data\\runtime_maps\\full_authorized_sandbox\\adaptive_anyagok_efficient_v4_20260831', 'class_name': 'TMainForm', 'control_type': 'Window'} last_validation_age_s=4.062000000034459 diagnostic_fast_mode=False
2026-08-31 15:16:19.080 | DEBUG    | winwatt_automation.live_ui.app_connector:get_cached_main_window:575 - DBG_PHASE_TIMING phase=get_cached_main_window elapsed_ms=16.000 reason_code=cache_validated_ok
2026-08-31 15:16:19.096 | DEBUG    | winwatt_automation.live_ui.app_connector:get_cached_main_window:565 - DBG_WINWATT_CACHE_GET reason_code=cache_reused_without_validation payload={'wrapper_type': 'UIAWrapper', 'handle': 130287588, 'process_id': 5504, 'title': 'WinWatt gólya - C:\\Users\\Admin\\Documents\\GitHub\\autowinwatt\\winwatt_automation\\data\\runtime_maps\\full_authorized_sandbox\\adaptive_anyagok_efficient_v4_20260831', 'class_name': 'TMainForm', 'control_type': 'Window'} last_validation_age_s=0.015999999945051968 diagnostic_fast_mode=False
2026-08-31 15:16:19.097 | DEBUG    | winwatt_automation.live_ui.app_connector:get_cached_main_window:566 - DBG_PHASE_TIMING phase=get_cached_main_window elapsed_ms=15.000 reason_code=cache_reused_without_validation
2026-08-31 15:16:19.603 | INFO     | winwatt_automation.live_ui.menu_helpers:_menu_items:1101 - DBG_MENU_ITEMS_SUMMARY total_items=7 visible_items=7 topbar_band=(0, 0, 392, 53) topbar_band_visible_count=7 popup_region_visible_count=0 force_refresh=True handle=130287588
2026-08-31 15:16:19.613 | DEBUG    | winwatt_automation.live_ui.menu_helpers:_menu_items:1111 - Discovered 7 MenuItem controls
2026-08-31 15:16:19.613 | DEBUG    | winwatt_automation.live_ui.menu_helpers:_log_phase_timing:83 - DBG_PHASE_TIMING phase=_menu_items elapsed_ms=547.000 force_refresh=True total_items=7 visible_items=7
2026-08-31 15:16:19.682 | INFO     | winwatt_automation.live_ui.menu_helpers:list_top_menu_items:1141 - Top-level menu items (raw): ['Rendszer', 'Fájl', 'Jegyzékek', 'Eszközök', 'Beállítások', 'Ablak', 'Súgó']
2026-08-31 15:16:19.701 | DEBUG    | winwatt_automation.live_ui.menu_helpers:_log_phase_timing:83 - DBG_PHASE_TIMING phase=list_top_menu_items elapsed_ms=641.000 count=7
2026-08-31 15:16:20.215 | DEBUG    | winwatt_automation.live_ui.app_connector:get_cached_main_window:565 - DBG_WINWATT_CACHE_GET reason_code=cache_reused_without_validation payload={'wrapper_type': 'UIAWrapper', 'handle': 130287588, 'process_id': 5504, 'title': 'WinWatt gólya - C:\\Users\\Admin\\Documents\\GitHub\\autowinwatt\\winwatt_automation\\data\\runtime_maps\\full_authorized_sandbox\\adaptive_anyagok_efficient_v4_20260831', 'class_name': 'TMainForm', 'control_type': 'Window'} last_validation_age_s=1.140999999945052 diagnostic_fast_mode=False
2026-08-31 15:16:20.215 | DEBUG    | winwatt_automation.live_ui.app_connector:get_cached_main_window:566 - DBG_PHASE_TIMING phase=get_cached_main_window elapsed_ms=0.000 reason_code=cache_reused_without_validation
2026-08-31 15:16:20.386 | DEBUG    | winwatt_automation.live_ui.app_connector:get_cached_main_window:565 - DBG_WINWATT_CACHE_GET reason_code=cache_reused_without_validation payload={'wrapper_type': 'UIAWrapper', 'handle': 130287588, 'process_id': 5504, 'title': 'WinWatt gólya - C:\\Users\\Admin\\Documents\\GitHub\\autowinwatt\\winwatt_automation\\data\\runtime_maps\\full_authorized_sandbox\\adaptive_anyagok_efficient_v4_20260831', 'class_name': 'TMainForm', 'control_type': 'Window'} last_validation_age_s=1.312999999965541 diagnostic_fast_mode=False
2026-08-31 15:16:20.386 | DEBUG    | winwatt_automation.live_ui.app_connector:get_cached_main_window:566 - DBG_PHASE_TIMING phase=get_cached_main_window elapsed_ms=0.000 reason_code=cache_reused_without_validation
2026-08-31 15:16:20.402 | DEBUG    | winwatt_automation.live_ui.app_connector:get_cached_main_window:565 - DBG_WINWATT_CACHE_GET reason_code=cache_reused_without_validation payload={'wrapper_type': 'UIAWrapper', 'handle': 130287588, 'process_id': 5504, 'title': 'WinWatt gólya - C:\\Users\\Admin\\Documents\\GitHub\\autowinwatt\\winwatt_automation\\data\\runtime_maps\\full_authorized_sandbox\\adaptive_anyagok_efficient_v4_20260831', 'class_name': 'TMainForm', 'control_type': 'Window'} last_validation_age_s=1.312999999965541 diagnostic_fast_mode=False
2026-08-31 15:16:20.403 | DEBUG    | winwatt_automation.live_ui.app_connector:get_cached_main_window:566 - DBG_PHASE_TIMING phase=get_cached_main_window elapsed_ms=31.000 reason_code=cache_reused_without_validation
2026-08-31 15:16:20.885 | INFO     | winwatt_automation.live_ui.menu_helpers:_menu_items:1101 - DBG_MENU_ITEMS_SUMMARY total_items=7 visible_items=7 topbar_band=(0, 0, 392, 53) topbar_band_visible_count=7 popup_region_visible_count=0 force_refresh=True handle=130287588
2026-08-31 15:16:20.890 | DEBUG    | winwatt_automation.live_ui.menu_helpers:_menu_items:1111 - Discovered 7 MenuItem controls
2026-08-31 15:16:20.890 | DEBUG    | winwatt_automation.live_ui.menu_helpers:_log_phase_timing:83 - DBG_PHASE_TIMING phase=_menu_items elapsed_ms=515.000 force_refresh=True total_items=7 visible_items=7
2026-08-31 15:16:20.955 | INFO     | winwatt_automation.live_ui.menu_helpers:list_top_menu_items:1141 - Top-level menu items (raw): ['Rendszer', 'Fájl', 'Jegyzékek', 'Eszközök', 'Beállítások', 'Ablak', 'Súgó']
2026-08-31 15:16:20.955 | DEBUG    | winwatt_automation.live_ui.menu_helpers:_log_phase_timing:83 - DBG_PHASE_TIMING phase=list_top_menu_items elapsed_ms=578.000 count=7
2026-08-31 15:16:21.465 | DEBUG    | winwatt_automation.live_ui.app_connector:get_cached_main_window:565 - DBG_WINWATT_CACHE_GET reason_code=cache_reused_without_validation payload={'wrapper_type': 'UIAWrapper', 'handle': 130287588, 'process_id': 5504, 'title': 'WinWatt gólya - C:\\Users\\Admin\\Documents\\GitHub\\autowinwatt\\winwatt_automation\\data\\runtime_maps\\full_authorized_sandbox\\adaptive_anyagok_efficient_v4_20260831', 'class_name': 'TMainForm', 'control_type': 'Window'} last_validation_age_s=2.390999999945052 diagnostic_fast_mode=False
2026-08-31 15:16:21.465 | DEBUG    | winwatt_automation.live_ui.app_connector:get_cached_main_window:566 - DBG_PHASE_TIMING phase=get_cached_main_window elapsed_ms=0.000 reason_code=cache_reused_without_validation
2026-08-31 15:16:21.655 | DEBUG    | winwatt_automation.live_ui.app_connector:get_cached_main_window:565 - DBG_WINWATT_CACHE_GET reason_code=cache_reused_without_validation payload={'wrapper_type': 'UIAWrapper', 'handle': 130287588, 'process_id': 5504, 'title': 'WinWatt gólya - C:\\Users\\Admin\\Documents\\GitHub\\autowinwatt\\winwatt_automation\\data\\runtime_maps\\full_authorized_sandbox\\adaptive_anyagok_efficient_v4_20260831', 'class_name': 'TMainForm', 'control_type': 'Window'} last_validation_age_s=2.577999999979511 diagnostic_fast_mode=False
2026-08-31 15:16:21.655 | DEBUG    | winwatt_automation.live_ui.app_connector:get_cached_main_window:566 - DBG_PHASE_TIMING phase=get_cached_main_window elapsed_ms=16.000 reason_code=cache_reused_without_validation
2026-08-31 15:16:21.655 | DEBUG    | winwatt_automation.live_ui.app_connector:get_cached_main_window:565 - DBG_WINWATT_CACHE_GET reason_code=cache_reused_without_validation payload={'wrapper_type': 'UIAWrapper', 'handle': 130287588, 'process_id': 5504, 'title': 'WinWatt gólya - C:\\Users\\Admin\\Documents\\GitHub\\autowinwatt\\winwatt_automation\\data\\runtime_maps\\full_authorized_sandbox\\adaptive_anyagok_efficient_v4_20260831', 'class_name': 'TMainForm', 'control_type': 'Window'} last_validation_age_s=2.594000000040978 diagnostic_fast_mode=False
2026-08-31 15:16:21.655 | DEBUG    | winwatt_automation.live_ui.app_connector:get_cached_main_window:566 - DBG_PHASE_TIMING phase=get_cached_main_window elapsed_ms=0.000 reason_code=cache_reused_without_validation
2026-08-31 15:16:22.168 | INFO     | winwatt_automation.live_ui.menu_helpers:_menu_items:1101 - DBG_MENU_ITEMS_SUMMARY total_items=7 visible_items=7 topbar_band=(0, 0, 392, 53) topbar_band_visible_count=7 popup_region_visible_count=0 force_refresh=True handle=130287588
2026-08-31 15:16:22.168 | DEBUG    | winwatt_automation.live_ui.menu_helpers:_menu_items:1111 - Discovered 7 MenuItem controls
2026-08-31 15:16:22.168 | DEBUG    | winwatt_automation.live_ui.menu_helpers:_log_phase_timing:83 - DBG_PHASE_TIMING phase=_menu_items elapsed_ms=516.000 force_refresh=True total_items=7 visible_items=7
2026-08-31 15:16:22.242 | INFO     | winwatt_automation.live_ui.menu_helpers:list_top_menu_items:1141 - Top-level menu items (raw): ['Rendszer', 'Fájl', 'Jegyzékek', 'Eszközök', 'Beállítások', 'Ablak', 'Súgó']
2026-08-31 15:16:22.242 | DEBUG    | winwatt_automation.live_ui.menu_helpers:_log_phase_timing:83 - DBG_PHASE_TIMING phase=list_top_menu_items elapsed_ms=594.000 count=7
2026-08-31 15:16:22.756 | DEBUG    | winwatt_automation.live_ui.app_connector:get_cached_main_window:565 - DBG_WINWATT_CACHE_GET reason_code=cache_reused_without_validation payload={'wrapper_type': 'UIAWrapper', 'handle': 130287588, 'process_id': 5504, 'title': 'WinWatt gólya - C:\\Users\\Admin\\Documents\\GitHub\\autowinwatt\\winwatt_automation\\data\\runtime_maps\\full_authorized_sandbox\\adaptive_anyagok_efficient_v4_20260831', 'class_name': 'TMainForm', 'control_type': 'Window'} last_validation_age_s=3.687999999965541 diagnostic_fast_mode=False
2026-08-31 15:16:22.768 | DEBUG    | winwatt_automation.live_ui.app_connector:get_cached_main_window:566 - DBG_PHASE_TIMING phase=get_cached_main_window elapsed_ms=15.000 reason_code=cache_reused_without_validation
2026-08-31 15:16:22.949 | DEBUG    | winwatt_automation.live_ui.app_connector:get_cached_main_window:565 - DBG_WINWATT_CACHE_GET reason_code=cache_reused_without_validation payload={'wrapper_type': 'UIAWrapper', 'handle': 130287588, 'process_id': 5504, 'title': 'WinWatt gólya - C:\\Users\\Admin\\Documents\\GitHub\\autowinwatt\\winwatt_automation\\data\\runtime_maps\\full_authorized_sandbox\\adaptive_anyagok_efficient_v4_20260831', 'class_name': 'TMainForm', 'control_type': 'Window'} last_validation_age_s=3.875 diagnostic_fast_mode=False
2026-08-31 15:16:22.951 | DEBUG    | winwatt_automation.live_ui.app_connector:get_cached_main_window:566 - DBG_PHASE_TIMING phase=get_cached_main_window elapsed_ms=16.000 reason_code=cache_reused_without_validation
2026-08-31 15:16:22.954 | DEBUG    | winwatt_automation.live_ui.app_connector:get_cached_main_window:565 - DBG_WINWATT_CACHE_GET reason_code=cache_reused_without_validation payload={'wrapper_type': 'UIAWrapper', 'handle': 130287588, 'process_id': 5504, 'title': 'WinWatt gólya - C:\\Users\\Admin\\Documents\\GitHub\\autowinwatt\\winwatt_automation\\data\\runtime_maps\\full_authorized_sandbox\\adaptive_anyagok_efficient_v4_20260831', 'class_name': 'TMainForm', 'control_type': 'Window'} last_validation_age_s=3.890999999945052 diagnostic_fast_mode=False
2026-08-31 15:16:22.954 | DEBUG    | winwatt_automation.live_ui.app_connector:get_cached_main_window:566 - DBG_PHASE_TIMING phase=get_cached_main_window elapsed_ms=0.000 reason_code=cache_reused_without_validation
2026-08-31 15:16:23.481 | INFO     | winwatt_automation.live_ui.menu_helpers:_menu_items:1101 - DBG_MENU_ITEMS_SUMMARY total_items=7 visible_items=7 topbar_band=(0, 0, 392, 53) topbar_band_visible_count=7 popup_region_visible_count=0 force_refresh=True handle=130287588
2026-08-31 15:16:23.481 | DEBUG    | winwatt_automation.live_ui.menu_helpers:_menu_items:1111 - Discovered 7 MenuItem controls
2026-08-31 15:16:23.481 | DEBUG    | winwatt_automation.live_ui.menu_helpers:_log_phase_timing:83 - DBG_PHASE_TIMING phase=_menu_items elapsed_ms=547.000 force_refresh=True total_items=7 visible_items=7
2026-08-31 15:16:23.564 | INFO     | winwatt_automation.live_ui.menu_helpers:list_top_menu_items:1141 - Top-level menu items (raw): ['Rendszer', 'Fájl', 'Jegyzékek', 'Eszközök', 'Beállítások', 'Ablak', 'Súgó']
2026-08-31 15:16:23.566 | DEBUG    | winwatt_automation.live_ui.menu_helpers:_log_phase_timing:83 - DBG_PHASE_TIMING phase=list_top_menu_items elapsed_ms=625.000 count=7
2026-08-31 15:16:24.073 | INFO     | winwatt_automation.live_ui.app_connector:is_winwatt_foreground_context:1161 - DBG_WINWATT_FOREGROUND_CONTEXT expected_handle=130287588 expected_process_id=5504 expected_title=WinWatt gólya - C:\Users\Admin\Documents\GitHub\autowinwatt\winwatt_automation\data\runtime_maps\full_authorized_sandbox\adaptive_anyagok_efficient_v4_20260831 expected_class_name=TMainForm actual_foreground_handle=130287588 actual_foreground_process_id=5504 actual_foreground_title=WinWatt gólya - C:\Users\Admin\Documents\GitHub\autowinwatt\winwatt_automation\data\runtime_maps\full_authorized_sandbox\adaptive_anyagok_efficient_v4_20260831 actual_foreground_class_name=TMainForm allow_dialog=True result_reason=handle_match
2026-08-31 15:16:24.073 | INFO     | winwatt_automation.live_ui.app_connector:_cached_window_health_status:489 - DBG_WINWATT_CACHE_HEALTH reason_code=healthy payload={'wrapper_type': 'UIAWrapper', 'handle': 130287588, 'process_id': 5504, 'title': 'WinWatt gólya - C:\\Users\\Admin\\Documents\\GitHub\\autowinwatt\\winwatt_automation\\data\\runtime_maps\\full_authorized_sandbox\\adaptive_anyagok_efficient_v4_20260831', 'class_name': 'TMainForm', 'control_type': 'Window'}
2026-08-31 15:16:24.073 | DEBUG    | winwatt_automation.live_ui.app_connector:get_cached_main_window:574 - DBG_WINWATT_CACHE_GET reason_code=cache_validated_ok payload={'wrapper_type': 'UIAWrapper', 'handle': 130287588, 'process_id': 5504, 'title': 'WinWatt gólya - C:\\Users\\Admin\\Documents\\GitHub\\autowinwatt\\winwatt_automation\\data\\runtime_maps\\full_authorized_sandbox\\adaptive_anyagok_efficient_v4_20260831', 'class_name': 'TMainForm', 'control_type': 'Window'} last_validation_age_s=5.0 diagnostic_fast_mode=False
2026-08-31 15:16:24.073 | DEBUG    | winwatt_automation.live_ui.app_connector:get_cached_main_window:575 - DBG_PHASE_TIMING phase=get_cached_main_window elapsed_ms=0.000 reason_code=cache_validated_ok
2026-08-31 15:16:43.646 | INFO     | winwatt_automation.live_ui.app_connector:get_cached_main_window:597 - DBG_WINWATT_CACHE_GET reason_code=cache_missing_resolving_fresh diagnostic_fast_mode=False
2026-08-31 15:16:43.940 | DEBUG    | winwatt_automation.live_ui.app_connector:list_candidate_windows:180 - Discovered 0 WinWatt-like windows on backend=win32
2026-08-31 15:16:43.941 | INFO     | winwatt_automation.live_ui.app_connector:_connect_with_win32_handle:276 - DBG_WINWATT_CONNECT_WIN32_CANDIDATES locator=backend=win32 ranked_candidates=[] 
2026-08-31 15:16:43.941 | WARNING  | winwatt_automation.runtime_mapping.program_mapper:_safe_capture_snapshot:191 - snapshot_capture_failed state_id=startup_after_relaunch error=No WinWatt-like windows were found
2026-08-31 15:16:44.446 | INFO     | winwatt_automation.live_ui.app_connector:get_cached_main_window:597 - DBG_WINWATT_CACHE_GET reason_code=cache_missing_resolving_fresh diagnostic_fast_mode=False
2026-08-31 15:16:47.096 | DEBUG    | winwatt_automation.live_ui.app_connector:list_candidate_windows:180 - Discovered 0 WinWatt-like windows on backend=win32
2026-08-31 15:16:47.101 | INFO     | winwatt_automation.live_ui.app_connector:_connect_with_win32_handle:276 - DBG_WINWATT_CONNECT_WIN32_CANDIDATES locator=backend=win32 ranked_candidates=[] 
2026-08-31 15:16:47.101 | WARNING  | winwatt_automation.runtime_mapping.program_mapper:_safe_capture_snapshot:191 - snapshot_capture_failed state_id=startup_after_relaunch error=No WinWatt-like windows were found
2026-08-31 15:16:47.605 | INFO     | winwatt_automation.live_ui.app_connector:get_cached_main_window:597 - DBG_WINWATT_CACHE_GET reason_code=cache_missing_resolving_fresh diagnostic_fast_mode=False
2026-08-31 15:16:49.206 | DEBUG    | winwatt_automation.live_ui.app_connector:list_candidate_windows:180 - Discovered 0 WinWatt-like windows on backend=win32
2026-08-31 15:16:49.219 | INFO     | winwatt_automation.live_ui.app_connector:_connect_with_win32_handle:276 - DBG_WINWATT_CONNECT_WIN32_CANDIDATES locator=backend=win32 ranked_candidates=[] 
2026-08-31 15:16:49.219 | WARNING  | winwatt_automation.runtime_mapping.program_mapper:_safe_capture_snapshot:191 - snapshot_capture_failed state_id=startup_after_relaunch error=No WinWatt-like windows were found
2026-08-31 15:16:49.721 | INFO     | winwatt_automation.live_ui.app_connector:get_cached_main_window:597 - DBG_WINWATT_CACHE_GET reason_code=cache_missing_resolving_fresh diagnostic_fast_mode=False
2026-08-31 15:16:49.792 | DEBUG    | winwatt_automation.live_ui.app_connector:list_candidate_windows:180 - Discovered 0 WinWatt-like windows on backend=win32
2026-08-31 15:16:49.811 | INFO     | winwatt_automation.live_ui.app_connector:_connect_with_win32_handle:276 - DBG_WINWATT_CONNECT_WIN32_CANDIDATES locator=backend=win32 ranked_candidates=[] 
2026-08-31 15:16:49.811 | WARNING  | winwatt_automation.runtime_mapping.program_mapper:_safe_capture_snapshot:191 - snapshot_capture_failed state_id=startup_after_relaunch error=No WinWatt-like windows were found
2026-08-31 15:16:50.313 | INFO     | winwatt_automation.live_ui.app_connector:get_cached_main_window:597 - DBG_WINWATT_CACHE_GET reason_code=cache_missing_resolving_fresh diagnostic_fast_mode=False
2026-08-31 15:16:50.407 | DEBUG    | winwatt_automation.live_ui.app_connector:list_candidate_windows:180 - Discovered 0 WinWatt-like windows on backend=win32
2026-08-31 15:16:50.407 | INFO     | winwatt_automation.live_ui.app_connector:_connect_with_win32_handle:276 - DBG_WINWATT_CONNECT_WIN32_CANDIDATES locator=backend=win32 ranked_candidates=[] 
2026-08-31 15:16:50.407 | WARNING  | winwatt_automation.runtime_mapping.program_mapper:_safe_capture_snapshot:191 - snapshot_capture_failed state_id=startup_after_relaunch error=No WinWatt-like windows were found
2026-08-31 15:16:50.923 | INFO     | winwatt_automation.live_ui.app_connector:get_cached_main_window:597 - DBG_WINWATT_CACHE_GET reason_code=cache_missing_resolving_fresh diagnostic_fast_mode=False
2026-08-31 15:16:51.021 | DEBUG    | winwatt_automation.live_ui.app_connector:list_candidate_windows:180 - Discovered 0 WinWatt-like windows on backend=win32
2026-08-31 15:16:51.026 | INFO     | winwatt_automation.live_ui.app_connector:_connect_with_win32_handle:276 - DBG_WINWATT_CONNECT_WIN32_CANDIDATES locator=backend=win32 ranked_candidates=[] 
2026-08-31 15:16:51.027 | WARNING  | winwatt_automation.runtime_mapping.program_mapper:_safe_capture_snapshot:191 - snapshot_capture_failed state_id=startup_after_relaunch error=No WinWatt-like windows were found
2026-08-31 15:16:51.528 | INFO     | winwatt_automation.live_ui.app_connector:get_cached_main_window:597 - DBG_WINWATT_CACHE_GET reason_code=cache_missing_resolving_fresh diagnostic_fast_mode=False
2026-08-31 15:16:51.604 | DEBUG    | winwatt_automation.live_ui.app_connector:list_candidate_windows:180 - Discovered 0 WinWatt-like windows on backend=win32
2026-08-31 15:16:51.604 | INFO     | winwatt_automation.live_ui.app_connector:_connect_with_win32_handle:276 - DBG_WINWATT_CONNECT_WIN32_CANDIDATES locator=backend=win32 ranked_candidates=[] 
2026-08-31 15:16:51.604 | WARNING  | winwatt_automation.runtime_mapping.program_mapper:_safe_capture_snapshot:191 - snapshot_capture_failed state_id=startup_after_relaunch error=No WinWatt-like windows were found
2026-08-31 15:16:52.116 | INFO     | winwatt_automation.live_ui.app_connector:get_cached_main_window:597 - DBG_WINWATT_CACHE_GET reason_code=cache_missing_resolving_fresh diagnostic_fast_mode=False
2026-08-31 15:16:52.193 | DEBUG    | winwatt_automation.live_ui.app_connector:list_candidate_windows:180 - Discovered 0 WinWatt-like windows on backend=win32
2026-08-31 15:16:52.193 | INFO     | winwatt_automation.live_ui.app_connector:_connect_with_win32_handle:276 - DBG_WINWATT_CONNECT_WIN32_CANDIDATES locator=backend=win32 ranked_candidates=[] 
2026-08-31 15:16:52.193 | WARNING  | winwatt_automation.runtime_mapping.program_mapper:_safe_capture_snapshot:191 - snapshot_capture_failed state_id=startup_after_relaunch error=No WinWatt-like windows were found
2026-08-31 15:16:52.708 | INFO     | winwatt_automation.live_ui.app_connector:get_cached_main_window:597 - DBG_WINWATT_CACHE_GET reason_code=cache_missing_resolving_fresh diagnostic_fast_mode=False
2026-08-31 15:16:52.965 | DEBUG    | winwatt_automation.live_ui.app_connector:list_candidate_windows:180 - Discovered 0 WinWatt-like windows on backend=win32
2026-08-31 15:16:52.965 | INFO     | winwatt_automation.live_ui.app_connector:_connect_with_win32_handle:276 - DBG_WINWATT_CONNECT_WIN32_CANDIDATES locator=backend=win32 ranked_candidates=[] 
2026-08-31 15:16:52.965 | WARNING  | winwatt_automation.runtime_mapping.program_mapper:_safe_capture_snapshot:191 - snapshot_capture_failed state_id=startup_after_relaunch error=No WinWatt-like windows were found
2026-08-31 15:16:53.467 | INFO     | winwatt_automation.live_ui.app_connector:get_cached_main_window:597 - DBG_WINWATT_CACHE_GET reason_code=cache_missing_resolving_fresh diagnostic_fast_mode=False
2026-08-31 15:16:53.582 | DEBUG    | winwatt_automation.live_ui.app_connector:list_candidate_windows:180 - Discovered 0 WinWatt-like windows on backend=win32
2026-08-31 15:16:53.582 | INFO     | winwatt_automation.live_ui.app_connector:_connect_with_win32_handle:276 - DBG_WINWATT_CONNECT_WIN32_CANDIDATES locator=backend=win32 ranked_candidates=[] 
2026-08-31 15:16:53.582 | WARNING  | winwatt_automation.runtime_mapping.program_mapper:_safe_capture_snapshot:191 - snapshot_capture_failed state_id=startup_after_relaunch error=No WinWatt-like windows were found
2026-08-31 15:16:54.092 | INFO     | winwatt_automation.live_ui.app_connector:get_cached_main_window:597 - DBG_WINWATT_CACHE_GET reason_code=cache_missing_resolving_fresh diagnostic_fast_mode=False
2026-08-31 15:16:54.238 | DEBUG    | winwatt_automation.live_ui.app_connector:list_candidate_windows:180 - Discovered 0 WinWatt-like windows on backend=win32
2026-08-31 15:16:54.238 | INFO     | winwatt_automation.live_ui.app_connector:_connect_with_win32_handle:276 - DBG_WINWATT_CONNECT_WIN32_CANDIDATES locator=backend=win32 ranked_candidates=[] 
2026-08-31 15:16:54.238 | WARNING  | winwatt_automation.runtime_mapping.program_mapper:_safe_capture_snapshot:191 - snapshot_capture_failed state_id=startup_after_relaunch error=No WinWatt-like windows were found
2026-08-31 15:16:54.743 | INFO     | winwatt_automation.live_ui.app_connector:get_cached_main_window:597 - DBG_WINWATT_CACHE_GET reason_code=cache_missing_resolving_fresh diagnostic_fast_mode=False
2026-08-31 15:16:54.835 | DEBUG    | winwatt_automation.live_ui.app_connector:list_candidate_windows:180 - Discovered 0 WinWatt-like windows on backend=win32
2026-08-31 15:16:54.835 | INFO     | winwatt_automation.live_ui.app_connector:_connect_with_win32_handle:276 - DBG_WINWATT_CONNECT_WIN32_CANDIDATES locator=backend=win32 ranked_candidates=[] 
2026-08-31 15:16:54.835 | WARNING  | winwatt_automation.runtime_mapping.program_mapper:_safe_capture_snapshot:191 - snapshot_capture_failed state_id=startup_after_relaunch error=No WinWatt-like windows were found
2026-08-31 15:16:55.340 | INFO     | winwatt_automation.live_ui.app_connector:get_cached_main_window:597 - DBG_WINWATT_CACHE_GET reason_code=cache_missing_resolving_fresh diagnostic_fast_mode=False
2026-08-31 15:16:55.420 | DEBUG    | winwatt_automation.live_ui.app_connector:list_candidate_windows:180 - Discovered 0 WinWatt-like windows on backend=win32
2026-08-31 15:16:55.420 | INFO     | winwatt_automation.live_ui.app_connector:_connect_with_win32_handle:276 - DBG_WINWATT_CONNECT_WIN32_CANDIDATES locator=backend=win32 ranked_candidates=[] 
2026-08-31 15:16:55.420 | WARNING  | winwatt_automation.runtime_mapping.program_mapper:_safe_capture_snapshot:191 - snapshot_capture_failed state_id=startup_after_relaunch error=No WinWatt-like windows were found
2026-08-31 15:16:55.929 | INFO     | winwatt_automation.live_ui.app_connector:get_cached_main_window:597 - DBG_WINWATT_CACHE_GET reason_code=cache_missing_resolving_fresh diagnostic_fast_mode=False
2026-08-31 15:16:56.026 | DEBUG    | winwatt_automation.live_ui.app_connector:list_candidate_windows:180 - Discovered 1 WinWatt-like windows on backend=win32
2026-08-31 15:16:56.026 | DEBUG    | winwatt_automation.live_ui.app_connector:list_candidate_windows:182 - Candidate[win32]: {'title': 'WinWatt gólya - C:\\Users\\Admin\\Documents\\GitHub\\autowinwatt\\winwatt_automation\\data\\runtime_maps\\full_authorized_sandbox\\adaptive_anyagok_efficient_v4_20260831', 'window_text': 'WinWatt gólya - C:\\Users\\Admin\\Documents\\GitHub\\autowinwatt\\winwatt_automation\\data\\runtime_maps\\full_authorized_sandbox\\adaptive_anyagok_efficient_v4_20260831', 'class_name': 'TMainForm', 'control_type': None, 'process_id': 2852, 'handle': None, 'is_visible': True, 'is_enabled': True, 'rectangle': {'left': -10, 'top': -10, 'right': 1930, 'bottom': 1030, 'width': 1940, 'height': 1040}, 'size': {'width': 1940, 'height': 1040}}
2026-08-31 15:16:56.026 | INFO     | winwatt_automation.live_ui.app_connector:_connect_with_win32_handle:276 - DBG_WINWATT_CONNECT_WIN32_CANDIDATES locator=backend=win32 ranked_candidates=[{'rank': 1, 'score': (1, 1, 1, 1, 2017600), 'process_id': 2852, 'handle': None, 'class_name': 'TMainForm', 'title': 'WinWatt gólya - C:\\Users\\Admin\\Documents\\GitHub\\autowinwatt\\winwatt_automation\\data\\runtime_maps\\full_authorized_sandbox\\adaptive_anyagok_efficient_v4_20260831', 'visible': True, 'enabled': True}] 
2026-08-31 15:16:56.026 | INFO     | winwatt_automation.live_ui.app_connector:select_main_window:224 - Candidate ranking score=(1, 1, 1, 1, 2017600) data={'title': 'WinWatt gólya - C:\\Users\\Admin\\Documents\\GitHub\\autowinwatt\\winwatt_automation\\data\\runtime_maps\\full_authorized_sandbox\\adaptive_anyagok_efficient_v4_20260831', 'window_text': 'WinWatt gólya - C:\\Users\\Admin\\Documents\\GitHub\\autowinwatt\\winwatt_automation\\data\\runtime_maps\\full_authorized_sandbox\\adaptive_anyagok_efficient_v4_20260831', 'class_name': 'TMainForm', 'control_type': None, 'process_id': 2852, 'handle': None, 'is_visible': True, 'is_enabled': True, 'rectangle': {'left': -10, 'top': -10, 'right': 1930, 'bottom': 1030, 'width': 1940, 'height': 1040}, 'size': {'width': 1940, 'height': 1040}}
2026-08-31 15:16:56.026 | INFO     | winwatt_automation.live_ui.app_connector:select_main_window:234 - Selected main window process_id=2852 handle=None score=(1, 1, 1, 1, 2017600) reasons=['has_process_id=True', 'has_handle=False', 'visible=True', 'enabled=True', 'title_has_winwatt=True', 'area=2017600']
2026-08-31 15:16:56.026 | INFO     | winwatt_automation.live_ui.app_connector:_connect_with_win32_handle:293 - DBG_WINWATT_CONNECT_WIN32_SELECTED selected_payload={'title': 'WinWatt gólya - C:\\Users\\Admin\\Documents\\GitHub\\autowinwatt\\winwatt_automation\\data\\runtime_maps\\full_authorized_sandbox\\adaptive_anyagok_efficient_v4_20260831', 'window_text': 'WinWatt gólya - C:\\Users\\Admin\\Documents\\GitHub\\autowinwatt\\winwatt_automation\\data\\runtime_maps\\full_authorized_sandbox\\adaptive_anyagok_efficient_v4_20260831', 'class_name': 'TMainForm', 'control_type': None, 'process_id': 2852, 'handle': None, 'is_visible': True, 'is_enabled': True, 'rectangle': {'left': -10, 'top': -10, 'right': 1930, 'bottom': 1030, 'width': 1940, 'height': 1040}, 'size': {'width': 1940, 'height': 1040}} selected_handle_is_none=True
2026-08-31 15:16:56.026 | INFO     | winwatt_automation.live_ui.app_connector:_connect_with_win32_handle:336 - Connected to WinWatt backend=win32 attach_mode=process candidate={'process_id': 2852, 'handle': None, 'class_name': 'TMainForm', 'title': 'WinWatt gólya - C:\\Users\\Admin\\Documents\\GitHub\\autowinwatt\\winwatt_automation\\data\\runtime_maps\\full_authorized_sandbox\\adaptive_anyagok_efficient_v4_20260831'}
2026-08-31 15:16:56.026 | INFO     | winwatt_automation.live_ui.app_connector:_connect_with_win32_handle:350 - DBG_WINWATT_CONNECT_WIN32_RESOLVED process_id=2852 resolved_handle=None selected_payload={'title': 'WinWatt gólya - C:\\Users\\Admin\\Documents\\GitHub\\autowinwatt\\winwatt_automation\\data\\runtime_maps\\full_authorized_sandbox\\adaptive_anyagok_efficient_v4_20260831', 'window_text': 'WinWatt gólya - C:\\Users\\Admin\\Documents\\GitHub\\autowinwatt\\winwatt_automation\\data\\runtime_maps\\full_authorized_sandbox\\adaptive_anyagok_efficient_v4_20260831', 'class_name': 'TMainForm', 'control_type': None, 'process_id': 2852, 'handle': None, 'is_visible': True, 'is_enabled': True, 'rectangle': {'left': -10, 'top': -10, 'right': 1930, 'bottom': 1030, 'width': 1940, 'height': 1040}, 'size': {'width': 1940, 'height': 1040}}
2026-08-31 15:16:56.042 | INFO     | winwatt_automation.live_ui.app_connector:_resolve_uia_main_window:382 - DBG_WINWATT_RESOLVE_UIA_WIN32_SELECTED selected_payload={'title': 'WinWatt gólya - C:\\Users\\Admin\\Documents\\GitHub\\autowinwatt\\winwatt_automation\\data\\runtime_maps\\full_authorized_sandbox\\adaptive_anyagok_efficient_v4_20260831', 'window_text': 'WinWatt gólya - C:\\Users\\Admin\\Documents\\GitHub\\autowinwatt\\winwatt_automation\\data\\runtime_maps\\full_authorized_sandbox\\adaptive_anyagok_efficient_v4_20260831', 'class_name': 'TMainForm', 'control_type': None, 'process_id': 2852, 'handle': None, 'is_visible': True, 'is_enabled': True, 'rectangle': {'left': -10, 'top': -10, 'right': 1930, 'bottom': 1030, 'width': 1940, 'height': 1040}, 'size': {'width': 1940, 'height': 1040}}
2026-08-31 15:16:56.042 | INFO     | winwatt_automation.live_ui.app_connector:_resolve_uia_main_window:388 - Connected to WinWatt backend=uia process_id=2852
2026-08-31 15:16:56.042 | INFO     | winwatt_automation.live_ui.app_connector:_resolve_uia_main_window:390 - Resolving main WinWatt window backend=uia class_name=TMainForm title_re=.*WinWatt.*
2026-08-31 15:16:56.389 | INFO     | winwatt_automation.live_ui.app_connector:_resolve_uia_main_window:400 - DBG_WINWATT_RESOLVE_UIA_PRIMARY selected_payload={'title': 'WinWatt gólya - C:\\Users\\Admin\\Documents\\GitHub\\autowinwatt\\winwatt_automation\\data\\runtime_maps\\full_authorized_sandbox\\adaptive_anyagok_efficient_v4_20260831', 'window_text': 'WinWatt gólya - C:\\Users\\Admin\\Documents\\GitHub\\autowinwatt\\winwatt_automation\\data\\runtime_maps\\full_authorized_sandbox\\adaptive_anyagok_efficient_v4_20260831', 'class_name': 'TMainForm', 'control_type': None, 'process_id': 2852, 'handle': None, 'is_visible': True, 'is_enabled': True, 'rectangle': {'left': -10, 'top': -10, 'right': 1930, 'bottom': 1030, 'width': 1940, 'height': 1040}, 'size': {'width': 1940, 'height': 1040}} primary_result={'wrapper_type': 'UIAWrapper', 'handle': 122685450, 'process_id': 2852, 'title': 'WinWatt gólya - C:\\Users\\Admin\\Documents\\GitHub\\autowinwatt\\winwatt_automation\\data\\runtime_maps\\full_authorized_sandbox\\adaptive_anyagok_efficient_v4_20260831', 'class_name': 'TMainForm', 'control_type': 'Window'} identity_match_with_win32=None
2026-08-31 15:16:56.397 | DEBUG    | winwatt_automation.live_ui.app_connector:get_cached_main_window:606 - DBG_PHASE_TIMING phase=get_cached_main_window elapsed_ms=468.000 reason_code=fresh_resolve
2026-08-31 15:16:56.537 | DEBUG    | winwatt_automation.live_ui.app_connector:get_cached_main_window:565 - DBG_WINWATT_CACHE_GET reason_code=cache_reused_without_validation payload={'wrapper_type': 'UIAWrapper', 'handle': 122685450, 'process_id': 2852, 'title': 'WinWatt gólya - C:\\Users\\Admin\\Documents\\GitHub\\autowinwatt\\winwatt_automation\\data\\runtime_maps\\full_authorized_sandbox\\adaptive_anyagok_efficient_v4_20260831', 'class_name': 'TMainForm', 'control_type': 'Window'} last_validation_age_s=0.1410000000614673 diagnostic_fast_mode=False
2026-08-31 15:16:56.550 | DEBUG    | winwatt_automation.live_ui.app_connector:get_cached_main_window:566 - DBG_PHASE_TIMING phase=get_cached_main_window elapsed_ms=16.000 reason_code=cache_reused_without_validation
2026-08-31 15:16:56.552 | DEBUG    | winwatt_automation.live_ui.app_connector:get_cached_main_window:565 - DBG_WINWATT_CACHE_GET reason_code=cache_reused_without_validation payload={'wrapper_type': 'UIAWrapper', 'handle': 122685450, 'process_id': 2852, 'title': 'WinWatt gólya - C:\\Users\\Admin\\Documents\\GitHub\\autowinwatt\\winwatt_automation\\data\\runtime_maps\\full_authorized_sandbox\\adaptive_anyagok_efficient_v4_20260831', 'class_name': 'TMainForm', 'control_type': 'Window'} last_validation_age_s=0.15700000000651926 diagnostic_fast_mode=False
2026-08-31 15:16:56.552 | DEBUG    | winwatt_automation.live_ui.app_connector:get_cached_main_window:566 - DBG_PHASE_TIMING phase=get_cached_main_window elapsed_ms=0.000 reason_code=cache_reused_without_validation
2026-08-31 15:16:57.039 | INFO     | winwatt_automation.live_ui.menu_helpers:_menu_items:1101 - DBG_MENU_ITEMS_SUMMARY total_items=7 visible_items=7 topbar_band=(0, 0, 392, 53) topbar_band_visible_count=7 popup_region_visible_count=0 force_refresh=True handle=122685450
2026-08-31 15:16:57.045 | DEBUG    | winwatt_automation.live_ui.menu_helpers:_menu_items:1111 - Discovered 7 MenuItem controls
2026-08-31 15:16:57.045 | DEBUG    | winwatt_automation.live_ui.menu_helpers:_log_phase_timing:83 - DBG_PHASE_TIMING phase=_menu_items elapsed_ms=516.000 force_refresh=True total_items=7 visible_items=7
2026-08-31 15:16:57.152 | INFO     | winwatt_automation.live_ui.menu_helpers:list_top_menu_items:1141 - Top-level menu items (raw): ['Rendszer', 'Fájl', 'Jegyzékek', 'Eszközök', 'Beállítások', 'Ablak', 'Súgó']
2026-08-31 15:16:57.156 | DEBUG    | winwatt_automation.live_ui.menu_helpers:_log_phase_timing:83 - DBG_PHASE_TIMING phase=list_top_menu_items elapsed_ms=625.000 count=7
2026-08-31 15:16:57.659 | DEBUG    | winwatt_automation.live_ui.app_connector:get_cached_main_window:565 - DBG_WINWATT_CACHE_GET reason_code=cache_reused_without_validation payload={'wrapper_type': 'UIAWrapper', 'handle': 122685450, 'process_id': 2852, 'title': 'WinWatt gólya - C:\\Users\\Admin\\Documents\\GitHub\\autowinwatt\\winwatt_automation\\data\\runtime_maps\\full_authorized_sandbox\\adaptive_anyagok_efficient_v4_20260831', 'class_name': 'TMainForm', 'control_type': 'Window'} last_validation_age_s=1.2660000000614673 diagnostic_fast_mode=False
2026-08-31 15:16:57.666 | DEBUG    | winwatt_automation.live_ui.app_connector:get_cached_main_window:566 - DBG_PHASE_TIMING phase=get_cached_main_window elapsed_ms=0.000 reason_code=cache_reused_without_validation
2026-08-31 15:16:57.823 | DEBUG    | winwatt_automation.live_ui.app_connector:get_cached_main_window:565 - DBG_WINWATT_CACHE_GET reason_code=cache_reused_without_validation payload={'wrapper_type': 'UIAWrapper', 'handle': 122685450, 'process_id': 2852, 'title': 'WinWatt gólya - C:\\Users\\Admin\\Documents\\GitHub\\autowinwatt\\winwatt_automation\\data\\runtime_maps\\full_authorized_sandbox\\adaptive_anyagok_efficient_v4_20260831', 'class_name': 'TMainForm', 'control_type': 'Window'} last_validation_age_s=1.4070000000065193 diagnostic_fast_mode=False
2026-08-31 15:16:57.828 | DEBUG    | winwatt_automation.live_ui.app_connector:get_cached_main_window:566 - DBG_PHASE_TIMING phase=get_cached_main_window elapsed_ms=31.000 reason_code=cache_reused_without_validation
2026-08-31 15:16:57.828 | DEBUG    | winwatt_automation.live_ui.app_connector:get_cached_main_window:565 - DBG_WINWATT_CACHE_GET reason_code=cache_reused_without_validation payload={'wrapper_type': 'UIAWrapper', 'handle': 122685450, 'process_id': 2852, 'title': 'WinWatt gólya - C:\\Users\\Admin\\Documents\\GitHub\\autowinwatt\\winwatt_automation\\data\\runtime_maps\\full_authorized_sandbox\\adaptive_anyagok_efficient_v4_20260831', 'class_name': 'TMainForm', 'control_type': 'Window'} last_validation_age_s=1.437999999965541 diagnostic_fast_mode=False
2026-08-31 15:16:57.828 | DEBUG    | winwatt_automation.live_ui.app_connector:get_cached_main_window:566 - DBG_PHASE_TIMING phase=get_cached_main_window elapsed_ms=0.000 reason_code=cache_reused_without_validation
2026-08-31 15:16:58.329 | INFO     | winwatt_automation.live_ui.menu_helpers:_menu_items:1101 - DBG_MENU_ITEMS_SUMMARY total_items=7 visible_items=7 topbar_band=(0, 0, 392, 53) topbar_band_visible_count=7 popup_region_visible_count=0 force_refresh=True handle=122685450
2026-08-31 15:16:58.340 | DEBUG    | winwatt_automation.live_ui.menu_helpers:_menu_items:1111 - Discovered 7 MenuItem controls
2026-08-31 15:16:58.342 | DEBUG    | winwatt_automation.live_ui.menu_helpers:_log_phase_timing:83 - DBG_PHASE_TIMING phase=_menu_items elapsed_ms=546.000 force_refresh=True total_items=7 visible_items=7
2026-08-31 15:16:58.408 | INFO     | winwatt_automation.live_ui.menu_helpers:list_top_menu_items:1141 - Top-level menu items (raw): ['Rendszer', 'Fájl', 'Jegyzékek', 'Eszközök', 'Beállítások', 'Ablak', 'Súgó']
2026-08-31 15:16:58.408 | DEBUG    | winwatt_automation.live_ui.menu_helpers:_log_phase_timing:83 - DBG_PHASE_TIMING phase=list_top_menu_items elapsed_ms=609.000 count=7
2026-08-31 15:16:58.924 | DEBUG    | winwatt_automation.live_ui.app_connector:get_cached_main_window:565 - DBG_WINWATT_CACHE_GET reason_code=cache_reused_without_validation payload={'wrapper_type': 'UIAWrapper', 'handle': 122685450, 'process_id': 2852, 'title': 'WinWatt gólya - C:\\Users\\Admin\\Documents\\GitHub\\autowinwatt\\winwatt_automation\\data\\runtime_maps\\full_authorized_sandbox\\adaptive_anyagok_efficient_v4_20260831', 'class_name': 'TMainForm', 'control_type': 'Window'} last_validation_age_s=2.5320000000065193 diagnostic_fast_mode=False
2026-08-31 15:16:58.936 | DEBUG    | winwatt_automation.live_ui.app_connector:get_cached_main_window:566 - DBG_PHASE_TIMING phase=get_cached_main_window elapsed_ms=15.000 reason_code=cache_reused_without_validation
2026-08-31 15:16:59.080 | DEBUG    | winwatt_automation.live_ui.app_connector:get_cached_main_window:565 - DBG_WINWATT_CACHE_GET reason_code=cache_reused_without_validation payload={'wrapper_type': 'UIAWrapper', 'handle': 122685450, 'process_id': 2852, 'title': 'WinWatt gólya - C:\\Users\\Admin\\Documents\\GitHub\\autowinwatt\\winwatt_automation\\data\\runtime_maps\\full_authorized_sandbox\\adaptive_anyagok_efficient_v4_20260831', 'class_name': 'TMainForm', 'control_type': 'Window'} last_validation_age_s=2.687999999965541 diagnostic_fast_mode=False
2026-08-31 15:16:59.080 | DEBUG    | winwatt_automation.live_ui.app_connector:get_cached_main_window:566 - DBG_PHASE_TIMING phase=get_cached_main_window elapsed_ms=0.000 reason_code=cache_reused_without_validation
2026-08-31 15:16:59.080 | DEBUG    | winwatt_automation.live_ui.app_connector:get_cached_main_window:565 - DBG_WINWATT_CACHE_GET reason_code=cache_reused_without_validation payload={'wrapper_type': 'UIAWrapper', 'handle': 122685450, 'process_id': 2852, 'title': 'WinWatt gólya - C:\\Users\\Admin\\Documents\\GitHub\\autowinwatt\\winwatt_automation\\data\\runtime_maps\\full_authorized_sandbox\\adaptive_anyagok_efficient_v4_20260831', 'class_name': 'TMainForm', 'control_type': 'Window'} last_validation_age_s=2.687999999965541 diagnostic_fast_mode=False
2026-08-31 15:16:59.080 | DEBUG    | winwatt_automation.live_ui.app_connector:get_cached_main_window:566 - DBG_PHASE_TIMING phase=get_cached_main_window elapsed_ms=0.000 reason_code=cache_reused_without_validation
2026-08-31 15:16:59.616 | INFO     | winwatt_automation.live_ui.menu_helpers:_menu_items:1101 - DBG_MENU_ITEMS_SUMMARY total_items=7 visible_items=7 topbar_band=(0, 0, 392, 53) topbar_band_visible_count=7 popup_region_visible_count=0 force_refresh=True handle=122685450
2026-08-31 15:16:59.616 | DEBUG    | winwatt_automation.live_ui.menu_helpers:_menu_items:1111 - Discovered 7 MenuItem controls
2026-08-31 15:16:59.616 | DEBUG    | winwatt_automation.live_ui.menu_helpers:_log_phase_timing:83 - DBG_PHASE_TIMING phase=_menu_items elapsed_ms=531.000 force_refresh=True total_items=7 visible_items=7
2026-08-31 15:16:59.696 | INFO     | winwatt_automation.live_ui.menu_helpers:list_top_menu_items:1141 - Top-level menu items (raw): ['Rendszer', 'Fájl', 'Jegyzékek', 'Eszközök', 'Beállítások', 'Ablak', 'Súgó']
2026-08-31 15:16:59.701 | DEBUG    | winwatt_automation.live_ui.menu_helpers:_log_phase_timing:83 - DBG_PHASE_TIMING phase=list_top_menu_items elapsed_ms=625.000 count=7
2026-08-31 15:17:00.215 | DEBUG    | winwatt_automation.live_ui.app_connector:get_cached_main_window:565 - DBG_WINWATT_CACHE_GET reason_code=cache_reused_without_validation payload={'wrapper_type': 'UIAWrapper', 'handle': 122685450, 'process_id': 2852, 'title': 'WinWatt gólya - C:\\Users\\Admin\\Documents\\GitHub\\autowinwatt\\winwatt_automation\\data\\runtime_maps\\full_authorized_sandbox\\adaptive_anyagok_efficient_v4_20260831', 'class_name': 'TMainForm', 'control_type': 'Window'} last_validation_age_s=3.812999999965541 diagnostic_fast_mode=False
2026-08-31 15:17:00.215 | DEBUG    | winwatt_automation.live_ui.app_connector:get_cached_main_window:566 - DBG_PHASE_TIMING phase=get_cached_main_window elapsed_ms=0.000 reason_code=cache_reused_without_validation
2026-08-31 15:17:00.399 | INFO     | winwatt_automation.live_ui.app_connector:is_winwatt_foreground_context:1161 - DBG_WINWATT_FOREGROUND_CONTEXT expected_handle=122685450 expected_process_id=2852 expected_title=WinWatt gólya - C:\Users\Admin\Documents\GitHub\autowinwatt\winwatt_automation\data\runtime_maps\full_authorized_sandbox\adaptive_anyagok_efficient_v4_20260831 expected_class_name=TMainForm actual_foreground_handle=122685450 actual_foreground_process_id=2852 actual_foreground_title=WinWatt gólya - C:\Users\Admin\Documents\GitHub\autowinwatt\winwatt_automation\data\runtime_maps\full_authorized_sandbox\adaptive_anyagok_efficient_v4_20260831 actual_foreground_class_name=TMainForm allow_dialog=True result_reason=handle_match
2026-08-31 15:17:00.413 | INFO     | winwatt_automation.live_ui.app_connector:_cached_window_health_status:489 - DBG_WINWATT_CACHE_HEALTH reason_code=healthy payload={'wrapper_type': 'UIAWrapper', 'handle': 122685450, 'process_id': 2852, 'title': 'WinWatt gólya - C:\\Users\\Admin\\Documents\\GitHub\\autowinwatt\\winwatt_automation\\data\\runtime_maps\\full_authorized_sandbox\\adaptive_anyagok_efficient_v4_20260831', 'class_name': 'TMainForm', 'control_type': 'Window'}
2026-08-31 15:17:00.417 | DEBUG    | winwatt_automation.live_ui.app_connector:get_cached_main_window:574 - DBG_WINWATT_CACHE_GET reason_code=cache_validated_ok payload={'wrapper_type': 'UIAWrapper', 'handle': 122685450, 'process_id': 2852, 'title': 'WinWatt gólya - C:\\Users\\Admin\\Documents\\GitHub\\autowinwatt\\winwatt_automation\\data\\runtime_maps\\full_authorized_sandbox\\adaptive_anyagok_efficient_v4_20260831', 'class_name': 'TMainForm', 'control_type': 'Window'} last_validation_age_s=4.0 diagnostic_fast_mode=False
2026-08-31 15:17:00.417 | DEBUG    | winwatt_automation.live_ui.app_connector:get_cached_main_window:575 - DBG_PHASE_TIMING phase=get_cached_main_window elapsed_ms=16.000 reason_code=cache_validated_ok
2026-08-31 15:17:00.420 | DEBUG    | winwatt_automation.live_ui.app_connector:get_cached_main_window:565 - DBG_WINWATT_CACHE_GET reason_code=cache_reused_without_validation payload={'wrapper_type': 'UIAWrapper', 'handle': 122685450, 'process_id': 2852, 'title': 'WinWatt gólya - C:\\Users\\Admin\\Documents\\GitHub\\autowinwatt\\winwatt_automation\\data\\runtime_maps\\full_authorized_sandbox\\adaptive_anyagok_efficient_v4_20260831', 'class_name': 'TMainForm', 'control_type': 'Window'} last_validation_age_s=0.03200000000651926 diagnostic_fast_mode=False
2026-08-31 15:17:00.421 | DEBUG    | winwatt_automation.live_ui.app_connector:get_cached_main_window:566 - DBG_PHASE_TIMING phase=get_cached_main_window elapsed_ms=0.000 reason_code=cache_reused_without_validation
2026-08-31 15:17:00.887 | INFO     | winwatt_automation.live_ui.menu_helpers:_menu_items:1101 - DBG_MENU_ITEMS_SUMMARY total_items=7 visible_items=7 topbar_band=(0, 0, 392, 53) topbar_band_visible_count=7 popup_region_visible_count=0 force_refresh=True handle=122685450
2026-08-31 15:17:00.887 | DEBUG    | winwatt_automation.live_ui.menu_helpers:_menu_items:1111 - Discovered 7 MenuItem controls
2026-08-31 15:17:00.887 | DEBUG    | winwatt_automation.live_ui.menu_helpers:_log_phase_timing:83 - DBG_PHASE_TIMING phase=_menu_items elapsed_ms=485.000 force_refresh=True total_items=7 visible_items=7
2026-08-31 15:17:00.975 | INFO     | winwatt_automation.live_ui.menu_helpers:list_top_menu_items:1141 - Top-level menu items (raw): ['Rendszer', 'Fájl', 'Jegyzékek', 'Eszközök', 'Beállítások', 'Ablak', 'Súgó']
2026-08-31 15:17:00.983 | DEBUG    | winwatt_automation.live_ui.menu_helpers:_log_phase_timing:83 - DBG_PHASE_TIMING phase=list_top_menu_items elapsed_ms=594.000 count=7
2026-08-31 15:17:01.491 | DEBUG    | winwatt_automation.live_ui.app_connector:get_cached_main_window:565 - DBG_WINWATT_CACHE_GET reason_code=cache_reused_without_validation payload={'wrapper_type': 'UIAWrapper', 'handle': 122685450, 'process_id': 2852, 'title': 'WinWatt gólya - C:\\Users\\Admin\\Documents\\GitHub\\autowinwatt\\winwatt_automation\\data\\runtime_maps\\full_authorized_sandbox\\adaptive_anyagok_efficient_v4_20260831', 'class_name': 'TMainForm', 'control_type': 'Window'} last_validation_age_s=1.0940000000409782 diagnostic_fast_mode=False
2026-08-31 15:17:01.495 | DEBUG    | winwatt_automation.live_ui.app_connector:get_cached_main_window:566 - DBG_PHASE_TIMING phase=get_cached_main_window elapsed_ms=0.000 reason_code=cache_reused_without_validation
2026-08-31 15:17:01.640 | DEBUG    | winwatt_automation.live_ui.app_connector:get_cached_main_window:565 - DBG_WINWATT_CACHE_GET reason_code=cache_reused_without_validation payload={'wrapper_type': 'UIAWrapper', 'handle': 122685450, 'process_id': 2852, 'title': 'WinWatt gólya - C:\\Users\\Admin\\Documents\\GitHub\\autowinwatt\\winwatt_automation\\data\\runtime_maps\\full_authorized_sandbox\\adaptive_anyagok_efficient_v4_20260831', 'class_name': 'TMainForm', 'control_type': 'Window'} last_validation_age_s=1.25 diagnostic_fast_mode=False
2026-08-31 15:17:01.651 | DEBUG    | winwatt_automation.live_ui.app_connector:get_cached_main_window:566 - DBG_PHASE_TIMING phase=get_cached_main_window elapsed_ms=0.000 reason_code=cache_reused_without_validation
2026-08-31 15:17:01.651 | DEBUG    | winwatt_automation.live_ui.app_connector:get_cached_main_window:565 - DBG_WINWATT_CACHE_GET reason_code=cache_reused_without_validation payload={'wrapper_type': 'UIAWrapper', 'handle': 122685450, 'process_id': 2852, 'title': 'WinWatt gólya - C:\\Users\\Admin\\Documents\\GitHub\\autowinwatt\\winwatt_automation\\data\\runtime_maps\\full_authorized_sandbox\\adaptive_anyagok_efficient_v4_20260831', 'class_name': 'TMainForm', 'control_type': 'Window'} last_validation_age_s=1.25 diagnostic_fast_mode=False
2026-08-31 15:17:01.651 | DEBUG    | winwatt_automation.live_ui.app_connector:get_cached_main_window:566 - DBG_PHASE_TIMING phase=get_cached_main_window elapsed_ms=0.000 reason_code=cache_reused_without_validation
2026-08-31 15:17:02.162 | INFO     | winwatt_automation.live_ui.menu_helpers:_menu_items:1101 - DBG_MENU_ITEMS_SUMMARY total_items=7 visible_items=7 topbar_band=(0, 0, 392, 53) topbar_band_visible_count=7 popup_region_visible_count=0 force_refresh=True handle=122685450
2026-08-31 15:17:02.173 | DEBUG    | winwatt_automation.live_ui.menu_helpers:_menu_items:1111 - Discovered 7 MenuItem controls
2026-08-31 15:17:02.173 | DEBUG    | winwatt_automation.live_ui.menu_helpers:_log_phase_timing:83 - DBG_PHASE_TIMING phase=_menu_items elapsed_ms=532.000 force_refresh=True total_items=7 visible_items=7
2026-08-31 15:17:02.252 | INFO     | winwatt_automation.live_ui.menu_helpers:list_top_menu_items:1141 - Top-level menu items (raw): ['Rendszer', 'Fájl', 'Jegyzékek', 'Eszközök', 'Beállítások', 'Ablak', 'Súgó']
2026-08-31 15:17:02.252 | DEBUG    | winwatt_automation.live_ui.menu_helpers:_log_phase_timing:83 - DBG_PHASE_TIMING phase=list_top_menu_items elapsed_ms=610.000 count=7
2026-08-31 15:17:02.756 | DEBUG    | winwatt_automation.live_ui.app_connector:get_cached_main_window:565 - DBG_WINWATT_CACHE_GET reason_code=cache_reused_without_validation payload={'wrapper_type': 'UIAWrapper', 'handle': 122685450, 'process_id': 2852, 'title': 'WinWatt gólya - C:\\Users\\Admin\\Documents\\GitHub\\autowinwatt\\winwatt_automation\\data\\runtime_maps\\full_authorized_sandbox\\adaptive_anyagok_efficient_v4_20260831', 'class_name': 'TMainForm', 'control_type': 'Window'} last_validation_age_s=2.35999999998603 diagnostic_fast_mode=False
2026-08-31 15:17:02.756 | DEBUG    | winwatt_automation.live_ui.app_connector:get_cached_main_window:566 - DBG_PHASE_TIMING phase=get_cached_main_window elapsed_ms=0.000 reason_code=cache_reused_without_validation
2026-08-31 15:17:02.911 | DEBUG    | winwatt_automation.live_ui.app_connector:get_cached_main_window:565 - DBG_WINWATT_CACHE_GET reason_code=cache_reused_without_validation payload={'wrapper_type': 'UIAWrapper', 'handle': 122685450, 'process_id': 2852, 'title': 'WinWatt gólya - C:\\Users\\Admin\\Documents\\GitHub\\autowinwatt\\winwatt_automation\\data\\runtime_maps\\full_authorized_sandbox\\adaptive_anyagok_efficient_v4_20260831', 'class_name': 'TMainForm', 'control_type': 'Window'} last_validation_age_s=2.5160000000614673 diagnostic_fast_mode=False
2026-08-31 15:17:02.911 | DEBUG    | winwatt_automation.live_ui.app_connector:get_cached_main_window:566 - DBG_PHASE_TIMING phase=get_cached_main_window elapsed_ms=0.000 reason_code=cache_reused_without_validation
2026-08-31 15:17:02.911 | DEBUG    | winwatt_automation.live_ui.app_connector:get_cached_main_window:565 - DBG_WINWATT_CACHE_GET reason_code=cache_reused_without_validation payload={'wrapper_type': 'UIAWrapper', 'handle': 122685450, 'process_id': 2852, 'title': 'WinWatt gólya - C:\\Users\\Admin\\Documents\\GitHub\\autowinwatt\\winwatt_automation\\data\\runtime_maps\\full_authorized_sandbox\\adaptive_anyagok_efficient_v4_20260831', 'class_name': 'TMainForm', 'control_type': 'Window'} last_validation_age_s=2.5160000000614673 diagnostic_fast_mode=False
2026-08-31 15:17:02.911 | DEBUG    | winwatt_automation.live_ui.app_connector:get_cached_main_window:566 - DBG_PHASE_TIMING phase=get_cached_main_window elapsed_ms=0.000 reason_code=cache_reused_without_validation
2026-08-31 15:17:03.447 | INFO     | winwatt_automation.live_ui.menu_helpers:_menu_items:1101 - DBG_MENU_ITEMS_SUMMARY total_items=7 visible_items=7 topbar_band=(0, 0, 392, 53) topbar_band_visible_count=7 popup_region_visible_count=0 force_refresh=True handle=122685450
2026-08-31 15:17:03.451 | DEBUG    | winwatt_automation.live_ui.menu_helpers:_menu_items:1111 - Discovered 7 MenuItem controls
2026-08-31 15:17:03.452 | DEBUG    | winwatt_automation.live_ui.menu_helpers:_log_phase_timing:83 - DBG_PHASE_TIMING phase=_menu_items elapsed_ms=547.000 force_refresh=True total_items=7 visible_items=7
2026-08-31 15:17:03.514 | INFO     | winwatt_automation.live_ui.menu_helpers:list_top_menu_items:1141 - Top-level menu items (raw): ['Rendszer', 'Fájl', 'Jegyzékek', 'Eszközök', 'Beállítások', 'Ablak', 'Súgó']
2026-08-31 15:17:03.526 | DEBUG    | winwatt_automation.live_ui.menu_helpers:_log_phase_timing:83 - DBG_PHASE_TIMING phase=list_top_menu_items elapsed_ms=609.000 count=7
2026-08-31 15:17:04.036 | DEBUG    | winwatt_automation.live_ui.app_connector:get_cached_main_window:565 - DBG_WINWATT_CACHE_GET reason_code=cache_reused_without_validation payload={'wrapper_type': 'UIAWrapper', 'handle': 122685450, 'process_id': 2852, 'title': 'WinWatt gólya - C:\\Users\\Admin\\Documents\\GitHub\\autowinwatt\\winwatt_automation\\data\\runtime_maps\\full_authorized_sandbox\\adaptive_anyagok_efficient_v4_20260831', 'class_name': 'TMainForm', 'control_type': 'Window'} last_validation_age_s=3.6410000000614673 diagnostic_fast_mode=False
2026-08-31 15:17:04.036 | DEBUG    | winwatt_automation.live_ui.app_connector:get_cached_main_window:566 - DBG_PHASE_TIMING phase=get_cached_main_window elapsed_ms=0.000 reason_code=cache_reused_without_validation
2026-08-31 15:17:23.859 | INFO     | winwatt_automation.live_ui.app_connector:get_cached_main_window:597 - DBG_WINWATT_CACHE_GET reason_code=cache_missing_resolving_fresh diagnostic_fast_mode=False
2026-08-31 15:17:24.058 | DEBUG    | winwatt_automation.live_ui.app_connector:list_candidate_windows:180 - Discovered 0 WinWatt-like windows on backend=win32
2026-08-31 15:17:24.058 | INFO     | winwatt_automation.live_ui.app_connector:_connect_with_win32_handle:276 - DBG_WINWATT_CONNECT_WIN32_CANDIDATES locator=backend=win32 ranked_candidates=[] 
2026-08-31 15:17:24.058 | WARNING  | winwatt_automation.runtime_mapping.program_mapper:_safe_capture_snapshot:191 - snapshot_capture_failed state_id=startup_after_relaunch error=No WinWatt-like windows were found
2026-08-31 15:17:24.567 | INFO     | winwatt_automation.live_ui.app_connector:get_cached_main_window:597 - DBG_WINWATT_CACHE_GET reason_code=cache_missing_resolving_fresh diagnostic_fast_mode=False
2026-08-31 15:17:27.164 | DEBUG    | winwatt_automation.live_ui.app_connector:list_candidate_windows:180 - Discovered 0 WinWatt-like windows on backend=win32
2026-08-31 15:17:27.171 | INFO     | winwatt_automation.live_ui.app_connector:_connect_with_win32_handle:276 - DBG_WINWATT_CONNECT_WIN32_CANDIDATES locator=backend=win32 ranked_candidates=[] 
2026-08-31 15:17:27.171 | WARNING  | winwatt_automation.runtime_mapping.program_mapper:_safe_capture_snapshot:191 - snapshot_capture_failed state_id=startup_after_relaunch error=No WinWatt-like windows were found
2026-08-31 15:17:27.674 | INFO     | winwatt_automation.live_ui.app_connector:get_cached_main_window:597 - DBG_WINWATT_CACHE_GET reason_code=cache_missing_resolving_fresh diagnostic_fast_mode=False
2026-08-31 15:17:29.336 | DEBUG    | winwatt_automation.live_ui.app_connector:list_candidate_windows:180 - Discovered 0 WinWatt-like windows on backend=win32
2026-08-31 15:17:29.336 | INFO     | winwatt_automation.live_ui.app_connector:_connect_with_win32_handle:276 - DBG_WINWATT_CONNECT_WIN32_CANDIDATES locator=backend=win32 ranked_candidates=[] 
2026-08-31 15:17:29.336 | WARNING  | winwatt_automation.runtime_mapping.program_mapper:_safe_capture_snapshot:191 - snapshot_capture_failed state_id=startup_after_relaunch error=No WinWatt-like windows were found
2026-08-31 15:17:29.842 | INFO     | winwatt_automation.live_ui.app_connector:get_cached_main_window:597 - DBG_WINWATT_CACHE_GET reason_code=cache_missing_resolving_fresh diagnostic_fast_mode=False
2026-08-31 15:17:29.929 | DEBUG    | winwatt_automation.live_ui.app_connector:list_candidate_windows:180 - Discovered 0 WinWatt-like windows on backend=win32
2026-08-31 15:17:29.934 | INFO     | winwatt_automation.live_ui.app_connector:_connect_with_win32_handle:276 - DBG_WINWATT_CONNECT_WIN32_CANDIDATES locator=backend=win32 ranked_candidates=[] 
2026-08-31 15:17:29.938 | WARNING  | winwatt_automation.runtime_mapping.program_mapper:_safe_capture_snapshot:191 - snapshot_capture_failed state_id=startup_after_relaunch error=No WinWatt-like windows were found
2026-08-31 15:17:30.442 | INFO     | winwatt_automation.live_ui.app_connector:get_cached_main_window:597 - DBG_WINWATT_CACHE_GET reason_code=cache_missing_resolving_fresh diagnostic_fast_mode=False
2026-08-31 15:17:30.512 | DEBUG    | winwatt_automation.live_ui.app_connector:list_candidate_windows:180 - Discovered 0 WinWatt-like windows on backend=win32
2026-08-31 15:17:30.512 | INFO     | winwatt_automation.live_ui.app_connector:_connect_with_win32_handle:276 - DBG_WINWATT_CONNECT_WIN32_CANDIDATES locator=backend=win32 ranked_candidates=[] 
2026-08-31 15:17:30.512 | WARNING  | winwatt_automation.runtime_mapping.program_mapper:_safe_capture_snapshot:191 - snapshot_capture_failed state_id=startup_after_relaunch error=No WinWatt-like windows were found
2026-08-31 15:17:31.019 | INFO     | winwatt_automation.live_ui.app_connector:get_cached_main_window:597 - DBG_WINWATT_CACHE_GET reason_code=cache_missing_resolving_fresh diagnostic_fast_mode=False
2026-08-31 15:17:31.083 | DEBUG    | winwatt_automation.live_ui.app_connector:list_candidate_windows:180 - Discovered 0 WinWatt-like windows on backend=win32
2026-08-31 15:17:31.101 | INFO     | winwatt_automation.live_ui.app_connector:_connect_with_win32_handle:276 - DBG_WINWATT_CONNECT_WIN32_CANDIDATES locator=backend=win32 ranked_candidates=[] 
2026-08-31 15:17:31.101 | WARNING  | winwatt_automation.runtime_mapping.program_mapper:_safe_capture_snapshot:191 - snapshot_capture_failed state_id=startup_after_relaunch error=No WinWatt-like windows were found
2026-08-31 15:17:31.603 | INFO     | winwatt_automation.live_ui.app_connector:get_cached_main_window:597 - DBG_WINWATT_CACHE_GET reason_code=cache_missing_resolving_fresh diagnostic_fast_mode=False
2026-08-31 15:17:31.691 | DEBUG    | winwatt_automation.live_ui.app_connector:list_candidate_windows:180 - Discovered 0 WinWatt-like windows on backend=win32
2026-08-31 15:17:31.693 | INFO     | winwatt_automation.live_ui.app_connector:_connect_with_win32_handle:276 - DBG_WINWATT_CONNECT_WIN32_CANDIDATES locator=backend=win32 ranked_candidates=[] 
2026-08-31 15:17:31.693 | WARNING  | winwatt_automation.runtime_mapping.program_mapper:_safe_capture_snapshot:191 - snapshot_capture_failed state_id=startup_after_relaunch error=No WinWatt-like windows were found
2026-08-31 15:17:32.197 | INFO     | winwatt_automation.live_ui.app_connector:get_cached_main_window:597 - DBG_WINWATT_CACHE_GET reason_code=cache_missing_resolving_fresh diagnostic_fast_mode=False
2026-08-31 15:17:32.264 | DEBUG    | winwatt_automation.live_ui.app_connector:list_candidate_windows:180 - Discovered 0 WinWatt-like windows on backend=win32
2026-08-31 15:17:32.264 | INFO     | winwatt_automation.live_ui.app_connector:_connect_with_win32_handle:276 - DBG_WINWATT_CONNECT_WIN32_CANDIDATES locator=backend=win32 ranked_candidates=[] 
2026-08-31 15:17:32.264 | WARNING  | winwatt_automation.runtime_mapping.program_mapper:_safe_capture_snapshot:191 - snapshot_capture_failed state_id=startup_after_relaunch error=No WinWatt-like windows were found
2026-08-31 15:17:32.777 | INFO     | winwatt_automation.live_ui.app_connector:get_cached_main_window:597 - DBG_WINWATT_CACHE_GET reason_code=cache_missing_resolving_fresh diagnostic_fast_mode=False
2026-08-31 15:17:32.841 | DEBUG    | winwatt_automation.live_ui.app_connector:list_candidate_windows:180 - Discovered 0 WinWatt-like windows on backend=win32
2026-08-31 15:17:32.841 | INFO     | winwatt_automation.live_ui.app_connector:_connect_with_win32_handle:276 - DBG_WINWATT_CONNECT_WIN32_CANDIDATES locator=backend=win32 ranked_candidates=[] 
2026-08-31 15:17:32.841 | WARNING  | winwatt_automation.runtime_mapping.program_mapper:_safe_capture_snapshot:191 - snapshot_capture_failed state_id=startup_after_relaunch error=No WinWatt-like windows were found
2026-08-31 15:17:33.352 | INFO     | winwatt_automation.live_ui.app_connector:get_cached_main_window:597 - DBG_WINWATT_CACHE_GET reason_code=cache_missing_resolving_fresh diagnostic_fast_mode=False
2026-08-31 15:17:33.420 | DEBUG    | winwatt_automation.live_ui.app_connector:list_candidate_windows:180 - Discovered 0 WinWatt-like windows on backend=win32
2026-08-31 15:17:33.420 | INFO     | winwatt_automation.live_ui.app_connector:_connect_with_win32_handle:276 - DBG_WINWATT_CONNECT_WIN32_CANDIDATES locator=backend=win32 ranked_candidates=[] 
2026-08-31 15:17:33.420 | WARNING  | winwatt_automation.runtime_mapping.program_mapper:_safe_capture_snapshot:191 - snapshot_capture_failed state_id=startup_after_relaunch error=No WinWatt-like windows were found
2026-08-31 15:17:33.934 | INFO     | winwatt_automation.live_ui.app_connector:get_cached_main_window:597 - DBG_WINWATT_CACHE_GET reason_code=cache_missing_resolving_fresh diagnostic_fast_mode=False
2026-08-31 15:17:34.004 | DEBUG    | winwatt_automation.live_ui.app_connector:list_candidate_windows:180 - Discovered 0 WinWatt-like windows on backend=win32
2026-08-31 15:17:34.004 | INFO     | winwatt_automation.live_ui.app_connector:_connect_with_win32_handle:276 - DBG_WINWATT_CONNECT_WIN32_CANDIDATES locator=backend=win32 ranked_candidates=[] 
2026-08-31 15:17:34.004 | WARNING  | winwatt_automation.runtime_mapping.program_mapper:_safe_capture_snapshot:191 - snapshot_capture_failed state_id=startup_after_relaunch error=No WinWatt-like windows were found
2026-08-31 15:17:34.515 | INFO     | winwatt_automation.live_ui.app_connector:get_cached_main_window:597 - DBG_WINWATT_CACHE_GET reason_code=cache_missing_resolving_fresh diagnostic_fast_mode=False
2026-08-31 15:17:34.591 | DEBUG    | winwatt_automation.live_ui.app_connector:list_candidate_windows:180 - Discovered 0 WinWatt-like windows on backend=win32
2026-08-31 15:17:34.601 | INFO     | winwatt_automation.live_ui.app_connector:_connect_with_win32_handle:276 - DBG_WINWATT_CONNECT_WIN32_CANDIDATES locator=backend=win32 ranked_candidates=[] 
2026-08-31 15:17:34.601 | WARNING  | winwatt_automation.runtime_mapping.program_mapper:_safe_capture_snapshot:191 - snapshot_capture_failed state_id=startup_after_relaunch error=No WinWatt-like windows were found
2026-08-31 15:17:35.106 | INFO     | winwatt_automation.live_ui.app_connector:get_cached_main_window:597 - DBG_WINWATT_CACHE_GET reason_code=cache_missing_resolving_fresh diagnostic_fast_mode=False
2026-08-31 15:17:35.225 | DEBUG    | winwatt_automation.live_ui.app_connector:list_candidate_windows:180 - Discovered 0 WinWatt-like windows on backend=win32
2026-08-31 15:17:35.225 | INFO     | winwatt_automation.live_ui.app_connector:_connect_with_win32_handle:276 - DBG_WINWATT_CONNECT_WIN32_CANDIDATES locator=backend=win32 ranked_candidates=[] 
2026-08-31 15:17:35.225 | WARNING  | winwatt_automation.runtime_mapping.program_mapper:_safe_capture_snapshot:191 - snapshot_capture_failed state_id=startup_after_relaunch error=No WinWatt-like windows were found
2026-08-31 15:17:35.736 | INFO     | winwatt_automation.live_ui.app_connector:get_cached_main_window:597 - DBG_WINWATT_CACHE_GET reason_code=cache_missing_resolving_fresh diagnostic_fast_mode=False
2026-08-31 15:17:35.825 | DEBUG    | winwatt_automation.live_ui.app_connector:list_candidate_windows:180 - Discovered 1 WinWatt-like windows on backend=win32
2026-08-31 15:17:35.825 | DEBUG    | winwatt_automation.live_ui.app_connector:list_candidate_windows:182 - Candidate[win32]: {'title': 'WinWatt gólya - C:\\Users\\Admin\\Documents\\GitHub\\autowinwatt\\winwatt_automation\\data\\runtime_maps\\full_authorized_sandbox\\adaptive_anyagok_efficient_v4_20260831', 'window_text': 'WinWatt gólya - C:\\Users\\Admin\\Documents\\GitHub\\autowinwatt\\winwatt_automation\\data\\runtime_maps\\full_authorized_sandbox\\adaptive_anyagok_efficient_v4_20260831', 'class_name': 'TMainForm', 'control_type': None, 'process_id': 12016, 'handle': None, 'is_visible': True, 'is_enabled': True, 'rectangle': {'left': -10, 'top': -10, 'right': 1930, 'bottom': 1030, 'width': 1940, 'height': 1040}, 'size': {'width': 1940, 'height': 1040}}
2026-08-31 15:17:35.825 | INFO     | winwatt_automation.live_ui.app_connector:_connect_with_win32_handle:276 - DBG_WINWATT_CONNECT_WIN32_CANDIDATES locator=backend=win32 ranked_candidates=[{'rank': 1, 'score': (1, 1, 1, 1, 2017600), 'process_id': 12016, 'handle': None, 'class_name': 'TMainForm', 'title': 'WinWatt gólya - C:\\Users\\Admin\\Documents\\GitHub\\autowinwatt\\winwatt_automation\\data\\runtime_maps\\full_authorized_sandbox\\adaptive_anyagok_efficient_v4_20260831', 'visible': True, 'enabled': True}] 
2026-08-31 15:17:35.825 | INFO     | winwatt_automation.live_ui.app_connector:select_main_window:224 - Candidate ranking score=(1, 1, 1, 1, 2017600) data={'title': 'WinWatt gólya - C:\\Users\\Admin\\Documents\\GitHub\\autowinwatt\\winwatt_automation\\data\\runtime_maps\\full_authorized_sandbox\\adaptive_anyagok_efficient_v4_20260831', 'window_text': 'WinWatt gólya - C:\\Users\\Admin\\Documents\\GitHub\\autowinwatt\\winwatt_automation\\data\\runtime_maps\\full_authorized_sandbox\\adaptive_anyagok_efficient_v4_20260831', 'class_name': 'TMainForm', 'control_type': None, 'process_id': 12016, 'handle': None, 'is_visible': True, 'is_enabled': True, 'rectangle': {'left': -10, 'top': -10, 'right': 1930, 'bottom': 1030, 'width': 1940, 'height': 1040}, 'size': {'width': 1940, 'height': 1040}}
2026-08-31 15:17:35.825 | INFO     | winwatt_automation.live_ui.app_connector:select_main_window:234 - Selected main window process_id=12016 handle=None score=(1, 1, 1, 1, 2017600) reasons=['has_process_id=True', 'has_handle=False', 'visible=True', 'enabled=True', 'title_has_winwatt=True', 'area=2017600']
2026-08-31 15:17:35.825 | INFO     | winwatt_automation.live_ui.app_connector:_connect_with_win32_handle:293 - DBG_WINWATT_CONNECT_WIN32_SELECTED selected_payload={'title': 'WinWatt gólya - C:\\Users\\Admin\\Documents\\GitHub\\autowinwatt\\winwatt_automation\\data\\runtime_maps\\full_authorized_sandbox\\adaptive_anyagok_efficient_v4_20260831', 'window_text': 'WinWatt gólya - C:\\Users\\Admin\\Documents\\GitHub\\autowinwatt\\winwatt_automation\\data\\runtime_maps\\full_authorized_sandbox\\adaptive_anyagok_efficient_v4_20260831', 'class_name': 'TMainForm', 'control_type': None, 'process_id': 12016, 'handle': None, 'is_visible': True, 'is_enabled': True, 'rectangle': {'left': -10, 'top': -10, 'right': 1930, 'bottom': 1030, 'width': 1940, 'height': 1040}, 'size': {'width': 1940, 'height': 1040}} selected_handle_is_none=True
2026-08-31 15:17:35.825 | INFO     | winwatt_automation.live_ui.app_connector:_connect_with_win32_handle:336 - Connected to WinWatt backend=win32 attach_mode=process candidate={'process_id': 12016, 'handle': None, 'class_name': 'TMainForm', 'title': 'WinWatt gólya - C:\\Users\\Admin\\Documents\\GitHub\\autowinwatt\\winwatt_automation\\data\\runtime_maps\\full_authorized_sandbox\\adaptive_anyagok_efficient_v4_20260831'}
2026-08-31 15:17:35.841 | INFO     | winwatt_automation.live_ui.app_connector:_connect_with_win32_handle:350 - DBG_WINWATT_CONNECT_WIN32_RESOLVED process_id=12016 resolved_handle=None selected_payload={'title': 'WinWatt gólya - C:\\Users\\Admin\\Documents\\GitHub\\autowinwatt\\winwatt_automation\\data\\runtime_maps\\full_authorized_sandbox\\adaptive_anyagok_efficient_v4_20260831', 'window_text': 'WinWatt gólya - C:\\Users\\Admin\\Documents\\GitHub\\autowinwatt\\winwatt_automation\\data\\runtime_maps\\full_authorized_sandbox\\adaptive_anyagok_efficient_v4_20260831', 'class_name': 'TMainForm', 'control_type': None, 'process_id': 12016, 'handle': None, 'is_visible': True, 'is_enabled': True, 'rectangle': {'left': -10, 'top': -10, 'right': 1930, 'bottom': 1030, 'width': 1940, 'height': 1040}, 'size': {'width': 1940, 'height': 1040}}
2026-08-31 15:17:35.841 | INFO     | winwatt_automation.live_ui.app_connector:_resolve_uia_main_window:382 - DBG_WINWATT_RESOLVE_UIA_WIN32_SELECTED selected_payload={'title': 'WinWatt gólya - C:\\Users\\Admin\\Documents\\GitHub\\autowinwatt\\winwatt_automation\\data\\runtime_maps\\full_authorized_sandbox\\adaptive_anyagok_efficient_v4_20260831', 'window_text': 'WinWatt gólya - C:\\Users\\Admin\\Documents\\GitHub\\autowinwatt\\winwatt_automation\\data\\runtime_maps\\full_authorized_sandbox\\adaptive_anyagok_efficient_v4_20260831', 'class_name': 'TMainForm', 'control_type': None, 'process_id': 12016, 'handle': None, 'is_visible': True, 'is_enabled': True, 'rectangle': {'left': -10, 'top': -10, 'right': 1930, 'bottom': 1030, 'width': 1940, 'height': 1040}, 'size': {'width': 1940, 'height': 1040}}
2026-08-31 15:17:35.841 | INFO     | winwatt_automation.live_ui.app_connector:_resolve_uia_main_window:388 - Connected to WinWatt backend=uia process_id=12016
2026-08-31 15:17:35.841 | INFO     | winwatt_automation.live_ui.app_connector:_resolve_uia_main_window:390 - Resolving main WinWatt window backend=uia class_name=TMainForm title_re=.*WinWatt.*
2026-08-31 15:17:36.207 | INFO     | winwatt_automation.live_ui.app_connector:_resolve_uia_main_window:400 - DBG_WINWATT_RESOLVE_UIA_PRIMARY selected_payload={'title': 'WinWatt gólya - C:\\Users\\Admin\\Documents\\GitHub\\autowinwatt\\winwatt_automation\\data\\runtime_maps\\full_authorized_sandbox\\adaptive_anyagok_efficient_v4_20260831', 'window_text': 'WinWatt gólya - C:\\Users\\Admin\\Documents\\GitHub\\autowinwatt\\winwatt_automation\\data\\runtime_maps\\full_authorized_sandbox\\adaptive_anyagok_efficient_v4_20260831', 'class_name': 'TMainForm', 'control_type': None, 'process_id': 12016, 'handle': None, 'is_visible': True, 'is_enabled': True, 'rectangle': {'left': -10, 'top': -10, 'right': 1930, 'bottom': 1030, 'width': 1940, 'height': 1040}, 'size': {'width': 1940, 'height': 1040}} primary_result={'wrapper_type': 'UIAWrapper', 'handle': 142084180, 'process_id': 12016, 'title': 'WinWatt gólya - C:\\Users\\Admin\\Documents\\GitHub\\autowinwatt\\winwatt_automation\\data\\runtime_maps\\full_authorized_sandbox\\adaptive_anyagok_efficient_v4_20260831', 'class_name': 'TMainForm', 'control_type': 'Window'} identity_match_with_win32=None
2026-08-31 15:17:36.207 | DEBUG    | winwatt_automation.live_ui.app_connector:get_cached_main_window:606 - DBG_PHASE_TIMING phase=get_cached_main_window elapsed_ms=469.000 reason_code=fresh_resolve
2026-08-31 15:17:36.363 | DEBUG    | winwatt_automation.live_ui.app_connector:get_cached_main_window:565 - DBG_WINWATT_CACHE_GET reason_code=cache_reused_without_validation payload={'wrapper_type': 'UIAWrapper', 'handle': 142084180, 'process_id': 12016, 'title': 'WinWatt gólya - C:\\Users\\Admin\\Documents\\GitHub\\autowinwatt\\winwatt_automation\\data\\runtime_maps\\full_authorized_sandbox\\adaptive_anyagok_efficient_v4_20260831', 'class_name': 'TMainForm', 'control_type': 'Window'} last_validation_age_s=0.15600000007543713 diagnostic_fast_mode=False
2026-08-31 15:17:36.363 | DEBUG    | winwatt_automation.live_ui.app_connector:get_cached_main_window:566 - DBG_PHASE_TIMING phase=get_cached_main_window elapsed_ms=0.000 reason_code=cache_reused_without_validation
2026-08-31 15:17:36.378 | DEBUG    | winwatt_automation.live_ui.app_connector:get_cached_main_window:565 - DBG_WINWATT_CACHE_GET reason_code=cache_reused_without_validation payload={'wrapper_type': 'UIAWrapper', 'handle': 142084180, 'process_id': 12016, 'title': 'WinWatt gólya - C:\\Users\\Admin\\Documents\\GitHub\\autowinwatt\\winwatt_automation\\data\\runtime_maps\\full_authorized_sandbox\\adaptive_anyagok_efficient_v4_20260831', 'class_name': 'TMainForm', 'control_type': 'Window'} last_validation_age_s=0.15600000007543713 diagnostic_fast_mode=False
2026-08-31 15:17:36.378 | DEBUG    | winwatt_automation.live_ui.app_connector:get_cached_main_window:566 - DBG_PHASE_TIMING phase=get_cached_main_window elapsed_ms=16.000 reason_code=cache_reused_without_validation
2026-08-31 15:17:36.879 | INFO     | winwatt_automation.live_ui.menu_helpers:_menu_items:1101 - DBG_MENU_ITEMS_SUMMARY total_items=7 visible_items=7 topbar_band=(0, 0, 392, 53) topbar_band_visible_count=7 popup_region_visible_count=0 force_refresh=True handle=142084180
2026-08-31 15:17:36.879 | DEBUG    | winwatt_automation.live_ui.menu_helpers:_menu_items:1111 - Discovered 7 MenuItem controls
2026-08-31 15:17:36.879 | DEBUG    | winwatt_automation.live_ui.menu_helpers:_log_phase_timing:83 - DBG_PHASE_TIMING phase=_menu_items elapsed_ms=516.000 force_refresh=True total_items=7 visible_items=7
2026-08-31 15:17:36.953 | INFO     | winwatt_automation.live_ui.menu_helpers:list_top_menu_items:1141 - Top-level menu items (raw): ['Rendszer', 'Fájl', 'Jegyzékek', 'Eszközök', 'Beállítások', 'Ablak', 'Súgó']
2026-08-31 15:17:36.953 | DEBUG    | winwatt_automation.live_ui.menu_helpers:_log_phase_timing:83 - DBG_PHASE_TIMING phase=list_top_menu_items elapsed_ms=594.000 count=7
2026-08-31 15:17:37.467 | DEBUG    | winwatt_automation.live_ui.app_connector:get_cached_main_window:565 - DBG_WINWATT_CACHE_GET reason_code=cache_reused_without_validation payload={'wrapper_type': 'UIAWrapper', 'handle': 142084180, 'process_id': 12016, 'title': 'WinWatt gólya - C:\\Users\\Admin\\Documents\\GitHub\\autowinwatt\\winwatt_automation\\data\\runtime_maps\\full_authorized_sandbox\\adaptive_anyagok_efficient_v4_20260831', 'class_name': 'TMainForm', 'control_type': 'Window'} last_validation_age_s=1.2650000000139698 diagnostic_fast_mode=False
2026-08-31 15:17:37.467 | DEBUG    | winwatt_automation.live_ui.app_connector:get_cached_main_window:566 - DBG_PHASE_TIMING phase=get_cached_main_window elapsed_ms=0.000 reason_code=cache_reused_without_validation
2026-08-31 15:17:37.622 | DEBUG    | winwatt_automation.live_ui.app_connector:get_cached_main_window:565 - DBG_WINWATT_CACHE_GET reason_code=cache_reused_without_validation payload={'wrapper_type': 'UIAWrapper', 'handle': 142084180, 'process_id': 12016, 'title': 'WinWatt gólya - C:\\Users\\Admin\\Documents\\GitHub\\autowinwatt\\winwatt_automation\\data\\runtime_maps\\full_authorized_sandbox\\adaptive_anyagok_efficient_v4_20260831', 'class_name': 'TMainForm', 'control_type': 'Window'} last_validation_age_s=1.4060000000754371 diagnostic_fast_mode=False
2026-08-31 15:17:37.624 | DEBUG    | winwatt_automation.live_ui.app_connector:get_cached_main_window:566 - DBG_PHASE_TIMING phase=get_cached_main_window elapsed_ms=16.000 reason_code=cache_reused_without_validation
2026-08-31 15:17:37.624 | DEBUG    | winwatt_automation.live_ui.app_connector:get_cached_main_window:565 - DBG_WINWATT_CACHE_GET reason_code=cache_reused_without_validation payload={'wrapper_type': 'UIAWrapper', 'handle': 142084180, 'process_id': 12016, 'title': 'WinWatt gólya - C:\\Users\\Admin\\Documents\\GitHub\\autowinwatt\\winwatt_automation\\data\\runtime_maps\\full_authorized_sandbox\\adaptive_anyagok_efficient_v4_20260831', 'class_name': 'TMainForm', 'control_type': 'Window'} last_validation_age_s=1.422000000020489 diagnostic_fast_mode=False
2026-08-31 15:17:37.624 | DEBUG    | winwatt_automation.live_ui.app_connector:get_cached_main_window:566 - DBG_PHASE_TIMING phase=get_cached_main_window elapsed_ms=0.000 reason_code=cache_reused_without_validation
2026-08-31 15:17:38.131 | INFO     | winwatt_automation.live_ui.menu_helpers:_menu_items:1101 - DBG_MENU_ITEMS_SUMMARY total_items=7 visible_items=7 topbar_band=(0, 0, 392, 53) topbar_band_visible_count=7 popup_region_visible_count=0 force_refresh=True handle=142084180
2026-08-31 15:17:38.131 | DEBUG    | winwatt_automation.live_ui.menu_helpers:_menu_items:1111 - Discovered 7 MenuItem controls
2026-08-31 15:17:38.131 | DEBUG    | winwatt_automation.live_ui.menu_helpers:_log_phase_timing:83 - DBG_PHASE_TIMING phase=_menu_items elapsed_ms=516.000 force_refresh=True total_items=7 visible_items=7
2026-08-31 15:17:38.210 | INFO     | winwatt_automation.live_ui.menu_helpers:list_top_menu_items:1141 - Top-level menu items (raw): ['Rendszer', 'Fájl', 'Jegyzékek', 'Eszközök', 'Beállítások', 'Ablak', 'Súgó']
2026-08-31 15:17:38.210 | DEBUG    | winwatt_automation.live_ui.menu_helpers:_log_phase_timing:83 - DBG_PHASE_TIMING phase=list_top_menu_items elapsed_ms=594.000 count=7
2026-08-31 15:17:38.723 | DEBUG    | winwatt_automation.live_ui.app_connector:get_cached_main_window:565 - DBG_WINWATT_CACHE_GET reason_code=cache_reused_without_validation payload={'wrapper_type': 'UIAWrapper', 'handle': 142084180, 'process_id': 12016, 'title': 'WinWatt gólya - C:\\Users\\Admin\\Documents\\GitHub\\autowinwatt\\winwatt_automation\\data\\runtime_maps\\full_authorized_sandbox\\adaptive_anyagok_efficient_v4_20260831', 'class_name': 'TMainForm', 'control_type': 'Window'} last_validation_age_s=2.51500000001397 diagnostic_fast_mode=False
2026-08-31 15:17:38.723 | DEBUG    | winwatt_automation.live_ui.app_connector:get_cached_main_window:566 - DBG_PHASE_TIMING phase=get_cached_main_window elapsed_ms=0.000 reason_code=cache_reused_without_validation
2026-08-31 15:17:38.887 | DEBUG    | winwatt_automation.live_ui.app_connector:get_cached_main_window:565 - DBG_WINWATT_CACHE_GET reason_code=cache_reused_without_validation payload={'wrapper_type': 'UIAWrapper', 'handle': 142084180, 'process_id': 12016, 'title': 'WinWatt gólya - C:\\Users\\Admin\\Documents\\GitHub\\autowinwatt\\winwatt_automation\\data\\runtime_maps\\full_authorized_sandbox\\adaptive_anyagok_efficient_v4_20260831', 'class_name': 'TMainForm', 'control_type': 'Window'} last_validation_age_s=2.672000000020489 diagnostic_fast_mode=False
2026-08-31 15:17:38.891 | DEBUG    | winwatt_automation.live_ui.app_connector:get_cached_main_window:566 - DBG_PHASE_TIMING phase=get_cached_main_window elapsed_ms=15.000 reason_code=cache_reused_without_validation
2026-08-31 15:17:38.894 | DEBUG    | winwatt_automation.live_ui.app_connector:get_cached_main_window:565 - DBG_WINWATT_CACHE_GET reason_code=cache_reused_without_validation payload={'wrapper_type': 'UIAWrapper', 'handle': 142084180, 'process_id': 12016, 'title': 'WinWatt gólya - C:\\Users\\Admin\\Documents\\GitHub\\autowinwatt\\winwatt_automation\\data\\runtime_maps\\full_authorized_sandbox\\adaptive_anyagok_efficient_v4_20260831', 'class_name': 'TMainForm', 'control_type': 'Window'} last_validation_age_s=2.687000000034459 diagnostic_fast_mode=False
2026-08-31 15:17:38.895 | DEBUG    | winwatt_automation.live_ui.app_connector:get_cached_main_window:566 - DBG_PHASE_TIMING phase=get_cached_main_window elapsed_ms=0.000 reason_code=cache_reused_without_validation
2026-08-31 15:17:39.429 | INFO     | winwatt_automation.live_ui.menu_helpers:_menu_items:1101 - DBG_MENU_ITEMS_SUMMARY total_items=7 visible_items=7 topbar_band=(0, 0, 392, 53) topbar_band_visible_count=7 popup_region_visible_count=0 force_refresh=True handle=142084180
2026-08-31 15:17:39.429 | DEBUG    | winwatt_automation.live_ui.menu_helpers:_menu_items:1111 - Discovered 7 MenuItem controls
2026-08-31 15:17:39.429 | DEBUG    | winwatt_automation.live_ui.menu_helpers:_log_phase_timing:83 - DBG_PHASE_TIMING phase=_menu_items elapsed_ms=547.000 force_refresh=True total_items=7 visible_items=7
2026-08-31 15:17:39.508 | INFO     | winwatt_automation.live_ui.menu_helpers:list_top_menu_items:1141 - Top-level menu items (raw): ['Rendszer', 'Fájl', 'Jegyzékek', 'Eszközök', 'Beállítások', 'Ablak', 'Súgó']
2026-08-31 15:17:39.508 | DEBUG    | winwatt_automation.live_ui.menu_helpers:_log_phase_timing:83 - DBG_PHASE_TIMING phase=list_top_menu_items elapsed_ms=625.000 count=7
2026-08-31 15:17:40.030 | DEBUG    | winwatt_automation.live_ui.app_connector:get_cached_main_window:565 - DBG_WINWATT_CACHE_GET reason_code=cache_reused_without_validation payload={'wrapper_type': 'UIAWrapper', 'handle': 142084180, 'process_id': 12016, 'title': 'WinWatt gólya - C:\\Users\\Admin\\Documents\\GitHub\\autowinwatt\\winwatt_automation\\data\\runtime_maps\\full_authorized_sandbox\\adaptive_anyagok_efficient_v4_20260831', 'class_name': 'TMainForm', 'control_type': 'Window'} last_validation_age_s=3.812000000034459 diagnostic_fast_mode=False
2026-08-31 15:17:40.030 | DEBUG    | winwatt_automation.live_ui.app_connector:get_cached_main_window:566 - DBG_PHASE_TIMING phase=get_cached_main_window elapsed_ms=16.000 reason_code=cache_reused_without_validation
2026-08-31 15:17:40.216 | INFO     | winwatt_automation.live_ui.app_connector:is_winwatt_foreground_context:1161 - DBG_WINWATT_FOREGROUND_CONTEXT expected_handle=142084180 expected_process_id=12016 expected_title=WinWatt gólya - C:\Users\Admin\Documents\GitHub\autowinwatt\winwatt_automation\data\runtime_maps\full_authorized_sandbox\adaptive_anyagok_efficient_v4_20260831 expected_class_name=TMainForm actual_foreground_handle=142084180 actual_foreground_process_id=12016 actual_foreground_title=WinWatt gólya - C:\Users\Admin\Documents\GitHub\autowinwatt\winwatt_automation\data\runtime_maps\full_authorized_sandbox\adaptive_anyagok_efficient_v4_20260831 actual_foreground_class_name=TMainForm allow_dialog=True result_reason=handle_match
2026-08-31 15:17:40.216 | INFO     | winwatt_automation.live_ui.app_connector:_cached_window_health_status:489 - DBG_WINWATT_CACHE_HEALTH reason_code=healthy payload={'wrapper_type': 'UIAWrapper', 'handle': 142084180, 'process_id': 12016, 'title': 'WinWatt gólya - C:\\Users\\Admin\\Documents\\GitHub\\autowinwatt\\winwatt_automation\\data\\runtime_maps\\full_authorized_sandbox\\adaptive_anyagok_efficient_v4_20260831', 'class_name': 'TMainForm', 'control_type': 'Window'}
2026-08-31 15:17:40.216 | DEBUG    | winwatt_automation.live_ui.app_connector:get_cached_main_window:574 - DBG_WINWATT_CACHE_GET reason_code=cache_validated_ok payload={'wrapper_type': 'UIAWrapper', 'handle': 142084180, 'process_id': 12016, 'title': 'WinWatt gólya - C:\\Users\\Admin\\Documents\\GitHub\\autowinwatt\\winwatt_automation\\data\\runtime_maps\\full_authorized_sandbox\\adaptive_anyagok_efficient_v4_20260831', 'class_name': 'TMainForm', 'control_type': 'Window'} last_validation_age_s=4.0 diagnostic_fast_mode=False
2026-08-31 15:17:40.216 | DEBUG    | winwatt_automation.live_ui.app_connector:get_cached_main_window:575 - DBG_PHASE_TIMING phase=get_cached_main_window elapsed_ms=15.000 reason_code=cache_validated_ok
2026-08-31 15:17:40.230 | DEBUG    | winwatt_automation.live_ui.app_connector:get_cached_main_window:565 - DBG_WINWATT_CACHE_GET reason_code=cache_reused_without_validation payload={'wrapper_type': 'UIAWrapper', 'handle': 142084180, 'process_id': 12016, 'title': 'WinWatt gólya - C:\\Users\\Admin\\Documents\\GitHub\\autowinwatt\\winwatt_automation\\data\\runtime_maps\\full_authorized_sandbox\\adaptive_anyagok_efficient_v4_20260831', 'class_name': 'TMainForm', 'control_type': 'Window'} last_validation_age_s=0.015000000013969839 diagnostic_fast_mode=False
2026-08-31 15:17:40.230 | DEBUG    | winwatt_automation.live_ui.app_connector:get_cached_main_window:566 - DBG_PHASE_TIMING phase=get_cached_main_window elapsed_ms=0.000 reason_code=cache_reused_without_validation
2026-08-31 15:17:40.720 | INFO     | winwatt_automation.live_ui.menu_helpers:_menu_items:1101 - DBG_MENU_ITEMS_SUMMARY total_items=7 visible_items=7 topbar_band=(0, 0, 392, 53) topbar_band_visible_count=7 popup_region_visible_count=0 force_refresh=True handle=142084180
2026-08-31 15:17:40.728 | DEBUG    | winwatt_automation.live_ui.menu_helpers:_menu_items:1111 - Discovered 7 MenuItem controls
2026-08-31 15:17:40.730 | DEBUG    | winwatt_automation.live_ui.menu_helpers:_log_phase_timing:83 - DBG_PHASE_TIMING phase=_menu_items elapsed_ms=515.000 force_refresh=True total_items=7 visible_items=7
2026-08-31 15:17:40.807 | INFO     | winwatt_automation.live_ui.menu_helpers:list_top_menu_items:1141 - Top-level menu items (raw): ['Rendszer', 'Fájl', 'Jegyzékek', 'Eszközök', 'Beállítások', 'Ablak', 'Súgó']
2026-08-31 15:17:40.815 | DEBUG    | winwatt_automation.live_ui.menu_helpers:_log_phase_timing:83 - DBG_PHASE_TIMING phase=list_top_menu_items elapsed_ms=609.000 count=7
2026-08-31 15:17:41.321 | DEBUG    | winwatt_automation.live_ui.app_connector:get_cached_main_window:565 - DBG_WINWATT_CACHE_GET reason_code=cache_reused_without_validation payload={'wrapper_type': 'UIAWrapper', 'handle': 142084180, 'process_id': 12016, 'title': 'WinWatt gólya - C:\\Users\\Admin\\Documents\\GitHub\\autowinwatt\\winwatt_automation\\data\\runtime_maps\\full_authorized_sandbox\\adaptive_anyagok_efficient_v4_20260831', 'class_name': 'TMainForm', 'control_type': 'Window'} last_validation_age_s=1.109000000054948 diagnostic_fast_mode=False
2026-08-31 15:17:41.322 | DEBUG    | winwatt_automation.live_ui.app_connector:get_cached_main_window:566 - DBG_PHASE_TIMING phase=get_cached_main_window elapsed_ms=0.000 reason_code=cache_reused_without_validation
2026-08-31 15:17:41.465 | DEBUG    | winwatt_automation.live_ui.app_connector:get_cached_main_window:565 - DBG_WINWATT_CACHE_GET reason_code=cache_reused_without_validation payload={'wrapper_type': 'UIAWrapper', 'handle': 142084180, 'process_id': 12016, 'title': 'WinWatt gólya - C:\\Users\\Admin\\Documents\\GitHub\\autowinwatt\\winwatt_automation\\data\\runtime_maps\\full_authorized_sandbox\\adaptive_anyagok_efficient_v4_20260831', 'class_name': 'TMainForm', 'control_type': 'Window'} last_validation_age_s=1.2650000000139698 diagnostic_fast_mode=False
2026-08-31 15:17:41.465 | DEBUG    | winwatt_automation.live_ui.app_connector:get_cached_main_window:566 - DBG_PHASE_TIMING phase=get_cached_main_window elapsed_ms=0.000 reason_code=cache_reused_without_validation
2026-08-31 15:17:41.465 | DEBUG    | winwatt_automation.live_ui.app_connector:get_cached_main_window:565 - DBG_WINWATT_CACHE_GET reason_code=cache_reused_without_validation payload={'wrapper_type': 'UIAWrapper', 'handle': 142084180, 'process_id': 12016, 'title': 'WinWatt gólya - C:\\Users\\Admin\\Documents\\GitHub\\autowinwatt\\winwatt_automation\\data\\runtime_maps\\full_authorized_sandbox\\adaptive_anyagok_efficient_v4_20260831', 'class_name': 'TMainForm', 'control_type': 'Window'} last_validation_age_s=1.2650000000139698 diagnostic_fast_mode=False
2026-08-31 15:17:41.465 | DEBUG    | winwatt_automation.live_ui.app_connector:get_cached_main_window:566 - DBG_PHASE_TIMING phase=get_cached_main_window elapsed_ms=0.000 reason_code=cache_reused_without_validation
2026-08-31 15:17:41.938 | INFO     | winwatt_automation.live_ui.menu_helpers:_menu_items:1101 - DBG_MENU_ITEMS_SUMMARY total_items=7 visible_items=7 topbar_band=(0, 0, 392, 53) topbar_band_visible_count=7 popup_region_visible_count=0 force_refresh=True handle=142084180
2026-08-31 15:17:41.954 | DEBUG    | winwatt_automation.live_ui.menu_helpers:_menu_items:1111 - Discovered 7 MenuItem controls
2026-08-31 15:17:41.954 | DEBUG    | winwatt_automation.live_ui.menu_helpers:_log_phase_timing:83 - DBG_PHASE_TIMING phase=_menu_items elapsed_ms=485.000 force_refresh=True total_items=7 visible_items=7
2026-08-31 15:17:42.025 | INFO     | winwatt_automation.live_ui.menu_helpers:list_top_menu_items:1141 - Top-level menu items (raw): ['Rendszer', 'Fájl', 'Jegyzékek', 'Eszközök', 'Beállítások', 'Ablak', 'Súgó']
2026-08-31 15:17:42.029 | DEBUG    | winwatt_automation.live_ui.menu_helpers:_log_phase_timing:83 - DBG_PHASE_TIMING phase=list_top_menu_items elapsed_ms=563.000 count=7
2026-08-31 15:17:42.531 | DEBUG    | winwatt_automation.live_ui.app_connector:get_cached_main_window:565 - DBG_WINWATT_CACHE_GET reason_code=cache_reused_without_validation payload={'wrapper_type': 'UIAWrapper', 'handle': 142084180, 'process_id': 12016, 'title': 'WinWatt gólya - C:\\Users\\Admin\\Documents\\GitHub\\autowinwatt\\winwatt_automation\\data\\runtime_maps\\full_authorized_sandbox\\adaptive_anyagok_efficient_v4_20260831', 'class_name': 'TMainForm', 'control_type': 'Window'} last_validation_age_s=2.3280000000959262 diagnostic_fast_mode=False
2026-08-31 15:17:42.531 | DEBUG    | winwatt_automation.live_ui.app_connector:get_cached_main_window:566 - DBG_PHASE_TIMING phase=get_cached_main_window elapsed_ms=0.000 reason_code=cache_reused_without_validation
2026-08-31 15:17:42.667 | DEBUG    | winwatt_automation.live_ui.app_connector:get_cached_main_window:565 - DBG_WINWATT_CACHE_GET reason_code=cache_reused_without_validation payload={'wrapper_type': 'UIAWrapper', 'handle': 142084180, 'process_id': 12016, 'title': 'WinWatt gólya - C:\\Users\\Admin\\Documents\\GitHub\\autowinwatt\\winwatt_automation\\data\\runtime_maps\\full_authorized_sandbox\\adaptive_anyagok_efficient_v4_20260831', 'class_name': 'TMainForm', 'control_type': 'Window'} last_validation_age_s=2.4530000000959262 diagnostic_fast_mode=False
2026-08-31 15:17:42.667 | DEBUG    | winwatt_automation.live_ui.app_connector:get_cached_main_window:566 - DBG_PHASE_TIMING phase=get_cached_main_window elapsed_ms=0.000 reason_code=cache_reused_without_validation
2026-08-31 15:17:42.667 | DEBUG    | winwatt_automation.live_ui.app_connector:get_cached_main_window:565 - DBG_WINWATT_CACHE_GET reason_code=cache_reused_without_validation payload={'wrapper_type': 'UIAWrapper', 'handle': 142084180, 'process_id': 12016, 'title': 'WinWatt gólya - C:\\Users\\Admin\\Documents\\GitHub\\autowinwatt\\winwatt_automation\\data\\runtime_maps\\full_authorized_sandbox\\adaptive_anyagok_efficient_v4_20260831', 'class_name': 'TMainForm', 'control_type': 'Window'} last_validation_age_s=2.4530000000959262 diagnostic_fast_mode=False
2026-08-31 15:17:42.667 | DEBUG    | winwatt_automation.live_ui.app_connector:get_cached_main_window:566 - DBG_PHASE_TIMING phase=get_cached_main_window elapsed_ms=0.000 reason_code=cache_reused_without_validation
2026-08-31 15:17:43.216 | INFO     | winwatt_automation.live_ui.menu_helpers:_menu_items:1101 - DBG_MENU_ITEMS_SUMMARY total_items=7 visible_items=7 topbar_band=(0, 0, 392, 53) topbar_band_visible_count=7 popup_region_visible_count=0 force_refresh=True handle=142084180
2026-08-31 15:17:43.220 | DEBUG    | winwatt_automation.live_ui.menu_helpers:_menu_items:1111 - Discovered 7 MenuItem controls
2026-08-31 15:17:43.220 | DEBUG    | winwatt_automation.live_ui.menu_helpers:_log_phase_timing:83 - DBG_PHASE_TIMING phase=_menu_items elapsed_ms=562.000 force_refresh=True total_items=7 visible_items=7
2026-08-31 15:17:43.278 | INFO     | winwatt_automation.live_ui.menu_helpers:list_top_menu_items:1141 - Top-level menu items (raw): ['Rendszer', 'Fájl', 'Jegyzékek', 'Eszközök', 'Beállítások', 'Ablak', 'Súgó']
2026-08-31 15:17:43.278 | DEBUG    | winwatt_automation.live_ui.menu_helpers:_log_phase_timing:83 - DBG_PHASE_TIMING phase=list_top_menu_items elapsed_ms=625.000 count=7
2026-08-31 15:17:43.794 | DEBUG    | winwatt_automation.live_ui.app_connector:get_cached_main_window:565 - DBG_WINWATT_CACHE_GET reason_code=cache_reused_without_validation payload={'wrapper_type': 'UIAWrapper', 'handle': 142084180, 'process_id': 12016, 'title': 'WinWatt gólya - C:\\Users\\Admin\\Documents\\GitHub\\autowinwatt\\winwatt_automation\\data\\runtime_maps\\full_authorized_sandbox\\adaptive_anyagok_efficient_v4_20260831', 'class_name': 'TMainForm', 'control_type': 'Window'} last_validation_age_s=3.5780000000959262 diagnostic_fast_mode=False
2026-08-31 15:17:43.806 | DEBUG    | winwatt_automation.live_ui.app_connector:get_cached_main_window:566 - DBG_PHASE_TIMING phase=get_cached_main_window elapsed_ms=16.000 reason_code=cache_reused_without_validation
2026-08-31 15:17:43.979 | DEBUG    | winwatt_automation.live_ui.app_connector:get_cached_main_window:565 - DBG_WINWATT_CACHE_GET reason_code=cache_reused_without_validation payload={'wrapper_type': 'UIAWrapper', 'handle': 142084180, 'process_id': 12016, 'title': 'WinWatt gólya - C:\\Users\\Admin\\Documents\\GitHub\\autowinwatt\\winwatt_automation\\data\\runtime_maps\\full_authorized_sandbox\\adaptive_anyagok_efficient_v4_20260831', 'class_name': 'TMainForm', 'control_type': 'Window'} last_validation_age_s=3.76500000001397 diagnostic_fast_mode=False
2026-08-31 15:17:43.979 | DEBUG    | winwatt_automation.live_ui.app_connector:get_cached_main_window:566 - DBG_PHASE_TIMING phase=get_cached_main_window elapsed_ms=0.000 reason_code=cache_reused_without_validation
2026-08-31 15:17:43.979 | DEBUG    | winwatt_automation.live_ui.app_connector:get_cached_main_window:565 - DBG_WINWATT_CACHE_GET reason_code=cache_reused_without_validation payload={'wrapper_type': 'UIAWrapper', 'handle': 142084180, 'process_id': 12016, 'title': 'WinWatt gólya - C:\\Users\\Admin\\Documents\\GitHub\\autowinwatt\\winwatt_automation\\data\\runtime_maps\\full_authorized_sandbox\\adaptive_anyagok_efficient_v4_20260831', 'class_name': 'TMainForm', 'control_type': 'Window'} last_validation_age_s=3.76500000001397 diagnostic_fast_mode=False
2026-08-31 15:17:43.979 | DEBUG    | winwatt_automation.live_ui.app_connector:get_cached_main_window:566 - DBG_PHASE_TIMING phase=get_cached_main_window elapsed_ms=0.000 reason_code=cache_reused_without_validation
2026-08-31 15:17:44.501 | INFO     | winwatt_automation.live_ui.menu_helpers:_menu_items:1101 - DBG_MENU_ITEMS_SUMMARY total_items=7 visible_items=7 topbar_band=(0, 0, 392, 53) topbar_band_visible_count=7 popup_region_visible_count=0 force_refresh=True handle=142084180
2026-08-31 15:17:44.520 | DEBUG    | winwatt_automation.live_ui.menu_helpers:_menu_items:1111 - Discovered 7 MenuItem controls
2026-08-31 15:17:44.520 | DEBUG    | winwatt_automation.live_ui.menu_helpers:_log_phase_timing:83 - DBG_PHASE_TIMING phase=_menu_items elapsed_ms=547.000 force_refresh=True total_items=7 visible_items=7
2026-08-31 15:17:44.599 | INFO     | winwatt_automation.live_ui.menu_helpers:list_top_menu_items:1141 - Top-level menu items (raw): ['Rendszer', 'Fájl', 'Jegyzékek', 'Eszközök', 'Beállítások', 'Ablak', 'Súgó']
2026-08-31 15:17:44.604 | DEBUG    | winwatt_automation.live_ui.menu_helpers:_log_phase_timing:83 - DBG_PHASE_TIMING phase=list_top_menu_items elapsed_ms=625.000 count=7
2026-08-31 15:17:45.120 | INFO     | winwatt_automation.live_ui.app_connector:is_winwatt_foreground_context:1161 - DBG_WINWATT_FOREGROUND_CONTEXT expected_handle=142084180 expected_process_id=12016 expected_title=WinWatt gólya - C:\Users\Admin\Documents\GitHub\autowinwatt\winwatt_automation\data\runtime_maps\full_authorized_sandbox\adaptive_anyagok_efficient_v4_20260831 expected_class_name=TMainForm actual_foreground_handle=142084180 actual_foreground_process_id=12016 actual_foreground_title=WinWatt gólya - C:\Users\Admin\Documents\GitHub\autowinwatt\winwatt_automation\data\runtime_maps\full_authorized_sandbox\adaptive_anyagok_efficient_v4_20260831 actual_foreground_class_name=TMainForm allow_dialog=True result_reason=handle_match
2026-08-31 15:17:45.128 | INFO     | winwatt_automation.live_ui.app_connector:_cached_window_health_status:489 - DBG_WINWATT_CACHE_HEALTH reason_code=healthy payload={'wrapper_type': 'UIAWrapper', 'handle': 142084180, 'process_id': 12016, 'title': 'WinWatt gólya - C:\\Users\\Admin\\Documents\\GitHub\\autowinwatt\\winwatt_automation\\data\\runtime_maps\\full_authorized_sandbox\\adaptive_anyagok_efficient_v4_20260831', 'class_name': 'TMainForm', 'control_type': 'Window'}
2026-08-31 15:17:45.131 | DEBUG    | winwatt_automation.live_ui.app_connector:get_cached_main_window:574 - DBG_WINWATT_CACHE_GET reason_code=cache_validated_ok payload={'wrapper_type': 'UIAWrapper', 'handle': 142084180, 'process_id': 12016, 'title': 'WinWatt gólya - C:\\Users\\Admin\\Documents\\GitHub\\autowinwatt\\winwatt_automation\\data\\runtime_maps\\full_authorized_sandbox\\adaptive_anyagok_efficient_v4_20260831', 'class_name': 'TMainForm', 'control_type': 'Window'} last_validation_age_s=4.906000000075437 diagnostic_fast_mode=False
2026-08-31 15:17:45.132 | DEBUG    | winwatt_automation.live_ui.app_connector:get_cached_main_window:575 - DBG_PHASE_TIMING phase=get_cached_main_window elapsed_ms=16.000 reason_code=cache_validated_ok
2026-08-31 15:18:04.591 | INFO     | winwatt_automation.live_ui.app_connector:get_cached_main_window:597 - DBG_WINWATT_CACHE_GET reason_code=cache_missing_resolving_fresh diagnostic_fast_mode=False
2026-08-31 15:18:04.814 | DEBUG    | winwatt_automation.live_ui.app_connector:list_candidate_windows:180 - Discovered 0 WinWatt-like windows on backend=win32
2026-08-31 15:18:04.814 | INFO     | winwatt_automation.live_ui.app_connector:_connect_with_win32_handle:276 - DBG_WINWATT_CONNECT_WIN32_CANDIDATES locator=backend=win32 ranked_candidates=[] 
2026-08-31 15:18:04.814 | WARNING  | winwatt_automation.runtime_mapping.program_mapper:_safe_capture_snapshot:191 - snapshot_capture_failed state_id=startup_after_relaunch error=No WinWatt-like windows were found
2026-08-31 15:18:05.323 | INFO     | winwatt_automation.live_ui.app_connector:get_cached_main_window:597 - DBG_WINWATT_CACHE_GET reason_code=cache_missing_resolving_fresh diagnostic_fast_mode=False
2026-08-31 15:18:07.951 | DEBUG    | winwatt_automation.live_ui.app_connector:list_candidate_windows:180 - Discovered 0 WinWatt-like windows on backend=win32
2026-08-31 15:18:07.955 | INFO     | winwatt_automation.live_ui.app_connector:_connect_with_win32_handle:276 - DBG_WINWATT_CONNECT_WIN32_CANDIDATES locator=backend=win32 ranked_candidates=[] 
2026-08-31 15:18:07.956 | WARNING  | winwatt_automation.runtime_mapping.program_mapper:_safe_capture_snapshot:191 - snapshot_capture_failed state_id=startup_after_relaunch error=No WinWatt-like windows were found
2026-08-31 15:18:08.457 | INFO     | winwatt_automation.live_ui.app_connector:get_cached_main_window:597 - DBG_WINWATT_CACHE_GET reason_code=cache_missing_resolving_fresh diagnostic_fast_mode=False
2026-08-31 15:18:10.060 | DEBUG    | winwatt_automation.live_ui.app_connector:list_candidate_windows:180 - Discovered 0 WinWatt-like windows on backend=win32
2026-08-31 15:18:10.060 | INFO     | winwatt_automation.live_ui.app_connector:_connect_with_win32_handle:276 - DBG_WINWATT_CONNECT_WIN32_CANDIDATES locator=backend=win32 ranked_candidates=[] 
2026-08-31 15:18:10.075 | WARNING  | winwatt_automation.runtime_mapping.program_mapper:_safe_capture_snapshot:191 - snapshot_capture_failed state_id=startup_after_relaunch error=No WinWatt-like windows were found
2026-08-31 15:18:10.576 | INFO     | winwatt_automation.live_ui.app_connector:get_cached_main_window:597 - DBG_WINWATT_CACHE_GET reason_code=cache_missing_resolving_fresh diagnostic_fast_mode=False
2026-08-31 15:18:10.634 | DEBUG    | winwatt_automation.live_ui.app_connector:list_candidate_windows:180 - Discovered 0 WinWatt-like windows on backend=win32
2026-08-31 15:18:10.651 | INFO     | winwatt_automation.live_ui.app_connector:_connect_with_win32_handle:276 - DBG_WINWATT_CONNECT_WIN32_CANDIDATES locator=backend=win32 ranked_candidates=[] 
2026-08-31 15:18:10.651 | WARNING  | winwatt_automation.runtime_mapping.program_mapper:_safe_capture_snapshot:191 - snapshot_capture_failed state_id=startup_after_relaunch error=No WinWatt-like windows were found
2026-08-31 15:18:11.152 | INFO     | winwatt_automation.live_ui.app_connector:get_cached_main_window:597 - DBG_WINWATT_CACHE_GET reason_code=cache_missing_resolving_fresh diagnostic_fast_mode=False
2026-08-31 15:18:11.253 | DEBUG    | winwatt_automation.live_ui.app_connector:list_candidate_windows:180 - Discovered 0 WinWatt-like windows on backend=win32
2026-08-31 15:18:11.253 | INFO     | winwatt_automation.live_ui.app_connector:_connect_with_win32_handle:276 - DBG_WINWATT_CONNECT_WIN32_CANDIDATES locator=backend=win32 ranked_candidates=[] 
2026-08-31 15:18:11.261 | WARNING  | winwatt_automation.runtime_mapping.program_mapper:_safe_capture_snapshot:191 - snapshot_capture_failed state_id=startup_after_relaunch error=No WinWatt-like windows were found
2026-08-31 15:18:11.762 | INFO     | winwatt_automation.live_ui.app_connector:get_cached_main_window:597 - DBG_WINWATT_CACHE_GET reason_code=cache_missing_resolving_fresh diagnostic_fast_mode=False
2026-08-31 15:18:11.825 | DEBUG    | winwatt_automation.live_ui.app_connector:list_candidate_windows:180 - Discovered 0 WinWatt-like windows on backend=win32
2026-08-31 15:18:11.825 | INFO     | winwatt_automation.live_ui.app_connector:_connect_with_win32_handle:276 - DBG_WINWATT_CONNECT_WIN32_CANDIDATES locator=backend=win32 ranked_candidates=[] 
2026-08-31 15:18:11.825 | WARNING  | winwatt_automation.runtime_mapping.program_mapper:_safe_capture_snapshot:191 - snapshot_capture_failed state_id=startup_after_relaunch error=No WinWatt-like windows were found
2026-08-31 15:18:12.339 | INFO     | winwatt_automation.live_ui.app_connector:get_cached_main_window:597 - DBG_WINWATT_CACHE_GET reason_code=cache_missing_resolving_fresh diagnostic_fast_mode=False
2026-08-31 15:18:12.431 | DEBUG    | winwatt_automation.live_ui.app_connector:list_candidate_windows:180 - Discovered 0 WinWatt-like windows on backend=win32
2026-08-31 15:18:12.431 | INFO     | winwatt_automation.live_ui.app_connector:_connect_with_win32_handle:276 - DBG_WINWATT_CONNECT_WIN32_CANDIDATES locator=backend=win32 ranked_candidates=[] 
2026-08-31 15:18:12.431 | WARNING  | winwatt_automation.runtime_mapping.program_mapper:_safe_capture_snapshot:191 - snapshot_capture_failed state_id=startup_after_relaunch error=No WinWatt-like windows were found
2026-08-31 15:18:12.942 | INFO     | winwatt_automation.live_ui.app_connector:get_cached_main_window:597 - DBG_WINWATT_CACHE_GET reason_code=cache_missing_resolving_fresh diagnostic_fast_mode=False
2026-08-31 15:18:13.007 | DEBUG    | winwatt_automation.live_ui.app_connector:list_candidate_windows:180 - Discovered 0 WinWatt-like windows on backend=win32
2026-08-31 15:18:13.023 | INFO     | winwatt_automation.live_ui.app_connector:_connect_with_win32_handle:276 - DBG_WINWATT_CONNECT_WIN32_CANDIDATES locator=backend=win32 ranked_candidates=[] 
2026-08-31 15:18:13.023 | WARNING  | winwatt_automation.runtime_mapping.program_mapper:_safe_capture_snapshot:191 - snapshot_capture_failed state_id=startup_after_relaunch error=No WinWatt-like windows were found
2026-08-31 15:18:13.527 | INFO     | winwatt_automation.live_ui.app_connector:get_cached_main_window:597 - DBG_WINWATT_CACHE_GET reason_code=cache_missing_resolving_fresh diagnostic_fast_mode=False
2026-08-31 15:18:13.603 | DEBUG    | winwatt_automation.live_ui.app_connector:list_candidate_windows:180 - Discovered 0 WinWatt-like windows on backend=win32
2026-08-31 15:18:13.608 | INFO     | winwatt_automation.live_ui.app_connector:_connect_with_win32_handle:276 - DBG_WINWATT_CONNECT_WIN32_CANDIDATES locator=backend=win32 ranked_candidates=[] 
2026-08-31 15:18:13.608 | WARNING  | winwatt_automation.runtime_mapping.program_mapper:_safe_capture_snapshot:191 - snapshot_capture_failed state_id=startup_after_relaunch error=No WinWatt-like windows were found
2026-08-31 15:18:14.110 | INFO     | winwatt_automation.live_ui.app_connector:get_cached_main_window:597 - DBG_WINWATT_CACHE_GET reason_code=cache_missing_resolving_fresh diagnostic_fast_mode=False
2026-08-31 15:18:14.215 | DEBUG    | winwatt_automation.live_ui.app_connector:list_candidate_windows:180 - Discovered 0 WinWatt-like windows on backend=win32
2026-08-31 15:18:14.215 | INFO     | winwatt_automation.live_ui.app_connector:_connect_with_win32_handle:276 - DBG_WINWATT_CONNECT_WIN32_CANDIDATES locator=backend=win32 ranked_candidates=[] 
2026-08-31 15:18:14.215 | WARNING  | winwatt_automation.runtime_mapping.program_mapper:_safe_capture_snapshot:191 - snapshot_capture_failed state_id=startup_after_relaunch error=No WinWatt-like windows were found
2026-08-31 15:18:14.723 | INFO     | winwatt_automation.live_ui.app_connector:get_cached_main_window:597 - DBG_WINWATT_CACHE_GET reason_code=cache_missing_resolving_fresh diagnostic_fast_mode=False
2026-08-31 15:18:14.807 | DEBUG    | winwatt_automation.live_ui.app_connector:list_candidate_windows:180 - Discovered 0 WinWatt-like windows on backend=win32
2026-08-31 15:18:14.809 | INFO     | winwatt_automation.live_ui.app_connector:_connect_with_win32_handle:276 - DBG_WINWATT_CONNECT_WIN32_CANDIDATES locator=backend=win32 ranked_candidates=[] 
2026-08-31 15:18:14.809 | WARNING  | winwatt_automation.runtime_mapping.program_mapper:_safe_capture_snapshot:191 - snapshot_capture_failed state_id=startup_after_relaunch error=No WinWatt-like windows were found
2026-08-31 15:18:15.313 | INFO     | winwatt_automation.live_ui.app_connector:get_cached_main_window:597 - DBG_WINWATT_CACHE_GET reason_code=cache_missing_resolving_fresh diagnostic_fast_mode=False
2026-08-31 15:18:15.385 | DEBUG    | winwatt_automation.live_ui.app_connector:list_candidate_windows:180 - Discovered 0 WinWatt-like windows on backend=win32
2026-08-31 15:18:15.385 | INFO     | winwatt_automation.live_ui.app_connector:_connect_with_win32_handle:276 - DBG_WINWATT_CONNECT_WIN32_CANDIDATES locator=backend=win32 ranked_candidates=[] 
2026-08-31 15:18:15.385 | WARNING  | winwatt_automation.runtime_mapping.program_mapper:_safe_capture_snapshot:191 - snapshot_capture_failed state_id=startup_after_relaunch error=No WinWatt-like windows were found
2026-08-31 15:18:15.898 | INFO     | winwatt_automation.live_ui.app_connector:get_cached_main_window:597 - DBG_WINWATT_CACHE_GET reason_code=cache_missing_resolving_fresh diagnostic_fast_mode=False
2026-08-31 15:18:15.972 | DEBUG    | winwatt_automation.live_ui.app_connector:list_candidate_windows:180 - Discovered 0 WinWatt-like windows on backend=win32
2026-08-31 15:18:15.972 | INFO     | winwatt_automation.live_ui.app_connector:_connect_with_win32_handle:276 - DBG_WINWATT_CONNECT_WIN32_CANDIDATES locator=backend=win32 ranked_candidates=[] 
2026-08-31 15:18:15.972 | WARNING  | winwatt_automation.runtime_mapping.program_mapper:_safe_capture_snapshot:191 - snapshot_capture_failed state_id=startup_after_relaunch error=No WinWatt-like windows were found
2026-08-31 15:18:16.488 | INFO     | winwatt_automation.live_ui.app_connector:get_cached_main_window:597 - DBG_WINWATT_CACHE_GET reason_code=cache_missing_resolving_fresh diagnostic_fast_mode=False
2026-08-31 15:18:16.568 | DEBUG    | winwatt_automation.live_ui.app_connector:list_candidate_windows:180 - Discovered 1 WinWatt-like windows on backend=win32
2026-08-31 15:18:16.568 | DEBUG    | winwatt_automation.live_ui.app_connector:list_candidate_windows:182 - Candidate[win32]: {'title': 'WinWatt gólya - C:\\Users\\Admin\\Documents\\GitHub\\autowinwatt\\winwatt_automation\\data\\runtime_maps\\full_authorized_sandbox\\adaptive_anyagok_efficient_v4_20260831', 'window_text': 'WinWatt gólya - C:\\Users\\Admin\\Documents\\GitHub\\autowinwatt\\winwatt_automation\\data\\runtime_maps\\full_authorized_sandbox\\adaptive_anyagok_efficient_v4_20260831', 'class_name': 'TMainForm', 'control_type': None, 'process_id': 9924, 'handle': None, 'is_visible': True, 'is_enabled': True, 'rectangle': {'left': -10, 'top': -10, 'right': 1930, 'bottom': 1030, 'width': 1940, 'height': 1040}, 'size': {'width': 1940, 'height': 1040}}
2026-08-31 15:18:16.568 | INFO     | winwatt_automation.live_ui.app_connector:_connect_with_win32_handle:276 - DBG_WINWATT_CONNECT_WIN32_CANDIDATES locator=backend=win32 ranked_candidates=[{'rank': 1, 'score': (1, 1, 1, 1, 2017600), 'process_id': 9924, 'handle': None, 'class_name': 'TMainForm', 'title': 'WinWatt gólya - C:\\Users\\Admin\\Documents\\GitHub\\autowinwatt\\winwatt_automation\\data\\runtime_maps\\full_authorized_sandbox\\adaptive_anyagok_efficient_v4_20260831', 'visible': True, 'enabled': True}] 
2026-08-31 15:18:16.568 | INFO     | winwatt_automation.live_ui.app_connector:select_main_window:224 - Candidate ranking score=(1, 1, 1, 1, 2017600) data={'title': 'WinWatt gólya - C:\\Users\\Admin\\Documents\\GitHub\\autowinwatt\\winwatt_automation\\data\\runtime_maps\\full_authorized_sandbox\\adaptive_anyagok_efficient_v4_20260831', 'window_text': 'WinWatt gólya - C:\\Users\\Admin\\Documents\\GitHub\\autowinwatt\\winwatt_automation\\data\\runtime_maps\\full_authorized_sandbox\\adaptive_anyagok_efficient_v4_20260831', 'class_name': 'TMainForm', 'control_type': None, 'process_id': 9924, 'handle': None, 'is_visible': True, 'is_enabled': True, 'rectangle': {'left': -10, 'top': -10, 'right': 1930, 'bottom': 1030, 'width': 1940, 'height': 1040}, 'size': {'width': 1940, 'height': 1040}}
2026-08-31 15:18:16.568 | INFO     | winwatt_automation.live_ui.app_connector:select_main_window:234 - Selected main window process_id=9924 handle=None score=(1, 1, 1, 1, 2017600) reasons=['has_process_id=True', 'has_handle=False', 'visible=True', 'enabled=True', 'title_has_winwatt=True', 'area=2017600']
2026-08-31 15:18:16.568 | INFO     | winwatt_automation.live_ui.app_connector:_connect_with_win32_handle:293 - DBG_WINWATT_CONNECT_WIN32_SELECTED selected_payload={'title': 'WinWatt gólya - C:\\Users\\Admin\\Documents\\GitHub\\autowinwatt\\winwatt_automation\\data\\runtime_maps\\full_authorized_sandbox\\adaptive_anyagok_efficient_v4_20260831', 'window_text': 'WinWatt gólya - C:\\Users\\Admin\\Documents\\GitHub\\autowinwatt\\winwatt_automation\\data\\runtime_maps\\full_authorized_sandbox\\adaptive_anyagok_efficient_v4_20260831', 'class_name': 'TMainForm', 'control_type': None, 'process_id': 9924, 'handle': None, 'is_visible': True, 'is_enabled': True, 'rectangle': {'left': -10, 'top': -10, 'right': 1930, 'bottom': 1030, 'width': 1940, 'height': 1040}, 'size': {'width': 1940, 'height': 1040}} selected_handle_is_none=True
2026-08-31 15:18:16.583 | INFO     | winwatt_automation.live_ui.app_connector:_connect_with_win32_handle:336 - Connected to WinWatt backend=win32 attach_mode=process candidate={'process_id': 9924, 'handle': None, 'class_name': 'TMainForm', 'title': 'WinWatt gólya - C:\\Users\\Admin\\Documents\\GitHub\\autowinwatt\\winwatt_automation\\data\\runtime_maps\\full_authorized_sandbox\\adaptive_anyagok_efficient_v4_20260831'}
2026-08-31 15:18:16.587 | INFO     | winwatt_automation.live_ui.app_connector:_connect_with_win32_handle:350 - DBG_WINWATT_CONNECT_WIN32_RESOLVED process_id=9924 resolved_handle=None selected_payload={'title': 'WinWatt gólya - C:\\Users\\Admin\\Documents\\GitHub\\autowinwatt\\winwatt_automation\\data\\runtime_maps\\full_authorized_sandbox\\adaptive_anyagok_efficient_v4_20260831', 'window_text': 'WinWatt gólya - C:\\Users\\Admin\\Documents\\GitHub\\autowinwatt\\winwatt_automation\\data\\runtime_maps\\full_authorized_sandbox\\adaptive_anyagok_efficient_v4_20260831', 'class_name': 'TMainForm', 'control_type': None, 'process_id': 9924, 'handle': None, 'is_visible': True, 'is_enabled': True, 'rectangle': {'left': -10, 'top': -10, 'right': 1930, 'bottom': 1030, 'width': 1940, 'height': 1040}, 'size': {'width': 1940, 'height': 1040}}
2026-08-31 15:18:16.593 | INFO     | winwatt_automation.live_ui.app_connector:_resolve_uia_main_window:382 - DBG_WINWATT_RESOLVE_UIA_WIN32_SELECTED selected_payload={'title': 'WinWatt gólya - C:\\Users\\Admin\\Documents\\GitHub\\autowinwatt\\winwatt_automation\\data\\runtime_maps\\full_authorized_sandbox\\adaptive_anyagok_efficient_v4_20260831', 'window_text': 'WinWatt gólya - C:\\Users\\Admin\\Documents\\GitHub\\autowinwatt\\winwatt_automation\\data\\runtime_maps\\full_authorized_sandbox\\adaptive_anyagok_efficient_v4_20260831', 'class_name': 'TMainForm', 'control_type': None, 'process_id': 9924, 'handle': None, 'is_visible': True, 'is_enabled': True, 'rectangle': {'left': -10, 'top': -10, 'right': 1930, 'bottom': 1030, 'width': 1940, 'height': 1040}, 'size': {'width': 1940, 'height': 1040}}
2026-08-31 15:18:16.593 | INFO     | winwatt_automation.live_ui.app_connector:_resolve_uia_main_window:388 - Connected to WinWatt backend=uia process_id=9924
2026-08-31 15:18:16.593 | INFO     | winwatt_automation.live_ui.app_connector:_resolve_uia_main_window:390 - Resolving main WinWatt window backend=uia class_name=TMainForm title_re=.*WinWatt.*
2026-08-31 15:18:16.979 | INFO     | winwatt_automation.live_ui.app_connector:_resolve_uia_main_window:400 - DBG_WINWATT_RESOLVE_UIA_PRIMARY selected_payload={'title': 'WinWatt gólya - C:\\Users\\Admin\\Documents\\GitHub\\autowinwatt\\winwatt_automation\\data\\runtime_maps\\full_authorized_sandbox\\adaptive_anyagok_efficient_v4_20260831', 'window_text': 'WinWatt gólya - C:\\Users\\Admin\\Documents\\GitHub\\autowinwatt\\winwatt_automation\\data\\runtime_maps\\full_authorized_sandbox\\adaptive_anyagok_efficient_v4_20260831', 'class_name': 'TMainForm', 'control_type': None, 'process_id': 9924, 'handle': None, 'is_visible': True, 'is_enabled': True, 'rectangle': {'left': -10, 'top': -10, 'right': 1930, 'bottom': 1030, 'width': 1940, 'height': 1040}, 'size': {'width': 1940, 'height': 1040}} primary_result={'wrapper_type': 'UIAWrapper', 'handle': 146409602, 'process_id': 9924, 'title': 'WinWatt gólya - C:\\Users\\Admin\\Documents\\GitHub\\autowinwatt\\winwatt_automation\\data\\runtime_maps\\full_authorized_sandbox\\adaptive_anyagok_efficient_v4_20260831', 'class_name': 'TMainForm', 'control_type': 'Window'} identity_match_with_win32=None
2026-08-31 15:18:16.984 | DEBUG    | winwatt_automation.live_ui.app_connector:get_cached_main_window:606 - DBG_PHASE_TIMING phase=get_cached_main_window elapsed_ms=500.000 reason_code=fresh_resolve
2026-08-31 15:18:17.141 | DEBUG    | winwatt_automation.live_ui.app_connector:get_cached_main_window:565 - DBG_WINWATT_CACHE_GET reason_code=cache_reused_without_validation payload={'wrapper_type': 'UIAWrapper', 'handle': 146409602, 'process_id': 9924, 'title': 'WinWatt gólya - C:\\Users\\Admin\\Documents\\GitHub\\autowinwatt\\winwatt_automation\\data\\runtime_maps\\full_authorized_sandbox\\adaptive_anyagok_efficient_v4_20260831', 'class_name': 'TMainForm', 'control_type': 'Window'} last_validation_age_s=0.14099999994505197 diagnostic_fast_mode=False
2026-08-31 15:18:17.141 | DEBUG    | winwatt_automation.live_ui.app_connector:get_cached_main_window:566 - DBG_PHASE_TIMING phase=get_cached_main_window elapsed_ms=15.000 reason_code=cache_reused_without_validation
2026-08-31 15:18:17.141 | DEBUG    | winwatt_automation.live_ui.app_connector:get_cached_main_window:565 - DBG_WINWATT_CACHE_GET reason_code=cache_reused_without_validation payload={'wrapper_type': 'UIAWrapper', 'handle': 146409602, 'process_id': 9924, 'title': 'WinWatt gólya - C:\\Users\\Admin\\Documents\\GitHub\\autowinwatt\\winwatt_automation\\data\\runtime_maps\\full_authorized_sandbox\\adaptive_anyagok_efficient_v4_20260831', 'class_name': 'TMainForm', 'control_type': 'Window'} last_validation_age_s=0.1559999999590218 diagnostic_fast_mode=False
2026-08-31 15:18:17.141 | DEBUG    | winwatt_automation.live_ui.app_connector:get_cached_main_window:566 - DBG_PHASE_TIMING phase=get_cached_main_window elapsed_ms=0.000 reason_code=cache_reused_without_validation
2026-08-31 15:18:17.689 | INFO     | winwatt_automation.live_ui.menu_helpers:_menu_items:1101 - DBG_MENU_ITEMS_SUMMARY total_items=7 visible_items=7 topbar_band=(0, 0, 392, 53) topbar_band_visible_count=7 popup_region_visible_count=0 force_refresh=True handle=146409602
2026-08-31 15:18:17.689 | DEBUG    | winwatt_automation.live_ui.menu_helpers:_menu_items:1111 - Discovered 7 MenuItem controls
2026-08-31 15:18:17.689 | DEBUG    | winwatt_automation.live_ui.menu_helpers:_log_phase_timing:83 - DBG_PHASE_TIMING phase=_menu_items elapsed_ms=562.000 force_refresh=True total_items=7 visible_items=7
2026-08-31 15:18:17.767 | INFO     | winwatt_automation.live_ui.menu_helpers:list_top_menu_items:1141 - Top-level menu items (raw): ['Rendszer', 'Fájl', 'Jegyzékek', 'Eszközök', 'Beállítások', 'Ablak', 'Súgó']
2026-08-31 15:18:17.769 | DEBUG    | winwatt_automation.live_ui.menu_helpers:_log_phase_timing:83 - DBG_PHASE_TIMING phase=list_top_menu_items elapsed_ms=640.000 count=7
2026-08-31 15:18:18.276 | DEBUG    | winwatt_automation.live_ui.app_connector:get_cached_main_window:565 - DBG_WINWATT_CACHE_GET reason_code=cache_reused_without_validation payload={'wrapper_type': 'UIAWrapper', 'handle': 146409602, 'process_id': 9924, 'title': 'WinWatt gólya - C:\\Users\\Admin\\Documents\\GitHub\\autowinwatt\\winwatt_automation\\data\\runtime_maps\\full_authorized_sandbox\\adaptive_anyagok_efficient_v4_20260831', 'class_name': 'TMainForm', 'control_type': 'Window'} last_validation_age_s=1.2809999999590218 diagnostic_fast_mode=False
2026-08-31 15:18:18.281 | DEBUG    | winwatt_automation.live_ui.app_connector:get_cached_main_window:566 - DBG_PHASE_TIMING phase=get_cached_main_window elapsed_ms=16.000 reason_code=cache_reused_without_validation
2026-08-31 15:18:18.440 | DEBUG    | winwatt_automation.live_ui.app_connector:get_cached_main_window:565 - DBG_WINWATT_CACHE_GET reason_code=cache_reused_without_validation payload={'wrapper_type': 'UIAWrapper', 'handle': 146409602, 'process_id': 9924, 'title': 'WinWatt gólya - C:\\Users\\Admin\\Documents\\GitHub\\autowinwatt\\winwatt_automation\\data\\runtime_maps\\full_authorized_sandbox\\adaptive_anyagok_efficient_v4_20260831', 'class_name': 'TMainForm', 'control_type': 'Window'} last_validation_age_s=1.452999999979511 diagnostic_fast_mode=False
2026-08-31 15:18:18.458 | DEBUG    | winwatt_automation.live_ui.app_connector:get_cached_main_window:566 - DBG_PHASE_TIMING phase=get_cached_main_window elapsed_ms=16.000 reason_code=cache_reused_without_validation
2026-08-31 15:18:18.458 | DEBUG    | winwatt_automation.live_ui.app_connector:get_cached_main_window:565 - DBG_WINWATT_CACHE_GET reason_code=cache_reused_without_validation payload={'wrapper_type': 'UIAWrapper', 'handle': 146409602, 'process_id': 9924, 'title': 'WinWatt gólya - C:\\Users\\Admin\\Documents\\GitHub\\autowinwatt\\winwatt_automation\\data\\runtime_maps\\full_authorized_sandbox\\adaptive_anyagok_efficient_v4_20260831', 'class_name': 'TMainForm', 'control_type': 'Window'} last_validation_age_s=1.4689999999245629 diagnostic_fast_mode=False
2026-08-31 15:18:18.458 | DEBUG    | winwatt_automation.live_ui.app_connector:get_cached_main_window:566 - DBG_PHASE_TIMING phase=get_cached_main_window elapsed_ms=0.000 reason_code=cache_reused_without_validation
2026-08-31 15:18:18.947 | INFO     | winwatt_automation.live_ui.menu_helpers:_menu_items:1101 - DBG_MENU_ITEMS_SUMMARY total_items=7 visible_items=7 topbar_band=(0, 0, 392, 53) topbar_band_visible_count=7 popup_region_visible_count=0 force_refresh=True handle=146409602
2026-08-31 15:18:18.947 | DEBUG    | winwatt_automation.live_ui.menu_helpers:_menu_items:1111 - Discovered 7 MenuItem controls
2026-08-31 15:18:18.947 | DEBUG    | winwatt_automation.live_ui.menu_helpers:_log_phase_timing:83 - DBG_PHASE_TIMING phase=_menu_items elapsed_ms=500.000 force_refresh=True total_items=7 visible_items=7
2026-08-31 15:18:19.017 | INFO     | winwatt_automation.live_ui.menu_helpers:list_top_menu_items:1141 - Top-level menu items (raw): ['Rendszer', 'Fájl', 'Jegyzékek', 'Eszközök', 'Beállítások', 'Ablak', 'Súgó']
2026-08-31 15:18:19.026 | DEBUG    | winwatt_automation.live_ui.menu_helpers:_log_phase_timing:83 - DBG_PHASE_TIMING phase=list_top_menu_items elapsed_ms=578.000 count=7
2026-08-31 15:18:19.538 | DEBUG    | winwatt_automation.live_ui.app_connector:get_cached_main_window:565 - DBG_WINWATT_CACHE_GET reason_code=cache_reused_without_validation payload={'wrapper_type': 'UIAWrapper', 'handle': 146409602, 'process_id': 9924, 'title': 'WinWatt gólya - C:\\Users\\Admin\\Documents\\GitHub\\autowinwatt\\winwatt_automation\\data\\runtime_maps\\full_authorized_sandbox\\adaptive_anyagok_efficient_v4_20260831', 'class_name': 'TMainForm', 'control_type': 'Window'} last_validation_age_s=2.547000000020489 diagnostic_fast_mode=False
2026-08-31 15:18:19.538 | DEBUG    | winwatt_automation.live_ui.app_connector:get_cached_main_window:566 - DBG_PHASE_TIMING phase=get_cached_main_window elapsed_ms=0.000 reason_code=cache_reused_without_validation
2026-08-31 15:18:19.688 | DEBUG    | winwatt_automation.live_ui.app_connector:get_cached_main_window:565 - DBG_WINWATT_CACHE_GET reason_code=cache_reused_without_validation payload={'wrapper_type': 'UIAWrapper', 'handle': 146409602, 'process_id': 9924, 'title': 'WinWatt gólya - C:\\Users\\Admin\\Documents\\GitHub\\autowinwatt\\winwatt_automation\\data\\runtime_maps\\full_authorized_sandbox\\adaptive_anyagok_efficient_v4_20260831', 'class_name': 'TMainForm', 'control_type': 'Window'} last_validation_age_s=2.687999999965541 diagnostic_fast_mode=False
2026-08-31 15:18:19.692 | DEBUG    | winwatt_automation.live_ui.app_connector:get_cached_main_window:566 - DBG_PHASE_TIMING phase=get_cached_main_window elapsed_ms=15.000 reason_code=cache_reused_without_validation
2026-08-31 15:18:19.694 | DEBUG    | winwatt_automation.live_ui.app_connector:get_cached_main_window:565 - DBG_WINWATT_CACHE_GET reason_code=cache_reused_without_validation payload={'wrapper_type': 'UIAWrapper', 'handle': 146409602, 'process_id': 9924, 'title': 'WinWatt gólya - C:\\Users\\Admin\\Documents\\GitHub\\autowinwatt\\winwatt_automation\\data\\runtime_maps\\full_authorized_sandbox\\adaptive_anyagok_efficient_v4_20260831', 'class_name': 'TMainForm', 'control_type': 'Window'} last_validation_age_s=2.702999999979511 diagnostic_fast_mode=False
2026-08-31 15:18:19.697 | DEBUG    | winwatt_automation.live_ui.app_connector:get_cached_main_window:566 - DBG_PHASE_TIMING phase=get_cached_main_window elapsed_ms=0.000 reason_code=cache_reused_without_validation
2026-08-31 15:18:20.204 | INFO     | winwatt_automation.live_ui.menu_helpers:_menu_items:1101 - DBG_MENU_ITEMS_SUMMARY total_items=7 visible_items=7 topbar_band=(0, 0, 392, 53) topbar_band_visible_count=7 popup_region_visible_count=0 force_refresh=True handle=146409602
2026-08-31 15:18:20.207 | DEBUG    | winwatt_automation.live_ui.menu_helpers:_menu_items:1111 - Discovered 7 MenuItem controls
2026-08-31 15:18:20.207 | DEBUG    | winwatt_automation.live_ui.menu_helpers:_log_phase_timing:83 - DBG_PHASE_TIMING phase=_menu_items elapsed_ms=531.000 force_refresh=True total_items=7 visible_items=7
2026-08-31 15:18:20.266 | INFO     | winwatt_automation.live_ui.menu_helpers:list_top_menu_items:1141 - Top-level menu items (raw): ['Rendszer', 'Fájl', 'Jegyzékek', 'Eszközök', 'Beállítások', 'Ablak', 'Súgó']
2026-08-31 15:18:20.280 | DEBUG    | winwatt_automation.live_ui.menu_helpers:_log_phase_timing:83 - DBG_PHASE_TIMING phase=list_top_menu_items elapsed_ms=609.000 count=7
2026-08-31 15:18:20.785 | DEBUG    | winwatt_automation.live_ui.app_connector:get_cached_main_window:565 - DBG_WINWATT_CACHE_GET reason_code=cache_reused_without_validation payload={'wrapper_type': 'UIAWrapper', 'handle': 146409602, 'process_id': 9924, 'title': 'WinWatt gólya - C:\\Users\\Admin\\Documents\\GitHub\\autowinwatt\\winwatt_automation\\data\\runtime_maps\\full_authorized_sandbox\\adaptive_anyagok_efficient_v4_20260831', 'class_name': 'TMainForm', 'control_type': 'Window'} last_validation_age_s=3.797000000020489 diagnostic_fast_mode=False
2026-08-31 15:18:20.785 | DEBUG    | winwatt_automation.live_ui.app_connector:get_cached_main_window:566 - DBG_PHASE_TIMING phase=get_cached_main_window elapsed_ms=0.000 reason_code=cache_reused_without_validation
2026-08-31 15:18:20.940 | DEBUG    | winwatt_automation.live_ui.app_connector:get_cached_main_window:565 - DBG_WINWATT_CACHE_GET reason_code=cache_reused_without_validation payload={'wrapper_type': 'UIAWrapper', 'handle': 146409602, 'process_id': 9924, 'title': 'WinWatt gólya - C:\\Users\\Admin\\Documents\\GitHub\\autowinwatt\\winwatt_automation\\data\\runtime_maps\\full_authorized_sandbox\\adaptive_anyagok_efficient_v4_20260831', 'class_name': 'TMainForm', 'control_type': 'Window'} last_validation_age_s=3.937999999965541 diagnostic_fast_mode=False
2026-08-31 15:18:20.940 | DEBUG    | winwatt_automation.live_ui.app_connector:get_cached_main_window:566 - DBG_PHASE_TIMING phase=get_cached_main_window elapsed_ms=15.000 reason_code=cache_reused_without_validation
2026-08-31 15:18:20.940 | DEBUG    | winwatt_automation.live_ui.app_connector:get_cached_main_window:565 - DBG_WINWATT_CACHE_GET reason_code=cache_reused_without_validation payload={'wrapper_type': 'UIAWrapper', 'handle': 146409602, 'process_id': 9924, 'title': 'WinWatt gólya - C:\\Users\\Admin\\Documents\\GitHub\\autowinwatt\\winwatt_automation\\data\\runtime_maps\\full_authorized_sandbox\\adaptive_anyagok_efficient_v4_20260831', 'class_name': 'TMainForm', 'control_type': 'Window'} last_validation_age_s=3.952999999979511 diagnostic_fast_mode=False
2026-08-31 15:18:20.940 | DEBUG    | winwatt_automation.live_ui.app_connector:get_cached_main_window:566 - DBG_PHASE_TIMING phase=get_cached_main_window elapsed_ms=0.000 reason_code=cache_reused_without_validation
2026-08-31 15:18:21.493 | INFO     | winwatt_automation.live_ui.menu_helpers:_menu_items:1101 - DBG_MENU_ITEMS_SUMMARY total_items=7 visible_items=7 topbar_band=(0, 0, 392, 53) topbar_band_visible_count=7 popup_region_visible_count=0 force_refresh=True handle=146409602
2026-08-31 15:18:21.502 | DEBUG    | winwatt_automation.live_ui.menu_helpers:_menu_items:1111 - Discovered 7 MenuItem controls
2026-08-31 15:18:21.502 | DEBUG    | winwatt_automation.live_ui.menu_helpers:_log_phase_timing:83 - DBG_PHASE_TIMING phase=_menu_items elapsed_ms=578.000 force_refresh=True total_items=7 visible_items=7
2026-08-31 15:18:21.556 | INFO     | winwatt_automation.live_ui.menu_helpers:list_top_menu_items:1141 - Top-level menu items (raw): ['Rendszer', 'Fájl', 'Jegyzékek', 'Eszközök', 'Beállítások', 'Ablak', 'Súgó']
2026-08-31 15:18:21.574 | DEBUG    | winwatt_automation.live_ui.menu_helpers:_log_phase_timing:83 - DBG_PHASE_TIMING phase=list_top_menu_items elapsed_ms=640.000 count=7
2026-08-31 15:18:22.094 | INFO     | winwatt_automation.live_ui.app_connector:is_winwatt_foreground_context:1161 - DBG_WINWATT_FOREGROUND_CONTEXT expected_handle=146409602 expected_process_id=9924 expected_title=WinWatt gólya - C:\Users\Admin\Documents\GitHub\autowinwatt\winwatt_automation\data\runtime_maps\full_authorized_sandbox\adaptive_anyagok_efficient_v4_20260831 expected_class_name=TMainForm actual_foreground_handle=146409602 actual_foreground_process_id=9924 actual_foreground_title=WinWatt gólya - C:\Users\Admin\Documents\GitHub\autowinwatt\winwatt_automation\data\runtime_maps\full_authorized_sandbox\adaptive_anyagok_efficient_v4_20260831 actual_foreground_class_name=TMainForm allow_dialog=True result_reason=handle_match
2026-08-31 15:18:22.107 | INFO     | winwatt_automation.live_ui.app_connector:_cached_window_health_status:489 - DBG_WINWATT_CACHE_HEALTH reason_code=healthy payload={'wrapper_type': 'UIAWrapper', 'handle': 146409602, 'process_id': 9924, 'title': 'WinWatt gólya - C:\\Users\\Admin\\Documents\\GitHub\\autowinwatt\\winwatt_automation\\data\\runtime_maps\\full_authorized_sandbox\\adaptive_anyagok_efficient_v4_20260831', 'class_name': 'TMainForm', 'control_type': 'Window'}
2026-08-31 15:18:22.115 | DEBUG    | winwatt_automation.live_ui.app_connector:get_cached_main_window:574 - DBG_WINWATT_CACHE_GET reason_code=cache_validated_ok payload={'wrapper_type': 'UIAWrapper', 'handle': 146409602, 'process_id': 9924, 'title': 'WinWatt gólya - C:\\Users\\Admin\\Documents\\GitHub\\autowinwatt\\winwatt_automation\\data\\runtime_maps\\full_authorized_sandbox\\adaptive_anyagok_efficient_v4_20260831', 'class_name': 'TMainForm', 'control_type': 'Window'} last_validation_age_s=5.093999999924563 diagnostic_fast_mode=False
2026-08-31 15:18:22.115 | DEBUG    | winwatt_automation.live_ui.app_connector:get_cached_main_window:575 - DBG_PHASE_TIMING phase=get_cached_main_window elapsed_ms=31.000 reason_code=cache_validated_ok
2026-08-31 15:18:22.288 | DEBUG    | winwatt_automation.live_ui.app_connector:get_cached_main_window:565 - DBG_WINWATT_CACHE_GET reason_code=cache_reused_without_validation payload={'wrapper_type': 'UIAWrapper', 'handle': 146409602, 'process_id': 9924, 'title': 'WinWatt gólya - C:\\Users\\Admin\\Documents\\GitHub\\autowinwatt\\winwatt_automation\\data\\runtime_maps\\full_authorized_sandbox\\adaptive_anyagok_efficient_v4_20260831', 'class_name': 'TMainForm', 'control_type': 'Window'} last_validation_age_s=0.20300000009592623 diagnostic_fast_mode=False
2026-08-31 15:18:22.292 | DEBUG    | winwatt_automation.live_ui.app_connector:get_cached_main_window:566 - DBG_PHASE_TIMING phase=get_cached_main_window elapsed_ms=0.000 reason_code=cache_reused_without_validation
2026-08-31 15:18:22.294 | DEBUG    | winwatt_automation.live_ui.app_connector:get_cached_main_window:565 - DBG_WINWATT_CACHE_GET reason_code=cache_reused_without_validation payload={'wrapper_type': 'UIAWrapper', 'handle': 146409602, 'process_id': 9924, 'title': 'WinWatt gólya - C:\\Users\\Admin\\Documents\\GitHub\\autowinwatt\\winwatt_automation\\data\\runtime_maps\\full_authorized_sandbox\\adaptive_anyagok_efficient_v4_20260831', 'class_name': 'TMainForm', 'control_type': 'Window'} last_validation_age_s=0.2190000000409782 diagnostic_fast_mode=False
2026-08-31 15:18:22.294 | DEBUG    | winwatt_automation.live_ui.app_connector:get_cached_main_window:566 - DBG_PHASE_TIMING phase=get_cached_main_window elapsed_ms=0.000 reason_code=cache_reused_without_validation
2026-08-31 15:18:22.795 | INFO     | winwatt_automation.live_ui.menu_helpers:_menu_items:1101 - DBG_MENU_ITEMS_SUMMARY total_items=7 visible_items=7 topbar_band=(0, 0, 392, 53) topbar_band_visible_count=7 popup_region_visible_count=0 force_refresh=True handle=146409602
2026-08-31 15:18:22.799 | DEBUG    | winwatt_automation.live_ui.menu_helpers:_menu_items:1111 - Discovered 7 MenuItem controls
2026-08-31 15:18:22.801 | DEBUG    | winwatt_automation.live_ui.menu_helpers:_log_phase_timing:83 - DBG_PHASE_TIMING phase=_menu_items elapsed_ms=516.000 force_refresh=True total_items=7 visible_items=7
2026-08-31 15:18:22.856 | INFO     | winwatt_automation.live_ui.menu_helpers:list_top_menu_items:1141 - Top-level menu items (raw): ['Rendszer', 'Fájl', 'Jegyzékek', 'Eszközök', 'Beállítások', 'Ablak', 'Súgó']
2026-08-31 15:18:22.872 | DEBUG    | winwatt_automation.live_ui.menu_helpers:_log_phase_timing:83 - DBG_PHASE_TIMING phase=list_top_menu_items elapsed_ms=594.000 count=7
2026-08-31 15:18:23.374 | DEBUG    | winwatt_automation.live_ui.app_connector:get_cached_main_window:565 - DBG_WINWATT_CACHE_GET reason_code=cache_reused_without_validation payload={'wrapper_type': 'UIAWrapper', 'handle': 146409602, 'process_id': 9924, 'title': 'WinWatt gólya - C:\\Users\\Admin\\Documents\\GitHub\\autowinwatt\\winwatt_automation\\data\\runtime_maps\\full_authorized_sandbox\\adaptive_anyagok_efficient_v4_20260831', 'class_name': 'TMainForm', 'control_type': 'Window'} last_validation_age_s=1.297000000020489 diagnostic_fast_mode=False
2026-08-31 15:18:23.382 | DEBUG    | winwatt_automation.live_ui.app_connector:get_cached_main_window:566 - DBG_PHASE_TIMING phase=get_cached_main_window elapsed_ms=0.000 reason_code=cache_reused_without_validation
2026-08-31 15:18:23.542 | DEBUG    | winwatt_automation.live_ui.app_connector:get_cached_main_window:565 - DBG_WINWATT_CACHE_GET reason_code=cache_reused_without_validation payload={'wrapper_type': 'UIAWrapper', 'handle': 146409602, 'process_id': 9924, 'title': 'WinWatt gólya - C:\\Users\\Admin\\Documents\\GitHub\\autowinwatt\\winwatt_automation\\data\\runtime_maps\\full_authorized_sandbox\\adaptive_anyagok_efficient_v4_20260831', 'class_name': 'TMainForm', 'control_type': 'Window'} last_validation_age_s=1.4530000000959262 diagnostic_fast_mode=False
2026-08-31 15:18:23.546 | DEBUG    | winwatt_automation.live_ui.app_connector:get_cached_main_window:566 - DBG_PHASE_TIMING phase=get_cached_main_window elapsed_ms=16.000 reason_code=cache_reused_without_validation
2026-08-31 15:18:23.549 | DEBUG    | winwatt_automation.live_ui.app_connector:get_cached_main_window:565 - DBG_WINWATT_CACHE_GET reason_code=cache_reused_without_validation payload={'wrapper_type': 'UIAWrapper', 'handle': 146409602, 'process_id': 9924, 'title': 'WinWatt gólya - C:\\Users\\Admin\\Documents\\GitHub\\autowinwatt\\winwatt_automation\\data\\runtime_maps\\full_authorized_sandbox\\adaptive_anyagok_efficient_v4_20260831', 'class_name': 'TMainForm', 'control_type': 'Window'} last_validation_age_s=1.4690000000409782 diagnostic_fast_mode=False
2026-08-31 15:18:23.550 | DEBUG    | winwatt_automation.live_ui.app_connector:get_cached_main_window:566 - DBG_PHASE_TIMING phase=get_cached_main_window elapsed_ms=0.000 reason_code=cache_reused_without_validation
2026-08-31 15:18:24.064 | INFO     | winwatt_automation.live_ui.menu_helpers:_menu_items:1101 - DBG_MENU_ITEMS_SUMMARY total_items=7 visible_items=7 topbar_band=(0, 0, 392, 53) topbar_band_visible_count=7 popup_region_visible_count=0 force_refresh=True handle=146409602
2026-08-31 15:18:24.064 | DEBUG    | winwatt_automation.live_ui.menu_helpers:_menu_items:1111 - Discovered 7 MenuItem controls
2026-08-31 15:18:24.064 | DEBUG    | winwatt_automation.live_ui.menu_helpers:_log_phase_timing:83 - DBG_PHASE_TIMING phase=_menu_items elapsed_ms=531.000 force_refresh=True total_items=7 visible_items=7
2026-08-31 15:18:24.153 | INFO     | winwatt_automation.live_ui.menu_helpers:list_top_menu_items:1141 - Top-level menu items (raw): ['Rendszer', 'Fájl', 'Jegyzékek', 'Eszközök', 'Beállítások', 'Ablak', 'Súgó']
2026-08-31 15:18:24.153 | DEBUG    | winwatt_automation.live_ui.menu_helpers:_log_phase_timing:83 - DBG_PHASE_TIMING phase=list_top_menu_items elapsed_ms=625.000 count=7
2026-08-31 15:18:24.658 | DEBUG    | winwatt_automation.live_ui.app_connector:get_cached_main_window:565 - DBG_WINWATT_CACHE_GET reason_code=cache_reused_without_validation payload={'wrapper_type': 'UIAWrapper', 'handle': 146409602, 'process_id': 9924, 'title': 'WinWatt gólya - C:\\Users\\Admin\\Documents\\GitHub\\autowinwatt\\winwatt_automation\\data\\runtime_maps\\full_authorized_sandbox\\adaptive_anyagok_efficient_v4_20260831', 'class_name': 'TMainForm', 'control_type': 'Window'} last_validation_age_s=2.5780000000959262 diagnostic_fast_mode=False
2026-08-31 15:18:24.658 | DEBUG    | winwatt_automation.live_ui.app_connector:get_cached_main_window:566 - DBG_PHASE_TIMING phase=get_cached_main_window elapsed_ms=0.000 reason_code=cache_reused_without_validation
2026-08-31 15:18:48.850 | INFO     | winwatt_automation.live_ui.app_connector:is_winwatt_foreground_context:1161 - DBG_WINWATT_FOREGROUND_CONTEXT expected_handle=146409602 expected_process_id=9924 expected_title=WinWatt gólya - C:\Users\Admin\Documents\GitHub\autowinwatt\winwatt_automation\data\runtime_maps\full_authorized_sandbox\adaptive_anyagok_efficient_v4_20260831 expected_class_name=TMainForm actual_foreground_handle=3475672 actual_foreground_process_id=9196 actual_foreground_title=Untitled-1 - autowinwatt - Visual Studio Code actual_foreground_class_name=Chrome_WidgetWin_1 allow_dialog=True result_reason=no_match
2026-08-31 15:18:48.866 | INFO     | winwatt_automation.live_ui.app_connector:_cached_window_health_status:486 - DBG_WINWATT_CACHE_HEALTH reason_code=foreground_context_failed payload={'wrapper_type': 'UIAWrapper', 'handle': 146409602, 'process_id': 9924, 'title': 'WinWatt gólya - C:\\Users\\Admin\\Documents\\GitHub\\autowinwatt\\winwatt_automation\\data\\runtime_maps\\full_authorized_sandbox\\adaptive_anyagok_efficient_v4_20260831', 'class_name': 'TMainForm', 'control_type': 'Window'} foreground={'handle': 3475672, 'title': 'Untitled-1 - autowinwatt - Visual Studio Code', 'class_name': 'Chrome_WidgetWin_1', 'process_id': 9196}
2026-08-31 15:18:48.872 | INFO     | winwatt_automation.live_ui.app_connector:get_cached_main_window:594 - DBG_WINWATT_CACHE_GET reason_code=cache_invalid_resolving_fresh payload={'wrapper_type': 'UIAWrapper', 'handle': 146409602, 'process_id': 9924, 'title': 'WinWatt gólya - C:\\Users\\Admin\\Documents\\GitHub\\autowinwatt\\winwatt_automation\\data\\runtime_maps\\full_authorized_sandbox\\adaptive_anyagok_efficient_v4_20260831', 'class_name': 'TMainForm', 'control_type': 'Window'} health_reason=foreground_context_failed diagnostic_fast_mode=False
2026-08-31 15:18:48.943 | DEBUG    | winwatt_automation.live_ui.app_connector:list_candidate_windows:180 - Discovered 1 WinWatt-like windows on backend=win32
2026-08-31 15:18:48.948 | DEBUG    | winwatt_automation.live_ui.app_connector:list_candidate_windows:182 - Candidate[win32]: {'title': 'WinWatt gólya - C:\\Users\\Admin\\Documents\\GitHub\\autowinwatt\\winwatt_automation\\data\\runtime_maps\\full_authorized_sandbox\\adaptive_anyagok_efficient_v4_20260831', 'window_text': 'WinWatt gólya - C:\\Users\\Admin\\Documents\\GitHub\\autowinwatt\\winwatt_automation\\data\\runtime_maps\\full_authorized_sandbox\\adaptive_anyagok_efficient_v4_20260831', 'class_name': 'TMainForm', 'control_type': None, 'process_id': 9924, 'handle': None, 'is_visible': True, 'is_enabled': True, 'rectangle': {'left': -10, 'top': -10, 'right': 1930, 'bottom': 1030, 'width': 1940, 'height': 1040}, 'size': {'width': 1940, 'height': 1040}}
2026-08-31 15:18:48.948 | INFO     | winwatt_automation.live_ui.app_connector:_connect_with_win32_handle:276 - DBG_WINWATT_CONNECT_WIN32_CANDIDATES locator=backend=win32 ranked_candidates=[{'rank': 1, 'score': (1, 1, 1, 1, 2017600), 'process_id': 9924, 'handle': None, 'class_name': 'TMainForm', 'title': 'WinWatt gólya - C:\\Users\\Admin\\Documents\\GitHub\\autowinwatt\\winwatt_automation\\data\\runtime_maps\\full_authorized_sandbox\\adaptive_anyagok_efficient_v4_20260831', 'visible': True, 'enabled': True}] 
2026-08-31 15:18:48.949 | INFO     | winwatt_automation.live_ui.app_connector:select_main_window:224 - Candidate ranking score=(1, 1, 1, 1, 2017600) data={'title': 'WinWatt gólya - C:\\Users\\Admin\\Documents\\GitHub\\autowinwatt\\winwatt_automation\\data\\runtime_maps\\full_authorized_sandbox\\adaptive_anyagok_efficient_v4_20260831', 'window_text': 'WinWatt gólya - C:\\Users\\Admin\\Documents\\GitHub\\autowinwatt\\winwatt_automation\\data\\runtime_maps\\full_authorized_sandbox\\adaptive_anyagok_efficient_v4_20260831', 'class_name': 'TMainForm', 'control_type': None, 'process_id': 9924, 'handle': None, 'is_visible': True, 'is_enabled': True, 'rectangle': {'left': -10, 'top': -10, 'right': 1930, 'bottom': 1030, 'width': 1940, 'height': 1040}, 'size': {'width': 1940, 'height': 1040}}
2026-08-31 15:18:48.950 | INFO     | winwatt_automation.live_ui.app_connector:select_main_window:234 - Selected main window process_id=9924 handle=None score=(1, 1, 1, 1, 2017600) reasons=['has_process_id=True', 'has_handle=False', 'visible=True', 'enabled=True', 'title_has_winwatt=True', 'area=2017600']
2026-08-31 15:18:48.950 | INFO     | winwatt_automation.live_ui.app_connector:_connect_with_win32_handle:293 - DBG_WINWATT_CONNECT_WIN32_SELECTED selected_payload={'title': 'WinWatt gólya - C:\\Users\\Admin\\Documents\\GitHub\\autowinwatt\\winwatt_automation\\data\\runtime_maps\\full_authorized_sandbox\\adaptive_anyagok_efficient_v4_20260831', 'window_text': 'WinWatt gólya - C:\\Users\\Admin\\Documents\\GitHub\\autowinwatt\\winwatt_automation\\data\\runtime_maps\\full_authorized_sandbox\\adaptive_anyagok_efficient_v4_20260831', 'class_name': 'TMainForm', 'control_type': None, 'process_id': 9924, 'handle': None, 'is_visible': True, 'is_enabled': True, 'rectangle': {'left': -10, 'top': -10, 'right': 1930, 'bottom': 1030, 'width': 1940, 'height': 1040}, 'size': {'width': 1940, 'height': 1040}} selected_handle_is_none=True
2026-08-31 15:18:48.951 | INFO     | winwatt_automation.live_ui.app_connector:_connect_with_win32_handle:336 - Connected to WinWatt backend=win32 attach_mode=process candidate={'process_id': 9924, 'handle': None, 'class_name': 'TMainForm', 'title': 'WinWatt gólya - C:\\Users\\Admin\\Documents\\GitHub\\autowinwatt\\winwatt_automation\\data\\runtime_maps\\full_authorized_sandbox\\adaptive_anyagok_efficient_v4_20260831'}
2026-08-31 15:18:48.955 | INFO     | winwatt_automation.live_ui.app_connector:_connect_with_win32_handle:350 - DBG_WINWATT_CONNECT_WIN32_RESOLVED process_id=9924 resolved_handle=None selected_payload={'title': 'WinWatt gólya - C:\\Users\\Admin\\Documents\\GitHub\\autowinwatt\\winwatt_automation\\data\\runtime_maps\\full_authorized_sandbox\\adaptive_anyagok_efficient_v4_20260831', 'window_text': 'WinWatt gólya - C:\\Users\\Admin\\Documents\\GitHub\\autowinwatt\\winwatt_automation\\data\\runtime_maps\\full_authorized_sandbox\\adaptive_anyagok_efficient_v4_20260831', 'class_name': 'TMainForm', 'control_type': None, 'process_id': 9924, 'handle': None, 'is_visible': True, 'is_enabled': True, 'rectangle': {'left': -10, 'top': -10, 'right': 1930, 'bottom': 1030, 'width': 1940, 'height': 1040}, 'size': {'width': 1940, 'height': 1040}}
2026-08-31 15:18:48.956 | INFO     | winwatt_automation.live_ui.app_connector:_resolve_uia_main_window:382 - DBG_WINWATT_RESOLVE_UIA_WIN32_SELECTED selected_payload={'title': 'WinWatt gólya - C:\\Users\\Admin\\Documents\\GitHub\\autowinwatt\\winwatt_automation\\data\\runtime_maps\\full_authorized_sandbox\\adaptive_anyagok_efficient_v4_20260831', 'window_text': 'WinWatt gólya - C:\\Users\\Admin\\Documents\\GitHub\\autowinwatt\\winwatt_automation\\data\\runtime_maps\\full_authorized_sandbox\\adaptive_anyagok_efficient_v4_20260831', 'class_name': 'TMainForm', 'control_type': None, 'process_id': 9924, 'handle': None, 'is_visible': True, 'is_enabled': True, 'rectangle': {'left': -10, 'top': -10, 'right': 1930, 'bottom': 1030, 'width': 1940, 'height': 1040}, 'size': {'width': 1940, 'height': 1040}}
2026-08-31 15:18:48.956 | INFO     | winwatt_automation.live_ui.app_connector:_resolve_uia_main_window:388 - Connected to WinWatt backend=uia process_id=9924
2026-08-31 15:18:48.957 | INFO     | winwatt_automation.live_ui.app_connector:_resolve_uia_main_window:390 - Resolving main WinWatt window backend=uia class_name=TMainForm title_re=.*WinWatt.*
2026-08-31 15:18:49.265 | INFO     | winwatt_automation.live_ui.app_connector:_resolve_uia_main_window:400 - DBG_WINWATT_RESOLVE_UIA_PRIMARY selected_payload={'title': 'WinWatt gólya - C:\\Users\\Admin\\Documents\\GitHub\\autowinwatt\\winwatt_automation\\data\\runtime_maps\\full_authorized_sandbox\\adaptive_anyagok_efficient_v4_20260831', 'window_text': 'WinWatt gólya - C:\\Users\\Admin\\Documents\\GitHub\\autowinwatt\\winwatt_automation\\data\\runtime_maps\\full_authorized_sandbox\\adaptive_anyagok_efficient_v4_20260831', 'class_name': 'TMainForm', 'control_type': None, 'process_id': 9924, 'handle': None, 'is_visible': True, 'is_enabled': True, 'rectangle': {'left': -10, 'top': -10, 'right': 1930, 'bottom': 1030, 'width': 1940, 'height': 1040}, 'size': {'width': 1940, 'height': 1040}} primary_result={'wrapper_type': 'UIAWrapper', 'handle': 146409602, 'process_id': 9924, 'title': 'WinWatt gólya - C:\\Users\\Admin\\Documents\\GitHub\\autowinwatt\\winwatt_automation\\data\\runtime_maps\\full_authorized_sandbox\\adaptive_anyagok_efficient_v4_20260831', 'class_name': 'TMainForm', 'control_type': 'Window'} identity_match_with_win32=None
2026-08-31 15:18:49.266 | DEBUG    | winwatt_automation.live_ui.app_connector:get_cached_main_window:606 - DBG_PHASE_TIMING phase=get_cached_main_window elapsed_ms=422.000 reason_code=fresh_resolve
