2026-08-30 21:40:03.856 | INFO     | winwatt_automation.live_ui.app_connector:get_cached_main_window:597 - DBG_WINWATT_CACHE_GET reason_code=cache_missing_resolving_fresh diagnostic_fast_mode=False
2026-08-30 21:40:06.840 | DEBUG    | winwatt_automation.live_ui.app_connector:list_candidate_windows:180 - Discovered 0 WinWatt-like windows on backend=win32
2026-08-30 21:40:06.844 | INFO     | winwatt_automation.live_ui.app_connector:_connect_with_win32_handle:276 - DBG_WINWATT_CONNECT_WIN32_CANDIDATES locator=backend=win32 ranked_candidates=[] 
2026-08-30 21:40:06.846 | WARNING  | winwatt_automation.runtime_mapping.program_mapper:_safe_capture_snapshot:191 - snapshot_capture_failed state_id=startup_after_relaunch error=No WinWatt-like windows were found
2026-08-30 21:40:07.347 | INFO     | winwatt_automation.live_ui.app_connector:get_cached_main_window:597 - DBG_WINWATT_CACHE_GET reason_code=cache_missing_resolving_fresh diagnostic_fast_mode=False
2026-08-30 21:40:09.455 | DEBUG    | winwatt_automation.live_ui.app_connector:list_candidate_windows:180 - Discovered 0 WinWatt-like windows on backend=win32
2026-08-30 21:40:09.456 | INFO     | winwatt_automation.live_ui.app_connector:_connect_with_win32_handle:276 - DBG_WINWATT_CONNECT_WIN32_CANDIDATES locator=backend=win32 ranked_candidates=[] 
2026-08-30 21:40:09.456 | WARNING  | winwatt_automation.runtime_mapping.program_mapper:_safe_capture_snapshot:191 - snapshot_capture_failed state_id=startup_after_relaunch error=No WinWatt-like windows were found
2026-08-30 21:40:09.958 | INFO     | winwatt_automation.live_ui.app_connector:get_cached_main_window:597 - DBG_WINWATT_CACHE_GET reason_code=cache_missing_resolving_fresh diagnostic_fast_mode=False
2026-08-30 21:40:10.051 | DEBUG    | winwatt_automation.live_ui.app_connector:list_candidate_windows:180 - Discovered 0 WinWatt-like windows on backend=win32
2026-08-30 21:40:10.056 | INFO     | winwatt_automation.live_ui.app_connector:_connect_with_win32_handle:276 - DBG_WINWATT_CONNECT_WIN32_CANDIDATES locator=backend=win32 ranked_candidates=[] 
2026-08-30 21:40:10.057 | WARNING  | winwatt_automation.runtime_mapping.program_mapper:_safe_capture_snapshot:191 - snapshot_capture_failed state_id=startup_after_relaunch error=No WinWatt-like windows were found
2026-08-30 21:40:10.558 | INFO     | winwatt_automation.live_ui.app_connector:get_cached_main_window:597 - DBG_WINWATT_CACHE_GET reason_code=cache_missing_resolving_fresh diagnostic_fast_mode=False
2026-08-30 21:40:10.643 | DEBUG    | winwatt_automation.live_ui.app_connector:list_candidate_windows:180 - Discovered 0 WinWatt-like windows on backend=win32
2026-08-30 21:40:10.647 | INFO     | winwatt_automation.live_ui.app_connector:_connect_with_win32_handle:276 - DBG_WINWATT_CONNECT_WIN32_CANDIDATES locator=backend=win32 ranked_candidates=[] 
2026-08-30 21:40:10.647 | WARNING  | winwatt_automation.runtime_mapping.program_mapper:_safe_capture_snapshot:191 - snapshot_capture_failed state_id=startup_after_relaunch error=No WinWatt-like windows were found
2026-08-30 21:40:11.148 | INFO     | winwatt_automation.live_ui.app_connector:get_cached_main_window:597 - DBG_WINWATT_CACHE_GET reason_code=cache_missing_resolving_fresh diagnostic_fast_mode=False
2026-08-30 21:40:11.221 | DEBUG    | winwatt_automation.live_ui.app_connector:list_candidate_windows:180 - Discovered 0 WinWatt-like windows on backend=win32
2026-08-30 21:40:11.225 | INFO     | winwatt_automation.live_ui.app_connector:_connect_with_win32_handle:276 - DBG_WINWATT_CONNECT_WIN32_CANDIDATES locator=backend=win32 ranked_candidates=[] 
2026-08-30 21:40:11.225 | WARNING  | winwatt_automation.runtime_mapping.program_mapper:_safe_capture_snapshot:191 - snapshot_capture_failed state_id=startup_after_relaunch error=No WinWatt-like windows were found
2026-08-30 21:40:11.727 | INFO     | winwatt_automation.live_ui.app_connector:get_cached_main_window:597 - DBG_WINWATT_CACHE_GET reason_code=cache_missing_resolving_fresh diagnostic_fast_mode=False
2026-08-30 21:40:11.799 | DEBUG    | winwatt_automation.live_ui.app_connector:list_candidate_windows:180 - Discovered 0 WinWatt-like windows on backend=win32
2026-08-30 21:40:11.803 | INFO     | winwatt_automation.live_ui.app_connector:_connect_with_win32_handle:276 - DBG_WINWATT_CONNECT_WIN32_CANDIDATES locator=backend=win32 ranked_candidates=[] 
2026-08-30 21:40:11.804 | WARNING  | winwatt_automation.runtime_mapping.program_mapper:_safe_capture_snapshot:191 - snapshot_capture_failed state_id=startup_after_relaunch error=No WinWatt-like windows were found
2026-08-30 21:40:12.305 | INFO     | winwatt_automation.live_ui.app_connector:get_cached_main_window:597 - DBG_WINWATT_CACHE_GET reason_code=cache_missing_resolving_fresh diagnostic_fast_mode=False
2026-08-30 21:40:12.403 | DEBUG    | winwatt_automation.live_ui.app_connector:list_candidate_windows:180 - Discovered 0 WinWatt-like windows on backend=win32
2026-08-30 21:40:12.404 | INFO     | winwatt_automation.live_ui.app_connector:_connect_with_win32_handle:276 - DBG_WINWATT_CONNECT_WIN32_CANDIDATES locator=backend=win32 ranked_candidates=[] 
2026-08-30 21:40:12.404 | WARNING  | winwatt_automation.runtime_mapping.program_mapper:_safe_capture_snapshot:191 - snapshot_capture_failed state_id=startup_after_relaunch error=No WinWatt-like windows were found
2026-08-30 21:40:12.906 | INFO     | winwatt_automation.live_ui.app_connector:get_cached_main_window:597 - DBG_WINWATT_CACHE_GET reason_code=cache_missing_resolving_fresh diagnostic_fast_mode=False
2026-08-30 21:40:13.006 | DEBUG    | winwatt_automation.live_ui.app_connector:list_candidate_windows:180 - Discovered 0 WinWatt-like windows on backend=win32
2026-08-30 21:40:13.007 | INFO     | winwatt_automation.live_ui.app_connector:_connect_with_win32_handle:276 - DBG_WINWATT_CONNECT_WIN32_CANDIDATES locator=backend=win32 ranked_candidates=[] 
2026-08-30 21:40:13.007 | WARNING  | winwatt_automation.runtime_mapping.program_mapper:_safe_capture_snapshot:191 - snapshot_capture_failed state_id=startup_after_relaunch error=No WinWatt-like windows were found
2026-08-30 21:40:13.508 | INFO     | winwatt_automation.live_ui.app_connector:get_cached_main_window:597 - DBG_WINWATT_CACHE_GET reason_code=cache_missing_resolving_fresh diagnostic_fast_mode=False
2026-08-30 21:40:13.622 | DEBUG    | winwatt_automation.live_ui.app_connector:list_candidate_windows:180 - Discovered 0 WinWatt-like windows on backend=win32
2026-08-30 21:40:13.626 | INFO     | winwatt_automation.live_ui.app_connector:_connect_with_win32_handle:276 - DBG_WINWATT_CONNECT_WIN32_CANDIDATES locator=backend=win32 ranked_candidates=[] 
2026-08-30 21:40:13.626 | WARNING  | winwatt_automation.runtime_mapping.program_mapper:_safe_capture_snapshot:191 - snapshot_capture_failed state_id=startup_after_relaunch error=No WinWatt-like windows were found
2026-08-30 21:40:14.128 | INFO     | winwatt_automation.live_ui.app_connector:get_cached_main_window:597 - DBG_WINWATT_CACHE_GET reason_code=cache_missing_resolving_fresh diagnostic_fast_mode=False
2026-08-30 21:40:14.223 | DEBUG    | winwatt_automation.live_ui.app_connector:list_candidate_windows:180 - Discovered 0 WinWatt-like windows on backend=win32
2026-08-30 21:40:14.228 | INFO     | winwatt_automation.live_ui.app_connector:_connect_with_win32_handle:276 - DBG_WINWATT_CONNECT_WIN32_CANDIDATES locator=backend=win32 ranked_candidates=[] 
2026-08-30 21:40:14.232 | WARNING  | winwatt_automation.runtime_mapping.program_mapper:_safe_capture_snapshot:191 - snapshot_capture_failed state_id=startup_after_relaunch error=No WinWatt-like windows were found
2026-08-30 21:40:14.736 | INFO     | winwatt_automation.live_ui.app_connector:get_cached_main_window:597 - DBG_WINWATT_CACHE_GET reason_code=cache_missing_resolving_fresh diagnostic_fast_mode=False
2026-08-30 21:40:14.826 | DEBUG    | winwatt_automation.live_ui.app_connector:list_candidate_windows:180 - Discovered 0 WinWatt-like windows on backend=win32
2026-08-30 21:40:14.827 | INFO     | winwatt_automation.live_ui.app_connector:_connect_with_win32_handle:276 - DBG_WINWATT_CONNECT_WIN32_CANDIDATES locator=backend=win32 ranked_candidates=[] 
2026-08-30 21:40:14.829 | WARNING  | winwatt_automation.runtime_mapping.program_mapper:_safe_capture_snapshot:191 - snapshot_capture_failed state_id=startup_after_relaunch error=No WinWatt-like windows were found
2026-08-30 21:40:15.329 | INFO     | winwatt_automation.live_ui.app_connector:get_cached_main_window:597 - DBG_WINWATT_CACHE_GET reason_code=cache_missing_resolving_fresh diagnostic_fast_mode=False
2026-08-30 21:40:15.442 | DEBUG    | winwatt_automation.live_ui.app_connector:list_candidate_windows:180 - Discovered 0 WinWatt-like windows on backend=win32
2026-08-30 21:40:15.446 | INFO     | winwatt_automation.live_ui.app_connector:_connect_with_win32_handle:276 - DBG_WINWATT_CONNECT_WIN32_CANDIDATES locator=backend=win32 ranked_candidates=[] 
2026-08-30 21:40:15.447 | WARNING  | winwatt_automation.runtime_mapping.program_mapper:_safe_capture_snapshot:191 - snapshot_capture_failed state_id=startup_after_relaunch error=No WinWatt-like windows were found
2026-08-30 21:40:15.948 | INFO     | winwatt_automation.live_ui.app_connector:get_cached_main_window:597 - DBG_WINWATT_CACHE_GET reason_code=cache_missing_resolving_fresh diagnostic_fast_mode=False
2026-08-30 21:40:16.049 | DEBUG    | winwatt_automation.live_ui.app_connector:list_candidate_windows:180 - Discovered 1 WinWatt-like windows on backend=win32
2026-08-30 21:40:16.049 | DEBUG    | winwatt_automation.live_ui.app_connector:list_candidate_windows:182 - Candidate[win32]: {'title': 'WinWatt gólya - C:\\Users\\Admin\\Documents\\GitHub\\autowinwatt\\winwatt_automation\\data\\runtime_maps\\buildings_runs\\20260830T214001\\sandbox\\testwwp.wwp', 'window_text': 'WinWatt gólya - C:\\Users\\Admin\\Documents\\GitHub\\autowinwatt\\winwatt_automation\\data\\runtime_maps\\buildings_runs\\20260830T214001\\sandbox\\testwwp.wwp', 'class_name': 'TMainForm', 'control_type': None, 'process_id': 10500, 'handle': None, 'is_visible': True, 'is_enabled': True, 'rectangle': {'left': -10, 'top': -10, 'right': 1930, 'bottom': 1030, 'width': 1940, 'height': 1040}, 'size': {'width': 1940, 'height': 1040}}
2026-08-30 21:40:16.049 | INFO     | winwatt_automation.live_ui.app_connector:_connect_with_win32_handle:276 - DBG_WINWATT_CONNECT_WIN32_CANDIDATES locator=backend=win32 ranked_candidates=[{'rank': 1, 'score': (1, 1, 1, 1, 2017600), 'process_id': 10500, 'handle': None, 'class_name': 'TMainForm', 'title': 'WinWatt gólya - C:\\Users\\Admin\\Documents\\GitHub\\autowinwatt\\winwatt_automation\\data\\runtime_maps\\buildings_runs\\20260830T214001\\sandbox\\testwwp.wwp', 'visible': True, 'enabled': True}] 
2026-08-30 21:40:16.049 | INFO     | winwatt_automation.live_ui.app_connector:select_main_window:224 - Candidate ranking score=(1, 1, 1, 1, 2017600) data={'title': 'WinWatt gólya - C:\\Users\\Admin\\Documents\\GitHub\\autowinwatt\\winwatt_automation\\data\\runtime_maps\\buildings_runs\\20260830T214001\\sandbox\\testwwp.wwp', 'window_text': 'WinWatt gólya - C:\\Users\\Admin\\Documents\\GitHub\\autowinwatt\\winwatt_automation\\data\\runtime_maps\\buildings_runs\\20260830T214001\\sandbox\\testwwp.wwp', 'class_name': 'TMainForm', 'control_type': None, 'process_id': 10500, 'handle': None, 'is_visible': True, 'is_enabled': True, 'rectangle': {'left': -10, 'top': -10, 'right': 1930, 'bottom': 1030, 'width': 1940, 'height': 1040}, 'size': {'width': 1940, 'height': 1040}}
2026-08-30 21:40:16.049 | INFO     | winwatt_automation.live_ui.app_connector:select_main_window:234 - Selected main window process_id=10500 handle=None score=(1, 1, 1, 1, 2017600) reasons=['has_process_id=True', 'has_handle=False', 'visible=True', 'enabled=True', 'title_has_winwatt=True', 'area=2017600']
2026-08-30 21:40:16.049 | INFO     | winwatt_automation.live_ui.app_connector:_connect_with_win32_handle:293 - DBG_WINWATT_CONNECT_WIN32_SELECTED selected_payload={'title': 'WinWatt gólya - C:\\Users\\Admin\\Documents\\GitHub\\autowinwatt\\winwatt_automation\\data\\runtime_maps\\buildings_runs\\20260830T214001\\sandbox\\testwwp.wwp', 'window_text': 'WinWatt gólya - C:\\Users\\Admin\\Documents\\GitHub\\autowinwatt\\winwatt_automation\\data\\runtime_maps\\buildings_runs\\20260830T214001\\sandbox\\testwwp.wwp', 'class_name': 'TMainForm', 'control_type': None, 'process_id': 10500, 'handle': None, 'is_visible': True, 'is_enabled': True, 'rectangle': {'left': -10, 'top': -10, 'right': 1930, 'bottom': 1030, 'width': 1940, 'height': 1040}, 'size': {'width': 1940, 'height': 1040}} selected_handle_is_none=True
2026-08-30 21:40:16.049 | INFO     | winwatt_automation.live_ui.app_connector:_connect_with_win32_handle:336 - Connected to WinWatt backend=win32 attach_mode=process candidate={'process_id': 10500, 'handle': None, 'class_name': 'TMainForm', 'title': 'WinWatt gólya - C:\\Users\\Admin\\Documents\\GitHub\\autowinwatt\\winwatt_automation\\data\\runtime_maps\\buildings_runs\\20260830T214001\\sandbox\\testwwp.wwp'}
2026-08-30 21:40:16.049 | INFO     | winwatt_automation.live_ui.app_connector:_connect_with_win32_handle:350 - DBG_WINWATT_CONNECT_WIN32_RESOLVED process_id=10500 resolved_handle=None selected_payload={'title': 'WinWatt gólya - C:\\Users\\Admin\\Documents\\GitHub\\autowinwatt\\winwatt_automation\\data\\runtime_maps\\buildings_runs\\20260830T214001\\sandbox\\testwwp.wwp', 'window_text': 'WinWatt gólya - C:\\Users\\Admin\\Documents\\GitHub\\autowinwatt\\winwatt_automation\\data\\runtime_maps\\buildings_runs\\20260830T214001\\sandbox\\testwwp.wwp', 'class_name': 'TMainForm', 'control_type': None, 'process_id': 10500, 'handle': None, 'is_visible': True, 'is_enabled': True, 'rectangle': {'left': -10, 'top': -10, 'right': 1930, 'bottom': 1030, 'width': 1940, 'height': 1040}, 'size': {'width': 1940, 'height': 1040}}
2026-08-30 21:40:16.049 | INFO     | winwatt_automation.live_ui.app_connector:_resolve_uia_main_window:382 - DBG_WINWATT_RESOLVE_UIA_WIN32_SELECTED selected_payload={'title': 'WinWatt gólya - C:\\Users\\Admin\\Documents\\GitHub\\autowinwatt\\winwatt_automation\\data\\runtime_maps\\buildings_runs\\20260830T214001\\sandbox\\testwwp.wwp', 'window_text': 'WinWatt gólya - C:\\Users\\Admin\\Documents\\GitHub\\autowinwatt\\winwatt_automation\\data\\runtime_maps\\buildings_runs\\20260830T214001\\sandbox\\testwwp.wwp', 'class_name': 'TMainForm', 'control_type': None, 'process_id': 10500, 'handle': None, 'is_visible': True, 'is_enabled': True, 'rectangle': {'left': -10, 'top': -10, 'right': 1930, 'bottom': 1030, 'width': 1940, 'height': 1040}, 'size': {'width': 1940, 'height': 1040}}
2026-08-30 21:40:16.061 | INFO     | winwatt_automation.live_ui.app_connector:_resolve_uia_main_window:388 - Connected to WinWatt backend=uia process_id=10500
2026-08-30 21:40:16.061 | INFO     | winwatt_automation.live_ui.app_connector:_resolve_uia_main_window:390 - Resolving main WinWatt window backend=uia class_name=TMainForm title_re=.*WinWatt.*
2026-08-30 21:40:16.899 | INFO     | winwatt_automation.live_ui.app_connector:_resolve_uia_main_window:400 - DBG_WINWATT_RESOLVE_UIA_PRIMARY selected_payload={'title': 'WinWatt gólya - C:\\Users\\Admin\\Documents\\GitHub\\autowinwatt\\winwatt_automation\\data\\runtime_maps\\buildings_runs\\20260830T214001\\sandbox\\testwwp.wwp', 'window_text': 'WinWatt gólya - C:\\Users\\Admin\\Documents\\GitHub\\autowinwatt\\winwatt_automation\\data\\runtime_maps\\buildings_runs\\20260830T214001\\sandbox\\testwwp.wwp', 'class_name': 'TMainForm', 'control_type': None, 'process_id': 10500, 'handle': None, 'is_visible': True, 'is_enabled': True, 'rectangle': {'left': -10, 'top': -10, 'right': 1930, 'bottom': 1030, 'width': 1940, 'height': 1040}, 'size': {'width': 1940, 'height': 1040}} primary_result={'wrapper_type': 'UIAWrapper', 'handle': 73795370, 'process_id': 10500, 'title': 'WinWatt gólya - C:\\Users\\Admin\\Documents\\GitHub\\autowinwatt\\winwatt_automation\\data\\runtime_maps\\buildings_runs\\20260830T214001\\sandbox\\testwwp.wwp', 'class_name': 'TMainForm', 'control_type': 'Window'} identity_match_with_win32=None
2026-08-30 21:40:16.902 | DEBUG    | winwatt_automation.live_ui.app_connector:get_cached_main_window:606 - DBG_PHASE_TIMING phase=get_cached_main_window elapsed_ms=953.000 reason_code=fresh_resolve
2026-08-30 21:40:17.075 | DEBUG    | winwatt_automation.live_ui.app_connector:get_cached_main_window:565 - DBG_WINWATT_CACHE_GET reason_code=cache_reused_without_validation payload={'wrapper_type': 'UIAWrapper', 'handle': 73795370, 'process_id': 10500, 'title': 'WinWatt gólya - C:\\Users\\Admin\\Documents\\GitHub\\autowinwatt\\winwatt_automation\\data\\runtime_maps\\buildings_runs\\20260830T214001\\sandbox\\testwwp.wwp', 'class_name': 'TMainForm', 'control_type': 'Window'} last_validation_age_s=0.1720000000204891 diagnostic_fast_mode=False
2026-08-30 21:40:17.075 | DEBUG    | winwatt_automation.live_ui.app_connector:get_cached_main_window:566 - DBG_PHASE_TIMING phase=get_cached_main_window elapsed_ms=16.000 reason_code=cache_reused_without_validation
2026-08-30 21:40:17.075 | DEBUG    | winwatt_automation.live_ui.app_connector:get_cached_main_window:565 - DBG_WINWATT_CACHE_GET reason_code=cache_reused_without_validation payload={'wrapper_type': 'UIAWrapper', 'handle': 73795370, 'process_id': 10500, 'title': 'WinWatt gólya - C:\\Users\\Admin\\Documents\\GitHub\\autowinwatt\\winwatt_automation\\data\\runtime_maps\\buildings_runs\\20260830T214001\\sandbox\\testwwp.wwp', 'class_name': 'TMainForm', 'control_type': 'Window'} last_validation_age_s=0.18799999996554106 diagnostic_fast_mode=False
2026-08-30 21:40:17.075 | DEBUG    | winwatt_automation.live_ui.app_connector:get_cached_main_window:566 - DBG_PHASE_TIMING phase=get_cached_main_window elapsed_ms=0.000 reason_code=cache_reused_without_validation
2026-08-30 21:40:17.746 | INFO     | winwatt_automation.live_ui.menu_helpers:_menu_items:1101 - DBG_MENU_ITEMS_SUMMARY total_items=7 visible_items=7 topbar_band=(0, 0, 392, 53) topbar_band_visible_count=7 popup_region_visible_count=0 force_refresh=True handle=73795370
2026-08-30 21:40:17.753 | DEBUG    | winwatt_automation.live_ui.menu_helpers:_menu_items:1111 - Discovered 7 MenuItem controls
2026-08-30 21:40:17.753 | DEBUG    | winwatt_automation.live_ui.menu_helpers:_log_phase_timing:83 - DBG_PHASE_TIMING phase=_menu_items elapsed_ms=688.000 force_refresh=True total_items=7 visible_items=7
2026-08-30 21:40:17.825 | INFO     | winwatt_automation.live_ui.menu_helpers:list_top_menu_items:1141 - Top-level menu items (raw): ['Rendszer', 'Fájl', 'Jegyzékek', 'Eszközök', 'Beállítások', 'Ablak', 'Súgó']
2026-08-30 21:40:17.825 | DEBUG    | winwatt_automation.live_ui.menu_helpers:_log_phase_timing:83 - DBG_PHASE_TIMING phase=list_top_menu_items elapsed_ms=766.000 count=7
2026-08-30 21:40:17.825 | INFO     | winwatt_automation.live_ui.app_connector:prepare_main_window_for_menu_interaction:1008 - Preparing WinWatt window for menu interaction
2026-08-30 21:40:17.841 | DEBUG    | winwatt_automation.live_ui.app_connector:get_cached_main_window:565 - DBG_WINWATT_CACHE_GET reason_code=cache_reused_without_validation payload={'wrapper_type': 'UIAWrapper', 'handle': 73795370, 'process_id': 10500, 'title': 'WinWatt gólya - C:\\Users\\Admin\\Documents\\GitHub\\autowinwatt\\winwatt_automation\\data\\runtime_maps\\buildings_runs\\20260830T214001\\sandbox\\testwwp.wwp', 'class_name': 'TMainForm', 'control_type': 'Window'} last_validation_age_s=0.9379999999655411 diagnostic_fast_mode=False
2026-08-30 21:40:17.841 | DEBUG    | winwatt_automation.live_ui.app_connector:get_cached_main_window:566 - DBG_PHASE_TIMING phase=get_cached_main_window elapsed_ms=15.000 reason_code=cache_reused_without_validation
2026-08-30 21:40:17.841 | INFO     | winwatt_automation.live_ui.app_connector:prepare_main_window_for_menu_interaction:1028 - Window state before: maximized
2026-08-30 21:40:17.841 | INFO     | winwatt_automation.live_ui.app_connector:prepare_main_window_for_menu_interaction:1049 - Window maximized
2026-08-30 21:40:17.841 | INFO     | winwatt_automation.live_ui.app_connector:prepare_main_window_for_menu_interaction:1058 - Focus confirmed
2026-08-30 21:40:17.841 | DEBUG    | winwatt_automation.live_ui.app_connector:get_cached_main_window:565 - DBG_WINWATT_CACHE_GET reason_code=cache_reused_without_validation payload={'wrapper_type': 'UIAWrapper', 'handle': 73795370, 'process_id': 10500, 'title': 'WinWatt gólya - C:\\Users\\Admin\\Documents\\GitHub\\autowinwatt\\winwatt_automation\\data\\runtime_maps\\buildings_runs\\20260830T214001\\sandbox\\testwwp.wwp', 'class_name': 'TMainForm', 'control_type': 'Window'} last_validation_age_s=0.9529999999795109 diagnostic_fast_mode=False
2026-08-30 21:40:17.841 | DEBUG    | winwatt_automation.live_ui.app_connector:get_cached_main_window:566 - DBG_PHASE_TIMING phase=get_cached_main_window elapsed_ms=0.000 reason_code=cache_reused_without_validation
2026-08-30 21:40:17.841 | INFO     | winwatt_automation.live_ui.app_connector:ensure_main_window_foreground_before_click:1217 - DBG_WINWATT_FOCUS_GUARD_PRECHECK action_label=open_top_menu:jegyzékek wrapper_type=UIAWrapper cached_handle=73795370 cached_pid=10500 cached_title=WinWatt gólya - C:\Users\Admin\Documents\GitHub\autowinwatt\winwatt_automation\data\runtime_maps\buildings_runs\20260830T214001\sandbox\testwwp.wwp cached_class=TMainForm precheck_exists=False precheck_visible=True precheck_enabled=True rect={'left': -10, 'top': -10, 'right': 1930, 'bottom': 1030, 'width': 1940, 'height': 1040}
2026-08-30 21:40:17.841 | WARNING  | winwatt_automation.live_ui.app_connector:ensure_main_window_foreground_before_click:1306 - DBG_WINWATT_FOCUS_GUARD_OPEN_TOP_MENU_OVERRIDE action_label=open_top_menu:jegyzékek reason=exists_false_but_identity_strong wrapper_type=UIAWrapper identity_reasons=['handle', 'process_id', 'title', 'class_name', 'rect', 'visible', 'enabled'] cached_identity={'wrapper_type': 'UIAWrapper', 'handle': 73795370, 'process_id': 10500, 'title': 'WinWatt gólya - C:\\Users\\Admin\\Documents\\GitHub\\autowinwatt\\winwatt_automation\\data\\runtime_maps\\buildings_runs\\20260830T214001\\sandbox\\testwwp.wwp', 'class_name': 'TMainForm', 'control_type': 'Window'} rect={'left': -10, 'top': -10, 'right': 1930, 'bottom': 1030, 'width': 1940, 'height': 1040}
2026-08-30 21:40:17.857 | INFO     | winwatt_automation.live_ui.app_connector:is_winwatt_foreground_context:1161 - DBG_WINWATT_FOREGROUND_CONTEXT expected_handle=73795370 expected_process_id=10500 expected_title=WinWatt gólya - C:\Users\Admin\Documents\GitHub\autowinwatt\winwatt_automation\data\runtime_maps\buildings_runs\20260830T214001\sandbox\testwwp.wwp expected_class_name=TMainForm actual_foreground_handle=73795370 actual_foreground_process_id=10500 actual_foreground_title=WinWatt gólya - C:\Users\Admin\Documents\GitHub\autowinwatt\winwatt_automation\data\runtime_maps\buildings_runs\20260830T214001\sandbox\testwwp.wwp actual_foreground_class_name=TMainForm allow_dialog=False result_reason=handle_match
2026-08-30 21:40:17.857 | INFO     | winwatt_automation.live_ui.app_connector:ensure_main_window_foreground_before_click:1378 - DBG_WINWATT_FOCUS_GUARD_RESULT action_label=open_top_menu:jegyzékek status=focus_ok reason=handle_match foreground={'handle': 73795370, 'title': 'WinWatt gólya - C:\\Users\\Admin\\Documents\\GitHub\\autowinwatt\\winwatt_automation\\data\\runtime_maps\\buildings_runs\\20260830T214001\\sandbox\\testwwp.wwp', 'class_name': 'TMainForm', 'process_id': 10500} same_context_as_cached_main=True win32_uia_identity_match=True
2026-08-30 21:40:17.857 | DEBUG    | winwatt_automation.live_ui.app_connector:get_cached_main_window:565 - DBG_WINWATT_CACHE_GET reason_code=cache_reused_without_validation payload={'wrapper_type': 'UIAWrapper', 'handle': 73795370, 'process_id': 10500, 'title': 'WinWatt gólya - C:\\Users\\Admin\\Documents\\GitHub\\autowinwatt\\winwatt_automation\\data\\runtime_maps\\buildings_runs\\20260830T214001\\sandbox\\testwwp.wwp', 'class_name': 'TMainForm', 'control_type': 'Window'} last_validation_age_s=0.9690000000409782 diagnostic_fast_mode=False
2026-08-30 21:40:17.857 | DEBUG    | winwatt_automation.live_ui.app_connector:get_cached_main_window:566 - DBG_PHASE_TIMING phase=get_cached_main_window elapsed_ms=0.000 reason_code=cache_reused_without_validation
2026-08-30 21:40:17.857 | DEBUG    | winwatt_automation.live_ui.app_connector:get_cached_main_window:565 - DBG_WINWATT_CACHE_GET reason_code=cache_reused_without_validation payload={'wrapper_type': 'UIAWrapper', 'handle': 73795370, 'process_id': 10500, 'title': 'WinWatt gólya - C:\\Users\\Admin\\Documents\\GitHub\\autowinwatt\\winwatt_automation\\data\\runtime_maps\\buildings_runs\\20260830T214001\\sandbox\\testwwp.wwp', 'class_name': 'TMainForm', 'control_type': 'Window'} last_validation_age_s=0.9690000000409782 diagnostic_fast_mode=False
2026-08-30 21:40:17.857 | DEBUG    | winwatt_automation.live_ui.app_connector:get_cached_main_window:566 - DBG_PHASE_TIMING phase=get_cached_main_window elapsed_ms=0.000 reason_code=cache_reused_without_validation
2026-08-30 21:40:18.127 | INFO     | winwatt_automation.live_ui.menu_helpers:_menu_items:1101 - DBG_MENU_ITEMS_SUMMARY total_items=7 visible_items=7 topbar_band=(0, 0, 392, 53) topbar_band_visible_count=7 popup_region_visible_count=0 force_refresh=False handle=73795370
2026-08-30 21:40:18.143 | DEBUG    | winwatt_automation.live_ui.menu_helpers:_menu_items:1111 - Discovered 7 MenuItem controls
2026-08-30 21:40:18.143 | DEBUG    | winwatt_automation.live_ui.menu_helpers:_log_phase_timing:83 - DBG_PHASE_TIMING phase=_menu_items elapsed_ms=281.000 force_refresh=False total_items=7 visible_items=7
2026-08-30 21:40:18.207 | DEBUG    | winwatt_automation.live_ui.app_connector:get_cached_main_window:565 - DBG_WINWATT_CACHE_GET reason_code=cache_reused_without_validation payload={'wrapper_type': 'UIAWrapper', 'handle': 73795370, 'process_id': 10500, 'title': 'WinWatt gólya - C:\\Users\\Admin\\Documents\\GitHub\\autowinwatt\\winwatt_automation\\data\\runtime_maps\\buildings_runs\\20260830T214001\\sandbox\\testwwp.wwp', 'class_name': 'TMainForm', 'control_type': 'Window'} last_validation_age_s=1.312999999965541 diagnostic_fast_mode=False
2026-08-30 21:40:18.207 | DEBUG    | winwatt_automation.live_ui.app_connector:get_cached_main_window:566 - DBG_PHASE_TIMING phase=get_cached_main_window elapsed_ms=0.000 reason_code=cache_reused_without_validation
2026-08-30 21:40:18.222 | DEBUG    | winwatt_automation.live_ui.app_connector:get_cached_main_window:565 - DBG_WINWATT_CACHE_GET reason_code=cache_reused_without_validation payload={'wrapper_type': 'UIAWrapper', 'handle': 73795370, 'process_id': 10500, 'title': 'WinWatt gólya - C:\\Users\\Admin\\Documents\\GitHub\\autowinwatt\\winwatt_automation\\data\\runtime_maps\\buildings_runs\\20260830T214001\\sandbox\\testwwp.wwp', 'class_name': 'TMainForm', 'control_type': 'Window'} last_validation_age_s=1.312999999965541 diagnostic_fast_mode=False
2026-08-30 21:40:18.222 | DEBUG    | winwatt_automation.live_ui.app_connector:get_cached_main_window:566 - DBG_PHASE_TIMING phase=get_cached_main_window elapsed_ms=15.000 reason_code=cache_reused_without_validation
2026-08-30 21:40:18.222 | DEBUG    | winwatt_automation.live_ui.app_connector:get_cached_main_window:565 - DBG_WINWATT_CACHE_GET reason_code=cache_reused_without_validation payload={'wrapper_type': 'UIAWrapper', 'handle': 73795370, 'process_id': 10500, 'title': 'WinWatt gólya - C:\\Users\\Admin\\Documents\\GitHub\\autowinwatt\\winwatt_automation\\data\\runtime_maps\\buildings_runs\\20260830T214001\\sandbox\\testwwp.wwp', 'class_name': 'TMainForm', 'control_type': 'Window'} last_validation_age_s=1.327999999979511 diagnostic_fast_mode=False
2026-08-30 21:40:18.222 | DEBUG    | winwatt_automation.live_ui.app_connector:get_cached_main_window:566 - DBG_PHASE_TIMING phase=get_cached_main_window elapsed_ms=0.000 reason_code=cache_reused_without_validation
2026-08-30 21:40:18.222 | INFO     | winwatt_automation.live_ui.menu_helpers:_menu_items:1101 - DBG_MENU_ITEMS_SUMMARY total_items=7 visible_items=7 topbar_band=(0, 0, 392, 53) topbar_band_visible_count=7 popup_region_visible_count=0 force_refresh=False handle=73795370
2026-08-30 21:40:18.222 | DEBUG    | winwatt_automation.live_ui.menu_helpers:_menu_items:1111 - Discovered 7 MenuItem controls
2026-08-30 21:40:18.222 | DEBUG    | winwatt_automation.live_ui.menu_helpers:_log_phase_timing:83 - DBG_PHASE_TIMING phase=_menu_items elapsed_ms=15.000 force_refresh=False total_items=7 visible_items=7
2026-08-30 21:40:18.222 | DEBUG    | winwatt_automation.live_ui.menu_helpers:_log_popup_fragment:499 - DBG_MENU_FRAGMENT_MAIN_WINDOW source_scope=main_window control_type=MenuItem class_name= text='Rendszer' rectangle={'left': 0, 'top': 0, 'right': 28, 'bottom': 28} center=(14, 14) process_id=10500 native_handle=None topbar_candidate=True popup_candidate=False
2026-08-30 21:40:18.238 | DEBUG    | winwatt_automation.live_ui.menu_helpers:_log_popup_fragment:499 - DBG_MENU_FRAGMENT_MAIN_WINDOW source_scope=main_window control_type=MenuItem class_name= text='Fájl' rectangle={'left': 0, 'top': 29, 'right': 40, 'bottom': 53} center=(20, 41) process_id=10500 native_handle=None topbar_candidate=True popup_candidate=False
2026-08-30 21:40:18.238 | DEBUG    | winwatt_automation.live_ui.menu_helpers:_log_popup_fragment:499 - DBG_MENU_FRAGMENT_MAIN_WINDOW source_scope=main_window control_type=MenuItem class_name= text='Jegyzékek' rectangle={'left': 40, 'top': 29, 'right': 123, 'bottom': 53} center=(81, 41) process_id=10500 native_handle=None topbar_candidate=True popup_candidate=False
2026-08-30 21:40:18.238 | DEBUG    | winwatt_automation.live_ui.menu_helpers:_log_popup_fragment:499 - DBG_MENU_FRAGMENT_MAIN_WINDOW source_scope=main_window control_type=MenuItem class_name= text='Eszközök' rectangle={'left': 123, 'top': 29, 'right': 199, 'bottom': 53} center=(161, 41) process_id=10500 native_handle=None topbar_candidate=True popup_candidate=False
2026-08-30 21:40:18.238 | DEBUG    | winwatt_automation.live_ui.menu_helpers:_log_popup_fragment:499 - DBG_MENU_FRAGMENT_MAIN_WINDOW source_scope=main_window control_type=MenuItem class_name= text='Beállítások' rectangle={'left': 199, 'top': 29, 'right': 287, 'bottom': 53} center=(243, 41) process_id=10500 native_handle=None topbar_candidate=True popup_candidate=False
2026-08-30 21:40:18.238 | DEBUG    | winwatt_automation.live_ui.menu_helpers:_log_popup_fragment:499 - DBG_MENU_FRAGMENT_MAIN_WINDOW source_scope=main_window control_type=MenuItem class_name= text='Ablak' rectangle={'left': 286, 'top': 29, 'right': 341, 'bottom': 53} center=(313, 41) process_id=10500 native_handle=None topbar_candidate=True popup_candidate=False
2026-08-30 21:40:18.238 | DEBUG    | winwatt_automation.live_ui.menu_helpers:_log_popup_fragment:499 - DBG_MENU_FRAGMENT_MAIN_WINDOW source_scope=main_window control_type=MenuItem class_name= text='Súgó' rectangle={'left': 341, 'top': 29, 'right': 392, 'bottom': 53} center=(366, 41) process_id=10500 native_handle=None topbar_candidate=True popup_candidate=False
2026-08-30 21:40:18.238 | DEBUG    | winwatt_automation.live_ui.menu_helpers:_menu_like_controls_from_main_window:1599 - DBG_MENU_FRAGMENT_SOURCE_SUMMARY source_scope=main_window count=7
2026-08-30 21:40:18.238 | DEBUG    | winwatt_automation.live_ui.app_connector:get_cached_main_window:565 - DBG_WINWATT_CACHE_GET reason_code=cache_reused_without_validation payload={'wrapper_type': 'UIAWrapper', 'handle': 73795370, 'process_id': 10500, 'title': 'WinWatt gólya - C:\\Users\\Admin\\Documents\\GitHub\\autowinwatt\\winwatt_automation\\data\\runtime_maps\\buildings_runs\\20260830T214001\\sandbox\\testwwp.wwp', 'class_name': 'TMainForm', 'control_type': 'Window'} last_validation_age_s=1.3440000000409782 diagnostic_fast_mode=False
2026-08-30 21:40:18.238 | DEBUG    | winwatt_automation.live_ui.app_connector:get_cached_main_window:566 - DBG_PHASE_TIMING phase=get_cached_main_window elapsed_ms=0.000 reason_code=cache_reused_without_validation
2026-08-30 21:40:18.238 | DEBUG    | winwatt_automation.live_ui.app_connector:get_cached_main_window:565 - DBG_WINWATT_CACHE_GET reason_code=cache_reused_without_validation payload={'wrapper_type': 'UIAWrapper', 'handle': 73795370, 'process_id': 10500, 'title': 'WinWatt gólya - C:\\Users\\Admin\\Documents\\GitHub\\autowinwatt\\winwatt_automation\\data\\runtime_maps\\buildings_runs\\20260830T214001\\sandbox\\testwwp.wwp', 'class_name': 'TMainForm', 'control_type': 'Window'} last_validation_age_s=1.3440000000409782 diagnostic_fast_mode=False
2026-08-30 21:40:18.238 | DEBUG    | winwatt_automation.live_ui.app_connector:get_cached_main_window:566 - DBG_PHASE_TIMING phase=get_cached_main_window elapsed_ms=0.000 reason_code=cache_reused_without_validation
2026-08-30 21:40:18.449 | DEBUG    | winwatt_automation.live_ui.menu_helpers:_log_popup_fragment:499 - DBG_MENU_FRAGMENT_GLOBAL_SCAN source_scope=global_process_scan control_type=MenuItem class_name= text='Rendszer' rectangle={'left': 0, 'top': 0, 'right': 28, 'bottom': 28} center=(14, 14) process_id=10500 native_handle=None topbar_candidate=True popup_candidate=False
2026-08-30 21:40:18.449 | DEBUG    | winwatt_automation.live_ui.menu_helpers:_log_popup_fragment:499 - DBG_MENU_FRAGMENT_GLOBAL_SCAN source_scope=global_process_scan control_type=MenuItem class_name= text='Fájl' rectangle={'left': 0, 'top': 29, 'right': 40, 'bottom': 53} center=(20, 41) process_id=10500 native_handle=None topbar_candidate=True popup_candidate=False
2026-08-30 21:40:18.461 | DEBUG    | winwatt_automation.live_ui.menu_helpers:_log_popup_fragment:499 - DBG_MENU_FRAGMENT_GLOBAL_SCAN source_scope=global_process_scan control_type=MenuItem class_name= text='Jegyzékek' rectangle={'left': 40, 'top': 29, 'right': 123, 'bottom': 53} center=(81, 41) process_id=10500 native_handle=None topbar_candidate=True popup_candidate=False
2026-08-30 21:40:18.461 | DEBUG    | winwatt_automation.live_ui.menu_helpers:_log_popup_fragment:499 - DBG_MENU_FRAGMENT_GLOBAL_SCAN source_scope=global_process_scan control_type=MenuItem class_name= text='Eszközök' rectangle={'left': 123, 'top': 29, 'right': 199, 'bottom': 53} center=(161, 41) process_id=10500 native_handle=None topbar_candidate=True popup_candidate=False
2026-08-30 21:40:18.461 | DEBUG    | winwatt_automation.live_ui.menu_helpers:_log_popup_fragment:499 - DBG_MENU_FRAGMENT_GLOBAL_SCAN source_scope=global_process_scan control_type=MenuItem class_name= text='Beállítások' rectangle={'left': 199, 'top': 29, 'right': 287, 'bottom': 53} center=(243, 41) process_id=10500 native_handle=None topbar_candidate=True popup_candidate=False
2026-08-30 21:40:18.466 | DEBUG    | winwatt_automation.live_ui.menu_helpers:_log_popup_fragment:499 - DBG_MENU_FRAGMENT_GLOBAL_SCAN source_scope=global_process_scan control_type=MenuItem class_name= text='Ablak' rectangle={'left': 286, 'top': 29, 'right': 341, 'bottom': 53} center=(313, 41) process_id=10500 native_handle=None topbar_candidate=True popup_candidate=False
2026-08-30 21:40:18.466 | DEBUG    | winwatt_automation.live_ui.menu_helpers:_log_popup_fragment:499 - DBG_MENU_FRAGMENT_GLOBAL_SCAN source_scope=global_process_scan control_type=MenuItem class_name= text='Súgó' rectangle={'left': 341, 'top': 29, 'right': 392, 'bottom': 53} center=(366, 41) process_id=10500 native_handle=None topbar_candidate=True popup_candidate=False
2026-08-30 21:40:18.466 | DEBUG    | winwatt_automation.live_ui.menu_helpers:_menu_like_controls_from_global_process_scan:1631 - DBG_MENU_FRAGMENT_SOURCE_SUMMARY source_scope=global_process_scan count=7 process_id=10500
2026-08-30 21:40:18.476 | DEBUG    | winwatt_automation.live_ui.app_connector:get_cached_main_window:565 - DBG_WINWATT_CACHE_GET reason_code=cache_reused_without_validation payload={'wrapper_type': 'UIAWrapper', 'handle': 73795370, 'process_id': 10500, 'title': 'WinWatt gólya - C:\\Users\\Admin\\Documents\\GitHub\\autowinwatt\\winwatt_automation\\data\\runtime_maps\\buildings_runs\\20260830T214001\\sandbox\\testwwp.wwp', 'class_name': 'TMainForm', 'control_type': 'Window'} last_validation_age_s=1.577999999979511 diagnostic_fast_mode=False
2026-08-30 21:40:18.476 | DEBUG    | winwatt_automation.live_ui.app_connector:get_cached_main_window:566 - DBG_PHASE_TIMING phase=get_cached_main_window elapsed_ms=0.000 reason_code=cache_reused_without_validation
2026-08-30 21:40:18.800 | DEBUG    | winwatt_automation.live_ui.menu_helpers:capture_menu_popup_snapshot:1682 - DBG_POPUP_ROW_DEDUPE rect={'left': 0, 'top': 0, 'right': 28, 'bottom': 28} normalized_text=rendszer class_name= source_scope=main_window deduplicated=False
2026-08-30 21:40:18.809 | DEBUG    | winwatt_automation.live_ui.menu_helpers:capture_menu_popup_snapshot:1682 - DBG_POPUP_ROW_DEDUPE rect={'left': 0, 'top': 29, 'right': 40, 'bottom': 53} normalized_text=fájl class_name= source_scope=main_window deduplicated=False
2026-08-30 21:40:18.809 | DEBUG    | winwatt_automation.live_ui.menu_helpers:capture_menu_popup_snapshot:1682 - DBG_POPUP_ROW_DEDUPE rect={'left': 40, 'top': 29, 'right': 123, 'bottom': 53} normalized_text=jegyzékek class_name= source_scope=main_window deduplicated=False
2026-08-30 21:40:18.809 | DEBUG    | winwatt_automation.live_ui.menu_helpers:capture_menu_popup_snapshot:1682 - DBG_POPUP_ROW_DEDUPE rect={'left': 123, 'top': 29, 'right': 199, 'bottom': 53} normalized_text=eszközök class_name= source_scope=main_window deduplicated=False
2026-08-30 21:40:18.809 | DEBUG    | winwatt_automation.live_ui.menu_helpers:capture_menu_popup_snapshot:1682 - DBG_POPUP_ROW_DEDUPE rect={'left': 199, 'top': 29, 'right': 287, 'bottom': 53} normalized_text=beállítások class_name= source_scope=main_window deduplicated=False
2026-08-30 21:40:18.811 | DEBUG    | winwatt_automation.live_ui.menu_helpers:capture_menu_popup_snapshot:1682 - DBG_POPUP_ROW_DEDUPE rect={'left': 286, 'top': 29, 'right': 341, 'bottom': 53} normalized_text=ablak class_name= source_scope=main_window deduplicated=False
2026-08-30 21:40:18.812 | DEBUG    | winwatt_automation.live_ui.menu_helpers:capture_menu_popup_snapshot:1682 - DBG_POPUP_ROW_DEDUPE rect={'left': 341, 'top': 29, 'right': 392, 'bottom': 53} normalized_text=súgó class_name= source_scope=main_window deduplicated=False
2026-08-30 21:40:18.812 | DEBUG    | winwatt_automation.live_ui.menu_helpers:capture_menu_popup_snapshot:1682 - DBG_POPUP_ROW_DEDUPE rect={'left': 0, 'top': 0, 'right': 28, 'bottom': 28} normalized_text=rendszer class_name= source_scope=global_process_scan deduplicated=False
2026-08-30 21:40:18.813 | DEBUG    | winwatt_automation.live_ui.menu_helpers:capture_menu_popup_snapshot:1682 - DBG_POPUP_ROW_DEDUPE rect={'left': 0, 'top': 29, 'right': 40, 'bottom': 53} normalized_text=fájl class_name= source_scope=global_process_scan deduplicated=False
2026-08-30 21:40:18.813 | DEBUG    | winwatt_automation.live_ui.menu_helpers:capture_menu_popup_snapshot:1682 - DBG_POPUP_ROW_DEDUPE rect={'left': 40, 'top': 29, 'right': 123, 'bottom': 53} normalized_text=jegyzékek class_name= source_scope=global_process_scan deduplicated=False
2026-08-30 21:40:18.813 | DEBUG    | winwatt_automation.live_ui.menu_helpers:capture_menu_popup_snapshot:1682 - DBG_POPUP_ROW_DEDUPE rect={'left': 123, 'top': 29, 'right': 199, 'bottom': 53} normalized_text=eszközök class_name= source_scope=global_process_scan deduplicated=False
2026-08-30 21:40:18.813 | DEBUG    | winwatt_automation.live_ui.menu_helpers:capture_menu_popup_snapshot:1682 - DBG_POPUP_ROW_DEDUPE rect={'left': 199, 'top': 29, 'right': 287, 'bottom': 53} normalized_text=beállítások class_name= source_scope=global_process_scan deduplicated=False
2026-08-30 21:40:18.813 | DEBUG    | winwatt_automation.live_ui.menu_helpers:capture_menu_popup_snapshot:1682 - DBG_POPUP_ROW_DEDUPE rect={'left': 286, 'top': 29, 'right': 341, 'bottom': 53} normalized_text=ablak class_name= source_scope=global_process_scan deduplicated=False
2026-08-30 21:40:18.813 | DEBUG    | winwatt_automation.live_ui.menu_helpers:capture_menu_popup_snapshot:1682 - DBG_POPUP_ROW_DEDUPE rect={'left': 341, 'top': 29, 'right': 392, 'bottom': 53} normalized_text=súgó class_name= source_scope=global_process_scan deduplicated=False
2026-08-30 21:40:18.813 | INFO     | winwatt_automation.live_ui.menu_helpers:capture_menu_popup_snapshot:1724 - POPUP_SNAPSHOT_SUMMARY main_window_fragments=7 global_scan_fragments=7 deduped_fragments=14 topbar_like=12 popup_like=0 empty_text=0 topbar_band=(0, 29, 392, 53) empty_text_vertical_cluster_detected=False accepted_popup_rows=0 popup_heuristic=candidate_count_below_threshold
2026-08-30 21:40:18.813 | DEBUG    | winwatt_automation.live_ui.menu_helpers:capture_menu_popup_snapshot:1737 - Captured menu snapshot rows=14
2026-08-30 21:40:18.813 | DEBUG    | winwatt_automation.live_ui.menu_helpers:_log_phase_timing:83 - DBG_PHASE_TIMING phase=capture_menu_popup_snapshot elapsed_ms=609.000 main_rows=7 global_rows=7 unique_rows=14 diagnostic_fast_mode=False
2026-08-30 21:40:18.974 | INFO     | winwatt_automation.live_ui.menu_helpers:_validate_post_menu_open_foreground:962 - post_click_foreground_validation title=Jegyzékek foreground={'handle': 73795370, 'title': 'WinWatt gólya - C:\\Users\\Admin\\Documents\\GitHub\\autowinwatt\\winwatt_automation\\data\\runtime_maps\\buildings_runs\\20260830T214001\\sandbox\\testwwp.wwp', 'class_name': 'TMainForm', 'process_id': 10500}
2026-08-30 21:40:18.988 | INFO     | winwatt_automation.live_ui.app_connector:is_winwatt_foreground_context:1161 - DBG_WINWATT_FOREGROUND_CONTEXT expected_handle=73795370 expected_process_id=10500 expected_title=WinWatt gólya - C:\Users\Admin\Documents\GitHub\autowinwatt\winwatt_automation\data\runtime_maps\buildings_runs\20260830T214001\sandbox\testwwp.wwp expected_class_name=TMainForm actual_foreground_handle=73795370 actual_foreground_process_id=10500 actual_foreground_title=WinWatt gólya - C:\Users\Admin\Documents\GitHub\autowinwatt\winwatt_automation\data\runtime_maps\buildings_runs\20260830T214001\sandbox\testwwp.wwp actual_foreground_class_name=TMainForm allow_dialog=True result_reason=handle_match
2026-08-30 21:40:18.988 | DEBUG    | winwatt_automation.live_ui.app_connector:get_cached_main_window:565 - DBG_WINWATT_CACHE_GET reason_code=cache_reused_without_validation payload={'wrapper_type': 'UIAWrapper', 'handle': 73795370, 'process_id': 10500, 'title': 'WinWatt gólya - C:\\Users\\Admin\\Documents\\GitHub\\autowinwatt\\winwatt_automation\\data\\runtime_maps\\buildings_runs\\20260830T214001\\sandbox\\testwwp.wwp', 'class_name': 'TMainForm', 'control_type': 'Window'} last_validation_age_s=2.094000000040978 diagnostic_fast_mode=False
2026-08-30 21:40:18.988 | DEBUG    | winwatt_automation.live_ui.app_connector:get_cached_main_window:566 - DBG_PHASE_TIMING phase=get_cached_main_window elapsed_ms=0.000 reason_code=cache_reused_without_validation
2026-08-30 21:40:19.504 | DEBUG    | winwatt_automation.live_ui.app_connector:get_cached_main_window:565 - DBG_WINWATT_CACHE_GET reason_code=cache_reused_without_validation payload={'wrapper_type': 'UIAWrapper', 'handle': 73795370, 'process_id': 10500, 'title': 'WinWatt gólya - C:\\Users\\Admin\\Documents\\GitHub\\autowinwatt\\winwatt_automation\\data\\runtime_maps\\buildings_runs\\20260830T214001\\sandbox\\testwwp.wwp', 'class_name': 'TMainForm', 'control_type': 'Window'} last_validation_age_s=2.60999999998603 diagnostic_fast_mode=False
2026-08-30 21:40:19.504 | DEBUG    | winwatt_automation.live_ui.app_connector:get_cached_main_window:566 - DBG_PHASE_TIMING phase=get_cached_main_window elapsed_ms=0.000 reason_code=cache_reused_without_validation
2026-08-30 21:40:19.504 | DEBUG    | winwatt_automation.live_ui.app_connector:get_cached_main_window:565 - DBG_WINWATT_CACHE_GET reason_code=cache_reused_without_validation payload={'wrapper_type': 'UIAWrapper', 'handle': 73795370, 'process_id': 10500, 'title': 'WinWatt gólya - C:\\Users\\Admin\\Documents\\GitHub\\autowinwatt\\winwatt_automation\\data\\runtime_maps\\buildings_runs\\20260830T214001\\sandbox\\testwwp.wwp', 'class_name': 'TMainForm', 'control_type': 'Window'} last_validation_age_s=2.60999999998603 diagnostic_fast_mode=False
2026-08-30 21:40:19.504 | DEBUG    | winwatt_automation.live_ui.app_connector:get_cached_main_window:566 - DBG_PHASE_TIMING phase=get_cached_main_window elapsed_ms=0.000 reason_code=cache_reused_without_validation
2026-08-30 21:40:20.019 | INFO     | winwatt_automation.live_ui.menu_helpers:_menu_items:1101 - DBG_MENU_ITEMS_SUMMARY total_items=21 visible_items=21 topbar_band=(0, 0, 392, 464) topbar_band_visible_count=21 popup_region_visible_count=0 force_refresh=False handle=73795370
2026-08-30 21:40:20.036 | DEBUG    | winwatt_automation.live_ui.menu_helpers:_menu_items:1111 - Discovered 21 MenuItem controls
2026-08-30 21:40:20.036 | DEBUG    | winwatt_automation.live_ui.menu_helpers:_log_phase_timing:83 - DBG_PHASE_TIMING phase=_menu_items elapsed_ms=531.000 force_refresh=False total_items=21 visible_items=21
2026-08-30 21:40:20.036 | INFO     | winwatt_automation.live_ui.menu_helpers:_menu_row_from_wrapper:1545 - TEXT_EXTRACTION_FALLBACK_USED source=legacy_text confidence=medium rect={'left': 44, 'top': 56, 'right': 318, 'bottom': 84}
2026-08-30 21:40:20.036 | DEBUG    | winwatt_automation.live_ui.menu_helpers:_log_popup_fragment:499 - DBG_MENU_FRAGMENT_MAIN_WINDOW source_scope=main_window control_type=MenuItem class_name= text='Végrehajtás' rectangle={'left': 44, 'top': 56, 'right': 318, 'bottom': 84} center=(181, 70) process_id=10500 native_handle=None topbar_candidate=True popup_candidate=False
2026-08-30 21:40:20.050 | INFO     | winwatt_automation.live_ui.menu_helpers:_menu_row_from_wrapper:1545 - TEXT_EXTRACTION_FALLBACK_USED source=legacy_text confidence=medium rect={'left': 44, 'top': 84, 'right': 318, 'bottom': 112}
2026-08-30 21:40:20.050 | DEBUG    | winwatt_automation.live_ui.menu_helpers:_log_popup_fragment:499 - DBG_MENU_FRAGMENT_MAIN_WINDOW source_scope=main_window control_type=MenuItem class_name= text='Végrehajtás' rectangle={'left': 44, 'top': 84, 'right': 318, 'bottom': 112} center=(181, 98) process_id=10500 native_handle=None topbar_candidate=True popup_candidate=False
2026-08-30 21:40:20.066 | INFO     | winwatt_automation.live_ui.menu_helpers:_menu_row_from_wrapper:1545 - TEXT_EXTRACTION_FALLBACK_USED source=legacy_text confidence=medium rect={'left': 44, 'top': 111, 'right': 318, 'bottom': 139}
2026-08-30 21:40:20.066 | DEBUG    | winwatt_automation.live_ui.menu_helpers:_log_popup_fragment:499 - DBG_MENU_FRAGMENT_MAIN_WINDOW source_scope=main_window control_type=MenuItem class_name= text='Végrehajtás' rectangle={'left': 44, 'top': 111, 'right': 318, 'bottom': 139} center=(181, 125) process_id=10500 native_handle=None topbar_candidate=True popup_candidate=False
2026-08-30 21:40:20.066 | INFO     | winwatt_automation.live_ui.menu_helpers:_menu_row_from_wrapper:1545 - TEXT_EXTRACTION_FALLBACK_USED source=legacy_text confidence=medium rect={'left': 44, 'top': 139, 'right': 318, 'bottom': 167}
2026-08-30 21:40:20.066 | DEBUG    | winwatt_automation.live_ui.menu_helpers:_log_popup_fragment:499 - DBG_MENU_FRAGMENT_MAIN_WINDOW source_scope=main_window control_type=MenuItem class_name= text='Végrehajtás' rectangle={'left': 44, 'top': 139, 'right': 318, 'bottom': 167} center=(181, 153) process_id=10500 native_handle=None topbar_candidate=True popup_candidate=False
2026-08-30 21:40:20.082 | INFO     | winwatt_automation.live_ui.menu_helpers:_menu_row_from_wrapper:1545 - TEXT_EXTRACTION_FALLBACK_USED source=legacy_text confidence=medium rect={'left': 44, 'top': 166, 'right': 318, 'bottom': 194}
2026-08-30 21:40:20.082 | DEBUG    | winwatt_automation.live_ui.menu_helpers:_log_popup_fragment:499 - DBG_MENU_FRAGMENT_MAIN_WINDOW source_scope=main_window control_type=MenuItem class_name= text='Végrehajtás' rectangle={'left': 44, 'top': 166, 'right': 318, 'bottom': 194} center=(181, 180) process_id=10500 native_handle=None topbar_candidate=True popup_candidate=False
2026-08-30 21:40:20.098 | INFO     | winwatt_automation.live_ui.menu_helpers:_menu_row_from_wrapper:1545 - TEXT_EXTRACTION_FALLBACK_USED source=legacy_text confidence=medium rect={'left': 44, 'top': 201, 'right': 318, 'bottom': 229}
2026-08-30 21:40:20.098 | DEBUG    | winwatt_automation.live_ui.menu_helpers:_log_popup_fragment:499 - DBG_MENU_FRAGMENT_MAIN_WINDOW source_scope=main_window control_type=MenuItem class_name= text='Végrehajtás' rectangle={'left': 44, 'top': 201, 'right': 318, 'bottom': 229} center=(181, 215) process_id=10500 native_handle=None topbar_candidate=True popup_candidate=False
2026-08-30 21:40:20.098 | INFO     | winwatt_automation.live_ui.menu_helpers:_menu_row_from_wrapper:1545 - TEXT_EXTRACTION_FALLBACK_USED source=legacy_text confidence=medium rect={'left': 44, 'top': 229, 'right': 318, 'bottom': 257}
2026-08-30 21:40:20.098 | DEBUG    | winwatt_automation.live_ui.menu_helpers:_log_popup_fragment:499 - DBG_MENU_FRAGMENT_MAIN_WINDOW source_scope=main_window control_type=MenuItem class_name= text='Végrehajtás' rectangle={'left': 44, 'top': 229, 'right': 318, 'bottom': 257} center=(181, 243) process_id=10500 native_handle=None topbar_candidate=True popup_candidate=False
2026-08-30 21:40:20.113 | INFO     | winwatt_automation.live_ui.menu_helpers:_menu_row_from_wrapper:1545 - TEXT_EXTRACTION_FALLBACK_USED source=legacy_text confidence=medium rect={'left': 44, 'top': 256, 'right': 318, 'bottom': 284}
2026-08-30 21:40:20.113 | DEBUG    | winwatt_automation.live_ui.menu_helpers:_log_popup_fragment:499 - DBG_MENU_FRAGMENT_MAIN_WINDOW source_scope=main_window control_type=MenuItem class_name= text='Végrehajtás' rectangle={'left': 44, 'top': 256, 'right': 318, 'bottom': 284} center=(181, 270) process_id=10500 native_handle=None topbar_candidate=True popup_candidate=False
2026-08-30 21:40:20.131 | INFO     | winwatt_automation.live_ui.menu_helpers:_menu_row_from_wrapper:1545 - TEXT_EXTRACTION_FALLBACK_USED source=legacy_text confidence=medium rect={'left': 44, 'top': 284, 'right': 318, 'bottom': 312}
2026-08-30 21:40:20.131 | DEBUG    | winwatt_automation.live_ui.menu_helpers:_log_popup_fragment:499 - DBG_MENU_FRAGMENT_MAIN_WINDOW source_scope=main_window control_type=MenuItem class_name= text='Végrehajtás' rectangle={'left': 44, 'top': 284, 'right': 318, 'bottom': 312} center=(181, 298) process_id=10500 native_handle=None topbar_candidate=True popup_candidate=False
2026-08-30 21:40:20.131 | INFO     | winwatt_automation.live_ui.menu_helpers:_menu_row_from_wrapper:1545 - TEXT_EXTRACTION_FALLBACK_USED source=legacy_text confidence=medium rect={'left': 44, 'top': 319, 'right': 318, 'bottom': 347}
2026-08-30 21:40:20.131 | DEBUG    | winwatt_automation.live_ui.menu_helpers:_log_popup_fragment:499 - DBG_MENU_FRAGMENT_MAIN_WINDOW source_scope=main_window control_type=MenuItem class_name= text='Végrehajtás' rectangle={'left': 44, 'top': 319, 'right': 318, 'bottom': 347} center=(181, 333) process_id=10500 native_handle=None topbar_candidate=True popup_candidate=False
2026-08-30 21:40:20.146 | INFO     | winwatt_automation.live_ui.menu_helpers:_menu_row_from_wrapper:1545 - TEXT_EXTRACTION_FALLBACK_USED source=legacy_text confidence=medium rect={'left': 44, 'top': 346, 'right': 318, 'bottom': 374}
2026-08-30 21:40:20.146 | DEBUG    | winwatt_automation.live_ui.menu_helpers:_log_popup_fragment:499 - DBG_MENU_FRAGMENT_MAIN_WINDOW source_scope=main_window control_type=MenuItem class_name= text='Végrehajtás' rectangle={'left': 44, 'top': 346, 'right': 318, 'bottom': 374} center=(181, 360) process_id=10500 native_handle=None topbar_candidate=True popup_candidate=False
2026-08-30 21:40:20.161 | INFO     | winwatt_automation.live_ui.menu_helpers:_menu_row_from_wrapper:1545 - TEXT_EXTRACTION_FALLBACK_USED source=legacy_text confidence=medium rect={'left': 44, 'top': 374, 'right': 318, 'bottom': 402}
2026-08-30 21:40:20.161 | DEBUG    | winwatt_automation.live_ui.menu_helpers:_log_popup_fragment:499 - DBG_MENU_FRAGMENT_MAIN_WINDOW source_scope=main_window control_type=MenuItem class_name= text='Végrehajtás' rectangle={'left': 44, 'top': 374, 'right': 318, 'bottom': 402} center=(181, 388) process_id=10500 native_handle=None topbar_candidate=True popup_candidate=False
2026-08-30 21:40:20.161 | INFO     | winwatt_automation.live_ui.menu_helpers:_menu_row_from_wrapper:1545 - TEXT_EXTRACTION_FALLBACK_USED source=legacy_text confidence=medium rect={'left': 44, 'top': 401, 'right': 318, 'bottom': 429}
2026-08-30 21:40:20.161 | DEBUG    | winwatt_automation.live_ui.menu_helpers:_log_popup_fragment:499 - DBG_MENU_FRAGMENT_MAIN_WINDOW source_scope=main_window control_type=MenuItem class_name= text='Végrehajtás' rectangle={'left': 44, 'top': 401, 'right': 318, 'bottom': 429} center=(181, 415) process_id=10500 native_handle=None topbar_candidate=True popup_candidate=False
2026-08-30 21:40:20.177 | INFO     | winwatt_automation.live_ui.menu_helpers:_menu_row_from_wrapper:1545 - TEXT_EXTRACTION_FALLBACK_USED source=legacy_text confidence=medium rect={'left': 44, 'top': 436, 'right': 318, 'bottom': 464}
2026-08-30 21:40:20.177 | DEBUG    | winwatt_automation.live_ui.menu_helpers:_log_popup_fragment:499 - DBG_MENU_FRAGMENT_MAIN_WINDOW source_scope=main_window control_type=MenuItem class_name= text='Végrehajtás' rectangle={'left': 44, 'top': 436, 'right': 318, 'bottom': 464} center=(181, 450) process_id=10500 native_handle=None topbar_candidate=True popup_candidate=False
2026-08-30 21:40:20.177 | DEBUG    | winwatt_automation.live_ui.menu_helpers:_log_popup_fragment:499 - DBG_MENU_FRAGMENT_MAIN_WINDOW source_scope=main_window control_type=MenuItem class_name= text='Rendszer' rectangle={'left': 0, 'top': 0, 'right': 28, 'bottom': 28} center=(14, 14) process_id=10500 native_handle=None topbar_candidate=True popup_candidate=False
2026-08-30 21:40:20.177 | DEBUG    | winwatt_automation.live_ui.menu_helpers:_log_popup_fragment:499 - DBG_MENU_FRAGMENT_MAIN_WINDOW source_scope=main_window control_type=MenuItem class_name= text='Fájl' rectangle={'left': 0, 'top': 29, 'right': 40, 'bottom': 53} center=(20, 41) process_id=10500 native_handle=None topbar_candidate=True popup_candidate=False
2026-08-30 21:40:20.177 | DEBUG    | winwatt_automation.live_ui.menu_helpers:_log_popup_fragment:499 - DBG_MENU_FRAGMENT_MAIN_WINDOW source_scope=main_window control_type=MenuItem class_name= text='Jegyzékek' rectangle={'left': 40, 'top': 29, 'right': 123, 'bottom': 53} center=(81, 41) process_id=10500 native_handle=None topbar_candidate=True popup_candidate=False
2026-08-30 21:40:20.177 | DEBUG    | winwatt_automation.live_ui.menu_helpers:_log_popup_fragment:499 - DBG_MENU_FRAGMENT_MAIN_WINDOW source_scope=main_window control_type=MenuItem class_name= text='Eszközök' rectangle={'left': 123, 'top': 29, 'right': 199, 'bottom': 53} center=(161, 41) process_id=10500 native_handle=None topbar_candidate=True popup_candidate=False
2026-08-30 21:40:20.177 | DEBUG    | winwatt_automation.live_ui.menu_helpers:_log_popup_fragment:499 - DBG_MENU_FRAGMENT_MAIN_WINDOW source_scope=main_window control_type=MenuItem class_name= text='Beállítások' rectangle={'left': 199, 'top': 29, 'right': 287, 'bottom': 53} center=(243, 41) process_id=10500 native_handle=None topbar_candidate=True popup_candidate=False
2026-08-30 21:40:20.177 | DEBUG    | winwatt_automation.live_ui.menu_helpers:_log_popup_fragment:499 - DBG_MENU_FRAGMENT_MAIN_WINDOW source_scope=main_window control_type=MenuItem class_name= text='Ablak' rectangle={'left': 286, 'top': 29, 'right': 341, 'bottom': 53} center=(313, 41) process_id=10500 native_handle=None topbar_candidate=True popup_candidate=False
2026-08-30 21:40:20.177 | DEBUG    | winwatt_automation.live_ui.menu_helpers:_log_popup_fragment:499 - DBG_MENU_FRAGMENT_MAIN_WINDOW source_scope=main_window control_type=MenuItem class_name= text='Súgó' rectangle={'left': 341, 'top': 29, 'right': 392, 'bottom': 53} center=(366, 41) process_id=10500 native_handle=None topbar_candidate=True popup_candidate=False
2026-08-30 21:40:20.177 | DEBUG    | winwatt_automation.live_ui.menu_helpers:_menu_like_controls_from_main_window:1599 - DBG_MENU_FRAGMENT_SOURCE_SUMMARY source_scope=main_window count=21
2026-08-30 21:40:20.192 | DEBUG    | winwatt_automation.live_ui.app_connector:get_cached_main_window:565 - DBG_WINWATT_CACHE_GET reason_code=cache_reused_without_validation payload={'wrapper_type': 'UIAWrapper', 'handle': 73795370, 'process_id': 10500, 'title': 'WinWatt gólya - C:\\Users\\Admin\\Documents\\GitHub\\autowinwatt\\winwatt_automation\\data\\runtime_maps\\buildings_runs\\20260830T214001\\sandbox\\testwwp.wwp', 'class_name': 'TMainForm', 'control_type': 'Window'} last_validation_age_s=3.2820000000065193 diagnostic_fast_mode=False
2026-08-30 21:40:20.192 | DEBUG    | winwatt_automation.live_ui.app_connector:get_cached_main_window:566 - DBG_PHASE_TIMING phase=get_cached_main_window elapsed_ms=15.000 reason_code=cache_reused_without_validation
2026-08-30 21:40:20.192 | DEBUG    | winwatt_automation.live_ui.app_connector:get_cached_main_window:565 - DBG_WINWATT_CACHE_GET reason_code=cache_reused_without_validation payload={'wrapper_type': 'UIAWrapper', 'handle': 73795370, 'process_id': 10500, 'title': 'WinWatt gólya - C:\\Users\\Admin\\Documents\\GitHub\\autowinwatt\\winwatt_automation\\data\\runtime_maps\\buildings_runs\\20260830T214001\\sandbox\\testwwp.wwp', 'class_name': 'TMainForm', 'control_type': 'Window'} last_validation_age_s=3.297000000020489 diagnostic_fast_mode=False
2026-08-30 21:40:20.192 | DEBUG    | winwatt_automation.live_ui.app_connector:get_cached_main_window:566 - DBG_PHASE_TIMING phase=get_cached_main_window elapsed_ms=0.000 reason_code=cache_reused_without_validation
2026-08-30 21:40:20.894 | INFO     | winwatt_automation.live_ui.menu_helpers:_menu_row_from_wrapper:1545 - TEXT_EXTRACTION_FALLBACK_USED source=legacy_text confidence=medium rect={'left': 44, 'top': 56, 'right': 318, 'bottom': 84}
2026-08-30 21:40:20.910 | DEBUG    | winwatt_automation.live_ui.menu_helpers:_log_popup_fragment:499 - DBG_MENU_FRAGMENT_GLOBAL_SCAN source_scope=global_process_scan control_type=MenuItem class_name= text='Végrehajtás' rectangle={'left': 44, 'top': 56, 'right': 318, 'bottom': 84} center=(181, 70) process_id=10500 native_handle=None topbar_candidate=True popup_candidate=False
2026-08-30 21:40:20.910 | INFO     | winwatt_automation.live_ui.menu_helpers:_menu_row_from_wrapper:1545 - TEXT_EXTRACTION_FALLBACK_USED source=legacy_text confidence=medium rect={'left': 44, 'top': 84, 'right': 318, 'bottom': 112}
2026-08-30 21:40:20.910 | DEBUG    | winwatt_automation.live_ui.menu_helpers:_log_popup_fragment:499 - DBG_MENU_FRAGMENT_GLOBAL_SCAN source_scope=global_process_scan control_type=MenuItem class_name= text='Végrehajtás' rectangle={'left': 44, 'top': 84, 'right': 318, 'bottom': 112} center=(181, 98) process_id=10500 native_handle=None topbar_candidate=True popup_candidate=False
2026-08-30 21:40:20.932 | INFO     | winwatt_automation.live_ui.menu_helpers:_menu_row_from_wrapper:1545 - TEXT_EXTRACTION_FALLBACK_USED source=legacy_text confidence=medium rect={'left': 44, 'top': 111, 'right': 318, 'bottom': 139}
2026-08-30 21:40:20.932 | DEBUG    | winwatt_automation.live_ui.menu_helpers:_log_popup_fragment:499 - DBG_MENU_FRAGMENT_GLOBAL_SCAN source_scope=global_process_scan control_type=MenuItem class_name= text='Végrehajtás' rectangle={'left': 44, 'top': 111, 'right': 318, 'bottom': 139} center=(181, 125) process_id=10500 native_handle=None topbar_candidate=True popup_candidate=False
2026-08-30 21:40:20.942 | INFO     | winwatt_automation.live_ui.menu_helpers:_menu_row_from_wrapper:1545 - TEXT_EXTRACTION_FALLBACK_USED source=legacy_text confidence=medium rect={'left': 44, 'top': 139, 'right': 318, 'bottom': 167}
2026-08-30 21:40:20.943 | DEBUG    | winwatt_automation.live_ui.menu_helpers:_log_popup_fragment:499 - DBG_MENU_FRAGMENT_GLOBAL_SCAN source_scope=global_process_scan control_type=MenuItem class_name= text='Végrehajtás' rectangle={'left': 44, 'top': 139, 'right': 318, 'bottom': 167} center=(181, 153) process_id=10500 native_handle=None topbar_candidate=True popup_candidate=False
2026-08-30 21:40:20.943 | INFO     | winwatt_automation.live_ui.menu_helpers:_menu_row_from_wrapper:1545 - TEXT_EXTRACTION_FALLBACK_USED source=legacy_text confidence=medium rect={'left': 44, 'top': 166, 'right': 318, 'bottom': 194}
2026-08-30 21:40:20.943 | DEBUG    | winwatt_automation.live_ui.menu_helpers:_log_popup_fragment:499 - DBG_MENU_FRAGMENT_GLOBAL_SCAN source_scope=global_process_scan control_type=MenuItem class_name= text='Végrehajtás' rectangle={'left': 44, 'top': 166, 'right': 318, 'bottom': 194} center=(181, 180) process_id=10500 native_handle=None topbar_candidate=True popup_candidate=False
2026-08-30 21:40:20.958 | INFO     | winwatt_automation.live_ui.menu_helpers:_menu_row_from_wrapper:1545 - TEXT_EXTRACTION_FALLBACK_USED source=legacy_text confidence=medium rect={'left': 44, 'top': 201, 'right': 318, 'bottom': 229}
2026-08-30 21:40:20.958 | DEBUG    | winwatt_automation.live_ui.menu_helpers:_log_popup_fragment:499 - DBG_MENU_FRAGMENT_GLOBAL_SCAN source_scope=global_process_scan control_type=MenuItem class_name= text='Végrehajtás' rectangle={'left': 44, 'top': 201, 'right': 318, 'bottom': 229} center=(181, 215) process_id=10500 native_handle=None topbar_candidate=True popup_candidate=False
2026-08-30 21:40:20.958 | INFO     | winwatt_automation.live_ui.menu_helpers:_menu_row_from_wrapper:1545 - TEXT_EXTRACTION_FALLBACK_USED source=legacy_text confidence=medium rect={'left': 44, 'top': 229, 'right': 318, 'bottom': 257}
2026-08-30 21:40:20.974 | DEBUG    | winwatt_automation.live_ui.menu_helpers:_log_popup_fragment:499 - DBG_MENU_FRAGMENT_GLOBAL_SCAN source_scope=global_process_scan control_type=MenuItem class_name= text='Végrehajtás' rectangle={'left': 44, 'top': 229, 'right': 318, 'bottom': 257} center=(181, 243) process_id=10500 native_handle=None topbar_candidate=True popup_candidate=False
2026-08-30 21:40:20.974 | INFO     | winwatt_automation.live_ui.menu_helpers:_menu_row_from_wrapper:1545 - TEXT_EXTRACTION_FALLBACK_USED source=legacy_text confidence=medium rect={'left': 44, 'top': 256, 'right': 318, 'bottom': 284}
2026-08-30 21:40:20.974 | DEBUG    | winwatt_automation.live_ui.menu_helpers:_log_popup_fragment:499 - DBG_MENU_FRAGMENT_GLOBAL_SCAN source_scope=global_process_scan control_type=MenuItem class_name= text='Végrehajtás' rectangle={'left': 44, 'top': 256, 'right': 318, 'bottom': 284} center=(181, 270) process_id=10500 native_handle=None topbar_candidate=True popup_candidate=False
2026-08-30 21:40:20.990 | INFO     | winwatt_automation.live_ui.menu_helpers:_menu_row_from_wrapper:1545 - TEXT_EXTRACTION_FALLBACK_USED source=legacy_text confidence=medium rect={'left': 44, 'top': 284, 'right': 318, 'bottom': 312}
2026-08-30 21:40:20.990 | DEBUG    | winwatt_automation.live_ui.menu_helpers:_log_popup_fragment:499 - DBG_MENU_FRAGMENT_GLOBAL_SCAN source_scope=global_process_scan control_type=MenuItem class_name= text='Végrehajtás' rectangle={'left': 44, 'top': 284, 'right': 318, 'bottom': 312} center=(181, 298) process_id=10500 native_handle=None topbar_candidate=True popup_candidate=False
2026-08-30 21:40:20.990 | INFO     | winwatt_automation.live_ui.menu_helpers:_menu_row_from_wrapper:1545 - TEXT_EXTRACTION_FALLBACK_USED source=legacy_text confidence=medium rect={'left': 44, 'top': 319, 'right': 318, 'bottom': 347}
2026-08-30 21:40:21.004 | DEBUG    | winwatt_automation.live_ui.menu_helpers:_log_popup_fragment:499 - DBG_MENU_FRAGMENT_GLOBAL_SCAN source_scope=global_process_scan control_type=MenuItem class_name= text='Végrehajtás' rectangle={'left': 44, 'top': 319, 'right': 318, 'bottom': 347} center=(181, 333) process_id=10500 native_handle=None topbar_candidate=True popup_candidate=False
2026-08-30 21:40:21.008 | INFO     | winwatt_automation.live_ui.menu_helpers:_menu_row_from_wrapper:1545 - TEXT_EXTRACTION_FALLBACK_USED source=legacy_text confidence=medium rect={'left': 44, 'top': 346, 'right': 318, 'bottom': 374}
2026-08-30 21:40:21.008 | DEBUG    | winwatt_automation.live_ui.menu_helpers:_log_popup_fragment:499 - DBG_MENU_FRAGMENT_GLOBAL_SCAN source_scope=global_process_scan control_type=MenuItem class_name= text='Végrehajtás' rectangle={'left': 44, 'top': 346, 'right': 318, 'bottom': 374} center=(181, 360) process_id=10500 native_handle=None topbar_candidate=True popup_candidate=False
2026-08-30 21:40:21.028 | INFO     | winwatt_automation.live_ui.menu_helpers:_menu_row_from_wrapper:1545 - TEXT_EXTRACTION_FALLBACK_USED source=legacy_text confidence=medium rect={'left': 44, 'top': 374, 'right': 318, 'bottom': 402}
2026-08-30 21:40:21.032 | DEBUG    | winwatt_automation.live_ui.menu_helpers:_log_popup_fragment:499 - DBG_MENU_FRAGMENT_GLOBAL_SCAN source_scope=global_process_scan control_type=MenuItem class_name= text='Végrehajtás' rectangle={'left': 44, 'top': 374, 'right': 318, 'bottom': 402} center=(181, 388) process_id=10500 native_handle=None topbar_candidate=True popup_candidate=False
2026-08-30 21:40:21.042 | INFO     | winwatt_automation.live_ui.menu_helpers:_menu_row_from_wrapper:1545 - TEXT_EXTRACTION_FALLBACK_USED source=legacy_text confidence=medium rect={'left': 44, 'top': 401, 'right': 318, 'bottom': 429}
2026-08-30 21:40:21.042 | DEBUG    | winwatt_automation.live_ui.menu_helpers:_log_popup_fragment:499 - DBG_MENU_FRAGMENT_GLOBAL_SCAN source_scope=global_process_scan control_type=MenuItem class_name= text='Végrehajtás' rectangle={'left': 44, 'top': 401, 'right': 318, 'bottom': 429} center=(181, 415) process_id=10500 native_handle=None topbar_candidate=True popup_candidate=False
2026-08-30 21:40:21.053 | INFO     | winwatt_automation.live_ui.menu_helpers:_menu_row_from_wrapper:1545 - TEXT_EXTRACTION_FALLBACK_USED source=legacy_text confidence=medium rect={'left': 44, 'top': 436, 'right': 318, 'bottom': 464}
2026-08-30 21:40:21.053 | DEBUG    | winwatt_automation.live_ui.menu_helpers:_log_popup_fragment:499 - DBG_MENU_FRAGMENT_GLOBAL_SCAN source_scope=global_process_scan control_type=MenuItem class_name= text='Végrehajtás' rectangle={'left': 44, 'top': 436, 'right': 318, 'bottom': 464} center=(181, 450) process_id=10500 native_handle=None topbar_candidate=True popup_candidate=False
2026-08-30 21:40:21.053 | DEBUG    | winwatt_automation.live_ui.menu_helpers:_log_popup_fragment:499 - DBG_MENU_FRAGMENT_GLOBAL_SCAN source_scope=global_process_scan control_type=MenuItem class_name= text='Rendszer' rectangle={'left': 0, 'top': 0, 'right': 28, 'bottom': 28} center=(14, 14) process_id=10500 native_handle=None topbar_candidate=True popup_candidate=False
2026-08-30 21:40:21.053 | DEBUG    | winwatt_automation.live_ui.menu_helpers:_log_popup_fragment:499 - DBG_MENU_FRAGMENT_GLOBAL_SCAN source_scope=global_process_scan control_type=MenuItem class_name= text='Fájl' rectangle={'left': 0, 'top': 29, 'right': 40, 'bottom': 53} center=(20, 41) process_id=10500 native_handle=None topbar_candidate=True popup_candidate=False
2026-08-30 21:40:21.053 | DEBUG    | winwatt_automation.live_ui.menu_helpers:_log_popup_fragment:499 - DBG_MENU_FRAGMENT_GLOBAL_SCAN source_scope=global_process_scan control_type=MenuItem class_name= text='Jegyzékek' rectangle={'left': 40, 'top': 29, 'right': 123, 'bottom': 53} center=(81, 41) process_id=10500 native_handle=None topbar_candidate=True popup_candidate=False
2026-08-30 21:40:21.053 | DEBUG    | winwatt_automation.live_ui.menu_helpers:_log_popup_fragment:499 - DBG_MENU_FRAGMENT_GLOBAL_SCAN source_scope=global_process_scan control_type=MenuItem class_name= text='Eszközök' rectangle={'left': 123, 'top': 29, 'right': 199, 'bottom': 53} center=(161, 41) process_id=10500 native_handle=None topbar_candidate=True popup_candidate=False
2026-08-30 21:40:21.053 | DEBUG    | winwatt_automation.live_ui.menu_helpers:_log_popup_fragment:499 - DBG_MENU_FRAGMENT_GLOBAL_SCAN source_scope=global_process_scan control_type=MenuItem class_name= text='Beállítások' rectangle={'left': 199, 'top': 29, 'right': 287, 'bottom': 53} center=(243, 41) process_id=10500 native_handle=None topbar_candidate=True popup_candidate=False
2026-08-30 21:40:21.053 | DEBUG    | winwatt_automation.live_ui.menu_helpers:_log_popup_fragment:499 - DBG_MENU_FRAGMENT_GLOBAL_SCAN source_scope=global_process_scan control_type=MenuItem class_name= text='Ablak' rectangle={'left': 286, 'top': 29, 'right': 341, 'bottom': 53} center=(313, 41) process_id=10500 native_handle=None topbar_candidate=True popup_candidate=False
2026-08-30 21:40:21.053 | DEBUG    | winwatt_automation.live_ui.menu_helpers:_log_popup_fragment:499 - DBG_MENU_FRAGMENT_GLOBAL_SCAN source_scope=global_process_scan control_type=MenuItem class_name= text='Súgó' rectangle={'left': 341, 'top': 29, 'right': 392, 'bottom': 53} center=(366, 41) process_id=10500 native_handle=None topbar_candidate=True popup_candidate=False
2026-08-30 21:40:21.069 | DEBUG    | winwatt_automation.live_ui.menu_helpers:_menu_like_controls_from_global_process_scan:1631 - DBG_MENU_FRAGMENT_SOURCE_SUMMARY source_scope=global_process_scan count=21 process_id=10500
2026-08-30 21:40:21.074 | INFO     | winwatt_automation.live_ui.app_connector:is_winwatt_foreground_context:1161 - DBG_WINWATT_FOREGROUND_CONTEXT expected_handle=73795370 expected_process_id=10500 expected_title=WinWatt gólya - C:\Users\Admin\Documents\GitHub\autowinwatt\winwatt_automation\data\runtime_maps\buildings_runs\20260830T214001\sandbox\testwwp.wwp expected_class_name=TMainForm actual_foreground_handle=73795370 actual_foreground_process_id=10500 actual_foreground_title=WinWatt gólya - C:\Users\Admin\Documents\GitHub\autowinwatt\winwatt_automation\data\runtime_maps\buildings_runs\20260830T214001\sandbox\testwwp.wwp actual_foreground_class_name=TMainForm allow_dialog=True result_reason=handle_match
2026-08-30 21:40:21.074 | INFO     | winwatt_automation.live_ui.app_connector:_cached_window_health_status:489 - DBG_WINWATT_CACHE_HEALTH reason_code=healthy payload={'wrapper_type': 'UIAWrapper', 'handle': 73795370, 'process_id': 10500, 'title': 'WinWatt gólya - C:\\Users\\Admin\\Documents\\GitHub\\autowinwatt\\winwatt_automation\\data\\runtime_maps\\buildings_runs\\20260830T214001\\sandbox\\testwwp.wwp', 'class_name': 'TMainForm', 'control_type': 'Window'}
2026-08-30 21:40:21.074 | DEBUG    | winwatt_automation.live_ui.app_connector:get_cached_main_window:574 - DBG_WINWATT_CACHE_GET reason_code=cache_validated_ok payload={'wrapper_type': 'UIAWrapper', 'handle': 73795370, 'process_id': 10500, 'title': 'WinWatt gólya - C:\\Users\\Admin\\Documents\\GitHub\\autowinwatt\\winwatt_automation\\data\\runtime_maps\\buildings_runs\\20260830T214001\\sandbox\\testwwp.wwp', 'class_name': 'TMainForm', 'control_type': 'Window'} last_validation_age_s=4.172000000020489 diagnostic_fast_mode=False
2026-08-30 21:40:21.085 | DEBUG    | winwatt_automation.live_ui.app_connector:get_cached_main_window:575 - DBG_PHASE_TIMING phase=get_cached_main_window elapsed_ms=16.000 reason_code=cache_validated_ok
2026-08-30 21:40:21.561 | DEBUG    | winwatt_automation.live_ui.menu_helpers:capture_menu_popup_snapshot:1682 - DBG_POPUP_ROW_DEDUPE rect={'left': 44, 'top': 56, 'right': 318, 'bottom': 84} normalized_text=végrehajtás class_name= source_scope=main_window deduplicated=False
2026-08-30 21:40:21.561 | DEBUG    | winwatt_automation.live_ui.menu_helpers:capture_menu_popup_snapshot:1682 - DBG_POPUP_ROW_DEDUPE rect={'left': 44, 'top': 84, 'right': 318, 'bottom': 112} normalized_text=végrehajtás class_name= source_scope=main_window deduplicated=False
2026-08-30 21:40:21.561 | DEBUG    | winwatt_automation.live_ui.menu_helpers:capture_menu_popup_snapshot:1682 - DBG_POPUP_ROW_DEDUPE rect={'left': 44, 'top': 111, 'right': 318, 'bottom': 139} normalized_text=végrehajtás class_name= source_scope=main_window deduplicated=False
2026-08-30 21:40:21.561 | DEBUG    | winwatt_automation.live_ui.menu_helpers:capture_menu_popup_snapshot:1682 - DBG_POPUP_ROW_DEDUPE rect={'left': 44, 'top': 139, 'right': 318, 'bottom': 167} normalized_text=végrehajtás class_name= source_scope=main_window deduplicated=False
2026-08-30 21:40:21.561 | DEBUG    | winwatt_automation.live_ui.menu_helpers:capture_menu_popup_snapshot:1682 - DBG_POPUP_ROW_DEDUPE rect={'left': 44, 'top': 166, 'right': 318, 'bottom': 194} normalized_text=végrehajtás class_name= source_scope=main_window deduplicated=False
2026-08-30 21:40:21.561 | DEBUG    | winwatt_automation.live_ui.menu_helpers:capture_menu_popup_snapshot:1682 - DBG_POPUP_ROW_DEDUPE rect={'left': 44, 'top': 201, 'right': 318, 'bottom': 229} normalized_text=végrehajtás class_name= source_scope=main_window deduplicated=False
2026-08-30 21:40:21.561 | DEBUG    | winwatt_automation.live_ui.menu_helpers:capture_menu_popup_snapshot:1682 - DBG_POPUP_ROW_DEDUPE rect={'left': 44, 'top': 229, 'right': 318, 'bottom': 257} normalized_text=végrehajtás class_name= source_scope=main_window deduplicated=False
2026-08-30 21:40:21.561 | DEBUG    | winwatt_automation.live_ui.menu_helpers:capture_menu_popup_snapshot:1682 - DBG_POPUP_ROW_DEDUPE rect={'left': 44, 'top': 256, 'right': 318, 'bottom': 284} normalized_text=végrehajtás class_name= source_scope=main_window deduplicated=False
2026-08-30 21:40:21.577 | DEBUG    | winwatt_automation.live_ui.menu_helpers:capture_menu_popup_snapshot:1682 - DBG_POPUP_ROW_DEDUPE rect={'left': 44, 'top': 284, 'right': 318, 'bottom': 312} normalized_text=végrehajtás class_name= source_scope=main_window deduplicated=False
2026-08-30 21:40:21.577 | DEBUG    | winwatt_automation.live_ui.menu_helpers:capture_menu_popup_snapshot:1682 - DBG_POPUP_ROW_DEDUPE rect={'left': 44, 'top': 319, 'right': 318, 'bottom': 347} normalized_text=végrehajtás class_name= source_scope=main_window deduplicated=False
2026-08-30 21:40:21.577 | DEBUG    | winwatt_automation.live_ui.menu_helpers:capture_menu_popup_snapshot:1682 - DBG_POPUP_ROW_DEDUPE rect={'left': 44, 'top': 346, 'right': 318, 'bottom': 374} normalized_text=végrehajtás class_name= source_scope=main_window deduplicated=False
2026-08-30 21:40:21.577 | DEBUG    | winwatt_automation.live_ui.menu_helpers:capture_menu_popup_snapshot:1682 - DBG_POPUP_ROW_DEDUPE rect={'left': 44, 'top': 374, 'right': 318, 'bottom': 402} normalized_text=végrehajtás class_name= source_scope=main_window deduplicated=False
2026-08-30 21:40:21.577 | DEBUG    | winwatt_automation.live_ui.menu_helpers:capture_menu_popup_snapshot:1682 - DBG_POPUP_ROW_DEDUPE rect={'left': 44, 'top': 401, 'right': 318, 'bottom': 429} normalized_text=végrehajtás class_name= source_scope=main_window deduplicated=False
2026-08-30 21:40:21.577 | DEBUG    | winwatt_automation.live_ui.menu_helpers:capture_menu_popup_snapshot:1682 - DBG_POPUP_ROW_DEDUPE rect={'left': 44, 'top': 436, 'right': 318, 'bottom': 464} normalized_text=végrehajtás class_name= source_scope=main_window deduplicated=False
2026-08-30 21:40:21.577 | DEBUG    | winwatt_automation.live_ui.menu_helpers:capture_menu_popup_snapshot:1682 - DBG_POPUP_ROW_DEDUPE rect={'left': 0, 'top': 0, 'right': 28, 'bottom': 28} normalized_text=rendszer class_name= source_scope=main_window deduplicated=False
2026-08-30 21:40:21.577 | DEBUG    | winwatt_automation.live_ui.menu_helpers:capture_menu_popup_snapshot:1682 - DBG_POPUP_ROW_DEDUPE rect={'left': 0, 'top': 29, 'right': 40, 'bottom': 53} normalized_text=fájl class_name= source_scope=main_window deduplicated=False
2026-08-30 21:40:21.577 | DEBUG    | winwatt_automation.live_ui.menu_helpers:capture_menu_popup_snapshot:1682 - DBG_POPUP_ROW_DEDUPE rect={'left': 40, 'top': 29, 'right': 123, 'bottom': 53} normalized_text=jegyzékek class_name= source_scope=main_window deduplicated=False
2026-08-30 21:40:21.577 | DEBUG    | winwatt_automation.live_ui.menu_helpers:capture_menu_popup_snapshot:1682 - DBG_POPUP_ROW_DEDUPE rect={'left': 123, 'top': 29, 'right': 199, 'bottom': 53} normalized_text=eszközök class_name= source_scope=main_window deduplicated=False
2026-08-30 21:40:21.577 | DEBUG    | winwatt_automation.live_ui.menu_helpers:capture_menu_popup_snapshot:1682 - DBG_POPUP_ROW_DEDUPE rect={'left': 199, 'top': 29, 'right': 287, 'bottom': 53} normalized_text=beállítások class_name= source_scope=main_window deduplicated=False
2026-08-30 21:40:21.577 | DEBUG    | winwatt_automation.live_ui.menu_helpers:capture_menu_popup_snapshot:1682 - DBG_POPUP_ROW_DEDUPE rect={'left': 286, 'top': 29, 'right': 341, 'bottom': 53} normalized_text=ablak class_name= source_scope=main_window deduplicated=False
2026-08-30 21:40:21.577 | DEBUG    | winwatt_automation.live_ui.menu_helpers:capture_menu_popup_snapshot:1682 - DBG_POPUP_ROW_DEDUPE rect={'left': 341, 'top': 29, 'right': 392, 'bottom': 53} normalized_text=súgó class_name= source_scope=main_window deduplicated=False
2026-08-30 21:40:21.577 | DEBUG    | winwatt_automation.live_ui.menu_helpers:capture_menu_popup_snapshot:1682 - DBG_POPUP_ROW_DEDUPE rect={'left': 44, 'top': 56, 'right': 318, 'bottom': 84} normalized_text=végrehajtás class_name= source_scope=global_process_scan deduplicated=False
2026-08-30 21:40:21.577 | DEBUG    | winwatt_automation.live_ui.menu_helpers:capture_menu_popup_snapshot:1682 - DBG_POPUP_ROW_DEDUPE rect={'left': 44, 'top': 84, 'right': 318, 'bottom': 112} normalized_text=végrehajtás class_name= source_scope=global_process_scan deduplicated=False
2026-08-30 21:40:21.577 | DEBUG    | winwatt_automation.live_ui.menu_helpers:capture_menu_popup_snapshot:1682 - DBG_POPUP_ROW_DEDUPE rect={'left': 44, 'top': 111, 'right': 318, 'bottom': 139} normalized_text=végrehajtás class_name= source_scope=global_process_scan deduplicated=False
2026-08-30 21:40:21.577 | DEBUG    | winwatt_automation.live_ui.menu_helpers:capture_menu_popup_snapshot:1682 - DBG_POPUP_ROW_DEDUPE rect={'left': 44, 'top': 139, 'right': 318, 'bottom': 167} normalized_text=végrehajtás class_name= source_scope=global_process_scan deduplicated=False
2026-08-30 21:40:21.577 | DEBUG    | winwatt_automation.live_ui.menu_helpers:capture_menu_popup_snapshot:1682 - DBG_POPUP_ROW_DEDUPE rect={'left': 44, 'top': 166, 'right': 318, 'bottom': 194} normalized_text=végrehajtás class_name= source_scope=global_process_scan deduplicated=False
2026-08-30 21:40:21.577 | DEBUG    | winwatt_automation.live_ui.menu_helpers:capture_menu_popup_snapshot:1682 - DBG_POPUP_ROW_DEDUPE rect={'left': 44, 'top': 201, 'right': 318, 'bottom': 229} normalized_text=végrehajtás class_name= source_scope=global_process_scan deduplicated=False
2026-08-30 21:40:21.577 | DEBUG    | winwatt_automation.live_ui.menu_helpers:capture_menu_popup_snapshot:1682 - DBG_POPUP_ROW_DEDUPE rect={'left': 44, 'top': 229, 'right': 318, 'bottom': 257} normalized_text=végrehajtás class_name= source_scope=global_process_scan deduplicated=False
2026-08-30 21:40:21.577 | DEBUG    | winwatt_automation.live_ui.menu_helpers:capture_menu_popup_snapshot:1682 - DBG_POPUP_ROW_DEDUPE rect={'left': 44, 'top': 256, 'right': 318, 'bottom': 284} normalized_text=végrehajtás class_name= source_scope=global_process_scan deduplicated=False
2026-08-30 21:40:21.577 | DEBUG    | winwatt_automation.live_ui.menu_helpers:capture_menu_popup_snapshot:1682 - DBG_POPUP_ROW_DEDUPE rect={'left': 44, 'top': 284, 'right': 318, 'bottom': 312} normalized_text=végrehajtás class_name= source_scope=global_process_scan deduplicated=False
2026-08-30 21:40:21.577 | DEBUG    | winwatt_automation.live_ui.menu_helpers:capture_menu_popup_snapshot:1682 - DBG_POPUP_ROW_DEDUPE rect={'left': 44, 'top': 319, 'right': 318, 'bottom': 347} normalized_text=végrehajtás class_name= source_scope=global_process_scan deduplicated=False
2026-08-30 21:40:21.577 | DEBUG    | winwatt_automation.live_ui.menu_helpers:capture_menu_popup_snapshot:1682 - DBG_POPUP_ROW_DEDUPE rect={'left': 44, 'top': 346, 'right': 318, 'bottom': 374} normalized_text=végrehajtás class_name= source_scope=global_process_scan deduplicated=False
2026-08-30 21:40:21.577 | DEBUG    | winwatt_automation.live_ui.menu_helpers:capture_menu_popup_snapshot:1682 - DBG_POPUP_ROW_DEDUPE rect={'left': 44, 'top': 374, 'right': 318, 'bottom': 402} normalized_text=végrehajtás class_name= source_scope=global_process_scan deduplicated=False
2026-08-30 21:40:21.577 | DEBUG    | winwatt_automation.live_ui.menu_helpers:capture_menu_popup_snapshot:1682 - DBG_POPUP_ROW_DEDUPE rect={'left': 44, 'top': 401, 'right': 318, 'bottom': 429} normalized_text=végrehajtás class_name= source_scope=global_process_scan deduplicated=False
2026-08-30 21:40:21.577 | DEBUG    | winwatt_automation.live_ui.menu_helpers:capture_menu_popup_snapshot:1682 - DBG_POPUP_ROW_DEDUPE rect={'left': 44, 'top': 436, 'right': 318, 'bottom': 464} normalized_text=végrehajtás class_name= source_scope=global_process_scan deduplicated=False
2026-08-30 21:40:21.577 | DEBUG    | winwatt_automation.live_ui.menu_helpers:capture_menu_popup_snapshot:1682 - DBG_POPUP_ROW_DEDUPE rect={'left': 0, 'top': 0, 'right': 28, 'bottom': 28} normalized_text=rendszer class_name= source_scope=global_process_scan deduplicated=False
2026-08-30 21:40:21.577 | DEBUG    | winwatt_automation.live_ui.menu_helpers:capture_menu_popup_snapshot:1682 - DBG_POPUP_ROW_DEDUPE rect={'left': 0, 'top': 29, 'right': 40, 'bottom': 53} normalized_text=fájl class_name= source_scope=global_process_scan deduplicated=False
2026-08-30 21:40:21.577 | DEBUG    | winwatt_automation.live_ui.menu_helpers:capture_menu_popup_snapshot:1682 - DBG_POPUP_ROW_DEDUPE rect={'left': 40, 'top': 29, 'right': 123, 'bottom': 53} normalized_text=jegyzékek class_name= source_scope=global_process_scan deduplicated=False
2026-08-30 21:40:21.577 | DEBUG    | winwatt_automation.live_ui.menu_helpers:capture_menu_popup_snapshot:1682 - DBG_POPUP_ROW_DEDUPE rect={'left': 123, 'top': 29, 'right': 199, 'bottom': 53} normalized_text=eszközök class_name= source_scope=global_process_scan deduplicated=False
2026-08-30 21:40:21.577 | DEBUG    | winwatt_automation.live_ui.menu_helpers:capture_menu_popup_snapshot:1682 - DBG_POPUP_ROW_DEDUPE rect={'left': 199, 'top': 29, 'right': 287, 'bottom': 53} normalized_text=beállítások class_name= source_scope=global_process_scan deduplicated=False
2026-08-30 21:40:21.577 | DEBUG    | winwatt_automation.live_ui.menu_helpers:capture_menu_popup_snapshot:1682 - DBG_POPUP_ROW_DEDUPE rect={'left': 286, 'top': 29, 'right': 341, 'bottom': 53} normalized_text=ablak class_name= source_scope=global_process_scan deduplicated=False
2026-08-30 21:40:21.577 | DEBUG    | winwatt_automation.live_ui.menu_helpers:capture_menu_popup_snapshot:1682 - DBG_POPUP_ROW_DEDUPE rect={'left': 341, 'top': 29, 'right': 392, 'bottom': 53} normalized_text=súgó class_name= source_scope=global_process_scan deduplicated=False
2026-08-30 21:40:21.577 | INFO     | winwatt_automation.live_ui.menu_helpers:capture_menu_popup_snapshot:1724 - POPUP_SNAPSHOT_SUMMARY main_window_fragments=21 global_scan_fragments=21 deduped_fragments=42 topbar_like=12 popup_like=28 empty_text=0 topbar_band=(0, 29, 392, 53) empty_text_vertical_cluster_detected=False accepted_popup_rows=0 popup_heuristic=candidate_count_below_threshold
2026-08-30 21:40:21.577 | DEBUG    | winwatt_automation.live_ui.menu_helpers:capture_menu_popup_snapshot:1737 - Captured menu snapshot rows=42
2026-08-30 21:40:21.577 | DEBUG    | winwatt_automation.live_ui.menu_helpers:_log_phase_timing:83 - DBG_PHASE_TIMING phase=capture_menu_popup_snapshot elapsed_ms=2594.000 main_rows=21 global_rows=21 unique_rows=42 diagnostic_fast_mode=False
2026-08-30 21:40:21.577 | DEBUG    | winwatt_automation.live_ui.menu_helpers:did_any_new_menu_popup_appear:2272 - Menu popup snapshot diff: before=14 after=42 new=28
2026-08-30 21:40:21.577 | DEBUG    | winwatt_automation.live_ui.app_connector:get_cached_main_window:565 - DBG_WINWATT_CACHE_GET reason_code=cache_reused_without_validation payload={'wrapper_type': 'UIAWrapper', 'handle': 73795370, 'process_id': 10500, 'title': 'WinWatt gólya - C:\\Users\\Admin\\Documents\\GitHub\\autowinwatt\\winwatt_automation\\data\\runtime_maps\\buildings_runs\\20260830T214001\\sandbox\\testwwp.wwp', 'class_name': 'TMainForm', 'control_type': 'Window'} last_validation_age_s=0.515999999945052 diagnostic_fast_mode=False
2026-08-30 21:40:21.577 | DEBUG    | winwatt_automation.live_ui.app_connector:get_cached_main_window:566 - DBG_PHASE_TIMING phase=get_cached_main_window elapsed_ms=0.000 reason_code=cache_reused_without_validation
2026-08-30 21:40:22.116 | DEBUG    | winwatt_automation.live_ui.app_connector:get_cached_main_window:565 - DBG_WINWATT_CACHE_GET reason_code=cache_reused_without_validation payload={'wrapper_type': 'UIAWrapper', 'handle': 73795370, 'process_id': 10500, 'title': 'WinWatt gólya - C:\\Users\\Admin\\Documents\\GitHub\\autowinwatt\\winwatt_automation\\data\\runtime_maps\\buildings_runs\\20260830T214001\\sandbox\\testwwp.wwp', 'class_name': 'TMainForm', 'control_type': 'Window'} last_validation_age_s=1.047000000020489 diagnostic_fast_mode=False
2026-08-30 21:40:22.132 | DEBUG    | winwatt_automation.live_ui.app_connector:get_cached_main_window:566 - DBG_PHASE_TIMING phase=get_cached_main_window elapsed_ms=16.000 reason_code=cache_reused_without_validation
2026-08-30 21:40:22.135 | DEBUG    | winwatt_automation.live_ui.app_connector:get_cached_main_window:565 - DBG_WINWATT_CACHE_GET reason_code=cache_reused_without_validation payload={'wrapper_type': 'UIAWrapper', 'handle': 73795370, 'process_id': 10500, 'title': 'WinWatt gólya - C:\\Users\\Admin\\Documents\\GitHub\\autowinwatt\\winwatt_automation\\data\\runtime_maps\\buildings_runs\\20260830T214001\\sandbox\\testwwp.wwp', 'class_name': 'TMainForm', 'control_type': 'Window'} last_validation_age_s=1.062999999965541 diagnostic_fast_mode=False
2026-08-30 21:40:22.135 | DEBUG    | winwatt_automation.live_ui.app_connector:get_cached_main_window:566 - DBG_PHASE_TIMING phase=get_cached_main_window elapsed_ms=0.000 reason_code=cache_reused_without_validation
2026-08-30 21:40:22.640 | INFO     | winwatt_automation.live_ui.menu_helpers:_menu_items:1101 - DBG_MENU_ITEMS_SUMMARY total_items=21 visible_items=21 topbar_band=(0, 0, 392, 464) topbar_band_visible_count=21 popup_region_visible_count=0 force_refresh=False handle=73795370
2026-08-30 21:40:22.655 | DEBUG    | winwatt_automation.live_ui.menu_helpers:_menu_items:1111 - Discovered 21 MenuItem controls
2026-08-30 21:40:22.655 | DEBUG    | winwatt_automation.live_ui.menu_helpers:_log_phase_timing:83 - DBG_PHASE_TIMING phase=_menu_items elapsed_ms=547.000 force_refresh=False total_items=21 visible_items=21
2026-08-30 21:40:22.655 | INFO     | winwatt_automation.live_ui.menu_helpers:_menu_row_from_wrapper:1545 - TEXT_EXTRACTION_FALLBACK_USED source=legacy_text confidence=medium rect={'left': 44, 'top': 56, 'right': 318, 'bottom': 84}
2026-08-30 21:40:22.671 | DEBUG    | winwatt_automation.live_ui.menu_helpers:_log_popup_fragment:499 - DBG_MENU_FRAGMENT_MAIN_WINDOW source_scope=main_window control_type=MenuItem class_name= text='Végrehajtás' rectangle={'left': 44, 'top': 56, 'right': 318, 'bottom': 84} center=(181, 70) process_id=10500 native_handle=None topbar_candidate=True popup_candidate=False
2026-08-30 21:40:22.679 | INFO     | winwatt_automation.live_ui.menu_helpers:_menu_row_from_wrapper:1545 - TEXT_EXTRACTION_FALLBACK_USED source=legacy_text confidence=medium rect={'left': 44, 'top': 84, 'right': 318, 'bottom': 112}
2026-08-30 21:40:22.687 | DEBUG    | winwatt_automation.live_ui.menu_helpers:_log_popup_fragment:499 - DBG_MENU_FRAGMENT_MAIN_WINDOW source_scope=main_window control_type=MenuItem class_name= text='Végrehajtás' rectangle={'left': 44, 'top': 84, 'right': 318, 'bottom': 112} center=(181, 98) process_id=10500 native_handle=None topbar_candidate=True popup_candidate=False
2026-08-30 21:40:22.703 | INFO     | winwatt_automation.live_ui.menu_helpers:_menu_row_from_wrapper:1545 - TEXT_EXTRACTION_FALLBACK_USED source=legacy_text confidence=medium rect={'left': 44, 'top': 111, 'right': 318, 'bottom': 139}
2026-08-30 21:40:22.703 | DEBUG    | winwatt_automation.live_ui.menu_helpers:_log_popup_fragment:499 - DBG_MENU_FRAGMENT_MAIN_WINDOW source_scope=main_window control_type=MenuItem class_name= text='Végrehajtás' rectangle={'left': 44, 'top': 111, 'right': 318, 'bottom': 139} center=(181, 125) process_id=10500 native_handle=None topbar_candidate=True popup_candidate=False
2026-08-30 21:40:22.719 | INFO     | winwatt_automation.live_ui.menu_helpers:_menu_row_from_wrapper:1545 - TEXT_EXTRACTION_FALLBACK_USED source=legacy_text confidence=medium rect={'left': 44, 'top': 139, 'right': 318, 'bottom': 167}
2026-08-30 21:40:22.719 | DEBUG    | winwatt_automation.live_ui.menu_helpers:_log_popup_fragment:499 - DBG_MENU_FRAGMENT_MAIN_WINDOW source_scope=main_window control_type=MenuItem class_name= text='Végrehajtás' rectangle={'left': 44, 'top': 139, 'right': 318, 'bottom': 167} center=(181, 153) process_id=10500 native_handle=None topbar_candidate=True popup_candidate=False
2026-08-30 21:40:22.733 | INFO     | winwatt_automation.live_ui.menu_helpers:_menu_row_from_wrapper:1545 - TEXT_EXTRACTION_FALLBACK_USED source=legacy_text confidence=medium rect={'left': 44, 'top': 166, 'right': 318, 'bottom': 194}
2026-08-30 21:40:22.736 | DEBUG    | winwatt_automation.live_ui.menu_helpers:_log_popup_fragment:499 - DBG_MENU_FRAGMENT_MAIN_WINDOW source_scope=main_window control_type=MenuItem class_name= text='Végrehajtás' rectangle={'left': 44, 'top': 166, 'right': 318, 'bottom': 194} center=(181, 180) process_id=10500 native_handle=None topbar_candidate=True popup_candidate=False
2026-08-30 21:40:22.736 | INFO     | winwatt_automation.live_ui.menu_helpers:_menu_row_from_wrapper:1545 - TEXT_EXTRACTION_FALLBACK_USED source=legacy_text confidence=medium rect={'left': 44, 'top': 201, 'right': 318, 'bottom': 229}
2026-08-30 21:40:22.751 | DEBUG    | winwatt_automation.live_ui.menu_helpers:_log_popup_fragment:499 - DBG_MENU_FRAGMENT_MAIN_WINDOW source_scope=main_window control_type=MenuItem class_name= text='Végrehajtás' rectangle={'left': 44, 'top': 201, 'right': 318, 'bottom': 229} center=(181, 215) process_id=10500 native_handle=None topbar_candidate=True popup_candidate=False
2026-08-30 21:40:22.751 | INFO     | winwatt_automation.live_ui.menu_helpers:_menu_row_from_wrapper:1545 - TEXT_EXTRACTION_FALLBACK_USED source=legacy_text confidence=medium rect={'left': 44, 'top': 229, 'right': 318, 'bottom': 257}
2026-08-30 21:40:22.751 | DEBUG    | winwatt_automation.live_ui.menu_helpers:_log_popup_fragment:499 - DBG_MENU_FRAGMENT_MAIN_WINDOW source_scope=main_window control_type=MenuItem class_name= text='Végrehajtás' rectangle={'left': 44, 'top': 229, 'right': 318, 'bottom': 257} center=(181, 243) process_id=10500 native_handle=None topbar_candidate=True popup_candidate=False
2026-08-30 21:40:22.767 | INFO     | winwatt_automation.live_ui.menu_helpers:_menu_row_from_wrapper:1545 - TEXT_EXTRACTION_FALLBACK_USED source=legacy_text confidence=medium rect={'left': 44, 'top': 256, 'right': 318, 'bottom': 284}
2026-08-30 21:40:22.767 | DEBUG    | winwatt_automation.live_ui.menu_helpers:_log_popup_fragment:499 - DBG_MENU_FRAGMENT_MAIN_WINDOW source_scope=main_window control_type=MenuItem class_name= text='Végrehajtás' rectangle={'left': 44, 'top': 256, 'right': 318, 'bottom': 284} center=(181, 270) process_id=10500 native_handle=None topbar_candidate=True popup_candidate=False
2026-08-30 21:40:22.767 | INFO     | winwatt_automation.live_ui.menu_helpers:_menu_row_from_wrapper:1545 - TEXT_EXTRACTION_FALLBACK_USED source=legacy_text confidence=medium rect={'left': 44, 'top': 284, 'right': 318, 'bottom': 312}
2026-08-30 21:40:22.783 | DEBUG    | winwatt_automation.live_ui.menu_helpers:_log_popup_fragment:499 - DBG_MENU_FRAGMENT_MAIN_WINDOW source_scope=main_window control_type=MenuItem class_name= text='Végrehajtás' rectangle={'left': 44, 'top': 284, 'right': 318, 'bottom': 312} center=(181, 298) process_id=10500 native_handle=None topbar_candidate=True popup_candidate=False
2026-08-30 21:40:22.783 | INFO     | winwatt_automation.live_ui.menu_helpers:_menu_row_from_wrapper:1545 - TEXT_EXTRACTION_FALLBACK_USED source=legacy_text confidence=medium rect={'left': 44, 'top': 319, 'right': 318, 'bottom': 347}
2026-08-30 21:40:22.783 | DEBUG    | winwatt_automation.live_ui.menu_helpers:_log_popup_fragment:499 - DBG_MENU_FRAGMENT_MAIN_WINDOW source_scope=main_window control_type=MenuItem class_name= text='Végrehajtás' rectangle={'left': 44, 'top': 319, 'right': 318, 'bottom': 347} center=(181, 333) process_id=10500 native_handle=None topbar_candidate=True popup_candidate=False
2026-08-30 21:40:22.798 | INFO     | winwatt_automation.live_ui.menu_helpers:_menu_row_from_wrapper:1545 - TEXT_EXTRACTION_FALLBACK_USED source=legacy_text confidence=medium rect={'left': 44, 'top': 346, 'right': 318, 'bottom': 374}
2026-08-30 21:40:22.798 | DEBUG    | winwatt_automation.live_ui.menu_helpers:_log_popup_fragment:499 - DBG_MENU_FRAGMENT_MAIN_WINDOW source_scope=main_window control_type=MenuItem class_name= text='Végrehajtás' rectangle={'left': 44, 'top': 346, 'right': 318, 'bottom': 374} center=(181, 360) process_id=10500 native_handle=None topbar_candidate=True popup_candidate=False
2026-08-30 21:40:22.814 | INFO     | winwatt_automation.live_ui.menu_helpers:_menu_row_from_wrapper:1545 - TEXT_EXTRACTION_FALLBACK_USED source=legacy_text confidence=medium rect={'left': 44, 'top': 374, 'right': 318, 'bottom': 402}
2026-08-30 21:40:22.814 | DEBUG    | winwatt_automation.live_ui.menu_helpers:_log_popup_fragment:499 - DBG_MENU_FRAGMENT_MAIN_WINDOW source_scope=main_window control_type=MenuItem class_name= text='Végrehajtás' rectangle={'left': 44, 'top': 374, 'right': 318, 'bottom': 402} center=(181, 388) process_id=10500 native_handle=None topbar_candidate=True popup_candidate=False
2026-08-30 21:40:22.814 | INFO     | winwatt_automation.live_ui.menu_helpers:_menu_row_from_wrapper:1545 - TEXT_EXTRACTION_FALLBACK_USED source=legacy_text confidence=medium rect={'left': 44, 'top': 401, 'right': 318, 'bottom': 429}
2026-08-30 21:40:22.814 | DEBUG    | winwatt_automation.live_ui.menu_helpers:_log_popup_fragment:499 - DBG_MENU_FRAGMENT_MAIN_WINDOW source_scope=main_window control_type=MenuItem class_name= text='Végrehajtás' rectangle={'left': 44, 'top': 401, 'right': 318, 'bottom': 429} center=(181, 415) process_id=10500 native_handle=None topbar_candidate=True popup_candidate=False
2026-08-30 21:40:22.832 | INFO     | winwatt_automation.live_ui.menu_helpers:_menu_row_from_wrapper:1545 - TEXT_EXTRACTION_FALLBACK_USED source=legacy_text confidence=medium rect={'left': 44, 'top': 436, 'right': 318, 'bottom': 464}
2026-08-30 21:40:22.832 | DEBUG    | winwatt_automation.live_ui.menu_helpers:_log_popup_fragment:499 - DBG_MENU_FRAGMENT_MAIN_WINDOW source_scope=main_window control_type=MenuItem class_name= text='Végrehajtás' rectangle={'left': 44, 'top': 436, 'right': 318, 'bottom': 464} center=(181, 450) process_id=10500 native_handle=None topbar_candidate=True popup_candidate=False
2026-08-30 21:40:22.832 | DEBUG    | winwatt_automation.live_ui.menu_helpers:_log_popup_fragment:499 - DBG_MENU_FRAGMENT_MAIN_WINDOW source_scope=main_window control_type=MenuItem class_name= text='Rendszer' rectangle={'left': 0, 'top': 0, 'right': 28, 'bottom': 28} center=(14, 14) process_id=10500 native_handle=None topbar_candidate=True popup_candidate=False
2026-08-30 21:40:22.832 | DEBUG    | winwatt_automation.live_ui.menu_helpers:_log_popup_fragment:499 - DBG_MENU_FRAGMENT_MAIN_WINDOW source_scope=main_window control_type=MenuItem class_name= text='Fájl' rectangle={'left': 0, 'top': 29, 'right': 40, 'bottom': 53} center=(20, 41) process_id=10500 native_handle=None topbar_candidate=True popup_candidate=False
2026-08-30 21:40:22.832 | DEBUG    | winwatt_automation.live_ui.menu_helpers:_log_popup_fragment:499 - DBG_MENU_FRAGMENT_MAIN_WINDOW source_scope=main_window control_type=MenuItem class_name= text='Jegyzékek' rectangle={'left': 40, 'top': 29, 'right': 123, 'bottom': 53} center=(81, 41) process_id=10500 native_handle=None topbar_candidate=True popup_candidate=False
2026-08-30 21:40:22.832 | DEBUG    | winwatt_automation.live_ui.menu_helpers:_log_popup_fragment:499 - DBG_MENU_FRAGMENT_MAIN_WINDOW source_scope=main_window control_type=MenuItem class_name= text='Eszközök' rectangle={'left': 123, 'top': 29, 'right': 199, 'bottom': 53} center=(161, 41) process_id=10500 native_handle=None topbar_candidate=True popup_candidate=False
2026-08-30 21:40:22.832 | DEBUG    | winwatt_automation.live_ui.menu_helpers:_log_popup_fragment:499 - DBG_MENU_FRAGMENT_MAIN_WINDOW source_scope=main_window control_type=MenuItem class_name= text='Beállítások' rectangle={'left': 199, 'top': 29, 'right': 287, 'bottom': 53} center=(243, 41) process_id=10500 native_handle=None topbar_candidate=True popup_candidate=False
2026-08-30 21:40:22.832 | DEBUG    | winwatt_automation.live_ui.menu_helpers:_log_popup_fragment:499 - DBG_MENU_FRAGMENT_MAIN_WINDOW source_scope=main_window control_type=MenuItem class_name= text='Ablak' rectangle={'left': 286, 'top': 29, 'right': 341, 'bottom': 53} center=(313, 41) process_id=10500 native_handle=None topbar_candidate=True popup_candidate=False
2026-08-30 21:40:22.832 | DEBUG    | winwatt_automation.live_ui.menu_helpers:_log_popup_fragment:499 - DBG_MENU_FRAGMENT_MAIN_WINDOW source_scope=main_window control_type=MenuItem class_name= text='Súgó' rectangle={'left': 341, 'top': 29, 'right': 392, 'bottom': 53} center=(366, 41) process_id=10500 native_handle=None topbar_candidate=True popup_candidate=False
2026-08-30 21:40:22.832 | DEBUG    | winwatt_automation.live_ui.menu_helpers:_menu_like_controls_from_main_window:1599 - DBG_MENU_FRAGMENT_SOURCE_SUMMARY source_scope=main_window count=21
2026-08-30 21:40:22.849 | DEBUG    | winwatt_automation.live_ui.app_connector:get_cached_main_window:565 - DBG_WINWATT_CACHE_GET reason_code=cache_reused_without_validation payload={'wrapper_type': 'UIAWrapper', 'handle': 73795370, 'process_id': 10500, 'title': 'WinWatt gólya - C:\\Users\\Admin\\Documents\\GitHub\\autowinwatt\\winwatt_automation\\data\\runtime_maps\\buildings_runs\\20260830T214001\\sandbox\\testwwp.wwp', 'class_name': 'TMainForm', 'control_type': 'Window'} last_validation_age_s=1.765999999945052 diagnostic_fast_mode=False
2026-08-30 21:40:22.850 | DEBUG    | winwatt_automation.live_ui.app_connector:get_cached_main_window:566 - DBG_PHASE_TIMING phase=get_cached_main_window elapsed_ms=15.000 reason_code=cache_reused_without_validation
2026-08-30 21:40:22.854 | DEBUG    | winwatt_automation.live_ui.app_connector:get_cached_main_window:565 - DBG_WINWATT_CACHE_GET reason_code=cache_reused_without_validation payload={'wrapper_type': 'UIAWrapper', 'handle': 73795370, 'process_id': 10500, 'title': 'WinWatt gólya - C:\\Users\\Admin\\Documents\\GitHub\\autowinwatt\\winwatt_automation\\data\\runtime_maps\\buildings_runs\\20260830T214001\\sandbox\\testwwp.wwp', 'class_name': 'TMainForm', 'control_type': 'Window'} last_validation_age_s=1.7809999999590218 diagnostic_fast_mode=False
2026-08-30 21:40:22.855 | DEBUG    | winwatt_automation.live_ui.app_connector:get_cached_main_window:566 - DBG_PHASE_TIMING phase=get_cached_main_window elapsed_ms=0.000 reason_code=cache_reused_without_validation
2026-08-30 21:40:23.586 | INFO     | winwatt_automation.live_ui.menu_helpers:_menu_row_from_wrapper:1545 - TEXT_EXTRACTION_FALLBACK_USED source=legacy_text confidence=medium rect={'left': 44, 'top': 56, 'right': 318, 'bottom': 84}
2026-08-30 21:40:23.602 | DEBUG    | winwatt_automation.live_ui.menu_helpers:_log_popup_fragment:499 - DBG_MENU_FRAGMENT_GLOBAL_SCAN source_scope=global_process_scan control_type=MenuItem class_name= text='Végrehajtás' rectangle={'left': 44, 'top': 56, 'right': 318, 'bottom': 84} center=(181, 70) process_id=10500 native_handle=None topbar_candidate=True popup_candidate=False
2026-08-30 21:40:23.610 | INFO     | winwatt_automation.live_ui.menu_helpers:_menu_row_from_wrapper:1545 - TEXT_EXTRACTION_FALLBACK_USED source=legacy_text confidence=medium rect={'left': 44, 'top': 84, 'right': 318, 'bottom': 112}
2026-08-30 21:40:23.610 | DEBUG    | winwatt_automation.live_ui.menu_helpers:_log_popup_fragment:499 - DBG_MENU_FRAGMENT_GLOBAL_SCAN source_scope=global_process_scan control_type=MenuItem class_name= text='Végrehajtás' rectangle={'left': 44, 'top': 84, 'right': 318, 'bottom': 112} center=(181, 98) process_id=10500 native_handle=None topbar_candidate=True popup_candidate=False
2026-08-30 21:40:23.618 | INFO     | winwatt_automation.live_ui.menu_helpers:_menu_row_from_wrapper:1545 - TEXT_EXTRACTION_FALLBACK_USED source=legacy_text confidence=medium rect={'left': 44, 'top': 111, 'right': 318, 'bottom': 139}
2026-08-30 21:40:23.618 | DEBUG    | winwatt_automation.live_ui.menu_helpers:_log_popup_fragment:499 - DBG_MENU_FRAGMENT_GLOBAL_SCAN source_scope=global_process_scan control_type=MenuItem class_name= text='Végrehajtás' rectangle={'left': 44, 'top': 111, 'right': 318, 'bottom': 139} center=(181, 125) process_id=10500 native_handle=None topbar_candidate=True popup_candidate=False
2026-08-30 21:40:23.618 | INFO     | winwatt_automation.live_ui.menu_helpers:_menu_row_from_wrapper:1545 - TEXT_EXTRACTION_FALLBACK_USED source=legacy_text confidence=medium rect={'left': 44, 'top': 139, 'right': 318, 'bottom': 167}
2026-08-30 21:40:23.633 | DEBUG    | winwatt_automation.live_ui.menu_helpers:_log_popup_fragment:499 - DBG_MENU_FRAGMENT_GLOBAL_SCAN source_scope=global_process_scan control_type=MenuItem class_name= text='Végrehajtás' rectangle={'left': 44, 'top': 139, 'right': 318, 'bottom': 167} center=(181, 153) process_id=10500 native_handle=None topbar_candidate=True popup_candidate=False
2026-08-30 21:40:23.633 | INFO     | winwatt_automation.live_ui.menu_helpers:_menu_row_from_wrapper:1545 - TEXT_EXTRACTION_FALLBACK_USED source=legacy_text confidence=medium rect={'left': 44, 'top': 166, 'right': 318, 'bottom': 194}
2026-08-30 21:40:23.633 | DEBUG    | winwatt_automation.live_ui.menu_helpers:_log_popup_fragment:499 - DBG_MENU_FRAGMENT_GLOBAL_SCAN source_scope=global_process_scan control_type=MenuItem class_name= text='Végrehajtás' rectangle={'left': 44, 'top': 166, 'right': 318, 'bottom': 194} center=(181, 180) process_id=10500 native_handle=None topbar_candidate=True popup_candidate=False
2026-08-30 21:40:23.649 | INFO     | winwatt_automation.live_ui.menu_helpers:_menu_row_from_wrapper:1545 - TEXT_EXTRACTION_FALLBACK_USED source=legacy_text confidence=medium rect={'left': 44, 'top': 201, 'right': 318, 'bottom': 229}
2026-08-30 21:40:23.649 | DEBUG    | winwatt_automation.live_ui.menu_helpers:_log_popup_fragment:499 - DBG_MENU_FRAGMENT_GLOBAL_SCAN source_scope=global_process_scan control_type=MenuItem class_name= text='Végrehajtás' rectangle={'left': 44, 'top': 201, 'right': 318, 'bottom': 229} center=(181, 215) process_id=10500 native_handle=None topbar_candidate=True popup_candidate=False
2026-08-30 21:40:23.665 | INFO     | winwatt_automation.live_ui.menu_helpers:_menu_row_from_wrapper:1545 - TEXT_EXTRACTION_FALLBACK_USED source=legacy_text confidence=medium rect={'left': 44, 'top': 229, 'right': 318, 'bottom': 257}
2026-08-30 21:40:23.665 | DEBUG    | winwatt_automation.live_ui.menu_helpers:_log_popup_fragment:499 - DBG_MENU_FRAGMENT_GLOBAL_SCAN source_scope=global_process_scan control_type=MenuItem class_name= text='Végrehajtás' rectangle={'left': 44, 'top': 229, 'right': 318, 'bottom': 257} center=(181, 243) process_id=10500 native_handle=None topbar_candidate=True popup_candidate=False
2026-08-30 21:40:23.665 | INFO     | winwatt_automation.live_ui.menu_helpers:_menu_row_from_wrapper:1545 - TEXT_EXTRACTION_FALLBACK_USED source=legacy_text confidence=medium rect={'left': 44, 'top': 256, 'right': 318, 'bottom': 284}
2026-08-30 21:40:23.680 | DEBUG    | winwatt_automation.live_ui.menu_helpers:_log_popup_fragment:499 - DBG_MENU_FRAGMENT_GLOBAL_SCAN source_scope=global_process_scan control_type=MenuItem class_name= text='Végrehajtás' rectangle={'left': 44, 'top': 256, 'right': 318, 'bottom': 284} center=(181, 270) process_id=10500 native_handle=None topbar_candidate=True popup_candidate=False
2026-08-30 21:40:23.680 | INFO     | winwatt_automation.live_ui.menu_helpers:_menu_row_from_wrapper:1545 - TEXT_EXTRACTION_FALLBACK_USED source=legacy_text confidence=medium rect={'left': 44, 'top': 284, 'right': 318, 'bottom': 312}
2026-08-30 21:40:23.680 | DEBUG    | winwatt_automation.live_ui.menu_helpers:_log_popup_fragment:499 - DBG_MENU_FRAGMENT_GLOBAL_SCAN source_scope=global_process_scan control_type=MenuItem class_name= text='Végrehajtás' rectangle={'left': 44, 'top': 284, 'right': 318, 'bottom': 312} center=(181, 298) process_id=10500 native_handle=None topbar_candidate=True popup_candidate=False
2026-08-30 21:40:23.696 | INFO     | winwatt_automation.live_ui.menu_helpers:_menu_row_from_wrapper:1545 - TEXT_EXTRACTION_FALLBACK_USED source=legacy_text confidence=medium rect={'left': 44, 'top': 319, 'right': 318, 'bottom': 347}
2026-08-30 21:40:23.696 | DEBUG    | winwatt_automation.live_ui.menu_helpers:_log_popup_fragment:499 - DBG_MENU_FRAGMENT_GLOBAL_SCAN source_scope=global_process_scan control_type=MenuItem class_name= text='Végrehajtás' rectangle={'left': 44, 'top': 319, 'right': 318, 'bottom': 347} center=(181, 333) process_id=10500 native_handle=None topbar_candidate=True popup_candidate=False
2026-08-30 21:40:23.716 | INFO     | winwatt_automation.live_ui.menu_helpers:_menu_row_from_wrapper:1545 - TEXT_EXTRACTION_FALLBACK_USED source=legacy_text confidence=medium rect={'left': 44, 'top': 346, 'right': 318, 'bottom': 374}
2026-08-30 21:40:23.720 | DEBUG    | winwatt_automation.live_ui.menu_helpers:_log_popup_fragment:499 - DBG_MENU_FRAGMENT_GLOBAL_SCAN source_scope=global_process_scan control_type=MenuItem class_name= text='Végrehajtás' rectangle={'left': 44, 'top': 346, 'right': 318, 'bottom': 374} center=(181, 360) process_id=10500 native_handle=None topbar_candidate=True popup_candidate=False
2026-08-30 21:40:23.728 | INFO     | winwatt_automation.live_ui.menu_helpers:_menu_row_from_wrapper:1545 - TEXT_EXTRACTION_FALLBACK_USED source=legacy_text confidence=medium rect={'left': 44, 'top': 374, 'right': 318, 'bottom': 402}
2026-08-30 21:40:23.728 | DEBUG    | winwatt_automation.live_ui.menu_helpers:_log_popup_fragment:499 - DBG_MENU_FRAGMENT_GLOBAL_SCAN source_scope=global_process_scan control_type=MenuItem class_name= text='Végrehajtás' rectangle={'left': 44, 'top': 374, 'right': 318, 'bottom': 402} center=(181, 388) process_id=10500 native_handle=None topbar_candidate=True popup_candidate=False
2026-08-30 21:40:23.737 | INFO     | winwatt_automation.live_ui.menu_helpers:_menu_row_from_wrapper:1545 - TEXT_EXTRACTION_FALLBACK_USED source=legacy_text confidence=medium rect={'left': 44, 'top': 401, 'right': 318, 'bottom': 429}
2026-08-30 21:40:23.744 | DEBUG    | winwatt_automation.live_ui.menu_helpers:_log_popup_fragment:499 - DBG_MENU_FRAGMENT_GLOBAL_SCAN source_scope=global_process_scan control_type=MenuItem class_name= text='Végrehajtás' rectangle={'left': 44, 'top': 401, 'right': 318, 'bottom': 429} center=(181, 415) process_id=10500 native_handle=None topbar_candidate=True popup_candidate=False
2026-08-30 21:40:23.744 | INFO     | winwatt_automation.live_ui.menu_helpers:_menu_row_from_wrapper:1545 - TEXT_EXTRACTION_FALLBACK_USED source=legacy_text confidence=medium rect={'left': 44, 'top': 436, 'right': 318, 'bottom': 464}
2026-08-30 21:40:23.744 | DEBUG    | winwatt_automation.live_ui.menu_helpers:_log_popup_fragment:499 - DBG_MENU_FRAGMENT_GLOBAL_SCAN source_scope=global_process_scan control_type=MenuItem class_name= text='Végrehajtás' rectangle={'left': 44, 'top': 436, 'right': 318, 'bottom': 464} center=(181, 450) process_id=10500 native_handle=None topbar_candidate=True popup_candidate=False
2026-08-30 21:40:23.744 | DEBUG    | winwatt_automation.live_ui.menu_helpers:_log_popup_fragment:499 - DBG_MENU_FRAGMENT_GLOBAL_SCAN source_scope=global_process_scan control_type=MenuItem class_name= text='Rendszer' rectangle={'left': 0, 'top': 0, 'right': 28, 'bottom': 28} center=(14, 14) process_id=10500 native_handle=None topbar_candidate=True popup_candidate=False
2026-08-30 21:40:23.744 | DEBUG    | winwatt_automation.live_ui.menu_helpers:_log_popup_fragment:499 - DBG_MENU_FRAGMENT_GLOBAL_SCAN source_scope=global_process_scan control_type=MenuItem class_name= text='Fájl' rectangle={'left': 0, 'top': 29, 'right': 40, 'bottom': 53} center=(20, 41) process_id=10500 native_handle=None topbar_candidate=True popup_candidate=False
2026-08-30 21:40:23.744 | DEBUG    | winwatt_automation.live_ui.menu_helpers:_log_popup_fragment:499 - DBG_MENU_FRAGMENT_GLOBAL_SCAN source_scope=global_process_scan control_type=MenuItem class_name= text='Jegyzékek' rectangle={'left': 40, 'top': 29, 'right': 123, 'bottom': 53} center=(81, 41) process_id=10500 native_handle=None topbar_candidate=True popup_candidate=False
2026-08-30 21:40:23.744 | DEBUG    | winwatt_automation.live_ui.menu_helpers:_log_popup_fragment:499 - DBG_MENU_FRAGMENT_GLOBAL_SCAN source_scope=global_process_scan control_type=MenuItem class_name= text='Eszközök' rectangle={'left': 123, 'top': 29, 'right': 199, 'bottom': 53} center=(161, 41) process_id=10500 native_handle=None topbar_candidate=True popup_candidate=False
2026-08-30 21:40:23.744 | DEBUG    | winwatt_automation.live_ui.menu_helpers:_log_popup_fragment:499 - DBG_MENU_FRAGMENT_GLOBAL_SCAN source_scope=global_process_scan control_type=MenuItem class_name= text='Beállítások' rectangle={'left': 199, 'top': 29, 'right': 287, 'bottom': 53} center=(243, 41) process_id=10500 native_handle=None topbar_candidate=True popup_candidate=False
2026-08-30 21:40:23.759 | DEBUG    | winwatt_automation.live_ui.menu_helpers:_log_popup_fragment:499 - DBG_MENU_FRAGMENT_GLOBAL_SCAN source_scope=global_process_scan control_type=MenuItem class_name= text='Ablak' rectangle={'left': 286, 'top': 29, 'right': 341, 'bottom': 53} center=(313, 41) process_id=10500 native_handle=None topbar_candidate=True popup_candidate=False
2026-08-30 21:40:23.759 | DEBUG    | winwatt_automation.live_ui.menu_helpers:_log_popup_fragment:499 - DBG_MENU_FRAGMENT_GLOBAL_SCAN source_scope=global_process_scan control_type=MenuItem class_name= text='Súgó' rectangle={'left': 341, 'top': 29, 'right': 392, 'bottom': 53} center=(366, 41) process_id=10500 native_handle=None topbar_candidate=True popup_candidate=False
2026-08-30 21:40:23.759 | DEBUG    | winwatt_automation.live_ui.menu_helpers:_menu_like_controls_from_global_process_scan:1631 - DBG_MENU_FRAGMENT_SOURCE_SUMMARY source_scope=global_process_scan count=21 process_id=10500
2026-08-30 21:40:23.759 | DEBUG    | winwatt_automation.live_ui.app_connector:get_cached_main_window:565 - DBG_WINWATT_CACHE_GET reason_code=cache_reused_without_validation payload={'wrapper_type': 'UIAWrapper', 'handle': 73795370, 'process_id': 10500, 'title': 'WinWatt gólya - C:\\Users\\Admin\\Documents\\GitHub\\autowinwatt\\winwatt_automation\\data\\runtime_maps\\buildings_runs\\20260830T214001\\sandbox\\testwwp.wwp', 'class_name': 'TMainForm', 'control_type': 'Window'} last_validation_age_s=2.687999999965541 diagnostic_fast_mode=False
2026-08-30 21:40:23.759 | DEBUG    | winwatt_automation.live_ui.app_connector:get_cached_main_window:566 - DBG_PHASE_TIMING phase=get_cached_main_window elapsed_ms=0.000 reason_code=cache_reused_without_validation
2026-08-30 21:40:24.279 | DEBUG    | winwatt_automation.live_ui.menu_helpers:capture_menu_popup_snapshot:1682 - DBG_POPUP_ROW_DEDUPE rect={'left': 44, 'top': 56, 'right': 318, 'bottom': 84} normalized_text=végrehajtás class_name= source_scope=main_window deduplicated=False
2026-08-30 21:40:24.295 | DEBUG    | winwatt_automation.live_ui.menu_helpers:capture_menu_popup_snapshot:1682 - DBG_POPUP_ROW_DEDUPE rect={'left': 44, 'top': 84, 'right': 318, 'bottom': 112} normalized_text=végrehajtás class_name= source_scope=main_window deduplicated=False
2026-08-30 21:40:24.295 | DEBUG    | winwatt_automation.live_ui.menu_helpers:capture_menu_popup_snapshot:1682 - DBG_POPUP_ROW_DEDUPE rect={'left': 44, 'top': 111, 'right': 318, 'bottom': 139} normalized_text=végrehajtás class_name= source_scope=main_window deduplicated=False
2026-08-30 21:40:24.295 | DEBUG    | winwatt_automation.live_ui.menu_helpers:capture_menu_popup_snapshot:1682 - DBG_POPUP_ROW_DEDUPE rect={'left': 44, 'top': 139, 'right': 318, 'bottom': 167} normalized_text=végrehajtás class_name= source_scope=main_window deduplicated=False
2026-08-30 21:40:24.295 | DEBUG    | winwatt_automation.live_ui.menu_helpers:capture_menu_popup_snapshot:1682 - DBG_POPUP_ROW_DEDUPE rect={'left': 44, 'top': 166, 'right': 318, 'bottom': 194} normalized_text=végrehajtás class_name= source_scope=main_window deduplicated=False
2026-08-30 21:40:24.295 | DEBUG    | winwatt_automation.live_ui.menu_helpers:capture_menu_popup_snapshot:1682 - DBG_POPUP_ROW_DEDUPE rect={'left': 44, 'top': 201, 'right': 318, 'bottom': 229} normalized_text=végrehajtás class_name= source_scope=main_window deduplicated=False
2026-08-30 21:40:24.295 | DEBUG    | winwatt_automation.live_ui.menu_helpers:capture_menu_popup_snapshot:1682 - DBG_POPUP_ROW_DEDUPE rect={'left': 44, 'top': 229, 'right': 318, 'bottom': 257} normalized_text=végrehajtás class_name= source_scope=main_window deduplicated=False
2026-08-30 21:40:24.295 | DEBUG    | winwatt_automation.live_ui.menu_helpers:capture_menu_popup_snapshot:1682 - DBG_POPUP_ROW_DEDUPE rect={'left': 44, 'top': 256, 'right': 318, 'bottom': 284} normalized_text=végrehajtás class_name= source_scope=main_window deduplicated=False
2026-08-30 21:40:24.295 | DEBUG    | winwatt_automation.live_ui.menu_helpers:capture_menu_popup_snapshot:1682 - DBG_POPUP_ROW_DEDUPE rect={'left': 44, 'top': 284, 'right': 318, 'bottom': 312} normalized_text=végrehajtás class_name= source_scope=main_window deduplicated=False
2026-08-30 21:40:24.295 | DEBUG    | winwatt_automation.live_ui.menu_helpers:capture_menu_popup_snapshot:1682 - DBG_POPUP_ROW_DEDUPE rect={'left': 44, 'top': 319, 'right': 318, 'bottom': 347} normalized_text=végrehajtás class_name= source_scope=main_window deduplicated=False
2026-08-30 21:40:24.295 | DEBUG    | winwatt_automation.live_ui.menu_helpers:capture_menu_popup_snapshot:1682 - DBG_POPUP_ROW_DEDUPE rect={'left': 44, 'top': 346, 'right': 318, 'bottom': 374} normalized_text=végrehajtás class_name= source_scope=main_window deduplicated=False
2026-08-30 21:40:24.295 | DEBUG    | winwatt_automation.live_ui.menu_helpers:capture_menu_popup_snapshot:1682 - DBG_POPUP_ROW_DEDUPE rect={'left': 44, 'top': 374, 'right': 318, 'bottom': 402} normalized_text=végrehajtás class_name= source_scope=main_window deduplicated=False
2026-08-30 21:40:24.295 | DEBUG    | winwatt_automation.live_ui.menu_helpers:capture_menu_popup_snapshot:1682 - DBG_POPUP_ROW_DEDUPE rect={'left': 44, 'top': 401, 'right': 318, 'bottom': 429} normalized_text=végrehajtás class_name= source_scope=main_window deduplicated=False
2026-08-30 21:40:24.295 | DEBUG    | winwatt_automation.live_ui.menu_helpers:capture_menu_popup_snapshot:1682 - DBG_POPUP_ROW_DEDUPE rect={'left': 44, 'top': 436, 'right': 318, 'bottom': 464} normalized_text=végrehajtás class_name= source_scope=main_window deduplicated=False
2026-08-30 21:40:24.295 | DEBUG    | winwatt_automation.live_ui.menu_helpers:capture_menu_popup_snapshot:1682 - DBG_POPUP_ROW_DEDUPE rect={'left': 0, 'top': 0, 'right': 28, 'bottom': 28} normalized_text=rendszer class_name= source_scope=main_window deduplicated=False
2026-08-30 21:40:24.311 | DEBUG    | winwatt_automation.live_ui.menu_helpers:capture_menu_popup_snapshot:1682 - DBG_POPUP_ROW_DEDUPE rect={'left': 0, 'top': 29, 'right': 40, 'bottom': 53} normalized_text=fájl class_name= source_scope=main_window deduplicated=False
2026-08-30 21:40:24.312 | DEBUG    | winwatt_automation.live_ui.menu_helpers:capture_menu_popup_snapshot:1682 - DBG_POPUP_ROW_DEDUPE rect={'left': 40, 'top': 29, 'right': 123, 'bottom': 53} normalized_text=jegyzékek class_name= source_scope=main_window deduplicated=False
2026-08-30 21:40:24.312 | DEBUG    | winwatt_automation.live_ui.menu_helpers:capture_menu_popup_snapshot:1682 - DBG_POPUP_ROW_DEDUPE rect={'left': 123, 'top': 29, 'right': 199, 'bottom': 53} normalized_text=eszközök class_name= source_scope=main_window deduplicated=False
2026-08-30 21:40:24.312 | DEBUG    | winwatt_automation.live_ui.menu_helpers:capture_menu_popup_snapshot:1682 - DBG_POPUP_ROW_DEDUPE rect={'left': 199, 'top': 29, 'right': 287, 'bottom': 53} normalized_text=beállítások class_name= source_scope=main_window deduplicated=False
2026-08-30 21:40:24.312 | DEBUG    | winwatt_automation.live_ui.menu_helpers:capture_menu_popup_snapshot:1682 - DBG_POPUP_ROW_DEDUPE rect={'left': 286, 'top': 29, 'right': 341, 'bottom': 53} normalized_text=ablak class_name= source_scope=main_window deduplicated=False
2026-08-30 21:40:24.312 | DEBUG    | winwatt_automation.live_ui.menu_helpers:capture_menu_popup_snapshot:1682 - DBG_POPUP_ROW_DEDUPE rect={'left': 341, 'top': 29, 'right': 392, 'bottom': 53} normalized_text=súgó class_name= source_scope=main_window deduplicated=False
2026-08-30 21:40:24.312 | DEBUG    | winwatt_automation.live_ui.menu_helpers:capture_menu_popup_snapshot:1682 - DBG_POPUP_ROW_DEDUPE rect={'left': 44, 'top': 56, 'right': 318, 'bottom': 84} normalized_text=végrehajtás class_name= source_scope=global_process_scan deduplicated=False
2026-08-30 21:40:24.312 | DEBUG    | winwatt_automation.live_ui.menu_helpers:capture_menu_popup_snapshot:1682 - DBG_POPUP_ROW_DEDUPE rect={'left': 44, 'top': 84, 'right': 318, 'bottom': 112} normalized_text=végrehajtás class_name= source_scope=global_process_scan deduplicated=False
2026-08-30 21:40:24.312 | DEBUG    | winwatt_automation.live_ui.menu_helpers:capture_menu_popup_snapshot:1682 - DBG_POPUP_ROW_DEDUPE rect={'left': 44, 'top': 111, 'right': 318, 'bottom': 139} normalized_text=végrehajtás class_name= source_scope=global_process_scan deduplicated=False
2026-08-30 21:40:24.312 | DEBUG    | winwatt_automation.live_ui.menu_helpers:capture_menu_popup_snapshot:1682 - DBG_POPUP_ROW_DEDUPE rect={'left': 44, 'top': 139, 'right': 318, 'bottom': 167} normalized_text=végrehajtás class_name= source_scope=global_process_scan deduplicated=False
2026-08-30 21:40:24.312 | DEBUG    | winwatt_automation.live_ui.menu_helpers:capture_menu_popup_snapshot:1682 - DBG_POPUP_ROW_DEDUPE rect={'left': 44, 'top': 166, 'right': 318, 'bottom': 194} normalized_text=végrehajtás class_name= source_scope=global_process_scan deduplicated=False
2026-08-30 21:40:24.312 | DEBUG    | winwatt_automation.live_ui.menu_helpers:capture_menu_popup_snapshot:1682 - DBG_POPUP_ROW_DEDUPE rect={'left': 44, 'top': 201, 'right': 318, 'bottom': 229} normalized_text=végrehajtás class_name= source_scope=global_process_scan deduplicated=False
2026-08-30 21:40:24.312 | DEBUG    | winwatt_automation.live_ui.menu_helpers:capture_menu_popup_snapshot:1682 - DBG_POPUP_ROW_DEDUPE rect={'left': 44, 'top': 229, 'right': 318, 'bottom': 257} normalized_text=végrehajtás class_name= source_scope=global_process_scan deduplicated=False
2026-08-30 21:40:24.312 | DEBUG    | winwatt_automation.live_ui.menu_helpers:capture_menu_popup_snapshot:1682 - DBG_POPUP_ROW_DEDUPE rect={'left': 44, 'top': 256, 'right': 318, 'bottom': 284} normalized_text=végrehajtás class_name= source_scope=global_process_scan deduplicated=False
2026-08-30 21:40:24.312 | DEBUG    | winwatt_automation.live_ui.menu_helpers:capture_menu_popup_snapshot:1682 - DBG_POPUP_ROW_DEDUPE rect={'left': 44, 'top': 284, 'right': 318, 'bottom': 312} normalized_text=végrehajtás class_name= source_scope=global_process_scan deduplicated=False
2026-08-30 21:40:24.312 | DEBUG    | winwatt_automation.live_ui.menu_helpers:capture_menu_popup_snapshot:1682 - DBG_POPUP_ROW_DEDUPE rect={'left': 44, 'top': 319, 'right': 318, 'bottom': 347} normalized_text=végrehajtás class_name= source_scope=global_process_scan deduplicated=False
2026-08-30 21:40:24.312 | DEBUG    | winwatt_automation.live_ui.menu_helpers:capture_menu_popup_snapshot:1682 - DBG_POPUP_ROW_DEDUPE rect={'left': 44, 'top': 346, 'right': 318, 'bottom': 374} normalized_text=végrehajtás class_name= source_scope=global_process_scan deduplicated=False
2026-08-30 21:40:24.312 | DEBUG    | winwatt_automation.live_ui.menu_helpers:capture_menu_popup_snapshot:1682 - DBG_POPUP_ROW_DEDUPE rect={'left': 44, 'top': 374, 'right': 318, 'bottom': 402} normalized_text=végrehajtás class_name= source_scope=global_process_scan deduplicated=False
2026-08-30 21:40:24.312 | DEBUG    | winwatt_automation.live_ui.menu_helpers:capture_menu_popup_snapshot:1682 - DBG_POPUP_ROW_DEDUPE rect={'left': 44, 'top': 401, 'right': 318, 'bottom': 429} normalized_text=végrehajtás class_name= source_scope=global_process_scan deduplicated=False
2026-08-30 21:40:24.312 | DEBUG    | winwatt_automation.live_ui.menu_helpers:capture_menu_popup_snapshot:1682 - DBG_POPUP_ROW_DEDUPE rect={'left': 44, 'top': 436, 'right': 318, 'bottom': 464} normalized_text=végrehajtás class_name= source_scope=global_process_scan deduplicated=False
2026-08-30 21:40:24.312 | DEBUG    | winwatt_automation.live_ui.menu_helpers:capture_menu_popup_snapshot:1682 - DBG_POPUP_ROW_DEDUPE rect={'left': 0, 'top': 0, 'right': 28, 'bottom': 28} normalized_text=rendszer class_name= source_scope=global_process_scan deduplicated=False
2026-08-30 21:40:24.312 | DEBUG    | winwatt_automation.live_ui.menu_helpers:capture_menu_popup_snapshot:1682 - DBG_POPUP_ROW_DEDUPE rect={'left': 0, 'top': 29, 'right': 40, 'bottom': 53} normalized_text=fájl class_name= source_scope=global_process_scan deduplicated=False
2026-08-30 21:40:24.312 | DEBUG    | winwatt_automation.live_ui.menu_helpers:capture_menu_popup_snapshot:1682 - DBG_POPUP_ROW_DEDUPE rect={'left': 40, 'top': 29, 'right': 123, 'bottom': 53} normalized_text=jegyzékek class_name= source_scope=global_process_scan deduplicated=False
2026-08-30 21:40:24.312 | DEBUG    | winwatt_automation.live_ui.menu_helpers:capture_menu_popup_snapshot:1682 - DBG_POPUP_ROW_DEDUPE rect={'left': 123, 'top': 29, 'right': 199, 'bottom': 53} normalized_text=eszközök class_name= source_scope=global_process_scan deduplicated=False
2026-08-30 21:40:24.312 | DEBUG    | winwatt_automation.live_ui.menu_helpers:capture_menu_popup_snapshot:1682 - DBG_POPUP_ROW_DEDUPE rect={'left': 199, 'top': 29, 'right': 287, 'bottom': 53} normalized_text=beállítások class_name= source_scope=global_process_scan deduplicated=False
2026-08-30 21:40:24.312 | DEBUG    | winwatt_automation.live_ui.menu_helpers:capture_menu_popup_snapshot:1682 - DBG_POPUP_ROW_DEDUPE rect={'left': 286, 'top': 29, 'right': 341, 'bottom': 53} normalized_text=ablak class_name= source_scope=global_process_scan deduplicated=False
2026-08-30 21:40:24.312 | DEBUG    | winwatt_automation.live_ui.menu_helpers:capture_menu_popup_snapshot:1682 - DBG_POPUP_ROW_DEDUPE rect={'left': 341, 'top': 29, 'right': 392, 'bottom': 53} normalized_text=súgó class_name= source_scope=global_process_scan deduplicated=False
2026-08-30 21:40:24.312 | INFO     | winwatt_automation.live_ui.menu_helpers:capture_menu_popup_snapshot:1724 - POPUP_SNAPSHOT_SUMMARY main_window_fragments=21 global_scan_fragments=21 deduped_fragments=42 topbar_like=12 popup_like=28 empty_text=0 topbar_band=(0, 29, 392, 53) empty_text_vertical_cluster_detected=False accepted_popup_rows=0 popup_heuristic=candidate_count_below_threshold
2026-08-30 21:40:24.327 | DEBUG    | winwatt_automation.live_ui.menu_helpers:capture_menu_popup_snapshot:1737 - Captured menu snapshot rows=42
2026-08-30 21:40:24.327 | DEBUG    | winwatt_automation.live_ui.menu_helpers:_log_phase_timing:83 - DBG_PHASE_TIMING phase=capture_menu_popup_snapshot elapsed_ms=2750.000 main_rows=21 global_rows=21 unique_rows=42 diagnostic_fast_mode=False
2026-08-30 21:40:24.327 | DEBUG    | winwatt_automation.live_ui.menu_helpers:did_any_new_menu_popup_appear:2272 - Menu popup snapshot diff: before=14 after=42 new=28
2026-08-30 21:40:24.327 | DEBUG    | winwatt_automation.live_ui.app_connector:get_cached_main_window:565 - DBG_WINWATT_CACHE_GET reason_code=cache_reused_without_validation payload={'wrapper_type': 'UIAWrapper', 'handle': 73795370, 'process_id': 10500, 'title': 'WinWatt gólya - C:\\Users\\Admin\\Documents\\GitHub\\autowinwatt\\winwatt_automation\\data\\runtime_maps\\buildings_runs\\20260830T214001\\sandbox\\testwwp.wwp', 'class_name': 'TMainForm', 'control_type': 'Window'} last_validation_age_s=3.265999999945052 diagnostic_fast_mode=False
2026-08-30 21:40:24.327 | DEBUG    | winwatt_automation.live_ui.app_connector:get_cached_main_window:566 - DBG_PHASE_TIMING phase=get_cached_main_window elapsed_ms=0.000 reason_code=cache_reused_without_validation
2026-08-30 21:40:24.327 | DEBUG    | winwatt_automation.live_ui.app_connector:get_cached_main_window:565 - DBG_WINWATT_CACHE_GET reason_code=cache_reused_without_validation payload={'wrapper_type': 'UIAWrapper', 'handle': 73795370, 'process_id': 10500, 'title': 'WinWatt gólya - C:\\Users\\Admin\\Documents\\GitHub\\autowinwatt\\winwatt_automation\\data\\runtime_maps\\buildings_runs\\20260830T214001\\sandbox\\testwwp.wwp', 'class_name': 'TMainForm', 'control_type': 'Window'} last_validation_age_s=3.265999999945052 diagnostic_fast_mode=False
2026-08-30 21:40:24.327 | DEBUG    | winwatt_automation.live_ui.app_connector:get_cached_main_window:566 - DBG_PHASE_TIMING phase=get_cached_main_window elapsed_ms=0.000 reason_code=cache_reused_without_validation
2026-08-30 21:40:24.819 | INFO     | winwatt_automation.live_ui.menu_helpers:_menu_items:1101 - DBG_MENU_ITEMS_SUMMARY total_items=21 visible_items=21 topbar_band=(0, 0, 392, 464) topbar_band_visible_count=21 popup_region_visible_count=0 force_refresh=False handle=73795370
2026-08-30 21:40:24.819 | DEBUG    | winwatt_automation.live_ui.menu_helpers:_menu_items:1111 - Discovered 21 MenuItem controls
2026-08-30 21:40:24.819 | DEBUG    | winwatt_automation.live_ui.menu_helpers:_log_phase_timing:83 - DBG_PHASE_TIMING phase=_menu_items elapsed_ms=484.000 force_refresh=False total_items=21 visible_items=21
2026-08-30 21:40:25.013 | DEBUG    | winwatt_automation.live_ui.app_connector:get_cached_main_window:565 - DBG_WINWATT_CACHE_GET reason_code=cache_reused_without_validation payload={'wrapper_type': 'UIAWrapper', 'handle': 73795370, 'process_id': 10500, 'title': 'WinWatt gólya - C:\\Users\\Admin\\Documents\\GitHub\\autowinwatt\\winwatt_automation\\data\\runtime_maps\\buildings_runs\\20260830T214001\\sandbox\\testwwp.wwp', 'class_name': 'TMainForm', 'control_type': 'Window'} last_validation_age_s=3.952999999979511 diagnostic_fast_mode=False
2026-08-30 21:40:25.013 | DEBUG    | winwatt_automation.live_ui.app_connector:get_cached_main_window:566 - DBG_PHASE_TIMING phase=get_cached_main_window elapsed_ms=0.000 reason_code=cache_reused_without_validation
2026-08-30 21:40:25.013 | DEBUG    | winwatt_automation.live_ui.app_connector:get_cached_main_window:565 - DBG_WINWATT_CACHE_GET reason_code=cache_reused_without_validation payload={'wrapper_type': 'UIAWrapper', 'handle': 73795370, 'process_id': 10500, 'title': 'WinWatt gólya - C:\\Users\\Admin\\Documents\\GitHub\\autowinwatt\\winwatt_automation\\data\\runtime_maps\\buildings_runs\\20260830T214001\\sandbox\\testwwp.wwp', 'class_name': 'TMainForm', 'control_type': 'Window'} last_validation_age_s=3.952999999979511 diagnostic_fast_mode=False
2026-08-30 21:40:25.027 | DEBUG    | winwatt_automation.live_ui.app_connector:get_cached_main_window:566 - DBG_PHASE_TIMING phase=get_cached_main_window elapsed_ms=0.000 reason_code=cache_reused_without_validation
2026-08-30 21:40:25.503 | INFO     | winwatt_automation.live_ui.menu_helpers:_menu_items:1101 - DBG_MENU_ITEMS_SUMMARY total_items=21 visible_items=21 topbar_band=(0, 0, 392, 464) topbar_band_visible_count=21 popup_region_visible_count=0 force_refresh=False handle=73795370
2026-08-30 21:40:25.520 | DEBUG    | winwatt_automation.live_ui.menu_helpers:_menu_items:1111 - Discovered 21 MenuItem controls
2026-08-30 21:40:25.520 | DEBUG    | winwatt_automation.live_ui.menu_helpers:_log_phase_timing:83 - DBG_PHASE_TIMING phase=_menu_items elapsed_ms=500.000 force_refresh=False total_items=21 visible_items=21
2026-08-30 21:40:25.725 | DEBUG    | winwatt_automation.live_ui.menu_helpers:_structured_popup_rows_from_snapshots:1890 - Popup row dedupe: rect={'left': 44, 'top': 56, 'right': 318, 'bottom': 84} text='Végrehajtás' control_type=MenuItem chosen preferred source=main_window
2026-08-30 21:40:25.725 | DEBUG    | winwatt_automation.live_ui.menu_helpers:_structured_popup_rows_from_snapshots:1905 - Popup row dedupe: rect={'left': 44, 'top': 56, 'right': 318, 'bottom': 84} text='Végrehajtás' control_type=MenuItem chosen preferred source=main_window dropped source=global_process_scan
2026-08-30 21:40:25.725 | DEBUG    | winwatt_automation.live_ui.menu_helpers:_structured_popup_rows_from_snapshots:1890 - Popup row dedupe: rect={'left': 44, 'top': 84, 'right': 318, 'bottom': 112} text='Végrehajtás' control_type=MenuItem chosen preferred source=main_window
2026-08-30 21:40:25.725 | DEBUG    | winwatt_automation.live_ui.menu_helpers:_structured_popup_rows_from_snapshots:1905 - Popup row dedupe: rect={'left': 44, 'top': 84, 'right': 318, 'bottom': 112} text='Végrehajtás' control_type=MenuItem chosen preferred source=main_window dropped source=global_process_scan
2026-08-30 21:40:25.725 | DEBUG    | winwatt_automation.live_ui.menu_helpers:_structured_popup_rows_from_snapshots:1890 - Popup row dedupe: rect={'left': 44, 'top': 111, 'right': 318, 'bottom': 139} text='Végrehajtás' control_type=MenuItem chosen preferred source=main_window
2026-08-30 21:40:25.725 | DEBUG    | winwatt_automation.live_ui.menu_helpers:_structured_popup_rows_from_snapshots:1905 - Popup row dedupe: rect={'left': 44, 'top': 111, 'right': 318, 'bottom': 139} text='Végrehajtás' control_type=MenuItem chosen preferred source=main_window dropped source=global_process_scan
2026-08-30 21:40:25.725 | DEBUG    | winwatt_automation.live_ui.menu_helpers:_structured_popup_rows_from_snapshots:1890 - Popup row dedupe: rect={'left': 44, 'top': 139, 'right': 318, 'bottom': 167} text='Végrehajtás' control_type=MenuItem chosen preferred source=main_window
2026-08-30 21:40:25.725 | DEBUG    | winwatt_automation.live_ui.menu_helpers:_structured_popup_rows_from_snapshots:1905 - Popup row dedupe: rect={'left': 44, 'top': 139, 'right': 318, 'bottom': 167} text='Végrehajtás' control_type=MenuItem chosen preferred source=main_window dropped source=global_process_scan
2026-08-30 21:40:25.725 | DEBUG    | winwatt_automation.live_ui.menu_helpers:_structured_popup_rows_from_snapshots:1890 - Popup row dedupe: rect={'left': 44, 'top': 166, 'right': 318, 'bottom': 194} text='Végrehajtás' control_type=MenuItem chosen preferred source=main_window
2026-08-30 21:40:25.725 | DEBUG    | winwatt_automation.live_ui.menu_helpers:_structured_popup_rows_from_snapshots:1905 - Popup row dedupe: rect={'left': 44, 'top': 166, 'right': 318, 'bottom': 194} text='Végrehajtás' control_type=MenuItem chosen preferred source=main_window dropped source=global_process_scan
2026-08-30 21:40:25.725 | DEBUG    | winwatt_automation.live_ui.menu_helpers:_structured_popup_rows_from_snapshots:1890 - Popup row dedupe: rect={'left': 44, 'top': 201, 'right': 318, 'bottom': 229} text='Végrehajtás' control_type=MenuItem chosen preferred source=main_window
2026-08-30 21:40:25.725 | DEBUG    | winwatt_automation.live_ui.menu_helpers:_structured_popup_rows_from_snapshots:1905 - Popup row dedupe: rect={'left': 44, 'top': 201, 'right': 318, 'bottom': 229} text='Végrehajtás' control_type=MenuItem chosen preferred source=main_window dropped source=global_process_scan
2026-08-30 21:40:25.725 | DEBUG    | winwatt_automation.live_ui.menu_helpers:_structured_popup_rows_from_snapshots:1890 - Popup row dedupe: rect={'left': 44, 'top': 229, 'right': 318, 'bottom': 257} text='Végrehajtás' control_type=MenuItem chosen preferred source=main_window
2026-08-30 21:40:25.725 | DEBUG    | winwatt_automation.live_ui.menu_helpers:_structured_popup_rows_from_snapshots:1905 - Popup row dedupe: rect={'left': 44, 'top': 229, 'right': 318, 'bottom': 257} text='Végrehajtás' control_type=MenuItem chosen preferred source=main_window dropped source=global_process_scan
2026-08-30 21:40:25.725 | DEBUG    | winwatt_automation.live_ui.menu_helpers:_structured_popup_rows_from_snapshots:1890 - Popup row dedupe: rect={'left': 44, 'top': 256, 'right': 318, 'bottom': 284} text='Végrehajtás' control_type=MenuItem chosen preferred source=main_window
2026-08-30 21:40:25.725 | DEBUG    | winwatt_automation.live_ui.menu_helpers:_structured_popup_rows_from_snapshots:1905 - Popup row dedupe: rect={'left': 44, 'top': 256, 'right': 318, 'bottom': 284} text='Végrehajtás' control_type=MenuItem chosen preferred source=main_window dropped source=global_process_scan
2026-08-30 21:40:25.725 | DEBUG    | winwatt_automation.live_ui.menu_helpers:_structured_popup_rows_from_snapshots:1890 - Popup row dedupe: rect={'left': 44, 'top': 284, 'right': 318, 'bottom': 312} text='Végrehajtás' control_type=MenuItem chosen preferred source=main_window
2026-08-30 21:40:25.738 | DEBUG    | winwatt_automation.live_ui.menu_helpers:_structured_popup_rows_from_snapshots:1905 - Popup row dedupe: rect={'left': 44, 'top': 284, 'right': 318, 'bottom': 312} text='Végrehajtás' control_type=MenuItem chosen preferred source=main_window dropped source=global_process_scan
2026-08-30 21:40:25.738 | DEBUG    | winwatt_automation.live_ui.menu_helpers:_structured_popup_rows_from_snapshots:1890 - Popup row dedupe: rect={'left': 44, 'top': 319, 'right': 318, 'bottom': 347} text='Végrehajtás' control_type=MenuItem chosen preferred source=main_window
2026-08-30 21:40:25.738 | DEBUG    | winwatt_automation.live_ui.menu_helpers:_structured_popup_rows_from_snapshots:1905 - Popup row dedupe: rect={'left': 44, 'top': 319, 'right': 318, 'bottom': 347} text='Végrehajtás' control_type=MenuItem chosen preferred source=main_window dropped source=global_process_scan
2026-08-30 21:40:25.738 | DEBUG    | winwatt_automation.live_ui.menu_helpers:_structured_popup_rows_from_snapshots:1890 - Popup row dedupe: rect={'left': 44, 'top': 346, 'right': 318, 'bottom': 374} text='Végrehajtás' control_type=MenuItem chosen preferred source=main_window
2026-08-30 21:40:25.738 | DEBUG    | winwatt_automation.live_ui.menu_helpers:_structured_popup_rows_from_snapshots:1905 - Popup row dedupe: rect={'left': 44, 'top': 346, 'right': 318, 'bottom': 374} text='Végrehajtás' control_type=MenuItem chosen preferred source=main_window dropped source=global_process_scan
2026-08-30 21:40:25.738 | DEBUG    | winwatt_automation.live_ui.menu_helpers:_structured_popup_rows_from_snapshots:1890 - Popup row dedupe: rect={'left': 44, 'top': 374, 'right': 318, 'bottom': 402} text='Végrehajtás' control_type=MenuItem chosen preferred source=main_window
2026-08-30 21:40:25.738 | DEBUG    | winwatt_automation.live_ui.menu_helpers:_structured_popup_rows_from_snapshots:1905 - Popup row dedupe: rect={'left': 44, 'top': 374, 'right': 318, 'bottom': 402} text='Végrehajtás' control_type=MenuItem chosen preferred source=main_window dropped source=global_process_scan
2026-08-30 21:40:25.738 | DEBUG    | winwatt_automation.live_ui.menu_helpers:_structured_popup_rows_from_snapshots:1890 - Popup row dedupe: rect={'left': 44, 'top': 401, 'right': 318, 'bottom': 429} text='Végrehajtás' control_type=MenuItem chosen preferred source=main_window
2026-08-30 21:40:25.738 | DEBUG    | winwatt_automation.live_ui.menu_helpers:_structured_popup_rows_from_snapshots:1905 - Popup row dedupe: rect={'left': 44, 'top': 401, 'right': 318, 'bottom': 429} text='Végrehajtás' control_type=MenuItem chosen preferred source=main_window dropped source=global_process_scan
2026-08-30 21:40:25.738 | DEBUG    | winwatt_automation.live_ui.menu_helpers:_structured_popup_rows_from_snapshots:1890 - Popup row dedupe: rect={'left': 44, 'top': 436, 'right': 318, 'bottom': 464} text='Végrehajtás' control_type=MenuItem chosen preferred source=main_window
2026-08-30 21:40:25.741 | DEBUG    | winwatt_automation.live_ui.menu_helpers:_structured_popup_rows_from_snapshots:1905 - Popup row dedupe: rect={'left': 44, 'top': 436, 'right': 318, 'bottom': 464} text='Végrehajtás' control_type=MenuItem chosen preferred source=main_window dropped source=global_process_scan
2026-08-30 21:40:25.742 | INFO     | winwatt_automation.live_ui.menu_helpers:_group_popup_fragments_into_logical_rows:2013 - POPUP_TEXT_RECOVERY_SOURCE_SELECTED row_index=0 source=legacy_text confidence=medium text='Végrehajtás'
2026-08-30 21:40:25.742 | INFO     | winwatt_automation.live_ui.menu_helpers:_group_popup_fragments_into_logical_rows:2013 - POPUP_TEXT_RECOVERY_SOURCE_SELECTED row_index=1 source=legacy_text confidence=medium text='Végrehajtás'
2026-08-30 21:40:25.742 | INFO     | winwatt_automation.live_ui.menu_helpers:_group_popup_fragments_into_logical_rows:2013 - POPUP_TEXT_RECOVERY_SOURCE_SELECTED row_index=2 source=legacy_text confidence=medium text='Végrehajtás'
2026-08-30 21:40:25.742 | INFO     | winwatt_automation.live_ui.menu_helpers:_group_popup_fragments_into_logical_rows:2013 - POPUP_TEXT_RECOVERY_SOURCE_SELECTED row_index=3 source=legacy_text confidence=medium text='Végrehajtás'
2026-08-30 21:40:25.742 | INFO     | winwatt_automation.live_ui.menu_helpers:_group_popup_fragments_into_logical_rows:2013 - POPUP_TEXT_RECOVERY_SOURCE_SELECTED row_index=4 source=legacy_text confidence=medium text='Végrehajtás'
2026-08-30 21:40:25.742 | INFO     | winwatt_automation.live_ui.menu_helpers:_group_popup_fragments_into_logical_rows:2013 - POPUP_TEXT_RECOVERY_SOURCE_SELECTED row_index=5 source=legacy_text confidence=medium text='Végrehajtás'
2026-08-30 21:40:25.742 | INFO     | winwatt_automation.live_ui.menu_helpers:_group_popup_fragments_into_logical_rows:2013 - POPUP_TEXT_RECOVERY_SOURCE_SELECTED row_index=6 source=legacy_text confidence=medium text='Végrehajtás'
2026-08-30 21:40:25.742 | INFO     | winwatt_automation.live_ui.menu_helpers:_group_popup_fragments_into_logical_rows:2013 - POPUP_TEXT_RECOVERY_SOURCE_SELECTED row_index=7 source=legacy_text confidence=medium text='Végrehajtás'
2026-08-30 21:40:25.742 | INFO     | winwatt_automation.live_ui.menu_helpers:_group_popup_fragments_into_logical_rows:2013 - POPUP_TEXT_RECOVERY_SOURCE_SELECTED row_index=8 source=legacy_text confidence=medium text='Végrehajtás'
2026-08-30 21:40:25.742 | INFO     | winwatt_automation.live_ui.menu_helpers:_group_popup_fragments_into_logical_rows:2013 - POPUP_TEXT_RECOVERY_SOURCE_SELECTED row_index=9 source=legacy_text confidence=medium text='Végrehajtás'
2026-08-30 21:40:25.742 | INFO     | winwatt_automation.live_ui.menu_helpers:_group_popup_fragments_into_logical_rows:2013 - POPUP_TEXT_RECOVERY_SOURCE_SELECTED row_index=10 source=legacy_text confidence=medium text='Végrehajtás'
2026-08-30 21:40:25.742 | INFO     | winwatt_automation.live_ui.menu_helpers:_group_popup_fragments_into_logical_rows:2013 - POPUP_TEXT_RECOVERY_SOURCE_SELECTED row_index=11 source=legacy_text confidence=medium text='Végrehajtás'
2026-08-30 21:40:25.742 | INFO     | winwatt_automation.live_ui.menu_helpers:_group_popup_fragments_into_logical_rows:2013 - POPUP_TEXT_RECOVERY_SOURCE_SELECTED row_index=12 source=legacy_text confidence=medium text='Végrehajtás'
2026-08-30 21:40:25.742 | INFO     | winwatt_automation.live_ui.menu_helpers:_group_popup_fragments_into_logical_rows:2013 - POPUP_TEXT_RECOVERY_SOURCE_SELECTED row_index=13 source=legacy_text confidence=medium text='Végrehajtás'
2026-08-30 21:40:25.742 | INFO     | winwatt_automation.live_ui.app_connector:is_winwatt_foreground_context:1161 - DBG_WINWATT_FOREGROUND_CONTEXT expected_handle=73795370 expected_process_id=10500 expected_title=WinWatt gólya - C:\Users\Admin\Documents\GitHub\autowinwatt\winwatt_automation\data\runtime_maps\buildings_runs\20260830T214001\sandbox\testwwp.wwp expected_class_name=TMainForm actual_foreground_handle=73795370 actual_foreground_process_id=10500 actual_foreground_title=WinWatt gólya - C:\Users\Admin\Documents\GitHub\autowinwatt\winwatt_automation\data\runtime_maps\buildings_runs\20260830T214001\sandbox\testwwp.wwp actual_foreground_class_name=TMainForm allow_dialog=True result_reason=handle_match
2026-08-30 21:40:25.757 | INFO     | winwatt_automation.live_ui.app_connector:_cached_window_health_status:489 - DBG_WINWATT_CACHE_HEALTH reason_code=healthy payload={'wrapper_type': 'UIAWrapper', 'handle': 73795370, 'process_id': 10500, 'title': 'WinWatt gólya - C:\\Users\\Admin\\Documents\\GitHub\\autowinwatt\\winwatt_automation\\data\\runtime_maps\\buildings_runs\\20260830T214001\\sandbox\\testwwp.wwp', 'class_name': 'TMainForm', 'control_type': 'Window'}
2026-08-30 21:40:25.759 | DEBUG    | winwatt_automation.live_ui.app_connector:get_cached_main_window:574 - DBG_WINWATT_CACHE_GET reason_code=cache_validated_ok payload={'wrapper_type': 'UIAWrapper', 'handle': 73795370, 'process_id': 10500, 'title': 'WinWatt gólya - C:\\Users\\Admin\\Documents\\GitHub\\autowinwatt\\winwatt_automation\\data\\runtime_maps\\buildings_runs\\20260830T214001\\sandbox\\testwwp.wwp', 'class_name': 'TMainForm', 'control_type': 'Window'} last_validation_age_s=4.672000000020489 diagnostic_fast_mode=False
2026-08-30 21:40:25.759 | DEBUG    | winwatt_automation.live_ui.app_connector:get_cached_main_window:575 - DBG_PHASE_TIMING phase=get_cached_main_window elapsed_ms=16.000 reason_code=cache_validated_ok
2026-08-30 21:40:26.237 | INFO     | winwatt_automation.live_ui.menu_helpers:_adjust_popup_row_text_confidence:1359 - POPUP_ROW_TEXT_CONFIDENCE_ADJUSTED row_index=0 source=legacy_text old_confidence=medium new_confidence=low text='Végrehajtás'
2026-08-30 21:40:26.237 | INFO     | winwatt_automation.live_ui.menu_helpers:_group_popup_fragments_into_logical_rows:2081 - DBG_MENU_GROUP_ROW row_index=0 representative_text='Végrehajtás' fragment_count=1 fragment_texts=['Végrehajtás'] row_rectangle={'left': 44, 'top': 56, 'right': 318, 'bottom': 84} source_scope_summary=['main_window'] row_class_summary=[''] topbar_like=True popup_like=False popup_reason=None
2026-08-30 21:40:26.237 | INFO     | winwatt_automation.live_ui.menu_helpers:_adjust_popup_row_text_confidence:1359 - POPUP_ROW_TEXT_CONFIDENCE_ADJUSTED row_index=1 source=legacy_text old_confidence=medium new_confidence=low text='Végrehajtás'
2026-08-30 21:40:26.237 | INFO     | winwatt_automation.live_ui.menu_helpers:_group_popup_fragments_into_logical_rows:2081 - DBG_MENU_GROUP_ROW row_index=1 representative_text='Végrehajtás' fragment_count=1 fragment_texts=['Végrehajtás'] row_rectangle={'left': 44, 'top': 84, 'right': 318, 'bottom': 112} source_scope_summary=['main_window'] row_class_summary=[''] topbar_like=True popup_like=False popup_reason=None
2026-08-30 21:40:26.237 | INFO     | winwatt_automation.live_ui.menu_helpers:_adjust_popup_row_text_confidence:1359 - POPUP_ROW_TEXT_CONFIDENCE_ADJUSTED row_index=2 source=legacy_text old_confidence=medium new_confidence=low text='Végrehajtás'
2026-08-30 21:40:26.237 | INFO     | winwatt_automation.live_ui.menu_helpers:_group_popup_fragments_into_logical_rows:2081 - DBG_MENU_GROUP_ROW row_index=2 representative_text='Végrehajtás' fragment_count=1 fragment_texts=['Végrehajtás'] row_rectangle={'left': 44, 'top': 111, 'right': 318, 'bottom': 139} source_scope_summary=['main_window'] row_class_summary=[''] topbar_like=False popup_like=False popup_reason=None
2026-08-30 21:40:26.237 | INFO     | winwatt_automation.live_ui.menu_helpers:_adjust_popup_row_text_confidence:1359 - POPUP_ROW_TEXT_CONFIDENCE_ADJUSTED row_index=3 source=legacy_text old_confidence=medium new_confidence=low text='Végrehajtás'
2026-08-30 21:40:26.237 | INFO     | winwatt_automation.live_ui.menu_helpers:_group_popup_fragments_into_logical_rows:2081 - DBG_MENU_GROUP_ROW row_index=3 representative_text='Végrehajtás' fragment_count=1 fragment_texts=['Végrehajtás'] row_rectangle={'left': 44, 'top': 139, 'right': 318, 'bottom': 167} source_scope_summary=['main_window'] row_class_summary=[''] topbar_like=False popup_like=True popup_reason=below_topbar_band
2026-08-30 21:40:26.237 | INFO     | winwatt_automation.live_ui.menu_helpers:_adjust_popup_row_text_confidence:1359 - POPUP_ROW_TEXT_CONFIDENCE_ADJUSTED row_index=4 source=legacy_text old_confidence=medium new_confidence=low text='Végrehajtás'
2026-08-30 21:40:26.237 | INFO     | winwatt_automation.live_ui.menu_helpers:_group_popup_fragments_into_logical_rows:2081 - DBG_MENU_GROUP_ROW row_index=4 representative_text='Végrehajtás' fragment_count=1 fragment_texts=['Végrehajtás'] row_rectangle={'left': 44, 'top': 166, 'right': 318, 'bottom': 194} source_scope_summary=['main_window'] row_class_summary=[''] topbar_like=False popup_like=True popup_reason=below_topbar_band
2026-08-30 21:40:26.237 | INFO     | winwatt_automation.live_ui.menu_helpers:_adjust_popup_row_text_confidence:1359 - POPUP_ROW_TEXT_CONFIDENCE_ADJUSTED row_index=5 source=legacy_text old_confidence=medium new_confidence=low text='Végrehajtás'
2026-08-30 21:40:26.237 | INFO     | winwatt_automation.live_ui.menu_helpers:_group_popup_fragments_into_logical_rows:2081 - DBG_MENU_GROUP_ROW row_index=5 representative_text='Végrehajtás' fragment_count=1 fragment_texts=['Végrehajtás'] row_rectangle={'left': 44, 'top': 201, 'right': 318, 'bottom': 229} source_scope_summary=['main_window'] row_class_summary=[''] topbar_like=False popup_like=True popup_reason=below_topbar_band
2026-08-30 21:40:26.237 | INFO     | winwatt_automation.live_ui.menu_helpers:_adjust_popup_row_text_confidence:1359 - POPUP_ROW_TEXT_CONFIDENCE_ADJUSTED row_index=6 source=legacy_text old_confidence=medium new_confidence=low text='Végrehajtás'
2026-08-30 21:40:26.237 | INFO     | winwatt_automation.live_ui.menu_helpers:_group_popup_fragments_into_logical_rows:2081 - DBG_MENU_GROUP_ROW row_index=6 representative_text='Végrehajtás' fragment_count=1 fragment_texts=['Végrehajtás'] row_rectangle={'left': 44, 'top': 229, 'right': 318, 'bottom': 257} source_scope_summary=['main_window'] row_class_summary=[''] topbar_like=False popup_like=True popup_reason=below_topbar_band
2026-08-30 21:40:26.237 | INFO     | winwatt_automation.live_ui.menu_helpers:_adjust_popup_row_text_confidence:1359 - POPUP_ROW_TEXT_CONFIDENCE_ADJUSTED row_index=7 source=legacy_text old_confidence=medium new_confidence=low text='Végrehajtás'
2026-08-30 21:40:26.237 | INFO     | winwatt_automation.live_ui.menu_helpers:_group_popup_fragments_into_logical_rows:2081 - DBG_MENU_GROUP_ROW row_index=7 representative_text='Végrehajtás' fragment_count=1 fragment_texts=['Végrehajtás'] row_rectangle={'left': 44, 'top': 256, 'right': 318, 'bottom': 284} source_scope_summary=['main_window'] row_class_summary=[''] topbar_like=False popup_like=True popup_reason=below_topbar_band
2026-08-30 21:40:26.253 | INFO     | winwatt_automation.live_ui.menu_helpers:_adjust_popup_row_text_confidence:1359 - POPUP_ROW_TEXT_CONFIDENCE_ADJUSTED row_index=8 source=legacy_text old_confidence=medium new_confidence=low text='Végrehajtás'
2026-08-30 21:40:26.253 | INFO     | winwatt_automation.live_ui.menu_helpers:_group_popup_fragments_into_logical_rows:2081 - DBG_MENU_GROUP_ROW row_index=8 representative_text='Végrehajtás' fragment_count=1 fragment_texts=['Végrehajtás'] row_rectangle={'left': 44, 'top': 284, 'right': 318, 'bottom': 312} source_scope_summary=['main_window'] row_class_summary=[''] topbar_like=False popup_like=True popup_reason=below_topbar_band
2026-08-30 21:40:26.253 | INFO     | winwatt_automation.live_ui.menu_helpers:_adjust_popup_row_text_confidence:1359 - POPUP_ROW_TEXT_CONFIDENCE_ADJUSTED row_index=9 source=legacy_text old_confidence=medium new_confidence=low text='Végrehajtás'
2026-08-30 21:40:26.253 | INFO     | winwatt_automation.live_ui.menu_helpers:_group_popup_fragments_into_logical_rows:2081 - DBG_MENU_GROUP_ROW row_index=9 representative_text='Végrehajtás' fragment_count=1 fragment_texts=['Végrehajtás'] row_rectangle={'left': 44, 'top': 319, 'right': 318, 'bottom': 347} source_scope_summary=['main_window'] row_class_summary=[''] topbar_like=False popup_like=True popup_reason=below_topbar_band
2026-08-30 21:40:26.253 | INFO     | winwatt_automation.live_ui.menu_helpers:_adjust_popup_row_text_confidence:1359 - POPUP_ROW_TEXT_CONFIDENCE_ADJUSTED row_index=10 source=legacy_text old_confidence=medium new_confidence=low text='Végrehajtás'
2026-08-30 21:40:26.253 | INFO     | winwatt_automation.live_ui.menu_helpers:_group_popup_fragments_into_logical_rows:2081 - DBG_MENU_GROUP_ROW row_index=10 representative_text='Végrehajtás' fragment_count=1 fragment_texts=['Végrehajtás'] row_rectangle={'left': 44, 'top': 346, 'right': 318, 'bottom': 374} source_scope_summary=['main_window'] row_class_summary=[''] topbar_like=False popup_like=True popup_reason=below_topbar_band
2026-08-30 21:40:26.253 | INFO     | winwatt_automation.live_ui.menu_helpers:_adjust_popup_row_text_confidence:1359 - POPUP_ROW_TEXT_CONFIDENCE_ADJUSTED row_index=11 source=legacy_text old_confidence=medium new_confidence=low text='Végrehajtás'
2026-08-30 21:40:26.253 | INFO     | winwatt_automation.live_ui.menu_helpers:_group_popup_fragments_into_logical_rows:2081 - DBG_MENU_GROUP_ROW row_index=11 representative_text='Végrehajtás' fragment_count=1 fragment_texts=['Végrehajtás'] row_rectangle={'left': 44, 'top': 374, 'right': 318, 'bottom': 402} source_scope_summary=['main_window'] row_class_summary=[''] topbar_like=False popup_like=True popup_reason=below_topbar_band
2026-08-30 21:40:26.253 | INFO     | winwatt_automation.live_ui.menu_helpers:_adjust_popup_row_text_confidence:1359 - POPUP_ROW_TEXT_CONFIDENCE_ADJUSTED row_index=12 source=legacy_text old_confidence=medium new_confidence=low text='Végrehajtás'
2026-08-30 21:40:26.253 | INFO     | winwatt_automation.live_ui.menu_helpers:_group_popup_fragments_into_logical_rows:2081 - DBG_MENU_GROUP_ROW row_index=12 representative_text='Végrehajtás' fragment_count=1 fragment_texts=['Végrehajtás'] row_rectangle={'left': 44, 'top': 401, 'right': 318, 'bottom': 429} source_scope_summary=['main_window'] row_class_summary=[''] topbar_like=False popup_like=True popup_reason=below_topbar_band
2026-08-30 21:40:26.253 | INFO     | winwatt_automation.live_ui.menu_helpers:_adjust_popup_row_text_confidence:1359 - POPUP_ROW_TEXT_CONFIDENCE_ADJUSTED row_index=13 source=legacy_text old_confidence=medium new_confidence=low text='Végrehajtás'
2026-08-30 21:40:26.253 | INFO     | winwatt_automation.live_ui.menu_helpers:_group_popup_fragments_into_logical_rows:2081 - DBG_MENU_GROUP_ROW row_index=13 representative_text='Végrehajtás' fragment_count=1 fragment_texts=['Végrehajtás'] row_rectangle={'left': 44, 'top': 436, 'right': 318, 'bottom': 464} source_scope_summary=['main_window'] row_class_summary=[''] topbar_like=False popup_like=True popup_reason=below_topbar_band
2026-08-30 21:40:26.253 | WARNING  | winwatt_automation.live_ui.menu_helpers:_reject_repeated_popup_legacy_texts:1393 - TEXT_EXTRACTION_REJECTED_REPEATED_LEGACY_TEXT row_index=0 repeated_text='Végrehajtás' occurrence_count=14 popup_row_count=14 raw_sources=['legacy_text'] rectangle={'left': 44, 'top': 56, 'right': 318, 'bottom': 84}
2026-08-30 21:40:26.253 | INFO     | winwatt_automation.live_ui.menu_helpers:_reject_repeated_popup_legacy_texts:1402 - POPUP_TEXT_RECOVERY_SOURCE_REJECTED row_index=0 source=legacy_text reason=repeated_fallback_text repeated_text='Végrehajtás'
2026-08-30 21:40:26.253 | WARNING  | winwatt_automation.live_ui.menu_helpers:_reject_repeated_popup_legacy_texts:1393 - TEXT_EXTRACTION_REJECTED_REPEATED_LEGACY_TEXT row_index=1 repeated_text='Végrehajtás' occurrence_count=14 popup_row_count=14 raw_sources=['legacy_text'] rectangle={'left': 44, 'top': 84, 'right': 318, 'bottom': 112}
2026-08-30 21:40:26.253 | INFO     | winwatt_automation.live_ui.menu_helpers:_reject_repeated_popup_legacy_texts:1402 - POPUP_TEXT_RECOVERY_SOURCE_REJECTED row_index=1 source=legacy_text reason=repeated_fallback_text repeated_text='Végrehajtás'
2026-08-30 21:40:26.253 | WARNING  | winwatt_automation.live_ui.menu_helpers:_reject_repeated_popup_legacy_texts:1393 - TEXT_EXTRACTION_REJECTED_REPEATED_LEGACY_TEXT row_index=2 repeated_text='Végrehajtás' occurrence_count=14 popup_row_count=14 raw_sources=['legacy_text'] rectangle={'left': 44, 'top': 111, 'right': 318, 'bottom': 139}
2026-08-30 21:40:26.253 | INFO     | winwatt_automation.live_ui.menu_helpers:_reject_repeated_popup_legacy_texts:1402 - POPUP_TEXT_RECOVERY_SOURCE_REJECTED row_index=2 source=legacy_text reason=repeated_fallback_text repeated_text='Végrehajtás'
2026-08-30 21:40:26.253 | WARNING  | winwatt_automation.live_ui.menu_helpers:_reject_repeated_popup_legacy_texts:1393 - TEXT_EXTRACTION_REJECTED_REPEATED_LEGACY_TEXT row_index=3 repeated_text='Végrehajtás' occurrence_count=14 popup_row_count=14 raw_sources=['legacy_text'] rectangle={'left': 44, 'top': 139, 'right': 318, 'bottom': 167}
2026-08-30 21:40:26.253 | INFO     | winwatt_automation.live_ui.menu_helpers:_reject_repeated_popup_legacy_texts:1402 - POPUP_TEXT_RECOVERY_SOURCE_REJECTED row_index=3 source=legacy_text reason=repeated_fallback_text repeated_text='Végrehajtás'
2026-08-30 21:40:26.253 | WARNING  | winwatt_automation.live_ui.menu_helpers:_reject_repeated_popup_legacy_texts:1393 - TEXT_EXTRACTION_REJECTED_REPEATED_LEGACY_TEXT row_index=4 repeated_text='Végrehajtás' occurrence_count=14 popup_row_count=14 raw_sources=['legacy_text'] rectangle={'left': 44, 'top': 166, 'right': 318, 'bottom': 194}
2026-08-30 21:40:26.253 | INFO     | winwatt_automation.live_ui.menu_helpers:_reject_repeated_popup_legacy_texts:1402 - POPUP_TEXT_RECOVERY_SOURCE_REJECTED row_index=4 source=legacy_text reason=repeated_fallback_text repeated_text='Végrehajtás'
2026-08-30 21:40:26.253 | WARNING  | winwatt_automation.live_ui.menu_helpers:_reject_repeated_popup_legacy_texts:1393 - TEXT_EXTRACTION_REJECTED_REPEATED_LEGACY_TEXT row_index=5 repeated_text='Végrehajtás' occurrence_count=14 popup_row_count=14 raw_sources=['legacy_text'] rectangle={'left': 44, 'top': 201, 'right': 318, 'bottom': 229}
2026-08-30 21:40:26.253 | INFO     | winwatt_automation.live_ui.menu_helpers:_reject_repeated_popup_legacy_texts:1402 - POPUP_TEXT_RECOVERY_SOURCE_REJECTED row_index=5 source=legacy_text reason=repeated_fallback_text repeated_text='Végrehajtás'
2026-08-30 21:40:26.253 | WARNING  | winwatt_automation.live_ui.menu_helpers:_reject_repeated_popup_legacy_texts:1393 - TEXT_EXTRACTION_REJECTED_REPEATED_LEGACY_TEXT row_index=6 repeated_text='Végrehajtás' occurrence_count=14 popup_row_count=14 raw_sources=['legacy_text'] rectangle={'left': 44, 'top': 229, 'right': 318, 'bottom': 257}
2026-08-30 21:40:26.253 | INFO     | winwatt_automation.live_ui.menu_helpers:_reject_repeated_popup_legacy_texts:1402 - POPUP_TEXT_RECOVERY_SOURCE_REJECTED row_index=6 source=legacy_text reason=repeated_fallback_text repeated_text='Végrehajtás'
2026-08-30 21:40:26.253 | WARNING  | winwatt_automation.live_ui.menu_helpers:_reject_repeated_popup_legacy_texts:1393 - TEXT_EXTRACTION_REJECTED_REPEATED_LEGACY_TEXT row_index=7 repeated_text='Végrehajtás' occurrence_count=14 popup_row_count=14 raw_sources=['legacy_text'] rectangle={'left': 44, 'top': 256, 'right': 318, 'bottom': 284}
2026-08-30 21:40:26.253 | INFO     | winwatt_automation.live_ui.menu_helpers:_reject_repeated_popup_legacy_texts:1402 - POPUP_TEXT_RECOVERY_SOURCE_REJECTED row_index=7 source=legacy_text reason=repeated_fallback_text repeated_text='Végrehajtás'
2026-08-30 21:40:26.253 | WARNING  | winwatt_automation.live_ui.menu_helpers:_reject_repeated_popup_legacy_texts:1393 - TEXT_EXTRACTION_REJECTED_REPEATED_LEGACY_TEXT row_index=8 repeated_text='Végrehajtás' occurrence_count=14 popup_row_count=14 raw_sources=['legacy_text'] rectangle={'left': 44, 'top': 284, 'right': 318, 'bottom': 312}
2026-08-30 21:40:26.253 | INFO     | winwatt_automation.live_ui.menu_helpers:_reject_repeated_popup_legacy_texts:1402 - POPUP_TEXT_RECOVERY_SOURCE_REJECTED row_index=8 source=legacy_text reason=repeated_fallback_text repeated_text='Végrehajtás'
2026-08-30 21:40:26.253 | WARNING  | winwatt_automation.live_ui.menu_helpers:_reject_repeated_popup_legacy_texts:1393 - TEXT_EXTRACTION_REJECTED_REPEATED_LEGACY_TEXT row_index=9 repeated_text='Végrehajtás' occurrence_count=14 popup_row_count=14 raw_sources=['legacy_text'] rectangle={'left': 44, 'top': 319, 'right': 318, 'bottom': 347}
2026-08-30 21:40:26.253 | INFO     | winwatt_automation.live_ui.menu_helpers:_reject_repeated_popup_legacy_texts:1402 - POPUP_TEXT_RECOVERY_SOURCE_REJECTED row_index=9 source=legacy_text reason=repeated_fallback_text repeated_text='Végrehajtás'
2026-08-30 21:40:26.253 | WARNING  | winwatt_automation.live_ui.menu_helpers:_reject_repeated_popup_legacy_texts:1393 - TEXT_EXTRACTION_REJECTED_REPEATED_LEGACY_TEXT row_index=10 repeated_text='Végrehajtás' occurrence_count=14 popup_row_count=14 raw_sources=['legacy_text'] rectangle={'left': 44, 'top': 346, 'right': 318, 'bottom': 374}
2026-08-30 21:40:26.253 | INFO     | winwatt_automation.live_ui.menu_helpers:_reject_repeated_popup_legacy_texts:1402 - POPUP_TEXT_RECOVERY_SOURCE_REJECTED row_index=10 source=legacy_text reason=repeated_fallback_text repeated_text='Végrehajtás'
2026-08-30 21:40:26.253 | WARNING  | winwatt_automation.live_ui.menu_helpers:_reject_repeated_popup_legacy_texts:1393 - TEXT_EXTRACTION_REJECTED_REPEATED_LEGACY_TEXT row_index=11 repeated_text='Végrehajtás' occurrence_count=14 popup_row_count=14 raw_sources=['legacy_text'] rectangle={'left': 44, 'top': 374, 'right': 318, 'bottom': 402}
2026-08-30 21:40:26.253 | INFO     | winwatt_automation.live_ui.menu_helpers:_reject_repeated_popup_legacy_texts:1402 - POPUP_TEXT_RECOVERY_SOURCE_REJECTED row_index=11 source=legacy_text reason=repeated_fallback_text repeated_text='Végrehajtás'
2026-08-30 21:40:26.253 | WARNING  | winwatt_automation.live_ui.menu_helpers:_reject_repeated_popup_legacy_texts:1393 - TEXT_EXTRACTION_REJECTED_REPEATED_LEGACY_TEXT row_index=12 repeated_text='Végrehajtás' occurrence_count=14 popup_row_count=14 raw_sources=['legacy_text'] rectangle={'left': 44, 'top': 401, 'right': 318, 'bottom': 429}
2026-08-30 21:40:26.253 | INFO     | winwatt_automation.live_ui.menu_helpers:_reject_repeated_popup_legacy_texts:1402 - POPUP_TEXT_RECOVERY_SOURCE_REJECTED row_index=12 source=legacy_text reason=repeated_fallback_text repeated_text='Végrehajtás'
2026-08-30 21:40:26.253 | WARNING  | winwatt_automation.live_ui.menu_helpers:_reject_repeated_popup_legacy_texts:1393 - TEXT_EXTRACTION_REJECTED_REPEATED_LEGACY_TEXT row_index=13 repeated_text='Végrehajtás' occurrence_count=14 popup_row_count=14 raw_sources=['legacy_text'] rectangle={'left': 44, 'top': 436, 'right': 318, 'bottom': 464}
2026-08-30 21:40:26.253 | INFO     | winwatt_automation.live_ui.menu_helpers:_reject_repeated_popup_legacy_texts:1402 - POPUP_TEXT_RECOVERY_SOURCE_REJECTED row_index=13 source=legacy_text reason=repeated_fallback_text repeated_text='Végrehajtás'
2026-08-30 21:40:26.253 | DEBUG    | winwatt_automation.live_ui.menu_helpers:_structured_popup_rows_from_snapshots:1923 - Structured popup rows: before snapshot row count=14 after snapshot row count=42 structured row count=28 deduped fragment count=14 logical row count=14
2026-08-30 21:40:26.253 | INFO     | winwatt_automation.live_ui.menu_helpers:open_top_menu_and_capture_popup_state:2184 - Menu open transitions: before snapshot row count=14 after snapshot row count=42 structured row count=14 top menu clicked more than once=False
2026-08-30 21:40:26.253 | DEBUG    | winwatt_automation.live_ui.app_connector:get_cached_main_window:565 - DBG_WINWATT_CACHE_GET reason_code=cache_reused_without_validation payload={'wrapper_type': 'UIAWrapper', 'handle': 73795370, 'process_id': 10500, 'title': 'WinWatt gólya - C:\\Users\\Admin\\Documents\\GitHub\\autowinwatt\\winwatt_automation\\data\\runtime_maps\\buildings_runs\\20260830T214001\\sandbox\\testwwp.wwp', 'class_name': 'TMainForm', 'control_type': 'Window'} last_validation_age_s=0.515999999945052 diagnostic_fast_mode=False
2026-08-30 21:40:26.268 | DEBUG    | winwatt_automation.live_ui.app_connector:get_cached_main_window:566 - DBG_PHASE_TIMING phase=get_cached_main_window elapsed_ms=15.000 reason_code=cache_reused_without_validation
2026-08-30 21:40:26.268 | INFO     | winwatt_automation.live_ui.app_connector:ensure_main_window_foreground_before_click:1217 - DBG_WINWATT_FOCUS_GUARD_PRECHECK action_label=click_structured_popup_row[4] wrapper_type=UIAWrapper cached_handle=73795370 cached_pid=10500 cached_title=WinWatt gólya - C:\Users\Admin\Documents\GitHub\autowinwatt\winwatt_automation\data\runtime_maps\buildings_runs\20260830T214001\sandbox\testwwp.wwp cached_class=TMainForm precheck_exists=False precheck_visible=True precheck_enabled=True rect={'left': -10, 'top': -10, 'right': 1930, 'bottom': 1030, 'width': 1940, 'height': 1040}
2026-08-30 21:40:26.339 | DEBUG    | winwatt_automation.live_ui.app_connector:list_candidate_windows:180 - Discovered 1 WinWatt-like windows on backend=win32
2026-08-30 21:40:26.343 | DEBUG    | winwatt_automation.live_ui.app_connector:list_candidate_windows:182 - Candidate[win32]: {'title': 'WinWatt gólya - C:\\Users\\Admin\\Documents\\GitHub\\autowinwatt\\winwatt_automation\\data\\runtime_maps\\buildings_runs\\20260830T214001\\sandbox\\testwwp.wwp', 'window_text': 'WinWatt gólya - C:\\Users\\Admin\\Documents\\GitHub\\autowinwatt\\winwatt_automation\\data\\runtime_maps\\buildings_runs\\20260830T214001\\sandbox\\testwwp.wwp', 'class_name': 'TMainForm', 'control_type': None, 'process_id': 10500, 'handle': None, 'is_visible': True, 'is_enabled': True, 'rectangle': {'left': -10, 'top': -10, 'right': 1930, 'bottom': 1030, 'width': 1940, 'height': 1040}, 'size': {'width': 1940, 'height': 1040}}
2026-08-30 21:40:26.343 | INFO     | winwatt_automation.live_ui.app_connector:_connect_with_win32_handle:276 - DBG_WINWATT_CONNECT_WIN32_CANDIDATES locator=backend=win32 ranked_candidates=[{'rank': 1, 'score': (1, 1, 1, 1, 2017600), 'process_id': 10500, 'handle': None, 'class_name': 'TMainForm', 'title': 'WinWatt gólya - C:\\Users\\Admin\\Documents\\GitHub\\autowinwatt\\winwatt_automation\\data\\runtime_maps\\buildings_runs\\20260830T214001\\sandbox\\testwwp.wwp', 'visible': True, 'enabled': True}] 
2026-08-30 21:40:26.343 | INFO     | winwatt_automation.live_ui.app_connector:select_main_window:224 - Candidate ranking score=(1, 1, 1, 1, 2017600) data={'title': 'WinWatt gólya - C:\\Users\\Admin\\Documents\\GitHub\\autowinwatt\\winwatt_automation\\data\\runtime_maps\\buildings_runs\\20260830T214001\\sandbox\\testwwp.wwp', 'window_text': 'WinWatt gólya - C:\\Users\\Admin\\Documents\\GitHub\\autowinwatt\\winwatt_automation\\data\\runtime_maps\\buildings_runs\\20260830T214001\\sandbox\\testwwp.wwp', 'class_name': 'TMainForm', 'control_type': None, 'process_id': 10500, 'handle': None, 'is_visible': True, 'is_enabled': True, 'rectangle': {'left': -10, 'top': -10, 'right': 1930, 'bottom': 1030, 'width': 1940, 'height': 1040}, 'size': {'width': 1940, 'height': 1040}}
2026-08-30 21:40:26.343 | INFO     | winwatt_automation.live_ui.app_connector:select_main_window:234 - Selected main window process_id=10500 handle=None score=(1, 1, 1, 1, 2017600) reasons=['has_process_id=True', 'has_handle=False', 'visible=True', 'enabled=True', 'title_has_winwatt=True', 'area=2017600']
2026-08-30 21:40:26.343 | INFO     | winwatt_automation.live_ui.app_connector:_connect_with_win32_handle:293 - DBG_WINWATT_CONNECT_WIN32_SELECTED selected_payload={'title': 'WinWatt gólya - C:\\Users\\Admin\\Documents\\GitHub\\autowinwatt\\winwatt_automation\\data\\runtime_maps\\buildings_runs\\20260830T214001\\sandbox\\testwwp.wwp', 'window_text': 'WinWatt gólya - C:\\Users\\Admin\\Documents\\GitHub\\autowinwatt\\winwatt_automation\\data\\runtime_maps\\buildings_runs\\20260830T214001\\sandbox\\testwwp.wwp', 'class_name': 'TMainForm', 'control_type': None, 'process_id': 10500, 'handle': None, 'is_visible': True, 'is_enabled': True, 'rectangle': {'left': -10, 'top': -10, 'right': 1930, 'bottom': 1030, 'width': 1940, 'height': 1040}, 'size': {'width': 1940, 'height': 1040}} selected_handle_is_none=True
2026-08-30 21:40:26.348 | INFO     | winwatt_automation.live_ui.app_connector:_connect_with_win32_handle:336 - Connected to WinWatt backend=win32 attach_mode=process candidate={'process_id': 10500, 'handle': None, 'class_name': 'TMainForm', 'title': 'WinWatt gólya - C:\\Users\\Admin\\Documents\\GitHub\\autowinwatt\\winwatt_automation\\data\\runtime_maps\\buildings_runs\\20260830T214001\\sandbox\\testwwp.wwp'}
2026-08-30 21:40:26.348 | INFO     | winwatt_automation.live_ui.app_connector:_connect_with_win32_handle:350 - DBG_WINWATT_CONNECT_WIN32_RESOLVED process_id=10500 resolved_handle=None selected_payload={'title': 'WinWatt gólya - C:\\Users\\Admin\\Documents\\GitHub\\autowinwatt\\winwatt_automation\\data\\runtime_maps\\buildings_runs\\20260830T214001\\sandbox\\testwwp.wwp', 'window_text': 'WinWatt gólya - C:\\Users\\Admin\\Documents\\GitHub\\autowinwatt\\winwatt_automation\\data\\runtime_maps\\buildings_runs\\20260830T214001\\sandbox\\testwwp.wwp', 'class_name': 'TMainForm', 'control_type': None, 'process_id': 10500, 'handle': None, 'is_visible': True, 'is_enabled': True, 'rectangle': {'left': -10, 'top': -10, 'right': 1930, 'bottom': 1030, 'width': 1940, 'height': 1040}, 'size': {'width': 1940, 'height': 1040}}
2026-08-30 21:40:26.348 | INFO     | winwatt_automation.live_ui.app_connector:_resolve_uia_main_window:382 - DBG_WINWATT_RESOLVE_UIA_WIN32_SELECTED selected_payload={'title': 'WinWatt gólya - C:\\Users\\Admin\\Documents\\GitHub\\autowinwatt\\winwatt_automation\\data\\runtime_maps\\buildings_runs\\20260830T214001\\sandbox\\testwwp.wwp', 'window_text': 'WinWatt gólya - C:\\Users\\Admin\\Documents\\GitHub\\autowinwatt\\winwatt_automation\\data\\runtime_maps\\buildings_runs\\20260830T214001\\sandbox\\testwwp.wwp', 'class_name': 'TMainForm', 'control_type': None, 'process_id': 10500, 'handle': None, 'is_visible': True, 'is_enabled': True, 'rectangle': {'left': -10, 'top': -10, 'right': 1930, 'bottom': 1030, 'width': 1940, 'height': 1040}, 'size': {'width': 1940, 'height': 1040}}
2026-08-30 21:40:26.348 | INFO     | winwatt_automation.live_ui.app_connector:_resolve_uia_main_window:388 - Connected to WinWatt backend=uia process_id=10500
2026-08-30 21:40:26.348 | INFO     | winwatt_automation.live_ui.app_connector:_resolve_uia_main_window:390 - Resolving main WinWatt window backend=uia class_name=TMainForm title_re=.*WinWatt.*
2026-08-30 21:40:26.617 | INFO     | winwatt_automation.live_ui.app_connector:_resolve_uia_main_window:400 - DBG_WINWATT_RESOLVE_UIA_PRIMARY selected_payload={'title': 'WinWatt gólya - C:\\Users\\Admin\\Documents\\GitHub\\autowinwatt\\winwatt_automation\\data\\runtime_maps\\buildings_runs\\20260830T214001\\sandbox\\testwwp.wwp', 'window_text': 'WinWatt gólya - C:\\Users\\Admin\\Documents\\GitHub\\autowinwatt\\winwatt_automation\\data\\runtime_maps\\buildings_runs\\20260830T214001\\sandbox\\testwwp.wwp', 'class_name': 'TMainForm', 'control_type': None, 'process_id': 10500, 'handle': None, 'is_visible': True, 'is_enabled': True, 'rectangle': {'left': -10, 'top': -10, 'right': 1930, 'bottom': 1030, 'width': 1940, 'height': 1040}, 'size': {'width': 1940, 'height': 1040}} primary_result={'wrapper_type': 'UIAWrapper', 'handle': 73795370, 'process_id': 10500, 'title': 'WinWatt gólya - C:\\Users\\Admin\\Documents\\GitHub\\autowinwatt\\winwatt_automation\\data\\runtime_maps\\buildings_runs\\20260830T214001\\sandbox\\testwwp.wwp', 'class_name': 'TMainForm', 'control_type': 'Window'} identity_match_with_win32=None
2026-08-30 21:40:26.636 | WARNING  | winwatt_automation.live_ui.app_connector:ensure_main_window_foreground_before_click:1254 - DBG_WINWATT_FOCUS_GUARD_STALE_REFRESH_CONTINUE action_label=click_structured_popup_row[4] reason=stale_wrapper_relaxed_foreground_identity_pass relaxed_pass=True relaxed_pass_reason=identity_foreground_visible_enabled_match cached_identity={'wrapper_type': 'UIAWrapper', 'handle': 73795370, 'process_id': 10500, 'title': 'WinWatt gólya - C:\\Users\\Admin\\Documents\\GitHub\\autowinwatt\\winwatt_automation\\data\\runtime_maps\\buildings_runs\\20260830T214001\\sandbox\\testwwp.wwp', 'class_name': 'TMainForm', 'control_type': 'Window'} refreshed_identity={'wrapper_type': 'UIAWrapper', 'handle': 73795370, 'process_id': 10500, 'title': 'WinWatt gólya - C:\\Users\\Admin\\Documents\\GitHub\\autowinwatt\\winwatt_automation\\data\\runtime_maps\\buildings_runs\\20260830T214001\\sandbox\\testwwp.wwp', 'class_name': 'TMainForm', 'control_type': 'Window'} cached_rect={'left': -10, 'top': -10, 'right': 1930, 'bottom': 1030, 'width': 1940, 'height': 1040} refreshed_rect={'left': -10, 'top': -10, 'right': 1930, 'bottom': 1030, 'width': 1940, 'height': 1040} foreground={'handle': 73795370, 'title': 'WinWatt gólya - C:\\Users\\Admin\\Documents\\GitHub\\autowinwatt\\winwatt_automation\\data\\runtime_maps\\buildings_runs\\20260830T214001\\sandbox\\testwwp.wwp', 'class_name': 'TMainForm', 'process_id': 10500}
2026-08-30 21:40:26.640 | INFO     | winwatt_automation.live_ui.app_connector:is_winwatt_foreground_context:1161 - DBG_WINWATT_FOREGROUND_CONTEXT expected_handle=73795370 expected_process_id=10500 expected_title=WinWatt gólya - C:\Users\Admin\Documents\GitHub\autowinwatt\winwatt_automation\data\runtime_maps\buildings_runs\20260830T214001\sandbox\testwwp.wwp expected_class_name=TMainForm actual_foreground_handle=73795370 actual_foreground_process_id=10500 actual_foreground_title=WinWatt gólya - C:\Users\Admin\Documents\GitHub\autowinwatt\winwatt_automation\data\runtime_maps\buildings_runs\20260830T214001\sandbox\testwwp.wwp actual_foreground_class_name=TMainForm allow_dialog=True result_reason=handle_match
2026-08-30 21:40:26.640 | INFO     | winwatt_automation.live_ui.app_connector:ensure_main_window_foreground_before_click:1378 - DBG_WINWATT_FOCUS_GUARD_RESULT action_label=click_structured_popup_row[4] status=focus_ok reason=handle_match foreground={'handle': 73795370, 'title': 'WinWatt gólya - C:\\Users\\Admin\\Documents\\GitHub\\autowinwatt\\winwatt_automation\\data\\runtime_maps\\buildings_runs\\20260830T214001\\sandbox\\testwwp.wwp', 'class_name': 'TMainForm', 'process_id': 10500} same_context_as_cached_main=True win32_uia_identity_match=True
2026-08-30 21:40:26.759 | INFO     | winwatt_automation.live_ui.menu_helpers:click_structured_popup_row:2238 - Popup row click: selected row index=4 selected row rectangle={'left': 44, 'top': 166, 'right': 318, 'bottom': 194} top menu clicked more than once=False
2026-08-30 21:40:28.046 | DEBUG    | winwatt_automation.live_ui.app_connector:get_cached_main_window:565 - DBG_WINWATT_CACHE_GET reason_code=cache_reused_without_validation payload={'wrapper_type': 'UIAWrapper', 'handle': 73795370, 'process_id': 10500, 'title': 'WinWatt gólya - C:\\Users\\Admin\\Documents\\GitHub\\autowinwatt\\winwatt_automation\\data\\runtime_maps\\buildings_runs\\20260830T214001\\sandbox\\testwwp.wwp', 'class_name': 'TMainForm', 'control_type': 'Window'} last_validation_age_s=1.515999999945052 diagnostic_fast_mode=False
2026-08-30 21:40:28.047 | DEBUG    | winwatt_automation.live_ui.app_connector:get_cached_main_window:566 - DBG_PHASE_TIMING phase=get_cached_main_window elapsed_ms=797.000 reason_code=cache_reused_without_validation
2026-08-30 21:40:28.177 | DEBUG    | winwatt_automation.live_ui.app_connector:get_cached_main_window:565 - DBG_WINWATT_CACHE_GET reason_code=cache_reused_without_validation payload={'wrapper_type': 'UIAWrapper', 'handle': 73795370, 'process_id': 10500, 'title': 'WinWatt gólya - C:\\Users\\Admin\\Documents\\GitHub\\autowinwatt\\winwatt_automation\\data\\runtime_maps\\buildings_runs\\20260830T214001\\sandbox\\testwwp.wwp', 'class_name': 'TMainForm', 'control_type': 'Window'} last_validation_age_s=2.437999999965541 diagnostic_fast_mode=False
2026-08-30 21:40:28.177 | DEBUG    | winwatt_automation.live_ui.app_connector:get_cached_main_window:566 - DBG_PHASE_TIMING phase=get_cached_main_window elapsed_ms=0.000 reason_code=cache_reused_without_validation
2026-08-30 21:40:28.353 | DEBUG    | winwatt_automation.live_ui.app_connector:get_cached_main_window:565 - DBG_WINWATT_CACHE_GET reason_code=cache_reused_without_validation payload={'wrapper_type': 'UIAWrapper', 'handle': 73795370, 'process_id': 10500, 'title': 'WinWatt gólya - C:\\Users\\Admin\\Documents\\GitHub\\autowinwatt\\winwatt_automation\\data\\runtime_maps\\buildings_runs\\20260830T214001\\sandbox\\testwwp.wwp', 'class_name': 'TMainForm', 'control_type': 'Window'} last_validation_age_s=2.6089999999385327 diagnostic_fast_mode=False
2026-08-30 21:40:28.353 | DEBUG    | winwatt_automation.live_ui.app_connector:get_cached_main_window:566 - DBG_PHASE_TIMING phase=get_cached_main_window elapsed_ms=0.000 reason_code=cache_reused_without_validation
