2026-08-31 15:38:37.143 | INFO     | winwatt_automation.live_ui.app_connector:get_cached_main_window:597 - DBG_WINWATT_CACHE_GET reason_code=cache_missing_resolving_fresh diagnostic_fast_mode=False
2026-08-31 15:38:37.349 | DEBUG    | winwatt_automation.live_ui.app_connector:list_candidate_windows:180 - Discovered 0 WinWatt-like windows on backend=win32
2026-08-31 15:38:37.356 | INFO     | winwatt_automation.live_ui.app_connector:_connect_with_win32_handle:276 - DBG_WINWATT_CONNECT_WIN32_CANDIDATES locator=backend=win32 ranked_candidates=[] 
2026-08-31 15:38:37.362 | WARNING  | winwatt_automation.runtime_mapping.program_mapper:_safe_capture_snapshot:191 - snapshot_capture_failed state_id=startup_after_relaunch error=No WinWatt-like windows were found
2026-08-31 15:38:37.864 | INFO     | winwatt_automation.live_ui.app_connector:get_cached_main_window:597 - DBG_WINWATT_CACHE_GET reason_code=cache_missing_resolving_fresh diagnostic_fast_mode=False
2026-08-31 15:38:40.483 | DEBUG    | winwatt_automation.live_ui.app_connector:list_candidate_windows:180 - Discovered 0 WinWatt-like windows on backend=win32
2026-08-31 15:38:40.483 | INFO     | winwatt_automation.live_ui.app_connector:_connect_with_win32_handle:276 - DBG_WINWATT_CONNECT_WIN32_CANDIDATES locator=backend=win32 ranked_candidates=[] 
2026-08-31 15:38:40.483 | WARNING  | winwatt_automation.runtime_mapping.program_mapper:_safe_capture_snapshot:191 - snapshot_capture_failed state_id=startup_after_relaunch error=No WinWatt-like windows were found
2026-08-31 15:38:40.994 | INFO     | winwatt_automation.live_ui.app_connector:get_cached_main_window:597 - DBG_WINWATT_CACHE_GET reason_code=cache_missing_resolving_fresh diagnostic_fast_mode=False
2026-08-31 15:38:42.593 | DEBUG    | winwatt_automation.live_ui.app_connector:list_candidate_windows:180 - Discovered 0 WinWatt-like windows on backend=win32
2026-08-31 15:38:42.594 | INFO     | winwatt_automation.live_ui.app_connector:_connect_with_win32_handle:276 - DBG_WINWATT_CONNECT_WIN32_CANDIDATES locator=backend=win32 ranked_candidates=[] 
2026-08-31 15:38:42.594 | WARNING  | winwatt_automation.runtime_mapping.program_mapper:_safe_capture_snapshot:191 - snapshot_capture_failed state_id=startup_after_relaunch error=No WinWatt-like windows were found
2026-08-31 15:38:43.096 | INFO     | winwatt_automation.live_ui.app_connector:get_cached_main_window:597 - DBG_WINWATT_CACHE_GET reason_code=cache_missing_resolving_fresh diagnostic_fast_mode=False
2026-08-31 15:38:43.218 | DEBUG    | winwatt_automation.live_ui.app_connector:list_candidate_windows:180 - Discovered 0 WinWatt-like windows on backend=win32
2026-08-31 15:38:43.218 | INFO     | winwatt_automation.live_ui.app_connector:_connect_with_win32_handle:276 - DBG_WINWATT_CONNECT_WIN32_CANDIDATES locator=backend=win32 ranked_candidates=[] 
2026-08-31 15:38:43.218 | WARNING  | winwatt_automation.runtime_mapping.program_mapper:_safe_capture_snapshot:191 - snapshot_capture_failed state_id=startup_after_relaunch error=No WinWatt-like windows were found
2026-08-31 15:38:43.724 | INFO     | winwatt_automation.live_ui.app_connector:get_cached_main_window:597 - DBG_WINWATT_CACHE_GET reason_code=cache_missing_resolving_fresh diagnostic_fast_mode=False
2026-08-31 15:38:43.799 | DEBUG    | winwatt_automation.live_ui.app_connector:list_candidate_windows:180 - Discovered 0 WinWatt-like windows on backend=win32
2026-08-31 15:38:43.799 | INFO     | winwatt_automation.live_ui.app_connector:_connect_with_win32_handle:276 - DBG_WINWATT_CONNECT_WIN32_CANDIDATES locator=backend=win32 ranked_candidates=[] 
2026-08-31 15:38:43.799 | WARNING  | winwatt_automation.runtime_mapping.program_mapper:_safe_capture_snapshot:191 - snapshot_capture_failed state_id=startup_after_relaunch error=No WinWatt-like windows were found
2026-08-31 15:38:44.308 | INFO     | winwatt_automation.live_ui.app_connector:get_cached_main_window:597 - DBG_WINWATT_CACHE_GET reason_code=cache_missing_resolving_fresh diagnostic_fast_mode=False
2026-08-31 15:38:44.392 | DEBUG    | winwatt_automation.live_ui.app_connector:list_candidate_windows:180 - Discovered 0 WinWatt-like windows on backend=win32
2026-08-31 15:38:44.392 | INFO     | winwatt_automation.live_ui.app_connector:_connect_with_win32_handle:276 - DBG_WINWATT_CONNECT_WIN32_CANDIDATES locator=backend=win32 ranked_candidates=[] 
2026-08-31 15:38:44.392 | WARNING  | winwatt_automation.runtime_mapping.program_mapper:_safe_capture_snapshot:191 - snapshot_capture_failed state_id=startup_after_relaunch error=No WinWatt-like windows were found
2026-08-31 15:38:44.902 | INFO     | winwatt_automation.live_ui.app_connector:get_cached_main_window:597 - DBG_WINWATT_CACHE_GET reason_code=cache_missing_resolving_fresh diagnostic_fast_mode=False
2026-08-31 15:38:44.997 | DEBUG    | winwatt_automation.live_ui.app_connector:list_candidate_windows:180 - Discovered 0 WinWatt-like windows on backend=win32
2026-08-31 15:38:44.997 | INFO     | winwatt_automation.live_ui.app_connector:_connect_with_win32_handle:276 - DBG_WINWATT_CONNECT_WIN32_CANDIDATES locator=backend=win32 ranked_candidates=[] 
2026-08-31 15:38:44.997 | WARNING  | winwatt_automation.runtime_mapping.program_mapper:_safe_capture_snapshot:191 - snapshot_capture_failed state_id=startup_after_relaunch error=No WinWatt-like windows were found
2026-08-31 15:38:45.505 | INFO     | winwatt_automation.live_ui.app_connector:get_cached_main_window:597 - DBG_WINWATT_CACHE_GET reason_code=cache_missing_resolving_fresh diagnostic_fast_mode=False
2026-08-31 15:38:45.564 | DEBUG    | winwatt_automation.live_ui.app_connector:list_candidate_windows:180 - Discovered 0 WinWatt-like windows on backend=win32
2026-08-31 15:38:45.577 | INFO     | winwatt_automation.live_ui.app_connector:_connect_with_win32_handle:276 - DBG_WINWATT_CONNECT_WIN32_CANDIDATES locator=backend=win32 ranked_candidates=[] 
2026-08-31 15:38:45.577 | WARNING  | winwatt_automation.runtime_mapping.program_mapper:_safe_capture_snapshot:191 - snapshot_capture_failed state_id=startup_after_relaunch error=No WinWatt-like windows were found
2026-08-31 15:38:46.080 | INFO     | winwatt_automation.live_ui.app_connector:get_cached_main_window:597 - DBG_WINWATT_CACHE_GET reason_code=cache_missing_resolving_fresh diagnostic_fast_mode=False
2026-08-31 15:38:46.227 | DEBUG    | winwatt_automation.live_ui.app_connector:list_candidate_windows:180 - Discovered 0 WinWatt-like windows on backend=win32
2026-08-31 15:38:46.228 | INFO     | winwatt_automation.live_ui.app_connector:_connect_with_win32_handle:276 - DBG_WINWATT_CONNECT_WIN32_CANDIDATES locator=backend=win32 ranked_candidates=[] 
2026-08-31 15:38:46.228 | WARNING  | winwatt_automation.runtime_mapping.program_mapper:_safe_capture_snapshot:191 - snapshot_capture_failed state_id=startup_after_relaunch error=No WinWatt-like windows were found
2026-08-31 15:38:46.729 | INFO     | winwatt_automation.live_ui.app_connector:get_cached_main_window:597 - DBG_WINWATT_CACHE_GET reason_code=cache_missing_resolving_fresh diagnostic_fast_mode=False
2026-08-31 15:38:46.800 | DEBUG    | winwatt_automation.live_ui.app_connector:list_candidate_windows:180 - Discovered 0 WinWatt-like windows on backend=win32
2026-08-31 15:38:46.800 | INFO     | winwatt_automation.live_ui.app_connector:_connect_with_win32_handle:276 - DBG_WINWATT_CONNECT_WIN32_CANDIDATES locator=backend=win32 ranked_candidates=[] 
2026-08-31 15:38:46.800 | WARNING  | winwatt_automation.runtime_mapping.program_mapper:_safe_capture_snapshot:191 - snapshot_capture_failed state_id=startup_after_relaunch error=No WinWatt-like windows were found
2026-08-31 15:38:47.312 | INFO     | winwatt_automation.live_ui.app_connector:get_cached_main_window:597 - DBG_WINWATT_CACHE_GET reason_code=cache_missing_resolving_fresh diagnostic_fast_mode=False
2026-08-31 15:38:47.400 | DEBUG    | winwatt_automation.live_ui.app_connector:list_candidate_windows:180 - Discovered 0 WinWatt-like windows on backend=win32
2026-08-31 15:38:47.400 | INFO     | winwatt_automation.live_ui.app_connector:_connect_with_win32_handle:276 - DBG_WINWATT_CONNECT_WIN32_CANDIDATES locator=backend=win32 ranked_candidates=[] 
2026-08-31 15:38:47.400 | WARNING  | winwatt_automation.runtime_mapping.program_mapper:_safe_capture_snapshot:191 - snapshot_capture_failed state_id=startup_after_relaunch error=No WinWatt-like windows were found
2026-08-31 15:38:47.903 | INFO     | winwatt_automation.live_ui.app_connector:get_cached_main_window:597 - DBG_WINWATT_CACHE_GET reason_code=cache_missing_resolving_fresh diagnostic_fast_mode=False
2026-08-31 15:38:47.995 | DEBUG    | winwatt_automation.live_ui.app_connector:list_candidate_windows:180 - Discovered 0 WinWatt-like windows on backend=win32
2026-08-31 15:38:47.997 | INFO     | winwatt_automation.live_ui.app_connector:_connect_with_win32_handle:276 - DBG_WINWATT_CONNECT_WIN32_CANDIDATES locator=backend=win32 ranked_candidates=[] 
2026-08-31 15:38:47.999 | WARNING  | winwatt_automation.runtime_mapping.program_mapper:_safe_capture_snapshot:191 - snapshot_capture_failed state_id=startup_after_relaunch error=No WinWatt-like windows were found
2026-08-31 15:38:48.500 | INFO     | winwatt_automation.live_ui.app_connector:get_cached_main_window:597 - DBG_WINWATT_CACHE_GET reason_code=cache_missing_resolving_fresh diagnostic_fast_mode=False
2026-08-31 15:38:48.568 | DEBUG    | winwatt_automation.live_ui.app_connector:list_candidate_windows:180 - Discovered 0 WinWatt-like windows on backend=win32
2026-08-31 15:38:48.568 | INFO     | winwatt_automation.live_ui.app_connector:_connect_with_win32_handle:276 - DBG_WINWATT_CONNECT_WIN32_CANDIDATES locator=backend=win32 ranked_candidates=[] 
2026-08-31 15:38:48.568 | WARNING  | winwatt_automation.runtime_mapping.program_mapper:_safe_capture_snapshot:191 - snapshot_capture_failed state_id=startup_after_relaunch error=No WinWatt-like windows were found
2026-08-31 15:38:49.076 | INFO     | winwatt_automation.live_ui.app_connector:get_cached_main_window:597 - DBG_WINWATT_CACHE_GET reason_code=cache_missing_resolving_fresh diagnostic_fast_mode=False
2026-08-31 15:38:49.218 | DEBUG    | winwatt_automation.live_ui.app_connector:list_candidate_windows:180 - Discovered 1 WinWatt-like windows on backend=win32
2026-08-31 15:38:49.218 | DEBUG    | winwatt_automation.live_ui.app_connector:list_candidate_windows:182 - Candidate[win32]: {'title': 'WinWatt gólya - C:\\Users\\Admin\\Documents\\GitHub\\autowinwatt\\winwatt_automation\\data\\runtime_maps\\full_authorized_sandbox\\building_three_rooms_persisted_2026083', 'window_text': 'WinWatt gólya - C:\\Users\\Admin\\Documents\\GitHub\\autowinwatt\\winwatt_automation\\data\\runtime_maps\\full_authorized_sandbox\\building_three_rooms_persisted_2026083', 'class_name': 'TMainForm', 'control_type': None, 'process_id': 17820, 'handle': None, 'is_visible': True, 'is_enabled': True, 'rectangle': {'left': -10, 'top': -10, 'right': 1930, 'bottom': 1030, 'width': 1940, 'height': 1040}, 'size': {'width': 1940, 'height': 1040}}
2026-08-31 15:38:49.218 | INFO     | winwatt_automation.live_ui.app_connector:_connect_with_win32_handle:276 - DBG_WINWATT_CONNECT_WIN32_CANDIDATES locator=backend=win32 ranked_candidates=[{'rank': 1, 'score': (1, 1, 1, 1, 2017600), 'process_id': 17820, 'handle': None, 'class_name': 'TMainForm', 'title': 'WinWatt gólya - C:\\Users\\Admin\\Documents\\GitHub\\autowinwatt\\winwatt_automation\\data\\runtime_maps\\full_authorized_sandbox\\building_three_rooms_persisted_2026083', 'visible': True, 'enabled': True}] 
2026-08-31 15:38:49.218 | INFO     | winwatt_automation.live_ui.app_connector:select_main_window:224 - Candidate ranking score=(1, 1, 1, 1, 2017600) data={'title': 'WinWatt gólya - C:\\Users\\Admin\\Documents\\GitHub\\autowinwatt\\winwatt_automation\\data\\runtime_maps\\full_authorized_sandbox\\building_three_rooms_persisted_2026083', 'window_text': 'WinWatt gólya - C:\\Users\\Admin\\Documents\\GitHub\\autowinwatt\\winwatt_automation\\data\\runtime_maps\\full_authorized_sandbox\\building_three_rooms_persisted_2026083', 'class_name': 'TMainForm', 'control_type': None, 'process_id': 17820, 'handle': None, 'is_visible': True, 'is_enabled': True, 'rectangle': {'left': -10, 'top': -10, 'right': 1930, 'bottom': 1030, 'width': 1940, 'height': 1040}, 'size': {'width': 1940, 'height': 1040}}
2026-08-31 15:38:49.218 | INFO     | winwatt_automation.live_ui.app_connector:select_main_window:234 - Selected main window process_id=17820 handle=None score=(1, 1, 1, 1, 2017600) reasons=['has_process_id=True', 'has_handle=False', 'visible=True', 'enabled=True', 'title_has_winwatt=True', 'area=2017600']
2026-08-31 15:38:49.223 | INFO     | winwatt_automation.live_ui.app_connector:_connect_with_win32_handle:293 - DBG_WINWATT_CONNECT_WIN32_SELECTED selected_payload={'title': 'WinWatt gólya - C:\\Users\\Admin\\Documents\\GitHub\\autowinwatt\\winwatt_automation\\data\\runtime_maps\\full_authorized_sandbox\\building_three_rooms_persisted_2026083', 'window_text': 'WinWatt gólya - C:\\Users\\Admin\\Documents\\GitHub\\autowinwatt\\winwatt_automation\\data\\runtime_maps\\full_authorized_sandbox\\building_three_rooms_persisted_2026083', 'class_name': 'TMainForm', 'control_type': None, 'process_id': 17820, 'handle': None, 'is_visible': True, 'is_enabled': True, 'rectangle': {'left': -10, 'top': -10, 'right': 1930, 'bottom': 1030, 'width': 1940, 'height': 1040}, 'size': {'width': 1940, 'height': 1040}} selected_handle_is_none=True
2026-08-31 15:38:49.223 | INFO     | winwatt_automation.live_ui.app_connector:_connect_with_win32_handle:336 - Connected to WinWatt backend=win32 attach_mode=process candidate={'process_id': 17820, 'handle': None, 'class_name': 'TMainForm', 'title': 'WinWatt gólya - C:\\Users\\Admin\\Documents\\GitHub\\autowinwatt\\winwatt_automation\\data\\runtime_maps\\full_authorized_sandbox\\building_three_rooms_persisted_2026083'}
2026-08-31 15:38:49.225 | INFO     | winwatt_automation.live_ui.app_connector:_connect_with_win32_handle:350 - DBG_WINWATT_CONNECT_WIN32_RESOLVED process_id=17820 resolved_handle=None selected_payload={'title': 'WinWatt gólya - C:\\Users\\Admin\\Documents\\GitHub\\autowinwatt\\winwatt_automation\\data\\runtime_maps\\full_authorized_sandbox\\building_three_rooms_persisted_2026083', 'window_text': 'WinWatt gólya - C:\\Users\\Admin\\Documents\\GitHub\\autowinwatt\\winwatt_automation\\data\\runtime_maps\\full_authorized_sandbox\\building_three_rooms_persisted_2026083', 'class_name': 'TMainForm', 'control_type': None, 'process_id': 17820, 'handle': None, 'is_visible': True, 'is_enabled': True, 'rectangle': {'left': -10, 'top': -10, 'right': 1930, 'bottom': 1030, 'width': 1940, 'height': 1040}, 'size': {'width': 1940, 'height': 1040}}
2026-08-31 15:38:49.225 | INFO     | winwatt_automation.live_ui.app_connector:_resolve_uia_main_window:382 - DBG_WINWATT_RESOLVE_UIA_WIN32_SELECTED selected_payload={'title': 'WinWatt gólya - C:\\Users\\Admin\\Documents\\GitHub\\autowinwatt\\winwatt_automation\\data\\runtime_maps\\full_authorized_sandbox\\building_three_rooms_persisted_2026083', 'window_text': 'WinWatt gólya - C:\\Users\\Admin\\Documents\\GitHub\\autowinwatt\\winwatt_automation\\data\\runtime_maps\\full_authorized_sandbox\\building_three_rooms_persisted_2026083', 'class_name': 'TMainForm', 'control_type': None, 'process_id': 17820, 'handle': None, 'is_visible': True, 'is_enabled': True, 'rectangle': {'left': -10, 'top': -10, 'right': 1930, 'bottom': 1030, 'width': 1940, 'height': 1040}, 'size': {'width': 1940, 'height': 1040}}
2026-08-31 15:38:49.225 | INFO     | winwatt_automation.live_ui.app_connector:_resolve_uia_main_window:388 - Connected to WinWatt backend=uia process_id=17820
2026-08-31 15:38:49.225 | INFO     | winwatt_automation.live_ui.app_connector:_resolve_uia_main_window:390 - Resolving main WinWatt window backend=uia class_name=TMainForm title_re=.*WinWatt.*
2026-08-31 15:38:49.558 | INFO     | winwatt_automation.live_ui.app_connector:_resolve_uia_main_window:400 - DBG_WINWATT_RESOLVE_UIA_PRIMARY selected_payload={'title': 'WinWatt gólya - C:\\Users\\Admin\\Documents\\GitHub\\autowinwatt\\winwatt_automation\\data\\runtime_maps\\full_authorized_sandbox\\building_three_rooms_persisted_2026083', 'window_text': 'WinWatt gólya - C:\\Users\\Admin\\Documents\\GitHub\\autowinwatt\\winwatt_automation\\data\\runtime_maps\\full_authorized_sandbox\\building_three_rooms_persisted_2026083', 'class_name': 'TMainForm', 'control_type': None, 'process_id': 17820, 'handle': None, 'is_visible': True, 'is_enabled': True, 'rectangle': {'left': -10, 'top': -10, 'right': 1930, 'bottom': 1030, 'width': 1940, 'height': 1040}, 'size': {'width': 1940, 'height': 1040}} primary_result={'wrapper_type': 'UIAWrapper', 'handle': 135726970, 'process_id': 17820, 'title': 'WinWatt gólya - C:\\Users\\Admin\\Documents\\GitHub\\autowinwatt\\winwatt_automation\\data\\runtime_maps\\full_authorized_sandbox\\building_three_rooms_persisted_2026083', 'class_name': 'TMainForm', 'control_type': 'Window'} identity_match_with_win32=None
2026-08-31 15:38:49.558 | DEBUG    | winwatt_automation.live_ui.app_connector:get_cached_main_window:606 - DBG_PHASE_TIMING phase=get_cached_main_window elapsed_ms=469.000 reason_code=fresh_resolve
2026-08-31 15:38:49.700 | DEBUG    | winwatt_automation.live_ui.app_connector:get_cached_main_window:565 - DBG_WINWATT_CACHE_GET reason_code=cache_reused_without_validation payload={'wrapper_type': 'UIAWrapper', 'handle': 135726970, 'process_id': 17820, 'title': 'WinWatt gólya - C:\\Users\\Admin\\Documents\\GitHub\\autowinwatt\\winwatt_automation\\data\\runtime_maps\\full_authorized_sandbox\\building_three_rooms_persisted_2026083', 'class_name': 'TMainForm', 'control_type': 'Window'} last_validation_age_s=0.1559999999590218 diagnostic_fast_mode=False
2026-08-31 15:38:49.700 | DEBUG    | winwatt_automation.live_ui.app_connector:get_cached_main_window:566 - DBG_PHASE_TIMING phase=get_cached_main_window elapsed_ms=0.000 reason_code=cache_reused_without_validation
2026-08-31 15:38:49.715 | DEBUG    | winwatt_automation.live_ui.app_connector:get_cached_main_window:565 - DBG_WINWATT_CACHE_GET reason_code=cache_reused_without_validation payload={'wrapper_type': 'UIAWrapper', 'handle': 135726970, 'process_id': 17820, 'title': 'WinWatt gólya - C:\\Users\\Admin\\Documents\\GitHub\\autowinwatt\\winwatt_automation\\data\\runtime_maps\\full_authorized_sandbox\\building_three_rooms_persisted_2026083', 'class_name': 'TMainForm', 'control_type': 'Window'} last_validation_age_s=0.1559999999590218 diagnostic_fast_mode=False
2026-08-31 15:38:49.715 | DEBUG    | winwatt_automation.live_ui.app_connector:get_cached_main_window:566 - DBG_PHASE_TIMING phase=get_cached_main_window elapsed_ms=15.000 reason_code=cache_reused_without_validation
2026-08-31 15:38:50.272 | INFO     | winwatt_automation.live_ui.menu_helpers:_menu_items:1101 - DBG_MENU_ITEMS_SUMMARY total_items=7 visible_items=7 topbar_band=(0, 0, 392, 53) topbar_band_visible_count=7 popup_region_visible_count=0 force_refresh=True handle=135726970
2026-08-31 15:38:50.272 | DEBUG    | winwatt_automation.live_ui.menu_helpers:_menu_items:1111 - Discovered 7 MenuItem controls
2026-08-31 15:38:50.272 | DEBUG    | winwatt_automation.live_ui.menu_helpers:_log_phase_timing:83 - DBG_PHASE_TIMING phase=_menu_items elapsed_ms=562.000 force_refresh=True total_items=7 visible_items=7
2026-08-31 15:38:50.350 | INFO     | winwatt_automation.live_ui.menu_helpers:list_top_menu_items:1141 - Top-level menu items (raw): ['Rendszer', 'Fájl', 'Jegyzékek', 'Eszközök', 'Beállítások', 'Ablak', 'Súgó']
2026-08-31 15:38:50.350 | DEBUG    | winwatt_automation.live_ui.menu_helpers:_log_phase_timing:83 - DBG_PHASE_TIMING phase=list_top_menu_items elapsed_ms=640.000 count=7
2026-08-31 15:38:50.857 | DEBUG    | winwatt_automation.live_ui.app_connector:get_cached_main_window:565 - DBG_WINWATT_CACHE_GET reason_code=cache_reused_without_validation payload={'wrapper_type': 'UIAWrapper', 'handle': 135726970, 'process_id': 17820, 'title': 'WinWatt gólya - C:\\Users\\Admin\\Documents\\GitHub\\autowinwatt\\winwatt_automation\\data\\runtime_maps\\full_authorized_sandbox\\building_three_rooms_persisted_2026083', 'class_name': 'TMainForm', 'control_type': 'Window'} last_validation_age_s=1.312000000034459 diagnostic_fast_mode=False
2026-08-31 15:38:50.860 | DEBUG    | winwatt_automation.live_ui.app_connector:get_cached_main_window:566 - DBG_PHASE_TIMING phase=get_cached_main_window elapsed_ms=0.000 reason_code=cache_reused_without_validation
2026-08-31 15:38:51.003 | DEBUG    | winwatt_automation.live_ui.app_connector:get_cached_main_window:565 - DBG_WINWATT_CACHE_GET reason_code=cache_reused_without_validation payload={'wrapper_type': 'UIAWrapper', 'handle': 135726970, 'process_id': 17820, 'title': 'WinWatt gólya - C:\\Users\\Admin\\Documents\\GitHub\\autowinwatt\\winwatt_automation\\data\\runtime_maps\\full_authorized_sandbox\\building_three_rooms_persisted_2026083', 'class_name': 'TMainForm', 'control_type': 'Window'} last_validation_age_s=1.452999999979511 diagnostic_fast_mode=False
2026-08-31 15:38:51.003 | DEBUG    | winwatt_automation.live_ui.app_connector:get_cached_main_window:566 - DBG_PHASE_TIMING phase=get_cached_main_window elapsed_ms=0.000 reason_code=cache_reused_without_validation
2026-08-31 15:38:51.003 | DEBUG    | winwatt_automation.live_ui.app_connector:get_cached_main_window:565 - DBG_WINWATT_CACHE_GET reason_code=cache_reused_without_validation payload={'wrapper_type': 'UIAWrapper', 'handle': 135726970, 'process_id': 17820, 'title': 'WinWatt gólya - C:\\Users\\Admin\\Documents\\GitHub\\autowinwatt\\winwatt_automation\\data\\runtime_maps\\full_authorized_sandbox\\building_three_rooms_persisted_2026083', 'class_name': 'TMainForm', 'control_type': 'Window'} last_validation_age_s=1.452999999979511 diagnostic_fast_mode=False
2026-08-31 15:38:51.013 | DEBUG    | winwatt_automation.live_ui.app_connector:get_cached_main_window:566 - DBG_PHASE_TIMING phase=get_cached_main_window elapsed_ms=15.000 reason_code=cache_reused_without_validation
2026-08-31 15:38:51.529 | INFO     | winwatt_automation.live_ui.menu_helpers:_menu_items:1101 - DBG_MENU_ITEMS_SUMMARY total_items=7 visible_items=7 topbar_band=(0, 0, 392, 53) topbar_band_visible_count=7 popup_region_visible_count=0 force_refresh=True handle=135726970
2026-08-31 15:38:51.529 | DEBUG    | winwatt_automation.live_ui.menu_helpers:_menu_items:1111 - Discovered 7 MenuItem controls
2026-08-31 15:38:51.529 | DEBUG    | winwatt_automation.live_ui.menu_helpers:_log_phase_timing:83 - DBG_PHASE_TIMING phase=_menu_items elapsed_ms=531.000 force_refresh=True total_items=7 visible_items=7
2026-08-31 15:38:51.609 | INFO     | winwatt_automation.live_ui.menu_helpers:list_top_menu_items:1141 - Top-level menu items (raw): ['Rendszer', 'Fájl', 'Jegyzékek', 'Eszközök', 'Beállítások', 'Ablak', 'Súgó']
2026-08-31 15:38:51.609 | DEBUG    | winwatt_automation.live_ui.menu_helpers:_log_phase_timing:83 - DBG_PHASE_TIMING phase=list_top_menu_items elapsed_ms=609.000 count=7
2026-08-31 15:38:52.117 | DEBUG    | winwatt_automation.live_ui.app_connector:get_cached_main_window:565 - DBG_WINWATT_CACHE_GET reason_code=cache_reused_without_validation payload={'wrapper_type': 'UIAWrapper', 'handle': 135726970, 'process_id': 17820, 'title': 'WinWatt gólya - C:\\Users\\Admin\\Documents\\GitHub\\autowinwatt\\winwatt_automation\\data\\runtime_maps\\full_authorized_sandbox\\building_three_rooms_persisted_2026083', 'class_name': 'TMainForm', 'control_type': 'Window'} last_validation_age_s=2.562000000034459 diagnostic_fast_mode=False
2026-08-31 15:38:52.117 | DEBUG    | winwatt_automation.live_ui.app_connector:get_cached_main_window:566 - DBG_PHASE_TIMING phase=get_cached_main_window elapsed_ms=0.000 reason_code=cache_reused_without_validation
2026-08-31 15:38:52.276 | DEBUG    | winwatt_automation.live_ui.app_connector:get_cached_main_window:565 - DBG_WINWATT_CACHE_GET reason_code=cache_reused_without_validation payload={'wrapper_type': 'UIAWrapper', 'handle': 135726970, 'process_id': 17820, 'title': 'WinWatt gólya - C:\\Users\\Admin\\Documents\\GitHub\\autowinwatt\\winwatt_automation\\data\\runtime_maps\\full_authorized_sandbox\\building_three_rooms_persisted_2026083', 'class_name': 'TMainForm', 'control_type': 'Window'} last_validation_age_s=2.7179999999934807 diagnostic_fast_mode=False
2026-08-31 15:38:52.276 | DEBUG    | winwatt_automation.live_ui.app_connector:get_cached_main_window:566 - DBG_PHASE_TIMING phase=get_cached_main_window elapsed_ms=0.000 reason_code=cache_reused_without_validation
2026-08-31 15:38:52.276 | DEBUG    | winwatt_automation.live_ui.app_connector:get_cached_main_window:565 - DBG_WINWATT_CACHE_GET reason_code=cache_reused_without_validation payload={'wrapper_type': 'UIAWrapper', 'handle': 135726970, 'process_id': 17820, 'title': 'WinWatt gólya - C:\\Users\\Admin\\Documents\\GitHub\\autowinwatt\\winwatt_automation\\data\\runtime_maps\\full_authorized_sandbox\\building_three_rooms_persisted_2026083', 'class_name': 'TMainForm', 'control_type': 'Window'} last_validation_age_s=2.7179999999934807 diagnostic_fast_mode=False
2026-08-31 15:38:52.276 | DEBUG    | winwatt_automation.live_ui.app_connector:get_cached_main_window:566 - DBG_PHASE_TIMING phase=get_cached_main_window elapsed_ms=0.000 reason_code=cache_reused_without_validation
2026-08-31 15:38:52.841 | INFO     | winwatt_automation.live_ui.menu_helpers:_menu_items:1101 - DBG_MENU_ITEMS_SUMMARY total_items=7 visible_items=7 topbar_band=(0, 0, 392, 53) topbar_band_visible_count=7 popup_region_visible_count=0 force_refresh=True handle=135726970
2026-08-31 15:38:52.841 | DEBUG    | winwatt_automation.live_ui.menu_helpers:_menu_items:1111 - Discovered 7 MenuItem controls
2026-08-31 15:38:52.847 | DEBUG    | winwatt_automation.live_ui.menu_helpers:_log_phase_timing:83 - DBG_PHASE_TIMING phase=_menu_items elapsed_ms=578.000 force_refresh=True total_items=7 visible_items=7
2026-08-31 15:38:52.911 | INFO     | winwatt_automation.live_ui.menu_helpers:list_top_menu_items:1141 - Top-level menu items (raw): ['Rendszer', 'Fájl', 'Jegyzékek', 'Eszközök', 'Beállítások', 'Ablak', 'Súgó']
2026-08-31 15:38:52.911 | DEBUG    | winwatt_automation.live_ui.menu_helpers:_log_phase_timing:83 - DBG_PHASE_TIMING phase=list_top_menu_items elapsed_ms=641.000 count=7
2026-08-31 15:38:53.418 | DEBUG    | winwatt_automation.live_ui.app_connector:get_cached_main_window:565 - DBG_WINWATT_CACHE_GET reason_code=cache_reused_without_validation payload={'wrapper_type': 'UIAWrapper', 'handle': 135726970, 'process_id': 17820, 'title': 'WinWatt gólya - C:\\Users\\Admin\\Documents\\GitHub\\autowinwatt\\winwatt_automation\\data\\runtime_maps\\full_authorized_sandbox\\building_three_rooms_persisted_2026083', 'class_name': 'TMainForm', 'control_type': 'Window'} last_validation_age_s=3.859000000054948 diagnostic_fast_mode=False
2026-08-31 15:38:53.425 | DEBUG    | winwatt_automation.live_ui.app_connector:get_cached_main_window:566 - DBG_PHASE_TIMING phase=get_cached_main_window elapsed_ms=16.000 reason_code=cache_reused_without_validation
2026-08-31 15:38:53.597 | INFO     | winwatt_automation.live_ui.app_connector:is_winwatt_foreground_context:1161 - DBG_WINWATT_FOREGROUND_CONTEXT expected_handle=135726970 expected_process_id=17820 expected_title=WinWatt gólya - C:\Users\Admin\Documents\GitHub\autowinwatt\winwatt_automation\data\runtime_maps\full_authorized_sandbox\building_three_rooms_persisted_2026083 expected_class_name=TMainForm actual_foreground_handle=135726970 actual_foreground_process_id=17820 actual_foreground_title=WinWatt gólya - C:\Users\Admin\Documents\GitHub\autowinwatt\winwatt_automation\data\runtime_maps\full_authorized_sandbox\building_three_rooms_persisted_2026083 actual_foreground_class_name=TMainForm allow_dialog=True result_reason=handle_match
2026-08-31 15:38:53.597 | INFO     | winwatt_automation.live_ui.app_connector:_cached_window_health_status:489 - DBG_WINWATT_CACHE_HEALTH reason_code=healthy payload={'wrapper_type': 'UIAWrapper', 'handle': 135726970, 'process_id': 17820, 'title': 'WinWatt gólya - C:\\Users\\Admin\\Documents\\GitHub\\autowinwatt\\winwatt_automation\\data\\runtime_maps\\full_authorized_sandbox\\building_three_rooms_persisted_2026083', 'class_name': 'TMainForm', 'control_type': 'Window'}
2026-08-31 15:38:53.597 | DEBUG    | winwatt_automation.live_ui.app_connector:get_cached_main_window:574 - DBG_WINWATT_CACHE_GET reason_code=cache_validated_ok payload={'wrapper_type': 'UIAWrapper', 'handle': 135726970, 'process_id': 17820, 'title': 'WinWatt gólya - C:\\Users\\Admin\\Documents\\GitHub\\autowinwatt\\winwatt_automation\\data\\runtime_maps\\full_authorized_sandbox\\building_three_rooms_persisted_2026083', 'class_name': 'TMainForm', 'control_type': 'Window'} last_validation_age_s=4.030999999959022 diagnostic_fast_mode=False
2026-08-31 15:38:53.597 | DEBUG    | winwatt_automation.live_ui.app_connector:get_cached_main_window:575 - DBG_PHASE_TIMING phase=get_cached_main_window elapsed_ms=15.000 reason_code=cache_validated_ok
2026-08-31 15:38:53.597 | DEBUG    | winwatt_automation.live_ui.app_connector:get_cached_main_window:565 - DBG_WINWATT_CACHE_GET reason_code=cache_reused_without_validation payload={'wrapper_type': 'UIAWrapper', 'handle': 135726970, 'process_id': 17820, 'title': 'WinWatt gólya - C:\\Users\\Admin\\Documents\\GitHub\\autowinwatt\\winwatt_automation\\data\\runtime_maps\\full_authorized_sandbox\\building_three_rooms_persisted_2026083', 'class_name': 'TMainForm', 'control_type': 'Window'} last_validation_age_s=0.015000000013969839 diagnostic_fast_mode=False
2026-08-31 15:38:53.597 | DEBUG    | winwatt_automation.live_ui.app_connector:get_cached_main_window:566 - DBG_PHASE_TIMING phase=get_cached_main_window elapsed_ms=0.000 reason_code=cache_reused_without_validation
2026-08-31 15:38:54.129 | INFO     | winwatt_automation.live_ui.menu_helpers:_menu_items:1101 - DBG_MENU_ITEMS_SUMMARY total_items=7 visible_items=7 topbar_band=(0, 0, 392, 53) topbar_band_visible_count=7 popup_region_visible_count=0 force_refresh=True handle=135726970
2026-08-31 15:38:54.129 | DEBUG    | winwatt_automation.live_ui.menu_helpers:_menu_items:1111 - Discovered 7 MenuItem controls
2026-08-31 15:38:54.129 | DEBUG    | winwatt_automation.live_ui.menu_helpers:_log_phase_timing:83 - DBG_PHASE_TIMING phase=_menu_items elapsed_ms=547.000 force_refresh=True total_items=7 visible_items=7
2026-08-31 15:38:54.218 | INFO     | winwatt_automation.live_ui.menu_helpers:list_top_menu_items:1141 - Top-level menu items (raw): ['Rendszer', 'Fájl', 'Jegyzékek', 'Eszközök', 'Beállítások', 'Ablak', 'Súgó']
2026-08-31 15:38:54.218 | DEBUG    | winwatt_automation.live_ui.menu_helpers:_log_phase_timing:83 - DBG_PHASE_TIMING phase=list_top_menu_items elapsed_ms=640.000 count=7
2026-08-31 15:38:54.724 | DEBUG    | winwatt_automation.live_ui.app_connector:get_cached_main_window:565 - DBG_WINWATT_CACHE_GET reason_code=cache_reused_without_validation payload={'wrapper_type': 'UIAWrapper', 'handle': 135726970, 'process_id': 17820, 'title': 'WinWatt gólya - C:\\Users\\Admin\\Documents\\GitHub\\autowinwatt\\winwatt_automation\\data\\runtime_maps\\full_authorized_sandbox\\building_three_rooms_persisted_2026083', 'class_name': 'TMainForm', 'control_type': 'Window'} last_validation_age_s=1.1400000000139698 diagnostic_fast_mode=False
2026-08-31 15:38:54.724 | DEBUG    | winwatt_automation.live_ui.app_connector:get_cached_main_window:566 - DBG_PHASE_TIMING phase=get_cached_main_window elapsed_ms=0.000 reason_code=cache_reused_without_validation
2026-08-31 15:38:54.866 | DEBUG    | winwatt_automation.live_ui.app_connector:get_cached_main_window:565 - DBG_WINWATT_CACHE_GET reason_code=cache_reused_without_validation payload={'wrapper_type': 'UIAWrapper', 'handle': 135726970, 'process_id': 17820, 'title': 'WinWatt gólya - C:\\Users\\Admin\\Documents\\GitHub\\autowinwatt\\winwatt_automation\\data\\runtime_maps\\full_authorized_sandbox\\building_three_rooms_persisted_2026083', 'class_name': 'TMainForm', 'control_type': 'Window'} last_validation_age_s=1.2810000000754371 diagnostic_fast_mode=False
2026-08-31 15:38:54.877 | DEBUG    | winwatt_automation.live_ui.app_connector:get_cached_main_window:566 - DBG_PHASE_TIMING phase=get_cached_main_window elapsed_ms=16.000 reason_code=cache_reused_without_validation
2026-08-31 15:38:54.877 | DEBUG    | winwatt_automation.live_ui.app_connector:get_cached_main_window:565 - DBG_WINWATT_CACHE_GET reason_code=cache_reused_without_validation payload={'wrapper_type': 'UIAWrapper', 'handle': 135726970, 'process_id': 17820, 'title': 'WinWatt gólya - C:\\Users\\Admin\\Documents\\GitHub\\autowinwatt\\winwatt_automation\\data\\runtime_maps\\full_authorized_sandbox\\building_three_rooms_persisted_2026083', 'class_name': 'TMainForm', 'control_type': 'Window'} last_validation_age_s=1.297000000020489 diagnostic_fast_mode=False
2026-08-31 15:38:54.877 | DEBUG    | winwatt_automation.live_ui.app_connector:get_cached_main_window:566 - DBG_PHASE_TIMING phase=get_cached_main_window elapsed_ms=0.000 reason_code=cache_reused_without_validation
2026-08-31 15:38:55.405 | INFO     | winwatt_automation.live_ui.menu_helpers:_menu_items:1101 - DBG_MENU_ITEMS_SUMMARY total_items=7 visible_items=7 topbar_band=(0, 0, 392, 53) topbar_band_visible_count=7 popup_region_visible_count=0 force_refresh=True handle=135726970
2026-08-31 15:38:55.405 | DEBUG    | winwatt_automation.live_ui.menu_helpers:_menu_items:1111 - Discovered 7 MenuItem controls
2026-08-31 15:38:55.405 | DEBUG    | winwatt_automation.live_ui.menu_helpers:_log_phase_timing:83 - DBG_PHASE_TIMING phase=_menu_items elapsed_ms=547.000 force_refresh=True total_items=7 visible_items=7
2026-08-31 15:38:55.468 | INFO     | winwatt_automation.live_ui.menu_helpers:list_top_menu_items:1141 - Top-level menu items (raw): ['Rendszer', 'Fájl', 'Jegyzékek', 'Eszközök', 'Beállítások', 'Ablak', 'Súgó']
2026-08-31 15:38:55.468 | DEBUG    | winwatt_automation.live_ui.menu_helpers:_log_phase_timing:83 - DBG_PHASE_TIMING phase=list_top_menu_items elapsed_ms=609.000 count=7
2026-08-31 15:38:55.981 | DEBUG    | winwatt_automation.live_ui.app_connector:get_cached_main_window:565 - DBG_WINWATT_CACHE_GET reason_code=cache_reused_without_validation payload={'wrapper_type': 'UIAWrapper', 'handle': 135726970, 'process_id': 17820, 'title': 'WinWatt gólya - C:\\Users\\Admin\\Documents\\GitHub\\autowinwatt\\winwatt_automation\\data\\runtime_maps\\full_authorized_sandbox\\building_three_rooms_persisted_2026083', 'class_name': 'TMainForm', 'control_type': 'Window'} last_validation_age_s=2.39000000001397 diagnostic_fast_mode=False
2026-08-31 15:38:55.981 | DEBUG    | winwatt_automation.live_ui.app_connector:get_cached_main_window:566 - DBG_PHASE_TIMING phase=get_cached_main_window elapsed_ms=16.000 reason_code=cache_reused_without_validation
2026-08-31 15:38:56.143 | DEBUG    | winwatt_automation.live_ui.app_connector:get_cached_main_window:565 - DBG_WINWATT_CACHE_GET reason_code=cache_reused_without_validation payload={'wrapper_type': 'UIAWrapper', 'handle': 135726970, 'process_id': 17820, 'title': 'WinWatt gólya - C:\\Users\\Admin\\Documents\\GitHub\\autowinwatt\\winwatt_automation\\data\\runtime_maps\\full_authorized_sandbox\\building_three_rooms_persisted_2026083', 'class_name': 'TMainForm', 'control_type': 'Window'} last_validation_age_s=2.562000000034459 diagnostic_fast_mode=False
2026-08-31 15:38:56.156 | DEBUG    | winwatt_automation.live_ui.app_connector:get_cached_main_window:566 - DBG_PHASE_TIMING phase=get_cached_main_window elapsed_ms=16.000 reason_code=cache_reused_without_validation
2026-08-31 15:38:56.156 | DEBUG    | winwatt_automation.live_ui.app_connector:get_cached_main_window:565 - DBG_WINWATT_CACHE_GET reason_code=cache_reused_without_validation payload={'wrapper_type': 'UIAWrapper', 'handle': 135726970, 'process_id': 17820, 'title': 'WinWatt gólya - C:\\Users\\Admin\\Documents\\GitHub\\autowinwatt\\winwatt_automation\\data\\runtime_maps\\full_authorized_sandbox\\building_three_rooms_persisted_2026083', 'class_name': 'TMainForm', 'control_type': 'Window'} last_validation_age_s=2.5780000000959262 diagnostic_fast_mode=False
2026-08-31 15:38:56.156 | DEBUG    | winwatt_automation.live_ui.app_connector:get_cached_main_window:566 - DBG_PHASE_TIMING phase=get_cached_main_window elapsed_ms=0.000 reason_code=cache_reused_without_validation
2026-08-31 15:38:56.683 | INFO     | winwatt_automation.live_ui.menu_helpers:_menu_items:1101 - DBG_MENU_ITEMS_SUMMARY total_items=7 visible_items=7 topbar_band=(0, 0, 392, 53) topbar_band_visible_count=7 popup_region_visible_count=0 force_refresh=True handle=135726970
2026-08-31 15:38:56.709 | DEBUG    | winwatt_automation.live_ui.menu_helpers:_menu_items:1111 - Discovered 7 MenuItem controls
2026-08-31 15:38:56.709 | DEBUG    | winwatt_automation.live_ui.menu_helpers:_log_phase_timing:83 - DBG_PHASE_TIMING phase=_menu_items elapsed_ms=563.000 force_refresh=True total_items=7 visible_items=7
2026-08-31 15:38:56.790 | INFO     | winwatt_automation.live_ui.menu_helpers:list_top_menu_items:1141 - Top-level menu items (raw): ['Rendszer', 'Fájl', 'Jegyzékek', 'Eszközök', 'Beállítások', 'Ablak', 'Súgó']
2026-08-31 15:38:56.795 | DEBUG    | winwatt_automation.live_ui.menu_helpers:_log_phase_timing:83 - DBG_PHASE_TIMING phase=list_top_menu_items elapsed_ms=657.000 count=7
2026-08-31 15:38:57.298 | DEBUG    | winwatt_automation.live_ui.app_connector:get_cached_main_window:565 - DBG_WINWATT_CACHE_GET reason_code=cache_reused_without_validation payload={'wrapper_type': 'UIAWrapper', 'handle': 135726970, 'process_id': 17820, 'title': 'WinWatt gólya - C:\\Users\\Admin\\Documents\\GitHub\\autowinwatt\\winwatt_automation\\data\\runtime_maps\\full_authorized_sandbox\\building_three_rooms_persisted_2026083', 'class_name': 'TMainForm', 'control_type': 'Window'} last_validation_age_s=3.719000000040978 diagnostic_fast_mode=False
2026-08-31 15:38:57.298 | DEBUG    | winwatt_automation.live_ui.app_connector:get_cached_main_window:566 - DBG_PHASE_TIMING phase=get_cached_main_window elapsed_ms=0.000 reason_code=cache_reused_without_validation
2026-08-31 15:38:59.289 | INFO     | winwatt_automation.live_ui.app_connector:is_winwatt_foreground_context:1161 - DBG_WINWATT_FOREGROUND_CONTEXT expected_handle=135726970 expected_process_id=17820 expected_title=WinWatt gólya - C:\Users\Admin\Documents\GitHub\autowinwatt\winwatt_automation\data\runtime_maps\full_authorized_sandbox\building_three_rooms_persisted_2026083 expected_class_name=TMainForm actual_foreground_handle=135726970 actual_foreground_process_id=17820 actual_foreground_title=WinWatt gólya - C:\Users\Admin\Documents\GitHub\autowinwatt\winwatt_automation\data\runtime_maps\full_authorized_sandbox\building_three_rooms_persisted_2026083 actual_foreground_class_name=TMainForm allow_dialog=True result_reason=handle_match
2026-08-31 15:38:59.289 | INFO     | winwatt_automation.live_ui.app_connector:_cached_window_health_status:489 - DBG_WINWATT_CACHE_HEALTH reason_code=healthy payload={'wrapper_type': 'UIAWrapper', 'handle': 135726970, 'process_id': 17820, 'title': 'WinWatt gólya - C:\\Users\\Admin\\Documents\\GitHub\\autowinwatt\\winwatt_automation\\data\\runtime_maps\\full_authorized_sandbox\\building_three_rooms_persisted_2026083', 'class_name': 'TMainForm', 'control_type': 'Window'}
2026-08-31 15:38:59.289 | DEBUG    | winwatt_automation.live_ui.app_connector:get_cached_main_window:574 - DBG_WINWATT_CACHE_GET reason_code=cache_validated_ok payload={'wrapper_type': 'UIAWrapper', 'handle': 135726970, 'process_id': 17820, 'title': 'WinWatt gólya - C:\\Users\\Admin\\Documents\\GitHub\\autowinwatt\\winwatt_automation\\data\\runtime_maps\\full_authorized_sandbox\\building_three_rooms_persisted_2026083', 'class_name': 'TMainForm', 'control_type': 'Window'} last_validation_age_s=5.703000000095926 diagnostic_fast_mode=False
2026-08-31 15:38:59.289 | DEBUG    | winwatt_automation.live_ui.app_connector:get_cached_main_window:575 - DBG_PHASE_TIMING phase=get_cached_main_window elapsed_ms=0.000 reason_code=cache_validated_ok
2026-08-31 15:38:59.622 | DEBUG    | winwatt_automation.live_ui.app_connector:get_cached_main_window:565 - DBG_WINWATT_CACHE_GET reason_code=cache_reused_without_validation payload={'wrapper_type': 'UIAWrapper', 'handle': 135726970, 'process_id': 17820, 'title': 'WinWatt gólya - C:\\Users\\Admin\\Documents\\GitHub\\autowinwatt\\winwatt_automation\\data\\runtime_maps\\full_authorized_sandbox\\building_three_rooms_persisted_2026083', 'class_name': 'TMainForm', 'control_type': 'Window'} last_validation_age_s=0.34399999992456287 diagnostic_fast_mode=False
2026-08-31 15:38:59.622 | DEBUG    | winwatt_automation.live_ui.app_connector:get_cached_main_window:566 - DBG_PHASE_TIMING phase=get_cached_main_window elapsed_ms=0.000 reason_code=cache_reused_without_validation
2026-08-31 15:38:59.765 | DEBUG    | winwatt_automation.live_ui.app_connector:get_cached_main_window:565 - DBG_WINWATT_CACHE_GET reason_code=cache_reused_without_validation payload={'wrapper_type': 'UIAWrapper', 'handle': 135726970, 'process_id': 17820, 'title': 'WinWatt gólya - C:\\Users\\Admin\\Documents\\GitHub\\autowinwatt\\winwatt_automation\\data\\runtime_maps\\full_authorized_sandbox\\building_three_rooms_persisted_2026083', 'class_name': 'TMainForm', 'control_type': 'Window'} last_validation_age_s=0.46899999992456287 diagnostic_fast_mode=False
2026-08-31 15:38:59.766 | DEBUG    | winwatt_automation.live_ui.app_connector:get_cached_main_window:566 - DBG_PHASE_TIMING phase=get_cached_main_window elapsed_ms=15.000 reason_code=cache_reused_without_validation
2026-08-31 15:39:03.441 | INFO     | winwatt_automation.live_ui.app_connector:is_winwatt_foreground_context:1161 - DBG_WINWATT_FOREGROUND_CONTEXT expected_handle=135726970 expected_process_id=17820 expected_title=WinWatt gólya - C:\Users\Admin\Documents\GitHub\autowinwatt\winwatt_automation\data\runtime_maps\full_authorized_sandbox\building_three_rooms_persisted_2026083 expected_class_name=TMainForm actual_foreground_handle=135726970 actual_foreground_process_id=17820 actual_foreground_title=WinWatt gólya - C:\Users\Admin\Documents\GitHub\autowinwatt\winwatt_automation\data\runtime_maps\full_authorized_sandbox\building_three_rooms_persisted_2026083 actual_foreground_class_name=TMainForm allow_dialog=True result_reason=handle_match
2026-08-31 15:39:03.441 | INFO     | winwatt_automation.live_ui.app_connector:_cached_window_health_status:489 - DBG_WINWATT_CACHE_HEALTH reason_code=healthy payload={'wrapper_type': 'UIAWrapper', 'handle': 135726970, 'process_id': 17820, 'title': 'WinWatt gólya - C:\\Users\\Admin\\Documents\\GitHub\\autowinwatt\\winwatt_automation\\data\\runtime_maps\\full_authorized_sandbox\\building_three_rooms_persisted_2026083', 'class_name': 'TMainForm', 'control_type': 'Window'}
2026-08-31 15:39:03.441 | DEBUG    | winwatt_automation.live_ui.app_connector:get_cached_main_window:574 - DBG_WINWATT_CACHE_GET reason_code=cache_validated_ok payload={'wrapper_type': 'UIAWrapper', 'handle': 135726970, 'process_id': 17820, 'title': 'WinWatt gólya - C:\\Users\\Admin\\Documents\\GitHub\\autowinwatt\\winwatt_automation\\data\\runtime_maps\\full_authorized_sandbox\\building_three_rooms_persisted_2026083', 'class_name': 'TMainForm', 'control_type': 'Window'} last_validation_age_s=4.155999999959022 diagnostic_fast_mode=False
2026-08-31 15:39:03.441 | DEBUG    | winwatt_automation.live_ui.app_connector:get_cached_main_window:575 - DBG_PHASE_TIMING phase=get_cached_main_window elapsed_ms=0.000 reason_code=cache_validated_ok
2026-08-31 15:39:05.821 | DEBUG    | winwatt_automation.live_ui.app_connector:get_cached_main_window:565 - DBG_WINWATT_CACHE_GET reason_code=cache_reused_without_validation payload={'wrapper_type': 'UIAWrapper', 'handle': 135726970, 'process_id': 17820, 'title': 'WinWatt gólya - C:\\Users\\Admin\\Documents\\GitHub\\autowinwatt\\winwatt_automation\\data\\runtime_maps\\full_authorized_sandbox\\building_three_rooms_persisted_2026083', 'class_name': 'TMainForm', 'control_type': 'Window'} last_validation_age_s=2.280999999959022 diagnostic_fast_mode=False
2026-08-31 15:39:05.821 | DEBUG    | winwatt_automation.live_ui.app_connector:get_cached_main_window:566 - DBG_PHASE_TIMING phase=get_cached_main_window elapsed_ms=94.000 reason_code=cache_reused_without_validation
2026-08-31 15:39:06.593 | DEBUG    | winwatt_automation.live_ui.app_connector:get_cached_main_window:565 - DBG_WINWATT_CACHE_GET reason_code=cache_reused_without_validation payload={'wrapper_type': 'UIAWrapper', 'handle': 135726970, 'process_id': 17820, 'title': 'WinWatt gólya - C:\\Users\\Admin\\Documents\\GitHub\\autowinwatt\\winwatt_automation\\data\\runtime_maps\\full_authorized_sandbox\\building_three_rooms_persisted_2026083', 'class_name': 'TMainForm', 'control_type': 'Window'} last_validation_age_s=3.155999999959022 diagnostic_fast_mode=False
2026-08-31 15:39:06.593 | DEBUG    | winwatt_automation.live_ui.app_connector:get_cached_main_window:566 - DBG_PHASE_TIMING phase=get_cached_main_window elapsed_ms=0.000 reason_code=cache_reused_without_validation
2026-08-31 15:39:07.771 | INFO     | winwatt_automation.live_ui.app_connector:get_cached_main_window:597 - DBG_WINWATT_CACHE_GET reason_code=cache_missing_resolving_fresh diagnostic_fast_mode=False
2026-08-31 15:39:07.950 | DEBUG    | winwatt_automation.live_ui.app_connector:list_candidate_windows:180 - Discovered 0 WinWatt-like windows on backend=win32
2026-08-31 15:39:07.950 | INFO     | winwatt_automation.live_ui.app_connector:_connect_with_win32_handle:276 - DBG_WINWATT_CONNECT_WIN32_CANDIDATES locator=backend=win32 ranked_candidates=[] 
2026-08-31 15:39:07.950 | WARNING  | winwatt_automation.runtime_mapping.program_mapper:_safe_capture_snapshot:191 - snapshot_capture_failed state_id=startup_after_relaunch error=No WinWatt-like windows were found
2026-08-31 15:39:08.461 | INFO     | winwatt_automation.live_ui.app_connector:get_cached_main_window:597 - DBG_WINWATT_CACHE_GET reason_code=cache_missing_resolving_fresh diagnostic_fast_mode=False
2026-08-31 15:39:11.083 | DEBUG    | winwatt_automation.live_ui.app_connector:list_candidate_windows:180 - Discovered 0 WinWatt-like windows on backend=win32
2026-08-31 15:39:11.090 | INFO     | winwatt_automation.live_ui.app_connector:_connect_with_win32_handle:276 - DBG_WINWATT_CONNECT_WIN32_CANDIDATES locator=backend=win32 ranked_candidates=[] 
2026-08-31 15:39:11.090 | WARNING  | winwatt_automation.runtime_mapping.program_mapper:_safe_capture_snapshot:191 - snapshot_capture_failed state_id=startup_after_relaunch error=No WinWatt-like windows were found
2026-08-31 15:39:11.591 | INFO     | winwatt_automation.live_ui.app_connector:get_cached_main_window:597 - DBG_WINWATT_CACHE_GET reason_code=cache_missing_resolving_fresh diagnostic_fast_mode=False
2026-08-31 15:39:13.219 | DEBUG    | winwatt_automation.live_ui.app_connector:list_candidate_windows:180 - Discovered 0 WinWatt-like windows on backend=win32
2026-08-31 15:39:13.219 | INFO     | winwatt_automation.live_ui.app_connector:_connect_with_win32_handle:276 - DBG_WINWATT_CONNECT_WIN32_CANDIDATES locator=backend=win32 ranked_candidates=[] 
2026-08-31 15:39:13.219 | WARNING  | winwatt_automation.runtime_mapping.program_mapper:_safe_capture_snapshot:191 - snapshot_capture_failed state_id=startup_after_relaunch error=No WinWatt-like windows were found
2026-08-31 15:39:13.726 | INFO     | winwatt_automation.live_ui.app_connector:get_cached_main_window:597 - DBG_WINWATT_CACHE_GET reason_code=cache_missing_resolving_fresh diagnostic_fast_mode=False
2026-08-31 15:39:13.833 | DEBUG    | winwatt_automation.live_ui.app_connector:list_candidate_windows:180 - Discovered 0 WinWatt-like windows on backend=win32
2026-08-31 15:39:13.833 | INFO     | winwatt_automation.live_ui.app_connector:_connect_with_win32_handle:276 - DBG_WINWATT_CONNECT_WIN32_CANDIDATES locator=backend=win32 ranked_candidates=[] 
2026-08-31 15:39:13.833 | WARNING  | winwatt_automation.runtime_mapping.program_mapper:_safe_capture_snapshot:191 - snapshot_capture_failed state_id=startup_after_relaunch error=No WinWatt-like windows were found
2026-08-31 15:39:14.340 | INFO     | winwatt_automation.live_ui.app_connector:get_cached_main_window:597 - DBG_WINWATT_CACHE_GET reason_code=cache_missing_resolving_fresh diagnostic_fast_mode=False
2026-08-31 15:39:14.409 | DEBUG    | winwatt_automation.live_ui.app_connector:list_candidate_windows:180 - Discovered 0 WinWatt-like windows on backend=win32
2026-08-31 15:39:14.409 | INFO     | winwatt_automation.live_ui.app_connector:_connect_with_win32_handle:276 - DBG_WINWATT_CONNECT_WIN32_CANDIDATES locator=backend=win32 ranked_candidates=[] 
2026-08-31 15:39:14.409 | WARNING  | winwatt_automation.runtime_mapping.program_mapper:_safe_capture_snapshot:191 - snapshot_capture_failed state_id=startup_after_relaunch error=No WinWatt-like windows were found
2026-08-31 15:39:14.918 | INFO     | winwatt_automation.live_ui.app_connector:get_cached_main_window:597 - DBG_WINWATT_CACHE_GET reason_code=cache_missing_resolving_fresh diagnostic_fast_mode=False
2026-08-31 15:39:14.997 | DEBUG    | winwatt_automation.live_ui.app_connector:list_candidate_windows:180 - Discovered 0 WinWatt-like windows on backend=win32
2026-08-31 15:39:14.997 | INFO     | winwatt_automation.live_ui.app_connector:_connect_with_win32_handle:276 - DBG_WINWATT_CONNECT_WIN32_CANDIDATES locator=backend=win32 ranked_candidates=[] 
2026-08-31 15:39:14.997 | WARNING  | winwatt_automation.runtime_mapping.program_mapper:_safe_capture_snapshot:191 - snapshot_capture_failed state_id=startup_after_relaunch error=No WinWatt-like windows were found
2026-08-31 15:39:15.509 | INFO     | winwatt_automation.live_ui.app_connector:get_cached_main_window:597 - DBG_WINWATT_CACHE_GET reason_code=cache_missing_resolving_fresh diagnostic_fast_mode=False
2026-08-31 15:39:15.575 | DEBUG    | winwatt_automation.live_ui.app_connector:list_candidate_windows:180 - Discovered 0 WinWatt-like windows on backend=win32
2026-08-31 15:39:15.575 | INFO     | winwatt_automation.live_ui.app_connector:_connect_with_win32_handle:276 - DBG_WINWATT_CONNECT_WIN32_CANDIDATES locator=backend=win32 ranked_candidates=[] 
2026-08-31 15:39:15.575 | WARNING  | winwatt_automation.runtime_mapping.program_mapper:_safe_capture_snapshot:191 - snapshot_capture_failed state_id=startup_after_relaunch error=No WinWatt-like windows were found
2026-08-31 15:39:16.088 | INFO     | winwatt_automation.live_ui.app_connector:get_cached_main_window:597 - DBG_WINWATT_CACHE_GET reason_code=cache_missing_resolving_fresh diagnostic_fast_mode=False
2026-08-31 15:39:16.188 | DEBUG    | winwatt_automation.live_ui.app_connector:list_candidate_windows:180 - Discovered 0 WinWatt-like windows on backend=win32
2026-08-31 15:39:16.188 | INFO     | winwatt_automation.live_ui.app_connector:_connect_with_win32_handle:276 - DBG_WINWATT_CONNECT_WIN32_CANDIDATES locator=backend=win32 ranked_candidates=[] 
2026-08-31 15:39:16.188 | WARNING  | winwatt_automation.runtime_mapping.program_mapper:_safe_capture_snapshot:191 - snapshot_capture_failed state_id=startup_after_relaunch error=No WinWatt-like windows were found
2026-08-31 15:39:16.704 | INFO     | winwatt_automation.live_ui.app_connector:get_cached_main_window:597 - DBG_WINWATT_CACHE_GET reason_code=cache_missing_resolving_fresh diagnostic_fast_mode=False
2026-08-31 15:39:16.767 | DEBUG    | winwatt_automation.live_ui.app_connector:list_candidate_windows:180 - Discovered 0 WinWatt-like windows on backend=win32
2026-08-31 15:39:16.767 | INFO     | winwatt_automation.live_ui.app_connector:_connect_with_win32_handle:276 - DBG_WINWATT_CONNECT_WIN32_CANDIDATES locator=backend=win32 ranked_candidates=[] 
2026-08-31 15:39:16.767 | WARNING  | winwatt_automation.runtime_mapping.program_mapper:_safe_capture_snapshot:191 - snapshot_capture_failed state_id=startup_after_relaunch error=No WinWatt-like windows were found
2026-08-31 15:39:17.280 | INFO     | winwatt_automation.live_ui.app_connector:get_cached_main_window:597 - DBG_WINWATT_CACHE_GET reason_code=cache_missing_resolving_fresh diagnostic_fast_mode=False
2026-08-31 15:39:17.347 | DEBUG    | winwatt_automation.live_ui.app_connector:list_candidate_windows:180 - Discovered 0 WinWatt-like windows on backend=win32
2026-08-31 15:39:17.347 | INFO     | winwatt_automation.live_ui.app_connector:_connect_with_win32_handle:276 - DBG_WINWATT_CONNECT_WIN32_CANDIDATES locator=backend=win32 ranked_candidates=[] 
2026-08-31 15:39:17.347 | WARNING  | winwatt_automation.runtime_mapping.program_mapper:_safe_capture_snapshot:191 - snapshot_capture_failed state_id=startup_after_relaunch error=No WinWatt-like windows were found
2026-08-31 15:39:17.862 | INFO     | winwatt_automation.live_ui.app_connector:get_cached_main_window:597 - DBG_WINWATT_CACHE_GET reason_code=cache_missing_resolving_fresh diagnostic_fast_mode=False
2026-08-31 15:39:17.959 | DEBUG    | winwatt_automation.live_ui.app_connector:list_candidate_windows:180 - Discovered 0 WinWatt-like windows on backend=win32
2026-08-31 15:39:17.962 | INFO     | winwatt_automation.live_ui.app_connector:_connect_with_win32_handle:276 - DBG_WINWATT_CONNECT_WIN32_CANDIDATES locator=backend=win32 ranked_candidates=[] 
2026-08-31 15:39:17.962 | WARNING  | winwatt_automation.runtime_mapping.program_mapper:_safe_capture_snapshot:191 - snapshot_capture_failed state_id=startup_after_relaunch error=No WinWatt-like windows were found
2026-08-31 15:39:18.467 | INFO     | winwatt_automation.live_ui.app_connector:get_cached_main_window:597 - DBG_WINWATT_CACHE_GET reason_code=cache_missing_resolving_fresh diagnostic_fast_mode=False
2026-08-31 15:39:18.547 | DEBUG    | winwatt_automation.live_ui.app_connector:list_candidate_windows:180 - Discovered 0 WinWatt-like windows on backend=win32
2026-08-31 15:39:18.551 | INFO     | winwatt_automation.live_ui.app_connector:_connect_with_win32_handle:276 - DBG_WINWATT_CONNECT_WIN32_CANDIDATES locator=backend=win32 ranked_candidates=[] 
2026-08-31 15:39:18.551 | WARNING  | winwatt_automation.runtime_mapping.program_mapper:_safe_capture_snapshot:191 - snapshot_capture_failed state_id=startup_after_relaunch error=No WinWatt-like windows were found
2026-08-31 15:39:19.052 | INFO     | winwatt_automation.live_ui.app_connector:get_cached_main_window:597 - DBG_WINWATT_CACHE_GET reason_code=cache_missing_resolving_fresh diagnostic_fast_mode=False
2026-08-31 15:39:19.138 | DEBUG    | winwatt_automation.live_ui.app_connector:list_candidate_windows:180 - Discovered 0 WinWatt-like windows on backend=win32
2026-08-31 15:39:19.138 | INFO     | winwatt_automation.live_ui.app_connector:_connect_with_win32_handle:276 - DBG_WINWATT_CONNECT_WIN32_CANDIDATES locator=backend=win32 ranked_candidates=[] 
2026-08-31 15:39:19.138 | WARNING  | winwatt_automation.runtime_mapping.program_mapper:_safe_capture_snapshot:191 - snapshot_capture_failed state_id=startup_after_relaunch error=No WinWatt-like windows were found
2026-08-31 15:39:19.650 | INFO     | winwatt_automation.live_ui.app_connector:get_cached_main_window:597 - DBG_WINWATT_CACHE_GET reason_code=cache_missing_resolving_fresh diagnostic_fast_mode=False
2026-08-31 15:39:19.767 | DEBUG    | winwatt_automation.live_ui.app_connector:list_candidate_windows:180 - Discovered 1 WinWatt-like windows on backend=win32
2026-08-31 15:39:19.767 | DEBUG    | winwatt_automation.live_ui.app_connector:list_candidate_windows:182 - Candidate[win32]: {'title': 'WinWatt gólya - C:\\Users\\Admin\\Documents\\GitHub\\autowinwatt\\winwatt_automation\\data\\runtime_maps\\full_authorized_sandbox\\building_three_rooms_persisted_2026083', 'window_text': 'WinWatt gólya - C:\\Users\\Admin\\Documents\\GitHub\\autowinwatt\\winwatt_automation\\data\\runtime_maps\\full_authorized_sandbox\\building_three_rooms_persisted_2026083', 'class_name': 'TMainForm', 'control_type': None, 'process_id': 23196, 'handle': None, 'is_visible': True, 'is_enabled': True, 'rectangle': {'left': -10, 'top': -10, 'right': 1930, 'bottom': 1030, 'width': 1940, 'height': 1040}, 'size': {'width': 1940, 'height': 1040}}
2026-08-31 15:39:19.767 | INFO     | winwatt_automation.live_ui.app_connector:_connect_with_win32_handle:276 - DBG_WINWATT_CONNECT_WIN32_CANDIDATES locator=backend=win32 ranked_candidates=[{'rank': 1, 'score': (1, 1, 1, 1, 2017600), 'process_id': 23196, 'handle': None, 'class_name': 'TMainForm', 'title': 'WinWatt gólya - C:\\Users\\Admin\\Documents\\GitHub\\autowinwatt\\winwatt_automation\\data\\runtime_maps\\full_authorized_sandbox\\building_three_rooms_persisted_2026083', 'visible': True, 'enabled': True}] 
2026-08-31 15:39:19.767 | INFO     | winwatt_automation.live_ui.app_connector:select_main_window:224 - Candidate ranking score=(1, 1, 1, 1, 2017600) data={'title': 'WinWatt gólya - C:\\Users\\Admin\\Documents\\GitHub\\autowinwatt\\winwatt_automation\\data\\runtime_maps\\full_authorized_sandbox\\building_three_rooms_persisted_2026083', 'window_text': 'WinWatt gólya - C:\\Users\\Admin\\Documents\\GitHub\\autowinwatt\\winwatt_automation\\data\\runtime_maps\\full_authorized_sandbox\\building_three_rooms_persisted_2026083', 'class_name': 'TMainForm', 'control_type': None, 'process_id': 23196, 'handle': None, 'is_visible': True, 'is_enabled': True, 'rectangle': {'left': -10, 'top': -10, 'right': 1930, 'bottom': 1030, 'width': 1940, 'height': 1040}, 'size': {'width': 1940, 'height': 1040}}
2026-08-31 15:39:19.782 | INFO     | winwatt_automation.live_ui.app_connector:select_main_window:234 - Selected main window process_id=23196 handle=None score=(1, 1, 1, 1, 2017600) reasons=['has_process_id=True', 'has_handle=False', 'visible=True', 'enabled=True', 'title_has_winwatt=True', 'area=2017600']
2026-08-31 15:39:19.782 | INFO     | winwatt_automation.live_ui.app_connector:_connect_with_win32_handle:293 - DBG_WINWATT_CONNECT_WIN32_SELECTED selected_payload={'title': 'WinWatt gólya - C:\\Users\\Admin\\Documents\\GitHub\\autowinwatt\\winwatt_automation\\data\\runtime_maps\\full_authorized_sandbox\\building_three_rooms_persisted_2026083', 'window_text': 'WinWatt gólya - C:\\Users\\Admin\\Documents\\GitHub\\autowinwatt\\winwatt_automation\\data\\runtime_maps\\full_authorized_sandbox\\building_three_rooms_persisted_2026083', 'class_name': 'TMainForm', 'control_type': None, 'process_id': 23196, 'handle': None, 'is_visible': True, 'is_enabled': True, 'rectangle': {'left': -10, 'top': -10, 'right': 1930, 'bottom': 1030, 'width': 1940, 'height': 1040}, 'size': {'width': 1940, 'height': 1040}} selected_handle_is_none=True
2026-08-31 15:39:19.784 | INFO     | winwatt_automation.live_ui.app_connector:_connect_with_win32_handle:336 - Connected to WinWatt backend=win32 attach_mode=process candidate={'process_id': 23196, 'handle': None, 'class_name': 'TMainForm', 'title': 'WinWatt gólya - C:\\Users\\Admin\\Documents\\GitHub\\autowinwatt\\winwatt_automation\\data\\runtime_maps\\full_authorized_sandbox\\building_three_rooms_persisted_2026083'}
2026-08-31 15:39:19.798 | INFO     | winwatt_automation.live_ui.app_connector:_connect_with_win32_handle:350 - DBG_WINWATT_CONNECT_WIN32_RESOLVED process_id=23196 resolved_handle=None selected_payload={'title': 'WinWatt gólya - C:\\Users\\Admin\\Documents\\GitHub\\autowinwatt\\winwatt_automation\\data\\runtime_maps\\full_authorized_sandbox\\building_three_rooms_persisted_2026083', 'window_text': 'WinWatt gólya - C:\\Users\\Admin\\Documents\\GitHub\\autowinwatt\\winwatt_automation\\data\\runtime_maps\\full_authorized_sandbox\\building_three_rooms_persisted_2026083', 'class_name': 'TMainForm', 'control_type': None, 'process_id': 23196, 'handle': None, 'is_visible': True, 'is_enabled': True, 'rectangle': {'left': -10, 'top': -10, 'right': 1930, 'bottom': 1030, 'width': 1940, 'height': 1040}, 'size': {'width': 1940, 'height': 1040}}
2026-08-31 15:39:19.798 | INFO     | winwatt_automation.live_ui.app_connector:_resolve_uia_main_window:382 - DBG_WINWATT_RESOLVE_UIA_WIN32_SELECTED selected_payload={'title': 'WinWatt gólya - C:\\Users\\Admin\\Documents\\GitHub\\autowinwatt\\winwatt_automation\\data\\runtime_maps\\full_authorized_sandbox\\building_three_rooms_persisted_2026083', 'window_text': 'WinWatt gólya - C:\\Users\\Admin\\Documents\\GitHub\\autowinwatt\\winwatt_automation\\data\\runtime_maps\\full_authorized_sandbox\\building_three_rooms_persisted_2026083', 'class_name': 'TMainForm', 'control_type': None, 'process_id': 23196, 'handle': None, 'is_visible': True, 'is_enabled': True, 'rectangle': {'left': -10, 'top': -10, 'right': 1930, 'bottom': 1030, 'width': 1940, 'height': 1040}, 'size': {'width': 1940, 'height': 1040}}
2026-08-31 15:39:19.798 | INFO     | winwatt_automation.live_ui.app_connector:_resolve_uia_main_window:388 - Connected to WinWatt backend=uia process_id=23196
2026-08-31 15:39:19.798 | INFO     | winwatt_automation.live_ui.app_connector:_resolve_uia_main_window:390 - Resolving main WinWatt window backend=uia class_name=TMainForm title_re=.*WinWatt.*
2026-08-31 15:39:20.198 | INFO     | winwatt_automation.live_ui.app_connector:_resolve_uia_main_window:400 - DBG_WINWATT_RESOLVE_UIA_PRIMARY selected_payload={'title': 'WinWatt gólya - C:\\Users\\Admin\\Documents\\GitHub\\autowinwatt\\winwatt_automation\\data\\runtime_maps\\full_authorized_sandbox\\building_three_rooms_persisted_2026083', 'window_text': 'WinWatt gólya - C:\\Users\\Admin\\Documents\\GitHub\\autowinwatt\\winwatt_automation\\data\\runtime_maps\\full_authorized_sandbox\\building_three_rooms_persisted_2026083', 'class_name': 'TMainForm', 'control_type': None, 'process_id': 23196, 'handle': None, 'is_visible': True, 'is_enabled': True, 'rectangle': {'left': -10, 'top': -10, 'right': 1930, 'bottom': 1030, 'width': 1940, 'height': 1040}, 'size': {'width': 1940, 'height': 1040}} primary_result={'wrapper_type': 'UIAWrapper', 'handle': 157026090, 'process_id': 23196, 'title': 'WinWatt gólya - C:\\Users\\Admin\\Documents\\GitHub\\autowinwatt\\winwatt_automation\\data\\runtime_maps\\full_authorized_sandbox\\building_three_rooms_persisted_2026083', 'class_name': 'TMainForm', 'control_type': 'Window'} identity_match_with_win32=None
2026-08-31 15:39:20.198 | DEBUG    | winwatt_automation.live_ui.app_connector:get_cached_main_window:606 - DBG_PHASE_TIMING phase=get_cached_main_window elapsed_ms=547.000 reason_code=fresh_resolve
2026-08-31 15:39:20.350 | DEBUG    | winwatt_automation.live_ui.app_connector:get_cached_main_window:565 - DBG_WINWATT_CACHE_GET reason_code=cache_reused_without_validation payload={'wrapper_type': 'UIAWrapper', 'handle': 157026090, 'process_id': 23196, 'title': 'WinWatt gólya - C:\\Users\\Admin\\Documents\\GitHub\\autowinwatt\\winwatt_automation\\data\\runtime_maps\\full_authorized_sandbox\\building_three_rooms_persisted_2026083', 'class_name': 'TMainForm', 'control_type': 'Window'} last_validation_age_s=0.1559999999590218 diagnostic_fast_mode=False
2026-08-31 15:39:20.350 | DEBUG    | winwatt_automation.live_ui.app_connector:get_cached_main_window:566 - DBG_PHASE_TIMING phase=get_cached_main_window elapsed_ms=0.000 reason_code=cache_reused_without_validation
2026-08-31 15:39:20.365 | DEBUG    | winwatt_automation.live_ui.app_connector:get_cached_main_window:565 - DBG_WINWATT_CACHE_GET reason_code=cache_reused_without_validation payload={'wrapper_type': 'UIAWrapper', 'handle': 157026090, 'process_id': 23196, 'title': 'WinWatt gólya - C:\\Users\\Admin\\Documents\\GitHub\\autowinwatt\\winwatt_automation\\data\\runtime_maps\\full_authorized_sandbox\\building_three_rooms_persisted_2026083', 'class_name': 'TMainForm', 'control_type': 'Window'} last_validation_age_s=0.1559999999590218 diagnostic_fast_mode=False
2026-08-31 15:39:20.365 | DEBUG    | winwatt_automation.live_ui.app_connector:get_cached_main_window:566 - DBG_PHASE_TIMING phase=get_cached_main_window elapsed_ms=16.000 reason_code=cache_reused_without_validation
2026-08-31 15:39:20.881 | INFO     | winwatt_automation.live_ui.menu_helpers:_menu_items:1101 - DBG_MENU_ITEMS_SUMMARY total_items=7 visible_items=7 topbar_band=(0, 0, 392, 53) topbar_band_visible_count=7 popup_region_visible_count=0 force_refresh=True handle=157026090
2026-08-31 15:39:20.886 | DEBUG    | winwatt_automation.live_ui.menu_helpers:_menu_items:1111 - Discovered 7 MenuItem controls
2026-08-31 15:39:20.886 | DEBUG    | winwatt_automation.live_ui.menu_helpers:_log_phase_timing:83 - DBG_PHASE_TIMING phase=_menu_items elapsed_ms=532.000 force_refresh=True total_items=7 visible_items=7
2026-08-31 15:39:20.945 | INFO     | winwatt_automation.live_ui.menu_helpers:list_top_menu_items:1141 - Top-level menu items (raw): ['Rendszer', 'Fájl', 'Jegyzékek', 'Eszközök', 'Beállítások', 'Ablak', 'Súgó']
2026-08-31 15:39:20.945 | DEBUG    | winwatt_automation.live_ui.menu_helpers:_log_phase_timing:83 - DBG_PHASE_TIMING phase=list_top_menu_items elapsed_ms=594.000 count=7
2026-08-31 15:39:21.464 | DEBUG    | winwatt_automation.live_ui.app_connector:get_cached_main_window:565 - DBG_WINWATT_CACHE_GET reason_code=cache_reused_without_validation payload={'wrapper_type': 'UIAWrapper', 'handle': 157026090, 'process_id': 23196, 'title': 'WinWatt gólya - C:\\Users\\Admin\\Documents\\GitHub\\autowinwatt\\winwatt_automation\\data\\runtime_maps\\full_authorized_sandbox\\building_three_rooms_persisted_2026083', 'class_name': 'TMainForm', 'control_type': 'Window'} last_validation_age_s=1.265999999945052 diagnostic_fast_mode=False
2026-08-31 15:39:21.472 | DEBUG    | winwatt_automation.live_ui.app_connector:get_cached_main_window:566 - DBG_PHASE_TIMING phase=get_cached_main_window elapsed_ms=15.000 reason_code=cache_reused_without_validation
2026-08-31 15:39:21.633 | DEBUG    | winwatt_automation.live_ui.app_connector:get_cached_main_window:565 - DBG_WINWATT_CACHE_GET reason_code=cache_reused_without_validation payload={'wrapper_type': 'UIAWrapper', 'handle': 157026090, 'process_id': 23196, 'title': 'WinWatt gólya - C:\\Users\\Admin\\Documents\\GitHub\\autowinwatt\\winwatt_automation\\data\\runtime_maps\\full_authorized_sandbox\\building_three_rooms_persisted_2026083', 'class_name': 'TMainForm', 'control_type': 'Window'} last_validation_age_s=1.437999999965541 diagnostic_fast_mode=False
2026-08-31 15:39:21.633 | DEBUG    | winwatt_automation.live_ui.app_connector:get_cached_main_window:566 - DBG_PHASE_TIMING phase=get_cached_main_window elapsed_ms=0.000 reason_code=cache_reused_without_validation
2026-08-31 15:39:21.633 | DEBUG    | winwatt_automation.live_ui.app_connector:get_cached_main_window:565 - DBG_WINWATT_CACHE_GET reason_code=cache_reused_without_validation payload={'wrapper_type': 'UIAWrapper', 'handle': 157026090, 'process_id': 23196, 'title': 'WinWatt gólya - C:\\Users\\Admin\\Documents\\GitHub\\autowinwatt\\winwatt_automation\\data\\runtime_maps\\full_authorized_sandbox\\building_three_rooms_persisted_2026083', 'class_name': 'TMainForm', 'control_type': 'Window'} last_validation_age_s=1.437999999965541 diagnostic_fast_mode=False
2026-08-31 15:39:21.633 | DEBUG    | winwatt_automation.live_ui.app_connector:get_cached_main_window:566 - DBG_PHASE_TIMING phase=get_cached_main_window elapsed_ms=0.000 reason_code=cache_reused_without_validation
2026-08-31 15:39:22.229 | INFO     | winwatt_automation.live_ui.menu_helpers:_menu_items:1101 - DBG_MENU_ITEMS_SUMMARY total_items=7 visible_items=7 topbar_band=(0, 0, 392, 53) topbar_band_visible_count=7 popup_region_visible_count=0 force_refresh=True handle=157026090
2026-08-31 15:39:22.229 | DEBUG    | winwatt_automation.live_ui.menu_helpers:_menu_items:1111 - Discovered 7 MenuItem controls
2026-08-31 15:39:22.229 | DEBUG    | winwatt_automation.live_ui.menu_helpers:_log_phase_timing:83 - DBG_PHASE_TIMING phase=_menu_items elapsed_ms=593.000 force_refresh=True total_items=7 visible_items=7
2026-08-31 15:39:22.325 | INFO     | winwatt_automation.live_ui.menu_helpers:list_top_menu_items:1141 - Top-level menu items (raw): ['Rendszer', 'Fájl', 'Jegyzékek', 'Eszközök', 'Beállítások', 'Ablak', 'Súgó']
2026-08-31 15:39:22.325 | DEBUG    | winwatt_automation.live_ui.menu_helpers:_log_phase_timing:83 - DBG_PHASE_TIMING phase=list_top_menu_items elapsed_ms=703.000 count=7
2026-08-31 15:39:22.840 | DEBUG    | winwatt_automation.live_ui.app_connector:get_cached_main_window:565 - DBG_WINWATT_CACHE_GET reason_code=cache_reused_without_validation payload={'wrapper_type': 'UIAWrapper', 'handle': 157026090, 'process_id': 23196, 'title': 'WinWatt gólya - C:\\Users\\Admin\\Documents\\GitHub\\autowinwatt\\winwatt_automation\\data\\runtime_maps\\full_authorized_sandbox\\building_three_rooms_persisted_2026083', 'class_name': 'TMainForm', 'control_type': 'Window'} last_validation_age_s=2.640999999945052 diagnostic_fast_mode=False
2026-08-31 15:39:22.840 | DEBUG    | winwatt_automation.live_ui.app_connector:get_cached_main_window:566 - DBG_PHASE_TIMING phase=get_cached_main_window elapsed_ms=0.000 reason_code=cache_reused_without_validation
2026-08-31 15:39:22.997 | DEBUG    | winwatt_automation.live_ui.app_connector:get_cached_main_window:565 - DBG_WINWATT_CACHE_GET reason_code=cache_reused_without_validation payload={'wrapper_type': 'UIAWrapper', 'handle': 157026090, 'process_id': 23196, 'title': 'WinWatt gólya - C:\\Users\\Admin\\Documents\\GitHub\\autowinwatt\\winwatt_automation\\data\\runtime_maps\\full_authorized_sandbox\\building_three_rooms_persisted_2026083', 'class_name': 'TMainForm', 'control_type': 'Window'} last_validation_age_s=2.797000000020489 diagnostic_fast_mode=False
2026-08-31 15:39:22.997 | DEBUG    | winwatt_automation.live_ui.app_connector:get_cached_main_window:566 - DBG_PHASE_TIMING phase=get_cached_main_window elapsed_ms=16.000 reason_code=cache_reused_without_validation
2026-08-31 15:39:22.997 | DEBUG    | winwatt_automation.live_ui.app_connector:get_cached_main_window:565 - DBG_WINWATT_CACHE_GET reason_code=cache_reused_without_validation payload={'wrapper_type': 'UIAWrapper', 'handle': 157026090, 'process_id': 23196, 'title': 'WinWatt gólya - C:\\Users\\Admin\\Documents\\GitHub\\autowinwatt\\winwatt_automation\\data\\runtime_maps\\full_authorized_sandbox\\building_three_rooms_persisted_2026083', 'class_name': 'TMainForm', 'control_type': 'Window'} last_validation_age_s=2.812999999965541 diagnostic_fast_mode=False
2026-08-31 15:39:22.997 | DEBUG    | winwatt_automation.live_ui.app_connector:get_cached_main_window:566 - DBG_PHASE_TIMING phase=get_cached_main_window elapsed_ms=0.000 reason_code=cache_reused_without_validation
2026-08-31 15:39:23.566 | INFO     | winwatt_automation.live_ui.menu_helpers:_menu_items:1101 - DBG_MENU_ITEMS_SUMMARY total_items=7 visible_items=7 topbar_band=(0, 0, 392, 53) topbar_band_visible_count=7 popup_region_visible_count=0 force_refresh=True handle=157026090
2026-08-31 15:39:23.585 | DEBUG    | winwatt_automation.live_ui.menu_helpers:_menu_items:1111 - Discovered 7 MenuItem controls
2026-08-31 15:39:23.585 | DEBUG    | winwatt_automation.live_ui.menu_helpers:_log_phase_timing:83 - DBG_PHASE_TIMING phase=_menu_items elapsed_ms=594.000 force_refresh=True total_items=7 visible_items=7
2026-08-31 15:39:23.664 | INFO     | winwatt_automation.live_ui.menu_helpers:list_top_menu_items:1141 - Top-level menu items (raw): ['Rendszer', 'Fájl', 'Jegyzékek', 'Eszközök', 'Beállítások', 'Ablak', 'Súgó']
2026-08-31 15:39:23.664 | DEBUG    | winwatt_automation.live_ui.menu_helpers:_log_phase_timing:83 - DBG_PHASE_TIMING phase=list_top_menu_items elapsed_ms=672.000 count=7
2026-08-31 15:39:24.188 | DEBUG    | winwatt_automation.live_ui.app_connector:get_cached_main_window:565 - DBG_WINWATT_CACHE_GET reason_code=cache_reused_without_validation payload={'wrapper_type': 'UIAWrapper', 'handle': 157026090, 'process_id': 23196, 'title': 'WinWatt gólya - C:\\Users\\Admin\\Documents\\GitHub\\autowinwatt\\winwatt_automation\\data\\runtime_maps\\full_authorized_sandbox\\building_three_rooms_persisted_2026083', 'class_name': 'TMainForm', 'control_type': 'Window'} last_validation_age_s=3.98499999998603 diagnostic_fast_mode=False
2026-08-31 15:39:24.188 | DEBUG    | winwatt_automation.live_ui.app_connector:get_cached_main_window:566 - DBG_PHASE_TIMING phase=get_cached_main_window elapsed_ms=15.000 reason_code=cache_reused_without_validation
2026-08-31 15:39:24.333 | INFO     | winwatt_automation.live_ui.app_connector:is_winwatt_foreground_context:1161 - DBG_WINWATT_FOREGROUND_CONTEXT expected_handle=157026090 expected_process_id=23196 expected_title=WinWatt gólya - C:\Users\Admin\Documents\GitHub\autowinwatt\winwatt_automation\data\runtime_maps\full_authorized_sandbox\building_three_rooms_persisted_2026083 expected_class_name=TMainForm actual_foreground_handle=157026090 actual_foreground_process_id=23196 actual_foreground_title=WinWatt gólya - C:\Users\Admin\Documents\GitHub\autowinwatt\winwatt_automation\data\runtime_maps\full_authorized_sandbox\building_three_rooms_persisted_2026083 actual_foreground_class_name=TMainForm allow_dialog=True result_reason=handle_match
2026-08-31 15:39:24.348 | INFO     | winwatt_automation.live_ui.app_connector:_cached_window_health_status:489 - DBG_WINWATT_CACHE_HEALTH reason_code=healthy payload={'wrapper_type': 'UIAWrapper', 'handle': 157026090, 'process_id': 23196, 'title': 'WinWatt gólya - C:\\Users\\Admin\\Documents\\GitHub\\autowinwatt\\winwatt_automation\\data\\runtime_maps\\full_authorized_sandbox\\building_three_rooms_persisted_2026083', 'class_name': 'TMainForm', 'control_type': 'Window'}
2026-08-31 15:39:24.350 | DEBUG    | winwatt_automation.live_ui.app_connector:get_cached_main_window:574 - DBG_WINWATT_CACHE_GET reason_code=cache_validated_ok payload={'wrapper_type': 'UIAWrapper', 'handle': 157026090, 'process_id': 23196, 'title': 'WinWatt gólya - C:\\Users\\Admin\\Documents\\GitHub\\autowinwatt\\winwatt_automation\\data\\runtime_maps\\full_authorized_sandbox\\building_three_rooms_persisted_2026083', 'class_name': 'TMainForm', 'control_type': 'Window'} last_validation_age_s=4.140999999945052 diagnostic_fast_mode=False
2026-08-31 15:39:24.350 | DEBUG    | winwatt_automation.live_ui.app_connector:get_cached_main_window:575 - DBG_PHASE_TIMING phase=get_cached_main_window elapsed_ms=15.000 reason_code=cache_validated_ok
2026-08-31 15:39:24.350 | DEBUG    | winwatt_automation.live_ui.app_connector:get_cached_main_window:565 - DBG_WINWATT_CACHE_GET reason_code=cache_reused_without_validation payload={'wrapper_type': 'UIAWrapper', 'handle': 157026090, 'process_id': 23196, 'title': 'WinWatt gólya - C:\\Users\\Admin\\Documents\\GitHub\\autowinwatt\\winwatt_automation\\data\\runtime_maps\\full_authorized_sandbox\\building_three_rooms_persisted_2026083', 'class_name': 'TMainForm', 'control_type': 'Window'} last_validation_age_s=0.015000000013969839 diagnostic_fast_mode=False
2026-08-31 15:39:24.350 | DEBUG    | winwatt_automation.live_ui.app_connector:get_cached_main_window:566 - DBG_PHASE_TIMING phase=get_cached_main_window elapsed_ms=0.000 reason_code=cache_reused_without_validation
2026-08-31 15:39:24.841 | INFO     | winwatt_automation.live_ui.menu_helpers:_menu_items:1101 - DBG_MENU_ITEMS_SUMMARY total_items=7 visible_items=7 topbar_band=(0, 0, 392, 53) topbar_band_visible_count=7 popup_region_visible_count=0 force_refresh=True handle=157026090
2026-08-31 15:39:24.857 | DEBUG    | winwatt_automation.live_ui.menu_helpers:_menu_items:1111 - Discovered 7 MenuItem controls
2026-08-31 15:39:24.857 | DEBUG    | winwatt_automation.live_ui.menu_helpers:_log_phase_timing:83 - DBG_PHASE_TIMING phase=_menu_items elapsed_ms=531.000 force_refresh=True total_items=7 visible_items=7
2026-08-31 15:39:24.921 | INFO     | winwatt_automation.live_ui.menu_helpers:list_top_menu_items:1141 - Top-level menu items (raw): ['Rendszer', 'Fájl', 'Jegyzékek', 'Eszközök', 'Beállítások', 'Ablak', 'Súgó']
2026-08-31 15:39:24.921 | DEBUG    | winwatt_automation.live_ui.menu_helpers:_log_phase_timing:83 - DBG_PHASE_TIMING phase=list_top_menu_items elapsed_ms=594.000 count=7
2026-08-31 15:39:25.438 | DEBUG    | winwatt_automation.live_ui.app_connector:get_cached_main_window:565 - DBG_WINWATT_CACHE_GET reason_code=cache_reused_without_validation payload={'wrapper_type': 'UIAWrapper', 'handle': 157026090, 'process_id': 23196, 'title': 'WinWatt gólya - C:\\Users\\Admin\\Documents\\GitHub\\autowinwatt\\winwatt_automation\\data\\runtime_maps\\full_authorized_sandbox\\building_three_rooms_persisted_2026083', 'class_name': 'TMainForm', 'control_type': 'Window'} last_validation_age_s=1.109000000054948 diagnostic_fast_mode=False
2026-08-31 15:39:25.438 | DEBUG    | winwatt_automation.live_ui.app_connector:get_cached_main_window:566 - DBG_PHASE_TIMING phase=get_cached_main_window elapsed_ms=0.000 reason_code=cache_reused_without_validation
2026-08-31 15:39:25.578 | DEBUG    | winwatt_automation.live_ui.app_connector:get_cached_main_window:565 - DBG_WINWATT_CACHE_GET reason_code=cache_reused_without_validation payload={'wrapper_type': 'UIAWrapper', 'handle': 157026090, 'process_id': 23196, 'title': 'WinWatt gólya - C:\\Users\\Admin\\Documents\\GitHub\\autowinwatt\\winwatt_automation\\data\\runtime_maps\\full_authorized_sandbox\\building_three_rooms_persisted_2026083', 'class_name': 'TMainForm', 'control_type': 'Window'} last_validation_age_s=1.25 diagnostic_fast_mode=False
2026-08-31 15:39:25.578 | DEBUG    | winwatt_automation.live_ui.app_connector:get_cached_main_window:566 - DBG_PHASE_TIMING phase=get_cached_main_window elapsed_ms=0.000 reason_code=cache_reused_without_validation
2026-08-31 15:39:25.578 | DEBUG    | winwatt_automation.live_ui.app_connector:get_cached_main_window:565 - DBG_WINWATT_CACHE_GET reason_code=cache_reused_without_validation payload={'wrapper_type': 'UIAWrapper', 'handle': 157026090, 'process_id': 23196, 'title': 'WinWatt gólya - C:\\Users\\Admin\\Documents\\GitHub\\autowinwatt\\winwatt_automation\\data\\runtime_maps\\full_authorized_sandbox\\building_three_rooms_persisted_2026083', 'class_name': 'TMainForm', 'control_type': 'Window'} last_validation_age_s=1.25 diagnostic_fast_mode=False
2026-08-31 15:39:25.578 | DEBUG    | winwatt_automation.live_ui.app_connector:get_cached_main_window:566 - DBG_PHASE_TIMING phase=get_cached_main_window elapsed_ms=0.000 reason_code=cache_reused_without_validation
2026-08-31 15:39:26.113 | INFO     | winwatt_automation.live_ui.menu_helpers:_menu_items:1101 - DBG_MENU_ITEMS_SUMMARY total_items=7 visible_items=7 topbar_band=(0, 0, 392, 53) topbar_band_visible_count=7 popup_region_visible_count=0 force_refresh=True handle=157026090
2026-08-31 15:39:26.117 | DEBUG    | winwatt_automation.live_ui.menu_helpers:_menu_items:1111 - Discovered 7 MenuItem controls
2026-08-31 15:39:26.118 | DEBUG    | winwatt_automation.live_ui.menu_helpers:_log_phase_timing:83 - DBG_PHASE_TIMING phase=_menu_items elapsed_ms=531.000 force_refresh=True total_items=7 visible_items=7
2026-08-31 15:39:26.229 | INFO     | winwatt_automation.live_ui.menu_helpers:list_top_menu_items:1141 - Top-level menu items (raw): ['Rendszer', 'Fájl', 'Jegyzékek', 'Eszközök', 'Beállítások', 'Ablak', 'Súgó']
2026-08-31 15:39:26.229 | DEBUG    | winwatt_automation.live_ui.menu_helpers:_log_phase_timing:83 - DBG_PHASE_TIMING phase=list_top_menu_items elapsed_ms=640.000 count=7
2026-08-31 15:39:26.734 | DEBUG    | winwatt_automation.live_ui.app_connector:get_cached_main_window:565 - DBG_WINWATT_CACHE_GET reason_code=cache_reused_without_validation payload={'wrapper_type': 'UIAWrapper', 'handle': 157026090, 'process_id': 23196, 'title': 'WinWatt gólya - C:\\Users\\Admin\\Documents\\GitHub\\autowinwatt\\winwatt_automation\\data\\runtime_maps\\full_authorized_sandbox\\building_three_rooms_persisted_2026083', 'class_name': 'TMainForm', 'control_type': 'Window'} last_validation_age_s=2.406000000075437 diagnostic_fast_mode=False
2026-08-31 15:39:26.739 | DEBUG    | winwatt_automation.live_ui.app_connector:get_cached_main_window:566 - DBG_PHASE_TIMING phase=get_cached_main_window elapsed_ms=0.000 reason_code=cache_reused_without_validation
2026-08-31 15:39:26.908 | DEBUG    | winwatt_automation.live_ui.app_connector:get_cached_main_window:565 - DBG_WINWATT_CACHE_GET reason_code=cache_reused_without_validation payload={'wrapper_type': 'UIAWrapper', 'handle': 157026090, 'process_id': 23196, 'title': 'WinWatt gólya - C:\\Users\\Admin\\Documents\\GitHub\\autowinwatt\\winwatt_automation\\data\\runtime_maps\\full_authorized_sandbox\\building_three_rooms_persisted_2026083', 'class_name': 'TMainForm', 'control_type': 'Window'} last_validation_age_s=2.562000000034459 diagnostic_fast_mode=False
2026-08-31 15:39:26.911 | DEBUG    | winwatt_automation.live_ui.app_connector:get_cached_main_window:566 - DBG_PHASE_TIMING phase=get_cached_main_window elapsed_ms=16.000 reason_code=cache_reused_without_validation
2026-08-31 15:39:26.911 | DEBUG    | winwatt_automation.live_ui.app_connector:get_cached_main_window:565 - DBG_WINWATT_CACHE_GET reason_code=cache_reused_without_validation payload={'wrapper_type': 'UIAWrapper', 'handle': 157026090, 'process_id': 23196, 'title': 'WinWatt gólya - C:\\Users\\Admin\\Documents\\GitHub\\autowinwatt\\winwatt_automation\\data\\runtime_maps\\full_authorized_sandbox\\building_three_rooms_persisted_2026083', 'class_name': 'TMainForm', 'control_type': 'Window'} last_validation_age_s=2.5780000000959262 diagnostic_fast_mode=False
2026-08-31 15:39:26.911 | DEBUG    | winwatt_automation.live_ui.app_connector:get_cached_main_window:566 - DBG_PHASE_TIMING phase=get_cached_main_window elapsed_ms=0.000 reason_code=cache_reused_without_validation
2026-08-31 15:39:27.439 | INFO     | winwatt_automation.live_ui.menu_helpers:_menu_items:1101 - DBG_MENU_ITEMS_SUMMARY total_items=7 visible_items=7 topbar_band=(0, 0, 392, 53) topbar_band_visible_count=7 popup_region_visible_count=0 force_refresh=True handle=157026090
2026-08-31 15:39:27.448 | DEBUG    | winwatt_automation.live_ui.menu_helpers:_menu_items:1111 - Discovered 7 MenuItem controls
2026-08-31 15:39:27.448 | DEBUG    | winwatt_automation.live_ui.menu_helpers:_log_phase_timing:83 - DBG_PHASE_TIMING phase=_menu_items elapsed_ms=547.000 force_refresh=True total_items=7 visible_items=7
2026-08-31 15:39:27.528 | INFO     | winwatt_automation.live_ui.menu_helpers:list_top_menu_items:1141 - Top-level menu items (raw): ['Rendszer', 'Fájl', 'Jegyzékek', 'Eszközök', 'Beállítások', 'Ablak', 'Súgó']
2026-08-31 15:39:27.528 | DEBUG    | winwatt_automation.live_ui.menu_helpers:_log_phase_timing:83 - DBG_PHASE_TIMING phase=list_top_menu_items elapsed_ms=625.000 count=7
2026-08-31 15:39:28.043 | DEBUG    | winwatt_automation.live_ui.app_connector:get_cached_main_window:565 - DBG_WINWATT_CACHE_GET reason_code=cache_reused_without_validation payload={'wrapper_type': 'UIAWrapper', 'handle': 157026090, 'process_id': 23196, 'title': 'WinWatt gólya - C:\\Users\\Admin\\Documents\\GitHub\\autowinwatt\\winwatt_automation\\data\\runtime_maps\\full_authorized_sandbox\\building_three_rooms_persisted_2026083', 'class_name': 'TMainForm', 'control_type': 'Window'} last_validation_age_s=3.7030000000959262 diagnostic_fast_mode=False
2026-08-31 15:39:28.057 | DEBUG    | winwatt_automation.live_ui.app_connector:get_cached_main_window:566 - DBG_PHASE_TIMING phase=get_cached_main_window elapsed_ms=16.000 reason_code=cache_reused_without_validation
2026-08-31 15:39:29.737 | INFO     | winwatt_automation.live_ui.app_connector:is_winwatt_foreground_context:1161 - DBG_WINWATT_FOREGROUND_CONTEXT expected_handle=157026090 expected_process_id=23196 expected_title=WinWatt gólya - C:\Users\Admin\Documents\GitHub\autowinwatt\winwatt_automation\data\runtime_maps\full_authorized_sandbox\building_three_rooms_persisted_2026083 expected_class_name=TMainForm actual_foreground_handle=157026090 actual_foreground_process_id=23196 actual_foreground_title=WinWatt gólya - C:\Users\Admin\Documents\GitHub\autowinwatt\winwatt_automation\data\runtime_maps\full_authorized_sandbox\building_three_rooms_persisted_2026083 actual_foreground_class_name=TMainForm allow_dialog=True result_reason=handle_match
2026-08-31 15:39:29.738 | INFO     | winwatt_automation.live_ui.app_connector:_cached_window_health_status:489 - DBG_WINWATT_CACHE_HEALTH reason_code=healthy payload={'wrapper_type': 'UIAWrapper', 'handle': 157026090, 'process_id': 23196, 'title': 'WinWatt gólya - C:\\Users\\Admin\\Documents\\GitHub\\autowinwatt\\winwatt_automation\\data\\runtime_maps\\full_authorized_sandbox\\building_three_rooms_persisted_2026083', 'class_name': 'TMainForm', 'control_type': 'Window'}
2026-08-31 15:39:29.753 | DEBUG    | winwatt_automation.live_ui.app_connector:get_cached_main_window:574 - DBG_WINWATT_CACHE_GET reason_code=cache_validated_ok payload={'wrapper_type': 'UIAWrapper', 'handle': 157026090, 'process_id': 23196, 'title': 'WinWatt gólya - C:\\Users\\Admin\\Documents\\GitHub\\autowinwatt\\winwatt_automation\\data\\runtime_maps\\full_authorized_sandbox\\building_three_rooms_persisted_2026083', 'class_name': 'TMainForm', 'control_type': 'Window'} last_validation_age_s=5.39000000001397 diagnostic_fast_mode=False
2026-08-31 15:39:29.753 | DEBUG    | winwatt_automation.live_ui.app_connector:get_cached_main_window:575 - DBG_PHASE_TIMING phase=get_cached_main_window elapsed_ms=32.000 reason_code=cache_validated_ok
2026-08-31 15:39:51.644 | INFO     | winwatt_automation.live_ui.app_connector:is_winwatt_foreground_context:1161 - DBG_WINWATT_FOREGROUND_CONTEXT expected_handle=157026090 expected_process_id=23196 expected_title=WinWatt gólya - C:\Users\Admin\Documents\GitHub\autowinwatt\winwatt_automation\data\runtime_maps\full_authorized_sandbox\building_three_rooms_persisted_2026083 expected_class_name=TMainForm actual_foreground_handle=157026090 actual_foreground_process_id=23196 actual_foreground_title=WinWatt gólya - C:\Users\Admin\Documents\GitHub\autowinwatt\winwatt_automation\data\runtime_maps\full_authorized_sandbox\building_three_rooms_persisted_2026083 actual_foreground_class_name=TMainForm allow_dialog=True result_reason=handle_match
2026-08-31 15:39:51.647 | INFO     | winwatt_automation.live_ui.app_connector:_cached_window_health_status:489 - DBG_WINWATT_CACHE_HEALTH reason_code=healthy payload={'wrapper_type': 'UIAWrapper', 'handle': 157026090, 'process_id': 23196, 'title': 'WinWatt gólya - C:\\Users\\Admin\\Documents\\GitHub\\autowinwatt\\winwatt_automation\\data\\runtime_maps\\full_authorized_sandbox\\building_three_rooms_persisted_2026083', 'class_name': 'TMainForm', 'control_type': 'Window'}
2026-08-31 15:39:51.648 | DEBUG    | winwatt_automation.live_ui.app_connector:get_cached_main_window:574 - DBG_WINWATT_CACHE_GET reason_code=cache_validated_ok payload={'wrapper_type': 'UIAWrapper', 'handle': 157026090, 'process_id': 23196, 'title': 'WinWatt gólya - C:\\Users\\Admin\\Documents\\GitHub\\autowinwatt\\winwatt_automation\\data\\runtime_maps\\full_authorized_sandbox\\building_three_rooms_persisted_2026083', 'class_name': 'TMainForm', 'control_type': 'Window'} last_validation_age_s=20.391000000061467 diagnostic_fast_mode=False
2026-08-31 15:39:51.648 | DEBUG    | winwatt_automation.live_ui.app_connector:get_cached_main_window:575 - DBG_PHASE_TIMING phase=get_cached_main_window elapsed_ms=1531.000 reason_code=cache_validated_ok
2026-08-31 15:39:51.803 | DEBUG    | winwatt_automation.live_ui.app_connector:get_cached_main_window:565 - DBG_WINWATT_CACHE_GET reason_code=cache_reused_without_validation payload={'wrapper_type': 'UIAWrapper', 'handle': 157026090, 'process_id': 23196, 'title': 'WinWatt gólya - C:\\Users\\Admin\\Documents\\GitHub\\autowinwatt\\winwatt_automation\\data\\runtime_maps\\full_authorized_sandbox\\building_three_rooms_persisted_2026083', 'class_name': 'TMainForm', 'control_type': 'Window'} last_validation_age_s=1.687999999965541 diagnostic_fast_mode=False
2026-08-31 15:39:51.807 | DEBUG    | winwatt_automation.live_ui.app_connector:get_cached_main_window:566 - DBG_PHASE_TIMING phase=get_cached_main_window elapsed_ms=0.000 reason_code=cache_reused_without_validation
2026-08-31 15:40:00.651 | INFO     | winwatt_automation.live_ui.app_connector:is_winwatt_foreground_context:1161 - DBG_WINWATT_FOREGROUND_CONTEXT expected_handle=157026090 expected_process_id=23196 expected_title=WinWatt gólya - C:\Users\Admin\Documents\GitHub\autowinwatt\winwatt_automation\data\runtime_maps\full_authorized_sandbox\building_three_rooms_persisted_2026083 expected_class_name=TMainForm actual_foreground_handle=105712226 actual_foreground_process_id=23196 actual_foreground_title=Határoló szerkezetek kiválasztása: Helyiségek - Automation demo room 1 actual_foreground_class_name=TSelectBoundarisForm allow_dialog=True result_reason=pid_match_allow_dialog
2026-08-31 15:40:00.674 | INFO     | winwatt_automation.live_ui.app_connector:_cached_window_health_status:489 - DBG_WINWATT_CACHE_HEALTH reason_code=healthy payload={'wrapper_type': 'UIAWrapper', 'handle': 157026090, 'process_id': 23196, 'title': 'WinWatt gólya - C:\\Users\\Admin\\Documents\\GitHub\\autowinwatt\\winwatt_automation\\data\\runtime_maps\\full_authorized_sandbox\\building_three_rooms_persisted_2026083', 'class_name': 'TMainForm', 'control_type': 'Window'}
2026-08-31 15:40:00.690 | DEBUG    | winwatt_automation.live_ui.app_connector:get_cached_main_window:574 - DBG_WINWATT_CACHE_GET reason_code=cache_validated_ok payload={'wrapper_type': 'UIAWrapper', 'handle': 157026090, 'process_id': 23196, 'title': 'WinWatt gólya - C:\\Users\\Admin\\Documents\\GitHub\\autowinwatt\\winwatt_automation\\data\\runtime_maps\\full_authorized_sandbox\\building_three_rooms_persisted_2026083', 'class_name': 'TMainForm', 'control_type': 'Window'} last_validation_age_s=10.140999999945052 diagnostic_fast_mode=False
2026-08-31 15:40:00.690 | DEBUG    | winwatt_automation.live_ui.app_connector:get_cached_main_window:575 - DBG_PHASE_TIMING phase=get_cached_main_window elapsed_ms=437.000 reason_code=cache_validated_ok
2026-08-31 15:40:01.467 | DEBUG    | winwatt_automation.live_ui.app_connector:get_cached_main_window:565 - DBG_WINWATT_CACHE_GET reason_code=cache_reused_without_validation payload={'wrapper_type': 'UIAWrapper', 'handle': 157026090, 'process_id': 23196, 'title': 'WinWatt gólya - C:\\Users\\Admin\\Documents\\GitHub\\autowinwatt\\winwatt_automation\\data\\runtime_maps\\full_authorized_sandbox\\building_three_rooms_persisted_2026083', 'class_name': 'TMainForm', 'control_type': 'Window'} last_validation_age_s=1.2179999999934807 diagnostic_fast_mode=False
2026-08-31 15:40:01.467 | DEBUG    | winwatt_automation.live_ui.app_connector:get_cached_main_window:566 - DBG_PHASE_TIMING phase=get_cached_main_window elapsed_ms=0.000 reason_code=cache_reused_without_validation
2026-08-31 15:40:02.644 | INFO     | winwatt_automation.live_ui.app_connector:get_cached_main_window:597 - DBG_WINWATT_CACHE_GET reason_code=cache_missing_resolving_fresh diagnostic_fast_mode=False
2026-08-31 15:40:02.854 | DEBUG    | winwatt_automation.live_ui.app_connector:list_candidate_windows:180 - Discovered 0 WinWatt-like windows on backend=win32
2026-08-31 15:40:02.854 | INFO     | winwatt_automation.live_ui.app_connector:_connect_with_win32_handle:276 - DBG_WINWATT_CONNECT_WIN32_CANDIDATES locator=backend=win32 ranked_candidates=[] 
2026-08-31 15:40:02.854 | WARNING  | winwatt_automation.runtime_mapping.program_mapper:_safe_capture_snapshot:191 - snapshot_capture_failed state_id=startup_after_relaunch error=No WinWatt-like windows were found
2026-08-31 15:40:03.361 | INFO     | winwatt_automation.live_ui.app_connector:get_cached_main_window:597 - DBG_WINWATT_CACHE_GET reason_code=cache_missing_resolving_fresh diagnostic_fast_mode=False
2026-08-31 15:40:05.969 | DEBUG    | winwatt_automation.live_ui.app_connector:list_candidate_windows:180 - Discovered 0 WinWatt-like windows on backend=win32
2026-08-31 15:40:05.981 | INFO     | winwatt_automation.live_ui.app_connector:_connect_with_win32_handle:276 - DBG_WINWATT_CONNECT_WIN32_CANDIDATES locator=backend=win32 ranked_candidates=[] 
2026-08-31 15:40:05.981 | WARNING  | winwatt_automation.runtime_mapping.program_mapper:_safe_capture_snapshot:191 - snapshot_capture_failed state_id=startup_after_relaunch error=No WinWatt-like windows were found
2026-08-31 15:40:06.483 | INFO     | winwatt_automation.live_ui.app_connector:get_cached_main_window:597 - DBG_WINWATT_CACHE_GET reason_code=cache_missing_resolving_fresh diagnostic_fast_mode=False
2026-08-31 15:40:08.079 | DEBUG    | winwatt_automation.live_ui.app_connector:list_candidate_windows:180 - Discovered 0 WinWatt-like windows on backend=win32
2026-08-31 15:40:08.091 | INFO     | winwatt_automation.live_ui.app_connector:_connect_with_win32_handle:276 - DBG_WINWATT_CONNECT_WIN32_CANDIDATES locator=backend=win32 ranked_candidates=[] 
2026-08-31 15:40:08.091 | WARNING  | winwatt_automation.runtime_mapping.program_mapper:_safe_capture_snapshot:191 - snapshot_capture_failed state_id=startup_after_relaunch error=No WinWatt-like windows were found
2026-08-31 15:40:08.595 | INFO     | winwatt_automation.live_ui.app_connector:get_cached_main_window:597 - DBG_WINWATT_CACHE_GET reason_code=cache_missing_resolving_fresh diagnostic_fast_mode=False
2026-08-31 15:40:08.683 | DEBUG    | winwatt_automation.live_ui.app_connector:list_candidate_windows:180 - Discovered 0 WinWatt-like windows on backend=win32
2026-08-31 15:40:08.683 | INFO     | winwatt_automation.live_ui.app_connector:_connect_with_win32_handle:276 - DBG_WINWATT_CONNECT_WIN32_CANDIDATES locator=backend=win32 ranked_candidates=[] 
2026-08-31 15:40:08.683 | WARNING  | winwatt_automation.runtime_mapping.program_mapper:_safe_capture_snapshot:191 - snapshot_capture_failed state_id=startup_after_relaunch error=No WinWatt-like windows were found
2026-08-31 15:40:09.199 | INFO     | winwatt_automation.live_ui.app_connector:get_cached_main_window:597 - DBG_WINWATT_CACHE_GET reason_code=cache_missing_resolving_fresh diagnostic_fast_mode=False
2026-08-31 15:40:09.337 | DEBUG    | winwatt_automation.live_ui.app_connector:list_candidate_windows:180 - Discovered 0 WinWatt-like windows on backend=win32
2026-08-31 15:40:09.337 | INFO     | winwatt_automation.live_ui.app_connector:_connect_with_win32_handle:276 - DBG_WINWATT_CONNECT_WIN32_CANDIDATES locator=backend=win32 ranked_candidates=[] 
2026-08-31 15:40:09.337 | WARNING  | winwatt_automation.runtime_mapping.program_mapper:_safe_capture_snapshot:191 - snapshot_capture_failed state_id=startup_after_relaunch error=No WinWatt-like windows were found
2026-08-31 15:40:09.842 | INFO     | winwatt_automation.live_ui.app_connector:get_cached_main_window:597 - DBG_WINWATT_CACHE_GET reason_code=cache_missing_resolving_fresh diagnostic_fast_mode=False
2026-08-31 15:40:09.939 | DEBUG    | winwatt_automation.live_ui.app_connector:list_candidate_windows:180 - Discovered 0 WinWatt-like windows on backend=win32
2026-08-31 15:40:09.939 | INFO     | winwatt_automation.live_ui.app_connector:_connect_with_win32_handle:276 - DBG_WINWATT_CONNECT_WIN32_CANDIDATES locator=backend=win32 ranked_candidates=[] 
2026-08-31 15:40:09.939 | WARNING  | winwatt_automation.runtime_mapping.program_mapper:_safe_capture_snapshot:191 - snapshot_capture_failed state_id=startup_after_relaunch error=No WinWatt-like windows were found
2026-08-31 15:40:10.445 | INFO     | winwatt_automation.live_ui.app_connector:get_cached_main_window:597 - DBG_WINWATT_CACHE_GET reason_code=cache_missing_resolving_fresh diagnostic_fast_mode=False
2026-08-31 15:40:10.545 | DEBUG    | winwatt_automation.live_ui.app_connector:list_candidate_windows:180 - Discovered 0 WinWatt-like windows on backend=win32
2026-08-31 15:40:10.549 | INFO     | winwatt_automation.live_ui.app_connector:_connect_with_win32_handle:276 - DBG_WINWATT_CONNECT_WIN32_CANDIDATES locator=backend=win32 ranked_candidates=[] 
2026-08-31 15:40:10.549 | WARNING  | winwatt_automation.runtime_mapping.program_mapper:_safe_capture_snapshot:191 - snapshot_capture_failed state_id=startup_after_relaunch error=No WinWatt-like windows were found
2026-08-31 15:40:11.050 | INFO     | winwatt_automation.live_ui.app_connector:get_cached_main_window:597 - DBG_WINWATT_CACHE_GET reason_code=cache_missing_resolving_fresh diagnostic_fast_mode=False
2026-08-31 15:40:11.143 | DEBUG    | winwatt_automation.live_ui.app_connector:list_candidate_windows:180 - Discovered 0 WinWatt-like windows on backend=win32
2026-08-31 15:40:11.143 | INFO     | winwatt_automation.live_ui.app_connector:_connect_with_win32_handle:276 - DBG_WINWATT_CONNECT_WIN32_CANDIDATES locator=backend=win32 ranked_candidates=[] 
2026-08-31 15:40:11.143 | WARNING  | winwatt_automation.runtime_mapping.program_mapper:_safe_capture_snapshot:191 - snapshot_capture_failed state_id=startup_after_relaunch error=No WinWatt-like windows were found
2026-08-31 15:40:11.653 | INFO     | winwatt_automation.live_ui.app_connector:get_cached_main_window:597 - DBG_WINWATT_CACHE_GET reason_code=cache_missing_resolving_fresh diagnostic_fast_mode=False
2026-08-31 15:40:11.732 | DEBUG    | winwatt_automation.live_ui.app_connector:list_candidate_windows:180 - Discovered 0 WinWatt-like windows on backend=win32
2026-08-31 15:40:11.732 | INFO     | winwatt_automation.live_ui.app_connector:_connect_with_win32_handle:276 - DBG_WINWATT_CONNECT_WIN32_CANDIDATES locator=backend=win32 ranked_candidates=[] 
2026-08-31 15:40:11.732 | WARNING  | winwatt_automation.runtime_mapping.program_mapper:_safe_capture_snapshot:191 - snapshot_capture_failed state_id=startup_after_relaunch error=No WinWatt-like windows were found
2026-08-31 15:40:12.246 | INFO     | winwatt_automation.live_ui.app_connector:get_cached_main_window:597 - DBG_WINWATT_CACHE_GET reason_code=cache_missing_resolving_fresh diagnostic_fast_mode=False
2026-08-31 15:40:12.334 | DEBUG    | winwatt_automation.live_ui.app_connector:list_candidate_windows:180 - Discovered 0 WinWatt-like windows on backend=win32
2026-08-31 15:40:12.334 | INFO     | winwatt_automation.live_ui.app_connector:_connect_with_win32_handle:276 - DBG_WINWATT_CONNECT_WIN32_CANDIDATES locator=backend=win32 ranked_candidates=[] 
2026-08-31 15:40:12.334 | WARNING  | winwatt_automation.runtime_mapping.program_mapper:_safe_capture_snapshot:191 - snapshot_capture_failed state_id=startup_after_relaunch error=No WinWatt-like windows were found
2026-08-31 15:40:12.842 | INFO     | winwatt_automation.live_ui.app_connector:get_cached_main_window:597 - DBG_WINWATT_CACHE_GET reason_code=cache_missing_resolving_fresh diagnostic_fast_mode=False
2026-08-31 15:40:12.917 | DEBUG    | winwatt_automation.live_ui.app_connector:list_candidate_windows:180 - Discovered 0 WinWatt-like windows on backend=win32
2026-08-31 15:40:12.917 | INFO     | winwatt_automation.live_ui.app_connector:_connect_with_win32_handle:276 - DBG_WINWATT_CONNECT_WIN32_CANDIDATES locator=backend=win32 ranked_candidates=[] 
2026-08-31 15:40:12.932 | WARNING  | winwatt_automation.runtime_mapping.program_mapper:_safe_capture_snapshot:191 - snapshot_capture_failed state_id=startup_after_relaunch error=No WinWatt-like windows were found
2026-08-31 15:40:13.433 | INFO     | winwatt_automation.live_ui.app_connector:get_cached_main_window:597 - DBG_WINWATT_CACHE_GET reason_code=cache_missing_resolving_fresh diagnostic_fast_mode=False
2026-08-31 15:40:13.496 | DEBUG    | winwatt_automation.live_ui.app_connector:list_candidate_windows:180 - Discovered 0 WinWatt-like windows on backend=win32
2026-08-31 15:40:13.512 | INFO     | winwatt_automation.live_ui.app_connector:_connect_with_win32_handle:276 - DBG_WINWATT_CONNECT_WIN32_CANDIDATES locator=backend=win32 ranked_candidates=[] 
2026-08-31 15:40:13.512 | WARNING  | winwatt_automation.runtime_mapping.program_mapper:_safe_capture_snapshot:191 - snapshot_capture_failed state_id=startup_after_relaunch error=No WinWatt-like windows were found
2026-08-31 15:40:14.016 | INFO     | winwatt_automation.live_ui.app_connector:get_cached_main_window:597 - DBG_WINWATT_CACHE_GET reason_code=cache_missing_resolving_fresh diagnostic_fast_mode=False
2026-08-31 15:40:14.099 | DEBUG    | winwatt_automation.live_ui.app_connector:list_candidate_windows:180 - Discovered 0 WinWatt-like windows on backend=win32
2026-08-31 15:40:14.103 | INFO     | winwatt_automation.live_ui.app_connector:_connect_with_win32_handle:276 - DBG_WINWATT_CONNECT_WIN32_CANDIDATES locator=backend=win32 ranked_candidates=[] 
2026-08-31 15:40:14.105 | WARNING  | winwatt_automation.runtime_mapping.program_mapper:_safe_capture_snapshot:191 - snapshot_capture_failed state_id=startup_after_relaunch error=No WinWatt-like windows were found
2026-08-31 15:40:14.606 | INFO     | winwatt_automation.live_ui.app_connector:get_cached_main_window:597 - DBG_WINWATT_CACHE_GET reason_code=cache_missing_resolving_fresh diagnostic_fast_mode=False
2026-08-31 15:40:14.815 | DEBUG    | winwatt_automation.live_ui.app_connector:list_candidate_windows:180 - Discovered 1 WinWatt-like windows on backend=win32
2026-08-31 15:40:14.815 | DEBUG    | winwatt_automation.live_ui.app_connector:list_candidate_windows:182 - Candidate[win32]: {'title': 'WinWatt gólya - C:\\Users\\Admin\\Documents\\GitHub\\autowinwatt\\winwatt_automation\\data\\runtime_maps\\full_authorized_sandbox\\building_three_rooms_persisted_2026083', 'window_text': 'WinWatt gólya - C:\\Users\\Admin\\Documents\\GitHub\\autowinwatt\\winwatt_automation\\data\\runtime_maps\\full_authorized_sandbox\\building_three_rooms_persisted_2026083', 'class_name': 'TMainForm', 'control_type': None, 'process_id': 23020, 'handle': None, 'is_visible': True, 'is_enabled': True, 'rectangle': {'left': -10, 'top': -10, 'right': 1930, 'bottom': 1030, 'width': 1940, 'height': 1040}, 'size': {'width': 1940, 'height': 1040}}
2026-08-31 15:40:14.815 | INFO     | winwatt_automation.live_ui.app_connector:_connect_with_win32_handle:276 - DBG_WINWATT_CONNECT_WIN32_CANDIDATES locator=backend=win32 ranked_candidates=[{'rank': 1, 'score': (1, 1, 1, 1, 2017600), 'process_id': 23020, 'handle': None, 'class_name': 'TMainForm', 'title': 'WinWatt gólya - C:\\Users\\Admin\\Documents\\GitHub\\autowinwatt\\winwatt_automation\\data\\runtime_maps\\full_authorized_sandbox\\building_three_rooms_persisted_2026083', 'visible': True, 'enabled': True}] 
2026-08-31 15:40:14.815 | INFO     | winwatt_automation.live_ui.app_connector:select_main_window:224 - Candidate ranking score=(1, 1, 1, 1, 2017600) data={'title': 'WinWatt gólya - C:\\Users\\Admin\\Documents\\GitHub\\autowinwatt\\winwatt_automation\\data\\runtime_maps\\full_authorized_sandbox\\building_three_rooms_persisted_2026083', 'window_text': 'WinWatt gólya - C:\\Users\\Admin\\Documents\\GitHub\\autowinwatt\\winwatt_automation\\data\\runtime_maps\\full_authorized_sandbox\\building_three_rooms_persisted_2026083', 'class_name': 'TMainForm', 'control_type': None, 'process_id': 23020, 'handle': None, 'is_visible': True, 'is_enabled': True, 'rectangle': {'left': -10, 'top': -10, 'right': 1930, 'bottom': 1030, 'width': 1940, 'height': 1040}, 'size': {'width': 1940, 'height': 1040}}
2026-08-31 15:40:14.815 | INFO     | winwatt_automation.live_ui.app_connector:select_main_window:234 - Selected main window process_id=23020 handle=None score=(1, 1, 1, 1, 2017600) reasons=['has_process_id=True', 'has_handle=False', 'visible=True', 'enabled=True', 'title_has_winwatt=True', 'area=2017600']
2026-08-31 15:40:14.815 | INFO     | winwatt_automation.live_ui.app_connector:_connect_with_win32_handle:293 - DBG_WINWATT_CONNECT_WIN32_SELECTED selected_payload={'title': 'WinWatt gólya - C:\\Users\\Admin\\Documents\\GitHub\\autowinwatt\\winwatt_automation\\data\\runtime_maps\\full_authorized_sandbox\\building_three_rooms_persisted_2026083', 'window_text': 'WinWatt gólya - C:\\Users\\Admin\\Documents\\GitHub\\autowinwatt\\winwatt_automation\\data\\runtime_maps\\full_authorized_sandbox\\building_three_rooms_persisted_2026083', 'class_name': 'TMainForm', 'control_type': None, 'process_id': 23020, 'handle': None, 'is_visible': True, 'is_enabled': True, 'rectangle': {'left': -10, 'top': -10, 'right': 1930, 'bottom': 1030, 'width': 1940, 'height': 1040}, 'size': {'width': 1940, 'height': 1040}} selected_handle_is_none=True
2026-08-31 15:40:14.815 | INFO     | winwatt_automation.live_ui.app_connector:_connect_with_win32_handle:336 - Connected to WinWatt backend=win32 attach_mode=process candidate={'process_id': 23020, 'handle': None, 'class_name': 'TMainForm', 'title': 'WinWatt gólya - C:\\Users\\Admin\\Documents\\GitHub\\autowinwatt\\winwatt_automation\\data\\runtime_maps\\full_authorized_sandbox\\building_three_rooms_persisted_2026083'}
2026-08-31 15:40:14.829 | INFO     | winwatt_automation.live_ui.app_connector:_connect_with_win32_handle:350 - DBG_WINWATT_CONNECT_WIN32_RESOLVED process_id=23020 resolved_handle=None selected_payload={'title': 'WinWatt gólya - C:\\Users\\Admin\\Documents\\GitHub\\autowinwatt\\winwatt_automation\\data\\runtime_maps\\full_authorized_sandbox\\building_three_rooms_persisted_2026083', 'window_text': 'WinWatt gólya - C:\\Users\\Admin\\Documents\\GitHub\\autowinwatt\\winwatt_automation\\data\\runtime_maps\\full_authorized_sandbox\\building_three_rooms_persisted_2026083', 'class_name': 'TMainForm', 'control_type': None, 'process_id': 23020, 'handle': None, 'is_visible': True, 'is_enabled': True, 'rectangle': {'left': -10, 'top': -10, 'right': 1930, 'bottom': 1030, 'width': 1940, 'height': 1040}, 'size': {'width': 1940, 'height': 1040}}
2026-08-31 15:40:14.829 | INFO     | winwatt_automation.live_ui.app_connector:_resolve_uia_main_window:382 - DBG_WINWATT_RESOLVE_UIA_WIN32_SELECTED selected_payload={'title': 'WinWatt gólya - C:\\Users\\Admin\\Documents\\GitHub\\autowinwatt\\winwatt_automation\\data\\runtime_maps\\full_authorized_sandbox\\building_three_rooms_persisted_2026083', 'window_text': 'WinWatt gólya - C:\\Users\\Admin\\Documents\\GitHub\\autowinwatt\\winwatt_automation\\data\\runtime_maps\\full_authorized_sandbox\\building_three_rooms_persisted_2026083', 'class_name': 'TMainForm', 'control_type': None, 'process_id': 23020, 'handle': None, 'is_visible': True, 'is_enabled': True, 'rectangle': {'left': -10, 'top': -10, 'right': 1930, 'bottom': 1030, 'width': 1940, 'height': 1040}, 'size': {'width': 1940, 'height': 1040}}
2026-08-31 15:40:14.829 | INFO     | winwatt_automation.live_ui.app_connector:_resolve_uia_main_window:388 - Connected to WinWatt backend=uia process_id=23020
2026-08-31 15:40:14.831 | INFO     | winwatt_automation.live_ui.app_connector:_resolve_uia_main_window:390 - Resolving main WinWatt window backend=uia class_name=TMainForm title_re=.*WinWatt.*
2026-08-31 15:40:15.218 | INFO     | winwatt_automation.live_ui.app_connector:_resolve_uia_main_window:400 - DBG_WINWATT_RESOLVE_UIA_PRIMARY selected_payload={'title': 'WinWatt gólya - C:\\Users\\Admin\\Documents\\GitHub\\autowinwatt\\winwatt_automation\\data\\runtime_maps\\full_authorized_sandbox\\building_three_rooms_persisted_2026083', 'window_text': 'WinWatt gólya - C:\\Users\\Admin\\Documents\\GitHub\\autowinwatt\\winwatt_automation\\data\\runtime_maps\\full_authorized_sandbox\\building_three_rooms_persisted_2026083', 'class_name': 'TMainForm', 'control_type': None, 'process_id': 23020, 'handle': None, 'is_visible': True, 'is_enabled': True, 'rectangle': {'left': -10, 'top': -10, 'right': 1930, 'bottom': 1030, 'width': 1940, 'height': 1040}, 'size': {'width': 1940, 'height': 1040}} primary_result={'wrapper_type': 'UIAWrapper', 'handle': 153683160, 'process_id': 23020, 'title': 'WinWatt gólya - C:\\Users\\Admin\\Documents\\GitHub\\autowinwatt\\winwatt_automation\\data\\runtime_maps\\full_authorized_sandbox\\building_three_rooms_persisted_2026083', 'class_name': 'TMainForm', 'control_type': 'Window'} identity_match_with_win32=None
2026-08-31 15:40:15.218 | DEBUG    | winwatt_automation.live_ui.app_connector:get_cached_main_window:606 - DBG_PHASE_TIMING phase=get_cached_main_window elapsed_ms=609.000 reason_code=fresh_resolve
2026-08-31 15:40:15.405 | DEBUG    | winwatt_automation.live_ui.app_connector:get_cached_main_window:565 - DBG_WINWATT_CACHE_GET reason_code=cache_reused_without_validation payload={'wrapper_type': 'UIAWrapper', 'handle': 153683160, 'process_id': 23020, 'title': 'WinWatt gólya - C:\\Users\\Admin\\Documents\\GitHub\\autowinwatt\\winwatt_automation\\data\\runtime_maps\\full_authorized_sandbox\\building_three_rooms_persisted_2026083', 'class_name': 'TMainForm', 'control_type': 'Window'} last_validation_age_s=0.1880000000819564 diagnostic_fast_mode=False
2026-08-31 15:40:15.416 | DEBUG    | winwatt_automation.live_ui.app_connector:get_cached_main_window:566 - DBG_PHASE_TIMING phase=get_cached_main_window elapsed_ms=0.000 reason_code=cache_reused_without_validation
2026-08-31 15:40:15.416 | DEBUG    | winwatt_automation.live_ui.app_connector:get_cached_main_window:565 - DBG_WINWATT_CACHE_GET reason_code=cache_reused_without_validation payload={'wrapper_type': 'UIAWrapper', 'handle': 153683160, 'process_id': 23020, 'title': 'WinWatt gólya - C:\\Users\\Admin\\Documents\\GitHub\\autowinwatt\\winwatt_automation\\data\\runtime_maps\\full_authorized_sandbox\\building_three_rooms_persisted_2026083', 'class_name': 'TMainForm', 'control_type': 'Window'} last_validation_age_s=0.1880000000819564 diagnostic_fast_mode=False
2026-08-31 15:40:15.416 | DEBUG    | winwatt_automation.live_ui.app_connector:get_cached_main_window:566 - DBG_PHASE_TIMING phase=get_cached_main_window elapsed_ms=0.000 reason_code=cache_reused_without_validation
2026-08-31 15:40:15.914 | INFO     | winwatt_automation.live_ui.menu_helpers:_menu_items:1101 - DBG_MENU_ITEMS_SUMMARY total_items=7 visible_items=7 topbar_band=(0, 0, 392, 53) topbar_band_visible_count=7 popup_region_visible_count=0 force_refresh=True handle=153683160
2026-08-31 15:40:15.930 | DEBUG    | winwatt_automation.live_ui.menu_helpers:_menu_items:1111 - Discovered 7 MenuItem controls
2026-08-31 15:40:15.930 | DEBUG    | winwatt_automation.live_ui.menu_helpers:_log_phase_timing:83 - DBG_PHASE_TIMING phase=_menu_items elapsed_ms=516.000 force_refresh=True total_items=7 visible_items=7
2026-08-31 15:40:16.009 | INFO     | winwatt_automation.live_ui.menu_helpers:list_top_menu_items:1141 - Top-level menu items (raw): ['Rendszer', 'Fájl', 'Jegyzékek', 'Eszközök', 'Beállítások', 'Ablak', 'Súgó']
2026-08-31 15:40:16.009 | DEBUG    | winwatt_automation.live_ui.menu_helpers:_log_phase_timing:83 - DBG_PHASE_TIMING phase=list_top_menu_items elapsed_ms=594.000 count=7
2026-08-31 15:40:16.522 | DEBUG    | winwatt_automation.live_ui.app_connector:get_cached_main_window:565 - DBG_WINWATT_CACHE_GET reason_code=cache_reused_without_validation payload={'wrapper_type': 'UIAWrapper', 'handle': 153683160, 'process_id': 23020, 'title': 'WinWatt gólya - C:\\Users\\Admin\\Documents\\GitHub\\autowinwatt\\winwatt_automation\\data\\runtime_maps\\full_authorized_sandbox\\building_three_rooms_persisted_2026083', 'class_name': 'TMainForm', 'control_type': 'Window'} last_validation_age_s=1.297000000020489 diagnostic_fast_mode=False
2026-08-31 15:40:16.522 | DEBUG    | winwatt_automation.live_ui.app_connector:get_cached_main_window:566 - DBG_PHASE_TIMING phase=get_cached_main_window elapsed_ms=0.000 reason_code=cache_reused_without_validation
2026-08-31 15:40:16.686 | DEBUG    | winwatt_automation.live_ui.app_connector:get_cached_main_window:565 - DBG_WINWATT_CACHE_GET reason_code=cache_reused_without_validation payload={'wrapper_type': 'UIAWrapper', 'handle': 153683160, 'process_id': 23020, 'title': 'WinWatt gólya - C:\\Users\\Admin\\Documents\\GitHub\\autowinwatt\\winwatt_automation\\data\\runtime_maps\\full_authorized_sandbox\\building_three_rooms_persisted_2026083', 'class_name': 'TMainForm', 'control_type': 'Window'} last_validation_age_s=1.4540000000270084 diagnostic_fast_mode=False
2026-08-31 15:40:16.686 | DEBUG    | winwatt_automation.live_ui.app_connector:get_cached_main_window:566 - DBG_PHASE_TIMING phase=get_cached_main_window elapsed_ms=15.000 reason_code=cache_reused_without_validation
2026-08-31 15:40:16.692 | DEBUG    | winwatt_automation.live_ui.app_connector:get_cached_main_window:565 - DBG_WINWATT_CACHE_GET reason_code=cache_reused_without_validation payload={'wrapper_type': 'UIAWrapper', 'handle': 153683160, 'process_id': 23020, 'title': 'WinWatt gólya - C:\\Users\\Admin\\Documents\\GitHub\\autowinwatt\\winwatt_automation\\data\\runtime_maps\\full_authorized_sandbox\\building_three_rooms_persisted_2026083', 'class_name': 'TMainForm', 'control_type': 'Window'} last_validation_age_s=1.4690000000409782 diagnostic_fast_mode=False
2026-08-31 15:40:16.692 | DEBUG    | winwatt_automation.live_ui.app_connector:get_cached_main_window:566 - DBG_PHASE_TIMING phase=get_cached_main_window elapsed_ms=0.000 reason_code=cache_reused_without_validation
2026-08-31 15:40:17.213 | INFO     | winwatt_automation.live_ui.menu_helpers:_menu_items:1101 - DBG_MENU_ITEMS_SUMMARY total_items=7 visible_items=7 topbar_band=(0, 0, 392, 53) topbar_band_visible_count=7 popup_region_visible_count=0 force_refresh=True handle=153683160
2026-08-31 15:40:17.229 | DEBUG    | winwatt_automation.live_ui.menu_helpers:_menu_items:1111 - Discovered 7 MenuItem controls
2026-08-31 15:40:17.229 | DEBUG    | winwatt_automation.live_ui.menu_helpers:_log_phase_timing:83 - DBG_PHASE_TIMING phase=_menu_items elapsed_ms=546.000 force_refresh=True total_items=7 visible_items=7
2026-08-31 15:40:17.309 | INFO     | winwatt_automation.live_ui.menu_helpers:list_top_menu_items:1141 - Top-level menu items (raw): ['Rendszer', 'Fájl', 'Jegyzékek', 'Eszközök', 'Beállítások', 'Ablak', 'Súgó']
2026-08-31 15:40:17.309 | DEBUG    | winwatt_automation.live_ui.menu_helpers:_log_phase_timing:83 - DBG_PHASE_TIMING phase=list_top_menu_items elapsed_ms=640.000 count=7
2026-08-31 15:40:17.835 | DEBUG    | winwatt_automation.live_ui.app_connector:get_cached_main_window:565 - DBG_WINWATT_CACHE_GET reason_code=cache_reused_without_validation payload={'wrapper_type': 'UIAWrapper', 'handle': 153683160, 'process_id': 23020, 'title': 'WinWatt gólya - C:\\Users\\Admin\\Documents\\GitHub\\autowinwatt\\winwatt_automation\\data\\runtime_maps\\full_authorized_sandbox\\building_three_rooms_persisted_2026083', 'class_name': 'TMainForm', 'control_type': 'Window'} last_validation_age_s=2.60999999998603 diagnostic_fast_mode=False
2026-08-31 15:40:17.842 | DEBUG    | winwatt_automation.live_ui.app_connector:get_cached_main_window:566 - DBG_PHASE_TIMING phase=get_cached_main_window elapsed_ms=15.000 reason_code=cache_reused_without_validation
2026-08-31 15:40:17.984 | DEBUG    | winwatt_automation.live_ui.app_connector:get_cached_main_window:565 - DBG_WINWATT_CACHE_GET reason_code=cache_reused_without_validation payload={'wrapper_type': 'UIAWrapper', 'handle': 153683160, 'process_id': 23020, 'title': 'WinWatt gólya - C:\\Users\\Admin\\Documents\\GitHub\\autowinwatt\\winwatt_automation\\data\\runtime_maps\\full_authorized_sandbox\\building_three_rooms_persisted_2026083', 'class_name': 'TMainForm', 'control_type': 'Window'} last_validation_age_s=2.7660000000614673 diagnostic_fast_mode=False
2026-08-31 15:40:18.002 | DEBUG    | winwatt_automation.live_ui.app_connector:get_cached_main_window:566 - DBG_PHASE_TIMING phase=get_cached_main_window elapsed_ms=16.000 reason_code=cache_reused_without_validation
2026-08-31 15:40:18.002 | DEBUG    | winwatt_automation.live_ui.app_connector:get_cached_main_window:565 - DBG_WINWATT_CACHE_GET reason_code=cache_reused_without_validation payload={'wrapper_type': 'UIAWrapper', 'handle': 153683160, 'process_id': 23020, 'title': 'WinWatt gólya - C:\\Users\\Admin\\Documents\\GitHub\\autowinwatt\\winwatt_automation\\data\\runtime_maps\\full_authorized_sandbox\\building_three_rooms_persisted_2026083', 'class_name': 'TMainForm', 'control_type': 'Window'} last_validation_age_s=2.7820000000065193 diagnostic_fast_mode=False
2026-08-31 15:40:18.002 | DEBUG    | winwatt_automation.live_ui.app_connector:get_cached_main_window:566 - DBG_PHASE_TIMING phase=get_cached_main_window elapsed_ms=0.000 reason_code=cache_reused_without_validation
2026-08-31 15:40:18.566 | INFO     | winwatt_automation.live_ui.menu_helpers:_menu_items:1101 - DBG_MENU_ITEMS_SUMMARY total_items=7 visible_items=7 topbar_band=(0, 0, 392, 53) topbar_band_visible_count=7 popup_region_visible_count=0 force_refresh=True handle=153683160
2026-08-31 15:40:18.570 | DEBUG    | winwatt_automation.live_ui.menu_helpers:_menu_items:1111 - Discovered 7 MenuItem controls
2026-08-31 15:40:18.570 | DEBUG    | winwatt_automation.live_ui.menu_helpers:_log_phase_timing:83 - DBG_PHASE_TIMING phase=_menu_items elapsed_ms=578.000 force_refresh=True total_items=7 visible_items=7
2026-08-31 15:40:18.644 | INFO     | winwatt_automation.live_ui.menu_helpers:list_top_menu_items:1141 - Top-level menu items (raw): ['Rendszer', 'Fájl', 'Jegyzékek', 'Eszközök', 'Beállítások', 'Ablak', 'Súgó']
2026-08-31 15:40:18.644 | DEBUG    | winwatt_automation.live_ui.menu_helpers:_log_phase_timing:83 - DBG_PHASE_TIMING phase=list_top_menu_items elapsed_ms=656.000 count=7
2026-08-31 15:40:19.153 | DEBUG    | winwatt_automation.live_ui.app_connector:get_cached_main_window:565 - DBG_WINWATT_CACHE_GET reason_code=cache_reused_without_validation payload={'wrapper_type': 'UIAWrapper', 'handle': 153683160, 'process_id': 23020, 'title': 'WinWatt gólya - C:\\Users\\Admin\\Documents\\GitHub\\autowinwatt\\winwatt_automation\\data\\runtime_maps\\full_authorized_sandbox\\building_three_rooms_persisted_2026083', 'class_name': 'TMainForm', 'control_type': 'Window'} last_validation_age_s=3.922000000020489 diagnostic_fast_mode=False
2026-08-31 15:40:19.153 | DEBUG    | winwatt_automation.live_ui.app_connector:get_cached_main_window:566 - DBG_PHASE_TIMING phase=get_cached_main_window elapsed_ms=16.000 reason_code=cache_reused_without_validation
2026-08-31 15:40:19.300 | INFO     | winwatt_automation.live_ui.app_connector:is_winwatt_foreground_context:1161 - DBG_WINWATT_FOREGROUND_CONTEXT expected_handle=153683160 expected_process_id=23020 expected_title=WinWatt gólya - C:\Users\Admin\Documents\GitHub\autowinwatt\winwatt_automation\data\runtime_maps\full_authorized_sandbox\building_three_rooms_persisted_2026083 expected_class_name=TMainForm actual_foreground_handle=153683160 actual_foreground_process_id=23020 actual_foreground_title=WinWatt gólya - C:\Users\Admin\Documents\GitHub\autowinwatt\winwatt_automation\data\runtime_maps\full_authorized_sandbox\building_three_rooms_persisted_2026083 actual_foreground_class_name=TMainForm allow_dialog=True result_reason=handle_match
2026-08-31 15:40:19.318 | INFO     | winwatt_automation.live_ui.app_connector:_cached_window_health_status:489 - DBG_WINWATT_CACHE_HEALTH reason_code=healthy payload={'wrapper_type': 'UIAWrapper', 'handle': 153683160, 'process_id': 23020, 'title': 'WinWatt gólya - C:\\Users\\Admin\\Documents\\GitHub\\autowinwatt\\winwatt_automation\\data\\runtime_maps\\full_authorized_sandbox\\building_three_rooms_persisted_2026083', 'class_name': 'TMainForm', 'control_type': 'Window'}
2026-08-31 15:40:19.318 | DEBUG    | winwatt_automation.live_ui.app_connector:get_cached_main_window:574 - DBG_WINWATT_CACHE_GET reason_code=cache_validated_ok payload={'wrapper_type': 'UIAWrapper', 'handle': 153683160, 'process_id': 23020, 'title': 'WinWatt gólya - C:\\Users\\Admin\\Documents\\GitHub\\autowinwatt\\winwatt_automation\\data\\runtime_maps\\full_authorized_sandbox\\building_three_rooms_persisted_2026083', 'class_name': 'TMainForm', 'control_type': 'Window'} last_validation_age_s=4.079000000027008 diagnostic_fast_mode=False
2026-08-31 15:40:19.318 | DEBUG    | winwatt_automation.live_ui.app_connector:get_cached_main_window:575 - DBG_PHASE_TIMING phase=get_cached_main_window elapsed_ms=15.000 reason_code=cache_validated_ok
2026-08-31 15:40:19.318 | DEBUG    | winwatt_automation.live_ui.app_connector:get_cached_main_window:565 - DBG_WINWATT_CACHE_GET reason_code=cache_reused_without_validation payload={'wrapper_type': 'UIAWrapper', 'handle': 153683160, 'process_id': 23020, 'title': 'WinWatt gólya - C:\\Users\\Admin\\Documents\\GitHub\\autowinwatt\\winwatt_automation\\data\\runtime_maps\\full_authorized_sandbox\\building_three_rooms_persisted_2026083', 'class_name': 'TMainForm', 'control_type': 'Window'} last_validation_age_s=0.015000000013969839 diagnostic_fast_mode=False
2026-08-31 15:40:19.318 | DEBUG    | winwatt_automation.live_ui.app_connector:get_cached_main_window:566 - DBG_PHASE_TIMING phase=get_cached_main_window elapsed_ms=0.000 reason_code=cache_reused_without_validation
2026-08-31 15:40:19.873 | INFO     | winwatt_automation.live_ui.menu_helpers:_menu_items:1101 - DBG_MENU_ITEMS_SUMMARY total_items=7 visible_items=7 topbar_band=(0, 0, 392, 53) topbar_band_visible_count=7 popup_region_visible_count=0 force_refresh=True handle=153683160
2026-08-31 15:40:19.889 | DEBUG    | winwatt_automation.live_ui.menu_helpers:_menu_items:1111 - Discovered 7 MenuItem controls
2026-08-31 15:40:19.889 | DEBUG    | winwatt_automation.live_ui.menu_helpers:_log_phase_timing:83 - DBG_PHASE_TIMING phase=_menu_items elapsed_ms=593.000 force_refresh=True total_items=7 visible_items=7
2026-08-31 15:40:19.952 | INFO     | winwatt_automation.live_ui.menu_helpers:list_top_menu_items:1141 - Top-level menu items (raw): ['Rendszer', 'Fájl', 'Jegyzékek', 'Eszközök', 'Beállítások', 'Ablak', 'Súgó']
2026-08-31 15:40:19.952 | DEBUG    | winwatt_automation.live_ui.menu_helpers:_log_phase_timing:83 - DBG_PHASE_TIMING phase=list_top_menu_items elapsed_ms=656.000 count=7
2026-08-31 15:40:20.469 | DEBUG    | winwatt_automation.live_ui.app_connector:get_cached_main_window:565 - DBG_WINWATT_CACHE_GET reason_code=cache_reused_without_validation payload={'wrapper_type': 'UIAWrapper', 'handle': 153683160, 'process_id': 23020, 'title': 'WinWatt gólya - C:\\Users\\Admin\\Documents\\GitHub\\autowinwatt\\winwatt_automation\\data\\runtime_maps\\full_authorized_sandbox\\building_three_rooms_persisted_2026083', 'class_name': 'TMainForm', 'control_type': 'Window'} last_validation_age_s=1.1709999999729916 diagnostic_fast_mode=False
2026-08-31 15:40:20.472 | DEBUG    | winwatt_automation.live_ui.app_connector:get_cached_main_window:566 - DBG_PHASE_TIMING phase=get_cached_main_window elapsed_ms=0.000 reason_code=cache_reused_without_validation
2026-08-31 15:40:20.619 | DEBUG    | winwatt_automation.live_ui.app_connector:get_cached_main_window:565 - DBG_WINWATT_CACHE_GET reason_code=cache_reused_without_validation payload={'wrapper_type': 'UIAWrapper', 'handle': 153683160, 'process_id': 23020, 'title': 'WinWatt gólya - C:\\Users\\Admin\\Documents\\GitHub\\autowinwatt\\winwatt_automation\\data\\runtime_maps\\full_authorized_sandbox\\building_three_rooms_persisted_2026083', 'class_name': 'TMainForm', 'control_type': 'Window'} last_validation_age_s=1.312000000034459 diagnostic_fast_mode=False
2026-08-31 15:40:20.619 | DEBUG    | winwatt_automation.live_ui.app_connector:get_cached_main_window:566 - DBG_PHASE_TIMING phase=get_cached_main_window elapsed_ms=0.000 reason_code=cache_reused_without_validation
2026-08-31 15:40:20.634 | DEBUG    | winwatt_automation.live_ui.app_connector:get_cached_main_window:565 - DBG_WINWATT_CACHE_GET reason_code=cache_reused_without_validation payload={'wrapper_type': 'UIAWrapper', 'handle': 153683160, 'process_id': 23020, 'title': 'WinWatt gólya - C:\\Users\\Admin\\Documents\\GitHub\\autowinwatt\\winwatt_automation\\data\\runtime_maps\\full_authorized_sandbox\\building_three_rooms_persisted_2026083', 'class_name': 'TMainForm', 'control_type': 'Window'} last_validation_age_s=1.312000000034459 diagnostic_fast_mode=False
2026-08-31 15:40:20.634 | DEBUG    | winwatt_automation.live_ui.app_connector:get_cached_main_window:566 - DBG_PHASE_TIMING phase=get_cached_main_window elapsed_ms=16.000 reason_code=cache_reused_without_validation
2026-08-31 15:40:21.208 | INFO     | winwatt_automation.live_ui.menu_helpers:_menu_items:1101 - DBG_MENU_ITEMS_SUMMARY total_items=7 visible_items=7 topbar_band=(0, 0, 392, 53) topbar_band_visible_count=7 popup_region_visible_count=0 force_refresh=True handle=153683160
2026-08-31 15:40:21.212 | DEBUG    | winwatt_automation.live_ui.menu_helpers:_menu_items:1111 - Discovered 7 MenuItem controls
2026-08-31 15:40:21.213 | DEBUG    | winwatt_automation.live_ui.menu_helpers:_log_phase_timing:83 - DBG_PHASE_TIMING phase=_menu_items elapsed_ms=594.000 force_refresh=True total_items=7 visible_items=7
2026-08-31 15:40:21.300 | INFO     | winwatt_automation.live_ui.menu_helpers:list_top_menu_items:1141 - Top-level menu items (raw): ['Rendszer', 'Fájl', 'Jegyzékek', 'Eszközök', 'Beállítások', 'Ablak', 'Súgó']
2026-08-31 15:40:21.300 | DEBUG    | winwatt_automation.live_ui.menu_helpers:_log_phase_timing:83 - DBG_PHASE_TIMING phase=list_top_menu_items elapsed_ms=688.000 count=7
2026-08-31 15:40:21.807 | DEBUG    | winwatt_automation.live_ui.app_connector:get_cached_main_window:565 - DBG_WINWATT_CACHE_GET reason_code=cache_reused_without_validation payload={'wrapper_type': 'UIAWrapper', 'handle': 153683160, 'process_id': 23020, 'title': 'WinWatt gólya - C:\\Users\\Admin\\Documents\\GitHub\\autowinwatt\\winwatt_automation\\data\\runtime_maps\\full_authorized_sandbox\\building_three_rooms_persisted_2026083', 'class_name': 'TMainForm', 'control_type': 'Window'} last_validation_age_s=2.5 diagnostic_fast_mode=False
2026-08-31 15:40:21.807 | DEBUG    | winwatt_automation.live_ui.app_connector:get_cached_main_window:566 - DBG_PHASE_TIMING phase=get_cached_main_window elapsed_ms=0.000 reason_code=cache_reused_without_validation
2026-08-31 15:40:21.958 | DEBUG    | winwatt_automation.live_ui.app_connector:get_cached_main_window:565 - DBG_WINWATT_CACHE_GET reason_code=cache_reused_without_validation payload={'wrapper_type': 'UIAWrapper', 'handle': 153683160, 'process_id': 23020, 'title': 'WinWatt gólya - C:\\Users\\Admin\\Documents\\GitHub\\autowinwatt\\winwatt_automation\\data\\runtime_maps\\full_authorized_sandbox\\building_three_rooms_persisted_2026083', 'class_name': 'TMainForm', 'control_type': 'Window'} last_validation_age_s=2.64000000001397 diagnostic_fast_mode=False
2026-08-31 15:40:21.958 | DEBUG    | winwatt_automation.live_ui.app_connector:get_cached_main_window:566 - DBG_PHASE_TIMING phase=get_cached_main_window elapsed_ms=16.000 reason_code=cache_reused_without_validation
2026-08-31 15:40:21.958 | DEBUG    | winwatt_automation.live_ui.app_connector:get_cached_main_window:565 - DBG_WINWATT_CACHE_GET reason_code=cache_reused_without_validation payload={'wrapper_type': 'UIAWrapper', 'handle': 153683160, 'process_id': 23020, 'title': 'WinWatt gólya - C:\\Users\\Admin\\Documents\\GitHub\\autowinwatt\\winwatt_automation\\data\\runtime_maps\\full_authorized_sandbox\\building_three_rooms_persisted_2026083', 'class_name': 'TMainForm', 'control_type': 'Window'} last_validation_age_s=2.655999999959022 diagnostic_fast_mode=False
2026-08-31 15:40:21.958 | DEBUG    | winwatt_automation.live_ui.app_connector:get_cached_main_window:566 - DBG_PHASE_TIMING phase=get_cached_main_window elapsed_ms=0.000 reason_code=cache_reused_without_validation
2026-08-31 15:40:22.517 | INFO     | winwatt_automation.live_ui.menu_helpers:_menu_items:1101 - DBG_MENU_ITEMS_SUMMARY total_items=7 visible_items=7 topbar_band=(0, 0, 392, 53) topbar_band_visible_count=7 popup_region_visible_count=0 force_refresh=True handle=153683160
2026-08-31 15:40:22.517 | DEBUG    | winwatt_automation.live_ui.menu_helpers:_menu_items:1111 - Discovered 7 MenuItem controls
2026-08-31 15:40:22.517 | DEBUG    | winwatt_automation.live_ui.menu_helpers:_log_phase_timing:83 - DBG_PHASE_TIMING phase=_menu_items elapsed_ms=578.000 force_refresh=True total_items=7 visible_items=7
2026-08-31 15:40:22.578 | INFO     | winwatt_automation.live_ui.menu_helpers:list_top_menu_items:1141 - Top-level menu items (raw): ['Rendszer', 'Fájl', 'Jegyzékek', 'Eszközök', 'Beállítások', 'Ablak', 'Súgó']
2026-08-31 15:40:22.597 | DEBUG    | winwatt_automation.live_ui.menu_helpers:_log_phase_timing:83 - DBG_PHASE_TIMING phase=list_top_menu_items elapsed_ms=656.000 count=7
2026-08-31 15:40:23.110 | DEBUG    | winwatt_automation.live_ui.app_connector:get_cached_main_window:565 - DBG_WINWATT_CACHE_GET reason_code=cache_reused_without_validation payload={'wrapper_type': 'UIAWrapper', 'handle': 153683160, 'process_id': 23020, 'title': 'WinWatt gólya - C:\\Users\\Admin\\Documents\\GitHub\\autowinwatt\\winwatt_automation\\data\\runtime_maps\\full_authorized_sandbox\\building_three_rooms_persisted_2026083', 'class_name': 'TMainForm', 'control_type': 'Window'} last_validation_age_s=3.7959999999729916 diagnostic_fast_mode=False
2026-08-31 15:40:23.110 | DEBUG    | winwatt_automation.live_ui.app_connector:get_cached_main_window:566 - DBG_PHASE_TIMING phase=get_cached_main_window elapsed_ms=16.000 reason_code=cache_reused_without_validation
2026-08-31 15:40:24.793 | INFO     | winwatt_automation.live_ui.app_connector:is_winwatt_foreground_context:1161 - DBG_WINWATT_FOREGROUND_CONTEXT expected_handle=153683160 expected_process_id=23020 expected_title=WinWatt gólya - C:\Users\Admin\Documents\GitHub\autowinwatt\winwatt_automation\data\runtime_maps\full_authorized_sandbox\building_three_rooms_persisted_2026083 expected_class_name=TMainForm actual_foreground_handle=153683160 actual_foreground_process_id=23020 actual_foreground_title=WinWatt gólya - C:\Users\Admin\Documents\GitHub\autowinwatt\winwatt_automation\data\runtime_maps\full_authorized_sandbox\building_three_rooms_persisted_2026083 actual_foreground_class_name=TMainForm allow_dialog=True result_reason=handle_match
2026-08-31 15:40:24.802 | INFO     | winwatt_automation.live_ui.app_connector:_cached_window_health_status:489 - DBG_WINWATT_CACHE_HEALTH reason_code=healthy payload={'wrapper_type': 'UIAWrapper', 'handle': 153683160, 'process_id': 23020, 'title': 'WinWatt gólya - C:\\Users\\Admin\\Documents\\GitHub\\autowinwatt\\winwatt_automation\\data\\runtime_maps\\full_authorized_sandbox\\building_three_rooms_persisted_2026083', 'class_name': 'TMainForm', 'control_type': 'Window'}
2026-08-31 15:40:24.802 | DEBUG    | winwatt_automation.live_ui.app_connector:get_cached_main_window:574 - DBG_WINWATT_CACHE_GET reason_code=cache_validated_ok payload={'wrapper_type': 'UIAWrapper', 'handle': 153683160, 'process_id': 23020, 'title': 'WinWatt gólya - C:\\Users\\Admin\\Documents\\GitHub\\autowinwatt\\winwatt_automation\\data\\runtime_maps\\full_authorized_sandbox\\building_three_rooms_persisted_2026083', 'class_name': 'TMainForm', 'control_type': 'Window'} last_validation_age_s=5.484000000054948 diagnostic_fast_mode=False
2026-08-31 15:40:24.814 | DEBUG    | winwatt_automation.live_ui.app_connector:get_cached_main_window:575 - DBG_PHASE_TIMING phase=get_cached_main_window elapsed_ms=31.000 reason_code=cache_validated_ok
2026-08-31 15:40:46.122 | INFO     | winwatt_automation.live_ui.app_connector:is_winwatt_foreground_context:1161 - DBG_WINWATT_FOREGROUND_CONTEXT expected_handle=153683160 expected_process_id=23020 expected_title=WinWatt gólya - C:\Users\Admin\Documents\GitHub\autowinwatt\winwatt_automation\data\runtime_maps\full_authorized_sandbox\building_three_rooms_persisted_2026083 expected_class_name=TMainForm actual_foreground_handle=153683160 actual_foreground_process_id=23020 actual_foreground_title=WinWatt gólya - C:\Users\Admin\Documents\GitHub\autowinwatt\winwatt_automation\data\runtime_maps\full_authorized_sandbox\building_three_rooms_persisted_2026083 actual_foreground_class_name=TMainForm allow_dialog=True result_reason=handle_match
2026-08-31 15:40:46.122 | INFO     | winwatt_automation.live_ui.app_connector:_cached_window_health_status:489 - DBG_WINWATT_CACHE_HEALTH reason_code=healthy payload={'wrapper_type': 'UIAWrapper', 'handle': 153683160, 'process_id': 23020, 'title': 'WinWatt gólya - C:\\Users\\Admin\\Documents\\GitHub\\autowinwatt\\winwatt_automation\\data\\runtime_maps\\full_authorized_sandbox\\building_three_rooms_persisted_2026083', 'class_name': 'TMainForm', 'control_type': 'Window'}
2026-08-31 15:40:46.131 | DEBUG    | winwatt_automation.live_ui.app_connector:get_cached_main_window:574 - DBG_WINWATT_CACHE_GET reason_code=cache_validated_ok payload={'wrapper_type': 'UIAWrapper', 'handle': 153683160, 'process_id': 23020, 'title': 'WinWatt gólya - C:\\Users\\Admin\\Documents\\GitHub\\autowinwatt\\winwatt_automation\\data\\runtime_maps\\full_authorized_sandbox\\building_three_rooms_persisted_2026083', 'class_name': 'TMainForm', 'control_type': 'Window'} last_validation_age_s=19.811999999918044 diagnostic_fast_mode=False
2026-08-31 15:40:46.131 | DEBUG    | winwatt_automation.live_ui.app_connector:get_cached_main_window:575 - DBG_PHASE_TIMING phase=get_cached_main_window elapsed_ms=1532.000 reason_code=cache_validated_ok
2026-08-31 15:40:46.308 | DEBUG    | winwatt_automation.live_ui.app_connector:get_cached_main_window:565 - DBG_WINWATT_CACHE_GET reason_code=cache_reused_without_validation payload={'wrapper_type': 'UIAWrapper', 'handle': 153683160, 'process_id': 23020, 'title': 'WinWatt gólya - C:\\Users\\Admin\\Documents\\GitHub\\autowinwatt\\winwatt_automation\\data\\runtime_maps\\full_authorized_sandbox\\building_three_rooms_persisted_2026083', 'class_name': 'TMainForm', 'control_type': 'Window'} last_validation_age_s=1.7040000000270084 diagnostic_fast_mode=False
2026-08-31 15:40:46.309 | DEBUG    | winwatt_automation.live_ui.app_connector:get_cached_main_window:566 - DBG_PHASE_TIMING phase=get_cached_main_window elapsed_ms=15.000 reason_code=cache_reused_without_validation
2026-08-31 15:40:55.061 | INFO     | winwatt_automation.live_ui.app_connector:is_winwatt_foreground_context:1161 - DBG_WINWATT_FOREGROUND_CONTEXT expected_handle=153683160 expected_process_id=23020 expected_title=WinWatt gólya - C:\Users\Admin\Documents\GitHub\autowinwatt\winwatt_automation\data\runtime_maps\full_authorized_sandbox\building_three_rooms_persisted_2026083 expected_class_name=TMainForm actual_foreground_handle=8719532 actual_foreground_process_id=23020 actual_foreground_title=Határoló szerkezetek kiválasztása: Helyiségek - Automation demo room 2 actual_foreground_class_name=TSelectBoundarisForm allow_dialog=True result_reason=pid_match_allow_dialog
2026-08-31 15:40:55.100 | INFO     | winwatt_automation.live_ui.app_connector:_cached_window_health_status:489 - DBG_WINWATT_CACHE_HEALTH reason_code=healthy payload={'wrapper_type': 'UIAWrapper', 'handle': 153683160, 'process_id': 23020, 'title': 'WinWatt gólya - C:\\Users\\Admin\\Documents\\GitHub\\autowinwatt\\winwatt_automation\\data\\runtime_maps\\full_authorized_sandbox\\building_three_rooms_persisted_2026083', 'class_name': 'TMainForm', 'control_type': 'Window'}
2026-08-31 15:40:55.117 | DEBUG    | winwatt_automation.live_ui.app_connector:get_cached_main_window:574 - DBG_WINWATT_CACHE_GET reason_code=cache_validated_ok payload={'wrapper_type': 'UIAWrapper', 'handle': 153683160, 'process_id': 23020, 'title': 'WinWatt gólya - C:\\Users\\Admin\\Documents\\GitHub\\autowinwatt\\winwatt_automation\\data\\runtime_maps\\full_authorized_sandbox\\building_three_rooms_persisted_2026083', 'class_name': 'TMainForm', 'control_type': 'Window'} last_validation_age_s=10.079000000027008 diagnostic_fast_mode=False
2026-08-31 15:40:55.117 | DEBUG    | winwatt_automation.live_ui.app_connector:get_cached_main_window:575 - DBG_PHASE_TIMING phase=get_cached_main_window elapsed_ms=437.000 reason_code=cache_validated_ok
2026-08-31 15:40:55.883 | DEBUG    | winwatt_automation.live_ui.app_connector:get_cached_main_window:565 - DBG_WINWATT_CACHE_GET reason_code=cache_reused_without_validation payload={'wrapper_type': 'UIAWrapper', 'handle': 153683160, 'process_id': 23020, 'title': 'WinWatt gólya - C:\\Users\\Admin\\Documents\\GitHub\\autowinwatt\\winwatt_automation\\data\\runtime_maps\\full_authorized_sandbox\\building_three_rooms_persisted_2026083', 'class_name': 'TMainForm', 'control_type': 'Window'} last_validation_age_s=1.202999999979511 diagnostic_fast_mode=False
2026-08-31 15:40:55.890 | DEBUG    | winwatt_automation.live_ui.app_connector:get_cached_main_window:566 - DBG_PHASE_TIMING phase=get_cached_main_window elapsed_ms=15.000 reason_code=cache_reused_without_validation
2026-08-31 15:40:57.092 | INFO     | winwatt_automation.live_ui.app_connector:get_cached_main_window:597 - DBG_WINWATT_CACHE_GET reason_code=cache_missing_resolving_fresh diagnostic_fast_mode=False
2026-08-31 15:40:57.327 | DEBUG    | winwatt_automation.live_ui.app_connector:list_candidate_windows:180 - Discovered 0 WinWatt-like windows on backend=win32
2026-08-31 15:40:57.327 | INFO     | winwatt_automation.live_ui.app_connector:_connect_with_win32_handle:276 - DBG_WINWATT_CONNECT_WIN32_CANDIDATES locator=backend=win32 ranked_candidates=[] 
2026-08-31 15:40:57.327 | WARNING  | winwatt_automation.runtime_mapping.program_mapper:_safe_capture_snapshot:191 - snapshot_capture_failed state_id=startup_after_relaunch error=No WinWatt-like windows were found
2026-08-31 15:40:57.838 | INFO     | winwatt_automation.live_ui.app_connector:get_cached_main_window:597 - DBG_WINWATT_CACHE_GET reason_code=cache_missing_resolving_fresh diagnostic_fast_mode=False
2026-08-31 15:41:00.438 | DEBUG    | winwatt_automation.live_ui.app_connector:list_candidate_windows:180 - Discovered 0 WinWatt-like windows on backend=win32
2026-08-31 15:41:00.454 | INFO     | winwatt_automation.live_ui.app_connector:_connect_with_win32_handle:276 - DBG_WINWATT_CONNECT_WIN32_CANDIDATES locator=backend=win32 ranked_candidates=[] 
2026-08-31 15:41:00.454 | WARNING  | winwatt_automation.runtime_mapping.program_mapper:_safe_capture_snapshot:191 - snapshot_capture_failed state_id=startup_after_relaunch error=No WinWatt-like windows were found
2026-08-31 15:41:00.956 | INFO     | winwatt_automation.live_ui.app_connector:get_cached_main_window:597 - DBG_WINWATT_CACHE_GET reason_code=cache_missing_resolving_fresh diagnostic_fast_mode=False
2026-08-31 15:41:02.547 | DEBUG    | winwatt_automation.live_ui.app_connector:list_candidate_windows:180 - Discovered 0 WinWatt-like windows on backend=win32
2026-08-31 15:41:02.553 | INFO     | winwatt_automation.live_ui.app_connector:_connect_with_win32_handle:276 - DBG_WINWATT_CONNECT_WIN32_CANDIDATES locator=backend=win32 ranked_candidates=[] 
2026-08-31 15:41:02.553 | WARNING  | winwatt_automation.runtime_mapping.program_mapper:_safe_capture_snapshot:191 - snapshot_capture_failed state_id=startup_after_relaunch error=No WinWatt-like windows were found
2026-08-31 15:41:03.055 | INFO     | winwatt_automation.live_ui.app_connector:get_cached_main_window:597 - DBG_WINWATT_CACHE_GET reason_code=cache_missing_resolving_fresh diagnostic_fast_mode=False
2026-08-31 15:41:03.174 | DEBUG    | winwatt_automation.live_ui.app_connector:list_candidate_windows:180 - Discovered 0 WinWatt-like windows on backend=win32
2026-08-31 15:41:03.174 | INFO     | winwatt_automation.live_ui.app_connector:_connect_with_win32_handle:276 - DBG_WINWATT_CONNECT_WIN32_CANDIDATES locator=backend=win32 ranked_candidates=[] 
2026-08-31 15:41:03.175 | WARNING  | winwatt_automation.runtime_mapping.program_mapper:_safe_capture_snapshot:191 - snapshot_capture_failed state_id=startup_after_relaunch error=No WinWatt-like windows were found
2026-08-31 15:41:03.676 | INFO     | winwatt_automation.live_ui.app_connector:get_cached_main_window:597 - DBG_WINWATT_CACHE_GET reason_code=cache_missing_resolving_fresh diagnostic_fast_mode=False
2026-08-31 15:41:03.783 | DEBUG    | winwatt_automation.live_ui.app_connector:list_candidate_windows:180 - Discovered 0 WinWatt-like windows on backend=win32
2026-08-31 15:41:03.783 | INFO     | winwatt_automation.live_ui.app_connector:_connect_with_win32_handle:276 - DBG_WINWATT_CONNECT_WIN32_CANDIDATES locator=backend=win32 ranked_candidates=[] 
2026-08-31 15:41:03.783 | WARNING  | winwatt_automation.runtime_mapping.program_mapper:_safe_capture_snapshot:191 - snapshot_capture_failed state_id=startup_after_relaunch error=No WinWatt-like windows were found
2026-08-31 15:41:04.285 | INFO     | winwatt_automation.live_ui.app_connector:get_cached_main_window:597 - DBG_WINWATT_CACHE_GET reason_code=cache_missing_resolving_fresh diagnostic_fast_mode=False
2026-08-31 15:41:04.379 | DEBUG    | winwatt_automation.live_ui.app_connector:list_candidate_windows:180 - Discovered 0 WinWatt-like windows on backend=win32
2026-08-31 15:41:04.394 | INFO     | winwatt_automation.live_ui.app_connector:_connect_with_win32_handle:276 - DBG_WINWATT_CONNECT_WIN32_CANDIDATES locator=backend=win32 ranked_candidates=[] 
2026-08-31 15:41:04.394 | WARNING  | winwatt_automation.runtime_mapping.program_mapper:_safe_capture_snapshot:191 - snapshot_capture_failed state_id=startup_after_relaunch error=No WinWatt-like windows were found
2026-08-31 15:41:04.901 | INFO     | winwatt_automation.live_ui.app_connector:get_cached_main_window:597 - DBG_WINWATT_CACHE_GET reason_code=cache_missing_resolving_fresh diagnostic_fast_mode=False
2026-08-31 15:41:04.980 | DEBUG    | winwatt_automation.live_ui.app_connector:list_candidate_windows:180 - Discovered 0 WinWatt-like windows on backend=win32
2026-08-31 15:41:04.980 | INFO     | winwatt_automation.live_ui.app_connector:_connect_with_win32_handle:276 - DBG_WINWATT_CONNECT_WIN32_CANDIDATES locator=backend=win32 ranked_candidates=[] 
2026-08-31 15:41:04.980 | WARNING  | winwatt_automation.runtime_mapping.program_mapper:_safe_capture_snapshot:191 - snapshot_capture_failed state_id=startup_after_relaunch error=No WinWatt-like windows were found
2026-08-31 15:41:05.493 | INFO     | winwatt_automation.live_ui.app_connector:get_cached_main_window:597 - DBG_WINWATT_CACHE_GET reason_code=cache_missing_resolving_fresh diagnostic_fast_mode=False
2026-08-31 15:41:05.572 | DEBUG    | winwatt_automation.live_ui.app_connector:list_candidate_windows:180 - Discovered 0 WinWatt-like windows on backend=win32
2026-08-31 15:41:05.572 | INFO     | winwatt_automation.live_ui.app_connector:_connect_with_win32_handle:276 - DBG_WINWATT_CONNECT_WIN32_CANDIDATES locator=backend=win32 ranked_candidates=[] 
2026-08-31 15:41:05.572 | WARNING  | winwatt_automation.runtime_mapping.program_mapper:_safe_capture_snapshot:191 - snapshot_capture_failed state_id=startup_after_relaunch error=No WinWatt-like windows were found
2026-08-31 15:41:06.087 | INFO     | winwatt_automation.live_ui.app_connector:get_cached_main_window:597 - DBG_WINWATT_CACHE_GET reason_code=cache_missing_resolving_fresh diagnostic_fast_mode=False
2026-08-31 15:41:06.175 | DEBUG    | winwatt_automation.live_ui.app_connector:list_candidate_windows:180 - Discovered 0 WinWatt-like windows on backend=win32
2026-08-31 15:41:06.175 | INFO     | winwatt_automation.live_ui.app_connector:_connect_with_win32_handle:276 - DBG_WINWATT_CONNECT_WIN32_CANDIDATES locator=backend=win32 ranked_candidates=[] 
2026-08-31 15:41:06.175 | WARNING  | winwatt_automation.runtime_mapping.program_mapper:_safe_capture_snapshot:191 - snapshot_capture_failed state_id=startup_after_relaunch error=No WinWatt-like windows were found
2026-08-31 15:41:06.682 | INFO     | winwatt_automation.live_ui.app_connector:get_cached_main_window:597 - DBG_WINWATT_CACHE_GET reason_code=cache_missing_resolving_fresh diagnostic_fast_mode=False
2026-08-31 15:41:06.771 | DEBUG    | winwatt_automation.live_ui.app_connector:list_candidate_windows:180 - Discovered 0 WinWatt-like windows on backend=win32
2026-08-31 15:41:06.771 | INFO     | winwatt_automation.live_ui.app_connector:_connect_with_win32_handle:276 - DBG_WINWATT_CONNECT_WIN32_CANDIDATES locator=backend=win32 ranked_candidates=[] 
2026-08-31 15:41:06.771 | WARNING  | winwatt_automation.runtime_mapping.program_mapper:_safe_capture_snapshot:191 - snapshot_capture_failed state_id=startup_after_relaunch error=No WinWatt-like windows were found
2026-08-31 15:41:07.277 | INFO     | winwatt_automation.live_ui.app_connector:get_cached_main_window:597 - DBG_WINWATT_CACHE_GET reason_code=cache_missing_resolving_fresh diagnostic_fast_mode=False
2026-08-31 15:41:07.410 | DEBUG    | winwatt_automation.live_ui.app_connector:list_candidate_windows:180 - Discovered 0 WinWatt-like windows on backend=win32
2026-08-31 15:41:07.411 | INFO     | winwatt_automation.live_ui.app_connector:_connect_with_win32_handle:276 - DBG_WINWATT_CONNECT_WIN32_CANDIDATES locator=backend=win32 ranked_candidates=[] 
2026-08-31 15:41:07.411 | WARNING  | winwatt_automation.runtime_mapping.program_mapper:_safe_capture_snapshot:191 - snapshot_capture_failed state_id=startup_after_relaunch error=No WinWatt-like windows were found
2026-08-31 15:41:07.912 | INFO     | winwatt_automation.live_ui.app_connector:get_cached_main_window:597 - DBG_WINWATT_CACHE_GET reason_code=cache_missing_resolving_fresh diagnostic_fast_mode=False
2026-08-31 15:41:07.996 | DEBUG    | winwatt_automation.live_ui.app_connector:list_candidate_windows:180 - Discovered 0 WinWatt-like windows on backend=win32
2026-08-31 15:41:07.996 | INFO     | winwatt_automation.live_ui.app_connector:_connect_with_win32_handle:276 - DBG_WINWATT_CONNECT_WIN32_CANDIDATES locator=backend=win32 ranked_candidates=[] 
2026-08-31 15:41:07.996 | WARNING  | winwatt_automation.runtime_mapping.program_mapper:_safe_capture_snapshot:191 - snapshot_capture_failed state_id=startup_after_relaunch error=No WinWatt-like windows were found
2026-08-31 15:41:08.502 | INFO     | winwatt_automation.live_ui.app_connector:get_cached_main_window:597 - DBG_WINWATT_CACHE_GET reason_code=cache_missing_resolving_fresh diagnostic_fast_mode=False
2026-08-31 15:41:08.578 | DEBUG    | winwatt_automation.live_ui.app_connector:list_candidate_windows:180 - Discovered 0 WinWatt-like windows on backend=win32
2026-08-31 15:41:08.578 | INFO     | winwatt_automation.live_ui.app_connector:_connect_with_win32_handle:276 - DBG_WINWATT_CONNECT_WIN32_CANDIDATES locator=backend=win32 ranked_candidates=[] 
2026-08-31 15:41:08.578 | WARNING  | winwatt_automation.runtime_mapping.program_mapper:_safe_capture_snapshot:191 - snapshot_capture_failed state_id=startup_after_relaunch error=No WinWatt-like windows were found
2026-08-31 15:41:09.088 | INFO     | winwatt_automation.live_ui.app_connector:get_cached_main_window:597 - DBG_WINWATT_CACHE_GET reason_code=cache_missing_resolving_fresh diagnostic_fast_mode=False
2026-08-31 15:41:09.171 | DEBUG    | winwatt_automation.live_ui.app_connector:list_candidate_windows:180 - Discovered 1 WinWatt-like windows on backend=win32
2026-08-31 15:41:09.175 | DEBUG    | winwatt_automation.live_ui.app_connector:list_candidate_windows:182 - Candidate[win32]: {'title': 'WinWatt gólya - C:\\Users\\Admin\\Documents\\GitHub\\autowinwatt\\winwatt_automation\\data\\runtime_maps\\full_authorized_sandbox\\building_three_rooms_persisted_2026083', 'window_text': 'WinWatt gólya - C:\\Users\\Admin\\Documents\\GitHub\\autowinwatt\\winwatt_automation\\data\\runtime_maps\\full_authorized_sandbox\\building_three_rooms_persisted_2026083', 'class_name': 'TMainForm', 'control_type': None, 'process_id': 2964, 'handle': None, 'is_visible': True, 'is_enabled': True, 'rectangle': {'left': -10, 'top': -10, 'right': 1930, 'bottom': 1030, 'width': 1940, 'height': 1040}, 'size': {'width': 1940, 'height': 1040}}
2026-08-31 15:41:09.175 | INFO     | winwatt_automation.live_ui.app_connector:_connect_with_win32_handle:276 - DBG_WINWATT_CONNECT_WIN32_CANDIDATES locator=backend=win32 ranked_candidates=[{'rank': 1, 'score': (1, 1, 1, 1, 2017600), 'process_id': 2964, 'handle': None, 'class_name': 'TMainForm', 'title': 'WinWatt gólya - C:\\Users\\Admin\\Documents\\GitHub\\autowinwatt\\winwatt_automation\\data\\runtime_maps\\full_authorized_sandbox\\building_three_rooms_persisted_2026083', 'visible': True, 'enabled': True}] 
2026-08-31 15:41:09.175 | INFO     | winwatt_automation.live_ui.app_connector:select_main_window:224 - Candidate ranking score=(1, 1, 1, 1, 2017600) data={'title': 'WinWatt gólya - C:\\Users\\Admin\\Documents\\GitHub\\autowinwatt\\winwatt_automation\\data\\runtime_maps\\full_authorized_sandbox\\building_three_rooms_persisted_2026083', 'window_text': 'WinWatt gólya - C:\\Users\\Admin\\Documents\\GitHub\\autowinwatt\\winwatt_automation\\data\\runtime_maps\\full_authorized_sandbox\\building_three_rooms_persisted_2026083', 'class_name': 'TMainForm', 'control_type': None, 'process_id': 2964, 'handle': None, 'is_visible': True, 'is_enabled': True, 'rectangle': {'left': -10, 'top': -10, 'right': 1930, 'bottom': 1030, 'width': 1940, 'height': 1040}, 'size': {'width': 1940, 'height': 1040}}
2026-08-31 15:41:09.175 | INFO     | winwatt_automation.live_ui.app_connector:select_main_window:234 - Selected main window process_id=2964 handle=None score=(1, 1, 1, 1, 2017600) reasons=['has_process_id=True', 'has_handle=False', 'visible=True', 'enabled=True', 'title_has_winwatt=True', 'area=2017600']
2026-08-31 15:41:09.175 | INFO     | winwatt_automation.live_ui.app_connector:_connect_with_win32_handle:293 - DBG_WINWATT_CONNECT_WIN32_SELECTED selected_payload={'title': 'WinWatt gólya - C:\\Users\\Admin\\Documents\\GitHub\\autowinwatt\\winwatt_automation\\data\\runtime_maps\\full_authorized_sandbox\\building_three_rooms_persisted_2026083', 'window_text': 'WinWatt gólya - C:\\Users\\Admin\\Documents\\GitHub\\autowinwatt\\winwatt_automation\\data\\runtime_maps\\full_authorized_sandbox\\building_three_rooms_persisted_2026083', 'class_name': 'TMainForm', 'control_type': None, 'process_id': 2964, 'handle': None, 'is_visible': True, 'is_enabled': True, 'rectangle': {'left': -10, 'top': -10, 'right': 1930, 'bottom': 1030, 'width': 1940, 'height': 1040}, 'size': {'width': 1940, 'height': 1040}} selected_handle_is_none=True
2026-08-31 15:41:09.175 | INFO     | winwatt_automation.live_ui.app_connector:_connect_with_win32_handle:336 - Connected to WinWatt backend=win32 attach_mode=process candidate={'process_id': 2964, 'handle': None, 'class_name': 'TMainForm', 'title': 'WinWatt gólya - C:\\Users\\Admin\\Documents\\GitHub\\autowinwatt\\winwatt_automation\\data\\runtime_maps\\full_authorized_sandbox\\building_three_rooms_persisted_2026083'}
2026-08-31 15:41:09.190 | INFO     | winwatt_automation.live_ui.app_connector:_connect_with_win32_handle:350 - DBG_WINWATT_CONNECT_WIN32_RESOLVED process_id=2964 resolved_handle=None selected_payload={'title': 'WinWatt gólya - C:\\Users\\Admin\\Documents\\GitHub\\autowinwatt\\winwatt_automation\\data\\runtime_maps\\full_authorized_sandbox\\building_three_rooms_persisted_2026083', 'window_text': 'WinWatt gólya - C:\\Users\\Admin\\Documents\\GitHub\\autowinwatt\\winwatt_automation\\data\\runtime_maps\\full_authorized_sandbox\\building_three_rooms_persisted_2026083', 'class_name': 'TMainForm', 'control_type': None, 'process_id': 2964, 'handle': None, 'is_visible': True, 'is_enabled': True, 'rectangle': {'left': -10, 'top': -10, 'right': 1930, 'bottom': 1030, 'width': 1940, 'height': 1040}, 'size': {'width': 1940, 'height': 1040}}
2026-08-31 15:41:09.190 | INFO     | winwatt_automation.live_ui.app_connector:_resolve_uia_main_window:382 - DBG_WINWATT_RESOLVE_UIA_WIN32_SELECTED selected_payload={'title': 'WinWatt gólya - C:\\Users\\Admin\\Documents\\GitHub\\autowinwatt\\winwatt_automation\\data\\runtime_maps\\full_authorized_sandbox\\building_three_rooms_persisted_2026083', 'window_text': 'WinWatt gólya - C:\\Users\\Admin\\Documents\\GitHub\\autowinwatt\\winwatt_automation\\data\\runtime_maps\\full_authorized_sandbox\\building_three_rooms_persisted_2026083', 'class_name': 'TMainForm', 'control_type': None, 'process_id': 2964, 'handle': None, 'is_visible': True, 'is_enabled': True, 'rectangle': {'left': -10, 'top': -10, 'right': 1930, 'bottom': 1030, 'width': 1940, 'height': 1040}, 'size': {'width': 1940, 'height': 1040}}
2026-08-31 15:41:09.190 | INFO     | winwatt_automation.live_ui.app_connector:_resolve_uia_main_window:388 - Connected to WinWatt backend=uia process_id=2964
2026-08-31 15:41:09.190 | INFO     | winwatt_automation.live_ui.app_connector:_resolve_uia_main_window:390 - Resolving main WinWatt window backend=uia class_name=TMainForm title_re=.*WinWatt.*
2026-08-31 15:41:09.564 | INFO     | winwatt_automation.live_ui.app_connector:_resolve_uia_main_window:400 - DBG_WINWATT_RESOLVE_UIA_PRIMARY selected_payload={'title': 'WinWatt gólya - C:\\Users\\Admin\\Documents\\GitHub\\autowinwatt\\winwatt_automation\\data\\runtime_maps\\full_authorized_sandbox\\building_three_rooms_persisted_2026083', 'window_text': 'WinWatt gólya - C:\\Users\\Admin\\Documents\\GitHub\\autowinwatt\\winwatt_automation\\data\\runtime_maps\\full_authorized_sandbox\\building_three_rooms_persisted_2026083', 'class_name': 'TMainForm', 'control_type': None, 'process_id': 2964, 'handle': None, 'is_visible': True, 'is_enabled': True, 'rectangle': {'left': -10, 'top': -10, 'right': 1930, 'bottom': 1030, 'width': 1940, 'height': 1040}, 'size': {'width': 1940, 'height': 1040}} primary_result={'wrapper_type': 'UIAWrapper', 'handle': 26085144, 'process_id': 2964, 'title': 'WinWatt gólya - C:\\Users\\Admin\\Documents\\GitHub\\autowinwatt\\winwatt_automation\\data\\runtime_maps\\full_authorized_sandbox\\building_three_rooms_persisted_2026083', 'class_name': 'TMainForm', 'control_type': 'Window'} identity_match_with_win32=None
2026-08-31 15:41:09.564 | DEBUG    | winwatt_automation.live_ui.app_connector:get_cached_main_window:606 - DBG_PHASE_TIMING phase=get_cached_main_window elapsed_ms=484.000 reason_code=fresh_resolve
2026-08-31 15:41:09.719 | DEBUG    | winwatt_automation.live_ui.app_connector:get_cached_main_window:565 - DBG_WINWATT_CACHE_GET reason_code=cache_reused_without_validation payload={'wrapper_type': 'UIAWrapper', 'handle': 26085144, 'process_id': 2964, 'title': 'WinWatt gólya - C:\\Users\\Admin\\Documents\\GitHub\\autowinwatt\\winwatt_automation\\data\\runtime_maps\\full_authorized_sandbox\\building_three_rooms_persisted_2026083', 'class_name': 'TMainForm', 'control_type': 'Window'} last_validation_age_s=0.14099999994505197 diagnostic_fast_mode=False
2026-08-31 15:41:09.719 | DEBUG    | winwatt_automation.live_ui.app_connector:get_cached_main_window:566 - DBG_PHASE_TIMING phase=get_cached_main_window elapsed_ms=15.000 reason_code=cache_reused_without_validation
2026-08-31 15:41:09.719 | DEBUG    | winwatt_automation.live_ui.app_connector:get_cached_main_window:565 - DBG_WINWATT_CACHE_GET reason_code=cache_reused_without_validation payload={'wrapper_type': 'UIAWrapper', 'handle': 26085144, 'process_id': 2964, 'title': 'WinWatt gólya - C:\\Users\\Admin\\Documents\\GitHub\\autowinwatt\\winwatt_automation\\data\\runtime_maps\\full_authorized_sandbox\\building_three_rooms_persisted_2026083', 'class_name': 'TMainForm', 'control_type': 'Window'} last_validation_age_s=0.1559999999590218 diagnostic_fast_mode=False
2026-08-31 15:41:09.719 | DEBUG    | winwatt_automation.live_ui.app_connector:get_cached_main_window:566 - DBG_PHASE_TIMING phase=get_cached_main_window elapsed_ms=0.000 reason_code=cache_reused_without_validation
2026-08-31 15:41:10.244 | INFO     | winwatt_automation.live_ui.menu_helpers:_menu_items:1101 - DBG_MENU_ITEMS_SUMMARY total_items=7 visible_items=7 topbar_band=(0, 0, 392, 53) topbar_band_visible_count=7 popup_region_visible_count=0 force_refresh=True handle=26085144
2026-08-31 15:41:10.244 | DEBUG    | winwatt_automation.live_ui.menu_helpers:_menu_items:1111 - Discovered 7 MenuItem controls
2026-08-31 15:41:10.244 | DEBUG    | winwatt_automation.live_ui.menu_helpers:_log_phase_timing:83 - DBG_PHASE_TIMING phase=_menu_items elapsed_ms=531.000 force_refresh=True total_items=7 visible_items=7
2026-08-31 15:41:10.343 | INFO     | winwatt_automation.live_ui.menu_helpers:list_top_menu_items:1141 - Top-level menu items (raw): ['Rendszer', 'Fájl', 'Jegyzékek', 'Eszközök', 'Beállítások', 'Ablak', 'Súgó']
2026-08-31 15:41:10.356 | DEBUG    | winwatt_automation.live_ui.menu_helpers:_log_phase_timing:83 - DBG_PHASE_TIMING phase=list_top_menu_items elapsed_ms=656.000 count=7
2026-08-31 15:41:10.866 | DEBUG    | winwatt_automation.live_ui.app_connector:get_cached_main_window:565 - DBG_WINWATT_CACHE_GET reason_code=cache_reused_without_validation payload={'wrapper_type': 'UIAWrapper', 'handle': 26085144, 'process_id': 2964, 'title': 'WinWatt gólya - C:\\Users\\Admin\\Documents\\GitHub\\autowinwatt\\winwatt_automation\\data\\runtime_maps\\full_authorized_sandbox\\building_three_rooms_persisted_2026083', 'class_name': 'TMainForm', 'control_type': 'Window'} last_validation_age_s=1.297000000020489 diagnostic_fast_mode=False
2026-08-31 15:41:10.866 | DEBUG    | winwatt_automation.live_ui.app_connector:get_cached_main_window:566 - DBG_PHASE_TIMING phase=get_cached_main_window elapsed_ms=0.000 reason_code=cache_reused_without_validation
2026-08-31 15:41:11.024 | DEBUG    | winwatt_automation.live_ui.app_connector:get_cached_main_window:565 - DBG_WINWATT_CACHE_GET reason_code=cache_reused_without_validation payload={'wrapper_type': 'UIAWrapper', 'handle': 26085144, 'process_id': 2964, 'title': 'WinWatt gólya - C:\\Users\\Admin\\Documents\\GitHub\\autowinwatt\\winwatt_automation\\data\\runtime_maps\\full_authorized_sandbox\\building_three_rooms_persisted_2026083', 'class_name': 'TMainForm', 'control_type': 'Window'} last_validation_age_s=1.452999999979511 diagnostic_fast_mode=False
2026-08-31 15:41:11.024 | DEBUG    | winwatt_automation.live_ui.app_connector:get_cached_main_window:566 - DBG_PHASE_TIMING phase=get_cached_main_window elapsed_ms=0.000 reason_code=cache_reused_without_validation
2026-08-31 15:41:11.040 | DEBUG    | winwatt_automation.live_ui.app_connector:get_cached_main_window:565 - DBG_WINWATT_CACHE_GET reason_code=cache_reused_without_validation payload={'wrapper_type': 'UIAWrapper', 'handle': 26085144, 'process_id': 2964, 'title': 'WinWatt gólya - C:\\Users\\Admin\\Documents\\GitHub\\autowinwatt\\winwatt_automation\\data\\runtime_maps\\full_authorized_sandbox\\building_three_rooms_persisted_2026083', 'class_name': 'TMainForm', 'control_type': 'Window'} last_validation_age_s=1.452999999979511 diagnostic_fast_mode=False
2026-08-31 15:41:11.040 | DEBUG    | winwatt_automation.live_ui.app_connector:get_cached_main_window:566 - DBG_PHASE_TIMING phase=get_cached_main_window elapsed_ms=16.000 reason_code=cache_reused_without_validation
2026-08-31 15:41:11.560 | INFO     | winwatt_automation.live_ui.menu_helpers:_menu_items:1101 - DBG_MENU_ITEMS_SUMMARY total_items=7 visible_items=7 topbar_band=(0, 0, 392, 53) topbar_band_visible_count=7 popup_region_visible_count=0 force_refresh=True handle=26085144
2026-08-31 15:41:11.563 | DEBUG    | winwatt_automation.live_ui.menu_helpers:_menu_items:1111 - Discovered 7 MenuItem controls
2026-08-31 15:41:11.563 | DEBUG    | winwatt_automation.live_ui.menu_helpers:_log_phase_timing:83 - DBG_PHASE_TIMING phase=_menu_items elapsed_ms=547.000 force_refresh=True total_items=7 visible_items=7
2026-08-31 15:41:11.663 | INFO     | winwatt_automation.live_ui.menu_helpers:list_top_menu_items:1141 - Top-level menu items (raw): ['Rendszer', 'Fájl', 'Jegyzékek', 'Eszközök', 'Beállítások', 'Ablak', 'Súgó']
2026-08-31 15:41:11.668 | DEBUG    | winwatt_automation.live_ui.menu_helpers:_log_phase_timing:83 - DBG_PHASE_TIMING phase=list_top_menu_items elapsed_ms=641.000 count=7
2026-08-31 15:41:12.173 | DEBUG    | winwatt_automation.live_ui.app_connector:get_cached_main_window:565 - DBG_WINWATT_CACHE_GET reason_code=cache_reused_without_validation payload={'wrapper_type': 'UIAWrapper', 'handle': 26085144, 'process_id': 2964, 'title': 'WinWatt gólya - C:\\Users\\Admin\\Documents\\GitHub\\autowinwatt\\winwatt_automation\\data\\runtime_maps\\full_authorized_sandbox\\building_three_rooms_persisted_2026083', 'class_name': 'TMainForm', 'control_type': 'Window'} last_validation_age_s=2.60999999998603 diagnostic_fast_mode=False
2026-08-31 15:41:12.177 | DEBUG    | winwatt_automation.live_ui.app_connector:get_cached_main_window:566 - DBG_PHASE_TIMING phase=get_cached_main_window elapsed_ms=0.000 reason_code=cache_reused_without_validation
2026-08-31 15:41:12.332 | DEBUG    | winwatt_automation.live_ui.app_connector:get_cached_main_window:565 - DBG_WINWATT_CACHE_GET reason_code=cache_reused_without_validation payload={'wrapper_type': 'UIAWrapper', 'handle': 26085144, 'process_id': 2964, 'title': 'WinWatt gólya - C:\\Users\\Admin\\Documents\\GitHub\\autowinwatt\\winwatt_automation\\data\\runtime_maps\\full_authorized_sandbox\\building_three_rooms_persisted_2026083', 'class_name': 'TMainForm', 'control_type': 'Window'} last_validation_age_s=2.75 diagnostic_fast_mode=False
2026-08-31 15:41:12.338 | DEBUG    | winwatt_automation.live_ui.app_connector:get_cached_main_window:566 - DBG_PHASE_TIMING phase=get_cached_main_window elapsed_ms=16.000 reason_code=cache_reused_without_validation
2026-08-31 15:41:12.338 | DEBUG    | winwatt_automation.live_ui.app_connector:get_cached_main_window:565 - DBG_WINWATT_CACHE_GET reason_code=cache_reused_without_validation payload={'wrapper_type': 'UIAWrapper', 'handle': 26085144, 'process_id': 2964, 'title': 'WinWatt gólya - C:\\Users\\Admin\\Documents\\GitHub\\autowinwatt\\winwatt_automation\\data\\runtime_maps\\full_authorized_sandbox\\building_three_rooms_persisted_2026083', 'class_name': 'TMainForm', 'control_type': 'Window'} last_validation_age_s=2.765999999945052 diagnostic_fast_mode=False
2026-08-31 15:41:12.338 | DEBUG    | winwatt_automation.live_ui.app_connector:get_cached_main_window:566 - DBG_PHASE_TIMING phase=get_cached_main_window elapsed_ms=0.000 reason_code=cache_reused_without_validation
2026-08-31 15:41:12.885 | INFO     | winwatt_automation.live_ui.menu_helpers:_menu_items:1101 - DBG_MENU_ITEMS_SUMMARY total_items=7 visible_items=7 topbar_band=(0, 0, 392, 53) topbar_band_visible_count=7 popup_region_visible_count=0 force_refresh=True handle=26085144
2026-08-31 15:41:12.897 | DEBUG    | winwatt_automation.live_ui.menu_helpers:_menu_items:1111 - Discovered 7 MenuItem controls
2026-08-31 15:41:12.897 | DEBUG    | winwatt_automation.live_ui.menu_helpers:_log_phase_timing:83 - DBG_PHASE_TIMING phase=_menu_items elapsed_ms=578.000 force_refresh=True total_items=7 visible_items=7
2026-08-31 15:41:12.983 | INFO     | winwatt_automation.live_ui.menu_helpers:list_top_menu_items:1141 - Top-level menu items (raw): ['Rendszer', 'Fájl', 'Jegyzékek', 'Eszközök', 'Beállítások', 'Ablak', 'Súgó']
2026-08-31 15:41:12.983 | DEBUG    | winwatt_automation.live_ui.menu_helpers:_log_phase_timing:83 - DBG_PHASE_TIMING phase=list_top_menu_items elapsed_ms=672.000 count=7
2026-08-31 15:41:13.495 | DEBUG    | winwatt_automation.live_ui.app_connector:get_cached_main_window:565 - DBG_WINWATT_CACHE_GET reason_code=cache_reused_without_validation payload={'wrapper_type': 'UIAWrapper', 'handle': 26085144, 'process_id': 2964, 'title': 'WinWatt gólya - C:\\Users\\Admin\\Documents\\GitHub\\autowinwatt\\winwatt_automation\\data\\runtime_maps\\full_authorized_sandbox\\building_three_rooms_persisted_2026083', 'class_name': 'TMainForm', 'control_type': 'Window'} last_validation_age_s=3.922000000020489 diagnostic_fast_mode=False
2026-08-31 15:41:13.495 | DEBUG    | winwatt_automation.live_ui.app_connector:get_cached_main_window:566 - DBG_PHASE_TIMING phase=get_cached_main_window elapsed_ms=0.000 reason_code=cache_reused_without_validation
2026-08-31 15:41:13.696 | INFO     | winwatt_automation.live_ui.app_connector:is_winwatt_foreground_context:1161 - DBG_WINWATT_FOREGROUND_CONTEXT expected_handle=26085144 expected_process_id=2964 expected_title=WinWatt gólya - C:\Users\Admin\Documents\GitHub\autowinwatt\winwatt_automation\data\runtime_maps\full_authorized_sandbox\building_three_rooms_persisted_2026083 expected_class_name=TMainForm actual_foreground_handle=26085144 actual_foreground_process_id=2964 actual_foreground_title=WinWatt gólya - C:\Users\Admin\Documents\GitHub\autowinwatt\winwatt_automation\data\runtime_maps\full_authorized_sandbox\building_three_rooms_persisted_2026083 actual_foreground_class_name=TMainForm allow_dialog=True result_reason=handle_match
2026-08-31 15:41:13.702 | INFO     | winwatt_automation.live_ui.app_connector:_cached_window_health_status:489 - DBG_WINWATT_CACHE_HEALTH reason_code=healthy payload={'wrapper_type': 'UIAWrapper', 'handle': 26085144, 'process_id': 2964, 'title': 'WinWatt gólya - C:\\Users\\Admin\\Documents\\GitHub\\autowinwatt\\winwatt_automation\\data\\runtime_maps\\full_authorized_sandbox\\building_three_rooms_persisted_2026083', 'class_name': 'TMainForm', 'control_type': 'Window'}
2026-08-31 15:41:13.708 | DEBUG    | winwatt_automation.live_ui.app_connector:get_cached_main_window:574 - DBG_WINWATT_CACHE_GET reason_code=cache_validated_ok payload={'wrapper_type': 'UIAWrapper', 'handle': 26085144, 'process_id': 2964, 'title': 'WinWatt gólya - C:\\Users\\Admin\\Documents\\GitHub\\autowinwatt\\winwatt_automation\\data\\runtime_maps\\full_authorized_sandbox\\building_three_rooms_persisted_2026083', 'class_name': 'TMainForm', 'control_type': 'Window'} last_validation_age_s=4.10999999998603 diagnostic_fast_mode=False
2026-08-31 15:41:13.709 | DEBUG    | winwatt_automation.live_ui.app_connector:get_cached_main_window:575 - DBG_PHASE_TIMING phase=get_cached_main_window elapsed_ms=31.000 reason_code=cache_validated_ok
2026-08-31 15:41:13.713 | DEBUG    | winwatt_automation.live_ui.app_connector:get_cached_main_window:565 - DBG_WINWATT_CACHE_GET reason_code=cache_reused_without_validation payload={'wrapper_type': 'UIAWrapper', 'handle': 26085144, 'process_id': 2964, 'title': 'WinWatt gólya - C:\\Users\\Admin\\Documents\\GitHub\\autowinwatt\\winwatt_automation\\data\\runtime_maps\\full_authorized_sandbox\\building_three_rooms_persisted_2026083', 'class_name': 'TMainForm', 'control_type': 'Window'} last_validation_age_s=0.030999999959021807 diagnostic_fast_mode=False
2026-08-31 15:41:13.713 | DEBUG    | winwatt_automation.live_ui.app_connector:get_cached_main_window:566 - DBG_PHASE_TIMING phase=get_cached_main_window elapsed_ms=0.000 reason_code=cache_reused_without_validation
2026-08-31 15:41:14.217 | INFO     | winwatt_automation.live_ui.menu_helpers:_menu_items:1101 - DBG_MENU_ITEMS_SUMMARY total_items=7 visible_items=7 topbar_band=(0, 0, 392, 53) topbar_band_visible_count=7 popup_region_visible_count=0 force_refresh=True handle=26085144
2026-08-31 15:41:14.217 | DEBUG    | winwatt_automation.live_ui.menu_helpers:_menu_items:1111 - Discovered 7 MenuItem controls
2026-08-31 15:41:14.217 | DEBUG    | winwatt_automation.live_ui.menu_helpers:_log_phase_timing:83 - DBG_PHASE_TIMING phase=_menu_items elapsed_ms=546.000 force_refresh=True total_items=7 visible_items=7
2026-08-31 15:41:14.316 | INFO     | winwatt_automation.live_ui.menu_helpers:list_top_menu_items:1141 - Top-level menu items (raw): ['Rendszer', 'Fájl', 'Jegyzékek', 'Eszközök', 'Beállítások', 'Ablak', 'Súgó']
2026-08-31 15:41:14.316 | DEBUG    | winwatt_automation.live_ui.menu_helpers:_log_phase_timing:83 - DBG_PHASE_TIMING phase=list_top_menu_items elapsed_ms=640.000 count=7
2026-08-31 15:41:14.834 | DEBUG    | winwatt_automation.live_ui.app_connector:get_cached_main_window:565 - DBG_WINWATT_CACHE_GET reason_code=cache_reused_without_validation payload={'wrapper_type': 'UIAWrapper', 'handle': 26085144, 'process_id': 2964, 'title': 'WinWatt gólya - C:\\Users\\Admin\\Documents\\GitHub\\autowinwatt\\winwatt_automation\\data\\runtime_maps\\full_authorized_sandbox\\building_three_rooms_persisted_2026083', 'class_name': 'TMainForm', 'control_type': 'Window'} last_validation_age_s=1.1400000000139698 diagnostic_fast_mode=False
2026-08-31 15:41:14.834 | DEBUG    | winwatt_automation.live_ui.app_connector:get_cached_main_window:566 - DBG_PHASE_TIMING phase=get_cached_main_window elapsed_ms=16.000 reason_code=cache_reused_without_validation
2026-08-31 15:41:15.003 | DEBUG    | winwatt_automation.live_ui.app_connector:get_cached_main_window:565 - DBG_WINWATT_CACHE_GET reason_code=cache_reused_without_validation payload={'wrapper_type': 'UIAWrapper', 'handle': 26085144, 'process_id': 2964, 'title': 'WinWatt gólya - C:\\Users\\Admin\\Documents\\GitHub\\autowinwatt\\winwatt_automation\\data\\runtime_maps\\full_authorized_sandbox\\building_three_rooms_persisted_2026083', 'class_name': 'TMainForm', 'control_type': 'Window'} last_validation_age_s=1.327999999979511 diagnostic_fast_mode=False
2026-08-31 15:41:15.003 | DEBUG    | winwatt_automation.live_ui.app_connector:get_cached_main_window:566 - DBG_PHASE_TIMING phase=get_cached_main_window elapsed_ms=0.000 reason_code=cache_reused_without_validation
2026-08-31 15:41:15.003 | DEBUG    | winwatt_automation.live_ui.app_connector:get_cached_main_window:565 - DBG_WINWATT_CACHE_GET reason_code=cache_reused_without_validation payload={'wrapper_type': 'UIAWrapper', 'handle': 26085144, 'process_id': 2964, 'title': 'WinWatt gólya - C:\\Users\\Admin\\Documents\\GitHub\\autowinwatt\\winwatt_automation\\data\\runtime_maps\\full_authorized_sandbox\\building_three_rooms_persisted_2026083', 'class_name': 'TMainForm', 'control_type': 'Window'} last_validation_age_s=1.327999999979511 diagnostic_fast_mode=False
2026-08-31 15:41:15.003 | DEBUG    | winwatt_automation.live_ui.app_connector:get_cached_main_window:566 - DBG_PHASE_TIMING phase=get_cached_main_window elapsed_ms=0.000 reason_code=cache_reused_without_validation
2026-08-31 15:41:15.594 | INFO     | winwatt_automation.live_ui.menu_helpers:_menu_items:1101 - DBG_MENU_ITEMS_SUMMARY total_items=7 visible_items=7 topbar_band=(0, 0, 392, 53) topbar_band_visible_count=7 popup_region_visible_count=0 force_refresh=True handle=26085144
2026-08-31 15:41:15.604 | DEBUG    | winwatt_automation.live_ui.menu_helpers:_menu_items:1111 - Discovered 7 MenuItem controls
2026-08-31 15:41:15.604 | DEBUG    | winwatt_automation.live_ui.menu_helpers:_log_phase_timing:83 - DBG_PHASE_TIMING phase=_menu_items elapsed_ms=593.000 force_refresh=True total_items=7 visible_items=7
2026-08-31 15:41:15.699 | INFO     | winwatt_automation.live_ui.menu_helpers:list_top_menu_items:1141 - Top-level menu items (raw): ['Rendszer', 'Fájl', 'Jegyzékek', 'Eszközök', 'Beállítások', 'Ablak', 'Súgó']
2026-08-31 15:41:15.704 | DEBUG    | winwatt_automation.live_ui.menu_helpers:_log_phase_timing:83 - DBG_PHASE_TIMING phase=list_top_menu_items elapsed_ms=703.000 count=7
2026-08-31 15:41:16.209 | DEBUG    | winwatt_automation.live_ui.app_connector:get_cached_main_window:565 - DBG_WINWATT_CACHE_GET reason_code=cache_reused_without_validation payload={'wrapper_type': 'UIAWrapper', 'handle': 26085144, 'process_id': 2964, 'title': 'WinWatt gólya - C:\\Users\\Admin\\Documents\\GitHub\\autowinwatt\\winwatt_automation\\data\\runtime_maps\\full_authorized_sandbox\\building_three_rooms_persisted_2026083', 'class_name': 'TMainForm', 'control_type': 'Window'} last_validation_age_s=2.530999999959022 diagnostic_fast_mode=False
2026-08-31 15:41:16.209 | DEBUG    | winwatt_automation.live_ui.app_connector:get_cached_main_window:566 - DBG_PHASE_TIMING phase=get_cached_main_window elapsed_ms=0.000 reason_code=cache_reused_without_validation
2026-08-31 15:41:16.391 | DEBUG    | winwatt_automation.live_ui.app_connector:get_cached_main_window:565 - DBG_WINWATT_CACHE_GET reason_code=cache_reused_without_validation payload={'wrapper_type': 'UIAWrapper', 'handle': 26085144, 'process_id': 2964, 'title': 'WinWatt gólya - C:\\Users\\Admin\\Documents\\GitHub\\autowinwatt\\winwatt_automation\\data\\runtime_maps\\full_authorized_sandbox\\building_three_rooms_persisted_2026083', 'class_name': 'TMainForm', 'control_type': 'Window'} last_validation_age_s=2.7179999999934807 diagnostic_fast_mode=False
2026-08-31 15:41:16.398 | DEBUG    | winwatt_automation.live_ui.app_connector:get_cached_main_window:566 - DBG_PHASE_TIMING phase=get_cached_main_window elapsed_ms=0.000 reason_code=cache_reused_without_validation
2026-08-31 15:41:16.400 | DEBUG    | winwatt_automation.live_ui.app_connector:get_cached_main_window:565 - DBG_WINWATT_CACHE_GET reason_code=cache_reused_without_validation payload={'wrapper_type': 'UIAWrapper', 'handle': 26085144, 'process_id': 2964, 'title': 'WinWatt gólya - C:\\Users\\Admin\\Documents\\GitHub\\autowinwatt\\winwatt_automation\\data\\runtime_maps\\full_authorized_sandbox\\building_three_rooms_persisted_2026083', 'class_name': 'TMainForm', 'control_type': 'Window'} last_validation_age_s=2.7179999999934807 diagnostic_fast_mode=False
2026-08-31 15:41:16.400 | DEBUG    | winwatt_automation.live_ui.app_connector:get_cached_main_window:566 - DBG_PHASE_TIMING phase=get_cached_main_window elapsed_ms=0.000 reason_code=cache_reused_without_validation
2026-08-31 15:41:16.897 | INFO     | winwatt_automation.live_ui.menu_helpers:_menu_items:1101 - DBG_MENU_ITEMS_SUMMARY total_items=7 visible_items=7 topbar_band=(0, 0, 392, 53) topbar_band_visible_count=7 popup_region_visible_count=0 force_refresh=True handle=26085144
2026-08-31 15:41:16.897 | DEBUG    | winwatt_automation.live_ui.menu_helpers:_menu_items:1111 - Discovered 7 MenuItem controls
2026-08-31 15:41:16.897 | DEBUG    | winwatt_automation.live_ui.menu_helpers:_log_phase_timing:83 - DBG_PHASE_TIMING phase=_menu_items elapsed_ms=500.000 force_refresh=True total_items=7 visible_items=7
2026-08-31 15:41:16.988 | INFO     | winwatt_automation.live_ui.menu_helpers:list_top_menu_items:1141 - Top-level menu items (raw): ['Rendszer', 'Fájl', 'Jegyzékek', 'Eszközök', 'Beállítások', 'Ablak', 'Súgó']
2026-08-31 15:41:16.993 | DEBUG    | winwatt_automation.live_ui.menu_helpers:_log_phase_timing:83 - DBG_PHASE_TIMING phase=list_top_menu_items elapsed_ms=594.000 count=7
2026-08-31 15:41:17.508 | DEBUG    | winwatt_automation.live_ui.app_connector:get_cached_main_window:565 - DBG_WINWATT_CACHE_GET reason_code=cache_reused_without_validation payload={'wrapper_type': 'UIAWrapper', 'handle': 26085144, 'process_id': 2964, 'title': 'WinWatt gólya - C:\\Users\\Admin\\Documents\\GitHub\\autowinwatt\\winwatt_automation\\data\\runtime_maps\\full_authorized_sandbox\\building_three_rooms_persisted_2026083', 'class_name': 'TMainForm', 'control_type': 'Window'} last_validation_age_s=3.812000000034459 diagnostic_fast_mode=False
2026-08-31 15:41:17.512 | DEBUG    | winwatt_automation.live_ui.app_connector:get_cached_main_window:566 - DBG_PHASE_TIMING phase=get_cached_main_window elapsed_ms=31.000 reason_code=cache_reused_without_validation
2026-08-31 15:41:19.200 | INFO     | winwatt_automation.live_ui.app_connector:is_winwatt_foreground_context:1161 - DBG_WINWATT_FOREGROUND_CONTEXT expected_handle=26085144 expected_process_id=2964 expected_title=WinWatt gólya - C:\Users\Admin\Documents\GitHub\autowinwatt\winwatt_automation\data\runtime_maps\full_authorized_sandbox\building_three_rooms_persisted_2026083 expected_class_name=TMainForm actual_foreground_handle=26085144 actual_foreground_process_id=2964 actual_foreground_title=WinWatt gólya - C:\Users\Admin\Documents\GitHub\autowinwatt\winwatt_automation\data\runtime_maps\full_authorized_sandbox\building_three_rooms_persisted_2026083 actual_foreground_class_name=TMainForm allow_dialog=True result_reason=handle_match
2026-08-31 15:41:19.213 | INFO     | winwatt_automation.live_ui.app_connector:_cached_window_health_status:489 - DBG_WINWATT_CACHE_HEALTH reason_code=healthy payload={'wrapper_type': 'UIAWrapper', 'handle': 26085144, 'process_id': 2964, 'title': 'WinWatt gólya - C:\\Users\\Admin\\Documents\\GitHub\\autowinwatt\\winwatt_automation\\data\\runtime_maps\\full_authorized_sandbox\\building_three_rooms_persisted_2026083', 'class_name': 'TMainForm', 'control_type': 'Window'}
2026-08-31 15:41:19.216 | DEBUG    | winwatt_automation.live_ui.app_connector:get_cached_main_window:574 - DBG_WINWATT_CACHE_GET reason_code=cache_validated_ok payload={'wrapper_type': 'UIAWrapper', 'handle': 26085144, 'process_id': 2964, 'title': 'WinWatt gólya - C:\\Users\\Admin\\Documents\\GitHub\\autowinwatt\\winwatt_automation\\data\\runtime_maps\\full_authorized_sandbox\\building_three_rooms_persisted_2026083', 'class_name': 'TMainForm', 'control_type': 'Window'} last_validation_age_s=5.5 diagnostic_fast_mode=False
2026-08-31 15:41:19.216 | DEBUG    | winwatt_automation.live_ui.app_connector:get_cached_main_window:575 - DBG_PHASE_TIMING phase=get_cached_main_window elapsed_ms=46.000 reason_code=cache_validated_ok
2026-08-31 15:41:40.694 | INFO     | winwatt_automation.live_ui.app_connector:is_winwatt_foreground_context:1161 - DBG_WINWATT_FOREGROUND_CONTEXT expected_handle=26085144 expected_process_id=2964 expected_title=WinWatt gólya - C:\Users\Admin\Documents\GitHub\autowinwatt\winwatt_automation\data\runtime_maps\full_authorized_sandbox\building_three_rooms_persisted_2026083 expected_class_name=TMainForm actual_foreground_handle=26085144 actual_foreground_process_id=2964 actual_foreground_title=WinWatt gólya - C:\Users\Admin\Documents\GitHub\autowinwatt\winwatt_automation\data\runtime_maps\full_authorized_sandbox\building_three_rooms_persisted_2026083 actual_foreground_class_name=TMainForm allow_dialog=True result_reason=handle_match
2026-08-31 15:41:40.710 | INFO     | winwatt_automation.live_ui.app_connector:_cached_window_health_status:489 - DBG_WINWATT_CACHE_HEALTH reason_code=healthy payload={'wrapper_type': 'UIAWrapper', 'handle': 26085144, 'process_id': 2964, 'title': 'WinWatt gólya - C:\\Users\\Admin\\Documents\\GitHub\\autowinwatt\\winwatt_automation\\data\\runtime_maps\\full_authorized_sandbox\\building_three_rooms_persisted_2026083', 'class_name': 'TMainForm', 'control_type': 'Window'}
2026-08-31 15:41:40.710 | DEBUG    | winwatt_automation.live_ui.app_connector:get_cached_main_window:574 - DBG_WINWATT_CACHE_GET reason_code=cache_validated_ok payload={'wrapper_type': 'UIAWrapper', 'handle': 26085144, 'process_id': 2964, 'title': 'WinWatt gólya - C:\\Users\\Admin\\Documents\\GitHub\\autowinwatt\\winwatt_automation\\data\\runtime_maps\\full_authorized_sandbox\\building_three_rooms_persisted_2026083', 'class_name': 'TMainForm', 'control_type': 'Window'} last_validation_age_s=20.030999999959022 diagnostic_fast_mode=False
2026-08-31 15:41:40.710 | DEBUG    | winwatt_automation.live_ui.app_connector:get_cached_main_window:575 - DBG_PHASE_TIMING phase=get_cached_main_window elapsed_ms=1500.000 reason_code=cache_validated_ok
2026-08-31 15:41:40.855 | DEBUG    | winwatt_automation.live_ui.app_connector:get_cached_main_window:565 - DBG_WINWATT_CACHE_GET reason_code=cache_reused_without_validation payload={'wrapper_type': 'UIAWrapper', 'handle': 26085144, 'process_id': 2964, 'title': 'WinWatt gólya - C:\\Users\\Admin\\Documents\\GitHub\\autowinwatt\\winwatt_automation\\data\\runtime_maps\\full_authorized_sandbox\\building_three_rooms_persisted_2026083', 'class_name': 'TMainForm', 'control_type': 'Window'} last_validation_age_s=1.6400000000139698 diagnostic_fast_mode=False
2026-08-31 15:41:40.855 | DEBUG    | winwatt_automation.live_ui.app_connector:get_cached_main_window:566 - DBG_PHASE_TIMING phase=get_cached_main_window elapsed_ms=0.000 reason_code=cache_reused_without_validation
2026-08-31 15:41:49.964 | INFO     | winwatt_automation.live_ui.app_connector:is_winwatt_foreground_context:1161 - DBG_WINWATT_FOREGROUND_CONTEXT expected_handle=26085144 expected_process_id=2964 expected_title=WinWatt gólya - C:\Users\Admin\Documents\GitHub\autowinwatt\winwatt_automation\data\runtime_maps\full_authorized_sandbox\building_three_rooms_persisted_2026083 expected_class_name=TMainForm actual_foreground_handle=30738446 actual_foreground_process_id=2964 actual_foreground_title=Határoló szerkezetek kiválasztása: Helyiségek - Automation demo room 3 actual_foreground_class_name=TSelectBoundarisForm allow_dialog=True result_reason=pid_match_allow_dialog
2026-08-31 15:41:49.996 | INFO     | winwatt_automation.live_ui.app_connector:_cached_window_health_status:489 - DBG_WINWATT_CACHE_HEALTH reason_code=healthy payload={'wrapper_type': 'UIAWrapper', 'handle': 26085144, 'process_id': 2964, 'title': 'WinWatt gólya - C:\\Users\\Admin\\Documents\\GitHub\\autowinwatt\\winwatt_automation\\data\\runtime_maps\\full_authorized_sandbox\\building_three_rooms_persisted_2026083', 'class_name': 'TMainForm', 'control_type': 'Window'}
2026-08-31 15:41:50.023 | DEBUG    | winwatt_automation.live_ui.app_connector:get_cached_main_window:574 - DBG_WINWATT_CACHE_GET reason_code=cache_validated_ok payload={'wrapper_type': 'UIAWrapper', 'handle': 26085144, 'process_id': 2964, 'title': 'WinWatt gólya - C:\\Users\\Admin\\Documents\\GitHub\\autowinwatt\\winwatt_automation\\data\\runtime_maps\\full_authorized_sandbox\\building_three_rooms_persisted_2026083', 'class_name': 'TMainForm', 'control_type': 'Window'} last_validation_age_s=10.375 diagnostic_fast_mode=False
2026-08-31 15:41:50.023 | DEBUG    | winwatt_automation.live_ui.app_connector:get_cached_main_window:575 - DBG_PHASE_TIMING phase=get_cached_main_window elapsed_ms=437.000 reason_code=cache_validated_ok
